event_id,entity_id,domain_id,event_family,event_type,event_date,evidence_available_date,source_identity,provider,document_id,revision_id,title,source_url_identity,classification_basis,provenance,ingestion_identity,availability_state,direction_classified,predictive_weight_assigned,outcome_read
idkpi:1e5c52a48dc23e3f12dabfbc1f79b9a05fb915e8eac6c51847ab3821693b9c6a,600276.SH,INNOVATION_DRUG,CLINICAL_REGULATORY,CDE_PRIORITY_REVIEW_INCLUDED,2016-10-10,2016-10-11,NMPA_CDE_PUBLISHED_NOTICE_ARCHIVE,NMPA_OR_CDE,official:545cf855a50574699b46b26bcb165f32,OFFICIAL_SNAPSHOT:official:545cf855a50574699b46b26bcb165f32,纳入优先审评品种名单:钆布醇注射液:,https://www.cde.org.cn/main/xxgk/listpage/2f78f372d351c6851af7431c7710a731,OFFICIAL_CDE_CATEGORY_NO_DIRECTION,"{""applicant"": ""江苏恒瑞医药股份有限公司"", ""approval_date"": null, ""availability_basis"": ""PUBLICATION_DATE_EXPLICIT"", ""availability_rule"": ""DATE_ONLY_NEXT_TRADE_DATE"", ""category"": ""纳入优先审评品种名单"", ""date_only_source_timestamp_delayed_to_next_real_trading_date"": true, ""direction_classified"": false, ""drug_name"": ""钆布醇注射液"", ""entity_mapping_basis"": ""EXACT_LISTED_ISSUER_LEGAL_NAME"", ""first_observed_snapshot_only"": false, ""forward_or_historical_outcome_read"": false, ""historical_reconstruction_allowed"": true, ""indication"": """", ""official_source_url"": ""https://www.cde.org.cn/main/xxgk/listpage/2f78f372d351c6851af7431c7710a731"", ""predictive_weight_assigned"": false, ""publication_date"": ""2016-10-10"", ""snapshot_captured_at"": null, ""source_identity"": ""NMPA_CDE_PUBLISHED_NOTICE_ARCHIVE""}",1e5c52a48dc23e3f12dabfbc1f79b9a05fb915e8eac6c51847ab3821693b9c6a,HISTORICAL_RECONSTRUCTABLE,False,False,False
idkpi:65fb9ebb6de72b94978b9379d4ecd18dd736f795c956ecdf7912ed775eaa8688,600276.SH,INNOVATION_DRUG,CLINICAL_REGULATORY,CDE_PRIORITY_REVIEW_INCLUDED,2016-10-10,2016-10-11,NMPA_CDE_PUBLISHED_NOTICE_ARCHIVE,NMPA_OR_CDE,official:4216a7ab5417e8640e7a1d5a6d97bfc3,OFFICIAL_SNAPSHOT:official:4216a7ab5417e8640e7a1d5a6d97bfc3,纳入优先审评品种名单:注射用醋酸卡泊芬净:,https://www.cde.org.cn/main/xxgk/listpage/2f78f372d351c6851af7431c7710a731,OFFICIAL_CDE_CATEGORY_NO_DIRECTION,"{""applicant"": ""江苏恒瑞医药股份有限公司"", ""approval_date"": null, ""availability_basis"": ""PUBLICATION_DATE_EXPLICIT"", ""availability_rule"": ""DATE_ONLY_NEXT_TRADE_DATE"", ""category"": ""纳入优先审评品种名单"", ""date_only_source_timestamp_delayed_to_next_real_trading_date"": true, ""direction_classified"": false, ""drug_name"": ""注射用醋酸卡泊芬净"", ""entity_mapping_basis"": ""EXACT_LISTED_ISSUER_LEGAL_NAME"", ""first_observed_snapshot_only"": false, ""forward_or_historical_outcome_read"": false, ""historical_reconstruction_allowed"": true, ""indication"": """", ""official_source_url"": ""https://www.cde.org.cn/main/xxgk/listpage/2f78f372d351c6851af7431c7710a731"", ""predictive_weight_assigned"": false, ""publication_date"": ""2016-10-10"", ""snapshot_captured_at"": null, ""source_identity"": ""NMPA_CDE_PUBLISHED_NOTICE_ARCHIVE""}",65fb9ebb6de72b94978b9379d4ecd18dd736f795c956ecdf7912ed775eaa8688,HISTORICAL_RECONSTRUCTABLE,False,False,False
idkpi:b34e2855141ebb20845e691befff0f0ceabff080dd74b489ed6c956ee7ef0b2c,600276.SH,INNOVATION_DRUG,CLINICAL_REGULATORY,CDE_PRIORITY_REVIEW_INCLUDED,2016-10-10,2016-10-11,NMPA_CDE_PUBLISHED_NOTICE_ARCHIVE,NMPA_OR_CDE,official:c4a5baf061eb9ef77ad7c5e3c035a75c,OFFICIAL_SNAPSHOT:official:c4a5baf061eb9ef77ad7c5e3c035a75c,纳入优先审评品种名单:帕立骨化醇注射液:,https://www.cde.org.cn/main/xxgk/listpage/2f78f372d351c6851af7431c7710a731,OFFICIAL_CDE_CATEGORY_NO_DIRECTION,"{""applicant"": ""江苏恒瑞医药股份有限公司"", ""approval_date"": null, ""availability_basis"": ""PUBLICATION_DATE_EXPLICIT"", ""availability_rule"": ""DATE_ONLY_NEXT_TRADE_DATE"", ""category"": ""纳入优先审评品种名单"", ""date_only_source_timestamp_delayed_to_next_real_trading_date"": true, ""direction_classified"": false, ""drug_name"": ""帕立骨化醇注射液"", ""entity_mapping_basis"": ""EXACT_LISTED_ISSUER_LEGAL_NAME"", ""first_observed_snapshot_only"": false, ""forward_or_historical_outcome_read"": false, ""historical_reconstruction_allowed"": true, ""indication"": """", ""official_source_url"": ""https://www.cde.org.cn/main/xxgk/listpage/2f78f372d351c6851af7431c7710a731"", ""predictive_weight_assigned"": false, ""publication_date"": ""2016-10-10"", ""snapshot_captured_at"": null, ""source_identity"": ""NMPA_CDE_PUBLISHED_NOTICE_ARCHIVE""}",b34e2855141ebb20845e691befff0f0ceabff080dd74b489ed6c956ee7ef0b2c,HISTORICAL_RECONSTRUCTABLE,False,False,False
idkpi:ec4af0f1ead41eadc596a2c239add027d4c9b02cd9b2b0db37dea9e2265cda65,600276.SH,INNOVATION_DRUG,CLINICAL_REGULATORY,CDE_PRIORITY_REVIEW_INCLUDED,2016-10-10,2016-10-11,NMPA_CDE_PUBLISHED_NOTICE_ARCHIVE,NMPA_OR_CDE,official:3cc45b396497b598341ce3af000490e5,OFFICIAL_SNAPSHOT:official:3cc45b396497b598341ce3af000490e5,纳入优先审评品种名单:磺达肝癸钠注射液:,https://www.cde.org.cn/main/xxgk/listpage/2f78f372d351c6851af7431c7710a731,OFFICIAL_CDE_CATEGORY_NO_DIRECTION,"{""applicant"": ""江苏恒瑞医药股份有限公司"", ""approval_date"": null, ""availability_basis"": ""PUBLICATION_DATE_EXPLICIT"", ""availability_rule"": ""DATE_ONLY_NEXT_TRADE_DATE"", ""category"": ""纳入优先审评品种名单"", ""date_only_source_timestamp_delayed_to_next_real_trading_date"": true, ""direction_classified"": false, ""drug_name"": ""磺达肝癸钠注射液"", ""entity_mapping_basis"": ""EXACT_LISTED_ISSUER_LEGAL_NAME"", ""first_observed_snapshot_only"": false, ""forward_or_historical_outcome_read"": false, ""historical_reconstruction_allowed"": true, ""indication"": """", ""official_source_url"": ""https://www.cde.org.cn/main/xxgk/listpage/2f78f372d351c6851af7431c7710a731"", ""predictive_weight_assigned"": false, ""publication_date"": ""2016-10-10"", ""snapshot_captured_at"": null, ""source_identity"": ""NMPA_CDE_PUBLISHED_NOTICE_ARCHIVE""}",ec4af0f1ead41eadc596a2c239add027d4c9b02cd9b2b0db37dea9e2265cda65,HISTORICAL_RECONSTRUCTABLE,False,False,False
idkpi:627136738d9c4639abede4a596ac5aa485f73e64902a20f9d2221645db235995,600276.SH,INNOVATION_DRUG,CLINICAL_REGULATORY,CDE_PRIORITY_REVIEW_INCLUDED,2017-04-14,2017-04-17,NMPA_CDE_PUBLISHED_NOTICE_ARCHIVE,NMPA_OR_CDE,official:c041d77f010ad437c91832ccb8c100b6,OFFICIAL_SNAPSHOT:official:c041d77f010ad437c91832ccb8c100b6,纳入优先审评品种名单:苯磺顺阿曲库铵注射液:本品用于手术和其他操作以及重症监护治疗。作为全麻的辅助用药或在重症监护病房(ICU)起镇静作用，它可以松弛骨骼肌，使气管插管和机械通气易于进行。,https://www.cde.org.cn/main/xxgk/listpage/2f78f372d351c6851af7431c7710a731,OFFICIAL_CDE_CATEGORY_NO_DIRECTION,"{""applicant"": ""江苏恒瑞医药股份有限公司"", ""approval_date"": null, ""availability_basis"": ""PUBLICATION_DATE_EXPLICIT"", ""availability_rule"": ""DATE_ONLY_NEXT_TRADE_DATE"", ""category"": ""纳入优先审评品种名单"", ""date_only_source_timestamp_delayed_to_next_real_trading_date"": true, ""direction_classified"": false, ""drug_name"": ""苯磺顺阿曲库铵注射液"", ""entity_mapping_basis"": ""EXACT_LISTED_ISSUER_LEGAL_NAME"", ""first_observed_snapshot_only"": false, ""forward_or_historical_outcome_read"": false, ""historical_reconstruction_allowed"": true, ""indication"": ""本品用于手术和其他操作以及重症监护治疗。作为全麻的辅助用药或在重症监护病房(ICU)起镇静作用，它可以松弛骨骼肌，使气管插管和机械通气易于进行。"", ""official_source_url"": ""https://www.cde.org.cn/main/xxgk/listpage/2f78f372d351c6851af7431c7710a731"", ""predictive_weight_assigned"": false, ""publication_date"": ""2017-04-14"", ""snapshot_captured_at"": null, ""source_identity"": ""NMPA_CDE_PUBLISHED_NOTICE_ARCHIVE""}",627136738d9c4639abede4a596ac5aa485f73e64902a20f9d2221645db235995,HISTORICAL_RECONSTRUCTABLE,False,False,False
idkpi:888cbfcebc14b7ac95f6469f09daf41a257808e34e80de4392ab063f55bc40ab,600276.SH,INNOVATION_DRUG,CLINICAL_REGULATORY,CDE_PRIORITY_REVIEW_INCLUDED,2017-06-20,2017-06-21,NMPA_CDE_PUBLISHED_NOTICE_ARCHIVE,NMPA_OR_CDE,official:db67911cad53ea805ee39c683644c96f,OFFICIAL_SNAPSHOT:official:db67911cad53ea805ee39c683644c96f,纳入优先审评品种名单:注射用紫杉醇（白蛋白结合型）:本品适用于联合化疗治疗失败的转移性乳腺癌或辅助化疗后6个月内复发的乳腺癌,https://www.cde.org.cn/main/xxgk/listpage/2f78f372d351c6851af7431c7710a731,OFFICIAL_CDE_CATEGORY_NO_DIRECTION,"{""applicant"": ""江苏恒瑞医药股份有限公司"", ""approval_date"": null, ""availability_basis"": ""PUBLICATION_DATE_EXPLICIT"", ""availability_rule"": ""DATE_ONLY_NEXT_TRADE_DATE"", ""category"": ""纳入优先审评品种名单"", ""date_only_source_timestamp_delayed_to_next_real_trading_date"": true, ""direction_classified"": false, ""drug_name"": ""注射用紫杉醇（白蛋白结合型）"", ""entity_mapping_basis"": ""EXACT_LISTED_ISSUER_LEGAL_NAME"", ""first_observed_snapshot_only"": false, ""forward_or_historical_outcome_read"": false, ""historical_reconstruction_allowed"": true, ""indication"": ""本品适用于联合化疗治疗失败的转移性乳腺癌或辅助化疗后6个月内复发的乳腺癌"", ""official_source_url"": ""https://www.cde.org.cn/main/xxgk/listpage/2f78f372d351c6851af7431c7710a731"", ""predictive_weight_assigned"": false, ""publication_date"": ""2017-06-20"", ""snapshot_captured_at"": null, ""source_identity"": ""NMPA_CDE_PUBLISHED_NOTICE_ARCHIVE""}",888cbfcebc14b7ac95f6469f09daf41a257808e34e80de4392ab063f55bc40ab,HISTORICAL_RECONSTRUCTABLE,False,False,False
idkpi:b99b5ff0a3744333492a1d2ccf3115eeb9a81e017ad6b4171a13f4feec501f84,600276.SH,INNOVATION_DRUG,CLINICAL_REGULATORY,CDE_PRIORITY_REVIEW_INCLUDED,2017-07-11,2017-07-12,NMPA_CDE_PUBLISHED_NOTICE_ARCHIVE,NMPA_OR_CDE,official:6b3360f065771de62ba9b21e6308d594,OFFICIAL_SNAPSHOT:official:6b3360f065771de62ba9b21e6308d594,纳入优先审评品种名单:地氟烷:用于住院和门诊成年患者麻醉诱导和/或维持,https://www.cde.org.cn/main/xxgk/listpage/2f78f372d351c6851af7431c7710a731,OFFICIAL_CDE_CATEGORY_NO_DIRECTION,"{""applicant"": ""江苏恒瑞医药股份有限公司"", ""approval_date"": null, ""availability_basis"": ""PUBLICATION_DATE_EXPLICIT"", ""availability_rule"": ""DATE_ONLY_NEXT_TRADE_DATE"", ""category"": ""纳入优先审评品种名单"", ""date_only_source_timestamp_delayed_to_next_real_trading_date"": true, ""direction_classified"": false, ""drug_name"": ""地氟烷"", ""entity_mapping_basis"": ""EXACT_LISTED_ISSUER_LEGAL_NAME"", ""first_observed_snapshot_only"": false, ""forward_or_historical_outcome_read"": false, ""historical_reconstruction_allowed"": true, ""indication"": ""用于住院和门诊成年患者麻醉诱导和/或维持"", ""official_source_url"": ""https://www.cde.org.cn/main/xxgk/listpage/2f78f372d351c6851af7431c7710a731"", ""predictive_weight_assigned"": false, ""publication_date"": ""2017-07-11"", ""snapshot_captured_at"": null, ""source_identity"": ""NMPA_CDE_PUBLISHED_NOTICE_ARCHIVE""}",b99b5ff0a3744333492a1d2ccf3115eeb9a81e017ad6b4171a13f4feec501f84,HISTORICAL_RECONSTRUCTABLE,False,False,False
idkpi:d3d098045f21ac93b978499d5b5657213a98117beca5235d673ebf787f1f5068,600276.SH,INNOVATION_DRUG,CLINICAL_REGULATORY,CDE_PRIORITY_REVIEW_INCLUDED,2017-09-04,2017-09-05,NMPA_CDE_PUBLISHED_NOTICE_ARCHIVE,NMPA_OR_CDE,official:ab44b5bf7e7cc25a802608b17e4d68d3,OFFICIAL_SNAPSHOT:official:ab44b5bf7e7cc25a802608b17e4d68d3,纳入优先审评品种名单:注射用替莫唑胺:用于新诊断的多形性胶质母细胞瘤和复发的间变性星型细胞瘤的治疗。,https://www.cde.org.cn/main/xxgk/listpage/2f78f372d351c6851af7431c7710a731,OFFICIAL_CDE_CATEGORY_NO_DIRECTION,"{""applicant"": ""江苏恒瑞医药股份有限公司"", ""approval_date"": null, ""availability_basis"": ""PUBLICATION_DATE_EXPLICIT"", ""availability_rule"": ""DATE_ONLY_NEXT_TRADE_DATE"", ""category"": ""纳入优先审评品种名单"", ""date_only_source_timestamp_delayed_to_next_real_trading_date"": true, ""direction_classified"": false, ""drug_name"": ""注射用替莫唑胺"", ""entity_mapping_basis"": ""EXACT_LISTED_ISSUER_LEGAL_NAME"", ""first_observed_snapshot_only"": false, ""forward_or_historical_outcome_read"": false, ""historical_reconstruction_allowed"": true, ""indication"": ""用于新诊断的多形性胶质母细胞瘤和复发的间变性星型细胞瘤的治疗。"", ""official_source_url"": ""https://www.cde.org.cn/main/xxgk/listpage/2f78f372d351c6851af7431c7710a731"", ""predictive_weight_assigned"": false, ""publication_date"": ""2017-09-04"", ""snapshot_captured_at"": null, ""source_identity"": ""NMPA_CDE_PUBLISHED_NOTICE_ARCHIVE""}",d3d098045f21ac93b978499d5b5657213a98117beca5235d673ebf787f1f5068,HISTORICAL_RECONSTRUCTABLE,False,False,False
idkpi:b0625eda8745859d51eb50983f5d7eed9b06dfefb3aa7cd9e7c6443ff8cf74fd,600276.SH,INNOVATION_DRUG,CLINICAL_REGULATORY,CDE_PRIORITY_REVIEW_INCLUDED,2017-09-26,2017-09-27,NMPA_CDE_PUBLISHED_NOTICE_ARCHIVE,NMPA_OR_CDE,official:87615e4e6a7af170de9739fd97abccf3,OFFICIAL_SNAPSHOT:official:87615e4e6a7af170de9739fd97abccf3,纳入优先审评品种名单:马来酸吡咯替尼:本品联合卡培他滨，适用于既往经过曲妥珠单抗联合蒽环类或紫杉类治疗；或仅接受化疗药物治疗，出现疾病进展，并且HER2表达阳性的晚期或转移性乳腺癌成人患者的治疗。,https://www.cde.org.cn/main/xxgk/listpage/2f78f372d351c6851af7431c7710a731,OFFICIAL_CDE_CATEGORY_NO_DIRECTION,"{""applicant"": ""江苏恒瑞医药股份有限公司"", ""approval_date"": null, ""availability_basis"": ""PUBLICATION_DATE_EXPLICIT"", ""availability_rule"": ""DATE_ONLY_NEXT_TRADE_DATE"", ""category"": ""纳入优先审评品种名单"", ""date_only_source_timestamp_delayed_to_next_real_trading_date"": true, ""direction_classified"": false, ""drug_name"": ""马来酸吡咯替尼"", ""entity_mapping_basis"": ""EXACT_LISTED_ISSUER_LEGAL_NAME"", ""first_observed_snapshot_only"": false, ""forward_or_historical_outcome_read"": false, ""historical_reconstruction_allowed"": true, ""indication"": ""本品联合卡培他滨，适用于既往经过曲妥珠单抗联合蒽环类或紫杉类治疗；或仅接受化疗药物治疗，出现疾病进展，并且HER2表达阳性的晚期或转移性乳腺癌成人患者的治疗。"", ""official_source_url"": ""https://www.cde.org.cn/main/xxgk/listpage/2f78f372d351c6851af7431c7710a731"", ""predictive_weight_assigned"": false, ""publication_date"": ""2017-09-26"", ""snapshot_captured_at"": null, ""source_identity"": ""NMPA_CDE_PUBLISHED_NOTICE_ARCHIVE""}",b0625eda8745859d51eb50983f5d7eed9b06dfefb3aa7cd9e7c6443ff8cf74fd,HISTORICAL_RECONSTRUCTABLE,False,False,False
idkpi:db886734d926e3627fdbc54f4debbf082a8ae4a61fe028a9f7a7a80c0478530a,600276.SH,INNOVATION_DRUG,CLINICAL_REGULATORY,CDE_PRIORITY_REVIEW_INCLUDED,2017-09-26,2017-09-27,NMPA_CDE_PUBLISHED_NOTICE_ARCHIVE,NMPA_OR_CDE,official:4499b641b439691f9ed233856f83e16a,OFFICIAL_SNAPSHOT:official:4499b641b439691f9ed233856f83e16a,纳入优先审评品种名单:马来酸吡咯替尼片:本品联合卡培他滨，适用于既往经过曲妥珠单抗联合蒽环类或紫杉类治疗；或仅接受化疗药物治疗，出现疾病进展，并且HER2表达阳性的晚期或转移性乳腺癌成人患者的治疗。,https://www.cde.org.cn/main/xxgk/listpage/2f78f372d351c6851af7431c7710a731,OFFICIAL_CDE_CATEGORY_NO_DIRECTION,"{""applicant"": ""江苏恒瑞医药股份有限公司"", ""approval_date"": null, ""availability_basis"": ""PUBLICATION_DATE_EXPLICIT"", ""availability_rule"": ""DATE_ONLY_NEXT_TRADE_DATE"", ""category"": ""纳入优先审评品种名单"", ""date_only_source_timestamp_delayed_to_next_real_trading_date"": true, ""direction_classified"": false, ""drug_name"": ""马来酸吡咯替尼片"", ""entity_mapping_basis"": ""EXACT_LISTED_ISSUER_LEGAL_NAME"", ""first_observed_snapshot_only"": false, ""forward_or_historical_outcome_read"": false, ""historical_reconstruction_allowed"": true, ""indication"": ""本品联合卡培他滨，适用于既往经过曲妥珠单抗联合蒽环类或紫杉类治疗；或仅接受化疗药物治疗，出现疾病进展，并且HER2表达阳性的晚期或转移性乳腺癌成人患者的治疗。"", ""official_source_url"": ""https://www.cde.org.cn/main/xxgk/listpage/2f78f372d351c6851af7431c7710a731"", ""predictive_weight_assigned"": false, ""publication_date"": ""2017-09-26"", ""snapshot_captured_at"": null, ""source_identity"": ""NMPA_CDE_PUBLISHED_NOTICE_ARCHIVE""}",db886734d926e3627fdbc54f4debbf082a8ae4a61fe028a9f7a7a80c0478530a,HISTORICAL_RECONSTRUCTABLE,False,False,False
idkpi:f2c875fb32e05adc5b92bc7b42302aa82dcb78a8adb6497a4df275bb3fdd232f,600276.SH,INNOVATION_DRUG,CLINICAL_REGULATORY,CDE_PRIORITY_REVIEW_INCLUDED,2017-09-26,2017-09-27,NMPA_CDE_PUBLISHED_NOTICE_ARCHIVE,NMPA_OR_CDE,official:62e45c29751872c9acf2500f258969e9,OFFICIAL_SNAPSHOT:official:62e45c29751872c9acf2500f258969e9,纳入优先审评品种名单:马来酸吡咯替尼片:本品联合卡培他滨，适用于既往经过曲妥珠单抗联合蒽环类或紫杉类治疗；或仅接受化疗药物治疗，出现疾病进展，并且HER2表达阳性的晚期或转移性乳腺癌成人患者的治疗。,https://www.cde.org.cn/main/xxgk/listpage/2f78f372d351c6851af7431c7710a731,OFFICIAL_CDE_CATEGORY_NO_DIRECTION,"{""applicant"": ""江苏恒瑞医药股份有限公司"", ""approval_date"": null, ""availability_basis"": ""PUBLICATION_DATE_EXPLICIT"", ""availability_rule"": ""DATE_ONLY_NEXT_TRADE_DATE"", ""category"": ""纳入优先审评品种名单"", ""date_only_source_timestamp_delayed_to_next_real_trading_date"": true, ""direction_classified"": false, ""drug_name"": ""马来酸吡咯替尼片"", ""entity_mapping_basis"": ""EXACT_LISTED_ISSUER_LEGAL_NAME"", ""first_observed_snapshot_only"": false, ""forward_or_historical_outcome_read"": false, ""historical_reconstruction_allowed"": true, ""indication"": ""本品联合卡培他滨，适用于既往经过曲妥珠单抗联合蒽环类或紫杉类治疗；或仅接受化疗药物治疗，出现疾病进展，并且HER2表达阳性的晚期或转移性乳腺癌成人患者的治疗。"", ""official_source_url"": ""https://www.cde.org.cn/main/xxgk/listpage/2f78f372d351c6851af7431c7710a731"", ""predictive_weight_assigned"": false, ""publication_date"": ""2017-09-26"", ""snapshot_captured_at"": null, ""source_identity"": ""NMPA_CDE_PUBLISHED_NOTICE_ARCHIVE""}",f2c875fb32e05adc5b92bc7b42302aa82dcb78a8adb6497a4df275bb3fdd232f,HISTORICAL_RECONSTRUCTABLE,False,False,False
idkpi:1952c5b1a96f1113df67db4e62a8b991bf1a99446d7f4b190d5c07537a3b5d79,600276.SH,INNOVATION_DRUG,CLINICAL_REGULATORY,CDE_PRIORITY_REVIEW_INCLUDED,2017-12-18,2017-12-19,NMPA_CDE_PUBLISHED_NOTICE_ARCHIVE,NMPA_OR_CDE,official:69b765d507ef7293d5785bc1fc1913e7,OFFICIAL_SNAPSHOT:official:69b765d507ef7293d5785bc1fc1913e7,纳入优先审评品种名单:阿齐沙坦片:高血压,https://www.cde.org.cn/main/xxgk/listpage/2f78f372d351c6851af7431c7710a731,OFFICIAL_CDE_CATEGORY_NO_DIRECTION,"{""applicant"": ""江苏恒瑞医药股份有限公司"", ""approval_date"": null, ""availability_basis"": ""PUBLICATION_DATE_EXPLICIT"", ""availability_rule"": ""DATE_ONLY_NEXT_TRADE_DATE"", ""category"": ""纳入优先审评品种名单"", ""date_only_source_timestamp_delayed_to_next_real_trading_date"": true, ""direction_classified"": false, ""drug_name"": ""阿齐沙坦片"", ""entity_mapping_basis"": ""EXACT_LISTED_ISSUER_LEGAL_NAME"", ""first_observed_snapshot_only"": false, ""forward_or_historical_outcome_read"": false, ""historical_reconstruction_allowed"": true, ""indication"": ""高血压"", ""official_source_url"": ""https://www.cde.org.cn/main/xxgk/listpage/2f78f372d351c6851af7431c7710a731"", ""predictive_weight_assigned"": false, ""publication_date"": ""2017-12-18"", ""snapshot_captured_at"": null, ""source_identity"": ""NMPA_CDE_PUBLISHED_NOTICE_ARCHIVE""}",1952c5b1a96f1113df67db4e62a8b991bf1a99446d7f4b190d5c07537a3b5d79,HISTORICAL_RECONSTRUCTABLE,False,False,False
idkpi:94752a458676fa37e61134b78e07f508675a7d7333ba0e04cdc70d100b5d539d,600276.SH,INNOVATION_DRUG,CLINICAL_REGULATORY,CDE_PRIORITY_REVIEW_INCLUDED,2017-12-18,2017-12-19,NMPA_CDE_PUBLISHED_NOTICE_ARCHIVE,NMPA_OR_CDE,official:73c5c176e8635b08cce36ed63a24c2f6,OFFICIAL_SNAPSHOT:official:73c5c176e8635b08cce36ed63a24c2f6,纳入优先审评品种名单:阿齐沙坦片:高血压,https://www.cde.org.cn/main/xxgk/listpage/2f78f372d351c6851af7431c7710a731,OFFICIAL_CDE_CATEGORY_NO_DIRECTION,"{""applicant"": ""江苏恒瑞医药股份有限公司"", ""approval_date"": null, ""availability_basis"": ""PUBLICATION_DATE_EXPLICIT"", ""availability_rule"": ""DATE_ONLY_NEXT_TRADE_DATE"", ""category"": ""纳入优先审评品种名单"", ""date_only_source_timestamp_delayed_to_next_real_trading_date"": true, ""direction_classified"": false, ""drug_name"": ""阿齐沙坦片"", ""entity_mapping_basis"": ""EXACT_LISTED_ISSUER_LEGAL_NAME"", ""first_observed_snapshot_only"": false, ""forward_or_historical_outcome_read"": false, ""historical_reconstruction_allowed"": true, ""indication"": ""高血压"", ""official_source_url"": ""https://www.cde.org.cn/main/xxgk/listpage/2f78f372d351c6851af7431c7710a731"", ""predictive_weight_assigned"": false, ""publication_date"": ""2017-12-18"", ""snapshot_captured_at"": null, ""source_identity"": ""NMPA_CDE_PUBLISHED_NOTICE_ARCHIVE""}",94752a458676fa37e61134b78e07f508675a7d7333ba0e04cdc70d100b5d539d,HISTORICAL_RECONSTRUCTABLE,False,False,False
idkpi:5b6d41429a6582f8c37becc7fecfd59e5f5766d9771f7e8bef2426694231f8d0,600276.SH,INNOVATION_DRUG,CLINICAL_REGULATORY,CDE_PRIORITY_REVIEW_INCLUDED,2018-01-29,2018-01-30,NMPA_CDE_PUBLISHED_NOTICE_ARCHIVE,NMPA_OR_CDE,official:bf9d4cbb5ecd2c41833f9f28965746fa,OFFICIAL_SNAPSHOT:official:bf9d4cbb5ecd2c41833f9f28965746fa,"纳入优先审评品种名单:塞来昔布胶囊:1)用于缓解骨关节炎的症状和体征。
2)用于缓解成人类风湿关节炎的症状和体征。
3)用于治疗成人急性疼痛。
4)作为常规疗法(如：内镜监测，手术)的一项辅助治疗，可减少家族性腺瘤息肉(FAP)患者的腺瘤性结直肠息肉的数目。",https://www.cde.org.cn/main/xxgk/listpage/2f78f372d351c6851af7431c7710a731,OFFICIAL_CDE_CATEGORY_NO_DIRECTION,"{""applicant"": ""江苏恒瑞医药股份有限公司"", ""approval_date"": null, ""availability_basis"": ""PUBLICATION_DATE_EXPLICIT"", ""availability_rule"": ""DATE_ONLY_NEXT_TRADE_DATE"", ""category"": ""纳入优先审评品种名单"", ""date_only_source_timestamp_delayed_to_next_real_trading_date"": true, ""direction_classified"": false, ""drug_name"": ""塞来昔布胶囊"", ""entity_mapping_basis"": ""EXACT_LISTED_ISSUER_LEGAL_NAME"", ""first_observed_snapshot_only"": false, ""forward_or_historical_outcome_read"": false, ""historical_reconstruction_allowed"": true, ""indication"": ""1)用于缓解骨关节炎的症状和体征。\r\n2)用于缓解成人类风湿关节炎的症状和体征。\r\n3)用于治疗成人急性疼痛。\r\n4)作为常规疗法(如：内镜监测，手术)的一项辅助治疗，可减少家族性腺瘤息肉(FAP)患者的腺瘤性结直肠息肉的数目。"", ""official_source_url"": ""https://www.cde.org.cn/main/xxgk/listpage/2f78f372d351c6851af7431c7710a731"", ""predictive_weight_assigned"": false, ""publication_date"": ""2018-01-29"", ""snapshot_captured_at"": null, ""source_identity"": ""NMPA_CDE_PUBLISHED_NOTICE_ARCHIVE""}",5b6d41429a6582f8c37becc7fecfd59e5f5766d9771f7e8bef2426694231f8d0,HISTORICAL_RECONSTRUCTABLE,False,False,False
idkpi:ad77b0a98c519826444b6997ca89554dc35ece1ee71d17526e7356acdf33e7ff,600276.SH,INNOVATION_DRUG,CLINICAL_REGULATORY,CDE_PRIORITY_REVIEW_INCLUDED,2018-04-23,2018-04-24,NMPA_CDE_PUBLISHED_NOTICE_ARCHIVE,NMPA_OR_CDE,official:9282ba6524d8502a5a80fc52a5da3a66,OFFICIAL_SNAPSHOT:official:9282ba6524d8502a5a80fc52a5da3a66,纳入优先审评品种名单:甲苯磺酸瑞马唑仑:用于常规胃镜诊断和治疗时的镇静,https://www.cde.org.cn/main/xxgk/listpage/2f78f372d351c6851af7431c7710a731,OFFICIAL_CDE_CATEGORY_NO_DIRECTION,"{""applicant"": ""江苏恒瑞医药股份有限公司"", ""approval_date"": null, ""availability_basis"": ""PUBLICATION_DATE_EXPLICIT"", ""availability_rule"": ""DATE_ONLY_NEXT_TRADE_DATE"", ""category"": ""纳入优先审评品种名单"", ""date_only_source_timestamp_delayed_to_next_real_trading_date"": true, ""direction_classified"": false, ""drug_name"": ""甲苯磺酸瑞马唑仑"", ""entity_mapping_basis"": ""EXACT_LISTED_ISSUER_LEGAL_NAME"", ""first_observed_snapshot_only"": false, ""forward_or_historical_outcome_read"": false, ""historical_reconstruction_allowed"": true, ""indication"": ""用于常规胃镜诊断和治疗时的镇静"", ""official_source_url"": ""https://www.cde.org.cn/main/xxgk/listpage/2f78f372d351c6851af7431c7710a731"", ""predictive_weight_assigned"": false, ""publication_date"": ""2018-04-23"", ""snapshot_captured_at"": null, ""source_identity"": ""NMPA_CDE_PUBLISHED_NOTICE_ARCHIVE""}",ad77b0a98c519826444b6997ca89554dc35ece1ee71d17526e7356acdf33e7ff,HISTORICAL_RECONSTRUCTABLE,False,False,False
idkpi:d1cf29c00d985ace6887ba4e0e8f2d2fa479b8d7cb11a48d7f072d2bbd2eec67,600276.SH,INNOVATION_DRUG,CLINICAL_REGULATORY,CDE_PRIORITY_REVIEW_INCLUDED,2018-04-23,2018-04-24,NMPA_CDE_PUBLISHED_NOTICE_ARCHIVE,NMPA_OR_CDE,official:0b440727c1eb2782d6b2caecf778477d,OFFICIAL_SNAPSHOT:official:0b440727c1eb2782d6b2caecf778477d,纳入优先审评品种名单:注射用卡瑞利珠单抗:本品单药用于既往接受过至少二线系统性治疗（含自体造血干细胞移植）的复发/难治性经典型霍奇金淋巴瘤患者的治疗。,https://www.cde.org.cn/main/xxgk/listpage/2f78f372d351c6851af7431c7710a731,OFFICIAL_CDE_CATEGORY_NO_DIRECTION,"{""applicant"": ""江苏恒瑞医药股份有限公司"", ""approval_date"": null, ""availability_basis"": ""PUBLICATION_DATE_EXPLICIT"", ""availability_rule"": ""DATE_ONLY_NEXT_TRADE_DATE"", ""category"": ""纳入优先审评品种名单"", ""date_only_source_timestamp_delayed_to_next_real_trading_date"": true, ""direction_classified"": false, ""drug_name"": ""注射用卡瑞利珠单抗"", ""entity_mapping_basis"": ""EXACT_LISTED_ISSUER_LEGAL_NAME"", ""first_observed_snapshot_only"": false, ""forward_or_historical_outcome_read"": false, ""historical_reconstruction_allowed"": true, ""indication"": ""本品单药用于既往接受过至少二线系统性治疗（含自体造血干细胞移植）的复发/难治性经典型霍奇金淋巴瘤患者的治疗。"", ""official_source_url"": ""https://www.cde.org.cn/main/xxgk/listpage/2f78f372d351c6851af7431c7710a731"", ""predictive_weight_assigned"": false, ""publication_date"": ""2018-04-23"", ""snapshot_captured_at"": null, ""source_identity"": ""NMPA_CDE_PUBLISHED_NOTICE_ARCHIVE""}",d1cf29c00d985ace6887ba4e0e8f2d2fa479b8d7cb11a48d7f072d2bbd2eec67,HISTORICAL_RECONSTRUCTABLE,False,False,False
idkpi:d9f1346a2644173e4ba80ddd1836603025be2f2e7d27b541231f2b3919e61604,600276.SH,INNOVATION_DRUG,CLINICAL_REGULATORY,CDE_PRIORITY_REVIEW_INCLUDED,2018-04-23,2018-04-24,NMPA_CDE_PUBLISHED_NOTICE_ARCHIVE,NMPA_OR_CDE,official:f3d94401a9ddd014e385f80595908fe7,OFFICIAL_SNAPSHOT:official:f3d94401a9ddd014e385f80595908fe7,纳入优先审评品种名单:注射用甲苯磺酸瑞马唑仑:用于常规胃镜诊断和治疗时的镇静,https://www.cde.org.cn/main/xxgk/listpage/2f78f372d351c6851af7431c7710a731,OFFICIAL_CDE_CATEGORY_NO_DIRECTION,"{""applicant"": ""江苏恒瑞医药股份有限公司"", ""approval_date"": null, ""availability_basis"": ""PUBLICATION_DATE_EXPLICIT"", ""availability_rule"": ""DATE_ONLY_NEXT_TRADE_DATE"", ""category"": ""纳入优先审评品种名单"", ""date_only_source_timestamp_delayed_to_next_real_trading_date"": true, ""direction_classified"": false, ""drug_name"": ""注射用甲苯磺酸瑞马唑仑"", ""entity_mapping_basis"": ""EXACT_LISTED_ISSUER_LEGAL_NAME"", ""first_observed_snapshot_only"": false, ""forward_or_historical_outcome_read"": false, ""historical_reconstruction_allowed"": true, ""indication"": ""用于常规胃镜诊断和治疗时的镇静"", ""official_source_url"": ""https://www.cde.org.cn/main/xxgk/listpage/2f78f372d351c6851af7431c7710a731"", ""predictive_weight_assigned"": false, ""publication_date"": ""2018-04-23"", ""snapshot_captured_at"": null, ""source_identity"": ""NMPA_CDE_PUBLISHED_NOTICE_ARCHIVE""}",d9f1346a2644173e4ba80ddd1836603025be2f2e7d27b541231f2b3919e61604,HISTORICAL_RECONSTRUCTABLE,False,False,False
idkpi:3bf5003d921da620b7039fc90867aed6e1b4469e2fce1fb472f83c8996478714,600276.SH,INNOVATION_DRUG,CLINICAL_REGULATORY,CDE_PRIORITY_REVIEW_INCLUDED,2018-06-05,2018-06-06,NMPA_CDE_PUBLISHED_NOTICE_ARCHIVE,NMPA_OR_CDE,official:4d48387343de718a376fe361325ee346,OFFICIAL_SNAPSHOT:official:4d48387343de718a376fe361325ee346,纳入优先审评品种名单:昂丹司琼口溶膜:预防高致吐性化疗、中度致吐化疗、放疗和手术后恶心呕吐,https://www.cde.org.cn/main/xxgk/listpage/2f78f372d351c6851af7431c7710a731,OFFICIAL_CDE_CATEGORY_NO_DIRECTION,"{""applicant"": ""江苏恒瑞医药股份有限公司"", ""approval_date"": null, ""availability_basis"": ""PUBLICATION_DATE_EXPLICIT"", ""availability_rule"": ""DATE_ONLY_NEXT_TRADE_DATE"", ""category"": ""纳入优先审评品种名单"", ""date_only_source_timestamp_delayed_to_next_real_trading_date"": true, ""direction_classified"": false, ""drug_name"": ""昂丹司琼口溶膜"", ""entity_mapping_basis"": ""EXACT_LISTED_ISSUER_LEGAL_NAME"", ""first_observed_snapshot_only"": false, ""forward_or_historical_outcome_read"": false, ""historical_reconstruction_allowed"": true, ""indication"": ""预防高致吐性化疗、中度致吐化疗、放疗和手术后恶心呕吐"", ""official_source_url"": ""https://www.cde.org.cn/main/xxgk/listpage/2f78f372d351c6851af7431c7710a731"", ""predictive_weight_assigned"": false, ""publication_date"": ""2018-06-05"", ""snapshot_captured_at"": null, ""source_identity"": ""NMPA_CDE_PUBLISHED_NOTICE_ARCHIVE""}",3bf5003d921da620b7039fc90867aed6e1b4469e2fce1fb472f83c8996478714,HISTORICAL_RECONSTRUCTABLE,False,False,False
idkpi:e0f5b5807821316fbd5cbec3828e6333ae7d74dd5a8ffef7edfb1cd2e348dc8a,600276.SH,INNOVATION_DRUG,CLINICAL_REGULATORY,CDE_PRIORITY_REVIEW_INCLUDED,2018-06-05,2018-06-06,NMPA_CDE_PUBLISHED_NOTICE_ARCHIVE,NMPA_OR_CDE,official:2bd9ad645e4c35c17e6ee34072cfcd59,OFFICIAL_SNAPSHOT:official:2bd9ad645e4c35c17e6ee34072cfcd59,纳入优先审评品种名单:昂丹司琼口溶膜:预防高致吐性化疗、中度致吐化疗、放疗和手术后恶心呕吐,https://www.cde.org.cn/main/xxgk/listpage/2f78f372d351c6851af7431c7710a731,OFFICIAL_CDE_CATEGORY_NO_DIRECTION,"{""applicant"": ""江苏恒瑞医药股份有限公司"", ""approval_date"": null, ""availability_basis"": ""PUBLICATION_DATE_EXPLICIT"", ""availability_rule"": ""DATE_ONLY_NEXT_TRADE_DATE"", ""category"": ""纳入优先审评品种名单"", ""date_only_source_timestamp_delayed_to_next_real_trading_date"": true, ""direction_classified"": false, ""drug_name"": ""昂丹司琼口溶膜"", ""entity_mapping_basis"": ""EXACT_LISTED_ISSUER_LEGAL_NAME"", ""first_observed_snapshot_only"": false, ""forward_or_historical_outcome_read"": false, ""historical_reconstruction_allowed"": true, ""indication"": ""预防高致吐性化疗、中度致吐化疗、放疗和手术后恶心呕吐"", ""official_source_url"": ""https://www.cde.org.cn/main/xxgk/listpage/2f78f372d351c6851af7431c7710a731"", ""predictive_weight_assigned"": false, ""publication_date"": ""2018-06-05"", ""snapshot_captured_at"": null, ""source_identity"": ""NMPA_CDE_PUBLISHED_NOTICE_ARCHIVE""}",e0f5b5807821316fbd5cbec3828e6333ae7d74dd5a8ffef7edfb1cd2e348dc8a,HISTORICAL_RECONSTRUCTABLE,False,False,False
idkpi:82d015a5e4462f4f0a80647daf24806d270b3bbc05f43c465673577b9a1c26a1,600276.SH,INNOVATION_DRUG,CLINICAL_REGULATORY,CDE_PRIORITY_REVIEW_INCLUDED,2018-08-09,2018-08-10,NMPA_CDE_PUBLISHED_NOTICE_ARCHIVE,NMPA_OR_CDE,official:c5c55fa859f067f2a993e1e246a3da6e,OFFICIAL_SNAPSHOT:official:c5c55fa859f067f2a993e1e246a3da6e,"纳入优先审评品种名单:盐酸艾司氯胺酮注射液:-尽可能与安眠药联合用于诱导和实施全身麻醉
-用于局部麻醉的补充
-在急救护理中用于麻醉和镇痛
-如果其他具体措施均未成功，本品可在哮喘持续状态进行气管插管时结合肌肉松弛剂使用
-用于插管时的镇痛
提示：在儿童外科以及紧急医疗中，大多数情况下可单独使用本品；对于其他适应症，推荐与安眠药联合使用。",https://www.cde.org.cn/main/xxgk/listpage/2f78f372d351c6851af7431c7710a731,OFFICIAL_CDE_CATEGORY_NO_DIRECTION,"{""applicant"": ""江苏恒瑞医药股份有限公司"", ""approval_date"": null, ""availability_basis"": ""PUBLICATION_DATE_EXPLICIT"", ""availability_rule"": ""DATE_ONLY_NEXT_TRADE_DATE"", ""category"": ""纳入优先审评品种名单"", ""date_only_source_timestamp_delayed_to_next_real_trading_date"": true, ""direction_classified"": false, ""drug_name"": ""盐酸艾司氯胺酮注射液"", ""entity_mapping_basis"": ""EXACT_LISTED_ISSUER_LEGAL_NAME"", ""first_observed_snapshot_only"": false, ""forward_or_historical_outcome_read"": false, ""historical_reconstruction_allowed"": true, ""indication"": ""-尽可能与安眠药联合用于诱导和实施全身麻醉\r\n-用于局部麻醉的补充\r\n-在急救护理中用于麻醉和镇痛\r\n-如果其他具体措施均未成功，本品可在哮喘持续状态进行气管插管时结合肌肉松弛剂使用\r\n-用于插管时的镇痛\r\n提示：在儿童外科以及紧急医疗中，大多数情况下可单独使用本品；对于其他适应症，推荐与安眠药联合使用。"", ""official_source_url"": ""https://www.cde.org.cn/main/xxgk/listpage/2f78f372d351c6851af7431c7710a731"", ""predictive_weight_assigned"": false, ""publication_date"": ""2018-08-09"", ""snapshot_captured_at"": null, ""source_identity"": ""NMPA_CDE_PUBLISHED_NOTICE_ARCHIVE""}",82d015a5e4462f4f0a80647daf24806d270b3bbc05f43c465673577b9a1c26a1,HISTORICAL_RECONSTRUCTABLE,False,False,False
idkpi:3e9b44fb6982b7f56f8d17b4d317eb7c76979406eab1be9c1d193fa0ae618c74,600276.SH,INNOVATION_DRUG,CLINICAL_REGULATORY,CDE_PRIORITY_REVIEW_INCLUDED,2018-09-11,2018-09-12,NMPA_CDE_PUBLISHED_NOTICE_ARCHIVE,NMPA_OR_CDE,official:2beb1ba84b4439f1bb4fa51188720d32,OFFICIAL_SNAPSHOT:official:2beb1ba84b4439f1bb4fa51188720d32,纳入优先审评品种名单:格隆溴铵注射液:当逆转非去极化肌肉松弛剂诱导的神经肌肉阻滞时，本品可拮抗胆碱能药物如新斯的明的外周毒蕈碱作用(如心动过缓)。,https://www.cde.org.cn/main/xxgk/listpage/2f78f372d351c6851af7431c7710a731,OFFICIAL_CDE_CATEGORY_NO_DIRECTION,"{""applicant"": ""江苏恒瑞医药股份有限公司"", ""approval_date"": null, ""availability_basis"": ""PUBLICATION_DATE_EXPLICIT"", ""availability_rule"": ""DATE_ONLY_NEXT_TRADE_DATE"", ""category"": ""纳入优先审评品种名单"", ""date_only_source_timestamp_delayed_to_next_real_trading_date"": true, ""direction_classified"": false, ""drug_name"": ""格隆溴铵注射液"", ""entity_mapping_basis"": ""EXACT_LISTED_ISSUER_LEGAL_NAME"", ""first_observed_snapshot_only"": false, ""forward_or_historical_outcome_read"": false, ""historical_reconstruction_allowed"": true, ""indication"": ""当逆转非去极化肌肉松弛剂诱导的神经肌肉阻滞时，本品可拮抗胆碱能药物如新斯的明的外周毒蕈碱作用(如心动过缓)。"", ""official_source_url"": ""https://www.cde.org.cn/main/xxgk/listpage/2f78f372d351c6851af7431c7710a731"", ""predictive_weight_assigned"": false, ""publication_date"": ""2018-09-11"", ""snapshot_captured_at"": null, ""source_identity"": ""NMPA_CDE_PUBLISHED_NOTICE_ARCHIVE""}",3e9b44fb6982b7f56f8d17b4d317eb7c76979406eab1be9c1d193fa0ae618c74,HISTORICAL_RECONSTRUCTABLE,False,False,False
idkpi:da6dfb675a70c90d516a593dbe584887ad01b3637bae69c42b56393da70a687b,600276.SH,INNOVATION_DRUG,CLINICAL_REGULATORY,CDE_PRIORITY_REVIEW_INCLUDED,2018-10-17,2018-10-18,NMPA_CDE_PUBLISHED_NOTICE_ARCHIVE,NMPA_OR_CDE,official:e4f739a258221543f9badf7fdc836aad,OFFICIAL_SNAPSHOT:official:e4f739a258221543f9badf7fdc836aad,纳入优先审评品种名单:盐酸伊立替康注射液:本品适用于晚期大肠癌患者的治疗：与5-氟尿嘧啶和亚叶酸联合治疗既往未接受化疗的晚期大肠癌患者；作为单一用药，治疗经含5-氟尿嘧啶化疗方案治疗失败的患者。,https://www.cde.org.cn/main/xxgk/listpage/2f78f372d351c6851af7431c7710a731,OFFICIAL_CDE_CATEGORY_NO_DIRECTION,"{""applicant"": ""江苏恒瑞医药股份有限公司"", ""approval_date"": null, ""availability_basis"": ""PUBLICATION_DATE_EXPLICIT"", ""availability_rule"": ""DATE_ONLY_NEXT_TRADE_DATE"", ""category"": ""纳入优先审评品种名单"", ""date_only_source_timestamp_delayed_to_next_real_trading_date"": true, ""direction_classified"": false, ""drug_name"": ""盐酸伊立替康注射液"", ""entity_mapping_basis"": ""EXACT_LISTED_ISSUER_LEGAL_NAME"", ""first_observed_snapshot_only"": false, ""forward_or_historical_outcome_read"": false, ""historical_reconstruction_allowed"": true, ""indication"": ""本品适用于晚期大肠癌患者的治疗：与5-氟尿嘧啶和亚叶酸联合治疗既往未接受化疗的晚期大肠癌患者；作为单一用药，治疗经含5-氟尿嘧啶化疗方案治疗失败的患者。"", ""official_source_url"": ""https://www.cde.org.cn/main/xxgk/listpage/2f78f372d351c6851af7431c7710a731"", ""predictive_weight_assigned"": false, ""publication_date"": ""2018-10-17"", ""snapshot_captured_at"": null, ""source_identity"": ""NMPA_CDE_PUBLISHED_NOTICE_ARCHIVE""}",da6dfb675a70c90d516a593dbe584887ad01b3637bae69c42b56393da70a687b,HISTORICAL_RECONSTRUCTABLE,False,False,False
idkpi:dcd2a759a3b59203f4f12168c6748b015d0557037e23796f176c3c67b899e92b,600276.SH,INNOVATION_DRUG,CLINICAL_REGULATORY,CDE_PRIORITY_REVIEW_INCLUDED,2018-12-24,2018-12-25,NMPA_CDE_PUBLISHED_NOTICE_ARCHIVE,NMPA_OR_CDE,official:01ba3fd2738c5a86a137a3e9d2570e3c,OFFICIAL_SNAPSHOT:official:01ba3fd2738c5a86a137a3e9d2570e3c,纳入优先审评品种名单:苯磺顺阿曲库铵注射液:本品用于手术和其他操作以及重症监护治疗。作为全麻的辅助用药或在重症监护病房(ICU)起镇静作用，它可以松弛骨骼肌，使气管插管和机械通气易于进行。,https://www.cde.org.cn/main/xxgk/listpage/2f78f372d351c6851af7431c7710a731,OFFICIAL_CDE_CATEGORY_NO_DIRECTION,"{""applicant"": ""江苏恒瑞医药股份有限公司"", ""approval_date"": null, ""availability_basis"": ""PUBLICATION_DATE_EXPLICIT"", ""availability_rule"": ""DATE_ONLY_NEXT_TRADE_DATE"", ""category"": ""纳入优先审评品种名单"", ""date_only_source_timestamp_delayed_to_next_real_trading_date"": true, ""direction_classified"": false, ""drug_name"": ""苯磺顺阿曲库铵注射液"", ""entity_mapping_basis"": ""EXACT_LISTED_ISSUER_LEGAL_NAME"", ""first_observed_snapshot_only"": false, ""forward_or_historical_outcome_read"": false, ""historical_reconstruction_allowed"": true, ""indication"": ""本品用于手术和其他操作以及重症监护治疗。作为全麻的辅助用药或在重症监护病房(ICU)起镇静作用，它可以松弛骨骼肌，使气管插管和机械通气易于进行。"", ""official_source_url"": ""https://www.cde.org.cn/main/xxgk/listpage/2f78f372d351c6851af7431c7710a731"", ""predictive_weight_assigned"": false, ""publication_date"": ""2018-12-24"", ""snapshot_captured_at"": null, ""source_identity"": ""NMPA_CDE_PUBLISHED_NOTICE_ARCHIVE""}",dcd2a759a3b59203f4f12168c6748b015d0557037e23796f176c3c67b899e92b,HISTORICAL_RECONSTRUCTABLE,False,False,False
idkpi:454dd41c1ae3860b51be1c50b99df82729e81892a65af1346363abe7d69a337d,600276.SH,INNOVATION_DRUG,CLINICAL_REGULATORY,CDE_PRIORITY_REVIEW_INCLUDED,2019-05-31,2019-06-03,NMPA_CDE_PUBLISHED_NOTICE_ARCHIVE,NMPA_OR_CDE,official:f2fc8a9ab6d519ad998ef4be8604f106,OFFICIAL_SNAPSHOT:official:f2fc8a9ab6d519ad998ef4be8604f106,纳入优先审评品种名单:注射用卡瑞利珠单抗:本品用于既往接受过标准系统性治疗（索拉非尼和/或以奥沙利铂为主的系统化疗）后疾病进展或不耐受的晚期肝细胞癌患者的治疗。,https://www.cde.org.cn/main/xxgk/listpage/2f78f372d351c6851af7431c7710a731,OFFICIAL_CDE_CATEGORY_NO_DIRECTION,"{""applicant"": ""江苏恒瑞医药股份有限公司"", ""approval_date"": null, ""availability_basis"": ""PUBLICATION_DATE_EXPLICIT"", ""availability_rule"": ""DATE_ONLY_NEXT_TRADE_DATE"", ""category"": ""纳入优先审评品种名单"", ""date_only_source_timestamp_delayed_to_next_real_trading_date"": true, ""direction_classified"": false, ""drug_name"": ""注射用卡瑞利珠单抗"", ""entity_mapping_basis"": ""EXACT_LISTED_ISSUER_LEGAL_NAME"", ""first_observed_snapshot_only"": false, ""forward_or_historical_outcome_read"": false, ""historical_reconstruction_allowed"": true, ""indication"": ""本品用于既往接受过标准系统性治疗（索拉非尼和/或以奥沙利铂为主的系统化疗）后疾病进展或不耐受的晚期肝细胞癌患者的治疗。"", ""official_source_url"": ""https://www.cde.org.cn/main/xxgk/listpage/2f78f372d351c6851af7431c7710a731"", ""predictive_weight_assigned"": false, ""publication_date"": ""2019-05-31"", ""snapshot_captured_at"": null, ""source_identity"": ""NMPA_CDE_PUBLISHED_NOTICE_ARCHIVE""}",454dd41c1ae3860b51be1c50b99df82729e81892a65af1346363abe7d69a337d,HISTORICAL_RECONSTRUCTABLE,False,False,False
idkpi:16b299a5cb5c4f6c796b3fcc9383d5247de1588a100130687a740a94be159e77,600276.SH,INNOVATION_DRUG,CLINICAL_REGULATORY,CDE_PRIORITY_REVIEW_INCLUDED,2019-08-05,2019-08-06,NMPA_CDE_PUBLISHED_NOTICE_ARCHIVE,NMPA_OR_CDE,official:952d050dd358172f0c94db59a4375a85,OFFICIAL_SNAPSHOT:official:952d050dd358172f0c94db59a4375a85,纳入优先审评品种名单:注射用甲苯磺酸瑞马唑仑:结肠镜检查时的镇静。,https://www.cde.org.cn/main/xxgk/listpage/2f78f372d351c6851af7431c7710a731,OFFICIAL_CDE_CATEGORY_NO_DIRECTION,"{""applicant"": ""江苏恒瑞医药股份有限公司"", ""approval_date"": null, ""availability_basis"": ""PUBLICATION_DATE_EXPLICIT"", ""availability_rule"": ""DATE_ONLY_NEXT_TRADE_DATE"", ""category"": ""纳入优先审评品种名单"", ""date_only_source_timestamp_delayed_to_next_real_trading_date"": true, ""direction_classified"": false, ""drug_name"": ""注射用甲苯磺酸瑞马唑仑"", ""entity_mapping_basis"": ""EXACT_LISTED_ISSUER_LEGAL_NAME"", ""first_observed_snapshot_only"": false, ""forward_or_historical_outcome_read"": false, ""historical_reconstruction_allowed"": true, ""indication"": ""结肠镜检查时的镇静。"", ""official_source_url"": ""https://www.cde.org.cn/main/xxgk/listpage/2f78f372d351c6851af7431c7710a731"", ""predictive_weight_assigned"": false, ""publication_date"": ""2019-08-05"", ""snapshot_captured_at"": null, ""source_identity"": ""NMPA_CDE_PUBLISHED_NOTICE_ARCHIVE""}",16b299a5cb5c4f6c796b3fcc9383d5247de1588a100130687a740a94be159e77,HISTORICAL_RECONSTRUCTABLE,False,False,False
idkpi:3f5a8f3fb954f7f77e3b66f6738b6b5f70acedc0ed06ec8fd115c0130e99f0e7,600276.SH,INNOVATION_DRUG,CLINICAL_REGULATORY,CDE_PRIORITY_REVIEW_INCLUDED,2019-09-03,2019-09-04,NMPA_CDE_PUBLISHED_NOTICE_ARCHIVE,NMPA_OR_CDE,official:42b869de769d344c436e7b0a69572157,OFFICIAL_SNAPSHOT:official:42b869de769d344c436e7b0a69572157,"纳入优先审评品种名单:托伐普坦片:1.低钠血症
用于治疗临床上明显的高容量性和正常容量性低钠血症(血清钠浓度小于125mEq/L,或低钠血症不明显但有症状并且限液治疗效果不佳),包括伴有心力衰竭.肝硬化以及抗利尿激素分泌异常综合征(SIADH)的患者.
重要限制事项
需要紧急升高血钠以预防或治疗严重神经系统症状的患者不应使用本品进行治疗.
尚未确定使用本品使血清钠浓度升高后对症状改善的益处.
2.心力衰竭引起的体液潴留
用于袢利尿剂等其他利尿剂治疗效果不理想的心力衰竭引起的体液潴留.
本品可与其他利尿剂（袢利尿剂.噻嗪类利尿剂.抗醛固酮制剂）合并应用.但没有与人心房利钠肽（hANP）合并应用的经验.",https://www.cde.org.cn/main/xxgk/listpage/2f78f372d351c6851af7431c7710a731,OFFICIAL_CDE_CATEGORY_NO_DIRECTION,"{""applicant"": ""江苏恒瑞医药股份有限公司"", ""approval_date"": null, ""availability_basis"": ""PUBLICATION_DATE_EXPLICIT"", ""availability_rule"": ""DATE_ONLY_NEXT_TRADE_DATE"", ""category"": ""纳入优先审评品种名单"", ""date_only_source_timestamp_delayed_to_next_real_trading_date"": true, ""direction_classified"": false, ""drug_name"": ""托伐普坦片"", ""entity_mapping_basis"": ""EXACT_LISTED_ISSUER_LEGAL_NAME"", ""first_observed_snapshot_only"": false, ""forward_or_historical_outcome_read"": false, ""historical_reconstruction_allowed"": true, ""indication"": ""1.低钠血症\r\n用于治疗临床上明显的高容量性和正常容量性低钠血症(血清钠浓度小于125mEq/L,或低钠血症不明显但有症状并且限液治疗效果不佳),包括伴有心力衰竭.肝硬化以及抗利尿激素分泌异常综合征(SIADH)的患者.\r\n重要限制事项\r\n需要紧急升高血钠以预防或治疗严重神经系统症状的患者不应使用本品进行治疗.\r\n尚未确定使用本品使血清钠浓度升高后对症状改善的益处.\r\n2.心力衰竭引起的体液潴留\r\n用于袢利尿剂等其他利尿剂治疗效果不理想的心力衰竭引起的体液潴留.\r\n本品可与其他利尿剂（袢利尿剂.噻嗪类利尿剂.抗醛固酮制剂）合并应用.但没有与人心房利钠肽（hANP）合并应用的经验."", ""official_source_url"": ""https://www.cde.org.cn/main/xxgk/listpage/2f78f372d351c6851af7431c7710a731"", ""predictive_weight_assigned"": false, ""publication_date"": ""2019-09-03"", ""snapshot_captured_at"": null, ""source_identity"": ""NMPA_CDE_PUBLISHED_NOTICE_ARCHIVE""}",3f5a8f3fb954f7f77e3b66f6738b6b5f70acedc0ed06ec8fd115c0130e99f0e7,HISTORICAL_RECONSTRUCTABLE,False,False,False
idkpi:e79adcde24f598a16cf2571245c7ceb78d9d494695f49458317109f1df388b13,600276.SH,INNOVATION_DRUG,CLINICAL_REGULATORY,CDE_PRIORITY_REVIEW_INCLUDED,2019-09-03,2019-09-04,NMPA_CDE_PUBLISHED_NOTICE_ARCHIVE,NMPA_OR_CDE,official:4c35ccb1aff1f22c1866eb9334795a53,OFFICIAL_SNAPSHOT:official:4c35ccb1aff1f22c1866eb9334795a53,"纳入优先审评品种名单:托伐普坦片:1.低钠血症
用于治疗临床上明显的高容量性和正常容量性低钠血症(血清钠浓度小于125mEq/L,或低钠血症不明显但有症状并且限液治疗效果不佳),包括伴有心力衰竭.肝硬化以及抗利尿激素分泌异常综合征(SIADH)的患者.
重要限制事项
需要紧急升高血钠以预防或治疗严重神经系统症状的患者不应使用本品进行治疗.
尚未确定使用本品使血清钠浓度升高后对症状改善的益处.
2.心力衰竭引起的体液潴留
用于袢利尿剂等其他利尿剂治疗效果不理想的心力衰竭引起的体液潴留.
本品可与其他利尿剂（袢利尿剂.噻嗪类利尿剂.抗醛固酮制剂）合并应用.但没有与人心房利钠肽（hANP）合并应用的经验.",https://www.cde.org.cn/main/xxgk/listpage/2f78f372d351c6851af7431c7710a731,OFFICIAL_CDE_CATEGORY_NO_DIRECTION,"{""applicant"": ""江苏恒瑞医药股份有限公司"", ""approval_date"": null, ""availability_basis"": ""PUBLICATION_DATE_EXPLICIT"", ""availability_rule"": ""DATE_ONLY_NEXT_TRADE_DATE"", ""category"": ""纳入优先审评品种名单"", ""date_only_source_timestamp_delayed_to_next_real_trading_date"": true, ""direction_classified"": false, ""drug_name"": ""托伐普坦片"", ""entity_mapping_basis"": ""EXACT_LISTED_ISSUER_LEGAL_NAME"", ""first_observed_snapshot_only"": false, ""forward_or_historical_outcome_read"": false, ""historical_reconstruction_allowed"": true, ""indication"": ""1.低钠血症\r\n用于治疗临床上明显的高容量性和正常容量性低钠血症(血清钠浓度小于125mEq/L,或低钠血症不明显但有症状并且限液治疗效果不佳),包括伴有心力衰竭.肝硬化以及抗利尿激素分泌异常综合征(SIADH)的患者.\r\n重要限制事项\r\n需要紧急升高血钠以预防或治疗严重神经系统症状的患者不应使用本品进行治疗.\r\n尚未确定使用本品使血清钠浓度升高后对症状改善的益处.\r\n2.心力衰竭引起的体液潴留\r\n用于袢利尿剂等其他利尿剂治疗效果不理想的心力衰竭引起的体液潴留.\r\n本品可与其他利尿剂（袢利尿剂.噻嗪类利尿剂.抗醛固酮制剂）合并应用.但没有与人心房利钠肽（hANP）合并应用的经验."", ""official_source_url"": ""https://www.cde.org.cn/main/xxgk/listpage/2f78f372d351c6851af7431c7710a731"", ""predictive_weight_assigned"": false, ""publication_date"": ""2019-09-03"", ""snapshot_captured_at"": null, ""source_identity"": ""NMPA_CDE_PUBLISHED_NOTICE_ARCHIVE""}",e79adcde24f598a16cf2571245c7ceb78d9d494695f49458317109f1df388b13,HISTORICAL_RECONSTRUCTABLE,False,False,False
idkpi:39ebf90f7443fa32fff11c409fdb7a770f85a44c6b05f27c20408bafb2e7417d,600276.SH,INNOVATION_DRUG,CLINICAL_REGULATORY,CDE_PRIORITY_REVIEW_INCLUDED,2019-09-26,2019-09-27,NMPA_CDE_PUBLISHED_NOTICE_ARCHIVE,NMPA_OR_CDE,official:3a81ceda1ddbd9a2c34cbc39a35b9b83,OFFICIAL_SNAPSHOT:official:3a81ceda1ddbd9a2c34cbc39a35b9b83,纳入优先审评品种名单:注射用卡瑞利珠单抗:本品用于既往接受过一线标准化疗后疾病进展或不可耐受的局部晚期或转移性食管鳞癌患者的治疗。,https://www.cde.org.cn/main/xxgk/listpage/2f78f372d351c6851af7431c7710a731,OFFICIAL_CDE_CATEGORY_NO_DIRECTION,"{""applicant"": ""江苏恒瑞医药股份有限公司"", ""approval_date"": null, ""availability_basis"": ""PUBLICATION_DATE_EXPLICIT"", ""availability_rule"": ""DATE_ONLY_NEXT_TRADE_DATE"", ""category"": ""纳入优先审评品种名单"", ""date_only_source_timestamp_delayed_to_next_real_trading_date"": true, ""direction_classified"": false, ""drug_name"": ""注射用卡瑞利珠单抗"", ""entity_mapping_basis"": ""EXACT_LISTED_ISSUER_LEGAL_NAME"", ""first_observed_snapshot_only"": false, ""forward_or_historical_outcome_read"": false, ""historical_reconstruction_allowed"": true, ""indication"": ""本品用于既往接受过一线标准化疗后疾病进展或不可耐受的局部晚期或转移性食管鳞癌患者的治疗。"", ""official_source_url"": ""https://www.cde.org.cn/main/xxgk/listpage/2f78f372d351c6851af7431c7710a731"", ""predictive_weight_assigned"": false, ""publication_date"": ""2019-09-26"", ""snapshot_captured_at"": null, ""source_identity"": ""NMPA_CDE_PUBLISHED_NOTICE_ARCHIVE""}",39ebf90f7443fa32fff11c409fdb7a770f85a44c6b05f27c20408bafb2e7417d,HISTORICAL_RECONSTRUCTABLE,False,False,False
idkpi:d0243abec4170c7bff86c7bd0228385f190706d8754d4767a486d6226e4ca074,600276.SH,INNOVATION_DRUG,CLINICAL_REGULATORY,CDE_PRIORITY_REVIEW_INCLUDED,2019-09-26,2019-09-27,NMPA_CDE_PUBLISHED_NOTICE_ARCHIVE,NMPA_OR_CDE,official:63389fba8b74b2e3b57d7e55c253e8f4,OFFICIAL_SNAPSHOT:official:63389fba8b74b2e3b57d7e55c253e8f4,纳入优先审评品种名单:注射用卡瑞利珠单抗:本品与培美曲塞和卡铂联合，用于既往未接受过系统治疗的EGFR/ALK野生型的晚期或者转移性非鳞癌非小细胞肺癌的治疗。,https://www.cde.org.cn/main/xxgk/listpage/2f78f372d351c6851af7431c7710a731,OFFICIAL_CDE_CATEGORY_NO_DIRECTION,"{""applicant"": ""江苏恒瑞医药股份有限公司"", ""approval_date"": null, ""availability_basis"": ""PUBLICATION_DATE_EXPLICIT"", ""availability_rule"": ""DATE_ONLY_NEXT_TRADE_DATE"", ""category"": ""纳入优先审评品种名单"", ""date_only_source_timestamp_delayed_to_next_real_trading_date"": true, ""direction_classified"": false, ""drug_name"": ""注射用卡瑞利珠单抗"", ""entity_mapping_basis"": ""EXACT_LISTED_ISSUER_LEGAL_NAME"", ""first_observed_snapshot_only"": false, ""forward_or_historical_outcome_read"": false, ""historical_reconstruction_allowed"": true, ""indication"": ""本品与培美曲塞和卡铂联合，用于既往未接受过系统治疗的EGFR/ALK野生型的晚期或者转移性非鳞癌非小细胞肺癌的治疗。"", ""official_source_url"": ""https://www.cde.org.cn/main/xxgk/listpage/2f78f372d351c6851af7431c7710a731"", ""predictive_weight_assigned"": false, ""publication_date"": ""2019-09-26"", ""snapshot_captured_at"": null, ""source_identity"": ""NMPA_CDE_PUBLISHED_NOTICE_ARCHIVE""}",d0243abec4170c7bff86c7bd0228385f190706d8754d4767a486d6226e4ca074,HISTORICAL_RECONSTRUCTABLE,False,False,False
idkpi:85d39cbb80b359e6c04f050187d7292f36bfe374ddf6ae14db8cac86f4138623,600276.SH,INNOVATION_DRUG,CLINICAL_REGULATORY,CDE_PRIORITY_REVIEW_INCLUDED,2019-12-05,2019-12-06,NMPA_CDE_PUBLISHED_NOTICE_ARCHIVE,NMPA_OR_CDE,official:0b5445291a230aba64e1e3ab1819f862,OFFICIAL_SNAPSHOT:official:0b5445291a230aba64e1e3ab1819f862,纳入优先审评品种名单:氟唑帕利胶囊:本品适用于治疗既往经过二线及以上化疗的伴有BRCA1/2致病性或疑似致病性突变的复发性卵巢癌。,https://www.cde.org.cn/main/xxgk/listpage/2f78f372d351c6851af7431c7710a731,OFFICIAL_CDE_CATEGORY_NO_DIRECTION,"{""applicant"": ""江苏恒瑞医药股份有限公司"", ""approval_date"": null, ""availability_basis"": ""PUBLICATION_DATE_EXPLICIT"", ""availability_rule"": ""DATE_ONLY_NEXT_TRADE_DATE"", ""category"": ""纳入优先审评品种名单"", ""date_only_source_timestamp_delayed_to_next_real_trading_date"": true, ""direction_classified"": false, ""drug_name"": ""氟唑帕利胶囊"", ""entity_mapping_basis"": ""EXACT_LISTED_ISSUER_LEGAL_NAME"", ""first_observed_snapshot_only"": false, ""forward_or_historical_outcome_read"": false, ""historical_reconstruction_allowed"": true, ""indication"": ""本品适用于治疗既往经过二线及以上化疗的伴有BRCA1/2致病性或疑似致病性突变的复发性卵巢癌。"", ""official_source_url"": ""https://www.cde.org.cn/main/xxgk/listpage/2f78f372d351c6851af7431c7710a731"", ""predictive_weight_assigned"": false, ""publication_date"": ""2019-12-05"", ""snapshot_captured_at"": null, ""source_identity"": ""NMPA_CDE_PUBLISHED_NOTICE_ARCHIVE""}",85d39cbb80b359e6c04f050187d7292f36bfe374ddf6ae14db8cac86f4138623,HISTORICAL_RECONSTRUCTABLE,False,False,False
idkpi:337df8abd9777be4b3537c179b39893047930aa99a3315588f28d48b7da97cb5,600276.SH,INNOVATION_DRUG,CLINICAL_REGULATORY,CDE_PRIORITY_REVIEW_INCLUDED,2020-07-20,2020-07-21,NMPA_CDE_PUBLISHED_NOTICE_ARCHIVE,NMPA_OR_CDE,official:f70be8c77ea8d01cd52c6223b0b67cfc,OFFICIAL_SNAPSHOT:official:f70be8c77ea8d01cd52c6223b0b67cfc,纳入优先审评品种名单:海曲泊帕乙醇胺片:本品用于对免疫抑制治疗（IST）疗效不佳的重型再生障碍性贫血（SAA）患者的治疗。,https://www.cde.org.cn/main/xxgk/listpage/2f78f372d351c6851af7431c7710a731,OFFICIAL_CDE_CATEGORY_NO_DIRECTION,"{""applicant"": ""江苏恒瑞医药股份有限公司"", ""approval_date"": null, ""availability_basis"": ""PUBLICATION_DATE_EXPLICIT"", ""availability_rule"": ""DATE_ONLY_NEXT_TRADE_DATE"", ""category"": ""纳入优先审评品种名单"", ""date_only_source_timestamp_delayed_to_next_real_trading_date"": true, ""direction_classified"": false, ""drug_name"": ""海曲泊帕乙醇胺片"", ""entity_mapping_basis"": ""EXACT_LISTED_ISSUER_LEGAL_NAME"", ""first_observed_snapshot_only"": false, ""forward_or_historical_outcome_read"": false, ""historical_reconstruction_allowed"": true, ""indication"": ""本品用于对免疫抑制治疗（IST）疗效不佳的重型再生障碍性贫血（SAA）患者的治疗。"", ""official_source_url"": ""https://www.cde.org.cn/main/xxgk/listpage/2f78f372d351c6851af7431c7710a731"", ""predictive_weight_assigned"": false, ""publication_date"": ""2020-07-20"", ""snapshot_captured_at"": null, ""source_identity"": ""NMPA_CDE_PUBLISHED_NOTICE_ARCHIVE""}",337df8abd9777be4b3537c179b39893047930aa99a3315588f28d48b7da97cb5,HISTORICAL_RECONSTRUCTABLE,False,False,False
idkpi:a9e170b7bf255b2732b1899efded9fbebc235d2dd92fa11186d4ddcb26d61591,600276.SH,INNOVATION_DRUG,CLINICAL_REGULATORY,CDE_PRIORITY_REVIEW_INCLUDED,2020-07-20,2020-07-21,NMPA_CDE_PUBLISHED_NOTICE_ARCHIVE,NMPA_OR_CDE,official:985ea032f637be3b63401c07d1427033,OFFICIAL_SNAPSHOT:official:985ea032f637be3b63401c07d1427033,纳入优先审评品种名单:海曲泊帕乙醇胺片:本品用于对免疫抑制治疗（IST）疗效不佳的重型再生障碍性贫血（SAA）患者的治疗。,https://www.cde.org.cn/main/xxgk/listpage/2f78f372d351c6851af7431c7710a731,OFFICIAL_CDE_CATEGORY_NO_DIRECTION,"{""applicant"": ""江苏恒瑞医药股份有限公司"", ""approval_date"": null, ""availability_basis"": ""PUBLICATION_DATE_EXPLICIT"", ""availability_rule"": ""DATE_ONLY_NEXT_TRADE_DATE"", ""category"": ""纳入优先审评品种名单"", ""date_only_source_timestamp_delayed_to_next_real_trading_date"": true, ""direction_classified"": false, ""drug_name"": ""海曲泊帕乙醇胺片"", ""entity_mapping_basis"": ""EXACT_LISTED_ISSUER_LEGAL_NAME"", ""first_observed_snapshot_only"": false, ""forward_or_historical_outcome_read"": false, ""historical_reconstruction_allowed"": true, ""indication"": ""本品用于对免疫抑制治疗（IST）疗效不佳的重型再生障碍性贫血（SAA）患者的治疗。"", ""official_source_url"": ""https://www.cde.org.cn/main/xxgk/listpage/2f78f372d351c6851af7431c7710a731"", ""predictive_weight_assigned"": false, ""publication_date"": ""2020-07-20"", ""snapshot_captured_at"": null, ""source_identity"": ""NMPA_CDE_PUBLISHED_NOTICE_ARCHIVE""}",a9e170b7bf255b2732b1899efded9fbebc235d2dd92fa11186d4ddcb26d61591,HISTORICAL_RECONSTRUCTABLE,False,False,False
idkpi:8b0a005123604fd44102b6ec072c0eb35444e11b0a7070892fdc3a4101165788,600276.SH,INNOVATION_DRUG,CLINICAL_REGULATORY,CDE_CONDITIONAL_APPROVAL,2020-12-11,2020-12-14,NMPA_CDE_PUBLISHED_NOTICE_ARCHIVE,NMPA_OR_CDE,conditional:3ee51f907d66de8c43862a3b14133e6e66421afc6c8a829b6b4653a8250309c6,OFFICIAL_SNAPSHOT:conditional:3ee51f907d66de8c43862a3b14133e6e66421afc6c8a829b6b4653a8250309c6,附条件批准品种:氟唑帕利胶囊:适用于既往经过二线及以上化疗的伴有胚系BRCA突变(gBRCAm)的铂敏感复发性卵巢癌、输卵管癌或原发性腹膜癌患者的治疗。,https://www.cde.org.cn/main/xxgk/listpage/c8d79e513a6df98adf05893281ace198,OFFICIAL_CDE_CATEGORY_NO_DIRECTION,"{""applicant"": ""江苏恒瑞医药股份有限公司"", ""approval_date"": ""2020-12-11"", ""availability_basis"": ""OFFICIAL_APPROVAL_DATE_EXPLICIT"", ""availability_rule"": ""DATE_ONLY_NEXT_TRADE_DATE"", ""category"": ""附条件批准品种"", ""date_only_source_timestamp_delayed_to_next_real_trading_date"": true, ""direction_classified"": false, ""drug_name"": ""氟唑帕利胶囊"", ""entity_mapping_basis"": ""EXACT_LISTED_ISSUER_LEGAL_NAME"", ""first_observed_snapshot_only"": false, ""forward_or_historical_outcome_read"": false, ""historical_reconstruction_allowed"": true, ""indication"": ""适用于既往经过二线及以上化疗的伴有胚系BRCA突变(gBRCAm)的铂敏感复发性卵巢癌、输卵管癌或原发性腹膜癌患者的治疗。"", ""official_source_url"": ""https://www.cde.org.cn/main/xxgk/listpage/c8d79e513a6df98adf05893281ace198"", ""predictive_weight_assigned"": false, ""publication_date"": null, ""snapshot_captured_at"": null, ""source_identity"": ""NMPA_CDE_PUBLISHED_NOTICE_ARCHIVE""}",8b0a005123604fd44102b6ec072c0eb35444e11b0a7070892fdc3a4101165788,HISTORICAL_RECONSTRUCTABLE,False,False,False
idkpi:49c1b01df2f9276ed0d1d360537f559a42e6adfc04f046533312bedd1b19e325,600276.SH,INNOVATION_DRUG,CLINICAL_REGULATORY,CDE_PRIORITY_REVIEW_INCLUDED,2021-01-08,2021-01-11,NMPA_CDE_PUBLISHED_NOTICE_ARCHIVE,NMPA_OR_CDE,official:fa8a59a165d4eb9e5ded6cf60a8c95e2,OFFICIAL_SNAPSHOT:official:fa8a59a165d4eb9e5ded6cf60a8c95e2,纳入优先审评品种名单:氟唑帕利胶囊:本品用于铂敏感的复发性上皮性卵巢癌、输卵管癌或原发性腹膜癌在含铂化疗达到完全缓解或部分缓解后的维持治疗。,https://www.cde.org.cn/main/xxgk/listpage/2f78f372d351c6851af7431c7710a731,OFFICIAL_CDE_CATEGORY_NO_DIRECTION,"{""applicant"": ""江苏恒瑞医药股份有限公司"", ""approval_date"": null, ""availability_basis"": ""PUBLICATION_DATE_EXPLICIT"", ""availability_rule"": ""DATE_ONLY_NEXT_TRADE_DATE"", ""category"": ""纳入优先审评品种名单"", ""date_only_source_timestamp_delayed_to_next_real_trading_date"": true, ""direction_classified"": false, ""drug_name"": ""氟唑帕利胶囊"", ""entity_mapping_basis"": ""EXACT_LISTED_ISSUER_LEGAL_NAME"", ""first_observed_snapshot_only"": false, ""forward_or_historical_outcome_read"": false, ""historical_reconstruction_allowed"": true, ""indication"": ""本品用于铂敏感的复发性上皮性卵巢癌、输卵管癌或原发性腹膜癌在含铂化疗达到完全缓解或部分缓解后的维持治疗。"", ""official_source_url"": ""https://www.cde.org.cn/main/xxgk/listpage/2f78f372d351c6851af7431c7710a731"", ""predictive_weight_assigned"": false, ""publication_date"": ""2021-01-08"", ""snapshot_captured_at"": null, ""source_identity"": ""NMPA_CDE_PUBLISHED_NOTICE_ARCHIVE""}",49c1b01df2f9276ed0d1d360537f559a42e6adfc04f046533312bedd1b19e325,HISTORICAL_RECONSTRUCTABLE,False,False,False
idkpi:86fcb26be8f15a23f6d3e0b2a91e34523719ee1deeb3e13d9819d8b27763a5b2,600276.SH,INNOVATION_DRUG,CLINICAL_REGULATORY,CDE_PRIORITY_REVIEW_INCLUDED,2021-04-21,2021-04-22,NMPA_CDE_PUBLISHED_NOTICE_ARCHIVE,NMPA_OR_CDE,official:6e2f2d6ad867207e1ec415ecce87149a,OFFICIAL_SNAPSHOT:official:6e2f2d6ad867207e1ec415ecce87149a,纳入优先审评品种名单:SHR6390片:本品拟联合氟维司群用于激素受体（HR）阳性，人表皮生长因子受体2（HER2）阴性的经内分泌治疗后进展的复发或转移性乳腺癌的治疗。,https://www.cde.org.cn/main/xxgk/listpage/2f78f372d351c6851af7431c7710a731,OFFICIAL_CDE_CATEGORY_NO_DIRECTION,"{""applicant"": ""江苏恒瑞医药股份有限公司"", ""approval_date"": null, ""availability_basis"": ""PUBLICATION_DATE_EXPLICIT"", ""availability_rule"": ""DATE_ONLY_NEXT_TRADE_DATE"", ""category"": ""纳入优先审评品种名单"", ""date_only_source_timestamp_delayed_to_next_real_trading_date"": true, ""direction_classified"": false, ""drug_name"": ""SHR6390片"", ""entity_mapping_basis"": ""EXACT_LISTED_ISSUER_LEGAL_NAME"", ""first_observed_snapshot_only"": false, ""forward_or_historical_outcome_read"": false, ""historical_reconstruction_allowed"": true, ""indication"": ""本品拟联合氟维司群用于激素受体（HR）阳性，人表皮生长因子受体2（HER2）阴性的经内分泌治疗后进展的复发或转移性乳腺癌的治疗。"", ""official_source_url"": ""https://www.cde.org.cn/main/xxgk/listpage/2f78f372d351c6851af7431c7710a731"", ""predictive_weight_assigned"": false, ""publication_date"": ""2021-04-21"", ""snapshot_captured_at"": null, ""source_identity"": ""NMPA_CDE_PUBLISHED_NOTICE_ARCHIVE""}",86fcb26be8f15a23f6d3e0b2a91e34523719ee1deeb3e13d9819d8b27763a5b2,HISTORICAL_RECONSTRUCTABLE,False,False,False
idkpi:4676e654f330a51e5d82bd2f679dea90f1e082c4fbe8a94d5e8fcf5e4c07a8bd,600276.SH,INNOVATION_DRUG,CLINICAL_REGULATORY,CDE_PRIORITY_REVIEW_INCLUDED,2021-05-10,2021-05-11,NMPA_CDE_PUBLISHED_NOTICE_ARCHIVE,NMPA_OR_CDE,official:f028b4d75cdbe1daca463e852eb82830,OFFICIAL_SNAPSHOT:official:f028b4d75cdbe1daca463e852eb82830,纳入优先审评品种名单:SHR6390片:本品拟联合氟维司群用于激素受体（HR）阳性，人表皮生长因子受体2（HER2）阴性的经内分泌治疗后进展的复发或转移性乳腺癌的治疗。,https://www.cde.org.cn/main/xxgk/listpage/2f78f372d351c6851af7431c7710a731,OFFICIAL_CDE_CATEGORY_NO_DIRECTION,"{""applicant"": ""江苏恒瑞医药股份有限公司"", ""approval_date"": null, ""availability_basis"": ""PUBLICATION_DATE_EXPLICIT"", ""availability_rule"": ""DATE_ONLY_NEXT_TRADE_DATE"", ""category"": ""纳入优先审评品种名单"", ""date_only_source_timestamp_delayed_to_next_real_trading_date"": true, ""direction_classified"": false, ""drug_name"": ""SHR6390片"", ""entity_mapping_basis"": ""EXACT_LISTED_ISSUER_LEGAL_NAME"", ""first_observed_snapshot_only"": false, ""forward_or_historical_outcome_read"": false, ""historical_reconstruction_allowed"": true, ""indication"": ""本品拟联合氟维司群用于激素受体（HR）阳性，人表皮生长因子受体2（HER2）阴性的经内分泌治疗后进展的复发或转移性乳腺癌的治疗。"", ""official_source_url"": ""https://www.cde.org.cn/main/xxgk/listpage/2f78f372d351c6851af7431c7710a731"", ""predictive_weight_assigned"": false, ""publication_date"": ""2021-05-10"", ""snapshot_captured_at"": null, ""source_identity"": ""NMPA_CDE_PUBLISHED_NOTICE_ARCHIVE""}",4676e654f330a51e5d82bd2f679dea90f1e082c4fbe8a94d5e8fcf5e4c07a8bd,HISTORICAL_RECONSTRUCTABLE,False,False,False
idkpi:a7e4696f8e0452b00337c332d19a8e259aa7c4389deb8db0006169e6cd51d099,600276.SH,INNOVATION_DRUG,CLINICAL_REGULATORY,CDE_PRIORITY_REVIEW_INCLUDED,2021-05-10,2021-05-11,NMPA_CDE_PUBLISHED_NOTICE_ARCHIVE,NMPA_OR_CDE,official:3b1ee35042417d311c9117bb11eaa3b5,OFFICIAL_SNAPSHOT:official:3b1ee35042417d311c9117bb11eaa3b5,纳入优先审评品种名单:SHR6390片:本品拟联合氟维司群用于激素受体（HR）阳性，人表皮生长因子受体2（HER2）阴性的经内分泌治疗后进展的复发或转移性乳腺癌的治疗。,https://www.cde.org.cn/main/xxgk/listpage/2f78f372d351c6851af7431c7710a731,OFFICIAL_CDE_CATEGORY_NO_DIRECTION,"{""applicant"": ""江苏恒瑞医药股份有限公司"", ""approval_date"": null, ""availability_basis"": ""PUBLICATION_DATE_EXPLICIT"", ""availability_rule"": ""DATE_ONLY_NEXT_TRADE_DATE"", ""category"": ""纳入优先审评品种名单"", ""date_only_source_timestamp_delayed_to_next_real_trading_date"": true, ""direction_classified"": false, ""drug_name"": ""SHR6390片"", ""entity_mapping_basis"": ""EXACT_LISTED_ISSUER_LEGAL_NAME"", ""first_observed_snapshot_only"": false, ""forward_or_historical_outcome_read"": false, ""historical_reconstruction_allowed"": true, ""indication"": ""本品拟联合氟维司群用于激素受体（HR）阳性，人表皮生长因子受体2（HER2）阴性的经内分泌治疗后进展的复发或转移性乳腺癌的治疗。"", ""official_source_url"": ""https://www.cde.org.cn/main/xxgk/listpage/2f78f372d351c6851af7431c7710a731"", ""predictive_weight_assigned"": false, ""publication_date"": ""2021-05-10"", ""snapshot_captured_at"": null, ""source_identity"": ""NMPA_CDE_PUBLISHED_NOTICE_ARCHIVE""}",a7e4696f8e0452b00337c332d19a8e259aa7c4389deb8db0006169e6cd51d099,HISTORICAL_RECONSTRUCTABLE,False,False,False
idkpi:d7d259b49ff661ac0bf68fbea7bced3205dcf5d8ab777d5f8135391f36160ed5,600276.SH,INNOVATION_DRUG,CLINICAL_REGULATORY,CDE_CONDITIONAL_APPROVAL,2021-06-16,2021-06-17,NMPA_CDE_PUBLISHED_NOTICE_ARCHIVE,NMPA_OR_CDE,conditional:920ca118dabf88eb4779c4b14456f519ab6db64309b6fdd06b5e70011ba80cba,OFFICIAL_SNAPSHOT:conditional:920ca118dabf88eb4779c4b14456f519ab6db64309b6fdd06b5e70011ba80cba,附条件批准品种:海曲泊帕乙醇胺片:本品适用于对免疫抑制治疗（IST）疗效不佳的重型再生障碍性贫血（SAA）成人患者。,https://www.cde.org.cn/main/xxgk/listpage/c8d79e513a6df98adf05893281ace198,OFFICIAL_CDE_CATEGORY_NO_DIRECTION,"{""applicant"": ""江苏恒瑞医药股份有限公司"", ""approval_date"": ""2021-06-16"", ""availability_basis"": ""OFFICIAL_APPROVAL_DATE_EXPLICIT"", ""availability_rule"": ""DATE_ONLY_NEXT_TRADE_DATE"", ""category"": ""附条件批准品种"", ""date_only_source_timestamp_delayed_to_next_real_trading_date"": true, ""direction_classified"": false, ""drug_name"": ""海曲泊帕乙醇胺片"", ""entity_mapping_basis"": ""EXACT_LISTED_ISSUER_LEGAL_NAME"", ""first_observed_snapshot_only"": false, ""forward_or_historical_outcome_read"": false, ""historical_reconstruction_allowed"": true, ""indication"": ""本品适用于对免疫抑制治疗（IST）疗效不佳的重型再生障碍性贫血（SAA）成人患者。"", ""official_source_url"": ""https://www.cde.org.cn/main/xxgk/listpage/c8d79e513a6df98adf05893281ace198"", ""predictive_weight_assigned"": false, ""publication_date"": null, ""snapshot_captured_at"": null, ""source_identity"": ""NMPA_CDE_PUBLISHED_NOTICE_ARCHIVE""}",d7d259b49ff661ac0bf68fbea7bced3205dcf5d8ab777d5f8135391f36160ed5,HISTORICAL_RECONSTRUCTABLE,False,False,False
idkpi:33de1d29b789b2699459f967c068c0a78e3ea9ce726ebf6f1811081a3aaf4271,600276.SH,INNOVATION_DRUG,CLINICAL_REGULATORY,CDE_PRIORITY_REVIEW_INCLUDED,2021-09-24,2021-09-27,NMPA_CDE_PUBLISHED_NOTICE_ARCHIVE,NMPA_OR_CDE,official:118a17eaa51e8957c2f26ec5e7ab435f,OFFICIAL_SNAPSHOT:official:118a17eaa51e8957c2f26ec5e7ab435f,纳入优先审评品种名单:马来酸吡咯替尼片:本品联合曲妥珠单抗及多西他赛，适用于治疗表皮生长因子受体2（HER2）阳性早期或局部晚期乳腺癌患者的新辅助治疗,https://www.cde.org.cn/main/xxgk/listpage/2f78f372d351c6851af7431c7710a731,OFFICIAL_CDE_CATEGORY_NO_DIRECTION,"{""applicant"": ""江苏恒瑞医药股份有限公司"", ""approval_date"": null, ""availability_basis"": ""PUBLICATION_DATE_EXPLICIT"", ""availability_rule"": ""DATE_ONLY_NEXT_TRADE_DATE"", ""category"": ""纳入优先审评品种名单"", ""date_only_source_timestamp_delayed_to_next_real_trading_date"": true, ""direction_classified"": false, ""drug_name"": ""马来酸吡咯替尼片"", ""entity_mapping_basis"": ""EXACT_LISTED_ISSUER_LEGAL_NAME"", ""first_observed_snapshot_only"": false, ""forward_or_historical_outcome_read"": false, ""historical_reconstruction_allowed"": true, ""indication"": ""本品联合曲妥珠单抗及多西他赛，适用于治疗表皮生长因子受体2（HER2）阳性早期或局部晚期乳腺癌患者的新辅助治疗"", ""official_source_url"": ""https://www.cde.org.cn/main/xxgk/listpage/2f78f372d351c6851af7431c7710a731"", ""predictive_weight_assigned"": false, ""publication_date"": ""2021-09-24"", ""snapshot_captured_at"": null, ""source_identity"": ""NMPA_CDE_PUBLISHED_NOTICE_ARCHIVE""}",33de1d29b789b2699459f967c068c0a78e3ea9ce726ebf6f1811081a3aaf4271,HISTORICAL_RECONSTRUCTABLE,False,False,False
idkpi:e476d2acc9d52d594cf452fde6648a3cc568b2a12228e52aee225b9d2ac511c2,600276.SH,INNOVATION_DRUG,CLINICAL_REGULATORY,CDE_PRIORITY_REVIEW_INCLUDED,2021-09-24,2021-09-27,NMPA_CDE_PUBLISHED_NOTICE_ARCHIVE,NMPA_OR_CDE,official:e1602903bd8d473dfe3910a02f0acc2b,OFFICIAL_SNAPSHOT:official:e1602903bd8d473dfe3910a02f0acc2b,纳入优先审评品种名单:马来酸吡咯替尼片:本品联合曲妥珠单抗及多西他赛，适用于治疗表皮生长因子受体2（HER2）阳性早期或局部晚期乳腺癌患者的新辅助治疗,https://www.cde.org.cn/main/xxgk/listpage/2f78f372d351c6851af7431c7710a731,OFFICIAL_CDE_CATEGORY_NO_DIRECTION,"{""applicant"": ""江苏恒瑞医药股份有限公司"", ""approval_date"": null, ""availability_basis"": ""PUBLICATION_DATE_EXPLICIT"", ""availability_rule"": ""DATE_ONLY_NEXT_TRADE_DATE"", ""category"": ""纳入优先审评品种名单"", ""date_only_source_timestamp_delayed_to_next_real_trading_date"": true, ""direction_classified"": false, ""drug_name"": ""马来酸吡咯替尼片"", ""entity_mapping_basis"": ""EXACT_LISTED_ISSUER_LEGAL_NAME"", ""first_observed_snapshot_only"": false, ""forward_or_historical_outcome_read"": false, ""historical_reconstruction_allowed"": true, ""indication"": ""本品联合曲妥珠单抗及多西他赛，适用于治疗表皮生长因子受体2（HER2）阳性早期或局部晚期乳腺癌患者的新辅助治疗"", ""official_source_url"": ""https://www.cde.org.cn/main/xxgk/listpage/2f78f372d351c6851af7431c7710a731"", ""predictive_weight_assigned"": false, ""publication_date"": ""2021-09-24"", ""snapshot_captured_at"": null, ""source_identity"": ""NMPA_CDE_PUBLISHED_NOTICE_ARCHIVE""}",e476d2acc9d52d594cf452fde6648a3cc568b2a12228e52aee225b9d2ac511c2,HISTORICAL_RECONSTRUCTABLE,False,False,False
idkpi:c87c88abf8375911dc2d3b350b8f792b094b37616c4ba1343fb88a7a0cf105c0,600276.SH,INNOVATION_DRUG,CLINICAL_REGULATORY,CDE_PRIORITY_REVIEW_INCLUDED,2021-10-12,2021-10-13,NMPA_CDE_PUBLISHED_NOTICE_ARCHIVE,NMPA_OR_CDE,official:0601ac4b81eeefbf963fab4e700c729a,OFFICIAL_SNAPSHOT:official:0601ac4b81eeefbf963fab4e700c729a,"纳入优先审评品种名单:环磷酰胺胶囊:环磷酰胺胶囊适用于治疗：
恶性淋巴瘤(Ann Arbor分期III期和IV期)，霍奇金淋巴瘤，淋巴细胞性淋巴瘤(结节性或弥漫性)，混合细胞型淋巴瘤，组织细胞性淋巴瘤，伯基特淋巴瘤
多发性骨髓瘤
白血病：慢性淋巴细胞性白血病，慢性粒细胞性白血病(急性原始细胞危象通常无效)，急性髓性和单核细胞性白血病，急性淋巴细胞性(干细胞)白血病(缓解期间给予环磷酰胺可有效延长缓解期)
蕈样真菌病(晚期)
成神经细胞瘤(弥散性疾病)
卵巢腺癌
视网膜母细胞瘤
乳腺癌",https://www.cde.org.cn/main/xxgk/listpage/2f78f372d351c6851af7431c7710a731,OFFICIAL_CDE_CATEGORY_NO_DIRECTION,"{""applicant"": ""江苏恒瑞医药股份有限公司"", ""approval_date"": null, ""availability_basis"": ""PUBLICATION_DATE_EXPLICIT"", ""availability_rule"": ""DATE_ONLY_NEXT_TRADE_DATE"", ""category"": ""纳入优先审评品种名单"", ""date_only_source_timestamp_delayed_to_next_real_trading_date"": true, ""direction_classified"": false, ""drug_name"": ""环磷酰胺胶囊"", ""entity_mapping_basis"": ""EXACT_LISTED_ISSUER_LEGAL_NAME"", ""first_observed_snapshot_only"": false, ""forward_or_historical_outcome_read"": false, ""historical_reconstruction_allowed"": true, ""indication"": ""环磷酰胺胶囊适用于治疗：\r\n恶性淋巴瘤(Ann Arbor分期III期和IV期)，霍奇金淋巴瘤，淋巴细胞性淋巴瘤(结节性或弥漫性)，混合细胞型淋巴瘤，组织细胞性淋巴瘤，伯基特淋巴瘤\r\n多发性骨髓瘤\r\n白血病：慢性淋巴细胞性白血病，慢性粒细胞性白血病(急性原始细胞危象通常无效)，急性髓性和单核细胞性白血病，急性淋巴细胞性(干细胞)白血病(缓解期间给予环磷酰胺可有效延长缓解期)\r\n蕈样真菌病(晚期)\r\n成神经细胞瘤(弥散性疾病)\r\n卵巢腺癌\r\n视网膜母细胞瘤\r\n乳腺癌"", ""official_source_url"": ""https://www.cde.org.cn/main/xxgk/listpage/2f78f372d351c6851af7431c7710a731"", ""predictive_weight_assigned"": false, ""publication_date"": ""2021-10-12"", ""snapshot_captured_at"": null, ""source_identity"": ""NMPA_CDE_PUBLISHED_NOTICE_ARCHIVE""}",c87c88abf8375911dc2d3b350b8f792b094b37616c4ba1343fb88a7a0cf105c0,HISTORICAL_RECONSTRUCTABLE,False,False,False
idkpi:e6280300e22ff64fa59b2c78d8250bbbe5723c85a98374edefb7ad4ac0226496,600276.SH,INNOVATION_DRUG,CLINICAL_REGULATORY,CDE_PRIORITY_REVIEW_INCLUDED,2021-10-28,2021-10-29,NMPA_CDE_PUBLISHED_NOTICE_ARCHIVE,NMPA_OR_CDE,official:abc69c4db158eb5d4f5e813544c225fd,OFFICIAL_SNAPSHOT:official:abc69c4db158eb5d4f5e813544c225fd,纳入优先审评品种名单:SHR3680片:本品适用于治疗高瘤负荷的转移性激素敏感性前列腺癌（mHSPC）患者。,https://www.cde.org.cn/main/xxgk/listpage/2f78f372d351c6851af7431c7710a731,OFFICIAL_CDE_CATEGORY_NO_DIRECTION,"{""applicant"": ""江苏恒瑞医药股份有限公司"", ""approval_date"": null, ""availability_basis"": ""PUBLICATION_DATE_EXPLICIT"", ""availability_rule"": ""DATE_ONLY_NEXT_TRADE_DATE"", ""category"": ""纳入优先审评品种名单"", ""date_only_source_timestamp_delayed_to_next_real_trading_date"": true, ""direction_classified"": false, ""drug_name"": ""SHR3680片"", ""entity_mapping_basis"": ""EXACT_LISTED_ISSUER_LEGAL_NAME"", ""first_observed_snapshot_only"": false, ""forward_or_historical_outcome_read"": false, ""historical_reconstruction_allowed"": true, ""indication"": ""本品适用于治疗高瘤负荷的转移性激素敏感性前列腺癌（mHSPC）患者。"", ""official_source_url"": ""https://www.cde.org.cn/main/xxgk/listpage/2f78f372d351c6851af7431c7710a731"", ""predictive_weight_assigned"": false, ""publication_date"": ""2021-10-28"", ""snapshot_captured_at"": null, ""source_identity"": ""NMPA_CDE_PUBLISHED_NOTICE_ARCHIVE""}",e6280300e22ff64fa59b2c78d8250bbbe5723c85a98374edefb7ad4ac0226496,HISTORICAL_RECONSTRUCTABLE,False,False,False
idkpi:03d75d7194a47f96ef0e819735c88f411ed1e4e1c812a7fa8bbd3a63f20bebff,600276.SH,INNOVATION_DRUG,CLINICAL_REGULATORY,CDE_CONDITIONAL_APPROVAL,2022-05-31,2022-06-01,NMPA_CDE_PUBLISHED_NOTICE_ARCHIVE,NMPA_OR_CDE,conditional:c08c62687989c51925a278706f3005dc19ddd5bc8689cb0864914b6a0375a106,OFFICIAL_SNAPSHOT:conditional:c08c62687989c51925a278706f3005dc19ddd5bc8689cb0864914b6a0375a106,附条件批准品种:马来酸吡咯替尼片:本品与曲妥珠单抗和多西他赛联合，用于表皮生长因子受体2（HER2）阳性早期或局部晚期乳腺癌患者的新辅助治疗。,https://www.cde.org.cn/main/xxgk/listpage/c8d79e513a6df98adf05893281ace198,OFFICIAL_CDE_CATEGORY_NO_DIRECTION,"{""applicant"": ""江苏恒瑞医药股份有限公司"", ""approval_date"": ""2022-05-31"", ""availability_basis"": ""OFFICIAL_APPROVAL_DATE_EXPLICIT"", ""availability_rule"": ""DATE_ONLY_NEXT_TRADE_DATE"", ""category"": ""附条件批准品种"", ""date_only_source_timestamp_delayed_to_next_real_trading_date"": true, ""direction_classified"": false, ""drug_name"": ""马来酸吡咯替尼片"", ""entity_mapping_basis"": ""EXACT_LISTED_ISSUER_LEGAL_NAME"", ""first_observed_snapshot_only"": false, ""forward_or_historical_outcome_read"": false, ""historical_reconstruction_allowed"": true, ""indication"": ""本品与曲妥珠单抗和多西他赛联合，用于表皮生长因子受体2（HER2）阳性早期或局部晚期乳腺癌患者的新辅助治疗。"", ""official_source_url"": ""https://www.cde.org.cn/main/xxgk/listpage/c8d79e513a6df98adf05893281ace198"", ""predictive_weight_assigned"": false, ""publication_date"": null, ""snapshot_captured_at"": null, ""source_identity"": ""NMPA_CDE_PUBLISHED_NOTICE_ARCHIVE""}",03d75d7194a47f96ef0e819735c88f411ed1e4e1c812a7fa8bbd3a63f20bebff,HISTORICAL_RECONSTRUCTABLE,False,False,False
idkpi:1a11a2c5c02cfa09f945f69b8551af15cbf4e19e0b2008b8906839ce678c9d1c,600276.SH,INNOVATION_DRUG,CLINICAL_REGULATORY,CDE_CONDITIONAL_APPROVAL,2022-06-28,2022-06-29,NMPA_CDE_PUBLISHED_NOTICE_ARCHIVE,NMPA_OR_CDE,conditional:21f85b306ead51fb1e5e867e26362c414e4144e8a8f3f36360aaf88ce898184e,OFFICIAL_SNAPSHOT:conditional:21f85b306ead51fb1e5e867e26362c414e4144e8a8f3f36360aaf88ce898184e,附条件批准品种:瑞维鲁胺片:本品适用于治疗高瘤负荷的转移性激素敏感性前列腺癌（mHSPC）患者。,https://www.cde.org.cn/main/xxgk/listpage/c8d79e513a6df98adf05893281ace198,OFFICIAL_CDE_CATEGORY_NO_DIRECTION,"{""applicant"": ""江苏恒瑞医药股份有限公司"", ""approval_date"": ""2022-06-28"", ""availability_basis"": ""OFFICIAL_APPROVAL_DATE_EXPLICIT"", ""availability_rule"": ""DATE_ONLY_NEXT_TRADE_DATE"", ""category"": ""附条件批准品种"", ""date_only_source_timestamp_delayed_to_next_real_trading_date"": true, ""direction_classified"": false, ""drug_name"": ""瑞维鲁胺片"", ""entity_mapping_basis"": ""EXACT_LISTED_ISSUER_LEGAL_NAME"", ""first_observed_snapshot_only"": false, ""forward_or_historical_outcome_read"": false, ""historical_reconstruction_allowed"": true, ""indication"": ""本品适用于治疗高瘤负荷的转移性激素敏感性前列腺癌（mHSPC）患者。"", ""official_source_url"": ""https://www.cde.org.cn/main/xxgk/listpage/c8d79e513a6df98adf05893281ace198"", ""predictive_weight_assigned"": false, ""publication_date"": null, ""snapshot_captured_at"": null, ""source_identity"": ""NMPA_CDE_PUBLISHED_NOTICE_ARCHIVE""}",1a11a2c5c02cfa09f945f69b8551af15cbf4e19e0b2008b8906839ce678c9d1c,HISTORICAL_RECONSTRUCTABLE,False,False,False
idkpi:89a2687e1dbfd2a804c40421f64b450fd698d961360d9c0c79390eb3bdeec394,600276.SH,INNOVATION_DRUG,CLINICAL_REGULATORY,CDE_PRIORITY_REVIEW_INCLUDED,2022-11-15,2022-11-16,NMPA_CDE_PUBLISHED_NOTICE_ARCHIVE,NMPA_OR_CDE,official:129a091cc028f8ede0c0c0072006c7d7,OFFICIAL_SNAPSHOT:official:129a091cc028f8ede0c0c0072006c7d7,纳入优先审评品种名单:马来酸吡咯替尼片:马来酸吡咯替尼片与曲妥珠单抗和多西他赛联合，用于治疗表皮生长因子受体2（HER2）阳性、晚期阶段未接受过抗HER2治疗的复发或转移性乳腺癌患者,https://www.cde.org.cn/main/xxgk/listpage/2f78f372d351c6851af7431c7710a731,OFFICIAL_CDE_CATEGORY_NO_DIRECTION,"{""applicant"": ""江苏恒瑞医药股份有限公司"", ""approval_date"": null, ""availability_basis"": ""PUBLICATION_DATE_EXPLICIT"", ""availability_rule"": ""DATE_ONLY_NEXT_TRADE_DATE"", ""category"": ""纳入优先审评品种名单"", ""date_only_source_timestamp_delayed_to_next_real_trading_date"": true, ""direction_classified"": false, ""drug_name"": ""马来酸吡咯替尼片"", ""entity_mapping_basis"": ""EXACT_LISTED_ISSUER_LEGAL_NAME"", ""first_observed_snapshot_only"": false, ""forward_or_historical_outcome_read"": false, ""historical_reconstruction_allowed"": true, ""indication"": ""马来酸吡咯替尼片与曲妥珠单抗和多西他赛联合，用于治疗表皮生长因子受体2（HER2）阳性、晚期阶段未接受过抗HER2治疗的复发或转移性乳腺癌患者"", ""official_source_url"": ""https://www.cde.org.cn/main/xxgk/listpage/2f78f372d351c6851af7431c7710a731"", ""predictive_weight_assigned"": false, ""publication_date"": ""2022-11-15"", ""snapshot_captured_at"": null, ""source_identity"": ""NMPA_CDE_PUBLISHED_NOTICE_ARCHIVE""}",89a2687e1dbfd2a804c40421f64b450fd698d961360d9c0c79390eb3bdeec394,HISTORICAL_RECONSTRUCTABLE,False,False,False
idkpi:da0d998b9e5e09585f17af85061ceff60d28ab447abe8f5b8dd28095c473d541,600276.SH,INNOVATION_DRUG,CLINICAL_REGULATORY,CDE_PRIORITY_REVIEW_INCLUDED,2022-11-15,2022-11-16,NMPA_CDE_PUBLISHED_NOTICE_ARCHIVE,NMPA_OR_CDE,official:e56fe318faf61125b4b7dbc372e4b7ca,OFFICIAL_SNAPSHOT:official:e56fe318faf61125b4b7dbc372e4b7ca,纳入优先审评品种名单:马来酸吡咯替尼片:马来酸吡咯替尼片与曲妥珠单抗和多西他赛联合，用于治疗表皮生长因子受体2（HER2）阳性、晚期阶段未接受过抗HER2治疗的复发或转移性乳腺癌患者,https://www.cde.org.cn/main/xxgk/listpage/2f78f372d351c6851af7431c7710a731,OFFICIAL_CDE_CATEGORY_NO_DIRECTION,"{""applicant"": ""江苏恒瑞医药股份有限公司"", ""approval_date"": null, ""availability_basis"": ""PUBLICATION_DATE_EXPLICIT"", ""availability_rule"": ""DATE_ONLY_NEXT_TRADE_DATE"", ""category"": ""纳入优先审评品种名单"", ""date_only_source_timestamp_delayed_to_next_real_trading_date"": true, ""direction_classified"": false, ""drug_name"": ""马来酸吡咯替尼片"", ""entity_mapping_basis"": ""EXACT_LISTED_ISSUER_LEGAL_NAME"", ""first_observed_snapshot_only"": false, ""forward_or_historical_outcome_read"": false, ""historical_reconstruction_allowed"": true, ""indication"": ""马来酸吡咯替尼片与曲妥珠单抗和多西他赛联合，用于治疗表皮生长因子受体2（HER2）阳性、晚期阶段未接受过抗HER2治疗的复发或转移性乳腺癌患者"", ""official_source_url"": ""https://www.cde.org.cn/main/xxgk/listpage/2f78f372d351c6851af7431c7710a731"", ""predictive_weight_assigned"": false, ""publication_date"": ""2022-11-15"", ""snapshot_captured_at"": null, ""source_identity"": ""NMPA_CDE_PUBLISHED_NOTICE_ARCHIVE""}",da0d998b9e5e09585f17af85061ceff60d28ab447abe8f5b8dd28095c473d541,HISTORICAL_RECONSTRUCTABLE,False,False,False
idkpi:31a2a50360f1451a964d7c280d5b8dd0409c34c25e07457148cbacc12d5864df,600276.SH,INNOVATION_DRUG,CLINICAL_REGULATORY,CDE_PRIORITY_REVIEW_INCLUDED,2024-04-19,2024-04-22,NMPA_CDE_PUBLISHED_NOTICE_ARCHIVE,NMPA_OR_CDE,official:b44888ae3ad32435a8dc8edb8896c8a1,OFFICIAL_SNAPSHOT:official:b44888ae3ad32435a8dc8edb8896c8a1,纳入优先审评品种名单:甲磺酸阿帕替尼片:本品联合氟唑帕利用于伴有胚系BRCA突变（gBRCAm）的HER2阴性乳腺癌的治疗。,https://www.cde.org.cn/main/xxgk/listpage/2f78f372d351c6851af7431c7710a731,OFFICIAL_CDE_CATEGORY_NO_DIRECTION,"{""applicant"": ""江苏恒瑞医药股份有限公司"", ""approval_date"": null, ""availability_basis"": ""PUBLICATION_DATE_EXPLICIT"", ""availability_rule"": ""DATE_ONLY_NEXT_TRADE_DATE"", ""category"": ""纳入优先审评品种名单"", ""date_only_source_timestamp_delayed_to_next_real_trading_date"": true, ""direction_classified"": false, ""drug_name"": ""甲磺酸阿帕替尼片"", ""entity_mapping_basis"": ""EXACT_LISTED_ISSUER_LEGAL_NAME"", ""first_observed_snapshot_only"": false, ""forward_or_historical_outcome_read"": false, ""historical_reconstruction_allowed"": true, ""indication"": ""本品联合氟唑帕利用于伴有胚系BRCA突变（gBRCAm）的HER2阴性乳腺癌的治疗。"", ""official_source_url"": ""https://www.cde.org.cn/main/xxgk/listpage/2f78f372d351c6851af7431c7710a731"", ""predictive_weight_assigned"": false, ""publication_date"": ""2024-04-19"", ""snapshot_captured_at"": null, ""source_identity"": ""NMPA_CDE_PUBLISHED_NOTICE_ARCHIVE""}",31a2a50360f1451a964d7c280d5b8dd0409c34c25e07457148cbacc12d5864df,HISTORICAL_RECONSTRUCTABLE,False,False,False
idkpi:53518e460bbbdcaa8f4a287d211b371d86649cd553533ef6e601ed64a10c546d,600276.SH,INNOVATION_DRUG,CLINICAL_REGULATORY,CDE_PRIORITY_REVIEW_INCLUDED,2024-04-19,2024-04-22,NMPA_CDE_PUBLISHED_NOTICE_ARCHIVE,NMPA_OR_CDE,official:0f4bfe8a9ec5c12c6bbf289397b056c2,OFFICIAL_SNAPSHOT:official:0f4bfe8a9ec5c12c6bbf289397b056c2,纳入优先审评品种名单:甲磺酸阿帕替尼片:本品联合氟唑帕利用于伴有胚系BRCA突变（gBRCAm）的HER2阴性乳腺癌的治疗。,https://www.cde.org.cn/main/xxgk/listpage/2f78f372d351c6851af7431c7710a731,OFFICIAL_CDE_CATEGORY_NO_DIRECTION,"{""applicant"": ""江苏恒瑞医药股份有限公司"", ""approval_date"": null, ""availability_basis"": ""PUBLICATION_DATE_EXPLICIT"", ""availability_rule"": ""DATE_ONLY_NEXT_TRADE_DATE"", ""category"": ""纳入优先审评品种名单"", ""date_only_source_timestamp_delayed_to_next_real_trading_date"": true, ""direction_classified"": false, ""drug_name"": ""甲磺酸阿帕替尼片"", ""entity_mapping_basis"": ""EXACT_LISTED_ISSUER_LEGAL_NAME"", ""first_observed_snapshot_only"": false, ""forward_or_historical_outcome_read"": false, ""historical_reconstruction_allowed"": true, ""indication"": ""本品联合氟唑帕利用于伴有胚系BRCA突变（gBRCAm）的HER2阴性乳腺癌的治疗。"", ""official_source_url"": ""https://www.cde.org.cn/main/xxgk/listpage/2f78f372d351c6851af7431c7710a731"", ""predictive_weight_assigned"": false, ""publication_date"": ""2024-04-19"", ""snapshot_captured_at"": null, ""source_identity"": ""NMPA_CDE_PUBLISHED_NOTICE_ARCHIVE""}",53518e460bbbdcaa8f4a287d211b371d86649cd553533ef6e601ed64a10c546d,HISTORICAL_RECONSTRUCTABLE,False,False,False
idkpi:601c5c63a9e856f248ef22c1e5eacfee7b9b123518eb6feceafd15e829fc34a6,600276.SH,INNOVATION_DRUG,CLINICAL_REGULATORY,CDE_PRIORITY_REVIEW_INCLUDED,2024-04-19,2024-04-22,NMPA_CDE_PUBLISHED_NOTICE_ARCHIVE,NMPA_OR_CDE,official:26ac7914092cdb7a274347c4cbb5a5d1,OFFICIAL_SNAPSHOT:official:26ac7914092cdb7a274347c4cbb5a5d1,纳入优先审评品种名单:氟唑帕利胶囊:本品单药或联合甲磺酸阿帕替尼用于伴有胚系BRCA突变（gBRCAm）的HER2阴性乳腺癌患者的治疗,https://www.cde.org.cn/main/xxgk/listpage/2f78f372d351c6851af7431c7710a731,OFFICIAL_CDE_CATEGORY_NO_DIRECTION,"{""applicant"": ""江苏恒瑞医药股份有限公司"", ""approval_date"": null, ""availability_basis"": ""PUBLICATION_DATE_EXPLICIT"", ""availability_rule"": ""DATE_ONLY_NEXT_TRADE_DATE"", ""category"": ""纳入优先审评品种名单"", ""date_only_source_timestamp_delayed_to_next_real_trading_date"": true, ""direction_classified"": false, ""drug_name"": ""氟唑帕利胶囊"", ""entity_mapping_basis"": ""EXACT_LISTED_ISSUER_LEGAL_NAME"", ""first_observed_snapshot_only"": false, ""forward_or_historical_outcome_read"": false, ""historical_reconstruction_allowed"": true, ""indication"": ""本品单药或联合甲磺酸阿帕替尼用于伴有胚系BRCA突变（gBRCAm）的HER2阴性乳腺癌患者的治疗"", ""official_source_url"": ""https://www.cde.org.cn/main/xxgk/listpage/2f78f372d351c6851af7431c7710a731"", ""predictive_weight_assigned"": false, ""publication_date"": ""2024-04-19"", ""snapshot_captured_at"": null, ""source_identity"": ""NMPA_CDE_PUBLISHED_NOTICE_ARCHIVE""}",601c5c63a9e856f248ef22c1e5eacfee7b9b123518eb6feceafd15e829fc34a6,HISTORICAL_RECONSTRUCTABLE,False,False,False
idkpi:f5a244c163802e33837c7f9996ceaac7e7fdd27e66288aebaba5cbab0e490ea2,600276.SH,INNOVATION_DRUG,CLINICAL_REGULATORY,CDE_BREAKTHROUGH_THERAPY_INCLUDED,2024-09-29,2024-09-30,NMPA_CDE_PUBLISHED_NOTICE_ARCHIVE,NMPA_OR_CDE,official:6eeb061b9f20cb026e460dc0758d1a96,OFFICIAL_SNAPSHOT:official:6eeb061b9f20cb026e460dc0758d1a96,纳入突破性治疗品种名单:HR19042胶囊:活动性自身免疫性肝炎,https://www.cde.org.cn/main/xxgk/listpage/da6efd086c099b7fc949121166f0130c,OFFICIAL_CDE_CATEGORY_NO_DIRECTION,"{""applicant"": ""江苏恒瑞医药股份有限公司"", ""approval_date"": null, ""availability_basis"": ""PUBLICATION_DATE_EXPLICIT"", ""availability_rule"": ""DATE_ONLY_NEXT_TRADE_DATE"", ""category"": ""纳入突破性治疗品种名单"", ""date_only_source_timestamp_delayed_to_next_real_trading_date"": true, ""direction_classified"": false, ""drug_name"": ""HR19042胶囊"", ""entity_mapping_basis"": ""EXACT_LISTED_ISSUER_LEGAL_NAME"", ""first_observed_snapshot_only"": false, ""forward_or_historical_outcome_read"": false, ""historical_reconstruction_allowed"": true, ""indication"": ""活动性自身免疫性肝炎"", ""official_source_url"": ""https://www.cde.org.cn/main/xxgk/listpage/da6efd086c099b7fc949121166f0130c"", ""predictive_weight_assigned"": false, ""publication_date"": ""2024-09-29"", ""snapshot_captured_at"": null, ""source_identity"": ""NMPA_CDE_PUBLISHED_NOTICE_ARCHIVE""}",f5a244c163802e33837c7f9996ceaac7e7fdd27e66288aebaba5cbab0e490ea2,HISTORICAL_RECONSTRUCTABLE,False,False,False
idkpi:406878988b4e350d424cb92c67cc3e66e58d72cdfc32d87513d2b811617f485e,600276.SH,INNOVATION_DRUG,CLINICAL_REGULATORY,CDE_PRIORITY_REVIEW_INCLUDED,2024-10-11,2024-10-14,NMPA_CDE_PUBLISHED_NOTICE_ARCHIVE,NMPA_OR_CDE,official:37c50c2c5f98806794d7727fecccfcec,OFFICIAL_SNAPSHOT:official:37c50c2c5f98806794d7727fecccfcec,纳入优先审评品种名单:SHR2554片:本品用于既往接受过至少1线系统性治疗的复发或难治外周T细胞淋巴瘤。,https://www.cde.org.cn/main/xxgk/listpage/2f78f372d351c6851af7431c7710a731,OFFICIAL_CDE_CATEGORY_NO_DIRECTION,"{""applicant"": ""江苏恒瑞医药股份有限公司"", ""approval_date"": null, ""availability_basis"": ""PUBLICATION_DATE_EXPLICIT"", ""availability_rule"": ""DATE_ONLY_NEXT_TRADE_DATE"", ""category"": ""纳入优先审评品种名单"", ""date_only_source_timestamp_delayed_to_next_real_trading_date"": true, ""direction_classified"": false, ""drug_name"": ""SHR2554片"", ""entity_mapping_basis"": ""EXACT_LISTED_ISSUER_LEGAL_NAME"", ""first_observed_snapshot_only"": false, ""forward_or_historical_outcome_read"": false, ""historical_reconstruction_allowed"": true, ""indication"": ""本品用于既往接受过至少1线系统性治疗的复发或难治外周T细胞淋巴瘤。"", ""official_source_url"": ""https://www.cde.org.cn/main/xxgk/listpage/2f78f372d351c6851af7431c7710a731"", ""predictive_weight_assigned"": false, ""publication_date"": ""2024-10-11"", ""snapshot_captured_at"": null, ""source_identity"": ""NMPA_CDE_PUBLISHED_NOTICE_ARCHIVE""}",406878988b4e350d424cb92c67cc3e66e58d72cdfc32d87513d2b811617f485e,HISTORICAL_RECONSTRUCTABLE,False,False,False
idkpi:09322407594f44684f05a21a9dc5c2f70b4a1c61dbb2e19da9cf9dfe2c1878f8,600276.SH,INNOVATION_DRUG,CLINICAL_REGULATORY,CDE_CONDITIONAL_APPROVAL,2025-05-27,2025-05-28,NMPA_CDE_PUBLISHED_NOTICE_ARCHIVE,NMPA_OR_CDE,conditional:a77314703d329467971b1fc206ab815980edb954bdbbf2fc9665defae3f00660,OFFICIAL_SNAPSHOT:conditional:a77314703d329467971b1fc206ab815980edb954bdbbf2fc9665defae3f00660,附条件批准品种:苹果酸法米替尼胶囊:本品联合注射用卡瑞利珠单抗用于既往接受含铂化疗治疗失败但未接受过贝伐珠单抗治疗的复发或转移性宫颈癌患者。,https://www.cde.org.cn/main/xxgk/listpage/c8d79e513a6df98adf05893281ace198,OFFICIAL_CDE_CATEGORY_NO_DIRECTION,"{""applicant"": ""江苏恒瑞医药股份有限公司"", ""approval_date"": ""2025-05-27"", ""availability_basis"": ""OFFICIAL_APPROVAL_DATE_EXPLICIT"", ""availability_rule"": ""DATE_ONLY_NEXT_TRADE_DATE"", ""category"": ""附条件批准品种"", ""date_only_source_timestamp_delayed_to_next_real_trading_date"": true, ""direction_classified"": false, ""drug_name"": ""苹果酸法米替尼胶囊"", ""entity_mapping_basis"": ""EXACT_LISTED_ISSUER_LEGAL_NAME"", ""first_observed_snapshot_only"": false, ""forward_or_historical_outcome_read"": false, ""historical_reconstruction_allowed"": true, ""indication"": ""本品联合注射用卡瑞利珠单抗用于既往接受含铂化疗治疗失败但未接受过贝伐珠单抗治疗的复发或转移性宫颈癌患者。"", ""official_source_url"": ""https://www.cde.org.cn/main/xxgk/listpage/c8d79e513a6df98adf05893281ace198"", ""predictive_weight_assigned"": false, ""publication_date"": null, ""snapshot_captured_at"": null, ""source_identity"": ""NMPA_CDE_PUBLISHED_NOTICE_ARCHIVE""}",09322407594f44684f05a21a9dc5c2f70b4a1c61dbb2e19da9cf9dfe2c1878f8,HISTORICAL_RECONSTRUCTABLE,False,False,False
idkpi:880cdffc8d63470c1bec243cb3296787f713898272cf2e2c29a7591c54e2f256,600276.SH,INNOVATION_DRUG,CLINICAL_REGULATORY,CDE_CONDITIONAL_APPROVAL,2025-08-26,2025-08-27,NMPA_CDE_PUBLISHED_NOTICE_ARCHIVE,NMPA_OR_CDE,conditional:2ecc74c68825d06832a09690e1fb4c3e77af9c042d5dea599116858a4bc56bec,OFFICIAL_SNAPSHOT:conditional:2ecc74c68825d06832a09690e1fb4c3e77af9c042d5dea599116858a4bc56bec,附条件批准品种:泽美妥司他片:本品用于既往接受过至少1线系统性治疗的复发或难治外周T细胞淋巴瘤成人患者。,https://www.cde.org.cn/main/xxgk/listpage/c8d79e513a6df98adf05893281ace198,OFFICIAL_CDE_CATEGORY_NO_DIRECTION,"{""applicant"": ""江苏恒瑞医药股份有限公司"", ""approval_date"": ""2025-08-26"", ""availability_basis"": ""OFFICIAL_APPROVAL_DATE_EXPLICIT"", ""availability_rule"": ""DATE_ONLY_NEXT_TRADE_DATE"", ""category"": ""附条件批准品种"", ""date_only_source_timestamp_delayed_to_next_real_trading_date"": true, ""direction_classified"": false, ""drug_name"": ""泽美妥司他片"", ""entity_mapping_basis"": ""EXACT_LISTED_ISSUER_LEGAL_NAME"", ""first_observed_snapshot_only"": false, ""forward_or_historical_outcome_read"": false, ""historical_reconstruction_allowed"": true, ""indication"": ""本品用于既往接受过至少1线系统性治疗的复发或难治外周T细胞淋巴瘤成人患者。"", ""official_source_url"": ""https://www.cde.org.cn/main/xxgk/listpage/c8d79e513a6df98adf05893281ace198"", ""predictive_weight_assigned"": false, ""publication_date"": null, ""snapshot_captured_at"": null, ""source_identity"": ""NMPA_CDE_PUBLISHED_NOTICE_ARCHIVE""}",880cdffc8d63470c1bec243cb3296787f713898272cf2e2c29a7591c54e2f256,HISTORICAL_RECONSTRUCTABLE,False,False,False
idkpi:00d63fd7908086e26c31cb0ebc7fc3759f162184ad6fbaf5f543782c98d1ff32,600276.SH,INNOVATION_DRUG,CLINICAL_REGULATORY,CDE_CLINICAL_TRIAL_IMPLIED_LICENSE_SNAPSHOT,2026-09-30,2026-10-08,NMPA_CDE_PUBLISHED_NOTICE_ARCHIVE,NMPA_OR_CDE,official:a8cab08fcbed99ff6b3d18b25edb24c2,OFFICIAL_SNAPSHOT:official:a8cab08fcbed99ff6b3d18b25edb24c2,临床试验默示许可:苯磺顺阿曲库铵注射液:,https://www.cde.org.cn/main/xxgk/listpage/4b5255eb0a84820cef4ca3e8b6bbe20c,OFFICIAL_CDE_CATEGORY_NO_DIRECTION,"{""applicant"": ""江苏恒瑞医药股份有限公司"", ""approval_date"": null, ""availability_basis"": ""FIRST_OBSERVED_SNAPSHOT_DATE"", ""availability_rule"": ""DATE_ONLY_NEXT_TRADE_DATE"", ""category"": ""临床试验默示许可"", ""date_only_source_timestamp_delayed_to_next_real_trading_date"": true, ""direction_classified"": false, ""drug_name"": ""苯磺顺阿曲库铵注射液"", ""entity_mapping_basis"": ""EXACT_LISTED_ISSUER_LEGAL_NAME"", ""first_observed_snapshot_only"": true, ""forward_or_historical_outcome_read"": false, ""historical_reconstruction_allowed"": false, ""indication"": """", ""official_source_url"": ""https://www.cde.org.cn/main/xxgk/listpage/4b5255eb0a84820cef4ca3e8b6bbe20c"", ""predictive_weight_assigned"": false, ""publication_date"": null, ""snapshot_captured_at"": ""2026-09-30T17:29:59+08:00"", ""source_identity"": ""NMPA_CDE_PUBLISHED_NOTICE_ARCHIVE""}",00d63fd7908086e26c31cb0ebc7fc3759f162184ad6fbaf5f543782c98d1ff32,PROSPECTIVE_FIRST_OBSERVED_ONLY,False,False,False
idkpi:01d56b2e0a9c87e53e5341d7ca24c2154cb07380dbfde1f6fedf8018ee41d014,600276.SH,INNOVATION_DRUG,CLINICAL_REGULATORY,CDE_CLINICAL_TRIAL_IMPLIED_LICENSE_SNAPSHOT,2026-09-30,2026-10-08,NMPA_CDE_PUBLISHED_NOTICE_ARCHIVE,NMPA_OR_CDE,official:46728184e58b6285da0ca9a00086230b,OFFICIAL_SNAPSHOT:official:46728184e58b6285da0ca9a00086230b,临床试验默示许可:注射用HRS-9190:用于全身麻醉诱导期气管插管及维持术中骨骼肌松弛。,https://www.cde.org.cn/main/xxgk/listpage/4b5255eb0a84820cef4ca3e8b6bbe20c,OFFICIAL_CDE_CATEGORY_NO_DIRECTION,"{""applicant"": ""江苏恒瑞医药股份有限公司"", ""approval_date"": null, ""availability_basis"": ""FIRST_OBSERVED_SNAPSHOT_DATE"", ""availability_rule"": ""DATE_ONLY_NEXT_TRADE_DATE"", ""category"": ""临床试验默示许可"", ""date_only_source_timestamp_delayed_to_next_real_trading_date"": true, ""direction_classified"": false, ""drug_name"": ""注射用HRS-9190"", ""entity_mapping_basis"": ""EXACT_LISTED_ISSUER_LEGAL_NAME"", ""first_observed_snapshot_only"": true, ""forward_or_historical_outcome_read"": false, ""historical_reconstruction_allowed"": false, ""indication"": ""用于全身麻醉诱导期气管插管及维持术中骨骼肌松弛。"", ""official_source_url"": ""https://www.cde.org.cn/main/xxgk/listpage/4b5255eb0a84820cef4ca3e8b6bbe20c"", ""predictive_weight_assigned"": false, ""publication_date"": null, ""snapshot_captured_at"": ""2026-09-30T17:29:59+08:00"", ""source_identity"": ""NMPA_CDE_PUBLISHED_NOTICE_ARCHIVE""}",01d56b2e0a9c87e53e5341d7ca24c2154cb07380dbfde1f6fedf8018ee41d014,PROSPECTIVE_FIRST_OBSERVED_ONLY,False,False,False
idkpi:04b198a3e59a97d6e25480c2e85022dd818021e90e5d3c17793c8ed08fd2de1d,600276.SH,INNOVATION_DRUG,CLINICAL_REGULATORY,CDE_CLINICAL_TRIAL_IMPLIED_LICENSE_SNAPSHOT,2026-09-30,2026-10-08,NMPA_CDE_PUBLISHED_NOTICE_ARCHIVE,NMPA_OR_CDE,official:2edad97b9297c25a95025fdde23b55e8,OFFICIAL_SNAPSHOT:official:2edad97b9297c25a95025fdde23b55e8,临床试验默示许可:HRS-6209胶囊:本品联合HRS-2189+HRS-8080、或联合HRS-2189+HRS-1358、或联合HRS-2189+氟维司群用于恶性肿瘤的治疗。,https://www.cde.org.cn/main/xxgk/listpage/4b5255eb0a84820cef4ca3e8b6bbe20c,OFFICIAL_CDE_CATEGORY_NO_DIRECTION,"{""applicant"": ""江苏恒瑞医药股份有限公司"", ""approval_date"": null, ""availability_basis"": ""FIRST_OBSERVED_SNAPSHOT_DATE"", ""availability_rule"": ""DATE_ONLY_NEXT_TRADE_DATE"", ""category"": ""临床试验默示许可"", ""date_only_source_timestamp_delayed_to_next_real_trading_date"": true, ""direction_classified"": false, ""drug_name"": ""HRS-6209胶囊"", ""entity_mapping_basis"": ""EXACT_LISTED_ISSUER_LEGAL_NAME"", ""first_observed_snapshot_only"": true, ""forward_or_historical_outcome_read"": false, ""historical_reconstruction_allowed"": false, ""indication"": ""本品联合HRS-2189+HRS-8080、或联合HRS-2189+HRS-1358、或联合HRS-2189+氟维司群用于恶性肿瘤的治疗。"", ""official_source_url"": ""https://www.cde.org.cn/main/xxgk/listpage/4b5255eb0a84820cef4ca3e8b6bbe20c"", ""predictive_weight_assigned"": false, ""publication_date"": null, ""snapshot_captured_at"": ""2026-09-30T17:29:59+08:00"", ""source_identity"": ""NMPA_CDE_PUBLISHED_NOTICE_ARCHIVE""}",04b198a3e59a97d6e25480c2e85022dd818021e90e5d3c17793c8ed08fd2de1d,PROSPECTIVE_FIRST_OBSERVED_ONLY,False,False,False
idkpi:082a9fbce9e20cd147bdac6cc7fdaaf053197afd676151448b8f1ecfb297fd6a,600276.SH,INNOVATION_DRUG,CLINICAL_REGULATORY,CDE_CLINICAL_TRIAL_IMPLIED_LICENSE_SNAPSHOT,2026-09-30,2026-10-08,NMPA_CDE_PUBLISHED_NOTICE_ARCHIVE,NMPA_OR_CDE,official:c27b0bc62060f413ea2ba780c18af4d8,OFFICIAL_SNAPSHOT:official:c27b0bc62060f413ea2ba780c18af4d8,临床试验默示许可:SHR-3167注射液:糖尿病,https://www.cde.org.cn/main/xxgk/listpage/4b5255eb0a84820cef4ca3e8b6bbe20c,OFFICIAL_CDE_CATEGORY_NO_DIRECTION,"{""applicant"": ""江苏恒瑞医药股份有限公司"", ""approval_date"": null, ""availability_basis"": ""FIRST_OBSERVED_SNAPSHOT_DATE"", ""availability_rule"": ""DATE_ONLY_NEXT_TRADE_DATE"", ""category"": ""临床试验默示许可"", ""date_only_source_timestamp_delayed_to_next_real_trading_date"": true, ""direction_classified"": false, ""drug_name"": ""SHR-3167注射液"", ""entity_mapping_basis"": ""EXACT_LISTED_ISSUER_LEGAL_NAME"", ""first_observed_snapshot_only"": true, ""forward_or_historical_outcome_read"": false, ""historical_reconstruction_allowed"": false, ""indication"": ""糖尿病"", ""official_source_url"": ""https://www.cde.org.cn/main/xxgk/listpage/4b5255eb0a84820cef4ca3e8b6bbe20c"", ""predictive_weight_assigned"": false, ""publication_date"": null, ""snapshot_captured_at"": ""2026-09-30T17:29:59+08:00"", ""source_identity"": ""NMPA_CDE_PUBLISHED_NOTICE_ARCHIVE""}",082a9fbce9e20cd147bdac6cc7fdaaf053197afd676151448b8f1ecfb297fd6a,PROSPECTIVE_FIRST_OBSERVED_ONLY,False,False,False
idkpi:08f5c19024419403563b8419d972db03cc69a5d71a08208827489db93c19c826,600276.SH,INNOVATION_DRUG,CLINICAL_REGULATORY,CDE_CLINICAL_TRIAL_IMPLIED_LICENSE_SNAPSHOT,2026-09-30,2026-10-08,NMPA_CDE_PUBLISHED_NOTICE_ARCHIVE,NMPA_OR_CDE,official:8a9e0c836337acb645eb9265feaf9b66,OFFICIAL_SNAPSHOT:official:8a9e0c836337acb645eb9265feaf9b66,临床试验默示许可:HRS5091片:慢性乙型肝炎,https://www.cde.org.cn/main/xxgk/listpage/4b5255eb0a84820cef4ca3e8b6bbe20c,OFFICIAL_CDE_CATEGORY_NO_DIRECTION,"{""applicant"": ""江苏恒瑞医药股份有限公司"", ""approval_date"": null, ""availability_basis"": ""FIRST_OBSERVED_SNAPSHOT_DATE"", ""availability_rule"": ""DATE_ONLY_NEXT_TRADE_DATE"", ""category"": ""临床试验默示许可"", ""date_only_source_timestamp_delayed_to_next_real_trading_date"": true, ""direction_classified"": false, ""drug_name"": ""HRS5091片"", ""entity_mapping_basis"": ""EXACT_LISTED_ISSUER_LEGAL_NAME"", ""first_observed_snapshot_only"": true, ""forward_or_historical_outcome_read"": false, ""historical_reconstruction_allowed"": false, ""indication"": ""慢性乙型肝炎"", ""official_source_url"": ""https://www.cde.org.cn/main/xxgk/listpage/4b5255eb0a84820cef4ca3e8b6bbe20c"", ""predictive_weight_assigned"": false, ""publication_date"": null, ""snapshot_captured_at"": ""2026-09-30T17:29:59+08:00"", ""source_identity"": ""NMPA_CDE_PUBLISHED_NOTICE_ARCHIVE""}",08f5c19024419403563b8419d972db03cc69a5d71a08208827489db93c19c826,PROSPECTIVE_FIRST_OBSERVED_ONLY,False,False,False
idkpi:097327e0b716d47c89060f4c5011d774aedeb61746460fd69ad923a8006a6984,600276.SH,INNOVATION_DRUG,CLINICAL_REGULATORY,CDE_CLINICAL_TRIAL_IMPLIED_LICENSE_SNAPSHOT,2026-09-30,2026-10-08,NMPA_CDE_PUBLISHED_NOTICE_ARCHIVE,NMPA_OR_CDE,official:5d0330af318962bd1883c86ee2591950,OFFICIAL_SNAPSHOT:official:5d0330af318962bd1883c86ee2591950,临床试验默示许可:SHR7280片:伴月经过多的子宫肌瘤。,https://www.cde.org.cn/main/xxgk/listpage/4b5255eb0a84820cef4ca3e8b6bbe20c,OFFICIAL_CDE_CATEGORY_NO_DIRECTION,"{""applicant"": ""江苏恒瑞医药股份有限公司"", ""approval_date"": null, ""availability_basis"": ""FIRST_OBSERVED_SNAPSHOT_DATE"", ""availability_rule"": ""DATE_ONLY_NEXT_TRADE_DATE"", ""category"": ""临床试验默示许可"", ""date_only_source_timestamp_delayed_to_next_real_trading_date"": true, ""direction_classified"": false, ""drug_name"": ""SHR7280片"", ""entity_mapping_basis"": ""EXACT_LISTED_ISSUER_LEGAL_NAME"", ""first_observed_snapshot_only"": true, ""forward_or_historical_outcome_read"": false, ""historical_reconstruction_allowed"": false, ""indication"": ""伴月经过多的子宫肌瘤。"", ""official_source_url"": ""https://www.cde.org.cn/main/xxgk/listpage/4b5255eb0a84820cef4ca3e8b6bbe20c"", ""predictive_weight_assigned"": false, ""publication_date"": null, ""snapshot_captured_at"": ""2026-09-30T17:29:59+08:00"", ""source_identity"": ""NMPA_CDE_PUBLISHED_NOTICE_ARCHIVE""}",097327e0b716d47c89060f4c5011d774aedeb61746460fd69ad923a8006a6984,PROSPECTIVE_FIRST_OBSERVED_ONLY,False,False,False
idkpi:0c776f918d1d584a90c592c844f81a401c619138d044ad9a80695313d6f74412,600276.SH,INNOVATION_DRUG,CLINICAL_REGULATORY,CDE_CLINICAL_TRIAL_IMPLIED_LICENSE_SNAPSHOT,2026-09-30,2026-10-08,NMPA_CDE_PUBLISHED_NOTICE_ARCHIVE,NMPA_OR_CDE,official:da97f0c3e660322099f6bb47ff1a5bff,OFFICIAL_SNAPSHOT:official:da97f0c3e660322099f6bb47ff1a5bff,临床试验默示许可:SHR8554注射液:本品联合SHR0410拟临床用于术后急性中到重度疼痛的治疗,https://www.cde.org.cn/main/xxgk/listpage/4b5255eb0a84820cef4ca3e8b6bbe20c,OFFICIAL_CDE_CATEGORY_NO_DIRECTION,"{""applicant"": ""江苏恒瑞医药股份有限公司"", ""approval_date"": null, ""availability_basis"": ""FIRST_OBSERVED_SNAPSHOT_DATE"", ""availability_rule"": ""DATE_ONLY_NEXT_TRADE_DATE"", ""category"": ""临床试验默示许可"", ""date_only_source_timestamp_delayed_to_next_real_trading_date"": true, ""direction_classified"": false, ""drug_name"": ""SHR8554注射液"", ""entity_mapping_basis"": ""EXACT_LISTED_ISSUER_LEGAL_NAME"", ""first_observed_snapshot_only"": true, ""forward_or_historical_outcome_read"": false, ""historical_reconstruction_allowed"": false, ""indication"": ""本品联合SHR0410拟临床用于术后急性中到重度疼痛的治疗"", ""official_source_url"": ""https://www.cde.org.cn/main/xxgk/listpage/4b5255eb0a84820cef4ca3e8b6bbe20c"", ""predictive_weight_assigned"": false, ""publication_date"": null, ""snapshot_captured_at"": ""2026-09-30T17:29:59+08:00"", ""source_identity"": ""NMPA_CDE_PUBLISHED_NOTICE_ARCHIVE""}",0c776f918d1d584a90c592c844f81a401c619138d044ad9a80695313d6f74412,PROSPECTIVE_FIRST_OBSERVED_ONLY,False,False,False
idkpi:0e5101248d9746cfbe2e7c9d2dfd90381ac4701c246599ba2fd6265ec574defe,600276.SH,INNOVATION_DRUG,CLINICAL_REGULATORY,CDE_CLINICAL_TRIAL_IMPLIED_LICENSE_SNAPSHOT,2026-09-30,2026-10-08,NMPA_CDE_PUBLISHED_NOTICE_ARCHIVE,NMPA_OR_CDE,official:efeeba3dc172518579c839f292c608cf,OFFICIAL_SNAPSHOT:official:efeeba3dc172518579c839f292c608cf,临床试验默示许可:SHR0302片:本品拟用于活动性放射学阴性中轴型脊柱关节炎的治疗。,https://www.cde.org.cn/main/xxgk/listpage/4b5255eb0a84820cef4ca3e8b6bbe20c,OFFICIAL_CDE_CATEGORY_NO_DIRECTION,"{""applicant"": ""江苏恒瑞医药股份有限公司"", ""approval_date"": null, ""availability_basis"": ""FIRST_OBSERVED_SNAPSHOT_DATE"", ""availability_rule"": ""DATE_ONLY_NEXT_TRADE_DATE"", ""category"": ""临床试验默示许可"", ""date_only_source_timestamp_delayed_to_next_real_trading_date"": true, ""direction_classified"": false, ""drug_name"": ""SHR0302片"", ""entity_mapping_basis"": ""EXACT_LISTED_ISSUER_LEGAL_NAME"", ""first_observed_snapshot_only"": true, ""forward_or_historical_outcome_read"": false, ""historical_reconstruction_allowed"": false, ""indication"": ""本品拟用于活动性放射学阴性中轴型脊柱关节炎的治疗。"", ""official_source_url"": ""https://www.cde.org.cn/main/xxgk/listpage/4b5255eb0a84820cef4ca3e8b6bbe20c"", ""predictive_weight_assigned"": false, ""publication_date"": null, ""snapshot_captured_at"": ""2026-09-30T17:29:59+08:00"", ""source_identity"": ""NMPA_CDE_PUBLISHED_NOTICE_ARCHIVE""}",0e5101248d9746cfbe2e7c9d2dfd90381ac4701c246599ba2fd6265ec574defe,PROSPECTIVE_FIRST_OBSERVED_ONLY,False,False,False
idkpi:0ebbc8eaede71c722c251cc7bf66ce4ab1f57625f1e9fce9dcfe0d73bf6b9028,600276.SH,INNOVATION_DRUG,CLINICAL_REGULATORY,CDE_CLINICAL_TRIAL_IMPLIED_LICENSE_SNAPSHOT,2026-09-30,2026-10-08,NMPA_CDE_PUBLISHED_NOTICE_ARCHIVE,NMPA_OR_CDE,official:d7763d78fd8938cfbd5ee8236c8e3000,OFFICIAL_SNAPSHOT:official:d7763d78fd8938cfbd5ee8236c8e3000,临床试验默示许可:甲磺酸阿帕替尼片:胃癌或胃食管交界处癌,https://www.cde.org.cn/main/xxgk/listpage/4b5255eb0a84820cef4ca3e8b6bbe20c,OFFICIAL_CDE_CATEGORY_NO_DIRECTION,"{""applicant"": ""江苏恒瑞医药股份有限公司"", ""approval_date"": null, ""availability_basis"": ""FIRST_OBSERVED_SNAPSHOT_DATE"", ""availability_rule"": ""DATE_ONLY_NEXT_TRADE_DATE"", ""category"": ""临床试验默示许可"", ""date_only_source_timestamp_delayed_to_next_real_trading_date"": true, ""direction_classified"": false, ""drug_name"": ""甲磺酸阿帕替尼片"", ""entity_mapping_basis"": ""EXACT_LISTED_ISSUER_LEGAL_NAME"", ""first_observed_snapshot_only"": true, ""forward_or_historical_outcome_read"": false, ""historical_reconstruction_allowed"": false, ""indication"": ""胃癌或胃食管交界处癌"", ""official_source_url"": ""https://www.cde.org.cn/main/xxgk/listpage/4b5255eb0a84820cef4ca3e8b6bbe20c"", ""predictive_weight_assigned"": false, ""publication_date"": null, ""snapshot_captured_at"": ""2026-09-30T17:29:59+08:00"", ""source_identity"": ""NMPA_CDE_PUBLISHED_NOTICE_ARCHIVE""}",0ebbc8eaede71c722c251cc7bf66ce4ab1f57625f1e9fce9dcfe0d73bf6b9028,PROSPECTIVE_FIRST_OBSERVED_ONLY,False,False,False
idkpi:0f0f5de04f6d13d332949e610fb46af8ebcc44cb18c0e2d5f05f52c3ea690a73,600276.SH,INNOVATION_DRUG,CLINICAL_REGULATORY,CDE_CLINICAL_TRIAL_IMPLIED_LICENSE_SNAPSHOT,2026-09-30,2026-10-08,NMPA_CDE_PUBLISHED_NOTICE_ARCHIVE,NMPA_OR_CDE,official:fca9cd9439160ad9c0be0974b82fefdd,OFFICIAL_SNAPSHOT:official:fca9cd9439160ad9c0be0974b82fefdd,临床试验默示许可:HRS-6209胶囊:本品联合HRS-6208+HRS-8080，或联合HRS-6208+HRS-1358，或联合HRS-6208+氟维司群，或联合HRS-6208+芳香化酶抑制剂用于实体瘤的治疗。,https://www.cde.org.cn/main/xxgk/listpage/4b5255eb0a84820cef4ca3e8b6bbe20c,OFFICIAL_CDE_CATEGORY_NO_DIRECTION,"{""applicant"": ""江苏恒瑞医药股份有限公司"", ""approval_date"": null, ""availability_basis"": ""FIRST_OBSERVED_SNAPSHOT_DATE"", ""availability_rule"": ""DATE_ONLY_NEXT_TRADE_DATE"", ""category"": ""临床试验默示许可"", ""date_only_source_timestamp_delayed_to_next_real_trading_date"": true, ""direction_classified"": false, ""drug_name"": ""HRS-6209胶囊"", ""entity_mapping_basis"": ""EXACT_LISTED_ISSUER_LEGAL_NAME"", ""first_observed_snapshot_only"": true, ""forward_or_historical_outcome_read"": false, ""historical_reconstruction_allowed"": false, ""indication"": ""本品联合HRS-6208+HRS-8080，或联合HRS-6208+HRS-1358，或联合HRS-6208+氟维司群，或联合HRS-6208+芳香化酶抑制剂用于实体瘤的治疗。"", ""official_source_url"": ""https://www.cde.org.cn/main/xxgk/listpage/4b5255eb0a84820cef4ca3e8b6bbe20c"", ""predictive_weight_assigned"": false, ""publication_date"": null, ""snapshot_captured_at"": ""2026-09-30T17:29:59+08:00"", ""source_identity"": ""NMPA_CDE_PUBLISHED_NOTICE_ARCHIVE""}",0f0f5de04f6d13d332949e610fb46af8ebcc44cb18c0e2d5f05f52c3ea690a73,PROSPECTIVE_FIRST_OBSERVED_ONLY,False,False,False
idkpi:0f3e8f4ddb4b6b93ee0c65f4244e9c98c995647ed3a71c7fed94495f478acf87,600276.SH,INNOVATION_DRUG,CLINICAL_REGULATORY,CDE_CLINICAL_TRIAL_IMPLIED_LICENSE_SNAPSHOT,2026-09-30,2026-10-08,NMPA_CDE_PUBLISHED_NOTICE_ARCHIVE,NMPA_OR_CDE,official:a1aa5da3499fb328a9189121cc3727f2,OFFICIAL_SNAPSHOT:official:a1aa5da3499fb328a9189121cc3727f2,临床试验默示许可:SHR7280片:辅助生殖技术中，用于控制性超促排卵治疗的患者，防止提前排卵。,https://www.cde.org.cn/main/xxgk/listpage/4b5255eb0a84820cef4ca3e8b6bbe20c,OFFICIAL_CDE_CATEGORY_NO_DIRECTION,"{""applicant"": ""江苏恒瑞医药股份有限公司"", ""approval_date"": null, ""availability_basis"": ""FIRST_OBSERVED_SNAPSHOT_DATE"", ""availability_rule"": ""DATE_ONLY_NEXT_TRADE_DATE"", ""category"": ""临床试验默示许可"", ""date_only_source_timestamp_delayed_to_next_real_trading_date"": true, ""direction_classified"": false, ""drug_name"": ""SHR7280片"", ""entity_mapping_basis"": ""EXACT_LISTED_ISSUER_LEGAL_NAME"", ""first_observed_snapshot_only"": true, ""forward_or_historical_outcome_read"": false, ""historical_reconstruction_allowed"": false, ""indication"": ""辅助生殖技术中，用于控制性超促排卵治疗的患者，防止提前排卵。"", ""official_source_url"": ""https://www.cde.org.cn/main/xxgk/listpage/4b5255eb0a84820cef4ca3e8b6bbe20c"", ""predictive_weight_assigned"": false, ""publication_date"": null, ""snapshot_captured_at"": ""2026-09-30T17:29:59+08:00"", ""source_identity"": ""NMPA_CDE_PUBLISHED_NOTICE_ARCHIVE""}",0f3e8f4ddb4b6b93ee0c65f4244e9c98c995647ed3a71c7fed94495f478acf87,PROSPECTIVE_FIRST_OBSERVED_ONLY,False,False,False
idkpi:1084e9e634e17c06238fa84ae62b38bc477265124b172634a36f823beaad2379,600276.SH,INNOVATION_DRUG,CLINICAL_REGULATORY,CDE_CLINICAL_TRIAL_IMPLIED_LICENSE_SNAPSHOT,2026-09-30,2026-10-08,NMPA_CDE_PUBLISHED_NOTICE_ARCHIVE,NMPA_OR_CDE,official:4523fc372eaeafd0126df0afa832643e,OFFICIAL_SNAPSHOT:official:4523fc372eaeafd0126df0afa832643e,临床试验默示许可:HRS-1167片:本品联合注射用SHR-A1921或联合贝伐珠单抗或联合醋酸阿比特龙片（I）及泼尼松/泼尼松龙（AA-P）治疗晚期实体瘤患者,https://www.cde.org.cn/main/xxgk/listpage/4b5255eb0a84820cef4ca3e8b6bbe20c,OFFICIAL_CDE_CATEGORY_NO_DIRECTION,"{""applicant"": ""江苏恒瑞医药股份有限公司"", ""approval_date"": null, ""availability_basis"": ""FIRST_OBSERVED_SNAPSHOT_DATE"", ""availability_rule"": ""DATE_ONLY_NEXT_TRADE_DATE"", ""category"": ""临床试验默示许可"", ""date_only_source_timestamp_delayed_to_next_real_trading_date"": true, ""direction_classified"": false, ""drug_name"": ""HRS-1167片"", ""entity_mapping_basis"": ""EXACT_LISTED_ISSUER_LEGAL_NAME"", ""first_observed_snapshot_only"": true, ""forward_or_historical_outcome_read"": false, ""historical_reconstruction_allowed"": false, ""indication"": ""本品联合注射用SHR-A1921或联合贝伐珠单抗或联合醋酸阿比特龙片（I）及泼尼松/泼尼松龙（AA-P）治疗晚期实体瘤患者"", ""official_source_url"": ""https://www.cde.org.cn/main/xxgk/listpage/4b5255eb0a84820cef4ca3e8b6bbe20c"", ""predictive_weight_assigned"": false, ""publication_date"": null, ""snapshot_captured_at"": ""2026-09-30T17:29:59+08:00"", ""source_identity"": ""NMPA_CDE_PUBLISHED_NOTICE_ARCHIVE""}",1084e9e634e17c06238fa84ae62b38bc477265124b172634a36f823beaad2379,PROSPECTIVE_FIRST_OBSERVED_ONLY,False,False,False
idkpi:10dba4118fe4b7799c6a07bdd540cf8002286486c045a03ae53de9ac55a47773,600276.SH,INNOVATION_DRUG,CLINICAL_REGULATORY,CDE_CLINICAL_TRIAL_IMPLIED_LICENSE_SNAPSHOT,2026-09-30,2026-10-08,NMPA_CDE_PUBLISHED_NOTICE_ARCHIVE,NMPA_OR_CDE,official:a0be973b485d31ce8b739ab868a39090,OFFICIAL_SNAPSHOT:official:a0be973b485d31ce8b739ab868a39090,临床试验默示许可:甲磺酸阿帕替尼片:SHR-1701注射液联合甲磺酸阿帕替尼加或不加化疗治疗晚期恶性实体瘤患者。,https://www.cde.org.cn/main/xxgk/listpage/4b5255eb0a84820cef4ca3e8b6bbe20c,OFFICIAL_CDE_CATEGORY_NO_DIRECTION,"{""applicant"": ""江苏恒瑞医药股份有限公司"", ""approval_date"": null, ""availability_basis"": ""FIRST_OBSERVED_SNAPSHOT_DATE"", ""availability_rule"": ""DATE_ONLY_NEXT_TRADE_DATE"", ""category"": ""临床试验默示许可"", ""date_only_source_timestamp_delayed_to_next_real_trading_date"": true, ""direction_classified"": false, ""drug_name"": ""甲磺酸阿帕替尼片"", ""entity_mapping_basis"": ""EXACT_LISTED_ISSUER_LEGAL_NAME"", ""first_observed_snapshot_only"": true, ""forward_or_historical_outcome_read"": false, ""historical_reconstruction_allowed"": false, ""indication"": ""SHR-1701注射液联合甲磺酸阿帕替尼加或不加化疗治疗晚期恶性实体瘤患者。"", ""official_source_url"": ""https://www.cde.org.cn/main/xxgk/listpage/4b5255eb0a84820cef4ca3e8b6bbe20c"", ""predictive_weight_assigned"": false, ""publication_date"": null, ""snapshot_captured_at"": ""2026-09-30T17:29:59+08:00"", ""source_identity"": ""NMPA_CDE_PUBLISHED_NOTICE_ARCHIVE""}",10dba4118fe4b7799c6a07bdd540cf8002286486c045a03ae53de9ac55a47773,PROSPECTIVE_FIRST_OBSERVED_ONLY,False,False,False
idkpi:11f69402098e6c3f4138693edaf8428e35c33c6a75466e4e7bf383f6211f81f1,600276.SH,INNOVATION_DRUG,CLINICAL_REGULATORY,CDE_CLINICAL_TRIAL_IMPLIED_LICENSE_SNAPSHOT,2026-09-30,2026-10-08,NMPA_CDE_PUBLISHED_NOTICE_ARCHIVE,NMPA_OR_CDE,official:94a18e8e59349aa86282467f0d2ffe42,OFFICIAL_SNAPSHOT:official:94a18e8e59349aa86282467f0d2ffe42,临床试验默示许可:SHR0302口服溶液:拟用于移植物抗宿主病的治疗。,https://www.cde.org.cn/main/xxgk/listpage/4b5255eb0a84820cef4ca3e8b6bbe20c,OFFICIAL_CDE_CATEGORY_NO_DIRECTION,"{""applicant"": ""江苏恒瑞医药股份有限公司"", ""approval_date"": null, ""availability_basis"": ""FIRST_OBSERVED_SNAPSHOT_DATE"", ""availability_rule"": ""DATE_ONLY_NEXT_TRADE_DATE"", ""category"": ""临床试验默示许可"", ""date_only_source_timestamp_delayed_to_next_real_trading_date"": true, ""direction_classified"": false, ""drug_name"": ""SHR0302口服溶液"", ""entity_mapping_basis"": ""EXACT_LISTED_ISSUER_LEGAL_NAME"", ""first_observed_snapshot_only"": true, ""forward_or_historical_outcome_read"": false, ""historical_reconstruction_allowed"": false, ""indication"": ""拟用于移植物抗宿主病的治疗。"", ""official_source_url"": ""https://www.cde.org.cn/main/xxgk/listpage/4b5255eb0a84820cef4ca3e8b6bbe20c"", ""predictive_weight_assigned"": false, ""publication_date"": null, ""snapshot_captured_at"": ""2026-09-30T17:29:59+08:00"", ""source_identity"": ""NMPA_CDE_PUBLISHED_NOTICE_ARCHIVE""}",11f69402098e6c3f4138693edaf8428e35c33c6a75466e4e7bf383f6211f81f1,PROSPECTIVE_FIRST_OBSERVED_ONLY,False,False,False
idkpi:128c335f89f10fe14e999d9a473ecc90fea03e47fcddddf018f22aaace7c2f00,600276.SH,INNOVATION_DRUG,CLINICAL_REGULATORY,CDE_CLINICAL_TRIAL_IMPLIED_LICENSE_SNAPSHOT,2026-09-30,2026-10-08,NMPA_CDE_PUBLISHED_NOTICE_ARCHIVE,NMPA_OR_CDE,official:124ae7dd09bd1c071528fceff2054a3f,OFFICIAL_SNAPSHOT:official:124ae7dd09bd1c071528fceff2054a3f,临床试验默示许可:HRG2010胶囊:用于治疗帕金森病。,https://www.cde.org.cn/main/xxgk/listpage/4b5255eb0a84820cef4ca3e8b6bbe20c,OFFICIAL_CDE_CATEGORY_NO_DIRECTION,"{""applicant"": ""江苏恒瑞医药股份有限公司"", ""approval_date"": null, ""availability_basis"": ""FIRST_OBSERVED_SNAPSHOT_DATE"", ""availability_rule"": ""DATE_ONLY_NEXT_TRADE_DATE"", ""category"": ""临床试验默示许可"", ""date_only_source_timestamp_delayed_to_next_real_trading_date"": true, ""direction_classified"": false, ""drug_name"": ""HRG2010胶囊"", ""entity_mapping_basis"": ""EXACT_LISTED_ISSUER_LEGAL_NAME"", ""first_observed_snapshot_only"": true, ""forward_or_historical_outcome_read"": false, ""historical_reconstruction_allowed"": false, ""indication"": ""用于治疗帕金森病。"", ""official_source_url"": ""https://www.cde.org.cn/main/xxgk/listpage/4b5255eb0a84820cef4ca3e8b6bbe20c"", ""predictive_weight_assigned"": false, ""publication_date"": null, ""snapshot_captured_at"": ""2026-09-30T17:29:59+08:00"", ""source_identity"": ""NMPA_CDE_PUBLISHED_NOTICE_ARCHIVE""}",128c335f89f10fe14e999d9a473ecc90fea03e47fcddddf018f22aaace7c2f00,PROSPECTIVE_FIRST_OBSERVED_ONLY,False,False,False
idkpi:138198214783768dcffeb999e596efd0828f46086e4a7490476028a7c7d74ef7,600276.SH,INNOVATION_DRUG,CLINICAL_REGULATORY,CDE_CLINICAL_TRIAL_IMPLIED_LICENSE_SNAPSHOT,2026-09-30,2026-10-08,NMPA_CDE_PUBLISHED_NOTICE_ARCHIVE,NMPA_OR_CDE,official:0fdc0b468350a91c5bf19f3c7bf81a48,OFFICIAL_SNAPSHOT:official:0fdc0b468350a91c5bf19f3c7bf81a48,临床试验默示许可:HR091506片:用于长期治疗痛风患者的高尿酸血症。,https://www.cde.org.cn/main/xxgk/listpage/4b5255eb0a84820cef4ca3e8b6bbe20c,OFFICIAL_CDE_CATEGORY_NO_DIRECTION,"{""applicant"": ""江苏恒瑞医药股份有限公司"", ""approval_date"": null, ""availability_basis"": ""FIRST_OBSERVED_SNAPSHOT_DATE"", ""availability_rule"": ""DATE_ONLY_NEXT_TRADE_DATE"", ""category"": ""临床试验默示许可"", ""date_only_source_timestamp_delayed_to_next_real_trading_date"": true, ""direction_classified"": false, ""drug_name"": ""HR091506片"", ""entity_mapping_basis"": ""EXACT_LISTED_ISSUER_LEGAL_NAME"", ""first_observed_snapshot_only"": true, ""forward_or_historical_outcome_read"": false, ""historical_reconstruction_allowed"": false, ""indication"": ""用于长期治疗痛风患者的高尿酸血症。"", ""official_source_url"": ""https://www.cde.org.cn/main/xxgk/listpage/4b5255eb0a84820cef4ca3e8b6bbe20c"", ""predictive_weight_assigned"": false, ""publication_date"": null, ""snapshot_captured_at"": ""2026-09-30T17:29:59+08:00"", ""source_identity"": ""NMPA_CDE_PUBLISHED_NOTICE_ARCHIVE""}",138198214783768dcffeb999e596efd0828f46086e4a7490476028a7c7d74ef7,PROSPECTIVE_FIRST_OBSERVED_ONLY,False,False,False
idkpi:14080124b818745214b1ea779f73877e23893fc0a8e489a0617a508b09c66257,600276.SH,INNOVATION_DRUG,CLINICAL_REGULATORY,CDE_CLINICAL_TRIAL_IMPLIED_LICENSE_SNAPSHOT,2026-09-30,2026-10-08,NMPA_CDE_PUBLISHED_NOTICE_ARCHIVE,NMPA_OR_CDE,official:6a908bfe039f889a8a88e1d4e1f6bec1,OFFICIAL_SNAPSHOT:official:6a908bfe039f889a8a88e1d4e1f6bec1,临床试验默示许可:HRS-6209胶囊:本品联合HRS-2189和芳香化酶抑制剂用于乳腺癌的治疗。,https://www.cde.org.cn/main/xxgk/listpage/4b5255eb0a84820cef4ca3e8b6bbe20c,OFFICIAL_CDE_CATEGORY_NO_DIRECTION,"{""applicant"": ""江苏恒瑞医药股份有限公司"", ""approval_date"": null, ""availability_basis"": ""FIRST_OBSERVED_SNAPSHOT_DATE"", ""availability_rule"": ""DATE_ONLY_NEXT_TRADE_DATE"", ""category"": ""临床试验默示许可"", ""date_only_source_timestamp_delayed_to_next_real_trading_date"": true, ""direction_classified"": false, ""drug_name"": ""HRS-6209胶囊"", ""entity_mapping_basis"": ""EXACT_LISTED_ISSUER_LEGAL_NAME"", ""first_observed_snapshot_only"": true, ""forward_or_historical_outcome_read"": false, ""historical_reconstruction_allowed"": false, ""indication"": ""本品联合HRS-2189和芳香化酶抑制剂用于乳腺癌的治疗。"", ""official_source_url"": ""https://www.cde.org.cn/main/xxgk/listpage/4b5255eb0a84820cef4ca3e8b6bbe20c"", ""predictive_weight_assigned"": false, ""publication_date"": null, ""snapshot_captured_at"": ""2026-09-30T17:29:59+08:00"", ""source_identity"": ""NMPA_CDE_PUBLISHED_NOTICE_ARCHIVE""}",14080124b818745214b1ea779f73877e23893fc0a8e489a0617a508b09c66257,PROSPECTIVE_FIRST_OBSERVED_ONLY,False,False,False
idkpi:142284d89b1bbc8cc43366e59a6616b5716219d23d04e6b6325382fbf37f9175,600276.SH,INNOVATION_DRUG,CLINICAL_REGULATORY,CDE_CLINICAL_TRIAL_IMPLIED_LICENSE_SNAPSHOT,2026-09-30,2026-10-08,NMPA_CDE_PUBLISHED_NOTICE_ARCHIVE,NMPA_OR_CDE,official:30face1d5135f68a0e1481a6722499f9,OFFICIAL_SNAPSHOT:official:30face1d5135f68a0e1481a6722499f9,临床试验默示许可:HRS-1167片:本品联合HRS2398片治疗晚期实体瘤患者,https://www.cde.org.cn/main/xxgk/listpage/4b5255eb0a84820cef4ca3e8b6bbe20c,OFFICIAL_CDE_CATEGORY_NO_DIRECTION,"{""applicant"": ""江苏恒瑞医药股份有限公司"", ""approval_date"": null, ""availability_basis"": ""FIRST_OBSERVED_SNAPSHOT_DATE"", ""availability_rule"": ""DATE_ONLY_NEXT_TRADE_DATE"", ""category"": ""临床试验默示许可"", ""date_only_source_timestamp_delayed_to_next_real_trading_date"": true, ""direction_classified"": false, ""drug_name"": ""HRS-1167片"", ""entity_mapping_basis"": ""EXACT_LISTED_ISSUER_LEGAL_NAME"", ""first_observed_snapshot_only"": true, ""forward_or_historical_outcome_read"": false, ""historical_reconstruction_allowed"": false, ""indication"": ""本品联合HRS2398片治疗晚期实体瘤患者"", ""official_source_url"": ""https://www.cde.org.cn/main/xxgk/listpage/4b5255eb0a84820cef4ca3e8b6bbe20c"", ""predictive_weight_assigned"": false, ""publication_date"": null, ""snapshot_captured_at"": ""2026-09-30T17:29:59+08:00"", ""source_identity"": ""NMPA_CDE_PUBLISHED_NOTICE_ARCHIVE""}",142284d89b1bbc8cc43366e59a6616b5716219d23d04e6b6325382fbf37f9175,PROSPECTIVE_FIRST_OBSERVED_ONLY,False,False,False
idkpi:1623012678b6403325d25cceee5f7c2e846c8b4d276c0685b5c2377f140d7b5f,600276.SH,INNOVATION_DRUG,CLINICAL_REGULATORY,CDE_CLINICAL_TRIAL_IMPLIED_LICENSE_SNAPSHOT,2026-09-30,2026-10-08,NMPA_CDE_PUBLISHED_NOTICE_ARCHIVE,NMPA_OR_CDE,official:5149fb297079ae2e798cdb2cc7befb48,OFFICIAL_SNAPSHOT:official:5149fb297079ae2e798cdb2cc7befb48,临床试验默示许可:SHR7280片:子宫肌瘤,https://www.cde.org.cn/main/xxgk/listpage/4b5255eb0a84820cef4ca3e8b6bbe20c,OFFICIAL_CDE_CATEGORY_NO_DIRECTION,"{""applicant"": ""江苏恒瑞医药股份有限公司"", ""approval_date"": null, ""availability_basis"": ""FIRST_OBSERVED_SNAPSHOT_DATE"", ""availability_rule"": ""DATE_ONLY_NEXT_TRADE_DATE"", ""category"": ""临床试验默示许可"", ""date_only_source_timestamp_delayed_to_next_real_trading_date"": true, ""direction_classified"": false, ""drug_name"": ""SHR7280片"", ""entity_mapping_basis"": ""EXACT_LISTED_ISSUER_LEGAL_NAME"", ""first_observed_snapshot_only"": true, ""forward_or_historical_outcome_read"": false, ""historical_reconstruction_allowed"": false, ""indication"": ""子宫肌瘤"", ""official_source_url"": ""https://www.cde.org.cn/main/xxgk/listpage/4b5255eb0a84820cef4ca3e8b6bbe20c"", ""predictive_weight_assigned"": false, ""publication_date"": null, ""snapshot_captured_at"": ""2026-09-30T17:29:59+08:00"", ""source_identity"": ""NMPA_CDE_PUBLISHED_NOTICE_ARCHIVE""}",1623012678b6403325d25cceee5f7c2e846c8b4d276c0685b5c2377f140d7b5f,PROSPECTIVE_FIRST_OBSERVED_ONLY,False,False,False
idkpi:17900de5f6f5031bb7072a45cec4fb0e591fa435c055ef673e530d9fccd138c9,600276.SH,INNOVATION_DRUG,CLINICAL_REGULATORY,CDE_CLINICAL_TRIAL_IMPLIED_LICENSE_SNAPSHOT,2026-09-30,2026-10-08,NMPA_CDE_PUBLISHED_NOTICE_ARCHIVE,NMPA_OR_CDE,official:0889898ee75e88af7a346ee3fe7db97f,OFFICIAL_SNAPSHOT:official:0889898ee75e88af7a346ee3fe7db97f,临床试验默示许可:甲磺酸阿帕替尼片:SHR-1701注射液联合甲磺酸阿帕替尼加或不加化疗治疗晚期恶性实体瘤患者。,https://www.cde.org.cn/main/xxgk/listpage/4b5255eb0a84820cef4ca3e8b6bbe20c,OFFICIAL_CDE_CATEGORY_NO_DIRECTION,"{""applicant"": ""江苏恒瑞医药股份有限公司"", ""approval_date"": null, ""availability_basis"": ""FIRST_OBSERVED_SNAPSHOT_DATE"", ""availability_rule"": ""DATE_ONLY_NEXT_TRADE_DATE"", ""category"": ""临床试验默示许可"", ""date_only_source_timestamp_delayed_to_next_real_trading_date"": true, ""direction_classified"": false, ""drug_name"": ""甲磺酸阿帕替尼片"", ""entity_mapping_basis"": ""EXACT_LISTED_ISSUER_LEGAL_NAME"", ""first_observed_snapshot_only"": true, ""forward_or_historical_outcome_read"": false, ""historical_reconstruction_allowed"": false, ""indication"": ""SHR-1701注射液联合甲磺酸阿帕替尼加或不加化疗治疗晚期恶性实体瘤患者。"", ""official_source_url"": ""https://www.cde.org.cn/main/xxgk/listpage/4b5255eb0a84820cef4ca3e8b6bbe20c"", ""predictive_weight_assigned"": false, ""publication_date"": null, ""snapshot_captured_at"": ""2026-09-30T17:29:59+08:00"", ""source_identity"": ""NMPA_CDE_PUBLISHED_NOTICE_ARCHIVE""}",17900de5f6f5031bb7072a45cec4fb0e591fa435c055ef673e530d9fccd138c9,PROSPECTIVE_FIRST_OBSERVED_ONLY,False,False,False
idkpi:17f7033aea28ce6c3f57d3e89914d58d7ac463ff02a3b15f85f26b24898b2acc,600276.SH,INNOVATION_DRUG,CLINICAL_REGULATORY,CDE_CLINICAL_TRIAL_IMPLIED_LICENSE_SNAPSHOT,2026-09-30,2026-10-08,NMPA_CDE_PUBLISHED_NOTICE_ARCHIVE,NMPA_OR_CDE,official:7baea716907ee4b050b8c8d5abfe5dc7,OFFICIAL_SNAPSHOT:official:7baea716907ee4b050b8c8d5abfe5dc7,临床试验默示许可:甲磺酸阿帕替尼片:阿帕替尼联合SHR-8068+阿得贝利单抗治疗结直肠癌。,https://www.cde.org.cn/main/xxgk/listpage/4b5255eb0a84820cef4ca3e8b6bbe20c,OFFICIAL_CDE_CATEGORY_NO_DIRECTION,"{""applicant"": ""江苏恒瑞医药股份有限公司"", ""approval_date"": null, ""availability_basis"": ""FIRST_OBSERVED_SNAPSHOT_DATE"", ""availability_rule"": ""DATE_ONLY_NEXT_TRADE_DATE"", ""category"": ""临床试验默示许可"", ""date_only_source_timestamp_delayed_to_next_real_trading_date"": true, ""direction_classified"": false, ""drug_name"": ""甲磺酸阿帕替尼片"", ""entity_mapping_basis"": ""EXACT_LISTED_ISSUER_LEGAL_NAME"", ""first_observed_snapshot_only"": true, ""forward_or_historical_outcome_read"": false, ""historical_reconstruction_allowed"": false, ""indication"": ""阿帕替尼联合SHR-8068+阿得贝利单抗治疗结直肠癌。"", ""official_source_url"": ""https://www.cde.org.cn/main/xxgk/listpage/4b5255eb0a84820cef4ca3e8b6bbe20c"", ""predictive_weight_assigned"": false, ""publication_date"": null, ""snapshot_captured_at"": ""2026-09-30T17:29:59+08:00"", ""source_identity"": ""NMPA_CDE_PUBLISHED_NOTICE_ARCHIVE""}",17f7033aea28ce6c3f57d3e89914d58d7ac463ff02a3b15f85f26b24898b2acc,PROSPECTIVE_FIRST_OBSERVED_ONLY,False,False,False
idkpi:183b471a0c585a1ed0fc90411d3b52a9f24ec8cda4069e2d5c1d4d12ab1adfbc,600276.SH,INNOVATION_DRUG,CLINICAL_REGULATORY,CDE_CLINICAL_TRIAL_IMPLIED_LICENSE_SNAPSHOT,2026-09-30,2026-10-08,NMPA_CDE_PUBLISHED_NOTICE_ARCHIVE,NMPA_OR_CDE,official:b82d1599336f0a404777b7bbb0437dd7,OFFICIAL_SNAPSHOT:official:b82d1599336f0a404777b7bbb0437dd7,临床试验默示许可:马来酸茚达特罗吸入粉雾剂:本品为支气管扩张剂，适用于成人慢性阻塞性肺疾病(COPD)患者的维持治疗。,https://www.cde.org.cn/main/xxgk/listpage/4b5255eb0a84820cef4ca3e8b6bbe20c,OFFICIAL_CDE_CATEGORY_NO_DIRECTION,"{""applicant"": ""江苏恒瑞医药股份有限公司"", ""approval_date"": null, ""availability_basis"": ""FIRST_OBSERVED_SNAPSHOT_DATE"", ""availability_rule"": ""DATE_ONLY_NEXT_TRADE_DATE"", ""category"": ""临床试验默示许可"", ""date_only_source_timestamp_delayed_to_next_real_trading_date"": true, ""direction_classified"": false, ""drug_name"": ""马来酸茚达特罗吸入粉雾剂"", ""entity_mapping_basis"": ""EXACT_LISTED_ISSUER_LEGAL_NAME"", ""first_observed_snapshot_only"": true, ""forward_or_historical_outcome_read"": false, ""historical_reconstruction_allowed"": false, ""indication"": ""本品为支气管扩张剂，适用于成人慢性阻塞性肺疾病(COPD)患者的维持治疗。"", ""official_source_url"": ""https://www.cde.org.cn/main/xxgk/listpage/4b5255eb0a84820cef4ca3e8b6bbe20c"", ""predictive_weight_assigned"": false, ""publication_date"": null, ""snapshot_captured_at"": ""2026-09-30T17:29:59+08:00"", ""source_identity"": ""NMPA_CDE_PUBLISHED_NOTICE_ARCHIVE""}",183b471a0c585a1ed0fc90411d3b52a9f24ec8cda4069e2d5c1d4d12ab1adfbc,PROSPECTIVE_FIRST_OBSERVED_ONLY,False,False,False
idkpi:18ae68fa1bfcaf0eab435d8d25688adecbe9131c2471b56a57c99543290213f8,600276.SH,INNOVATION_DRUG,CLINICAL_REGULATORY,CDE_CLINICAL_TRIAL_IMPLIED_LICENSE_SNAPSHOT,2026-09-30,2026-10-08,NMPA_CDE_PUBLISHED_NOTICE_ARCHIVE,NMPA_OR_CDE,official:fe8612038018a4a75c54f707a3122ddc,OFFICIAL_SNAPSHOT:official:fe8612038018a4a75c54f707a3122ddc,临床试验默示许可:羟乙磺酸达尔西利片:本品联合RP903片和氟维司群用于复发或转移性乳腺癌患者,https://www.cde.org.cn/main/xxgk/listpage/4b5255eb0a84820cef4ca3e8b6bbe20c,OFFICIAL_CDE_CATEGORY_NO_DIRECTION,"{""applicant"": ""江苏恒瑞医药股份有限公司"", ""approval_date"": null, ""availability_basis"": ""FIRST_OBSERVED_SNAPSHOT_DATE"", ""availability_rule"": ""DATE_ONLY_NEXT_TRADE_DATE"", ""category"": ""临床试验默示许可"", ""date_only_source_timestamp_delayed_to_next_real_trading_date"": true, ""direction_classified"": false, ""drug_name"": ""羟乙磺酸达尔西利片"", ""entity_mapping_basis"": ""EXACT_LISTED_ISSUER_LEGAL_NAME"", ""first_observed_snapshot_only"": true, ""forward_or_historical_outcome_read"": false, ""historical_reconstruction_allowed"": false, ""indication"": ""本品联合RP903片和氟维司群用于复发或转移性乳腺癌患者"", ""official_source_url"": ""https://www.cde.org.cn/main/xxgk/listpage/4b5255eb0a84820cef4ca3e8b6bbe20c"", ""predictive_weight_assigned"": false, ""publication_date"": null, ""snapshot_captured_at"": ""2026-09-30T17:29:59+08:00"", ""source_identity"": ""NMPA_CDE_PUBLISHED_NOTICE_ARCHIVE""}",18ae68fa1bfcaf0eab435d8d25688adecbe9131c2471b56a57c99543290213f8,PROSPECTIVE_FIRST_OBSERVED_ONLY,False,False,False
idkpi:199edab6424345eef43a4c328015eecd7ce948729f0b70ad9c0b82007bbb3b8b,600276.SH,INNOVATION_DRUG,CLINICAL_REGULATORY,CDE_CLINICAL_TRIAL_IMPLIED_LICENSE_SNAPSHOT,2026-09-30,2026-10-08,NMPA_CDE_PUBLISHED_NOTICE_ARCHIVE,NMPA_OR_CDE,official:27a859c1bf7071febf050d8757e73523,OFFICIAL_SNAPSHOT:official:27a859c1bf7071febf050d8757e73523,临床试验默示许可:甲磺酸阿帕替尼片:阿帕替尼联合SHR-8068和阿得贝利单抗用于中高危复发风险可切除肝细胞癌围术期治疗,https://www.cde.org.cn/main/xxgk/listpage/4b5255eb0a84820cef4ca3e8b6bbe20c,OFFICIAL_CDE_CATEGORY_NO_DIRECTION,"{""applicant"": ""江苏恒瑞医药股份有限公司"", ""approval_date"": null, ""availability_basis"": ""FIRST_OBSERVED_SNAPSHOT_DATE"", ""availability_rule"": ""DATE_ONLY_NEXT_TRADE_DATE"", ""category"": ""临床试验默示许可"", ""date_only_source_timestamp_delayed_to_next_real_trading_date"": true, ""direction_classified"": false, ""drug_name"": ""甲磺酸阿帕替尼片"", ""entity_mapping_basis"": ""EXACT_LISTED_ISSUER_LEGAL_NAME"", ""first_observed_snapshot_only"": true, ""forward_or_historical_outcome_read"": false, ""historical_reconstruction_allowed"": false, ""indication"": ""阿帕替尼联合SHR-8068和阿得贝利单抗用于中高危复发风险可切除肝细胞癌围术期治疗"", ""official_source_url"": ""https://www.cde.org.cn/main/xxgk/listpage/4b5255eb0a84820cef4ca3e8b6bbe20c"", ""predictive_weight_assigned"": false, ""publication_date"": null, ""snapshot_captured_at"": ""2026-09-30T17:29:59+08:00"", ""source_identity"": ""NMPA_CDE_PUBLISHED_NOTICE_ARCHIVE""}",199edab6424345eef43a4c328015eecd7ce948729f0b70ad9c0b82007bbb3b8b,PROSPECTIVE_FIRST_OBSERVED_ONLY,False,False,False
idkpi:1c9b7ba5c1effc4c6c554cac02b161628bb1b44dcd8f0164aa13d0946cc27851,600276.SH,INNOVATION_DRUG,CLINICAL_REGULATORY,CDE_CLINICAL_TRIAL_IMPLIED_LICENSE_SNAPSHOT,2026-09-30,2026-10-08,NMPA_CDE_PUBLISHED_NOTICE_ARCHIVE,NMPA_OR_CDE,official:fd399505feb8a8712504c5b2cd788af9,OFFICIAL_SNAPSHOT:official:fd399505feb8a8712504c5b2cd788af9,临床试验默示许可:HRS-6093片:HRS-6093联合HRS-6719±阿得贝利单抗±化疗；或联合HRS-6719±SHR-9839(sc)±化疗用于实体瘤的治疗,https://www.cde.org.cn/main/xxgk/listpage/4b5255eb0a84820cef4ca3e8b6bbe20c,OFFICIAL_CDE_CATEGORY_NO_DIRECTION,"{""applicant"": ""江苏恒瑞医药股份有限公司"", ""approval_date"": null, ""availability_basis"": ""FIRST_OBSERVED_SNAPSHOT_DATE"", ""availability_rule"": ""DATE_ONLY_NEXT_TRADE_DATE"", ""category"": ""临床试验默示许可"", ""date_only_source_timestamp_delayed_to_next_real_trading_date"": true, ""direction_classified"": false, ""drug_name"": ""HRS-6093片"", ""entity_mapping_basis"": ""EXACT_LISTED_ISSUER_LEGAL_NAME"", ""first_observed_snapshot_only"": true, ""forward_or_historical_outcome_read"": false, ""historical_reconstruction_allowed"": false, ""indication"": ""HRS-6093联合HRS-6719±阿得贝利单抗±化疗；或联合HRS-6719±SHR-9839(sc)±化疗用于实体瘤的治疗"", ""official_source_url"": ""https://www.cde.org.cn/main/xxgk/listpage/4b5255eb0a84820cef4ca3e8b6bbe20c"", ""predictive_weight_assigned"": false, ""publication_date"": null, ""snapshot_captured_at"": ""2026-09-30T17:29:59+08:00"", ""source_identity"": ""NMPA_CDE_PUBLISHED_NOTICE_ARCHIVE""}",1c9b7ba5c1effc4c6c554cac02b161628bb1b44dcd8f0164aa13d0946cc27851,PROSPECTIVE_FIRST_OBSERVED_ONLY,False,False,False
idkpi:1dcebe99a6095268a4b84ec42a72d38f7776baf2f47d807173e88077fc5d6957,600276.SH,INNOVATION_DRUG,CLINICAL_REGULATORY,CDE_CLINICAL_TRIAL_IMPLIED_LICENSE_SNAPSHOT,2026-09-30,2026-10-08,NMPA_CDE_PUBLISHED_NOTICE_ARCHIVE,NMPA_OR_CDE,official:6a5d6fb4935cb3b71af285b1fe618a64,OFFICIAL_SNAPSHOT:official:6a5d6fb4935cb3b71af285b1fe618a64,临床试验默示许可:甲磺酸阿帕替尼片:SHR-1701注射液联合甲磺酸阿帕替尼加或不加化疗治疗晚期恶性实体瘤患者。,https://www.cde.org.cn/main/xxgk/listpage/4b5255eb0a84820cef4ca3e8b6bbe20c,OFFICIAL_CDE_CATEGORY_NO_DIRECTION,"{""applicant"": ""江苏恒瑞医药股份有限公司"", ""approval_date"": null, ""availability_basis"": ""FIRST_OBSERVED_SNAPSHOT_DATE"", ""availability_rule"": ""DATE_ONLY_NEXT_TRADE_DATE"", ""category"": ""临床试验默示许可"", ""date_only_source_timestamp_delayed_to_next_real_trading_date"": true, ""direction_classified"": false, ""drug_name"": ""甲磺酸阿帕替尼片"", ""entity_mapping_basis"": ""EXACT_LISTED_ISSUER_LEGAL_NAME"", ""first_observed_snapshot_only"": true, ""forward_or_historical_outcome_read"": false, ""historical_reconstruction_allowed"": false, ""indication"": ""SHR-1701注射液联合甲磺酸阿帕替尼加或不加化疗治疗晚期恶性实体瘤患者。"", ""official_source_url"": ""https://www.cde.org.cn/main/xxgk/listpage/4b5255eb0a84820cef4ca3e8b6bbe20c"", ""predictive_weight_assigned"": false, ""publication_date"": null, ""snapshot_captured_at"": ""2026-09-30T17:29:59+08:00"", ""source_identity"": ""NMPA_CDE_PUBLISHED_NOTICE_ARCHIVE""}",1dcebe99a6095268a4b84ec42a72d38f7776baf2f47d807173e88077fc5d6957,PROSPECTIVE_FIRST_OBSERVED_ONLY,False,False,False
idkpi:1ef1aad774f8d5e452206f8d9d248c8bfaee1c81d09020011a8765885654f169,600276.SH,INNOVATION_DRUG,CLINICAL_REGULATORY,CDE_CLINICAL_TRIAL_IMPLIED_LICENSE_SNAPSHOT,2026-09-30,2026-10-08,NMPA_CDE_PUBLISHED_NOTICE_ARCHIVE,NMPA_OR_CDE,official:b1baade0813808f9f37a689a7fa8f71f,OFFICIAL_SNAPSHOT:official:b1baade0813808f9f37a689a7fa8f71f,临床试验默示许可:SHR0302缓释片:系统性红斑狼疮,https://www.cde.org.cn/main/xxgk/listpage/4b5255eb0a84820cef4ca3e8b6bbe20c,OFFICIAL_CDE_CATEGORY_NO_DIRECTION,"{""applicant"": ""江苏恒瑞医药股份有限公司"", ""approval_date"": null, ""availability_basis"": ""FIRST_OBSERVED_SNAPSHOT_DATE"", ""availability_rule"": ""DATE_ONLY_NEXT_TRADE_DATE"", ""category"": ""临床试验默示许可"", ""date_only_source_timestamp_delayed_to_next_real_trading_date"": true, ""direction_classified"": false, ""drug_name"": ""SHR0302缓释片"", ""entity_mapping_basis"": ""EXACT_LISTED_ISSUER_LEGAL_NAME"", ""first_observed_snapshot_only"": true, ""forward_or_historical_outcome_read"": false, ""historical_reconstruction_allowed"": false, ""indication"": ""系统性红斑狼疮"", ""official_source_url"": ""https://www.cde.org.cn/main/xxgk/listpage/4b5255eb0a84820cef4ca3e8b6bbe20c"", ""predictive_weight_assigned"": false, ""publication_date"": null, ""snapshot_captured_at"": ""2026-09-30T17:29:59+08:00"", ""source_identity"": ""NMPA_CDE_PUBLISHED_NOTICE_ARCHIVE""}",1ef1aad774f8d5e452206f8d9d248c8bfaee1c81d09020011a8765885654f169,PROSPECTIVE_FIRST_OBSERVED_ONLY,False,False,False
idkpi:1ffddc4d142a7ff36deb8a93fb870771551748188caa6849cb325caa7653df56,600276.SH,INNOVATION_DRUG,CLINICAL_REGULATORY,CDE_CLINICAL_TRIAL_IMPLIED_LICENSE_SNAPSHOT,2026-09-30,2026-10-08,NMPA_CDE_PUBLISHED_NOTICE_ARCHIVE,NMPA_OR_CDE,official:144fc857fee1561c9f9ff9d9250e5a3c,OFFICIAL_SNAPSHOT:official:144fc857fee1561c9f9ff9d9250e5a3c,临床试验默示许可:注射用HRS-8427:用于肺部感染。,https://www.cde.org.cn/main/xxgk/listpage/4b5255eb0a84820cef4ca3e8b6bbe20c,OFFICIAL_CDE_CATEGORY_NO_DIRECTION,"{""applicant"": ""江苏恒瑞医药股份有限公司"", ""approval_date"": null, ""availability_basis"": ""FIRST_OBSERVED_SNAPSHOT_DATE"", ""availability_rule"": ""DATE_ONLY_NEXT_TRADE_DATE"", ""category"": ""临床试验默示许可"", ""date_only_source_timestamp_delayed_to_next_real_trading_date"": true, ""direction_classified"": false, ""drug_name"": ""注射用HRS-8427"", ""entity_mapping_basis"": ""EXACT_LISTED_ISSUER_LEGAL_NAME"", ""first_observed_snapshot_only"": true, ""forward_or_historical_outcome_read"": false, ""historical_reconstruction_allowed"": false, ""indication"": ""用于肺部感染。"", ""official_source_url"": ""https://www.cde.org.cn/main/xxgk/listpage/4b5255eb0a84820cef4ca3e8b6bbe20c"", ""predictive_weight_assigned"": false, ""publication_date"": null, ""snapshot_captured_at"": ""2026-09-30T17:29:59+08:00"", ""source_identity"": ""NMPA_CDE_PUBLISHED_NOTICE_ARCHIVE""}",1ffddc4d142a7ff36deb8a93fb870771551748188caa6849cb325caa7653df56,PROSPECTIVE_FIRST_OBSERVED_ONLY,False,False,False
idkpi:20d75b7852b3bcd984107e32b129e10a4904d4b9e7f87845c0cad30bbbc38aac,600276.SH,INNOVATION_DRUG,CLINICAL_REGULATORY,CDE_CLINICAL_TRIAL_IMPLIED_LICENSE_SNAPSHOT,2026-09-30,2026-10-08,NMPA_CDE_PUBLISHED_NOTICE_ARCHIVE,NMPA_OR_CDE,official:410740dececc9728aa6e9cc884b36c89,OFFICIAL_SNAPSHOT:official:410740dececc9728aa6e9cc884b36c89,临床试验默示许可:SHR4640片:本品适用原发性高尿酸血症的长期治疗，可与黄嘌呤氧化酶抑制剂联用。,https://www.cde.org.cn/main/xxgk/listpage/4b5255eb0a84820cef4ca3e8b6bbe20c,OFFICIAL_CDE_CATEGORY_NO_DIRECTION,"{""applicant"": ""江苏恒瑞医药股份有限公司"", ""approval_date"": null, ""availability_basis"": ""FIRST_OBSERVED_SNAPSHOT_DATE"", ""availability_rule"": ""DATE_ONLY_NEXT_TRADE_DATE"", ""category"": ""临床试验默示许可"", ""date_only_source_timestamp_delayed_to_next_real_trading_date"": true, ""direction_classified"": false, ""drug_name"": ""SHR4640片"", ""entity_mapping_basis"": ""EXACT_LISTED_ISSUER_LEGAL_NAME"", ""first_observed_snapshot_only"": true, ""forward_or_historical_outcome_read"": false, ""historical_reconstruction_allowed"": false, ""indication"": ""本品适用原发性高尿酸血症的长期治疗，可与黄嘌呤氧化酶抑制剂联用。"", ""official_source_url"": ""https://www.cde.org.cn/main/xxgk/listpage/4b5255eb0a84820cef4ca3e8b6bbe20c"", ""predictive_weight_assigned"": false, ""publication_date"": null, ""snapshot_captured_at"": ""2026-09-30T17:29:59+08:00"", ""source_identity"": ""NMPA_CDE_PUBLISHED_NOTICE_ARCHIVE""}",20d75b7852b3bcd984107e32b129e10a4904d4b9e7f87845c0cad30bbbc38aac,PROSPECTIVE_FIRST_OBSERVED_ONLY,False,False,False
idkpi:22c886e9b4f28d3633e7f56b6f8f2e2d637590eb0c0daa24f203729b42d7a6b7,600276.SH,INNOVATION_DRUG,CLINICAL_REGULATORY,CDE_CLINICAL_TRIAL_IMPLIED_LICENSE_SNAPSHOT,2026-09-30,2026-10-08,NMPA_CDE_PUBLISHED_NOTICE_ARCHIVE,NMPA_OR_CDE,official:a4d7c596fe330ab02ba85b28725c4351,OFFICIAL_SNAPSHOT:official:a4d7c596fe330ab02ba85b28725c4351,临床试验默示许可:HRS-1167片:本品联合注射用SHR-A1921或联合贝伐珠单抗或联合醋酸阿比特龙片（I）及泼尼松/泼尼松龙（AA-P）治疗晚期实体瘤患者,https://www.cde.org.cn/main/xxgk/listpage/4b5255eb0a84820cef4ca3e8b6bbe20c,OFFICIAL_CDE_CATEGORY_NO_DIRECTION,"{""applicant"": ""江苏恒瑞医药股份有限公司"", ""approval_date"": null, ""availability_basis"": ""FIRST_OBSERVED_SNAPSHOT_DATE"", ""availability_rule"": ""DATE_ONLY_NEXT_TRADE_DATE"", ""category"": ""临床试验默示许可"", ""date_only_source_timestamp_delayed_to_next_real_trading_date"": true, ""direction_classified"": false, ""drug_name"": ""HRS-1167片"", ""entity_mapping_basis"": ""EXACT_LISTED_ISSUER_LEGAL_NAME"", ""first_observed_snapshot_only"": true, ""forward_or_historical_outcome_read"": false, ""historical_reconstruction_allowed"": false, ""indication"": ""本品联合注射用SHR-A1921或联合贝伐珠单抗或联合醋酸阿比特龙片（I）及泼尼松/泼尼松龙（AA-P）治疗晚期实体瘤患者"", ""official_source_url"": ""https://www.cde.org.cn/main/xxgk/listpage/4b5255eb0a84820cef4ca3e8b6bbe20c"", ""predictive_weight_assigned"": false, ""publication_date"": null, ""snapshot_captured_at"": ""2026-09-30T17:29:59+08:00"", ""source_identity"": ""NMPA_CDE_PUBLISHED_NOTICE_ARCHIVE""}",22c886e9b4f28d3633e7f56b6f8f2e2d637590eb0c0daa24f203729b42d7a6b7,PROSPECTIVE_FIRST_OBSERVED_ONLY,False,False,False
idkpi:240362c7142a53eb9431363f783a2eb34fa5471bff21b03ce8af9d64b4a2cb85,600276.SH,INNOVATION_DRUG,CLINICAL_REGULATORY,CDE_CLINICAL_TRIAL_IMPLIED_LICENSE_SNAPSHOT,2026-09-30,2026-10-08,NMPA_CDE_PUBLISHED_NOTICE_ARCHIVE,NMPA_OR_CDE,official:e69d4b289392322cb823f4124c682b4b,OFFICIAL_SNAPSHOT:official:e69d4b289392322cb823f4124c682b4b,临床试验默示许可:HRG2010胶囊:用于治疗帕金森病。,https://www.cde.org.cn/main/xxgk/listpage/4b5255eb0a84820cef4ca3e8b6bbe20c,OFFICIAL_CDE_CATEGORY_NO_DIRECTION,"{""applicant"": ""江苏恒瑞医药股份有限公司"", ""approval_date"": null, ""availability_basis"": ""FIRST_OBSERVED_SNAPSHOT_DATE"", ""availability_rule"": ""DATE_ONLY_NEXT_TRADE_DATE"", ""category"": ""临床试验默示许可"", ""date_only_source_timestamp_delayed_to_next_real_trading_date"": true, ""direction_classified"": false, ""drug_name"": ""HRG2010胶囊"", ""entity_mapping_basis"": ""EXACT_LISTED_ISSUER_LEGAL_NAME"", ""first_observed_snapshot_only"": true, ""forward_or_historical_outcome_read"": false, ""historical_reconstruction_allowed"": false, ""indication"": ""用于治疗帕金森病。"", ""official_source_url"": ""https://www.cde.org.cn/main/xxgk/listpage/4b5255eb0a84820cef4ca3e8b6bbe20c"", ""predictive_weight_assigned"": false, ""publication_date"": null, ""snapshot_captured_at"": ""2026-09-30T17:29:59+08:00"", ""source_identity"": ""NMPA_CDE_PUBLISHED_NOTICE_ARCHIVE""}",240362c7142a53eb9431363f783a2eb34fa5471bff21b03ce8af9d64b4a2cb85,PROSPECTIVE_FIRST_OBSERVED_ONLY,False,False,False
idkpi:2490950bf036d4605bec24d898cd37460d9e8f5f0c5a8a3dc0f1155afaf87acc,600276.SH,INNOVATION_DRUG,CLINICAL_REGULATORY,CDE_CLINICAL_TRIAL_IMPLIED_LICENSE_SNAPSHOT,2026-09-30,2026-10-08,NMPA_CDE_PUBLISHED_NOTICE_ARCHIVE,NMPA_OR_CDE,official:f82be61ccd86be89357371946432c257,OFFICIAL_SNAPSHOT:official:f82be61ccd86be89357371946432c257,临床试验默示许可:HRS-4508片:实体瘤。,https://www.cde.org.cn/main/xxgk/listpage/4b5255eb0a84820cef4ca3e8b6bbe20c,OFFICIAL_CDE_CATEGORY_NO_DIRECTION,"{""applicant"": ""江苏恒瑞医药股份有限公司"", ""approval_date"": null, ""availability_basis"": ""FIRST_OBSERVED_SNAPSHOT_DATE"", ""availability_rule"": ""DATE_ONLY_NEXT_TRADE_DATE"", ""category"": ""临床试验默示许可"", ""date_only_source_timestamp_delayed_to_next_real_trading_date"": true, ""direction_classified"": false, ""drug_name"": ""HRS-4508片"", ""entity_mapping_basis"": ""EXACT_LISTED_ISSUER_LEGAL_NAME"", ""first_observed_snapshot_only"": true, ""forward_or_historical_outcome_read"": false, ""historical_reconstruction_allowed"": false, ""indication"": ""实体瘤。"", ""official_source_url"": ""https://www.cde.org.cn/main/xxgk/listpage/4b5255eb0a84820cef4ca3e8b6bbe20c"", ""predictive_weight_assigned"": false, ""publication_date"": null, ""snapshot_captured_at"": ""2026-09-30T17:29:59+08:00"", ""source_identity"": ""NMPA_CDE_PUBLISHED_NOTICE_ARCHIVE""}",2490950bf036d4605bec24d898cd37460d9e8f5f0c5a8a3dc0f1155afaf87acc,PROSPECTIVE_FIRST_OBSERVED_ONLY,False,False,False
idkpi:24c2c24948915aa2d747573f386d9555ec71362aac7881c8678eb54f462d4f6a,600276.SH,INNOVATION_DRUG,CLINICAL_REGULATORY,CDE_CLINICAL_TRIAL_IMPLIED_LICENSE_SNAPSHOT,2026-09-30,2026-10-08,NMPA_CDE_PUBLISHED_NOTICE_ARCHIVE,NMPA_OR_CDE,official:d80c74065fd505b13dec2a1b97bdc547,OFFICIAL_SNAPSHOT:official:d80c74065fd505b13dec2a1b97bdc547,临床试验默示许可:HRS-2329片:携带RAS突变或扩增的实体瘤,https://www.cde.org.cn/main/xxgk/listpage/4b5255eb0a84820cef4ca3e8b6bbe20c,OFFICIAL_CDE_CATEGORY_NO_DIRECTION,"{""applicant"": ""江苏恒瑞医药股份有限公司"", ""approval_date"": null, ""availability_basis"": ""FIRST_OBSERVED_SNAPSHOT_DATE"", ""availability_rule"": ""DATE_ONLY_NEXT_TRADE_DATE"", ""category"": ""临床试验默示许可"", ""date_only_source_timestamp_delayed_to_next_real_trading_date"": true, ""direction_classified"": false, ""drug_name"": ""HRS-2329片"", ""entity_mapping_basis"": ""EXACT_LISTED_ISSUER_LEGAL_NAME"", ""first_observed_snapshot_only"": true, ""forward_or_historical_outcome_read"": false, ""historical_reconstruction_allowed"": false, ""indication"": ""携带RAS突变或扩增的实体瘤"", ""official_source_url"": ""https://www.cde.org.cn/main/xxgk/listpage/4b5255eb0a84820cef4ca3e8b6bbe20c"", ""predictive_weight_assigned"": false, ""publication_date"": null, ""snapshot_captured_at"": ""2026-09-30T17:29:59+08:00"", ""source_identity"": ""NMPA_CDE_PUBLISHED_NOTICE_ARCHIVE""}",24c2c24948915aa2d747573f386d9555ec71362aac7881c8678eb54f462d4f6a,PROSPECTIVE_FIRST_OBSERVED_ONLY,False,False,False
idkpi:24ddffba080e7192b7124f7c14c1b386bd4d6c3dca3c016ea7f6c8b003744872,600276.SH,INNOVATION_DRUG,CLINICAL_REGULATORY,CDE_CLINICAL_TRIAL_IMPLIED_LICENSE_SNAPSHOT,2026-09-30,2026-10-08,NMPA_CDE_PUBLISHED_NOTICE_ARCHIVE,NMPA_OR_CDE,official:310668f0d8f9dae7fc6af771a3ad88e8,OFFICIAL_SNAPSHOT:official:310668f0d8f9dae7fc6af771a3ad88e8,临床试验默示许可:甲磺酸阿帕替尼片:本品联合SHR-1701及标准化疗用于局部晚期不可切除或转移性胃癌或胃食管结合部癌患者。,https://www.cde.org.cn/main/xxgk/listpage/4b5255eb0a84820cef4ca3e8b6bbe20c,OFFICIAL_CDE_CATEGORY_NO_DIRECTION,"{""applicant"": ""江苏恒瑞医药股份有限公司"", ""approval_date"": null, ""availability_basis"": ""FIRST_OBSERVED_SNAPSHOT_DATE"", ""availability_rule"": ""DATE_ONLY_NEXT_TRADE_DATE"", ""category"": ""临床试验默示许可"", ""date_only_source_timestamp_delayed_to_next_real_trading_date"": true, ""direction_classified"": false, ""drug_name"": ""甲磺酸阿帕替尼片"", ""entity_mapping_basis"": ""EXACT_LISTED_ISSUER_LEGAL_NAME"", ""first_observed_snapshot_only"": true, ""forward_or_historical_outcome_read"": false, ""historical_reconstruction_allowed"": false, ""indication"": ""本品联合SHR-1701及标准化疗用于局部晚期不可切除或转移性胃癌或胃食管结合部癌患者。"", ""official_source_url"": ""https://www.cde.org.cn/main/xxgk/listpage/4b5255eb0a84820cef4ca3e8b6bbe20c"", ""predictive_weight_assigned"": false, ""publication_date"": null, ""snapshot_captured_at"": ""2026-09-30T17:29:59+08:00"", ""source_identity"": ""NMPA_CDE_PUBLISHED_NOTICE_ARCHIVE""}",24ddffba080e7192b7124f7c14c1b386bd4d6c3dca3c016ea7f6c8b003744872,PROSPECTIVE_FIRST_OBSERVED_ONLY,False,False,False
idkpi:283c05a6f3bf8a9a2c27e3559d0cfaeb295e738978cb9cbfad93885050a89b82,600276.SH,INNOVATION_DRUG,CLINICAL_REGULATORY,CDE_CLINICAL_TRIAL_IMPLIED_LICENSE_SNAPSHOT,2026-09-30,2026-10-08,NMPA_CDE_PUBLISHED_NOTICE_ARCHIVE,NMPA_OR_CDE,official:5d006f632e6afd035464eb8d9087671e,OFFICIAL_SNAPSHOT:official:5d006f632e6afd035464eb8d9087671e,临床试验默示许可:HRS-7172片:携带RAS突变或扩增的实体瘤,https://www.cde.org.cn/main/xxgk/listpage/4b5255eb0a84820cef4ca3e8b6bbe20c,OFFICIAL_CDE_CATEGORY_NO_DIRECTION,"{""applicant"": ""江苏恒瑞医药股份有限公司"", ""approval_date"": null, ""availability_basis"": ""FIRST_OBSERVED_SNAPSHOT_DATE"", ""availability_rule"": ""DATE_ONLY_NEXT_TRADE_DATE"", ""category"": ""临床试验默示许可"", ""date_only_source_timestamp_delayed_to_next_real_trading_date"": true, ""direction_classified"": false, ""drug_name"": ""HRS-7172片"", ""entity_mapping_basis"": ""EXACT_LISTED_ISSUER_LEGAL_NAME"", ""first_observed_snapshot_only"": true, ""forward_or_historical_outcome_read"": false, ""historical_reconstruction_allowed"": false, ""indication"": ""携带RAS突变或扩增的实体瘤"", ""official_source_url"": ""https://www.cde.org.cn/main/xxgk/listpage/4b5255eb0a84820cef4ca3e8b6bbe20c"", ""predictive_weight_assigned"": false, ""publication_date"": null, ""snapshot_captured_at"": ""2026-09-30T17:29:59+08:00"", ""source_identity"": ""NMPA_CDE_PUBLISHED_NOTICE_ARCHIVE""}",283c05a6f3bf8a9a2c27e3559d0cfaeb295e738978cb9cbfad93885050a89b82,PROSPECTIVE_FIRST_OBSERVED_ONLY,False,False,False
idkpi:28c17325c9116e6054fd0c18805b9fd3078ceacd4b2be1167771bd6b56de6a57,600276.SH,INNOVATION_DRUG,CLINICAL_REGULATORY,CDE_CLINICAL_TRIAL_IMPLIED_LICENSE_SNAPSHOT,2026-09-30,2026-10-08,NMPA_CDE_PUBLISHED_NOTICE_ARCHIVE,NMPA_OR_CDE,official:b3ff8a6cc1369d8da4af2bec120dfd73,OFFICIAL_SNAPSHOT:official:b3ff8a6cc1369d8da4af2bec120dfd73,临床试验默示许可:HRS-3738片:本品联合含地塞米松的治疗方案用于复发难治的多发性骨髓瘤。,https://www.cde.org.cn/main/xxgk/listpage/4b5255eb0a84820cef4ca3e8b6bbe20c,OFFICIAL_CDE_CATEGORY_NO_DIRECTION,"{""applicant"": ""江苏恒瑞医药股份有限公司"", ""approval_date"": null, ""availability_basis"": ""FIRST_OBSERVED_SNAPSHOT_DATE"", ""availability_rule"": ""DATE_ONLY_NEXT_TRADE_DATE"", ""category"": ""临床试验默示许可"", ""date_only_source_timestamp_delayed_to_next_real_trading_date"": true, ""direction_classified"": false, ""drug_name"": ""HRS-3738片"", ""entity_mapping_basis"": ""EXACT_LISTED_ISSUER_LEGAL_NAME"", ""first_observed_snapshot_only"": true, ""forward_or_historical_outcome_read"": false, ""historical_reconstruction_allowed"": false, ""indication"": ""本品联合含地塞米松的治疗方案用于复发难治的多发性骨髓瘤。"", ""official_source_url"": ""https://www.cde.org.cn/main/xxgk/listpage/4b5255eb0a84820cef4ca3e8b6bbe20c"", ""predictive_weight_assigned"": false, ""publication_date"": null, ""snapshot_captured_at"": ""2026-09-30T17:29:59+08:00"", ""source_identity"": ""NMPA_CDE_PUBLISHED_NOTICE_ARCHIVE""}",28c17325c9116e6054fd0c18805b9fd3078ceacd4b2be1167771bd6b56de6a57,PROSPECTIVE_FIRST_OBSERVED_ONLY,False,False,False
idkpi:28feea2626e16d2dfc6ed319d232e174f1cbfe7f0dd71348a9e3a179dd7102e9,600276.SH,INNOVATION_DRUG,CLINICAL_REGULATORY,CDE_CLINICAL_TRIAL_IMPLIED_LICENSE_SNAPSHOT,2026-09-30,2026-10-08,NMPA_CDE_PUBLISHED_NOTICE_ARCHIVE,NMPA_OR_CDE,official:c336728a055d0a0c2e2e92561999d781,OFFICIAL_SNAPSHOT:official:c336728a055d0a0c2e2e92561999d781,临床试验默示许可:注射用HRS-9190:用于全身麻醉诱导期气管插管及维待术中骨骼肌松弛。,https://www.cde.org.cn/main/xxgk/listpage/4b5255eb0a84820cef4ca3e8b6bbe20c,OFFICIAL_CDE_CATEGORY_NO_DIRECTION,"{""applicant"": ""江苏恒瑞医药股份有限公司"", ""approval_date"": null, ""availability_basis"": ""FIRST_OBSERVED_SNAPSHOT_DATE"", ""availability_rule"": ""DATE_ONLY_NEXT_TRADE_DATE"", ""category"": ""临床试验默示许可"", ""date_only_source_timestamp_delayed_to_next_real_trading_date"": true, ""direction_classified"": false, ""drug_name"": ""注射用HRS-9190"", ""entity_mapping_basis"": ""EXACT_LISTED_ISSUER_LEGAL_NAME"", ""first_observed_snapshot_only"": true, ""forward_or_historical_outcome_read"": false, ""historical_reconstruction_allowed"": false, ""indication"": ""用于全身麻醉诱导期气管插管及维待术中骨骼肌松弛。"", ""official_source_url"": ""https://www.cde.org.cn/main/xxgk/listpage/4b5255eb0a84820cef4ca3e8b6bbe20c"", ""predictive_weight_assigned"": false, ""publication_date"": null, ""snapshot_captured_at"": ""2026-09-30T17:29:59+08:00"", ""source_identity"": ""NMPA_CDE_PUBLISHED_NOTICE_ARCHIVE""}",28feea2626e16d2dfc6ed319d232e174f1cbfe7f0dd71348a9e3a179dd7102e9,PROSPECTIVE_FIRST_OBSERVED_ONLY,False,False,False
idkpi:295fb0d0435890ba6f1c90f491fccf68434c93b028d97a26a8f95b63e0c87172,600276.SH,INNOVATION_DRUG,CLINICAL_REGULATORY,CDE_CLINICAL_TRIAL_IMPLIED_LICENSE_SNAPSHOT,2026-09-30,2026-10-08,NMPA_CDE_PUBLISHED_NOTICE_ARCHIVE,NMPA_OR_CDE,official:139648235b52047386589abd391ffd46,OFFICIAL_SNAPSHOT:official:139648235b52047386589abd391ffd46,临床试验默示许可:HRS-1167片:本品联合醋酸阿比特龙片及醋酸泼尼松治疗转移性前列腺癌患者。,https://www.cde.org.cn/main/xxgk/listpage/4b5255eb0a84820cef4ca3e8b6bbe20c,OFFICIAL_CDE_CATEGORY_NO_DIRECTION,"{""applicant"": ""江苏恒瑞医药股份有限公司"", ""approval_date"": null, ""availability_basis"": ""FIRST_OBSERVED_SNAPSHOT_DATE"", ""availability_rule"": ""DATE_ONLY_NEXT_TRADE_DATE"", ""category"": ""临床试验默示许可"", ""date_only_source_timestamp_delayed_to_next_real_trading_date"": true, ""direction_classified"": false, ""drug_name"": ""HRS-1167片"", ""entity_mapping_basis"": ""EXACT_LISTED_ISSUER_LEGAL_NAME"", ""first_observed_snapshot_only"": true, ""forward_or_historical_outcome_read"": false, ""historical_reconstruction_allowed"": false, ""indication"": ""本品联合醋酸阿比特龙片及醋酸泼尼松治疗转移性前列腺癌患者。"", ""official_source_url"": ""https://www.cde.org.cn/main/xxgk/listpage/4b5255eb0a84820cef4ca3e8b6bbe20c"", ""predictive_weight_assigned"": false, ""publication_date"": null, ""snapshot_captured_at"": ""2026-09-30T17:29:59+08:00"", ""source_identity"": ""NMPA_CDE_PUBLISHED_NOTICE_ARCHIVE""}",295fb0d0435890ba6f1c90f491fccf68434c93b028d97a26a8f95b63e0c87172,PROSPECTIVE_FIRST_OBSERVED_ONLY,False,False,False
idkpi:29e214d98805ca459dea2ed265efd87e2d9fa1c952d69b458c5486a2c98fa192,600276.SH,INNOVATION_DRUG,CLINICAL_REGULATORY,CDE_CLINICAL_TRIAL_IMPLIED_LICENSE_SNAPSHOT,2026-09-30,2026-10-08,NMPA_CDE_PUBLISHED_NOTICE_ARCHIVE,NMPA_OR_CDE,official:14cf6d67bae79503298388754103b2a4,OFFICIAL_SNAPSHOT:official:14cf6d67bae79503298388754103b2a4,临床试验默示许可:SHR-3167注射液:糖尿病,https://www.cde.org.cn/main/xxgk/listpage/4b5255eb0a84820cef4ca3e8b6bbe20c,OFFICIAL_CDE_CATEGORY_NO_DIRECTION,"{""applicant"": ""江苏恒瑞医药股份有限公司"", ""approval_date"": null, ""availability_basis"": ""FIRST_OBSERVED_SNAPSHOT_DATE"", ""availability_rule"": ""DATE_ONLY_NEXT_TRADE_DATE"", ""category"": ""临床试验默示许可"", ""date_only_source_timestamp_delayed_to_next_real_trading_date"": true, ""direction_classified"": false, ""drug_name"": ""SHR-3167注射液"", ""entity_mapping_basis"": ""EXACT_LISTED_ISSUER_LEGAL_NAME"", ""first_observed_snapshot_only"": true, ""forward_or_historical_outcome_read"": false, ""historical_reconstruction_allowed"": false, ""indication"": ""糖尿病"", ""official_source_url"": ""https://www.cde.org.cn/main/xxgk/listpage/4b5255eb0a84820cef4ca3e8b6bbe20c"", ""predictive_weight_assigned"": false, ""publication_date"": null, ""snapshot_captured_at"": ""2026-09-30T17:29:59+08:00"", ""source_identity"": ""NMPA_CDE_PUBLISHED_NOTICE_ARCHIVE""}",29e214d98805ca459dea2ed265efd87e2d9fa1c952d69b458c5486a2c98fa192,PROSPECTIVE_FIRST_OBSERVED_ONLY,False,False,False
idkpi:2ad2867493c5fe3fd16fa2a01572d5268039dbcffedfd8e9ed8cd8c549c71d7c,600276.SH,INNOVATION_DRUG,CLINICAL_REGULATORY,CDE_CLINICAL_TRIAL_IMPLIED_LICENSE_SNAPSHOT,2026-09-30,2026-10-08,NMPA_CDE_PUBLISHED_NOTICE_ARCHIVE,NMPA_OR_CDE,official:2b4e70f0c5959b1b2c89a4bba49df876,OFFICIAL_SNAPSHOT:official:2b4e70f0c5959b1b2c89a4bba49df876,临床试验默示许可:羟乙磺酸达尔西利片:本品联合醋酸阿比特龙片（I）和泼尼松片（AA-P）用于治疗高瘤负荷的转移性激素敏感性前列腺癌。,https://www.cde.org.cn/main/xxgk/listpage/4b5255eb0a84820cef4ca3e8b6bbe20c,OFFICIAL_CDE_CATEGORY_NO_DIRECTION,"{""applicant"": ""江苏恒瑞医药股份有限公司"", ""approval_date"": null, ""availability_basis"": ""FIRST_OBSERVED_SNAPSHOT_DATE"", ""availability_rule"": ""DATE_ONLY_NEXT_TRADE_DATE"", ""category"": ""临床试验默示许可"", ""date_only_source_timestamp_delayed_to_next_real_trading_date"": true, ""direction_classified"": false, ""drug_name"": ""羟乙磺酸达尔西利片"", ""entity_mapping_basis"": ""EXACT_LISTED_ISSUER_LEGAL_NAME"", ""first_observed_snapshot_only"": true, ""forward_or_historical_outcome_read"": false, ""historical_reconstruction_allowed"": false, ""indication"": ""本品联合醋酸阿比特龙片（I）和泼尼松片（AA-P）用于治疗高瘤负荷的转移性激素敏感性前列腺癌。"", ""official_source_url"": ""https://www.cde.org.cn/main/xxgk/listpage/4b5255eb0a84820cef4ca3e8b6bbe20c"", ""predictive_weight_assigned"": false, ""publication_date"": null, ""snapshot_captured_at"": ""2026-09-30T17:29:59+08:00"", ""source_identity"": ""NMPA_CDE_PUBLISHED_NOTICE_ARCHIVE""}",2ad2867493c5fe3fd16fa2a01572d5268039dbcffedfd8e9ed8cd8c549c71d7c,PROSPECTIVE_FIRST_OBSERVED_ONLY,False,False,False
idkpi:2bdc6fb5b46fbe319fecd8c0d389213e85a80736fb49d7e7ec1fce5aa1b36b7c,600276.SH,INNOVATION_DRUG,CLINICAL_REGULATORY,CDE_CLINICAL_TRIAL_IMPLIED_LICENSE_SNAPSHOT,2026-09-30,2026-10-08,NMPA_CDE_PUBLISHED_NOTICE_ARCHIVE,NMPA_OR_CDE,official:488a66d895f52a8cac75e74d0433516d,OFFICIAL_SNAPSHOT:official:488a66d895f52a8cac75e74d0433516d,临床试验默示许可:HRS-6209片:拟用于治疗晚期恶性实体瘤。,https://www.cde.org.cn/main/xxgk/listpage/4b5255eb0a84820cef4ca3e8b6bbe20c,OFFICIAL_CDE_CATEGORY_NO_DIRECTION,"{""applicant"": ""江苏恒瑞医药股份有限公司"", ""approval_date"": null, ""availability_basis"": ""FIRST_OBSERVED_SNAPSHOT_DATE"", ""availability_rule"": ""DATE_ONLY_NEXT_TRADE_DATE"", ""category"": ""临床试验默示许可"", ""date_only_source_timestamp_delayed_to_next_real_trading_date"": true, ""direction_classified"": false, ""drug_name"": ""HRS-6209片"", ""entity_mapping_basis"": ""EXACT_LISTED_ISSUER_LEGAL_NAME"", ""first_observed_snapshot_only"": true, ""forward_or_historical_outcome_read"": false, ""historical_reconstruction_allowed"": false, ""indication"": ""拟用于治疗晚期恶性实体瘤。"", ""official_source_url"": ""https://www.cde.org.cn/main/xxgk/listpage/4b5255eb0a84820cef4ca3e8b6bbe20c"", ""predictive_weight_assigned"": false, ""publication_date"": null, ""snapshot_captured_at"": ""2026-09-30T17:29:59+08:00"", ""source_identity"": ""NMPA_CDE_PUBLISHED_NOTICE_ARCHIVE""}",2bdc6fb5b46fbe319fecd8c0d389213e85a80736fb49d7e7ec1fce5aa1b36b7c,PROSPECTIVE_FIRST_OBSERVED_ONLY,False,False,False
idkpi:2e4ac9de9a34ee771ebb845a0f27fb4f46440c4e73b64af8db81d219cac1f183,600276.SH,INNOVATION_DRUG,CLINICAL_REGULATORY,CDE_CLINICAL_TRIAL_IMPLIED_LICENSE_SNAPSHOT,2026-09-30,2026-10-08,NMPA_CDE_PUBLISHED_NOTICE_ARCHIVE,NMPA_OR_CDE,official:16c5ca2684f6c3f2547d25176260d6a1,OFFICIAL_SNAPSHOT:official:16c5ca2684f6c3f2547d25176260d6a1,临床试验默示许可:HRS-2329片:携带RAS突变或扩增的实体瘤,https://www.cde.org.cn/main/xxgk/listpage/4b5255eb0a84820cef4ca3e8b6bbe20c,OFFICIAL_CDE_CATEGORY_NO_DIRECTION,"{""applicant"": ""江苏恒瑞医药股份有限公司"", ""approval_date"": null, ""availability_basis"": ""FIRST_OBSERVED_SNAPSHOT_DATE"", ""availability_rule"": ""DATE_ONLY_NEXT_TRADE_DATE"", ""category"": ""临床试验默示许可"", ""date_only_source_timestamp_delayed_to_next_real_trading_date"": true, ""direction_classified"": false, ""drug_name"": ""HRS-2329片"", ""entity_mapping_basis"": ""EXACT_LISTED_ISSUER_LEGAL_NAME"", ""first_observed_snapshot_only"": true, ""forward_or_historical_outcome_read"": false, ""historical_reconstruction_allowed"": false, ""indication"": ""携带RAS突变或扩增的实体瘤"", ""official_source_url"": ""https://www.cde.org.cn/main/xxgk/listpage/4b5255eb0a84820cef4ca3e8b6bbe20c"", ""predictive_weight_assigned"": false, ""publication_date"": null, ""snapshot_captured_at"": ""2026-09-30T17:29:59+08:00"", ""source_identity"": ""NMPA_CDE_PUBLISHED_NOTICE_ARCHIVE""}",2e4ac9de9a34ee771ebb845a0f27fb4f46440c4e73b64af8db81d219cac1f183,PROSPECTIVE_FIRST_OBSERVED_ONLY,False,False,False
idkpi:2fc971fcbcbd97715bcdd76e387c0665f625eb3fd98b8a3f9da0d9c5cd09592d,600276.SH,INNOVATION_DRUG,CLINICAL_REGULATORY,CDE_CLINICAL_TRIAL_IMPLIED_LICENSE_SNAPSHOT,2026-09-30,2026-10-08,NMPA_CDE_PUBLISHED_NOTICE_ARCHIVE,NMPA_OR_CDE,official:115b0ae4388c0888ee2cf45404e0bf10,OFFICIAL_SNAPSHOT:official:115b0ae4388c0888ee2cf45404e0bf10,临床试验默示许可:羟乙磺酸达尔西利片:本品联合HRS1358片用于乳腺癌的治疗。,https://www.cde.org.cn/main/xxgk/listpage/4b5255eb0a84820cef4ca3e8b6bbe20c,OFFICIAL_CDE_CATEGORY_NO_DIRECTION,"{""applicant"": ""江苏恒瑞医药股份有限公司"", ""approval_date"": null, ""availability_basis"": ""FIRST_OBSERVED_SNAPSHOT_DATE"", ""availability_rule"": ""DATE_ONLY_NEXT_TRADE_DATE"", ""category"": ""临床试验默示许可"", ""date_only_source_timestamp_delayed_to_next_real_trading_date"": true, ""direction_classified"": false, ""drug_name"": ""羟乙磺酸达尔西利片"", ""entity_mapping_basis"": ""EXACT_LISTED_ISSUER_LEGAL_NAME"", ""first_observed_snapshot_only"": true, ""forward_or_historical_outcome_read"": false, ""historical_reconstruction_allowed"": false, ""indication"": ""本品联合HRS1358片用于乳腺癌的治疗。"", ""official_source_url"": ""https://www.cde.org.cn/main/xxgk/listpage/4b5255eb0a84820cef4ca3e8b6bbe20c"", ""predictive_weight_assigned"": false, ""publication_date"": null, ""snapshot_captured_at"": ""2026-09-30T17:29:59+08:00"", ""source_identity"": ""NMPA_CDE_PUBLISHED_NOTICE_ARCHIVE""}",2fc971fcbcbd97715bcdd76e387c0665f625eb3fd98b8a3f9da0d9c5cd09592d,PROSPECTIVE_FIRST_OBSERVED_ONLY,False,False,False
idkpi:343f5fdb7fa704c36985183f31689789df648d73d5d36fb7f978774324566f4b,600276.SH,INNOVATION_DRUG,CLINICAL_REGULATORY,CDE_CLINICAL_TRIAL_IMPLIED_LICENSE_SNAPSHOT,2026-09-30,2026-10-08,NMPA_CDE_PUBLISHED_NOTICE_ARCHIVE,NMPA_OR_CDE,official:83561a40e45a5cbf11a562fe6ed39907,OFFICIAL_SNAPSHOT:official:83561a40e45a5cbf11a562fe6ed39907,临床试验默示许可:INS068注射液:本品拟用于1型和2型糖尿病的治疗。,https://www.cde.org.cn/main/xxgk/listpage/4b5255eb0a84820cef4ca3e8b6bbe20c,OFFICIAL_CDE_CATEGORY_NO_DIRECTION,"{""applicant"": ""江苏恒瑞医药股份有限公司"", ""approval_date"": null, ""availability_basis"": ""FIRST_OBSERVED_SNAPSHOT_DATE"", ""availability_rule"": ""DATE_ONLY_NEXT_TRADE_DATE"", ""category"": ""临床试验默示许可"", ""date_only_source_timestamp_delayed_to_next_real_trading_date"": true, ""direction_classified"": false, ""drug_name"": ""INS068注射液"", ""entity_mapping_basis"": ""EXACT_LISTED_ISSUER_LEGAL_NAME"", ""first_observed_snapshot_only"": true, ""forward_or_historical_outcome_read"": false, ""historical_reconstruction_allowed"": false, ""indication"": ""本品拟用于1型和2型糖尿病的治疗。"", ""official_source_url"": ""https://www.cde.org.cn/main/xxgk/listpage/4b5255eb0a84820cef4ca3e8b6bbe20c"", ""predictive_weight_assigned"": false, ""publication_date"": null, ""snapshot_captured_at"": ""2026-09-30T17:29:59+08:00"", ""source_identity"": ""NMPA_CDE_PUBLISHED_NOTICE_ARCHIVE""}",343f5fdb7fa704c36985183f31689789df648d73d5d36fb7f978774324566f4b,PROSPECTIVE_FIRST_OBSERVED_ONLY,False,False,False
idkpi:34584e59c659a0dc0d3bf99f5fa78cf5acba289128cbdca3f7e59a6e873518d4,600276.SH,INNOVATION_DRUG,CLINICAL_REGULATORY,CDE_CLINICAL_TRIAL_IMPLIED_LICENSE_SNAPSHOT,2026-09-30,2026-10-08,NMPA_CDE_PUBLISHED_NOTICE_ARCHIVE,NMPA_OR_CDE,official:f108eefcf86c045617144e1fa16affae,OFFICIAL_SNAPSHOT:official:f108eefcf86c045617144e1fa16affae,临床试验默示许可:HRS-1167片:晚期实体肿瘤,https://www.cde.org.cn/main/xxgk/listpage/4b5255eb0a84820cef4ca3e8b6bbe20c,OFFICIAL_CDE_CATEGORY_NO_DIRECTION,"{""applicant"": ""江苏恒瑞医药股份有限公司"", ""approval_date"": null, ""availability_basis"": ""FIRST_OBSERVED_SNAPSHOT_DATE"", ""availability_rule"": ""DATE_ONLY_NEXT_TRADE_DATE"", ""category"": ""临床试验默示许可"", ""date_only_source_timestamp_delayed_to_next_real_trading_date"": true, ""direction_classified"": false, ""drug_name"": ""HRS-1167片"", ""entity_mapping_basis"": ""EXACT_LISTED_ISSUER_LEGAL_NAME"", ""first_observed_snapshot_only"": true, ""forward_or_historical_outcome_read"": false, ""historical_reconstruction_allowed"": false, ""indication"": ""晚期实体肿瘤"", ""official_source_url"": ""https://www.cde.org.cn/main/xxgk/listpage/4b5255eb0a84820cef4ca3e8b6bbe20c"", ""predictive_weight_assigned"": false, ""publication_date"": null, ""snapshot_captured_at"": ""2026-09-30T17:29:59+08:00"", ""source_identity"": ""NMPA_CDE_PUBLISHED_NOTICE_ARCHIVE""}",34584e59c659a0dc0d3bf99f5fa78cf5acba289128cbdca3f7e59a6e873518d4,PROSPECTIVE_FIRST_OBSERVED_ONLY,False,False,False
idkpi:350a37e788005765d17f95d1c10d7e59cab2a5781122e69dd1bd9a0ba930c862,600276.SH,INNOVATION_DRUG,CLINICAL_REGULATORY,CDE_CLINICAL_TRIAL_IMPLIED_LICENSE_SNAPSHOT,2026-09-30,2026-10-08,NMPA_CDE_PUBLISHED_NOTICE_ARCHIVE,NMPA_OR_CDE,official:4efff751c4adbf2a34aa77af18f3666a,OFFICIAL_SNAPSHOT:official:4efff751c4adbf2a34aa77af18f3666a,临床试验默示许可:SHR7280片:SHR7280片反向添加替勃龙片用于伴有月经过多的子宫肌瘤。,https://www.cde.org.cn/main/xxgk/listpage/4b5255eb0a84820cef4ca3e8b6bbe20c,OFFICIAL_CDE_CATEGORY_NO_DIRECTION,"{""applicant"": ""江苏恒瑞医药股份有限公司"", ""approval_date"": null, ""availability_basis"": ""FIRST_OBSERVED_SNAPSHOT_DATE"", ""availability_rule"": ""DATE_ONLY_NEXT_TRADE_DATE"", ""category"": ""临床试验默示许可"", ""date_only_source_timestamp_delayed_to_next_real_trading_date"": true, ""direction_classified"": false, ""drug_name"": ""SHR7280片"", ""entity_mapping_basis"": ""EXACT_LISTED_ISSUER_LEGAL_NAME"", ""first_observed_snapshot_only"": true, ""forward_or_historical_outcome_read"": false, ""historical_reconstruction_allowed"": false, ""indication"": ""SHR7280片反向添加替勃龙片用于伴有月经过多的子宫肌瘤。"", ""official_source_url"": ""https://www.cde.org.cn/main/xxgk/listpage/4b5255eb0a84820cef4ca3e8b6bbe20c"", ""predictive_weight_assigned"": false, ""publication_date"": null, ""snapshot_captured_at"": ""2026-09-30T17:29:59+08:00"", ""source_identity"": ""NMPA_CDE_PUBLISHED_NOTICE_ARCHIVE""}",350a37e788005765d17f95d1c10d7e59cab2a5781122e69dd1bd9a0ba930c862,PROSPECTIVE_FIRST_OBSERVED_ONLY,False,False,False
idkpi:3540f0f753e1bfe3ab1999e18d288c707d4f3b8438c7cdc72a87571b0b297603,600276.SH,INNOVATION_DRUG,CLINICAL_REGULATORY,CDE_CLINICAL_TRIAL_IMPLIED_LICENSE_SNAPSHOT,2026-09-30,2026-10-08,NMPA_CDE_PUBLISHED_NOTICE_ARCHIVE,NMPA_OR_CDE,official:2edcd24e1901f5a6123fc94908fc7aac,OFFICIAL_SNAPSHOT:official:2edcd24e1901f5a6123fc94908fc7aac,临床试验默示许可:HRS-1167片:本品联合HRS-5041片用于治疗晚期前列腺癌患者。,https://www.cde.org.cn/main/xxgk/listpage/4b5255eb0a84820cef4ca3e8b6bbe20c,OFFICIAL_CDE_CATEGORY_NO_DIRECTION,"{""applicant"": ""江苏恒瑞医药股份有限公司"", ""approval_date"": null, ""availability_basis"": ""FIRST_OBSERVED_SNAPSHOT_DATE"", ""availability_rule"": ""DATE_ONLY_NEXT_TRADE_DATE"", ""category"": ""临床试验默示许可"", ""date_only_source_timestamp_delayed_to_next_real_trading_date"": true, ""direction_classified"": false, ""drug_name"": ""HRS-1167片"", ""entity_mapping_basis"": ""EXACT_LISTED_ISSUER_LEGAL_NAME"", ""first_observed_snapshot_only"": true, ""forward_or_historical_outcome_read"": false, ""historical_reconstruction_allowed"": false, ""indication"": ""本品联合HRS-5041片用于治疗晚期前列腺癌患者。"", ""official_source_url"": ""https://www.cde.org.cn/main/xxgk/listpage/4b5255eb0a84820cef4ca3e8b6bbe20c"", ""predictive_weight_assigned"": false, ""publication_date"": null, ""snapshot_captured_at"": ""2026-09-30T17:29:59+08:00"", ""source_identity"": ""NMPA_CDE_PUBLISHED_NOTICE_ARCHIVE""}",3540f0f753e1bfe3ab1999e18d288c707d4f3b8438c7cdc72a87571b0b297603,PROSPECTIVE_FIRST_OBSERVED_ONLY,False,False,False
idkpi:35dcb46c0793ccffae52f6671bac3fc58057057db3aa856b455e4d3f27bb81ce,600276.SH,INNOVATION_DRUG,CLINICAL_REGULATORY,CDE_CLINICAL_TRIAL_IMPLIED_LICENSE_SNAPSHOT,2026-09-30,2026-10-08,NMPA_CDE_PUBLISHED_NOTICE_ARCHIVE,NMPA_OR_CDE,official:02bc2c9486b5012a3bb51d5291eecbe6,OFFICIAL_SNAPSHOT:official:02bc2c9486b5012a3bb51d5291eecbe6,临床试验默示许可:HRS-4642注射液:HRS-4642联合SHR-1826用于实体瘤患者。,https://www.cde.org.cn/main/xxgk/listpage/4b5255eb0a84820cef4ca3e8b6bbe20c,OFFICIAL_CDE_CATEGORY_NO_DIRECTION,"{""applicant"": ""江苏恒瑞医药股份有限公司"", ""approval_date"": null, ""availability_basis"": ""FIRST_OBSERVED_SNAPSHOT_DATE"", ""availability_rule"": ""DATE_ONLY_NEXT_TRADE_DATE"", ""category"": ""临床试验默示许可"", ""date_only_source_timestamp_delayed_to_next_real_trading_date"": true, ""direction_classified"": false, ""drug_name"": ""HRS-4642注射液"", ""entity_mapping_basis"": ""EXACT_LISTED_ISSUER_LEGAL_NAME"", ""first_observed_snapshot_only"": true, ""forward_or_historical_outcome_read"": false, ""historical_reconstruction_allowed"": false, ""indication"": ""HRS-4642联合SHR-1826用于实体瘤患者。"", ""official_source_url"": ""https://www.cde.org.cn/main/xxgk/listpage/4b5255eb0a84820cef4ca3e8b6bbe20c"", ""predictive_weight_assigned"": false, ""publication_date"": null, ""snapshot_captured_at"": ""2026-09-30T17:29:59+08:00"", ""source_identity"": ""NMPA_CDE_PUBLISHED_NOTICE_ARCHIVE""}",35dcb46c0793ccffae52f6671bac3fc58057057db3aa856b455e4d3f27bb81ce,PROSPECTIVE_FIRST_OBSERVED_ONLY,False,False,False
idkpi:371d4593cb9986ea6d688215829012d68c98b5460723df2a09b7a46c9bae719c,600276.SH,INNOVATION_DRUG,CLINICAL_REGULATORY,CDE_CLINICAL_TRIAL_IMPLIED_LICENSE_SNAPSHOT,2026-09-30,2026-10-08,NMPA_CDE_PUBLISHED_NOTICE_ARCHIVE,NMPA_OR_CDE,official:fdb0d4e8c037af7f16eeeea4138f7ca1,OFFICIAL_SNAPSHOT:official:fdb0d4e8c037af7f16eeeea4138f7ca1,临床试验默示许可:HRS5091片:慢性乙型肝炎。,https://www.cde.org.cn/main/xxgk/listpage/4b5255eb0a84820cef4ca3e8b6bbe20c,OFFICIAL_CDE_CATEGORY_NO_DIRECTION,"{""applicant"": ""江苏恒瑞医药股份有限公司"", ""approval_date"": null, ""availability_basis"": ""FIRST_OBSERVED_SNAPSHOT_DATE"", ""availability_rule"": ""DATE_ONLY_NEXT_TRADE_DATE"", ""category"": ""临床试验默示许可"", ""date_only_source_timestamp_delayed_to_next_real_trading_date"": true, ""direction_classified"": false, ""drug_name"": ""HRS5091片"", ""entity_mapping_basis"": ""EXACT_LISTED_ISSUER_LEGAL_NAME"", ""first_observed_snapshot_only"": true, ""forward_or_historical_outcome_read"": false, ""historical_reconstruction_allowed"": false, ""indication"": ""慢性乙型肝炎。"", ""official_source_url"": ""https://www.cde.org.cn/main/xxgk/listpage/4b5255eb0a84820cef4ca3e8b6bbe20c"", ""predictive_weight_assigned"": false, ""publication_date"": null, ""snapshot_captured_at"": ""2026-09-30T17:29:59+08:00"", ""source_identity"": ""NMPA_CDE_PUBLISHED_NOTICE_ARCHIVE""}",371d4593cb9986ea6d688215829012d68c98b5460723df2a09b7a46c9bae719c,PROSPECTIVE_FIRST_OBSERVED_ONLY,False,False,False
idkpi:3b3fbe27093cf445974240616cc096273c4388344afc103d4f9e5648f1fc19eb,600276.SH,INNOVATION_DRUG,CLINICAL_REGULATORY,CDE_CLINICAL_TRIAL_IMPLIED_LICENSE_SNAPSHOT,2026-09-30,2026-10-08,NMPA_CDE_PUBLISHED_NOTICE_ARCHIVE,NMPA_OR_CDE,official:145da5f823b6db8e7c90be7d158291b5,OFFICIAL_SNAPSHOT:official:145da5f823b6db8e7c90be7d158291b5,临床试验默示许可:SHR4640片:本品适用原发性高尿酸血症的长期治疗，可与黄嘌呤氧化酶抑制剂联用。,https://www.cde.org.cn/main/xxgk/listpage/4b5255eb0a84820cef4ca3e8b6bbe20c,OFFICIAL_CDE_CATEGORY_NO_DIRECTION,"{""applicant"": ""江苏恒瑞医药股份有限公司"", ""approval_date"": null, ""availability_basis"": ""FIRST_OBSERVED_SNAPSHOT_DATE"", ""availability_rule"": ""DATE_ONLY_NEXT_TRADE_DATE"", ""category"": ""临床试验默示许可"", ""date_only_source_timestamp_delayed_to_next_real_trading_date"": true, ""direction_classified"": false, ""drug_name"": ""SHR4640片"", ""entity_mapping_basis"": ""EXACT_LISTED_ISSUER_LEGAL_NAME"", ""first_observed_snapshot_only"": true, ""forward_or_historical_outcome_read"": false, ""historical_reconstruction_allowed"": false, ""indication"": ""本品适用原发性高尿酸血症的长期治疗，可与黄嘌呤氧化酶抑制剂联用。"", ""official_source_url"": ""https://www.cde.org.cn/main/xxgk/listpage/4b5255eb0a84820cef4ca3e8b6bbe20c"", ""predictive_weight_assigned"": false, ""publication_date"": null, ""snapshot_captured_at"": ""2026-09-30T17:29:59+08:00"", ""source_identity"": ""NMPA_CDE_PUBLISHED_NOTICE_ARCHIVE""}",3b3fbe27093cf445974240616cc096273c4388344afc103d4f9e5648f1fc19eb,PROSPECTIVE_FIRST_OBSERVED_ONLY,False,False,False
idkpi:3e586f5a8f684c8b4121f97a731e8b4b7832e5ae0a5bde74a6ae940d69ea9269,600276.SH,INNOVATION_DRUG,CLINICAL_REGULATORY,CDE_CLINICAL_TRIAL_IMPLIED_LICENSE_SNAPSHOT,2026-09-30,2026-10-08,NMPA_CDE_PUBLISHED_NOTICE_ARCHIVE,NMPA_OR_CDE,official:1cd9b90f6abd51e95b480a00458901b0,OFFICIAL_SNAPSHOT:official:1cd9b90f6abd51e95b480a00458901b0,临床试验默示许可:HRS-1167片:本品联合醋酸阿比特龙片及醋酸泼尼松治疗转移性前列腺癌患者。,https://www.cde.org.cn/main/xxgk/listpage/4b5255eb0a84820cef4ca3e8b6bbe20c,OFFICIAL_CDE_CATEGORY_NO_DIRECTION,"{""applicant"": ""江苏恒瑞医药股份有限公司"", ""approval_date"": null, ""availability_basis"": ""FIRST_OBSERVED_SNAPSHOT_DATE"", ""availability_rule"": ""DATE_ONLY_NEXT_TRADE_DATE"", ""category"": ""临床试验默示许可"", ""date_only_source_timestamp_delayed_to_next_real_trading_date"": true, ""direction_classified"": false, ""drug_name"": ""HRS-1167片"", ""entity_mapping_basis"": ""EXACT_LISTED_ISSUER_LEGAL_NAME"", ""first_observed_snapshot_only"": true, ""forward_or_historical_outcome_read"": false, ""historical_reconstruction_allowed"": false, ""indication"": ""本品联合醋酸阿比特龙片及醋酸泼尼松治疗转移性前列腺癌患者。"", ""official_source_url"": ""https://www.cde.org.cn/main/xxgk/listpage/4b5255eb0a84820cef4ca3e8b6bbe20c"", ""predictive_weight_assigned"": false, ""publication_date"": null, ""snapshot_captured_at"": ""2026-09-30T17:29:59+08:00"", ""source_identity"": ""NMPA_CDE_PUBLISHED_NOTICE_ARCHIVE""}",3e586f5a8f684c8b4121f97a731e8b4b7832e5ae0a5bde74a6ae940d69ea9269,PROSPECTIVE_FIRST_OBSERVED_ONLY,False,False,False
idkpi:4150c5d27a72d5464b5e31699415b76555769ee515960d6d51ced159df683af4,600276.SH,INNOVATION_DRUG,CLINICAL_REGULATORY,CDE_CLINICAL_TRIAL_IMPLIED_LICENSE_SNAPSHOT,2026-09-30,2026-10-08,NMPA_CDE_PUBLISHED_NOTICE_ARCHIVE,NMPA_OR_CDE,official:1f44dda37685d2ba7f32b00e00a9530f,OFFICIAL_SNAPSHOT:official:1f44dda37685d2ba7f32b00e00a9530f,临床试验默示许可:HR021611:治疗勃起功能障碍。,https://www.cde.org.cn/main/xxgk/listpage/4b5255eb0a84820cef4ca3e8b6bbe20c,OFFICIAL_CDE_CATEGORY_NO_DIRECTION,"{""applicant"": ""江苏恒瑞医药股份有限公司"", ""approval_date"": null, ""availability_basis"": ""FIRST_OBSERVED_SNAPSHOT_DATE"", ""availability_rule"": ""DATE_ONLY_NEXT_TRADE_DATE"", ""category"": ""临床试验默示许可"", ""date_only_source_timestamp_delayed_to_next_real_trading_date"": true, ""direction_classified"": false, ""drug_name"": ""HR021611"", ""entity_mapping_basis"": ""EXACT_LISTED_ISSUER_LEGAL_NAME"", ""first_observed_snapshot_only"": true, ""forward_or_historical_outcome_read"": false, ""historical_reconstruction_allowed"": false, ""indication"": ""治疗勃起功能障碍。"", ""official_source_url"": ""https://www.cde.org.cn/main/xxgk/listpage/4b5255eb0a84820cef4ca3e8b6bbe20c"", ""predictive_weight_assigned"": false, ""publication_date"": null, ""snapshot_captured_at"": ""2026-09-30T17:29:59+08:00"", ""source_identity"": ""NMPA_CDE_PUBLISHED_NOTICE_ARCHIVE""}",4150c5d27a72d5464b5e31699415b76555769ee515960d6d51ced159df683af4,PROSPECTIVE_FIRST_OBSERVED_ONLY,False,False,False
idkpi:423e24fbfdc236fd2a10593566daff5e37d4c7b1959cd96a68ac2bad34e35b75,600276.SH,INNOVATION_DRUG,CLINICAL_REGULATORY,CDE_CLINICAL_TRIAL_IMPLIED_LICENSE_SNAPSHOT,2026-09-30,2026-10-08,NMPA_CDE_PUBLISHED_NOTICE_ARCHIVE,NMPA_OR_CDE,official:293fa4b84a4c6a0519b0a2af4d665ff1,OFFICIAL_SNAPSHOT:official:293fa4b84a4c6a0519b0a2af4d665ff1,临床试验默示许可:SHR0302片:本品拟用于活动性放射学阴性中轴型脊柱关节炎的治疗。,https://www.cde.org.cn/main/xxgk/listpage/4b5255eb0a84820cef4ca3e8b6bbe20c,OFFICIAL_CDE_CATEGORY_NO_DIRECTION,"{""applicant"": ""江苏恒瑞医药股份有限公司"", ""approval_date"": null, ""availability_basis"": ""FIRST_OBSERVED_SNAPSHOT_DATE"", ""availability_rule"": ""DATE_ONLY_NEXT_TRADE_DATE"", ""category"": ""临床试验默示许可"", ""date_only_source_timestamp_delayed_to_next_real_trading_date"": true, ""direction_classified"": false, ""drug_name"": ""SHR0302片"", ""entity_mapping_basis"": ""EXACT_LISTED_ISSUER_LEGAL_NAME"", ""first_observed_snapshot_only"": true, ""forward_or_historical_outcome_read"": false, ""historical_reconstruction_allowed"": false, ""indication"": ""本品拟用于活动性放射学阴性中轴型脊柱关节炎的治疗。"", ""official_source_url"": ""https://www.cde.org.cn/main/xxgk/listpage/4b5255eb0a84820cef4ca3e8b6bbe20c"", ""predictive_weight_assigned"": false, ""publication_date"": null, ""snapshot_captured_at"": ""2026-09-30T17:29:59+08:00"", ""source_identity"": ""NMPA_CDE_PUBLISHED_NOTICE_ARCHIVE""}",423e24fbfdc236fd2a10593566daff5e37d4c7b1959cd96a68ac2bad34e35b75,PROSPECTIVE_FIRST_OBSERVED_ONLY,False,False,False
idkpi:43e7b832d035799c0af1003d00c549199d38e44ebfd81c8700073a37a580e2a7,600276.SH,INNOVATION_DRUG,CLINICAL_REGULATORY,CDE_CLINICAL_TRIAL_IMPLIED_LICENSE_SNAPSHOT,2026-09-30,2026-10-08,NMPA_CDE_PUBLISHED_NOTICE_ARCHIVE,NMPA_OR_CDE,official:11c36d8b354b452cebc6a60da5a07b1f,OFFICIAL_SNAPSHOT:official:11c36d8b354b452cebc6a60da5a07b1f,临床试验默示许可:羟乙磺酸达尔西利片:本品联合HRS1358片用于乳腺癌的治疗。,https://www.cde.org.cn/main/xxgk/listpage/4b5255eb0a84820cef4ca3e8b6bbe20c,OFFICIAL_CDE_CATEGORY_NO_DIRECTION,"{""applicant"": ""江苏恒瑞医药股份有限公司"", ""approval_date"": null, ""availability_basis"": ""FIRST_OBSERVED_SNAPSHOT_DATE"", ""availability_rule"": ""DATE_ONLY_NEXT_TRADE_DATE"", ""category"": ""临床试验默示许可"", ""date_only_source_timestamp_delayed_to_next_real_trading_date"": true, ""direction_classified"": false, ""drug_name"": ""羟乙磺酸达尔西利片"", ""entity_mapping_basis"": ""EXACT_LISTED_ISSUER_LEGAL_NAME"", ""first_observed_snapshot_only"": true, ""forward_or_historical_outcome_read"": false, ""historical_reconstruction_allowed"": false, ""indication"": ""本品联合HRS1358片用于乳腺癌的治疗。"", ""official_source_url"": ""https://www.cde.org.cn/main/xxgk/listpage/4b5255eb0a84820cef4ca3e8b6bbe20c"", ""predictive_weight_assigned"": false, ""publication_date"": null, ""snapshot_captured_at"": ""2026-09-30T17:29:59+08:00"", ""source_identity"": ""NMPA_CDE_PUBLISHED_NOTICE_ARCHIVE""}",43e7b832d035799c0af1003d00c549199d38e44ebfd81c8700073a37a580e2a7,PROSPECTIVE_FIRST_OBSERVED_ONLY,False,False,False
idkpi:44e30960ca14760d135d99fb139e104a53bf99d488149f8b53be8ce7dab0b36c,600276.SH,INNOVATION_DRUG,CLINICAL_REGULATORY,CDE_CLINICAL_TRIAL_IMPLIED_LICENSE_SNAPSHOT,2026-09-30,2026-10-08,NMPA_CDE_PUBLISHED_NOTICE_ARCHIVE,NMPA_OR_CDE,official:c90200120b704d86a19c868d3be3bc51,OFFICIAL_SNAPSHOT:official:c90200120b704d86a19c868d3be3bc51,临床试验默示许可:HRS-1167片:本品联合HRS-5041片用于治疗晚期前列腺癌患者。,https://www.cde.org.cn/main/xxgk/listpage/4b5255eb0a84820cef4ca3e8b6bbe20c,OFFICIAL_CDE_CATEGORY_NO_DIRECTION,"{""applicant"": ""江苏恒瑞医药股份有限公司"", ""approval_date"": null, ""availability_basis"": ""FIRST_OBSERVED_SNAPSHOT_DATE"", ""availability_rule"": ""DATE_ONLY_NEXT_TRADE_DATE"", ""category"": ""临床试验默示许可"", ""date_only_source_timestamp_delayed_to_next_real_trading_date"": true, ""direction_classified"": false, ""drug_name"": ""HRS-1167片"", ""entity_mapping_basis"": ""EXACT_LISTED_ISSUER_LEGAL_NAME"", ""first_observed_snapshot_only"": true, ""forward_or_historical_outcome_read"": false, ""historical_reconstruction_allowed"": false, ""indication"": ""本品联合HRS-5041片用于治疗晚期前列腺癌患者。"", ""official_source_url"": ""https://www.cde.org.cn/main/xxgk/listpage/4b5255eb0a84820cef4ca3e8b6bbe20c"", ""predictive_weight_assigned"": false, ""publication_date"": null, ""snapshot_captured_at"": ""2026-09-30T17:29:59+08:00"", ""source_identity"": ""NMPA_CDE_PUBLISHED_NOTICE_ARCHIVE""}",44e30960ca14760d135d99fb139e104a53bf99d488149f8b53be8ce7dab0b36c,PROSPECTIVE_FIRST_OBSERVED_ONLY,False,False,False
idkpi:467f4a32a4f7c2b238dba52f29bac304c0d60dd5c062a268283faa940bd25273,600276.SH,INNOVATION_DRUG,CLINICAL_REGULATORY,CDE_CLINICAL_TRIAL_IMPLIED_LICENSE_SNAPSHOT,2026-09-30,2026-10-08,NMPA_CDE_PUBLISHED_NOTICE_ARCHIVE,NMPA_OR_CDE,official:f22369b0f2cb89d95ea2818ea7a39c54,OFFICIAL_SNAPSHOT:official:f22369b0f2cb89d95ea2818ea7a39c54,临床试验默示许可:HRS-7525片:本品拟用于治疗实体瘤患者。,https://www.cde.org.cn/main/xxgk/listpage/4b5255eb0a84820cef4ca3e8b6bbe20c,OFFICIAL_CDE_CATEGORY_NO_DIRECTION,"{""applicant"": ""江苏恒瑞医药股份有限公司"", ""approval_date"": null, ""availability_basis"": ""FIRST_OBSERVED_SNAPSHOT_DATE"", ""availability_rule"": ""DATE_ONLY_NEXT_TRADE_DATE"", ""category"": ""临床试验默示许可"", ""date_only_source_timestamp_delayed_to_next_real_trading_date"": true, ""direction_classified"": false, ""drug_name"": ""HRS-7525片"", ""entity_mapping_basis"": ""EXACT_LISTED_ISSUER_LEGAL_NAME"", ""first_observed_snapshot_only"": true, ""forward_or_historical_outcome_read"": false, ""historical_reconstruction_allowed"": false, ""indication"": ""本品拟用于治疗实体瘤患者。"", ""official_source_url"": ""https://www.cde.org.cn/main/xxgk/listpage/4b5255eb0a84820cef4ca3e8b6bbe20c"", ""predictive_weight_assigned"": false, ""publication_date"": null, ""snapshot_captured_at"": ""2026-09-30T17:29:59+08:00"", ""source_identity"": ""NMPA_CDE_PUBLISHED_NOTICE_ARCHIVE""}",467f4a32a4f7c2b238dba52f29bac304c0d60dd5c062a268283faa940bd25273,PROSPECTIVE_FIRST_OBSERVED_ONLY,False,False,False
idkpi:46f1625aadeba04a0528a15d05dcee17dd528161daa9b5c1bc1a63551aa0f8cf,600276.SH,INNOVATION_DRUG,CLINICAL_REGULATORY,CDE_CLINICAL_TRIAL_IMPLIED_LICENSE_SNAPSHOT,2026-09-30,2026-10-08,NMPA_CDE_PUBLISHED_NOTICE_ARCHIVE,NMPA_OR_CDE,official:216e126d34b31ba41034f46e4c0c28ba,OFFICIAL_SNAPSHOT:official:216e126d34b31ba41034f46e4c0c28ba,临床试验默示许可:HR091506片:用于长期治疗痛风患者的高尿酸血症。,https://www.cde.org.cn/main/xxgk/listpage/4b5255eb0a84820cef4ca3e8b6bbe20c,OFFICIAL_CDE_CATEGORY_NO_DIRECTION,"{""applicant"": ""江苏恒瑞医药股份有限公司"", ""approval_date"": null, ""availability_basis"": ""FIRST_OBSERVED_SNAPSHOT_DATE"", ""availability_rule"": ""DATE_ONLY_NEXT_TRADE_DATE"", ""category"": ""临床试验默示许可"", ""date_only_source_timestamp_delayed_to_next_real_trading_date"": true, ""direction_classified"": false, ""drug_name"": ""HR091506片"", ""entity_mapping_basis"": ""EXACT_LISTED_ISSUER_LEGAL_NAME"", ""first_observed_snapshot_only"": true, ""forward_or_historical_outcome_read"": false, ""historical_reconstruction_allowed"": false, ""indication"": ""用于长期治疗痛风患者的高尿酸血症。"", ""official_source_url"": ""https://www.cde.org.cn/main/xxgk/listpage/4b5255eb0a84820cef4ca3e8b6bbe20c"", ""predictive_weight_assigned"": false, ""publication_date"": null, ""snapshot_captured_at"": ""2026-09-30T17:29:59+08:00"", ""source_identity"": ""NMPA_CDE_PUBLISHED_NOTICE_ARCHIVE""}",46f1625aadeba04a0528a15d05dcee17dd528161daa9b5c1bc1a63551aa0f8cf,PROSPECTIVE_FIRST_OBSERVED_ONLY,False,False,False
idkpi:483b59016a9ca03dea993a240b285ce2d0244f542ae1ff2fa2ec8f55dd6b2417,600276.SH,INNOVATION_DRUG,CLINICAL_REGULATORY,CDE_CLINICAL_TRIAL_IMPLIED_LICENSE_SNAPSHOT,2026-09-30,2026-10-08,NMPA_CDE_PUBLISHED_NOTICE_ARCHIVE,NMPA_OR_CDE,official:23a8a2e7ce0af457df1a58654160d036,OFFICIAL_SNAPSHOT:official:23a8a2e7ce0af457df1a58654160d036,临床试验默示许可:HR091506片:用于长期治疗痛风患者的高尿酸血症。,https://www.cde.org.cn/main/xxgk/listpage/4b5255eb0a84820cef4ca3e8b6bbe20c,OFFICIAL_CDE_CATEGORY_NO_DIRECTION,"{""applicant"": ""江苏恒瑞医药股份有限公司"", ""approval_date"": null, ""availability_basis"": ""FIRST_OBSERVED_SNAPSHOT_DATE"", ""availability_rule"": ""DATE_ONLY_NEXT_TRADE_DATE"", ""category"": ""临床试验默示许可"", ""date_only_source_timestamp_delayed_to_next_real_trading_date"": true, ""direction_classified"": false, ""drug_name"": ""HR091506片"", ""entity_mapping_basis"": ""EXACT_LISTED_ISSUER_LEGAL_NAME"", ""first_observed_snapshot_only"": true, ""forward_or_historical_outcome_read"": false, ""historical_reconstruction_allowed"": false, ""indication"": ""用于长期治疗痛风患者的高尿酸血症。"", ""official_source_url"": ""https://www.cde.org.cn/main/xxgk/listpage/4b5255eb0a84820cef4ca3e8b6bbe20c"", ""predictive_weight_assigned"": false, ""publication_date"": null, ""snapshot_captured_at"": ""2026-09-30T17:29:59+08:00"", ""source_identity"": ""NMPA_CDE_PUBLISHED_NOTICE_ARCHIVE""}",483b59016a9ca03dea993a240b285ce2d0244f542ae1ff2fa2ec8f55dd6b2417,PROSPECTIVE_FIRST_OBSERVED_ONLY,False,False,False
idkpi:4a3d697506248237660bb84ac682dfdf4d5495ca66fb76a1b42dbb091986777d,600276.SH,INNOVATION_DRUG,CLINICAL_REGULATORY,CDE_CLINICAL_TRIAL_IMPLIED_LICENSE_SNAPSHOT,2026-09-30,2026-10-08,NMPA_CDE_PUBLISHED_NOTICE_ARCHIVE,NMPA_OR_CDE,official:33b4eb0948b10044e072b44ddd998a07,OFFICIAL_SNAPSHOT:official:33b4eb0948b10044e072b44ddd998a07,临床试验默示许可:HRS-6209胶囊:本品联合HRS-2189+HRS-8080、或联合HRS-2189+HRS-1358、或联合HRS-2189+氟维司群用于恶性肿瘤的治疗。,https://www.cde.org.cn/main/xxgk/listpage/4b5255eb0a84820cef4ca3e8b6bbe20c,OFFICIAL_CDE_CATEGORY_NO_DIRECTION,"{""applicant"": ""江苏恒瑞医药股份有限公司"", ""approval_date"": null, ""availability_basis"": ""FIRST_OBSERVED_SNAPSHOT_DATE"", ""availability_rule"": ""DATE_ONLY_NEXT_TRADE_DATE"", ""category"": ""临床试验默示许可"", ""date_only_source_timestamp_delayed_to_next_real_trading_date"": true, ""direction_classified"": false, ""drug_name"": ""HRS-6209胶囊"", ""entity_mapping_basis"": ""EXACT_LISTED_ISSUER_LEGAL_NAME"", ""first_observed_snapshot_only"": true, ""forward_or_historical_outcome_read"": false, ""historical_reconstruction_allowed"": false, ""indication"": ""本品联合HRS-2189+HRS-8080、或联合HRS-2189+HRS-1358、或联合HRS-2189+氟维司群用于恶性肿瘤的治疗。"", ""official_source_url"": ""https://www.cde.org.cn/main/xxgk/listpage/4b5255eb0a84820cef4ca3e8b6bbe20c"", ""predictive_weight_assigned"": false, ""publication_date"": null, ""snapshot_captured_at"": ""2026-09-30T17:29:59+08:00"", ""source_identity"": ""NMPA_CDE_PUBLISHED_NOTICE_ARCHIVE""}",4a3d697506248237660bb84ac682dfdf4d5495ca66fb76a1b42dbb091986777d,PROSPECTIVE_FIRST_OBSERVED_ONLY,False,False,False
idkpi:4be67ec877877d82f6c3442c2a21749862bf362ad9b49293c9af76885f1e40f7,600276.SH,INNOVATION_DRUG,CLINICAL_REGULATORY,CDE_CLINICAL_TRIAL_IMPLIED_LICENSE_SNAPSHOT,2026-09-30,2026-10-08,NMPA_CDE_PUBLISHED_NOTICE_ARCHIVE,NMPA_OR_CDE,official:a0196d02073e15a933867149274d0c66,OFFICIAL_SNAPSHOT:official:a0196d02073e15a933867149274d0c66,临床试验默示许可:SHR8554注射液:本品联合SHR0410拟临床用于术后急性中到重度疼痛的治疗,https://www.cde.org.cn/main/xxgk/listpage/4b5255eb0a84820cef4ca3e8b6bbe20c,OFFICIAL_CDE_CATEGORY_NO_DIRECTION,"{""applicant"": ""江苏恒瑞医药股份有限公司"", ""approval_date"": null, ""availability_basis"": ""FIRST_OBSERVED_SNAPSHOT_DATE"", ""availability_rule"": ""DATE_ONLY_NEXT_TRADE_DATE"", ""category"": ""临床试验默示许可"", ""date_only_source_timestamp_delayed_to_next_real_trading_date"": true, ""direction_classified"": false, ""drug_name"": ""SHR8554注射液"", ""entity_mapping_basis"": ""EXACT_LISTED_ISSUER_LEGAL_NAME"", ""first_observed_snapshot_only"": true, ""forward_or_historical_outcome_read"": false, ""historical_reconstruction_allowed"": false, ""indication"": ""本品联合SHR0410拟临床用于术后急性中到重度疼痛的治疗"", ""official_source_url"": ""https://www.cde.org.cn/main/xxgk/listpage/4b5255eb0a84820cef4ca3e8b6bbe20c"", ""predictive_weight_assigned"": false, ""publication_date"": null, ""snapshot_captured_at"": ""2026-09-30T17:29:59+08:00"", ""source_identity"": ""NMPA_CDE_PUBLISHED_NOTICE_ARCHIVE""}",4be67ec877877d82f6c3442c2a21749862bf362ad9b49293c9af76885f1e40f7,PROSPECTIVE_FIRST_OBSERVED_ONLY,False,False,False
idkpi:4e0bc7b294794571de291359da16f765fd3fcf980dbf14febc1d0f51b9891f82,600276.SH,INNOVATION_DRUG,CLINICAL_REGULATORY,CDE_CLINICAL_TRIAL_IMPLIED_LICENSE_SNAPSHOT,2026-09-30,2026-10-08,NMPA_CDE_PUBLISHED_NOTICE_ARCHIVE,NMPA_OR_CDE,official:e04270f77a1f87670212c9939cd582e4,OFFICIAL_SNAPSHOT:official:e04270f77a1f87670212c9939cd582e4,临床试验默示许可:HRS7415片:晚期恶性肿瘤,https://www.cde.org.cn/main/xxgk/listpage/4b5255eb0a84820cef4ca3e8b6bbe20c,OFFICIAL_CDE_CATEGORY_NO_DIRECTION,"{""applicant"": ""江苏恒瑞医药股份有限公司"", ""approval_date"": null, ""availability_basis"": ""FIRST_OBSERVED_SNAPSHOT_DATE"", ""availability_rule"": ""DATE_ONLY_NEXT_TRADE_DATE"", ""category"": ""临床试验默示许可"", ""date_only_source_timestamp_delayed_to_next_real_trading_date"": true, ""direction_classified"": false, ""drug_name"": ""HRS7415片"", ""entity_mapping_basis"": ""EXACT_LISTED_ISSUER_LEGAL_NAME"", ""first_observed_snapshot_only"": true, ""forward_or_historical_outcome_read"": false, ""historical_reconstruction_allowed"": false, ""indication"": ""晚期恶性肿瘤"", ""official_source_url"": ""https://www.cde.org.cn/main/xxgk/listpage/4b5255eb0a84820cef4ca3e8b6bbe20c"", ""predictive_weight_assigned"": false, ""publication_date"": null, ""snapshot_captured_at"": ""2026-09-30T17:29:59+08:00"", ""source_identity"": ""NMPA_CDE_PUBLISHED_NOTICE_ARCHIVE""}",4e0bc7b294794571de291359da16f765fd3fcf980dbf14febc1d0f51b9891f82,PROSPECTIVE_FIRST_OBSERVED_ONLY,False,False,False
idkpi:501cd749b8732c4714f8b05cbf78fd7bc21387cf7d20bc8a702274f58e401eb9,600276.SH,INNOVATION_DRUG,CLINICAL_REGULATORY,CDE_CLINICAL_TRIAL_IMPLIED_LICENSE_SNAPSHOT,2026-09-30,2026-10-08,NMPA_CDE_PUBLISHED_NOTICE_ARCHIVE,NMPA_OR_CDE,official:736fae58010dae36329a0232cd05b8e6,OFFICIAL_SNAPSHOT:official:736fae58010dae36329a0232cd05b8e6,临床试验默示许可:HRS-3738片:本品联合含地塞米松的治疗方案用于复发难治的多发性骨髓瘤。,https://www.cde.org.cn/main/xxgk/listpage/4b5255eb0a84820cef4ca3e8b6bbe20c,OFFICIAL_CDE_CATEGORY_NO_DIRECTION,"{""applicant"": ""江苏恒瑞医药股份有限公司"", ""approval_date"": null, ""availability_basis"": ""FIRST_OBSERVED_SNAPSHOT_DATE"", ""availability_rule"": ""DATE_ONLY_NEXT_TRADE_DATE"", ""category"": ""临床试验默示许可"", ""date_only_source_timestamp_delayed_to_next_real_trading_date"": true, ""direction_classified"": false, ""drug_name"": ""HRS-3738片"", ""entity_mapping_basis"": ""EXACT_LISTED_ISSUER_LEGAL_NAME"", ""first_observed_snapshot_only"": true, ""forward_or_historical_outcome_read"": false, ""historical_reconstruction_allowed"": false, ""indication"": ""本品联合含地塞米松的治疗方案用于复发难治的多发性骨髓瘤。"", ""official_source_url"": ""https://www.cde.org.cn/main/xxgk/listpage/4b5255eb0a84820cef4ca3e8b6bbe20c"", ""predictive_weight_assigned"": false, ""publication_date"": null, ""snapshot_captured_at"": ""2026-09-30T17:29:59+08:00"", ""source_identity"": ""NMPA_CDE_PUBLISHED_NOTICE_ARCHIVE""}",501cd749b8732c4714f8b05cbf78fd7bc21387cf7d20bc8a702274f58e401eb9,PROSPECTIVE_FIRST_OBSERVED_ONLY,False,False,False
idkpi:5103f8a41fa0fdf3582f657d67fef816a922abbc6ab2be2fb9c042da23544b37,600276.SH,INNOVATION_DRUG,CLINICAL_REGULATORY,CDE_CLINICAL_TRIAL_IMPLIED_LICENSE_SNAPSHOT,2026-09-30,2026-10-08,NMPA_CDE_PUBLISHED_NOTICE_ARCHIVE,NMPA_OR_CDE,official:18c7bece94eb08400787297f556f4e82,OFFICIAL_SNAPSHOT:official:18c7bece94eb08400787297f556f4e82,临床试验默示许可:瑞维鲁胺片:本品用于治疗低瘤负荷转移性激素敏感性前列腺癌（mHSPC）患者。,https://www.cde.org.cn/main/xxgk/listpage/4b5255eb0a84820cef4ca3e8b6bbe20c,OFFICIAL_CDE_CATEGORY_NO_DIRECTION,"{""applicant"": ""江苏恒瑞医药股份有限公司"", ""approval_date"": null, ""availability_basis"": ""FIRST_OBSERVED_SNAPSHOT_DATE"", ""availability_rule"": ""DATE_ONLY_NEXT_TRADE_DATE"", ""category"": ""临床试验默示许可"", ""date_only_source_timestamp_delayed_to_next_real_trading_date"": true, ""direction_classified"": false, ""drug_name"": ""瑞维鲁胺片"", ""entity_mapping_basis"": ""EXACT_LISTED_ISSUER_LEGAL_NAME"", ""first_observed_snapshot_only"": true, ""forward_or_historical_outcome_read"": false, ""historical_reconstruction_allowed"": false, ""indication"": ""本品用于治疗低瘤负荷转移性激素敏感性前列腺癌（mHSPC）患者。"", ""official_source_url"": ""https://www.cde.org.cn/main/xxgk/listpage/4b5255eb0a84820cef4ca3e8b6bbe20c"", ""predictive_weight_assigned"": false, ""publication_date"": null, ""snapshot_captured_at"": ""2026-09-30T17:29:59+08:00"", ""source_identity"": ""NMPA_CDE_PUBLISHED_NOTICE_ARCHIVE""}",5103f8a41fa0fdf3582f657d67fef816a922abbc6ab2be2fb9c042da23544b37,PROSPECTIVE_FIRST_OBSERVED_ONLY,False,False,False
idkpi:530a9fe665abc76470f8689953758946cf8b53928c41316373108b93130371c1,600276.SH,INNOVATION_DRUG,CLINICAL_REGULATORY,CDE_CLINICAL_TRIAL_IMPLIED_LICENSE_SNAPSHOT,2026-09-30,2026-10-08,NMPA_CDE_PUBLISHED_NOTICE_ARCHIVE,NMPA_OR_CDE,official:0956721b7028fa8635ba5fb0166668a4,OFFICIAL_SNAPSHOT:official:0956721b7028fa8635ba5fb0166668a4,临床试验默示许可:HRS-1167片:本品联合HRS-5041片用于治疗晚期前列腺癌患者。,https://www.cde.org.cn/main/xxgk/listpage/4b5255eb0a84820cef4ca3e8b6bbe20c,OFFICIAL_CDE_CATEGORY_NO_DIRECTION,"{""applicant"": ""江苏恒瑞医药股份有限公司"", ""approval_date"": null, ""availability_basis"": ""FIRST_OBSERVED_SNAPSHOT_DATE"", ""availability_rule"": ""DATE_ONLY_NEXT_TRADE_DATE"", ""category"": ""临床试验默示许可"", ""date_only_source_timestamp_delayed_to_next_real_trading_date"": true, ""direction_classified"": false, ""drug_name"": ""HRS-1167片"", ""entity_mapping_basis"": ""EXACT_LISTED_ISSUER_LEGAL_NAME"", ""first_observed_snapshot_only"": true, ""forward_or_historical_outcome_read"": false, ""historical_reconstruction_allowed"": false, ""indication"": ""本品联合HRS-5041片用于治疗晚期前列腺癌患者。"", ""official_source_url"": ""https://www.cde.org.cn/main/xxgk/listpage/4b5255eb0a84820cef4ca3e8b6bbe20c"", ""predictive_weight_assigned"": false, ""publication_date"": null, ""snapshot_captured_at"": ""2026-09-30T17:29:59+08:00"", ""source_identity"": ""NMPA_CDE_PUBLISHED_NOTICE_ARCHIVE""}",530a9fe665abc76470f8689953758946cf8b53928c41316373108b93130371c1,PROSPECTIVE_FIRST_OBSERVED_ONLY,False,False,False
idkpi:5350bd6ef9c5b2d5af7aae56a8662fce7dfdaedbb4a96f4618810e36f9c6edf7,600276.SH,INNOVATION_DRUG,CLINICAL_REGULATORY,CDE_CLINICAL_TRIAL_IMPLIED_LICENSE_SNAPSHOT,2026-09-30,2026-10-08,NMPA_CDE_PUBLISHED_NOTICE_ARCHIVE,NMPA_OR_CDE,official:cc85e735aad10265000ba321a4223d6b,OFFICIAL_SNAPSHOT:official:cc85e735aad10265000ba321a4223d6b,临床试验默示许可:甲磺酸阿帕替尼片:本品联合SHR-1701及标准化疗用于局部晚期不可切除或转移性胃癌或胃食管结合部癌患者。,https://www.cde.org.cn/main/xxgk/listpage/4b5255eb0a84820cef4ca3e8b6bbe20c,OFFICIAL_CDE_CATEGORY_NO_DIRECTION,"{""applicant"": ""江苏恒瑞医药股份有限公司"", ""approval_date"": null, ""availability_basis"": ""FIRST_OBSERVED_SNAPSHOT_DATE"", ""availability_rule"": ""DATE_ONLY_NEXT_TRADE_DATE"", ""category"": ""临床试验默示许可"", ""date_only_source_timestamp_delayed_to_next_real_trading_date"": true, ""direction_classified"": false, ""drug_name"": ""甲磺酸阿帕替尼片"", ""entity_mapping_basis"": ""EXACT_LISTED_ISSUER_LEGAL_NAME"", ""first_observed_snapshot_only"": true, ""forward_or_historical_outcome_read"": false, ""historical_reconstruction_allowed"": false, ""indication"": ""本品联合SHR-1701及标准化疗用于局部晚期不可切除或转移性胃癌或胃食管结合部癌患者。"", ""official_source_url"": ""https://www.cde.org.cn/main/xxgk/listpage/4b5255eb0a84820cef4ca3e8b6bbe20c"", ""predictive_weight_assigned"": false, ""publication_date"": null, ""snapshot_captured_at"": ""2026-09-30T17:29:59+08:00"", ""source_identity"": ""NMPA_CDE_PUBLISHED_NOTICE_ARCHIVE""}",5350bd6ef9c5b2d5af7aae56a8662fce7dfdaedbb4a96f4618810e36f9c6edf7,PROSPECTIVE_FIRST_OBSERVED_ONLY,False,False,False
idkpi:541e6d9157af4763e171dec586e027a9586907caeb0edb0ecd339a384fed1517,600276.SH,INNOVATION_DRUG,CLINICAL_REGULATORY,CDE_CLINICAL_TRIAL_IMPLIED_LICENSE_SNAPSHOT,2026-09-30,2026-10-08,NMPA_CDE_PUBLISHED_NOTICE_ARCHIVE,NMPA_OR_CDE,official:e6244597645ca0edfd4cc76397c484f4,OFFICIAL_SNAPSHOT:official:e6244597645ca0edfd4cc76397c484f4,临床试验默示许可:HRS-6209胶囊:晚期恶性实体瘤,https://www.cde.org.cn/main/xxgk/listpage/4b5255eb0a84820cef4ca3e8b6bbe20c,OFFICIAL_CDE_CATEGORY_NO_DIRECTION,"{""applicant"": ""江苏恒瑞医药股份有限公司"", ""approval_date"": null, ""availability_basis"": ""FIRST_OBSERVED_SNAPSHOT_DATE"", ""availability_rule"": ""DATE_ONLY_NEXT_TRADE_DATE"", ""category"": ""临床试验默示许可"", ""date_only_source_timestamp_delayed_to_next_real_trading_date"": true, ""direction_classified"": false, ""drug_name"": ""HRS-6209胶囊"", ""entity_mapping_basis"": ""EXACT_LISTED_ISSUER_LEGAL_NAME"", ""first_observed_snapshot_only"": true, ""forward_or_historical_outcome_read"": false, ""historical_reconstruction_allowed"": false, ""indication"": ""晚期恶性实体瘤"", ""official_source_url"": ""https://www.cde.org.cn/main/xxgk/listpage/4b5255eb0a84820cef4ca3e8b6bbe20c"", ""predictive_weight_assigned"": false, ""publication_date"": null, ""snapshot_captured_at"": ""2026-09-30T17:29:59+08:00"", ""source_identity"": ""NMPA_CDE_PUBLISHED_NOTICE_ARCHIVE""}",541e6d9157af4763e171dec586e027a9586907caeb0edb0ecd339a384fed1517,PROSPECTIVE_FIRST_OBSERVED_ONLY,False,False,False
idkpi:54276816963ac8dcfef93d6f6f5923914c3edf3377df403f355b769f5f037d61,600276.SH,INNOVATION_DRUG,CLINICAL_REGULATORY,CDE_CLINICAL_TRIAL_IMPLIED_LICENSE_SNAPSHOT,2026-09-30,2026-10-08,NMPA_CDE_PUBLISHED_NOTICE_ARCHIVE,NMPA_OR_CDE,official:033247d4e6f90c69cef2cf4cdcd3c498,OFFICIAL_SNAPSHOT:official:033247d4e6f90c69cef2cf4cdcd3c498,临床试验默示许可:HRS-1167片:晚期实体肿瘤,https://www.cde.org.cn/main/xxgk/listpage/4b5255eb0a84820cef4ca3e8b6bbe20c,OFFICIAL_CDE_CATEGORY_NO_DIRECTION,"{""applicant"": ""江苏恒瑞医药股份有限公司"", ""approval_date"": null, ""availability_basis"": ""FIRST_OBSERVED_SNAPSHOT_DATE"", ""availability_rule"": ""DATE_ONLY_NEXT_TRADE_DATE"", ""category"": ""临床试验默示许可"", ""date_only_source_timestamp_delayed_to_next_real_trading_date"": true, ""direction_classified"": false, ""drug_name"": ""HRS-1167片"", ""entity_mapping_basis"": ""EXACT_LISTED_ISSUER_LEGAL_NAME"", ""first_observed_snapshot_only"": true, ""forward_or_historical_outcome_read"": false, ""historical_reconstruction_allowed"": false, ""indication"": ""晚期实体肿瘤"", ""official_source_url"": ""https://www.cde.org.cn/main/xxgk/listpage/4b5255eb0a84820cef4ca3e8b6bbe20c"", ""predictive_weight_assigned"": false, ""publication_date"": null, ""snapshot_captured_at"": ""2026-09-30T17:29:59+08:00"", ""source_identity"": ""NMPA_CDE_PUBLISHED_NOTICE_ARCHIVE""}",54276816963ac8dcfef93d6f6f5923914c3edf3377df403f355b769f5f037d61,PROSPECTIVE_FIRST_OBSERVED_ONLY,False,False,False
idkpi:54682d414a641f34a92fed6261dcc3243805d40fe0750a5ee1ceb9fa27b5036f,600276.SH,INNOVATION_DRUG,CLINICAL_REGULATORY,CDE_CLINICAL_TRIAL_IMPLIED_LICENSE_SNAPSHOT,2026-09-30,2026-10-08,NMPA_CDE_PUBLISHED_NOTICE_ARCHIVE,NMPA_OR_CDE,official:9df45934d7970ed0b01ab02e6a1a6dca,OFFICIAL_SNAPSHOT:official:9df45934d7970ed0b01ab02e6a1a6dca,临床试验默示许可:HRS-4508片:实体瘤。,https://www.cde.org.cn/main/xxgk/listpage/4b5255eb0a84820cef4ca3e8b6bbe20c,OFFICIAL_CDE_CATEGORY_NO_DIRECTION,"{""applicant"": ""江苏恒瑞医药股份有限公司"", ""approval_date"": null, ""availability_basis"": ""FIRST_OBSERVED_SNAPSHOT_DATE"", ""availability_rule"": ""DATE_ONLY_NEXT_TRADE_DATE"", ""category"": ""临床试验默示许可"", ""date_only_source_timestamp_delayed_to_next_real_trading_date"": true, ""direction_classified"": false, ""drug_name"": ""HRS-4508片"", ""entity_mapping_basis"": ""EXACT_LISTED_ISSUER_LEGAL_NAME"", ""first_observed_snapshot_only"": true, ""forward_or_historical_outcome_read"": false, ""historical_reconstruction_allowed"": false, ""indication"": ""实体瘤。"", ""official_source_url"": ""https://www.cde.org.cn/main/xxgk/listpage/4b5255eb0a84820cef4ca3e8b6bbe20c"", ""predictive_weight_assigned"": false, ""publication_date"": null, ""snapshot_captured_at"": ""2026-09-30T17:29:59+08:00"", ""source_identity"": ""NMPA_CDE_PUBLISHED_NOTICE_ARCHIVE""}",54682d414a641f34a92fed6261dcc3243805d40fe0750a5ee1ceb9fa27b5036f,PROSPECTIVE_FIRST_OBSERVED_ONLY,False,False,False
idkpi:548fb54e9e9982c26a4f8c87c67d1b59838fa68ef0846127bdda29213652ea5d,600276.SH,INNOVATION_DRUG,CLINICAL_REGULATORY,CDE_CLINICAL_TRIAL_IMPLIED_LICENSE_SNAPSHOT,2026-09-30,2026-10-08,NMPA_CDE_PUBLISHED_NOTICE_ARCHIVE,NMPA_OR_CDE,official:e22cdd59b8f7264a57e5ac01e479c676,OFFICIAL_SNAPSHOT:official:e22cdd59b8f7264a57e5ac01e479c676,临床试验默示许可:罂粟乙碘油注射液:1.用于碘缺乏病的治疗；2.淋巴造影；3.子宫输卵管造影。,https://www.cde.org.cn/main/xxgk/listpage/4b5255eb0a84820cef4ca3e8b6bbe20c,OFFICIAL_CDE_CATEGORY_NO_DIRECTION,"{""applicant"": ""江苏恒瑞医药股份有限公司"", ""approval_date"": null, ""availability_basis"": ""FIRST_OBSERVED_SNAPSHOT_DATE"", ""availability_rule"": ""DATE_ONLY_NEXT_TRADE_DATE"", ""category"": ""临床试验默示许可"", ""date_only_source_timestamp_delayed_to_next_real_trading_date"": true, ""direction_classified"": false, ""drug_name"": ""罂粟乙碘油注射液"", ""entity_mapping_basis"": ""EXACT_LISTED_ISSUER_LEGAL_NAME"", ""first_observed_snapshot_only"": true, ""forward_or_historical_outcome_read"": false, ""historical_reconstruction_allowed"": false, ""indication"": ""1.用于碘缺乏病的治疗；2.淋巴造影；3.子宫输卵管造影。"", ""official_source_url"": ""https://www.cde.org.cn/main/xxgk/listpage/4b5255eb0a84820cef4ca3e8b6bbe20c"", ""predictive_weight_assigned"": false, ""publication_date"": null, ""snapshot_captured_at"": ""2026-09-30T17:29:59+08:00"", ""source_identity"": ""NMPA_CDE_PUBLISHED_NOTICE_ARCHIVE""}",548fb54e9e9982c26a4f8c87c67d1b59838fa68ef0846127bdda29213652ea5d,PROSPECTIVE_FIRST_OBSERVED_ONLY,False,False,False
idkpi:54c816fc2e67e189e0aa45a659a6dff2ef221045e4b34879be04415dd943ce1f,600276.SH,INNOVATION_DRUG,CLINICAL_REGULATORY,CDE_CLINICAL_TRIAL_IMPLIED_LICENSE_SNAPSHOT,2026-09-30,2026-10-08,NMPA_CDE_PUBLISHED_NOTICE_ARCHIVE,NMPA_OR_CDE,official:e7b2124e71bd636a604e831cbe923495,OFFICIAL_SNAPSHOT:official:e7b2124e71bd636a604e831cbe923495,临床试验默示许可:苹果酸法米替尼胶囊:本品联合HRS-4642±阿得贝利单抗或SHR-1701±化疗±SHR-A2102用于KRAS G12D突变的实体瘤。,https://www.cde.org.cn/main/xxgk/listpage/4b5255eb0a84820cef4ca3e8b6bbe20c,OFFICIAL_CDE_CATEGORY_NO_DIRECTION,"{""applicant"": ""江苏恒瑞医药股份有限公司"", ""approval_date"": null, ""availability_basis"": ""FIRST_OBSERVED_SNAPSHOT_DATE"", ""availability_rule"": ""DATE_ONLY_NEXT_TRADE_DATE"", ""category"": ""临床试验默示许可"", ""date_only_source_timestamp_delayed_to_next_real_trading_date"": true, ""direction_classified"": false, ""drug_name"": ""苹果酸法米替尼胶囊"", ""entity_mapping_basis"": ""EXACT_LISTED_ISSUER_LEGAL_NAME"", ""first_observed_snapshot_only"": true, ""forward_or_historical_outcome_read"": false, ""historical_reconstruction_allowed"": false, ""indication"": ""本品联合HRS-4642±阿得贝利单抗或SHR-1701±化疗±SHR-A2102用于KRAS G12D突变的实体瘤。"", ""official_source_url"": ""https://www.cde.org.cn/main/xxgk/listpage/4b5255eb0a84820cef4ca3e8b6bbe20c"", ""predictive_weight_assigned"": false, ""publication_date"": null, ""snapshot_captured_at"": ""2026-09-30T17:29:59+08:00"", ""source_identity"": ""NMPA_CDE_PUBLISHED_NOTICE_ARCHIVE""}",54c816fc2e67e189e0aa45a659a6dff2ef221045e4b34879be04415dd943ce1f,PROSPECTIVE_FIRST_OBSERVED_ONLY,False,False,False
idkpi:55329a83dde1ddd6928a2155e43f0b132bdaa2a1f326b1c60a7dcfe44b22713a,600276.SH,INNOVATION_DRUG,CLINICAL_REGULATORY,CDE_CLINICAL_TRIAL_IMPLIED_LICENSE_SNAPSHOT,2026-09-30,2026-10-08,NMPA_CDE_PUBLISHED_NOTICE_ARCHIVE,NMPA_OR_CDE,official:28d7c5b159be4e73b85c6392e95fcf7f,OFFICIAL_SNAPSHOT:official:28d7c5b159be4e73b85c6392e95fcf7f,临床试验默示许可:HRS-6209胶囊:本品联合HRS-1358或HRS-8080或芳香化酶抑制剂或氟维司群用于乳腺癌的治疗。,https://www.cde.org.cn/main/xxgk/listpage/4b5255eb0a84820cef4ca3e8b6bbe20c,OFFICIAL_CDE_CATEGORY_NO_DIRECTION,"{""applicant"": ""江苏恒瑞医药股份有限公司"", ""approval_date"": null, ""availability_basis"": ""FIRST_OBSERVED_SNAPSHOT_DATE"", ""availability_rule"": ""DATE_ONLY_NEXT_TRADE_DATE"", ""category"": ""临床试验默示许可"", ""date_only_source_timestamp_delayed_to_next_real_trading_date"": true, ""direction_classified"": false, ""drug_name"": ""HRS-6209胶囊"", ""entity_mapping_basis"": ""EXACT_LISTED_ISSUER_LEGAL_NAME"", ""first_observed_snapshot_only"": true, ""forward_or_historical_outcome_read"": false, ""historical_reconstruction_allowed"": false, ""indication"": ""本品联合HRS-1358或HRS-8080或芳香化酶抑制剂或氟维司群用于乳腺癌的治疗。"", ""official_source_url"": ""https://www.cde.org.cn/main/xxgk/listpage/4b5255eb0a84820cef4ca3e8b6bbe20c"", ""predictive_weight_assigned"": false, ""publication_date"": null, ""snapshot_captured_at"": ""2026-09-30T17:29:59+08:00"", ""source_identity"": ""NMPA_CDE_PUBLISHED_NOTICE_ARCHIVE""}",55329a83dde1ddd6928a2155e43f0b132bdaa2a1f326b1c60a7dcfe44b22713a,PROSPECTIVE_FIRST_OBSERVED_ONLY,False,False,False
idkpi:56562529661759a329eebd03142cd6248eb87dddcd93edb791543eb0bda3ecb4,600276.SH,INNOVATION_DRUG,CLINICAL_REGULATORY,CDE_CLINICAL_TRIAL_IMPLIED_LICENSE_SNAPSHOT,2026-09-30,2026-10-08,NMPA_CDE_PUBLISHED_NOTICE_ARCHIVE,NMPA_OR_CDE,official:be61a6fc3e49fc9c61cb5bf4263fa980,OFFICIAL_SNAPSHOT:official:be61a6fc3e49fc9c61cb5bf4263fa980,临床试验默示许可:HRS-6093片:HRS-6093联合阿得贝利单抗±化疗，或联合贝伐珠单抗±阿得贝利单抗，或联合阿得贝利单抗+SHR-8068±贝伐珠单抗，或联合SHR-9839 (sc)±阿得贝利单抗±化疗，或联合SHR-1826或FH-006±阿得贝利单抗，或联合西妥昔单抗±化疗，或联合化疗±贝伐珠单抗用于KRAS G12D突变实体瘤的治疗。,https://www.cde.org.cn/main/xxgk/listpage/4b5255eb0a84820cef4ca3e8b6bbe20c,OFFICIAL_CDE_CATEGORY_NO_DIRECTION,"{""applicant"": ""江苏恒瑞医药股份有限公司"", ""approval_date"": null, ""availability_basis"": ""FIRST_OBSERVED_SNAPSHOT_DATE"", ""availability_rule"": ""DATE_ONLY_NEXT_TRADE_DATE"", ""category"": ""临床试验默示许可"", ""date_only_source_timestamp_delayed_to_next_real_trading_date"": true, ""direction_classified"": false, ""drug_name"": ""HRS-6093片"", ""entity_mapping_basis"": ""EXACT_LISTED_ISSUER_LEGAL_NAME"", ""first_observed_snapshot_only"": true, ""forward_or_historical_outcome_read"": false, ""historical_reconstruction_allowed"": false, ""indication"": ""HRS-6093联合阿得贝利单抗±化疗，或联合贝伐珠单抗±阿得贝利单抗，或联合阿得贝利单抗+SHR-8068±贝伐珠单抗，或联合SHR-9839 (sc)±阿得贝利单抗±化疗，或联合SHR-1826或FH-006±阿得贝利单抗，或联合西妥昔单抗±化疗，或联合化疗±贝伐珠单抗用于KRAS G12D突变实体瘤的治疗。"", ""official_source_url"": ""https://www.cde.org.cn/main/xxgk/listpage/4b5255eb0a84820cef4ca3e8b6bbe20c"", ""predictive_weight_assigned"": false, ""publication_date"": null, ""snapshot_captured_at"": ""2026-09-30T17:29:59+08:00"", ""source_identity"": ""NMPA_CDE_PUBLISHED_NOTICE_ARCHIVE""}",56562529661759a329eebd03142cd6248eb87dddcd93edb791543eb0bda3ecb4,PROSPECTIVE_FIRST_OBSERVED_ONLY,False,False,False
idkpi:5785697a1b1e7191f85f60cc26a3600522901746c2db8677cde8f4c3a2564ac6,600276.SH,INNOVATION_DRUG,CLINICAL_REGULATORY,CDE_CLINICAL_TRIAL_IMPLIED_LICENSE_SNAPSHOT,2026-09-30,2026-10-08,NMPA_CDE_PUBLISHED_NOTICE_ARCHIVE,NMPA_OR_CDE,official:f677a0e711ce05b01dbdb9fd7d4ba515,OFFICIAL_SNAPSHOT:official:f677a0e711ce05b01dbdb9fd7d4ba515,临床试验默示许可:SHR0302片:本品拟用于活动性放射学阴性中轴型脊柱关节炎的治疗。,https://www.cde.org.cn/main/xxgk/listpage/4b5255eb0a84820cef4ca3e8b6bbe20c,OFFICIAL_CDE_CATEGORY_NO_DIRECTION,"{""applicant"": ""江苏恒瑞医药股份有限公司"", ""approval_date"": null, ""availability_basis"": ""FIRST_OBSERVED_SNAPSHOT_DATE"", ""availability_rule"": ""DATE_ONLY_NEXT_TRADE_DATE"", ""category"": ""临床试验默示许可"", ""date_only_source_timestamp_delayed_to_next_real_trading_date"": true, ""direction_classified"": false, ""drug_name"": ""SHR0302片"", ""entity_mapping_basis"": ""EXACT_LISTED_ISSUER_LEGAL_NAME"", ""first_observed_snapshot_only"": true, ""forward_or_historical_outcome_read"": false, ""historical_reconstruction_allowed"": false, ""indication"": ""本品拟用于活动性放射学阴性中轴型脊柱关节炎的治疗。"", ""official_source_url"": ""https://www.cde.org.cn/main/xxgk/listpage/4b5255eb0a84820cef4ca3e8b6bbe20c"", ""predictive_weight_assigned"": false, ""publication_date"": null, ""snapshot_captured_at"": ""2026-09-30T17:29:59+08:00"", ""source_identity"": ""NMPA_CDE_PUBLISHED_NOTICE_ARCHIVE""}",5785697a1b1e7191f85f60cc26a3600522901746c2db8677cde8f4c3a2564ac6,PROSPECTIVE_FIRST_OBSERVED_ONLY,False,False,False
idkpi:57d8e140f9d923da0c1766020fd72f0ebad12d65927394080981ad9915f1e070,600276.SH,INNOVATION_DRUG,CLINICAL_REGULATORY,CDE_CLINICAL_TRIAL_IMPLIED_LICENSE_SNAPSHOT,2026-09-30,2026-10-08,NMPA_CDE_PUBLISHED_NOTICE_ARCHIVE,NMPA_OR_CDE,official:586bf9d54180f8caba6aa310ad8f25ec,OFFICIAL_SNAPSHOT:official:586bf9d54180f8caba6aa310ad8f25ec,临床试验默示许可:HRS-3738片:HRS-3738联合SHR-9539±CD38单抗±蛋白酶体抑制剂用于治疗多发性骨髓瘤。,https://www.cde.org.cn/main/xxgk/listpage/4b5255eb0a84820cef4ca3e8b6bbe20c,OFFICIAL_CDE_CATEGORY_NO_DIRECTION,"{""applicant"": ""江苏恒瑞医药股份有限公司"", ""approval_date"": null, ""availability_basis"": ""FIRST_OBSERVED_SNAPSHOT_DATE"", ""availability_rule"": ""DATE_ONLY_NEXT_TRADE_DATE"", ""category"": ""临床试验默示许可"", ""date_only_source_timestamp_delayed_to_next_real_trading_date"": true, ""direction_classified"": false, ""drug_name"": ""HRS-3738片"", ""entity_mapping_basis"": ""EXACT_LISTED_ISSUER_LEGAL_NAME"", ""first_observed_snapshot_only"": true, ""forward_or_historical_outcome_read"": false, ""historical_reconstruction_allowed"": false, ""indication"": ""HRS-3738联合SHR-9539±CD38单抗±蛋白酶体抑制剂用于治疗多发性骨髓瘤。"", ""official_source_url"": ""https://www.cde.org.cn/main/xxgk/listpage/4b5255eb0a84820cef4ca3e8b6bbe20c"", ""predictive_weight_assigned"": false, ""publication_date"": null, ""snapshot_captured_at"": ""2026-09-30T17:29:59+08:00"", ""source_identity"": ""NMPA_CDE_PUBLISHED_NOTICE_ARCHIVE""}",57d8e140f9d923da0c1766020fd72f0ebad12d65927394080981ad9915f1e070,PROSPECTIVE_FIRST_OBSERVED_ONLY,False,False,False
idkpi:58920fa6113b6f1db5afc3fbee28bc2522b88cac56fc0922208c652ea1aa32b7,600276.SH,INNOVATION_DRUG,CLINICAL_REGULATORY,CDE_CLINICAL_TRIAL_IMPLIED_LICENSE_SNAPSHOT,2026-09-30,2026-10-08,NMPA_CDE_PUBLISHED_NOTICE_ARCHIVE,NMPA_OR_CDE,official:f1e061e7c49bc6ffedc832e91b7d0579,OFFICIAL_SNAPSHOT:official:f1e061e7c49bc6ffedc832e91b7d0579,临床试验默示许可:注射用SHR-1916:晚期恶性肿瘤,https://www.cde.org.cn/main/xxgk/listpage/4b5255eb0a84820cef4ca3e8b6bbe20c,OFFICIAL_CDE_CATEGORY_NO_DIRECTION,"{""applicant"": ""江苏恒瑞医药股份有限公司"", ""approval_date"": null, ""availability_basis"": ""FIRST_OBSERVED_SNAPSHOT_DATE"", ""availability_rule"": ""DATE_ONLY_NEXT_TRADE_DATE"", ""category"": ""临床试验默示许可"", ""date_only_source_timestamp_delayed_to_next_real_trading_date"": true, ""direction_classified"": false, ""drug_name"": ""注射用SHR-1916"", ""entity_mapping_basis"": ""EXACT_LISTED_ISSUER_LEGAL_NAME"", ""first_observed_snapshot_only"": true, ""forward_or_historical_outcome_read"": false, ""historical_reconstruction_allowed"": false, ""indication"": ""晚期恶性肿瘤"", ""official_source_url"": ""https://www.cde.org.cn/main/xxgk/listpage/4b5255eb0a84820cef4ca3e8b6bbe20c"", ""predictive_weight_assigned"": false, ""publication_date"": null, ""snapshot_captured_at"": ""2026-09-30T17:29:59+08:00"", ""source_identity"": ""NMPA_CDE_PUBLISHED_NOTICE_ARCHIVE""}",58920fa6113b6f1db5afc3fbee28bc2522b88cac56fc0922208c652ea1aa32b7,PROSPECTIVE_FIRST_OBSERVED_ONLY,False,False,False
idkpi:5a8356b3f5414d54a2983ad48ffd2476380b376f154089668b777cccf4314b5d,600276.SH,INNOVATION_DRUG,CLINICAL_REGULATORY,CDE_CLINICAL_TRIAL_IMPLIED_LICENSE_SNAPSHOT,2026-09-30,2026-10-08,NMPA_CDE_PUBLISHED_NOTICE_ARCHIVE,NMPA_OR_CDE,official:14a4d7a4c603ca307d092375748bcfa1,OFFICIAL_SNAPSHOT:official:14a4d7a4c603ca307d092375748bcfa1,临床试验默示许可:HR091506片:适用于痛风患者高尿酸血症的长期治疗。不推荐用于无临床症状的高尿酸血症。,https://www.cde.org.cn/main/xxgk/listpage/4b5255eb0a84820cef4ca3e8b6bbe20c,OFFICIAL_CDE_CATEGORY_NO_DIRECTION,"{""applicant"": ""江苏恒瑞医药股份有限公司"", ""approval_date"": null, ""availability_basis"": ""FIRST_OBSERVED_SNAPSHOT_DATE"", ""availability_rule"": ""DATE_ONLY_NEXT_TRADE_DATE"", ""category"": ""临床试验默示许可"", ""date_only_source_timestamp_delayed_to_next_real_trading_date"": true, ""direction_classified"": false, ""drug_name"": ""HR091506片"", ""entity_mapping_basis"": ""EXACT_LISTED_ISSUER_LEGAL_NAME"", ""first_observed_snapshot_only"": true, ""forward_or_historical_outcome_read"": false, ""historical_reconstruction_allowed"": false, ""indication"": ""适用于痛风患者高尿酸血症的长期治疗。不推荐用于无临床症状的高尿酸血症。"", ""official_source_url"": ""https://www.cde.org.cn/main/xxgk/listpage/4b5255eb0a84820cef4ca3e8b6bbe20c"", ""predictive_weight_assigned"": false, ""publication_date"": null, ""snapshot_captured_at"": ""2026-09-30T17:29:59+08:00"", ""source_identity"": ""NMPA_CDE_PUBLISHED_NOTICE_ARCHIVE""}",5a8356b3f5414d54a2983ad48ffd2476380b376f154089668b777cccf4314b5d,PROSPECTIVE_FIRST_OBSERVED_ONLY,False,False,False
idkpi:5cbb82af58e74f5ccbe4724df8e5dad26117a65fd0490c2a9171a31e23e9f49e,600276.SH,INNOVATION_DRUG,CLINICAL_REGULATORY,CDE_CLINICAL_TRIAL_IMPLIED_LICENSE_SNAPSHOT,2026-09-30,2026-10-08,NMPA_CDE_PUBLISHED_NOTICE_ARCHIVE,NMPA_OR_CDE,official:52736e379b723e6185c7370194daeee1,OFFICIAL_SNAPSHOT:official:52736e379b723e6185c7370194daeee1,临床试验默示许可:HRS-6209胶囊:本品联合HRS-2189和芳香化酶抑制剂用于乳腺癌的治疗。,https://www.cde.org.cn/main/xxgk/listpage/4b5255eb0a84820cef4ca3e8b6bbe20c,OFFICIAL_CDE_CATEGORY_NO_DIRECTION,"{""applicant"": ""江苏恒瑞医药股份有限公司"", ""approval_date"": null, ""availability_basis"": ""FIRST_OBSERVED_SNAPSHOT_DATE"", ""availability_rule"": ""DATE_ONLY_NEXT_TRADE_DATE"", ""category"": ""临床试验默示许可"", ""date_only_source_timestamp_delayed_to_next_real_trading_date"": true, ""direction_classified"": false, ""drug_name"": ""HRS-6209胶囊"", ""entity_mapping_basis"": ""EXACT_LISTED_ISSUER_LEGAL_NAME"", ""first_observed_snapshot_only"": true, ""forward_or_historical_outcome_read"": false, ""historical_reconstruction_allowed"": false, ""indication"": ""本品联合HRS-2189和芳香化酶抑制剂用于乳腺癌的治疗。"", ""official_source_url"": ""https://www.cde.org.cn/main/xxgk/listpage/4b5255eb0a84820cef4ca3e8b6bbe20c"", ""predictive_weight_assigned"": false, ""publication_date"": null, ""snapshot_captured_at"": ""2026-09-30T17:29:59+08:00"", ""source_identity"": ""NMPA_CDE_PUBLISHED_NOTICE_ARCHIVE""}",5cbb82af58e74f5ccbe4724df8e5dad26117a65fd0490c2a9171a31e23e9f49e,PROSPECTIVE_FIRST_OBSERVED_ONLY,False,False,False
idkpi:5da10b7e1860a4d7f28fff71e8094f38c7b55b42ebfca4ddacf2a4f09b7e0107,600276.SH,INNOVATION_DRUG,CLINICAL_REGULATORY,CDE_CLINICAL_TRIAL_IMPLIED_LICENSE_SNAPSHOT,2026-09-30,2026-10-08,NMPA_CDE_PUBLISHED_NOTICE_ARCHIVE,NMPA_OR_CDE,official:51c081f497bb7241aea6acf2f2ad045b,OFFICIAL_SNAPSHOT:official:51c081f497bb7241aea6acf2f2ad045b,临床试验默示许可:注射用HR17020:预防肾病综合征患者静脉血栓栓塞,https://www.cde.org.cn/main/xxgk/listpage/4b5255eb0a84820cef4ca3e8b6bbe20c,OFFICIAL_CDE_CATEGORY_NO_DIRECTION,"{""applicant"": ""江苏恒瑞医药股份有限公司"", ""approval_date"": null, ""availability_basis"": ""FIRST_OBSERVED_SNAPSHOT_DATE"", ""availability_rule"": ""DATE_ONLY_NEXT_TRADE_DATE"", ""category"": ""临床试验默示许可"", ""date_only_source_timestamp_delayed_to_next_real_trading_date"": true, ""direction_classified"": false, ""drug_name"": ""注射用HR17020"", ""entity_mapping_basis"": ""EXACT_LISTED_ISSUER_LEGAL_NAME"", ""first_observed_snapshot_only"": true, ""forward_or_historical_outcome_read"": false, ""historical_reconstruction_allowed"": false, ""indication"": ""预防肾病综合征患者静脉血栓栓塞"", ""official_source_url"": ""https://www.cde.org.cn/main/xxgk/listpage/4b5255eb0a84820cef4ca3e8b6bbe20c"", ""predictive_weight_assigned"": false, ""publication_date"": null, ""snapshot_captured_at"": ""2026-09-30T17:29:59+08:00"", ""source_identity"": ""NMPA_CDE_PUBLISHED_NOTICE_ARCHIVE""}",5da10b7e1860a4d7f28fff71e8094f38c7b55b42ebfca4ddacf2a4f09b7e0107,PROSPECTIVE_FIRST_OBSERVED_ONLY,False,False,False
idkpi:5ecbc11bab9e54628526f5396e99565d0246f4b39cac3fa86a2c00227c79553f,600276.SH,INNOVATION_DRUG,CLINICAL_REGULATORY,CDE_CLINICAL_TRIAL_IMPLIED_LICENSE_SNAPSHOT,2026-09-30,2026-10-08,NMPA_CDE_PUBLISHED_NOTICE_ARCHIVE,NMPA_OR_CDE,official:cd631c75fc0290394b42d1d12e03d347,OFFICIAL_SNAPSHOT:official:cd631c75fc0290394b42d1d12e03d347,临床试验默示许可:SHR-3167注射液:糖尿病,https://www.cde.org.cn/main/xxgk/listpage/4b5255eb0a84820cef4ca3e8b6bbe20c,OFFICIAL_CDE_CATEGORY_NO_DIRECTION,"{""applicant"": ""江苏恒瑞医药股份有限公司"", ""approval_date"": null, ""availability_basis"": ""FIRST_OBSERVED_SNAPSHOT_DATE"", ""availability_rule"": ""DATE_ONLY_NEXT_TRADE_DATE"", ""category"": ""临床试验默示许可"", ""date_only_source_timestamp_delayed_to_next_real_trading_date"": true, ""direction_classified"": false, ""drug_name"": ""SHR-3167注射液"", ""entity_mapping_basis"": ""EXACT_LISTED_ISSUER_LEGAL_NAME"", ""first_observed_snapshot_only"": true, ""forward_or_historical_outcome_read"": false, ""historical_reconstruction_allowed"": false, ""indication"": ""糖尿病"", ""official_source_url"": ""https://www.cde.org.cn/main/xxgk/listpage/4b5255eb0a84820cef4ca3e8b6bbe20c"", ""predictive_weight_assigned"": false, ""publication_date"": null, ""snapshot_captured_at"": ""2026-09-30T17:29:59+08:00"", ""source_identity"": ""NMPA_CDE_PUBLISHED_NOTICE_ARCHIVE""}",5ecbc11bab9e54628526f5396e99565d0246f4b39cac3fa86a2c00227c79553f,PROSPECTIVE_FIRST_OBSERVED_ONLY,False,False,False
idkpi:618589d7b1845cf3519364df9ff273e41e91aa85de7f515221370d162549f2f1,600276.SH,INNOVATION_DRUG,CLINICAL_REGULATORY,CDE_CLINICAL_TRIAL_IMPLIED_LICENSE_SNAPSHOT,2026-09-30,2026-10-08,NMPA_CDE_PUBLISHED_NOTICE_ARCHIVE,NMPA_OR_CDE,official:ce5e60c6c377ce57e5c37968377d1277,OFFICIAL_SNAPSHOT:official:ce5e60c6c377ce57e5c37968377d1277,临床试验默示许可:SHR2554片:本品拟用于恶性肿瘤的治疗。,https://www.cde.org.cn/main/xxgk/listpage/4b5255eb0a84820cef4ca3e8b6bbe20c,OFFICIAL_CDE_CATEGORY_NO_DIRECTION,"{""applicant"": ""江苏恒瑞医药股份有限公司"", ""approval_date"": null, ""availability_basis"": ""FIRST_OBSERVED_SNAPSHOT_DATE"", ""availability_rule"": ""DATE_ONLY_NEXT_TRADE_DATE"", ""category"": ""临床试验默示许可"", ""date_only_source_timestamp_delayed_to_next_real_trading_date"": true, ""direction_classified"": false, ""drug_name"": ""SHR2554片"", ""entity_mapping_basis"": ""EXACT_LISTED_ISSUER_LEGAL_NAME"", ""first_observed_snapshot_only"": true, ""forward_or_historical_outcome_read"": false, ""historical_reconstruction_allowed"": false, ""indication"": ""本品拟用于恶性肿瘤的治疗。"", ""official_source_url"": ""https://www.cde.org.cn/main/xxgk/listpage/4b5255eb0a84820cef4ca3e8b6bbe20c"", ""predictive_weight_assigned"": false, ""publication_date"": null, ""snapshot_captured_at"": ""2026-09-30T17:29:59+08:00"", ""source_identity"": ""NMPA_CDE_PUBLISHED_NOTICE_ARCHIVE""}",618589d7b1845cf3519364df9ff273e41e91aa85de7f515221370d162549f2f1,PROSPECTIVE_FIRST_OBSERVED_ONLY,False,False,False
idkpi:62d7980f1db1634d9d4b7bae00b57ed7d8ed82094f3ef39261b8d2874d0e9a62,600276.SH,INNOVATION_DRUG,CLINICAL_REGULATORY,CDE_CLINICAL_TRIAL_IMPLIED_LICENSE_SNAPSHOT,2026-09-30,2026-10-08,NMPA_CDE_PUBLISHED_NOTICE_ARCHIVE,NMPA_OR_CDE,official:dcbf54642774c24fbda0aa76106b90ac,OFFICIAL_SNAPSHOT:official:dcbf54642774c24fbda0aa76106b90ac,临床试验默示许可:SHR-3167注射液:糖尿病,https://www.cde.org.cn/main/xxgk/listpage/4b5255eb0a84820cef4ca3e8b6bbe20c,OFFICIAL_CDE_CATEGORY_NO_DIRECTION,"{""applicant"": ""江苏恒瑞医药股份有限公司"", ""approval_date"": null, ""availability_basis"": ""FIRST_OBSERVED_SNAPSHOT_DATE"", ""availability_rule"": ""DATE_ONLY_NEXT_TRADE_DATE"", ""category"": ""临床试验默示许可"", ""date_only_source_timestamp_delayed_to_next_real_trading_date"": true, ""direction_classified"": false, ""drug_name"": ""SHR-3167注射液"", ""entity_mapping_basis"": ""EXACT_LISTED_ISSUER_LEGAL_NAME"", ""first_observed_snapshot_only"": true, ""forward_or_historical_outcome_read"": false, ""historical_reconstruction_allowed"": false, ""indication"": ""糖尿病"", ""official_source_url"": ""https://www.cde.org.cn/main/xxgk/listpage/4b5255eb0a84820cef4ca3e8b6bbe20c"", ""predictive_weight_assigned"": false, ""publication_date"": null, ""snapshot_captured_at"": ""2026-09-30T17:29:59+08:00"", ""source_identity"": ""NMPA_CDE_PUBLISHED_NOTICE_ARCHIVE""}",62d7980f1db1634d9d4b7bae00b57ed7d8ed82094f3ef39261b8d2874d0e9a62,PROSPECTIVE_FIRST_OBSERVED_ONLY,False,False,False
idkpi:648dba12883fca7215f9e27561101c78c08f34c376dfa237a885ded9be8bb3b1,600276.SH,INNOVATION_DRUG,CLINICAL_REGULATORY,CDE_CLINICAL_TRIAL_IMPLIED_LICENSE_SNAPSHOT,2026-09-30,2026-10-08,NMPA_CDE_PUBLISHED_NOTICE_ARCHIVE,NMPA_OR_CDE,official:2ee6d6e8671d93eb29c83a8e7d81e099,OFFICIAL_SNAPSHOT:official:2ee6d6e8671d93eb29c83a8e7d81e099,临床试验默示许可:HRS-6093片:本品临床拟用于治疗携带KRASG12D突变的实体瘤。,https://www.cde.org.cn/main/xxgk/listpage/4b5255eb0a84820cef4ca3e8b6bbe20c,OFFICIAL_CDE_CATEGORY_NO_DIRECTION,"{""applicant"": ""江苏恒瑞医药股份有限公司"", ""approval_date"": null, ""availability_basis"": ""FIRST_OBSERVED_SNAPSHOT_DATE"", ""availability_rule"": ""DATE_ONLY_NEXT_TRADE_DATE"", ""category"": ""临床试验默示许可"", ""date_only_source_timestamp_delayed_to_next_real_trading_date"": true, ""direction_classified"": false, ""drug_name"": ""HRS-6093片"", ""entity_mapping_basis"": ""EXACT_LISTED_ISSUER_LEGAL_NAME"", ""first_observed_snapshot_only"": true, ""forward_or_historical_outcome_read"": false, ""historical_reconstruction_allowed"": false, ""indication"": ""本品临床拟用于治疗携带KRASG12D突变的实体瘤。"", ""official_source_url"": ""https://www.cde.org.cn/main/xxgk/listpage/4b5255eb0a84820cef4ca3e8b6bbe20c"", ""predictive_weight_assigned"": false, ""publication_date"": null, ""snapshot_captured_at"": ""2026-09-30T17:29:59+08:00"", ""source_identity"": ""NMPA_CDE_PUBLISHED_NOTICE_ARCHIVE""}",648dba12883fca7215f9e27561101c78c08f34c376dfa237a885ded9be8bb3b1,PROSPECTIVE_FIRST_OBSERVED_ONLY,False,False,False
idkpi:64c18970feadc48fbf390f0897609810a1e221b645cf85be38cdae42966a7b32,600276.SH,INNOVATION_DRUG,CLINICAL_REGULATORY,CDE_CLINICAL_TRIAL_IMPLIED_LICENSE_SNAPSHOT,2026-09-30,2026-10-08,NMPA_CDE_PUBLISHED_NOTICE_ARCHIVE,NMPA_OR_CDE,official:8e52473bce4df4c035cf3eae1d6096e0,OFFICIAL_SNAPSHOT:official:8e52473bce4df4c035cf3eae1d6096e0,临床试验默示许可:注射用HRS-7053:拟用于治疗晚期恶性肿瘤。,https://www.cde.org.cn/main/xxgk/listpage/4b5255eb0a84820cef4ca3e8b6bbe20c,OFFICIAL_CDE_CATEGORY_NO_DIRECTION,"{""applicant"": ""江苏恒瑞医药股份有限公司"", ""approval_date"": null, ""availability_basis"": ""FIRST_OBSERVED_SNAPSHOT_DATE"", ""availability_rule"": ""DATE_ONLY_NEXT_TRADE_DATE"", ""category"": ""临床试验默示许可"", ""date_only_source_timestamp_delayed_to_next_real_trading_date"": true, ""direction_classified"": false, ""drug_name"": ""注射用HRS-7053"", ""entity_mapping_basis"": ""EXACT_LISTED_ISSUER_LEGAL_NAME"", ""first_observed_snapshot_only"": true, ""forward_or_historical_outcome_read"": false, ""historical_reconstruction_allowed"": false, ""indication"": ""拟用于治疗晚期恶性肿瘤。"", ""official_source_url"": ""https://www.cde.org.cn/main/xxgk/listpage/4b5255eb0a84820cef4ca3e8b6bbe20c"", ""predictive_weight_assigned"": false, ""publication_date"": null, ""snapshot_captured_at"": ""2026-09-30T17:29:59+08:00"", ""source_identity"": ""NMPA_CDE_PUBLISHED_NOTICE_ARCHIVE""}",64c18970feadc48fbf390f0897609810a1e221b645cf85be38cdae42966a7b32,PROSPECTIVE_FIRST_OBSERVED_ONLY,False,False,False
idkpi:6791f6a736eeb4192e410cf09e863c677bf5b9b4b33379938e10928802d84a31,600276.SH,INNOVATION_DRUG,CLINICAL_REGULATORY,CDE_CLINICAL_TRIAL_IMPLIED_LICENSE_SNAPSHOT,2026-09-30,2026-10-08,NMPA_CDE_PUBLISHED_NOTICE_ARCHIVE,NMPA_OR_CDE,official:c2487af24ed2b7366e4f698f4db77f07,OFFICIAL_SNAPSHOT:official:c2487af24ed2b7366e4f698f4db77f07,临床试验默示许可:HRS-4508片:实体瘤,https://www.cde.org.cn/main/xxgk/listpage/4b5255eb0a84820cef4ca3e8b6bbe20c,OFFICIAL_CDE_CATEGORY_NO_DIRECTION,"{""applicant"": ""江苏恒瑞医药股份有限公司"", ""approval_date"": null, ""availability_basis"": ""FIRST_OBSERVED_SNAPSHOT_DATE"", ""availability_rule"": ""DATE_ONLY_NEXT_TRADE_DATE"", ""category"": ""临床试验默示许可"", ""date_only_source_timestamp_delayed_to_next_real_trading_date"": true, ""direction_classified"": false, ""drug_name"": ""HRS-4508片"", ""entity_mapping_basis"": ""EXACT_LISTED_ISSUER_LEGAL_NAME"", ""first_observed_snapshot_only"": true, ""forward_or_historical_outcome_read"": false, ""historical_reconstruction_allowed"": false, ""indication"": ""实体瘤"", ""official_source_url"": ""https://www.cde.org.cn/main/xxgk/listpage/4b5255eb0a84820cef4ca3e8b6bbe20c"", ""predictive_weight_assigned"": false, ""publication_date"": null, ""snapshot_captured_at"": ""2026-09-30T17:29:59+08:00"", ""source_identity"": ""NMPA_CDE_PUBLISHED_NOTICE_ARCHIVE""}",6791f6a736eeb4192e410cf09e863c677bf5b9b4b33379938e10928802d84a31,PROSPECTIVE_FIRST_OBSERVED_ONLY,False,False,False
idkpi:67b325f2554d6a0d6f286d0bfa7d2d10e5409912c363312ebf9b79f80f1cda50,600276.SH,INNOVATION_DRUG,CLINICAL_REGULATORY,CDE_CLINICAL_TRIAL_IMPLIED_LICENSE_SNAPSHOT,2026-09-30,2026-10-08,NMPA_CDE_PUBLISHED_NOTICE_ARCHIVE,NMPA_OR_CDE,official:51ec14c1c891b779a228b86fdc5532ed,OFFICIAL_SNAPSHOT:official:51ec14c1c891b779a228b86fdc5532ed,临床试验默示许可:HRS-2329片:携带RAS突变或扩增的实体瘤,https://www.cde.org.cn/main/xxgk/listpage/4b5255eb0a84820cef4ca3e8b6bbe20c,OFFICIAL_CDE_CATEGORY_NO_DIRECTION,"{""applicant"": ""江苏恒瑞医药股份有限公司"", ""approval_date"": null, ""availability_basis"": ""FIRST_OBSERVED_SNAPSHOT_DATE"", ""availability_rule"": ""DATE_ONLY_NEXT_TRADE_DATE"", ""category"": ""临床试验默示许可"", ""date_only_source_timestamp_delayed_to_next_real_trading_date"": true, ""direction_classified"": false, ""drug_name"": ""HRS-2329片"", ""entity_mapping_basis"": ""EXACT_LISTED_ISSUER_LEGAL_NAME"", ""first_observed_snapshot_only"": true, ""forward_or_historical_outcome_read"": false, ""historical_reconstruction_allowed"": false, ""indication"": ""携带RAS突变或扩增的实体瘤"", ""official_source_url"": ""https://www.cde.org.cn/main/xxgk/listpage/4b5255eb0a84820cef4ca3e8b6bbe20c"", ""predictive_weight_assigned"": false, ""publication_date"": null, ""snapshot_captured_at"": ""2026-09-30T17:29:59+08:00"", ""source_identity"": ""NMPA_CDE_PUBLISHED_NOTICE_ARCHIVE""}",67b325f2554d6a0d6f286d0bfa7d2d10e5409912c363312ebf9b79f80f1cda50,PROSPECTIVE_FIRST_OBSERVED_ONLY,False,False,False
idkpi:684090e22ec75f9c16f9087cdb12f242eed331d9a18646fc09d968d263090d4f,600276.SH,INNOVATION_DRUG,CLINICAL_REGULATORY,CDE_CLINICAL_TRIAL_IMPLIED_LICENSE_SNAPSHOT,2026-09-30,2026-10-08,NMPA_CDE_PUBLISHED_NOTICE_ARCHIVE,NMPA_OR_CDE,official:05a2b639d13f1f5fbc6f084b312863f8,OFFICIAL_SNAPSHOT:official:05a2b639d13f1f5fbc6f084b312863f8,临床试验默示许可:注射用HRS-8427:用于尿路感染和肺部感染。,https://www.cde.org.cn/main/xxgk/listpage/4b5255eb0a84820cef4ca3e8b6bbe20c,OFFICIAL_CDE_CATEGORY_NO_DIRECTION,"{""applicant"": ""江苏恒瑞医药股份有限公司"", ""approval_date"": null, ""availability_basis"": ""FIRST_OBSERVED_SNAPSHOT_DATE"", ""availability_rule"": ""DATE_ONLY_NEXT_TRADE_DATE"", ""category"": ""临床试验默示许可"", ""date_only_source_timestamp_delayed_to_next_real_trading_date"": true, ""direction_classified"": false, ""drug_name"": ""注射用HRS-8427"", ""entity_mapping_basis"": ""EXACT_LISTED_ISSUER_LEGAL_NAME"", ""first_observed_snapshot_only"": true, ""forward_or_historical_outcome_read"": false, ""historical_reconstruction_allowed"": false, ""indication"": ""用于尿路感染和肺部感染。"", ""official_source_url"": ""https://www.cde.org.cn/main/xxgk/listpage/4b5255eb0a84820cef4ca3e8b6bbe20c"", ""predictive_weight_assigned"": false, ""publication_date"": null, ""snapshot_captured_at"": ""2026-09-30T17:29:59+08:00"", ""source_identity"": ""NMPA_CDE_PUBLISHED_NOTICE_ARCHIVE""}",684090e22ec75f9c16f9087cdb12f242eed331d9a18646fc09d968d263090d4f,PROSPECTIVE_FIRST_OBSERVED_ONLY,False,False,False
idkpi:6a12baf497b7c45e27c72dc997b53f9a4ff9ef3ea672ca53152f930d095e480c,600276.SH,INNOVATION_DRUG,CLINICAL_REGULATORY,CDE_CLINICAL_TRIAL_IMPLIED_LICENSE_SNAPSHOT,2026-09-30,2026-10-08,NMPA_CDE_PUBLISHED_NOTICE_ARCHIVE,NMPA_OR_CDE,official:d4b3bb701dd1ba29752afd704fe23963,OFFICIAL_SNAPSHOT:official:d4b3bb701dd1ba29752afd704fe23963,临床试验默示许可:HR18042片:本品拟用于中度至重度急性疼痛的治疗。,https://www.cde.org.cn/main/xxgk/listpage/4b5255eb0a84820cef4ca3e8b6bbe20c,OFFICIAL_CDE_CATEGORY_NO_DIRECTION,"{""applicant"": ""江苏恒瑞医药股份有限公司"", ""approval_date"": null, ""availability_basis"": ""FIRST_OBSERVED_SNAPSHOT_DATE"", ""availability_rule"": ""DATE_ONLY_NEXT_TRADE_DATE"", ""category"": ""临床试验默示许可"", ""date_only_source_timestamp_delayed_to_next_real_trading_date"": true, ""direction_classified"": false, ""drug_name"": ""HR18042片"", ""entity_mapping_basis"": ""EXACT_LISTED_ISSUER_LEGAL_NAME"", ""first_observed_snapshot_only"": true, ""forward_or_historical_outcome_read"": false, ""historical_reconstruction_allowed"": false, ""indication"": ""本品拟用于中度至重度急性疼痛的治疗。"", ""official_source_url"": ""https://www.cde.org.cn/main/xxgk/listpage/4b5255eb0a84820cef4ca3e8b6bbe20c"", ""predictive_weight_assigned"": false, ""publication_date"": null, ""snapshot_captured_at"": ""2026-09-30T17:29:59+08:00"", ""source_identity"": ""NMPA_CDE_PUBLISHED_NOTICE_ARCHIVE""}",6a12baf497b7c45e27c72dc997b53f9a4ff9ef3ea672ca53152f930d095e480c,PROSPECTIVE_FIRST_OBSERVED_ONLY,False,False,False
idkpi:6b70631947df7414b096593be0ddcaea601d72c33568cad6f98c3cd568afbe18,600276.SH,INNOVATION_DRUG,CLINICAL_REGULATORY,CDE_CLINICAL_TRIAL_IMPLIED_LICENSE_SNAPSHOT,2026-09-30,2026-10-08,NMPA_CDE_PUBLISHED_NOTICE_ARCHIVE,NMPA_OR_CDE,official:37df25daead43994b7d2de386ed2154b,OFFICIAL_SNAPSHOT:official:37df25daead43994b7d2de386ed2154b,临床试验默示许可:羟乙磺酸达尔西利片:本品联合HRS8807片用于乳腺癌的治疗。,https://www.cde.org.cn/main/xxgk/listpage/4b5255eb0a84820cef4ca3e8b6bbe20c,OFFICIAL_CDE_CATEGORY_NO_DIRECTION,"{""applicant"": ""江苏恒瑞医药股份有限公司"", ""approval_date"": null, ""availability_basis"": ""FIRST_OBSERVED_SNAPSHOT_DATE"", ""availability_rule"": ""DATE_ONLY_NEXT_TRADE_DATE"", ""category"": ""临床试验默示许可"", ""date_only_source_timestamp_delayed_to_next_real_trading_date"": true, ""direction_classified"": false, ""drug_name"": ""羟乙磺酸达尔西利片"", ""entity_mapping_basis"": ""EXACT_LISTED_ISSUER_LEGAL_NAME"", ""first_observed_snapshot_only"": true, ""forward_or_historical_outcome_read"": false, ""historical_reconstruction_allowed"": false, ""indication"": ""本品联合HRS8807片用于乳腺癌的治疗。"", ""official_source_url"": ""https://www.cde.org.cn/main/xxgk/listpage/4b5255eb0a84820cef4ca3e8b6bbe20c"", ""predictive_weight_assigned"": false, ""publication_date"": null, ""snapshot_captured_at"": ""2026-09-30T17:29:59+08:00"", ""source_identity"": ""NMPA_CDE_PUBLISHED_NOTICE_ARCHIVE""}",6b70631947df7414b096593be0ddcaea601d72c33568cad6f98c3cd568afbe18,PROSPECTIVE_FIRST_OBSERVED_ONLY,False,False,False
idkpi:6e6eb04a00917a32257e25c80de4fba310802a6b429f702bb183138593ce7fec,600276.SH,INNOVATION_DRUG,CLINICAL_REGULATORY,CDE_CLINICAL_TRIAL_IMPLIED_LICENSE_SNAPSHOT,2026-09-30,2026-10-08,NMPA_CDE_PUBLISHED_NOTICE_ARCHIVE,NMPA_OR_CDE,official:fa4399bdbb7ce42acac78fdf1d3afe81,OFFICIAL_SNAPSHOT:official:fa4399bdbb7ce42acac78fdf1d3afe81,临床试验默示许可:硫酸艾玛昔替尼片:本品单药或联合SHR0302碱凝胶用于治疗白癜风。,https://www.cde.org.cn/main/xxgk/listpage/4b5255eb0a84820cef4ca3e8b6bbe20c,OFFICIAL_CDE_CATEGORY_NO_DIRECTION,"{""applicant"": ""江苏恒瑞医药股份有限公司"", ""approval_date"": null, ""availability_basis"": ""FIRST_OBSERVED_SNAPSHOT_DATE"", ""availability_rule"": ""DATE_ONLY_NEXT_TRADE_DATE"", ""category"": ""临床试验默示许可"", ""date_only_source_timestamp_delayed_to_next_real_trading_date"": true, ""direction_classified"": false, ""drug_name"": ""硫酸艾玛昔替尼片"", ""entity_mapping_basis"": ""EXACT_LISTED_ISSUER_LEGAL_NAME"", ""first_observed_snapshot_only"": true, ""forward_or_historical_outcome_read"": false, ""historical_reconstruction_allowed"": false, ""indication"": ""本品单药或联合SHR0302碱凝胶用于治疗白癜风。"", ""official_source_url"": ""https://www.cde.org.cn/main/xxgk/listpage/4b5255eb0a84820cef4ca3e8b6bbe20c"", ""predictive_weight_assigned"": false, ""publication_date"": null, ""snapshot_captured_at"": ""2026-09-30T17:29:59+08:00"", ""source_identity"": ""NMPA_CDE_PUBLISHED_NOTICE_ARCHIVE""}",6e6eb04a00917a32257e25c80de4fba310802a6b429f702bb183138593ce7fec,PROSPECTIVE_FIRST_OBSERVED_ONLY,False,False,False
idkpi:6e828c479ce7eae588dd686d50e53fe9334d4303e89679e52ca39fbd6ee3c9ab,600276.SH,INNOVATION_DRUG,CLINICAL_REGULATORY,CDE_CLINICAL_TRIAL_IMPLIED_LICENSE_SNAPSHOT,2026-09-30,2026-10-08,NMPA_CDE_PUBLISHED_NOTICE_ARCHIVE,NMPA_OR_CDE,official:558fe2dba67702a2108b2d96af102a3d,OFFICIAL_SNAPSHOT:official:558fe2dba67702a2108b2d96af102a3d,临床试验默示许可:SHR2554片:本品拟用于恶性肿瘤的治疗。,https://www.cde.org.cn/main/xxgk/listpage/4b5255eb0a84820cef4ca3e8b6bbe20c,OFFICIAL_CDE_CATEGORY_NO_DIRECTION,"{""applicant"": ""江苏恒瑞医药股份有限公司"", ""approval_date"": null, ""availability_basis"": ""FIRST_OBSERVED_SNAPSHOT_DATE"", ""availability_rule"": ""DATE_ONLY_NEXT_TRADE_DATE"", ""category"": ""临床试验默示许可"", ""date_only_source_timestamp_delayed_to_next_real_trading_date"": true, ""direction_classified"": false, ""drug_name"": ""SHR2554片"", ""entity_mapping_basis"": ""EXACT_LISTED_ISSUER_LEGAL_NAME"", ""first_observed_snapshot_only"": true, ""forward_or_historical_outcome_read"": false, ""historical_reconstruction_allowed"": false, ""indication"": ""本品拟用于恶性肿瘤的治疗。"", ""official_source_url"": ""https://www.cde.org.cn/main/xxgk/listpage/4b5255eb0a84820cef4ca3e8b6bbe20c"", ""predictive_weight_assigned"": false, ""publication_date"": null, ""snapshot_captured_at"": ""2026-09-30T17:29:59+08:00"", ""source_identity"": ""NMPA_CDE_PUBLISHED_NOTICE_ARCHIVE""}",6e828c479ce7eae588dd686d50e53fe9334d4303e89679e52ca39fbd6ee3c9ab,PROSPECTIVE_FIRST_OBSERVED_ONLY,False,False,False
idkpi:6f3d76cf9f74d182c61195c200aa967fa782c93ddee9e88449c8f882034dbc79,600276.SH,INNOVATION_DRUG,CLINICAL_REGULATORY,CDE_CLINICAL_TRIAL_IMPLIED_LICENSE_SNAPSHOT,2026-09-30,2026-10-08,NMPA_CDE_PUBLISHED_NOTICE_ARCHIVE,NMPA_OR_CDE,official:ca4f5819e3ed880317d36862309a7a94,OFFICIAL_SNAPSHOT:official:ca4f5819e3ed880317d36862309a7a94,临床试验默示许可:SHR-3167注射液:糖尿病,https://www.cde.org.cn/main/xxgk/listpage/4b5255eb0a84820cef4ca3e8b6bbe20c,OFFICIAL_CDE_CATEGORY_NO_DIRECTION,"{""applicant"": ""江苏恒瑞医药股份有限公司"", ""approval_date"": null, ""availability_basis"": ""FIRST_OBSERVED_SNAPSHOT_DATE"", ""availability_rule"": ""DATE_ONLY_NEXT_TRADE_DATE"", ""category"": ""临床试验默示许可"", ""date_only_source_timestamp_delayed_to_next_real_trading_date"": true, ""direction_classified"": false, ""drug_name"": ""SHR-3167注射液"", ""entity_mapping_basis"": ""EXACT_LISTED_ISSUER_LEGAL_NAME"", ""first_observed_snapshot_only"": true, ""forward_or_historical_outcome_read"": false, ""historical_reconstruction_allowed"": false, ""indication"": ""糖尿病"", ""official_source_url"": ""https://www.cde.org.cn/main/xxgk/listpage/4b5255eb0a84820cef4ca3e8b6bbe20c"", ""predictive_weight_assigned"": false, ""publication_date"": null, ""snapshot_captured_at"": ""2026-09-30T17:29:59+08:00"", ""source_identity"": ""NMPA_CDE_PUBLISHED_NOTICE_ARCHIVE""}",6f3d76cf9f74d182c61195c200aa967fa782c93ddee9e88449c8f882034dbc79,PROSPECTIVE_FIRST_OBSERVED_ONLY,False,False,False
idkpi:708f68e7242cc99ec73ce3b24ad9a3e2d47e62ce313f5d6de9f677443e530df6,600276.SH,INNOVATION_DRUG,CLINICAL_REGULATORY,CDE_CLINICAL_TRIAL_IMPLIED_LICENSE_SNAPSHOT,2026-09-30,2026-10-08,NMPA_CDE_PUBLISHED_NOTICE_ARCHIVE,NMPA_OR_CDE,official:46bd2b773baec089e3d955b7a371db5e,OFFICIAL_SNAPSHOT:official:46bd2b773baec089e3d955b7a371db5e,临床试验默示许可:SHR4640片:本品适用原发性高尿酸血症的长期治疗，可与黄嘌呤氧化酶抑制剂联用。,https://www.cde.org.cn/main/xxgk/listpage/4b5255eb0a84820cef4ca3e8b6bbe20c,OFFICIAL_CDE_CATEGORY_NO_DIRECTION,"{""applicant"": ""江苏恒瑞医药股份有限公司"", ""approval_date"": null, ""availability_basis"": ""FIRST_OBSERVED_SNAPSHOT_DATE"", ""availability_rule"": ""DATE_ONLY_NEXT_TRADE_DATE"", ""category"": ""临床试验默示许可"", ""date_only_source_timestamp_delayed_to_next_real_trading_date"": true, ""direction_classified"": false, ""drug_name"": ""SHR4640片"", ""entity_mapping_basis"": ""EXACT_LISTED_ISSUER_LEGAL_NAME"", ""first_observed_snapshot_only"": true, ""forward_or_historical_outcome_read"": false, ""historical_reconstruction_allowed"": false, ""indication"": ""本品适用原发性高尿酸血症的长期治疗，可与黄嘌呤氧化酶抑制剂联用。"", ""official_source_url"": ""https://www.cde.org.cn/main/xxgk/listpage/4b5255eb0a84820cef4ca3e8b6bbe20c"", ""predictive_weight_assigned"": false, ""publication_date"": null, ""snapshot_captured_at"": ""2026-09-30T17:29:59+08:00"", ""source_identity"": ""NMPA_CDE_PUBLISHED_NOTICE_ARCHIVE""}",708f68e7242cc99ec73ce3b24ad9a3e2d47e62ce313f5d6de9f677443e530df6,PROSPECTIVE_FIRST_OBSERVED_ONLY,False,False,False
idkpi:710a4a8f4f0194f031fe89d8f2a9721f0a3df0b3c90a32f8ea541c5313e23dca,600276.SH,INNOVATION_DRUG,CLINICAL_REGULATORY,CDE_CLINICAL_TRIAL_IMPLIED_LICENSE_SNAPSHOT,2026-09-30,2026-10-08,NMPA_CDE_PUBLISHED_NOTICE_ARCHIVE,NMPA_OR_CDE,official:e10502e061dc986cc361a1dbec70566c,OFFICIAL_SNAPSHOT:official:e10502e061dc986cc361a1dbec70566c,"临床试验默示许可:HRS-3738片:多发性骨髓瘤(Multiple myeloma, MM)和非霍奇金淋巴瘤(Non-hodgkin lymphoma, NHL)",https://www.cde.org.cn/main/xxgk/listpage/4b5255eb0a84820cef4ca3e8b6bbe20c,OFFICIAL_CDE_CATEGORY_NO_DIRECTION,"{""applicant"": ""江苏恒瑞医药股份有限公司"", ""approval_date"": null, ""availability_basis"": ""FIRST_OBSERVED_SNAPSHOT_DATE"", ""availability_rule"": ""DATE_ONLY_NEXT_TRADE_DATE"", ""category"": ""临床试验默示许可"", ""date_only_source_timestamp_delayed_to_next_real_trading_date"": true, ""direction_classified"": false, ""drug_name"": ""HRS-3738片"", ""entity_mapping_basis"": ""EXACT_LISTED_ISSUER_LEGAL_NAME"", ""first_observed_snapshot_only"": true, ""forward_or_historical_outcome_read"": false, ""historical_reconstruction_allowed"": false, ""indication"": ""多发性骨髓瘤(Multiple myeloma, MM)和非霍奇金淋巴瘤(Non-hodgkin lymphoma, NHL)"", ""official_source_url"": ""https://www.cde.org.cn/main/xxgk/listpage/4b5255eb0a84820cef4ca3e8b6bbe20c"", ""predictive_weight_assigned"": false, ""publication_date"": null, ""snapshot_captured_at"": ""2026-09-30T17:29:59+08:00"", ""source_identity"": ""NMPA_CDE_PUBLISHED_NOTICE_ARCHIVE""}",710a4a8f4f0194f031fe89d8f2a9721f0a3df0b3c90a32f8ea541c5313e23dca,PROSPECTIVE_FIRST_OBSERVED_ONLY,False,False,False
idkpi:72b3239feb964ba5779b429cf7de185a77b6ad1ac1481580a40de54a359305ea,600276.SH,INNOVATION_DRUG,CLINICAL_REGULATORY,CDE_CLINICAL_TRIAL_IMPLIED_LICENSE_SNAPSHOT,2026-09-30,2026-10-08,NMPA_CDE_PUBLISHED_NOTICE_ARCHIVE,NMPA_OR_CDE,official:f803274b84444ecd83f159df5c152a1d,OFFICIAL_SNAPSHOT:official:f803274b84444ecd83f159df5c152a1d,临床试验默示许可:SHR0302片:银屑病关节炎,https://www.cde.org.cn/main/xxgk/listpage/4b5255eb0a84820cef4ca3e8b6bbe20c,OFFICIAL_CDE_CATEGORY_NO_DIRECTION,"{""applicant"": ""江苏恒瑞医药股份有限公司"", ""approval_date"": null, ""availability_basis"": ""FIRST_OBSERVED_SNAPSHOT_DATE"", ""availability_rule"": ""DATE_ONLY_NEXT_TRADE_DATE"", ""category"": ""临床试验默示许可"", ""date_only_source_timestamp_delayed_to_next_real_trading_date"": true, ""direction_classified"": false, ""drug_name"": ""SHR0302片"", ""entity_mapping_basis"": ""EXACT_LISTED_ISSUER_LEGAL_NAME"", ""first_observed_snapshot_only"": true, ""forward_or_historical_outcome_read"": false, ""historical_reconstruction_allowed"": false, ""indication"": ""银屑病关节炎"", ""official_source_url"": ""https://www.cde.org.cn/main/xxgk/listpage/4b5255eb0a84820cef4ca3e8b6bbe20c"", ""predictive_weight_assigned"": false, ""publication_date"": null, ""snapshot_captured_at"": ""2026-09-30T17:29:59+08:00"", ""source_identity"": ""NMPA_CDE_PUBLISHED_NOTICE_ARCHIVE""}",72b3239feb964ba5779b429cf7de185a77b6ad1ac1481580a40de54a359305ea,PROSPECTIVE_FIRST_OBSERVED_ONLY,False,False,False
idkpi:754767bc65295304f0ab98195c5c239c449fbd26c9a445e173d47d5838e559e8,600276.SH,INNOVATION_DRUG,CLINICAL_REGULATORY,CDE_CLINICAL_TRIAL_IMPLIED_LICENSE_SNAPSHOT,2026-09-30,2026-10-08,NMPA_CDE_PUBLISHED_NOTICE_ARCHIVE,NMPA_OR_CDE,official:c8377b0834174e6c1e990983cecacaba,OFFICIAL_SNAPSHOT:official:c8377b0834174e6c1e990983cecacaba,临床试验默示许可:羟乙磺酸达尔西利片:本品联合HRS-8080片用于乳腺癌的治疗,https://www.cde.org.cn/main/xxgk/listpage/4b5255eb0a84820cef4ca3e8b6bbe20c,OFFICIAL_CDE_CATEGORY_NO_DIRECTION,"{""applicant"": ""江苏恒瑞医药股份有限公司"", ""approval_date"": null, ""availability_basis"": ""FIRST_OBSERVED_SNAPSHOT_DATE"", ""availability_rule"": ""DATE_ONLY_NEXT_TRADE_DATE"", ""category"": ""临床试验默示许可"", ""date_only_source_timestamp_delayed_to_next_real_trading_date"": true, ""direction_classified"": false, ""drug_name"": ""羟乙磺酸达尔西利片"", ""entity_mapping_basis"": ""EXACT_LISTED_ISSUER_LEGAL_NAME"", ""first_observed_snapshot_only"": true, ""forward_or_historical_outcome_read"": false, ""historical_reconstruction_allowed"": false, ""indication"": ""本品联合HRS-8080片用于乳腺癌的治疗"", ""official_source_url"": ""https://www.cde.org.cn/main/xxgk/listpage/4b5255eb0a84820cef4ca3e8b6bbe20c"", ""predictive_weight_assigned"": false, ""publication_date"": null, ""snapshot_captured_at"": ""2026-09-30T17:29:59+08:00"", ""source_identity"": ""NMPA_CDE_PUBLISHED_NOTICE_ARCHIVE""}",754767bc65295304f0ab98195c5c239c449fbd26c9a445e173d47d5838e559e8,PROSPECTIVE_FIRST_OBSERVED_ONLY,False,False,False
idkpi:77cc1500160ef49959ad03f1f980984fee27d3061622033256f5cda946fbe762,600276.SH,INNOVATION_DRUG,CLINICAL_REGULATORY,CDE_CLINICAL_TRIAL_IMPLIED_LICENSE_SNAPSHOT,2026-09-30,2026-10-08,NMPA_CDE_PUBLISHED_NOTICE_ARCHIVE,NMPA_OR_CDE,official:d445e3871491860589a26fe5038f97fa,OFFICIAL_SNAPSHOT:official:d445e3871491860589a26fe5038f97fa,临床试验默示许可:SHR0302片:银屑病关节炎,https://www.cde.org.cn/main/xxgk/listpage/4b5255eb0a84820cef4ca3e8b6bbe20c,OFFICIAL_CDE_CATEGORY_NO_DIRECTION,"{""applicant"": ""江苏恒瑞医药股份有限公司"", ""approval_date"": null, ""availability_basis"": ""FIRST_OBSERVED_SNAPSHOT_DATE"", ""availability_rule"": ""DATE_ONLY_NEXT_TRADE_DATE"", ""category"": ""临床试验默示许可"", ""date_only_source_timestamp_delayed_to_next_real_trading_date"": true, ""direction_classified"": false, ""drug_name"": ""SHR0302片"", ""entity_mapping_basis"": ""EXACT_LISTED_ISSUER_LEGAL_NAME"", ""first_observed_snapshot_only"": true, ""forward_or_historical_outcome_read"": false, ""historical_reconstruction_allowed"": false, ""indication"": ""银屑病关节炎"", ""official_source_url"": ""https://www.cde.org.cn/main/xxgk/listpage/4b5255eb0a84820cef4ca3e8b6bbe20c"", ""predictive_weight_assigned"": false, ""publication_date"": null, ""snapshot_captured_at"": ""2026-09-30T17:29:59+08:00"", ""source_identity"": ""NMPA_CDE_PUBLISHED_NOTICE_ARCHIVE""}",77cc1500160ef49959ad03f1f980984fee27d3061622033256f5cda946fbe762,PROSPECTIVE_FIRST_OBSERVED_ONLY,False,False,False
idkpi:78f65f4f2ceb6c258d6b2856fe0e7353ad27a473848d7fab4b980ae9778919dc,600276.SH,INNOVATION_DRUG,CLINICAL_REGULATORY,CDE_CLINICAL_TRIAL_IMPLIED_LICENSE_SNAPSHOT,2026-09-30,2026-10-08,NMPA_CDE_PUBLISHED_NOTICE_ARCHIVE,NMPA_OR_CDE,official:65e94059e9d1cef4218311ea9e78d7a5,OFFICIAL_SNAPSHOT:official:65e94059e9d1cef4218311ea9e78d7a5,临床试验默示许可:HRS4800片:疼痛,https://www.cde.org.cn/main/xxgk/listpage/4b5255eb0a84820cef4ca3e8b6bbe20c,OFFICIAL_CDE_CATEGORY_NO_DIRECTION,"{""applicant"": ""江苏恒瑞医药股份有限公司"", ""approval_date"": null, ""availability_basis"": ""FIRST_OBSERVED_SNAPSHOT_DATE"", ""availability_rule"": ""DATE_ONLY_NEXT_TRADE_DATE"", ""category"": ""临床试验默示许可"", ""date_only_source_timestamp_delayed_to_next_real_trading_date"": true, ""direction_classified"": false, ""drug_name"": ""HRS4800片"", ""entity_mapping_basis"": ""EXACT_LISTED_ISSUER_LEGAL_NAME"", ""first_observed_snapshot_only"": true, ""forward_or_historical_outcome_read"": false, ""historical_reconstruction_allowed"": false, ""indication"": ""疼痛"", ""official_source_url"": ""https://www.cde.org.cn/main/xxgk/listpage/4b5255eb0a84820cef4ca3e8b6bbe20c"", ""predictive_weight_assigned"": false, ""publication_date"": null, ""snapshot_captured_at"": ""2026-09-30T17:29:59+08:00"", ""source_identity"": ""NMPA_CDE_PUBLISHED_NOTICE_ARCHIVE""}",78f65f4f2ceb6c258d6b2856fe0e7353ad27a473848d7fab4b980ae9778919dc,PROSPECTIVE_FIRST_OBSERVED_ONLY,False,False,False
idkpi:7a47beda9296369ae015ece2ff45b4e1148b695e7aaf221567b72d9c2e4471f7,600276.SH,INNOVATION_DRUG,CLINICAL_REGULATORY,CDE_CLINICAL_TRIAL_IMPLIED_LICENSE_SNAPSHOT,2026-09-30,2026-10-08,NMPA_CDE_PUBLISHED_NOTICE_ARCHIVE,NMPA_OR_CDE,official:6341c64b99be9ba15247d16e0a6c6ab7,OFFICIAL_SNAPSHOT:official:6341c64b99be9ba15247d16e0a6c6ab7,临床试验默示许可:HRS-6209胶囊:本品联合HRS-2189+HRS-8080、或联合HRS-2189+HRS-1358、或联合HRS-2189+氟维司群用于恶性肿瘤的治疗。,https://www.cde.org.cn/main/xxgk/listpage/4b5255eb0a84820cef4ca3e8b6bbe20c,OFFICIAL_CDE_CATEGORY_NO_DIRECTION,"{""applicant"": ""江苏恒瑞医药股份有限公司"", ""approval_date"": null, ""availability_basis"": ""FIRST_OBSERVED_SNAPSHOT_DATE"", ""availability_rule"": ""DATE_ONLY_NEXT_TRADE_DATE"", ""category"": ""临床试验默示许可"", ""date_only_source_timestamp_delayed_to_next_real_trading_date"": true, ""direction_classified"": false, ""drug_name"": ""HRS-6209胶囊"", ""entity_mapping_basis"": ""EXACT_LISTED_ISSUER_LEGAL_NAME"", ""first_observed_snapshot_only"": true, ""forward_or_historical_outcome_read"": false, ""historical_reconstruction_allowed"": false, ""indication"": ""本品联合HRS-2189+HRS-8080、或联合HRS-2189+HRS-1358、或联合HRS-2189+氟维司群用于恶性肿瘤的治疗。"", ""official_source_url"": ""https://www.cde.org.cn/main/xxgk/listpage/4b5255eb0a84820cef4ca3e8b6bbe20c"", ""predictive_weight_assigned"": false, ""publication_date"": null, ""snapshot_captured_at"": ""2026-09-30T17:29:59+08:00"", ""source_identity"": ""NMPA_CDE_PUBLISHED_NOTICE_ARCHIVE""}",7a47beda9296369ae015ece2ff45b4e1148b695e7aaf221567b72d9c2e4471f7,PROSPECTIVE_FIRST_OBSERVED_ONLY,False,False,False
idkpi:7d11cfe52454ceafd6b903ba55561c93c1d2712933a4807fc15cb645c0e77159,600276.SH,INNOVATION_DRUG,CLINICAL_REGULATORY,CDE_CLINICAL_TRIAL_IMPLIED_LICENSE_SNAPSHOT,2026-09-30,2026-10-08,NMPA_CDE_PUBLISHED_NOTICE_ARCHIVE,NMPA_OR_CDE,official:83a4e672ddd9af63d6eae104924a1b9b,OFFICIAL_SNAPSHOT:official:83a4e672ddd9af63d6eae104924a1b9b,临床试验默示许可:SHR-3167注射液:糖尿病,https://www.cde.org.cn/main/xxgk/listpage/4b5255eb0a84820cef4ca3e8b6bbe20c,OFFICIAL_CDE_CATEGORY_NO_DIRECTION,"{""applicant"": ""江苏恒瑞医药股份有限公司"", ""approval_date"": null, ""availability_basis"": ""FIRST_OBSERVED_SNAPSHOT_DATE"", ""availability_rule"": ""DATE_ONLY_NEXT_TRADE_DATE"", ""category"": ""临床试验默示许可"", ""date_only_source_timestamp_delayed_to_next_real_trading_date"": true, ""direction_classified"": false, ""drug_name"": ""SHR-3167注射液"", ""entity_mapping_basis"": ""EXACT_LISTED_ISSUER_LEGAL_NAME"", ""first_observed_snapshot_only"": true, ""forward_or_historical_outcome_read"": false, ""historical_reconstruction_allowed"": false, ""indication"": ""糖尿病"", ""official_source_url"": ""https://www.cde.org.cn/main/xxgk/listpage/4b5255eb0a84820cef4ca3e8b6bbe20c"", ""predictive_weight_assigned"": false, ""publication_date"": null, ""snapshot_captured_at"": ""2026-09-30T17:29:59+08:00"", ""source_identity"": ""NMPA_CDE_PUBLISHED_NOTICE_ARCHIVE""}",7d11cfe52454ceafd6b903ba55561c93c1d2712933a4807fc15cb645c0e77159,PROSPECTIVE_FIRST_OBSERVED_ONLY,False,False,False
idkpi:7d5357621287d49c7e3f82a08c468df9d20fc370b43d58393542dc67859e3c4f,600276.SH,INNOVATION_DRUG,CLINICAL_REGULATORY,CDE_CLINICAL_TRIAL_IMPLIED_LICENSE_SNAPSHOT,2026-09-30,2026-10-08,NMPA_CDE_PUBLISHED_NOTICE_ARCHIVE,NMPA_OR_CDE,official:cf3b8ebffe09218126f60b7998f16df4,OFFICIAL_SNAPSHOT:official:cf3b8ebffe09218126f60b7998f16df4,临床试验默示许可:SHR0302口服溶液:拟用于移植物抗宿主病的治疗。,https://www.cde.org.cn/main/xxgk/listpage/4b5255eb0a84820cef4ca3e8b6bbe20c,OFFICIAL_CDE_CATEGORY_NO_DIRECTION,"{""applicant"": ""江苏恒瑞医药股份有限公司"", ""approval_date"": null, ""availability_basis"": ""FIRST_OBSERVED_SNAPSHOT_DATE"", ""availability_rule"": ""DATE_ONLY_NEXT_TRADE_DATE"", ""category"": ""临床试验默示许可"", ""date_only_source_timestamp_delayed_to_next_real_trading_date"": true, ""direction_classified"": false, ""drug_name"": ""SHR0302口服溶液"", ""entity_mapping_basis"": ""EXACT_LISTED_ISSUER_LEGAL_NAME"", ""first_observed_snapshot_only"": true, ""forward_or_historical_outcome_read"": false, ""historical_reconstruction_allowed"": false, ""indication"": ""拟用于移植物抗宿主病的治疗。"", ""official_source_url"": ""https://www.cde.org.cn/main/xxgk/listpage/4b5255eb0a84820cef4ca3e8b6bbe20c"", ""predictive_weight_assigned"": false, ""publication_date"": null, ""snapshot_captured_at"": ""2026-09-30T17:29:59+08:00"", ""source_identity"": ""NMPA_CDE_PUBLISHED_NOTICE_ARCHIVE""}",7d5357621287d49c7e3f82a08c468df9d20fc370b43d58393542dc67859e3c4f,PROSPECTIVE_FIRST_OBSERVED_ONLY,False,False,False
idkpi:7f9c85ce4fb3b91a4cb78581a15ea76cab23370781e7f6a3eb9cf2e11c3cbd8f,600276.SH,INNOVATION_DRUG,CLINICAL_REGULATORY,CDE_CLINICAL_TRIAL_IMPLIED_LICENSE_SNAPSHOT,2026-09-30,2026-10-08,NMPA_CDE_PUBLISHED_NOTICE_ARCHIVE,NMPA_OR_CDE,official:a524559e32a634a160c8c41c4e229840,OFFICIAL_SNAPSHOT:official:a524559e32a634a160c8c41c4e229840,临床试验默示许可:苹果酸法米替尼胶囊:本品联合SHR-A1811±阿得贝利单抗用于实体瘤的治疗。,https://www.cde.org.cn/main/xxgk/listpage/4b5255eb0a84820cef4ca3e8b6bbe20c,OFFICIAL_CDE_CATEGORY_NO_DIRECTION,"{""applicant"": ""江苏恒瑞医药股份有限公司"", ""approval_date"": null, ""availability_basis"": ""FIRST_OBSERVED_SNAPSHOT_DATE"", ""availability_rule"": ""DATE_ONLY_NEXT_TRADE_DATE"", ""category"": ""临床试验默示许可"", ""date_only_source_timestamp_delayed_to_next_real_trading_date"": true, ""direction_classified"": false, ""drug_name"": ""苹果酸法米替尼胶囊"", ""entity_mapping_basis"": ""EXACT_LISTED_ISSUER_LEGAL_NAME"", ""first_observed_snapshot_only"": true, ""forward_or_historical_outcome_read"": false, ""historical_reconstruction_allowed"": false, ""indication"": ""本品联合SHR-A1811±阿得贝利单抗用于实体瘤的治疗。"", ""official_source_url"": ""https://www.cde.org.cn/main/xxgk/listpage/4b5255eb0a84820cef4ca3e8b6bbe20c"", ""predictive_weight_assigned"": false, ""publication_date"": null, ""snapshot_captured_at"": ""2026-09-30T17:29:59+08:00"", ""source_identity"": ""NMPA_CDE_PUBLISHED_NOTICE_ARCHIVE""}",7f9c85ce4fb3b91a4cb78581a15ea76cab23370781e7f6a3eb9cf2e11c3cbd8f,PROSPECTIVE_FIRST_OBSERVED_ONLY,False,False,False
idkpi:801cc3e484deeb5ef770cd83d94b1f184ad51780ae78681b841367a9a88a4671,600276.SH,INNOVATION_DRUG,CLINICAL_REGULATORY,CDE_CLINICAL_TRIAL_IMPLIED_LICENSE_SNAPSHOT,2026-09-30,2026-10-08,NMPA_CDE_PUBLISHED_NOTICE_ARCHIVE,NMPA_OR_CDE,official:24810176471deea4efec12192baf7bd8,OFFICIAL_SNAPSHOT:official:24810176471deea4efec12192baf7bd8,临床试验默示许可:脯氨酸恒格列净片:用于治疗慢性肾脏病。,https://www.cde.org.cn/main/xxgk/listpage/4b5255eb0a84820cef4ca3e8b6bbe20c,OFFICIAL_CDE_CATEGORY_NO_DIRECTION,"{""applicant"": ""江苏恒瑞医药股份有限公司"", ""approval_date"": null, ""availability_basis"": ""FIRST_OBSERVED_SNAPSHOT_DATE"", ""availability_rule"": ""DATE_ONLY_NEXT_TRADE_DATE"", ""category"": ""临床试验默示许可"", ""date_only_source_timestamp_delayed_to_next_real_trading_date"": true, ""direction_classified"": false, ""drug_name"": ""脯氨酸恒格列净片"", ""entity_mapping_basis"": ""EXACT_LISTED_ISSUER_LEGAL_NAME"", ""first_observed_snapshot_only"": true, ""forward_or_historical_outcome_read"": false, ""historical_reconstruction_allowed"": false, ""indication"": ""用于治疗慢性肾脏病。"", ""official_source_url"": ""https://www.cde.org.cn/main/xxgk/listpage/4b5255eb0a84820cef4ca3e8b6bbe20c"", ""predictive_weight_assigned"": false, ""publication_date"": null, ""snapshot_captured_at"": ""2026-09-30T17:29:59+08:00"", ""source_identity"": ""NMPA_CDE_PUBLISHED_NOTICE_ARCHIVE""}",801cc3e484deeb5ef770cd83d94b1f184ad51780ae78681b841367a9a88a4671,PROSPECTIVE_FIRST_OBSERVED_ONLY,False,False,False
idkpi:80b27587de0a923953c2798231abc6a85b9f17b316c2e1d73bcf7861c5bc0256,600276.SH,INNOVATION_DRUG,CLINICAL_REGULATORY,CDE_CLINICAL_TRIAL_IMPLIED_LICENSE_SNAPSHOT,2026-09-30,2026-10-08,NMPA_CDE_PUBLISHED_NOTICE_ARCHIVE,NMPA_OR_CDE,official:55d1fbf44a6b6fdc7359375d5aa2636c,OFFICIAL_SNAPSHOT:official:55d1fbf44a6b6fdc7359375d5aa2636c,临床试验默示许可:羟乙磺酸达尔西利片:本品联合HRS-8080片用于乳腺癌的治疗,https://www.cde.org.cn/main/xxgk/listpage/4b5255eb0a84820cef4ca3e8b6bbe20c,OFFICIAL_CDE_CATEGORY_NO_DIRECTION,"{""applicant"": ""江苏恒瑞医药股份有限公司"", ""approval_date"": null, ""availability_basis"": ""FIRST_OBSERVED_SNAPSHOT_DATE"", ""availability_rule"": ""DATE_ONLY_NEXT_TRADE_DATE"", ""category"": ""临床试验默示许可"", ""date_only_source_timestamp_delayed_to_next_real_trading_date"": true, ""direction_classified"": false, ""drug_name"": ""羟乙磺酸达尔西利片"", ""entity_mapping_basis"": ""EXACT_LISTED_ISSUER_LEGAL_NAME"", ""first_observed_snapshot_only"": true, ""forward_or_historical_outcome_read"": false, ""historical_reconstruction_allowed"": false, ""indication"": ""本品联合HRS-8080片用于乳腺癌的治疗"", ""official_source_url"": ""https://www.cde.org.cn/main/xxgk/listpage/4b5255eb0a84820cef4ca3e8b6bbe20c"", ""predictive_weight_assigned"": false, ""publication_date"": null, ""snapshot_captured_at"": ""2026-09-30T17:29:59+08:00"", ""source_identity"": ""NMPA_CDE_PUBLISHED_NOTICE_ARCHIVE""}",80b27587de0a923953c2798231abc6a85b9f17b316c2e1d73bcf7861c5bc0256,PROSPECTIVE_FIRST_OBSERVED_ONLY,False,False,False
idkpi:80d692ed5785efb711f3a8764193d3e1959911af6bab9fa50ac3ac2ac1d4cb06,600276.SH,INNOVATION_DRUG,CLINICAL_REGULATORY,CDE_CLINICAL_TRIAL_IMPLIED_LICENSE_SNAPSHOT,2026-09-30,2026-10-08,NMPA_CDE_PUBLISHED_NOTICE_ARCHIVE,NMPA_OR_CDE,official:26fcde4c8586aa1e390b488687f6fa9c,OFFICIAL_SNAPSHOT:official:26fcde4c8586aa1e390b488687f6fa9c,临床试验默示许可:HRS-8364片:本品拟用于实体瘤的治疗。,https://www.cde.org.cn/main/xxgk/listpage/4b5255eb0a84820cef4ca3e8b6bbe20c,OFFICIAL_CDE_CATEGORY_NO_DIRECTION,"{""applicant"": ""江苏恒瑞医药股份有限公司"", ""approval_date"": null, ""availability_basis"": ""FIRST_OBSERVED_SNAPSHOT_DATE"", ""availability_rule"": ""DATE_ONLY_NEXT_TRADE_DATE"", ""category"": ""临床试验默示许可"", ""date_only_source_timestamp_delayed_to_next_real_trading_date"": true, ""direction_classified"": false, ""drug_name"": ""HRS-8364片"", ""entity_mapping_basis"": ""EXACT_LISTED_ISSUER_LEGAL_NAME"", ""first_observed_snapshot_only"": true, ""forward_or_historical_outcome_read"": false, ""historical_reconstruction_allowed"": false, ""indication"": ""本品拟用于实体瘤的治疗。"", ""official_source_url"": ""https://www.cde.org.cn/main/xxgk/listpage/4b5255eb0a84820cef4ca3e8b6bbe20c"", ""predictive_weight_assigned"": false, ""publication_date"": null, ""snapshot_captured_at"": ""2026-09-30T17:29:59+08:00"", ""source_identity"": ""NMPA_CDE_PUBLISHED_NOTICE_ARCHIVE""}",80d692ed5785efb711f3a8764193d3e1959911af6bab9fa50ac3ac2ac1d4cb06,PROSPECTIVE_FIRST_OBSERVED_ONLY,False,False,False
idkpi:84c38be9d111b0d060aea733acbd0464488ed595a2be573d73f967ea57a7582c,600276.SH,INNOVATION_DRUG,CLINICAL_REGULATORY,CDE_CLINICAL_TRIAL_IMPLIED_LICENSE_SNAPSHOT,2026-09-30,2026-10-08,NMPA_CDE_PUBLISHED_NOTICE_ARCHIVE,NMPA_OR_CDE,official:8f7c0ed4ac29aac3c962ba302642762c,OFFICIAL_SNAPSHOT:official:8f7c0ed4ac29aac3c962ba302642762c,临床试验默示许可:SHR7280片:SHR7280片反向添加替勃龙片用于伴有月经过多的子宫肌瘤。,https://www.cde.org.cn/main/xxgk/listpage/4b5255eb0a84820cef4ca3e8b6bbe20c,OFFICIAL_CDE_CATEGORY_NO_DIRECTION,"{""applicant"": ""江苏恒瑞医药股份有限公司"", ""approval_date"": null, ""availability_basis"": ""FIRST_OBSERVED_SNAPSHOT_DATE"", ""availability_rule"": ""DATE_ONLY_NEXT_TRADE_DATE"", ""category"": ""临床试验默示许可"", ""date_only_source_timestamp_delayed_to_next_real_trading_date"": true, ""direction_classified"": false, ""drug_name"": ""SHR7280片"", ""entity_mapping_basis"": ""EXACT_LISTED_ISSUER_LEGAL_NAME"", ""first_observed_snapshot_only"": true, ""forward_or_historical_outcome_read"": false, ""historical_reconstruction_allowed"": false, ""indication"": ""SHR7280片反向添加替勃龙片用于伴有月经过多的子宫肌瘤。"", ""official_source_url"": ""https://www.cde.org.cn/main/xxgk/listpage/4b5255eb0a84820cef4ca3e8b6bbe20c"", ""predictive_weight_assigned"": false, ""publication_date"": null, ""snapshot_captured_at"": ""2026-09-30T17:29:59+08:00"", ""source_identity"": ""NMPA_CDE_PUBLISHED_NOTICE_ARCHIVE""}",84c38be9d111b0d060aea733acbd0464488ed595a2be573d73f967ea57a7582c,PROSPECTIVE_FIRST_OBSERVED_ONLY,False,False,False
idkpi:852be3498c93e98d03ba69ea65af648feaaf22da30ea231104c3eebedfc6602d,600276.SH,INNOVATION_DRUG,CLINICAL_REGULATORY,CDE_CLINICAL_TRIAL_IMPLIED_LICENSE_SNAPSHOT,2026-09-30,2026-10-08,NMPA_CDE_PUBLISHED_NOTICE_ARCHIVE,NMPA_OR_CDE,official:7a117e3dcf1de907ec79554643187f40,OFFICIAL_SNAPSHOT:official:7a117e3dcf1de907ec79554643187f40,临床试验默示许可:HRS-6209胶囊:本品联合HRS-9813和芳香化酶抑制剂或联合HRS-9813和HRS-8080用于乳腺癌的治疗。,https://www.cde.org.cn/main/xxgk/listpage/4b5255eb0a84820cef4ca3e8b6bbe20c,OFFICIAL_CDE_CATEGORY_NO_DIRECTION,"{""applicant"": ""江苏恒瑞医药股份有限公司"", ""approval_date"": null, ""availability_basis"": ""FIRST_OBSERVED_SNAPSHOT_DATE"", ""availability_rule"": ""DATE_ONLY_NEXT_TRADE_DATE"", ""category"": ""临床试验默示许可"", ""date_only_source_timestamp_delayed_to_next_real_trading_date"": true, ""direction_classified"": false, ""drug_name"": ""HRS-6209胶囊"", ""entity_mapping_basis"": ""EXACT_LISTED_ISSUER_LEGAL_NAME"", ""first_observed_snapshot_only"": true, ""forward_or_historical_outcome_read"": false, ""historical_reconstruction_allowed"": false, ""indication"": ""本品联合HRS-9813和芳香化酶抑制剂或联合HRS-9813和HRS-8080用于乳腺癌的治疗。"", ""official_source_url"": ""https://www.cde.org.cn/main/xxgk/listpage/4b5255eb0a84820cef4ca3e8b6bbe20c"", ""predictive_weight_assigned"": false, ""publication_date"": null, ""snapshot_captured_at"": ""2026-09-30T17:29:59+08:00"", ""source_identity"": ""NMPA_CDE_PUBLISHED_NOTICE_ARCHIVE""}",852be3498c93e98d03ba69ea65af648feaaf22da30ea231104c3eebedfc6602d,PROSPECTIVE_FIRST_OBSERVED_ONLY,False,False,False
idkpi:85da0631db9e294228d4e6b410b37a1f711bf4e7f78ab4b2519d65f25a018840,600276.SH,INNOVATION_DRUG,CLINICAL_REGULATORY,CDE_CLINICAL_TRIAL_IMPLIED_LICENSE_SNAPSHOT,2026-09-30,2026-10-08,NMPA_CDE_PUBLISHED_NOTICE_ARCHIVE,NMPA_OR_CDE,official:2c8aa734e7fa39b201b16169cc59b3c6,OFFICIAL_SNAPSHOT:official:2c8aa734e7fa39b201b16169cc59b3c6,临床试验默示许可:HRS-6209胶囊:本品联合HRS-2189和芳香化酶抑制剂用于乳腺癌的治疗。,https://www.cde.org.cn/main/xxgk/listpage/4b5255eb0a84820cef4ca3e8b6bbe20c,OFFICIAL_CDE_CATEGORY_NO_DIRECTION,"{""applicant"": ""江苏恒瑞医药股份有限公司"", ""approval_date"": null, ""availability_basis"": ""FIRST_OBSERVED_SNAPSHOT_DATE"", ""availability_rule"": ""DATE_ONLY_NEXT_TRADE_DATE"", ""category"": ""临床试验默示许可"", ""date_only_source_timestamp_delayed_to_next_real_trading_date"": true, ""direction_classified"": false, ""drug_name"": ""HRS-6209胶囊"", ""entity_mapping_basis"": ""EXACT_LISTED_ISSUER_LEGAL_NAME"", ""first_observed_snapshot_only"": true, ""forward_or_historical_outcome_read"": false, ""historical_reconstruction_allowed"": false, ""indication"": ""本品联合HRS-2189和芳香化酶抑制剂用于乳腺癌的治疗。"", ""official_source_url"": ""https://www.cde.org.cn/main/xxgk/listpage/4b5255eb0a84820cef4ca3e8b6bbe20c"", ""predictive_weight_assigned"": false, ""publication_date"": null, ""snapshot_captured_at"": ""2026-09-30T17:29:59+08:00"", ""source_identity"": ""NMPA_CDE_PUBLISHED_NOTICE_ARCHIVE""}",85da0631db9e294228d4e6b410b37a1f711bf4e7f78ab4b2519d65f25a018840,PROSPECTIVE_FIRST_OBSERVED_ONLY,False,False,False
idkpi:891f8e6758cd573232af2fcce7789a8077992b9b774bc103278e6e73e9962bdb,600276.SH,INNOVATION_DRUG,CLINICAL_REGULATORY,CDE_CLINICAL_TRIAL_IMPLIED_LICENSE_SNAPSHOT,2026-09-30,2026-10-08,NMPA_CDE_PUBLISHED_NOTICE_ARCHIVE,NMPA_OR_CDE,official:57587b8c57a003b068ebb96dbdb99cbb,OFFICIAL_SNAPSHOT:official:57587b8c57a003b068ebb96dbdb99cbb,临床试验默示许可:HR20014注射液:用于治疗成人糖尿病,https://www.cde.org.cn/main/xxgk/listpage/4b5255eb0a84820cef4ca3e8b6bbe20c,OFFICIAL_CDE_CATEGORY_NO_DIRECTION,"{""applicant"": ""江苏恒瑞医药股份有限公司"", ""approval_date"": null, ""availability_basis"": ""FIRST_OBSERVED_SNAPSHOT_DATE"", ""availability_rule"": ""DATE_ONLY_NEXT_TRADE_DATE"", ""category"": ""临床试验默示许可"", ""date_only_source_timestamp_delayed_to_next_real_trading_date"": true, ""direction_classified"": false, ""drug_name"": ""HR20014注射液"", ""entity_mapping_basis"": ""EXACT_LISTED_ISSUER_LEGAL_NAME"", ""first_observed_snapshot_only"": true, ""forward_or_historical_outcome_read"": false, ""historical_reconstruction_allowed"": false, ""indication"": ""用于治疗成人糖尿病"", ""official_source_url"": ""https://www.cde.org.cn/main/xxgk/listpage/4b5255eb0a84820cef4ca3e8b6bbe20c"", ""predictive_weight_assigned"": false, ""publication_date"": null, ""snapshot_captured_at"": ""2026-09-30T17:29:59+08:00"", ""source_identity"": ""NMPA_CDE_PUBLISHED_NOTICE_ARCHIVE""}",891f8e6758cd573232af2fcce7789a8077992b9b774bc103278e6e73e9962bdb,PROSPECTIVE_FIRST_OBSERVED_ONLY,False,False,False
idkpi:8a7e39ed6f26036c8f7d1da0b4079b398d31411ac55a9a84087aad7fe534e7f0,600276.SH,INNOVATION_DRUG,CLINICAL_REGULATORY,CDE_CLINICAL_TRIAL_IMPLIED_LICENSE_SNAPSHOT,2026-09-30,2026-10-08,NMPA_CDE_PUBLISHED_NOTICE_ARCHIVE,NMPA_OR_CDE,official:f1d068f84267ae065c428f7fa4e25aa8,OFFICIAL_SNAPSHOT:official:f1d068f84267ae065c428f7fa4e25aa8,临床试验默示许可:羟乙磺酸达尔西利片:本品联合HRS8807片用于乳腺癌的治疗。,https://www.cde.org.cn/main/xxgk/listpage/4b5255eb0a84820cef4ca3e8b6bbe20c,OFFICIAL_CDE_CATEGORY_NO_DIRECTION,"{""applicant"": ""江苏恒瑞医药股份有限公司"", ""approval_date"": null, ""availability_basis"": ""FIRST_OBSERVED_SNAPSHOT_DATE"", ""availability_rule"": ""DATE_ONLY_NEXT_TRADE_DATE"", ""category"": ""临床试验默示许可"", ""date_only_source_timestamp_delayed_to_next_real_trading_date"": true, ""direction_classified"": false, ""drug_name"": ""羟乙磺酸达尔西利片"", ""entity_mapping_basis"": ""EXACT_LISTED_ISSUER_LEGAL_NAME"", ""first_observed_snapshot_only"": true, ""forward_or_historical_outcome_read"": false, ""historical_reconstruction_allowed"": false, ""indication"": ""本品联合HRS8807片用于乳腺癌的治疗。"", ""official_source_url"": ""https://www.cde.org.cn/main/xxgk/listpage/4b5255eb0a84820cef4ca3e8b6bbe20c"", ""predictive_weight_assigned"": false, ""publication_date"": null, ""snapshot_captured_at"": ""2026-09-30T17:29:59+08:00"", ""source_identity"": ""NMPA_CDE_PUBLISHED_NOTICE_ARCHIVE""}",8a7e39ed6f26036c8f7d1da0b4079b398d31411ac55a9a84087aad7fe534e7f0,PROSPECTIVE_FIRST_OBSERVED_ONLY,False,False,False
idkpi:8b9bc6d1c509d4f12bce76e1cca48e87b1616f6cb789d023e3be1a30e9afab77,600276.SH,INNOVATION_DRUG,CLINICAL_REGULATORY,CDE_CLINICAL_TRIAL_IMPLIED_LICENSE_SNAPSHOT,2026-09-30,2026-10-08,NMPA_CDE_PUBLISHED_NOTICE_ARCHIVE,NMPA_OR_CDE,official:f4144f14aef0989a25de8dc749820b4a,OFFICIAL_SNAPSHOT:official:f4144f14aef0989a25de8dc749820b4a,临床试验默示许可:HRS-1167片:本品联合注射用SHR-A1921或联合贝伐珠单抗或联合醋酸阿比特龙片（I）及泼尼松/泼尼松龙（AA-P）治疗晚期实体瘤患者,https://www.cde.org.cn/main/xxgk/listpage/4b5255eb0a84820cef4ca3e8b6bbe20c,OFFICIAL_CDE_CATEGORY_NO_DIRECTION,"{""applicant"": ""江苏恒瑞医药股份有限公司"", ""approval_date"": null, ""availability_basis"": ""FIRST_OBSERVED_SNAPSHOT_DATE"", ""availability_rule"": ""DATE_ONLY_NEXT_TRADE_DATE"", ""category"": ""临床试验默示许可"", ""date_only_source_timestamp_delayed_to_next_real_trading_date"": true, ""direction_classified"": false, ""drug_name"": ""HRS-1167片"", ""entity_mapping_basis"": ""EXACT_LISTED_ISSUER_LEGAL_NAME"", ""first_observed_snapshot_only"": true, ""forward_or_historical_outcome_read"": false, ""historical_reconstruction_allowed"": false, ""indication"": ""本品联合注射用SHR-A1921或联合贝伐珠单抗或联合醋酸阿比特龙片（I）及泼尼松/泼尼松龙（AA-P）治疗晚期实体瘤患者"", ""official_source_url"": ""https://www.cde.org.cn/main/xxgk/listpage/4b5255eb0a84820cef4ca3e8b6bbe20c"", ""predictive_weight_assigned"": false, ""publication_date"": null, ""snapshot_captured_at"": ""2026-09-30T17:29:59+08:00"", ""source_identity"": ""NMPA_CDE_PUBLISHED_NOTICE_ARCHIVE""}",8b9bc6d1c509d4f12bce76e1cca48e87b1616f6cb789d023e3be1a30e9afab77,PROSPECTIVE_FIRST_OBSERVED_ONLY,False,False,False
idkpi:8bd7ee546e85ba9b20f5b3a621c43cbe5c5fea567750ff92e1073d8bab705afc,600276.SH,INNOVATION_DRUG,CLINICAL_REGULATORY,CDE_CLINICAL_TRIAL_IMPLIED_LICENSE_SNAPSHOT,2026-09-30,2026-10-08,NMPA_CDE_PUBLISHED_NOTICE_ARCHIVE,NMPA_OR_CDE,official:ee6cb587fb45298390cb303b736c479d,OFFICIAL_SNAPSHOT:official:ee6cb587fb45298390cb303b736c479d,"临床试验默示许可:羟乙磺酸达尔西利片:1.  本品联合内分泌治疗用于HR阳性，HER2阴性的早期或局部晚期乳腺癌的辅助治疗。
2. 本品联合HRS-8080片用于乳腺癌的治疗。
3. 本品联合HRS8807片用于乳腺癌的治疗。
4.本品联合HRS1358片用于乳腺癌的治疗。",https://www.cde.org.cn/main/xxgk/listpage/4b5255eb0a84820cef4ca3e8b6bbe20c,OFFICIAL_CDE_CATEGORY_NO_DIRECTION,"{""applicant"": ""江苏恒瑞医药股份有限公司"", ""approval_date"": null, ""availability_basis"": ""FIRST_OBSERVED_SNAPSHOT_DATE"", ""availability_rule"": ""DATE_ONLY_NEXT_TRADE_DATE"", ""category"": ""临床试验默示许可"", ""date_only_source_timestamp_delayed_to_next_real_trading_date"": true, ""direction_classified"": false, ""drug_name"": ""羟乙磺酸达尔西利片"", ""entity_mapping_basis"": ""EXACT_LISTED_ISSUER_LEGAL_NAME"", ""first_observed_snapshot_only"": true, ""forward_or_historical_outcome_read"": false, ""historical_reconstruction_allowed"": false, ""indication"": ""1.  本品联合内分泌治疗用于HR阳性，HER2阴性的早期或局部晚期乳腺癌的辅助治疗。\r\n2. 本品联合HRS-8080片用于乳腺癌的治疗。\r\n3. 本品联合HRS8807片用于乳腺癌的治疗。\r\n4.本品联合HRS1358片用于乳腺癌的治疗。"", ""official_source_url"": ""https://www.cde.org.cn/main/xxgk/listpage/4b5255eb0a84820cef4ca3e8b6bbe20c"", ""predictive_weight_assigned"": false, ""publication_date"": null, ""snapshot_captured_at"": ""2026-09-30T17:29:59+08:00"", ""source_identity"": ""NMPA_CDE_PUBLISHED_NOTICE_ARCHIVE""}",8bd7ee546e85ba9b20f5b3a621c43cbe5c5fea567750ff92e1073d8bab705afc,PROSPECTIVE_FIRST_OBSERVED_ONLY,False,False,False
idkpi:8f925ba3683d20446348f236cae1e28c05b611cb5c814dc7be55e51fb2f8c639,600276.SH,INNOVATION_DRUG,CLINICAL_REGULATORY,CDE_CLINICAL_TRIAL_IMPLIED_LICENSE_SNAPSHOT,2026-09-30,2026-10-08,NMPA_CDE_PUBLISHED_NOTICE_ARCHIVE,NMPA_OR_CDE,official:6bce06bc0f6a6c3ea485deb978a7cb92,OFFICIAL_SNAPSHOT:official:6bce06bc0f6a6c3ea485deb978a7cb92,临床试验默示许可:羟乙磺酸达尔西利片:本品联合醋酸阿比特龙片（I）和泼尼松片（AA-P）用于治疗高瘤负荷的转移性激素敏感性前列腺癌。,https://www.cde.org.cn/main/xxgk/listpage/4b5255eb0a84820cef4ca3e8b6bbe20c,OFFICIAL_CDE_CATEGORY_NO_DIRECTION,"{""applicant"": ""江苏恒瑞医药股份有限公司"", ""approval_date"": null, ""availability_basis"": ""FIRST_OBSERVED_SNAPSHOT_DATE"", ""availability_rule"": ""DATE_ONLY_NEXT_TRADE_DATE"", ""category"": ""临床试验默示许可"", ""date_only_source_timestamp_delayed_to_next_real_trading_date"": true, ""direction_classified"": false, ""drug_name"": ""羟乙磺酸达尔西利片"", ""entity_mapping_basis"": ""EXACT_LISTED_ISSUER_LEGAL_NAME"", ""first_observed_snapshot_only"": true, ""forward_or_historical_outcome_read"": false, ""historical_reconstruction_allowed"": false, ""indication"": ""本品联合醋酸阿比特龙片（I）和泼尼松片（AA-P）用于治疗高瘤负荷的转移性激素敏感性前列腺癌。"", ""official_source_url"": ""https://www.cde.org.cn/main/xxgk/listpage/4b5255eb0a84820cef4ca3e8b6bbe20c"", ""predictive_weight_assigned"": false, ""publication_date"": null, ""snapshot_captured_at"": ""2026-09-30T17:29:59+08:00"", ""source_identity"": ""NMPA_CDE_PUBLISHED_NOTICE_ARCHIVE""}",8f925ba3683d20446348f236cae1e28c05b611cb5c814dc7be55e51fb2f8c639,PROSPECTIVE_FIRST_OBSERVED_ONLY,False,False,False
idkpi:8face0d2da4f8a30c733e6d48712ee3ec75513d30373c1a1a155da98ae79a005,600276.SH,INNOVATION_DRUG,CLINICAL_REGULATORY,CDE_CLINICAL_TRIAL_IMPLIED_LICENSE_SNAPSHOT,2026-09-30,2026-10-08,NMPA_CDE_PUBLISHED_NOTICE_ARCHIVE,NMPA_OR_CDE,official:5b1aab44a297f92e2771cacf53ebd28a,OFFICIAL_SNAPSHOT:official:5b1aab44a297f92e2771cacf53ebd28a,临床试验默示许可:HRS-7525片:本品拟用于治疗实体瘤患者。,https://www.cde.org.cn/main/xxgk/listpage/4b5255eb0a84820cef4ca3e8b6bbe20c,OFFICIAL_CDE_CATEGORY_NO_DIRECTION,"{""applicant"": ""江苏恒瑞医药股份有限公司"", ""approval_date"": null, ""availability_basis"": ""FIRST_OBSERVED_SNAPSHOT_DATE"", ""availability_rule"": ""DATE_ONLY_NEXT_TRADE_DATE"", ""category"": ""临床试验默示许可"", ""date_only_source_timestamp_delayed_to_next_real_trading_date"": true, ""direction_classified"": false, ""drug_name"": ""HRS-7525片"", ""entity_mapping_basis"": ""EXACT_LISTED_ISSUER_LEGAL_NAME"", ""first_observed_snapshot_only"": true, ""forward_or_historical_outcome_read"": false, ""historical_reconstruction_allowed"": false, ""indication"": ""本品拟用于治疗实体瘤患者。"", ""official_source_url"": ""https://www.cde.org.cn/main/xxgk/listpage/4b5255eb0a84820cef4ca3e8b6bbe20c"", ""predictive_weight_assigned"": false, ""publication_date"": null, ""snapshot_captured_at"": ""2026-09-30T17:29:59+08:00"", ""source_identity"": ""NMPA_CDE_PUBLISHED_NOTICE_ARCHIVE""}",8face0d2da4f8a30c733e6d48712ee3ec75513d30373c1a1a155da98ae79a005,PROSPECTIVE_FIRST_OBSERVED_ONLY,False,False,False
idkpi:8fadc6e7c58fd03ed2284707c8ce59a416cc96f52cec7aed0e03c8fee4e81207,600276.SH,INNOVATION_DRUG,CLINICAL_REGULATORY,CDE_CLINICAL_TRIAL_IMPLIED_LICENSE_SNAPSHOT,2026-09-30,2026-10-08,NMPA_CDE_PUBLISHED_NOTICE_ARCHIVE,NMPA_OR_CDE,official:19022efc955e3d257b582d61d246e79c,OFFICIAL_SNAPSHOT:official:19022efc955e3d257b582d61d246e79c,临床试验默示许可:HRS7415片:本品联合HRS-8080用于乳腺癌的治疗。,https://www.cde.org.cn/main/xxgk/listpage/4b5255eb0a84820cef4ca3e8b6bbe20c,OFFICIAL_CDE_CATEGORY_NO_DIRECTION,"{""applicant"": ""江苏恒瑞医药股份有限公司"", ""approval_date"": null, ""availability_basis"": ""FIRST_OBSERVED_SNAPSHOT_DATE"", ""availability_rule"": ""DATE_ONLY_NEXT_TRADE_DATE"", ""category"": ""临床试验默示许可"", ""date_only_source_timestamp_delayed_to_next_real_trading_date"": true, ""direction_classified"": false, ""drug_name"": ""HRS7415片"", ""entity_mapping_basis"": ""EXACT_LISTED_ISSUER_LEGAL_NAME"", ""first_observed_snapshot_only"": true, ""forward_or_historical_outcome_read"": false, ""historical_reconstruction_allowed"": false, ""indication"": ""本品联合HRS-8080用于乳腺癌的治疗。"", ""official_source_url"": ""https://www.cde.org.cn/main/xxgk/listpage/4b5255eb0a84820cef4ca3e8b6bbe20c"", ""predictive_weight_assigned"": false, ""publication_date"": null, ""snapshot_captured_at"": ""2026-09-30T17:29:59+08:00"", ""source_identity"": ""NMPA_CDE_PUBLISHED_NOTICE_ARCHIVE""}",8fadc6e7c58fd03ed2284707c8ce59a416cc96f52cec7aed0e03c8fee4e81207,PROSPECTIVE_FIRST_OBSERVED_ONLY,False,False,False
idkpi:91bd973b90cbd8d6f356e1c96c8ee0d1841aaa45dc0caa9d5ae776260dd0a140,600276.SH,INNOVATION_DRUG,CLINICAL_REGULATORY,CDE_CLINICAL_TRIAL_IMPLIED_LICENSE_SNAPSHOT,2026-09-30,2026-10-08,NMPA_CDE_PUBLISHED_NOTICE_ARCHIVE,NMPA_OR_CDE,official:d05195da1cb1230acd85b9d0b373e7e7,OFFICIAL_SNAPSHOT:official:d05195da1cb1230acd85b9d0b373e7e7,临床试验默示许可:HRS-6209胶囊:本品联合HRS-2189+HRS-8080、或联合HRS-2189+HRS-1358、或联合HRS-2189+氟维司群用于恶性肿瘤的治疗。,https://www.cde.org.cn/main/xxgk/listpage/4b5255eb0a84820cef4ca3e8b6bbe20c,OFFICIAL_CDE_CATEGORY_NO_DIRECTION,"{""applicant"": ""江苏恒瑞医药股份有限公司"", ""approval_date"": null, ""availability_basis"": ""FIRST_OBSERVED_SNAPSHOT_DATE"", ""availability_rule"": ""DATE_ONLY_NEXT_TRADE_DATE"", ""category"": ""临床试验默示许可"", ""date_only_source_timestamp_delayed_to_next_real_trading_date"": true, ""direction_classified"": false, ""drug_name"": ""HRS-6209胶囊"", ""entity_mapping_basis"": ""EXACT_LISTED_ISSUER_LEGAL_NAME"", ""first_observed_snapshot_only"": true, ""forward_or_historical_outcome_read"": false, ""historical_reconstruction_allowed"": false, ""indication"": ""本品联合HRS-2189+HRS-8080、或联合HRS-2189+HRS-1358、或联合HRS-2189+氟维司群用于恶性肿瘤的治疗。"", ""official_source_url"": ""https://www.cde.org.cn/main/xxgk/listpage/4b5255eb0a84820cef4ca3e8b6bbe20c"", ""predictive_weight_assigned"": false, ""publication_date"": null, ""snapshot_captured_at"": ""2026-09-30T17:29:59+08:00"", ""source_identity"": ""NMPA_CDE_PUBLISHED_NOTICE_ARCHIVE""}",91bd973b90cbd8d6f356e1c96c8ee0d1841aaa45dc0caa9d5ae776260dd0a140,PROSPECTIVE_FIRST_OBSERVED_ONLY,False,False,False
idkpi:91d2708260e695a9cbb27036457a8ef9e6ac4586a080639d84c072852a5cfb84,600276.SH,INNOVATION_DRUG,CLINICAL_REGULATORY,CDE_CLINICAL_TRIAL_IMPLIED_LICENSE_SNAPSHOT,2026-09-30,2026-10-08,NMPA_CDE_PUBLISHED_NOTICE_ARCHIVE,NMPA_OR_CDE,official:960b83fafe663fc52a4128348bcf3af2,OFFICIAL_SNAPSHOT:official:960b83fafe663fc52a4128348bcf3af2,临床试验默示许可:SHR0302口服溶液:拟用于移植物抗宿主病的治疗。,https://www.cde.org.cn/main/xxgk/listpage/4b5255eb0a84820cef4ca3e8b6bbe20c,OFFICIAL_CDE_CATEGORY_NO_DIRECTION,"{""applicant"": ""江苏恒瑞医药股份有限公司"", ""approval_date"": null, ""availability_basis"": ""FIRST_OBSERVED_SNAPSHOT_DATE"", ""availability_rule"": ""DATE_ONLY_NEXT_TRADE_DATE"", ""category"": ""临床试验默示许可"", ""date_only_source_timestamp_delayed_to_next_real_trading_date"": true, ""direction_classified"": false, ""drug_name"": ""SHR0302口服溶液"", ""entity_mapping_basis"": ""EXACT_LISTED_ISSUER_LEGAL_NAME"", ""first_observed_snapshot_only"": true, ""forward_or_historical_outcome_read"": false, ""historical_reconstruction_allowed"": false, ""indication"": ""拟用于移植物抗宿主病的治疗。"", ""official_source_url"": ""https://www.cde.org.cn/main/xxgk/listpage/4b5255eb0a84820cef4ca3e8b6bbe20c"", ""predictive_weight_assigned"": false, ""publication_date"": null, ""snapshot_captured_at"": ""2026-09-30T17:29:59+08:00"", ""source_identity"": ""NMPA_CDE_PUBLISHED_NOTICE_ARCHIVE""}",91d2708260e695a9cbb27036457a8ef9e6ac4586a080639d84c072852a5cfb84,PROSPECTIVE_FIRST_OBSERVED_ONLY,False,False,False
idkpi:922cc2bff7e77935707188e6a95333fb678edcc31e51f4fb0e2c2f34fd7b6a33,600276.SH,INNOVATION_DRUG,CLINICAL_REGULATORY,CDE_CLINICAL_TRIAL_IMPLIED_LICENSE_SNAPSHOT,2026-09-30,2026-10-08,NMPA_CDE_PUBLISHED_NOTICE_ARCHIVE,NMPA_OR_CDE,official:e22be88e668d4faa457e61a1cf92cc97,OFFICIAL_SNAPSHOT:official:e22be88e668d4faa457e61a1cf92cc97,临床试验默示许可:HR091506片:适用于痛风患者高尿酸血症的长期治疗。不推荐用于无临床症状的高尿酸血症。,https://www.cde.org.cn/main/xxgk/listpage/4b5255eb0a84820cef4ca3e8b6bbe20c,OFFICIAL_CDE_CATEGORY_NO_DIRECTION,"{""applicant"": ""江苏恒瑞医药股份有限公司"", ""approval_date"": null, ""availability_basis"": ""FIRST_OBSERVED_SNAPSHOT_DATE"", ""availability_rule"": ""DATE_ONLY_NEXT_TRADE_DATE"", ""category"": ""临床试验默示许可"", ""date_only_source_timestamp_delayed_to_next_real_trading_date"": true, ""direction_classified"": false, ""drug_name"": ""HR091506片"", ""entity_mapping_basis"": ""EXACT_LISTED_ISSUER_LEGAL_NAME"", ""first_observed_snapshot_only"": true, ""forward_or_historical_outcome_read"": false, ""historical_reconstruction_allowed"": false, ""indication"": ""适用于痛风患者高尿酸血症的长期治疗。不推荐用于无临床症状的高尿酸血症。"", ""official_source_url"": ""https://www.cde.org.cn/main/xxgk/listpage/4b5255eb0a84820cef4ca3e8b6bbe20c"", ""predictive_weight_assigned"": false, ""publication_date"": null, ""snapshot_captured_at"": ""2026-09-30T17:29:59+08:00"", ""source_identity"": ""NMPA_CDE_PUBLISHED_NOTICE_ARCHIVE""}",922cc2bff7e77935707188e6a95333fb678edcc31e51f4fb0e2c2f34fd7b6a33,PROSPECTIVE_FIRST_OBSERVED_ONLY,False,False,False
idkpi:9386c8b6e8e83554f52f1bd7eab0760ec40f5dc064e92d184b7f4a5adb239521,600276.SH,INNOVATION_DRUG,CLINICAL_REGULATORY,CDE_CLINICAL_TRIAL_IMPLIED_LICENSE_SNAPSHOT,2026-09-30,2026-10-08,NMPA_CDE_PUBLISHED_NOTICE_ARCHIVE,NMPA_OR_CDE,official:21d752270a8a2589e23fc2db860e8ec7,OFFICIAL_SNAPSHOT:official:21d752270a8a2589e23fc2db860e8ec7,临床试验默示许可:HRS-2430注射液:全身麻醉的诱导和维持,https://www.cde.org.cn/main/xxgk/listpage/4b5255eb0a84820cef4ca3e8b6bbe20c,OFFICIAL_CDE_CATEGORY_NO_DIRECTION,"{""applicant"": ""江苏恒瑞医药股份有限公司"", ""approval_date"": null, ""availability_basis"": ""FIRST_OBSERVED_SNAPSHOT_DATE"", ""availability_rule"": ""DATE_ONLY_NEXT_TRADE_DATE"", ""category"": ""临床试验默示许可"", ""date_only_source_timestamp_delayed_to_next_real_trading_date"": true, ""direction_classified"": false, ""drug_name"": ""HRS-2430注射液"", ""entity_mapping_basis"": ""EXACT_LISTED_ISSUER_LEGAL_NAME"", ""first_observed_snapshot_only"": true, ""forward_or_historical_outcome_read"": false, ""historical_reconstruction_allowed"": false, ""indication"": ""全身麻醉的诱导和维持"", ""official_source_url"": ""https://www.cde.org.cn/main/xxgk/listpage/4b5255eb0a84820cef4ca3e8b6bbe20c"", ""predictive_weight_assigned"": false, ""publication_date"": null, ""snapshot_captured_at"": ""2026-09-30T17:29:59+08:00"", ""source_identity"": ""NMPA_CDE_PUBLISHED_NOTICE_ARCHIVE""}",9386c8b6e8e83554f52f1bd7eab0760ec40f5dc064e92d184b7f4a5adb239521,PROSPECTIVE_FIRST_OBSERVED_ONLY,False,False,False
idkpi:960c2920565b3ff5fe7140af51f37f0458a5e302adcf3081e227a12971837b41,600276.SH,INNOVATION_DRUG,CLINICAL_REGULATORY,CDE_CLINICAL_TRIAL_IMPLIED_LICENSE_SNAPSHOT,2026-09-30,2026-10-08,NMPA_CDE_PUBLISHED_NOTICE_ARCHIVE,NMPA_OR_CDE,official:9cfa22691c1987ff753c0d198d1a6bbd,OFFICIAL_SNAPSHOT:official:9cfa22691c1987ff753c0d198d1a6bbd,临床试验默示许可:SHR0302缓释片:系统性红斑狼疮,https://www.cde.org.cn/main/xxgk/listpage/4b5255eb0a84820cef4ca3e8b6bbe20c,OFFICIAL_CDE_CATEGORY_NO_DIRECTION,"{""applicant"": ""江苏恒瑞医药股份有限公司"", ""approval_date"": null, ""availability_basis"": ""FIRST_OBSERVED_SNAPSHOT_DATE"", ""availability_rule"": ""DATE_ONLY_NEXT_TRADE_DATE"", ""category"": ""临床试验默示许可"", ""date_only_source_timestamp_delayed_to_next_real_trading_date"": true, ""direction_classified"": false, ""drug_name"": ""SHR0302缓释片"", ""entity_mapping_basis"": ""EXACT_LISTED_ISSUER_LEGAL_NAME"", ""first_observed_snapshot_only"": true, ""forward_or_historical_outcome_read"": false, ""historical_reconstruction_allowed"": false, ""indication"": ""系统性红斑狼疮"", ""official_source_url"": ""https://www.cde.org.cn/main/xxgk/listpage/4b5255eb0a84820cef4ca3e8b6bbe20c"", ""predictive_weight_assigned"": false, ""publication_date"": null, ""snapshot_captured_at"": ""2026-09-30T17:29:59+08:00"", ""source_identity"": ""NMPA_CDE_PUBLISHED_NOTICE_ARCHIVE""}",960c2920565b3ff5fe7140af51f37f0458a5e302adcf3081e227a12971837b41,PROSPECTIVE_FIRST_OBSERVED_ONLY,False,False,False
idkpi:961c908cd38b981d7329eca698f5e09464c557cd2376bf4b2d6bba6fa9adb59b,600276.SH,INNOVATION_DRUG,CLINICAL_REGULATORY,CDE_CLINICAL_TRIAL_IMPLIED_LICENSE_SNAPSHOT,2026-09-30,2026-10-08,NMPA_CDE_PUBLISHED_NOTICE_ARCHIVE,NMPA_OR_CDE,official:a172774e3204e3a87fefd76bc0555bee,OFFICIAL_SNAPSHOT:official:a172774e3204e3a87fefd76bc0555bee,临床试验默示许可:HRS5091片:慢性乙型肝炎,https://www.cde.org.cn/main/xxgk/listpage/4b5255eb0a84820cef4ca3e8b6bbe20c,OFFICIAL_CDE_CATEGORY_NO_DIRECTION,"{""applicant"": ""江苏恒瑞医药股份有限公司"", ""approval_date"": null, ""availability_basis"": ""FIRST_OBSERVED_SNAPSHOT_DATE"", ""availability_rule"": ""DATE_ONLY_NEXT_TRADE_DATE"", ""category"": ""临床试验默示许可"", ""date_only_source_timestamp_delayed_to_next_real_trading_date"": true, ""direction_classified"": false, ""drug_name"": ""HRS5091片"", ""entity_mapping_basis"": ""EXACT_LISTED_ISSUER_LEGAL_NAME"", ""first_observed_snapshot_only"": true, ""forward_or_historical_outcome_read"": false, ""historical_reconstruction_allowed"": false, ""indication"": ""慢性乙型肝炎"", ""official_source_url"": ""https://www.cde.org.cn/main/xxgk/listpage/4b5255eb0a84820cef4ca3e8b6bbe20c"", ""predictive_weight_assigned"": false, ""publication_date"": null, ""snapshot_captured_at"": ""2026-09-30T17:29:59+08:00"", ""source_identity"": ""NMPA_CDE_PUBLISHED_NOTICE_ARCHIVE""}",961c908cd38b981d7329eca698f5e09464c557cd2376bf4b2d6bba6fa9adb59b,PROSPECTIVE_FIRST_OBSERVED_ONLY,False,False,False
idkpi:9634ef0f08970029d77e471b81eb75ee369e6945d31d3716e4ed0a1b6ede40f1,600276.SH,INNOVATION_DRUG,CLINICAL_REGULATORY,CDE_CLINICAL_TRIAL_IMPLIED_LICENSE_SNAPSHOT,2026-09-30,2026-10-08,NMPA_CDE_PUBLISHED_NOTICE_ARCHIVE,NMPA_OR_CDE,official:3ad7dee1ce912115f6ad5db5018b9eae,OFFICIAL_SNAPSHOT:official:3ad7dee1ce912115f6ad5db5018b9eae,临床试验默示许可:HRS-6209胶囊:本品联合HRS-1358或HRS-8080或芳香化酶抑制剂或氟维司群用于乳腺癌的治疗。,https://www.cde.org.cn/main/xxgk/listpage/4b5255eb0a84820cef4ca3e8b6bbe20c,OFFICIAL_CDE_CATEGORY_NO_DIRECTION,"{""applicant"": ""江苏恒瑞医药股份有限公司"", ""approval_date"": null, ""availability_basis"": ""FIRST_OBSERVED_SNAPSHOT_DATE"", ""availability_rule"": ""DATE_ONLY_NEXT_TRADE_DATE"", ""category"": ""临床试验默示许可"", ""date_only_source_timestamp_delayed_to_next_real_trading_date"": true, ""direction_classified"": false, ""drug_name"": ""HRS-6209胶囊"", ""entity_mapping_basis"": ""EXACT_LISTED_ISSUER_LEGAL_NAME"", ""first_observed_snapshot_only"": true, ""forward_or_historical_outcome_read"": false, ""historical_reconstruction_allowed"": false, ""indication"": ""本品联合HRS-1358或HRS-8080或芳香化酶抑制剂或氟维司群用于乳腺癌的治疗。"", ""official_source_url"": ""https://www.cde.org.cn/main/xxgk/listpage/4b5255eb0a84820cef4ca3e8b6bbe20c"", ""predictive_weight_assigned"": false, ""publication_date"": null, ""snapshot_captured_at"": ""2026-09-30T17:29:59+08:00"", ""source_identity"": ""NMPA_CDE_PUBLISHED_NOTICE_ARCHIVE""}",9634ef0f08970029d77e471b81eb75ee369e6945d31d3716e4ed0a1b6ede40f1,PROSPECTIVE_FIRST_OBSERVED_ONLY,False,False,False
idkpi:9662893b2700e37e775c8aad3775f6d89632b1a49845d44963fe6ef71d5f9195,600276.SH,INNOVATION_DRUG,CLINICAL_REGULATORY,CDE_CLINICAL_TRIAL_IMPLIED_LICENSE_SNAPSHOT,2026-09-30,2026-10-08,NMPA_CDE_PUBLISHED_NOTICE_ARCHIVE,NMPA_OR_CDE,official:1006528f98c9a4316d56a24b6089212f,OFFICIAL_SNAPSHOT:official:1006528f98c9a4316d56a24b6089212f,临床试验默示许可:氟唑帕利胶囊:1）实体瘤 2）氟唑帕利胶囊联合甲磺酸阿帕替尼片用于晚期上皮性卵巢癌、输卵管癌或原发性腹膜癌在含铂化疗达到完全缓解或部分缓解后的维持治疗 3）氟唑帕利胶囊或氟唑帕利胶囊联合甲磺酸阿帕替尼片治疗伴有BRCA1/2突变的HER2阴性转移性乳腺癌 4）本品联合醋酸阿比特龙片和泼尼松片或泼尼松龙片，治疗既往未接受过新型雄激素受体靶向药物和多西他赛治疗的转移性去势抵抗性前列腺癌（mCRPC）,https://www.cde.org.cn/main/xxgk/listpage/4b5255eb0a84820cef4ca3e8b6bbe20c,OFFICIAL_CDE_CATEGORY_NO_DIRECTION,"{""applicant"": ""江苏恒瑞医药股份有限公司"", ""approval_date"": null, ""availability_basis"": ""FIRST_OBSERVED_SNAPSHOT_DATE"", ""availability_rule"": ""DATE_ONLY_NEXT_TRADE_DATE"", ""category"": ""临床试验默示许可"", ""date_only_source_timestamp_delayed_to_next_real_trading_date"": true, ""direction_classified"": false, ""drug_name"": ""氟唑帕利胶囊"", ""entity_mapping_basis"": ""EXACT_LISTED_ISSUER_LEGAL_NAME"", ""first_observed_snapshot_only"": true, ""forward_or_historical_outcome_read"": false, ""historical_reconstruction_allowed"": false, ""indication"": ""1）实体瘤 2）氟唑帕利胶囊联合甲磺酸阿帕替尼片用于晚期上皮性卵巢癌、输卵管癌或原发性腹膜癌在含铂化疗达到完全缓解或部分缓解后的维持治疗 3）氟唑帕利胶囊或氟唑帕利胶囊联合甲磺酸阿帕替尼片治疗伴有BRCA1/2突变的HER2阴性转移性乳腺癌 4）本品联合醋酸阿比特龙片和泼尼松片或泼尼松龙片，治疗既往未接受过新型雄激素受体靶向药物和多西他赛治疗的转移性去势抵抗性前列腺癌（mCRPC）"", ""official_source_url"": ""https://www.cde.org.cn/main/xxgk/listpage/4b5255eb0a84820cef4ca3e8b6bbe20c"", ""predictive_weight_assigned"": false, ""publication_date"": null, ""snapshot_captured_at"": ""2026-09-30T17:29:59+08:00"", ""source_identity"": ""NMPA_CDE_PUBLISHED_NOTICE_ARCHIVE""}",9662893b2700e37e775c8aad3775f6d89632b1a49845d44963fe6ef71d5f9195,PROSPECTIVE_FIRST_OBSERVED_ONLY,False,False,False
idkpi:974cf46d540a37f4dfa9a4af1e8bc22247ded7efb5b9d1be3c3fa61a9a98f9ec,600276.SH,INNOVATION_DRUG,CLINICAL_REGULATORY,CDE_CLINICAL_TRIAL_IMPLIED_LICENSE_SNAPSHOT,2026-09-30,2026-10-08,NMPA_CDE_PUBLISHED_NOTICE_ARCHIVE,NMPA_OR_CDE,official:95aa8d4be03ab7cc4d984b78556513a6,OFFICIAL_SNAPSHOT:official:95aa8d4be03ab7cc4d984b78556513a6,临床试验默示许可:HRS-4508片:HRS-4508±曲妥珠单抗±卡培他滨/帕妥珠单抗、或联合SHR-A1811、或联合贝伐珠单抗±SHR-A1811、或联合阿得贝利单抗±SHR-A1811±贝伐珠单抗用于实体瘤的治疗。,https://www.cde.org.cn/main/xxgk/listpage/4b5255eb0a84820cef4ca3e8b6bbe20c,OFFICIAL_CDE_CATEGORY_NO_DIRECTION,"{""applicant"": ""江苏恒瑞医药股份有限公司"", ""approval_date"": null, ""availability_basis"": ""FIRST_OBSERVED_SNAPSHOT_DATE"", ""availability_rule"": ""DATE_ONLY_NEXT_TRADE_DATE"", ""category"": ""临床试验默示许可"", ""date_only_source_timestamp_delayed_to_next_real_trading_date"": true, ""direction_classified"": false, ""drug_name"": ""HRS-4508片"", ""entity_mapping_basis"": ""EXACT_LISTED_ISSUER_LEGAL_NAME"", ""first_observed_snapshot_only"": true, ""forward_or_historical_outcome_read"": false, ""historical_reconstruction_allowed"": false, ""indication"": ""HRS-4508±曲妥珠单抗±卡培他滨/帕妥珠单抗、或联合SHR-A1811、或联合贝伐珠单抗±SHR-A1811、或联合阿得贝利单抗±SHR-A1811±贝伐珠单抗用于实体瘤的治疗。"", ""official_source_url"": ""https://www.cde.org.cn/main/xxgk/listpage/4b5255eb0a84820cef4ca3e8b6bbe20c"", ""predictive_weight_assigned"": false, ""publication_date"": null, ""snapshot_captured_at"": ""2026-09-30T17:29:59+08:00"", ""source_identity"": ""NMPA_CDE_PUBLISHED_NOTICE_ARCHIVE""}",974cf46d540a37f4dfa9a4af1e8bc22247ded7efb5b9d1be3c3fa61a9a98f9ec,PROSPECTIVE_FIRST_OBSERVED_ONLY,False,False,False
idkpi:9842d685774e8167c9c03ff4c144e301dd62ab7b0f3f717055c6a639546658cd,600276.SH,INNOVATION_DRUG,CLINICAL_REGULATORY,CDE_CLINICAL_TRIAL_IMPLIED_LICENSE_SNAPSHOT,2026-09-30,2026-10-08,NMPA_CDE_PUBLISHED_NOTICE_ARCHIVE,NMPA_OR_CDE,official:08aff469d801ecc6ec9143a5d05a4569,OFFICIAL_SNAPSHOT:official:08aff469d801ecc6ec9143a5d05a4569,临床试验默示许可:HRS-2430注射液:非气管插管的手术/操作中的镇静和麻醉,https://www.cde.org.cn/main/xxgk/listpage/4b5255eb0a84820cef4ca3e8b6bbe20c,OFFICIAL_CDE_CATEGORY_NO_DIRECTION,"{""applicant"": ""江苏恒瑞医药股份有限公司"", ""approval_date"": null, ""availability_basis"": ""FIRST_OBSERVED_SNAPSHOT_DATE"", ""availability_rule"": ""DATE_ONLY_NEXT_TRADE_DATE"", ""category"": ""临床试验默示许可"", ""date_only_source_timestamp_delayed_to_next_real_trading_date"": true, ""direction_classified"": false, ""drug_name"": ""HRS-2430注射液"", ""entity_mapping_basis"": ""EXACT_LISTED_ISSUER_LEGAL_NAME"", ""first_observed_snapshot_only"": true, ""forward_or_historical_outcome_read"": false, ""historical_reconstruction_allowed"": false, ""indication"": ""非气管插管的手术/操作中的镇静和麻醉"", ""official_source_url"": ""https://www.cde.org.cn/main/xxgk/listpage/4b5255eb0a84820cef4ca3e8b6bbe20c"", ""predictive_weight_assigned"": false, ""publication_date"": null, ""snapshot_captured_at"": ""2026-09-30T17:29:59+08:00"", ""source_identity"": ""NMPA_CDE_PUBLISHED_NOTICE_ARCHIVE""}",9842d685774e8167c9c03ff4c144e301dd62ab7b0f3f717055c6a639546658cd,PROSPECTIVE_FIRST_OBSERVED_ONLY,False,False,False
idkpi:987e0dbd79939f4e66a3bc15b5fd2d92e8e10272191a7fd5c02d45a566db66ef,600276.SH,INNOVATION_DRUG,CLINICAL_REGULATORY,CDE_CLINICAL_TRIAL_IMPLIED_LICENSE_SNAPSHOT,2026-09-30,2026-10-08,NMPA_CDE_PUBLISHED_NOTICE_ARCHIVE,NMPA_OR_CDE,official:85598c1c04863574fe4936067dbce631,OFFICIAL_SNAPSHOT:official:85598c1c04863574fe4936067dbce631,临床试验默示许可:羟乙磺酸达尔西利片:本品联合HRS-4642和SHR-7367用于KRAS G12D突变的实体瘤。,https://www.cde.org.cn/main/xxgk/listpage/4b5255eb0a84820cef4ca3e8b6bbe20c,OFFICIAL_CDE_CATEGORY_NO_DIRECTION,"{""applicant"": ""江苏恒瑞医药股份有限公司"", ""approval_date"": null, ""availability_basis"": ""FIRST_OBSERVED_SNAPSHOT_DATE"", ""availability_rule"": ""DATE_ONLY_NEXT_TRADE_DATE"", ""category"": ""临床试验默示许可"", ""date_only_source_timestamp_delayed_to_next_real_trading_date"": true, ""direction_classified"": false, ""drug_name"": ""羟乙磺酸达尔西利片"", ""entity_mapping_basis"": ""EXACT_LISTED_ISSUER_LEGAL_NAME"", ""first_observed_snapshot_only"": true, ""forward_or_historical_outcome_read"": false, ""historical_reconstruction_allowed"": false, ""indication"": ""本品联合HRS-4642和SHR-7367用于KRAS G12D突变的实体瘤。"", ""official_source_url"": ""https://www.cde.org.cn/main/xxgk/listpage/4b5255eb0a84820cef4ca3e8b6bbe20c"", ""predictive_weight_assigned"": false, ""publication_date"": null, ""snapshot_captured_at"": ""2026-09-30T17:29:59+08:00"", ""source_identity"": ""NMPA_CDE_PUBLISHED_NOTICE_ARCHIVE""}",987e0dbd79939f4e66a3bc15b5fd2d92e8e10272191a7fd5c02d45a566db66ef,PROSPECTIVE_FIRST_OBSERVED_ONLY,False,False,False
idkpi:9906d8f7260bd15931927522cde9e2d5208547696aeb45d1910f98621306bb55,600276.SH,INNOVATION_DRUG,CLINICAL_REGULATORY,CDE_CLINICAL_TRIAL_IMPLIED_LICENSE_SNAPSHOT,2026-09-30,2026-10-08,NMPA_CDE_PUBLISHED_NOTICE_ARCHIVE,NMPA_OR_CDE,official:90004c3042d85e5693fbde6ee91613ad,OFFICIAL_SNAPSHOT:official:90004c3042d85e5693fbde6ee91613ad,临床试验默示许可:HR021611:治疗勃起功能障碍。,https://www.cde.org.cn/main/xxgk/listpage/4b5255eb0a84820cef4ca3e8b6bbe20c,OFFICIAL_CDE_CATEGORY_NO_DIRECTION,"{""applicant"": ""江苏恒瑞医药股份有限公司"", ""approval_date"": null, ""availability_basis"": ""FIRST_OBSERVED_SNAPSHOT_DATE"", ""availability_rule"": ""DATE_ONLY_NEXT_TRADE_DATE"", ""category"": ""临床试验默示许可"", ""date_only_source_timestamp_delayed_to_next_real_trading_date"": true, ""direction_classified"": false, ""drug_name"": ""HR021611"", ""entity_mapping_basis"": ""EXACT_LISTED_ISSUER_LEGAL_NAME"", ""first_observed_snapshot_only"": true, ""forward_or_historical_outcome_read"": false, ""historical_reconstruction_allowed"": false, ""indication"": ""治疗勃起功能障碍。"", ""official_source_url"": ""https://www.cde.org.cn/main/xxgk/listpage/4b5255eb0a84820cef4ca3e8b6bbe20c"", ""predictive_weight_assigned"": false, ""publication_date"": null, ""snapshot_captured_at"": ""2026-09-30T17:29:59+08:00"", ""source_identity"": ""NMPA_CDE_PUBLISHED_NOTICE_ARCHIVE""}",9906d8f7260bd15931927522cde9e2d5208547696aeb45d1910f98621306bb55,PROSPECTIVE_FIRST_OBSERVED_ONLY,False,False,False
idkpi:990c008752976c426256f806fac4e229b3390d551f0d9ca81f5528c2c5488f9c,600276.SH,INNOVATION_DRUG,CLINICAL_REGULATORY,CDE_CLINICAL_TRIAL_IMPLIED_LICENSE_SNAPSHOT,2026-09-30,2026-10-08,NMPA_CDE_PUBLISHED_NOTICE_ARCHIVE,NMPA_OR_CDE,official:8ee84f81e775177f0c0f2f7032f44878,OFFICIAL_SNAPSHOT:official:8ee84f81e775177f0c0f2f7032f44878,临床试验默示许可:诺利糖肽注射液:在饮食运动控制基础上，用于肥胖(（BMI≥28）)或超重（BMI≥24）合并至少一个体重相关并发症（如高血压、2型糖尿病、血脂异常等）的治疗。,https://www.cde.org.cn/main/xxgk/listpage/4b5255eb0a84820cef4ca3e8b6bbe20c,OFFICIAL_CDE_CATEGORY_NO_DIRECTION,"{""applicant"": ""江苏恒瑞医药股份有限公司"", ""approval_date"": null, ""availability_basis"": ""FIRST_OBSERVED_SNAPSHOT_DATE"", ""availability_rule"": ""DATE_ONLY_NEXT_TRADE_DATE"", ""category"": ""临床试验默示许可"", ""date_only_source_timestamp_delayed_to_next_real_trading_date"": true, ""direction_classified"": false, ""drug_name"": ""诺利糖肽注射液"", ""entity_mapping_basis"": ""EXACT_LISTED_ISSUER_LEGAL_NAME"", ""first_observed_snapshot_only"": true, ""forward_or_historical_outcome_read"": false, ""historical_reconstruction_allowed"": false, ""indication"": ""在饮食运动控制基础上，用于肥胖(（BMI≥28）)或超重（BMI≥24）合并至少一个体重相关并发症（如高血压、2型糖尿病、血脂异常等）的治疗。"", ""official_source_url"": ""https://www.cde.org.cn/main/xxgk/listpage/4b5255eb0a84820cef4ca3e8b6bbe20c"", ""predictive_weight_assigned"": false, ""publication_date"": null, ""snapshot_captured_at"": ""2026-09-30T17:29:59+08:00"", ""source_identity"": ""NMPA_CDE_PUBLISHED_NOTICE_ARCHIVE""}",990c008752976c426256f806fac4e229b3390d551f0d9ca81f5528c2c5488f9c,PROSPECTIVE_FIRST_OBSERVED_ONLY,False,False,False
idkpi:9a0199955573be3d0e56cd41d1368ecc2253118e863567f3b65d56a27b93c6e3,600276.SH,INNOVATION_DRUG,CLINICAL_REGULATORY,CDE_CLINICAL_TRIAL_IMPLIED_LICENSE_SNAPSHOT,2026-09-30,2026-10-08,NMPA_CDE_PUBLISHED_NOTICE_ARCHIVE,NMPA_OR_CDE,official:842d6f6b871bb41e2e26c96c02f0352f,OFFICIAL_SNAPSHOT:official:842d6f6b871bb41e2e26c96c02f0352f,临床试验默示许可:HR18042片:本品拟用于中度至重度急性疼痛的治疗。,https://www.cde.org.cn/main/xxgk/listpage/4b5255eb0a84820cef4ca3e8b6bbe20c,OFFICIAL_CDE_CATEGORY_NO_DIRECTION,"{""applicant"": ""江苏恒瑞医药股份有限公司"", ""approval_date"": null, ""availability_basis"": ""FIRST_OBSERVED_SNAPSHOT_DATE"", ""availability_rule"": ""DATE_ONLY_NEXT_TRADE_DATE"", ""category"": ""临床试验默示许可"", ""date_only_source_timestamp_delayed_to_next_real_trading_date"": true, ""direction_classified"": false, ""drug_name"": ""HR18042片"", ""entity_mapping_basis"": ""EXACT_LISTED_ISSUER_LEGAL_NAME"", ""first_observed_snapshot_only"": true, ""forward_or_historical_outcome_read"": false, ""historical_reconstruction_allowed"": false, ""indication"": ""本品拟用于中度至重度急性疼痛的治疗。"", ""official_source_url"": ""https://www.cde.org.cn/main/xxgk/listpage/4b5255eb0a84820cef4ca3e8b6bbe20c"", ""predictive_weight_assigned"": false, ""publication_date"": null, ""snapshot_captured_at"": ""2026-09-30T17:29:59+08:00"", ""source_identity"": ""NMPA_CDE_PUBLISHED_NOTICE_ARCHIVE""}",9a0199955573be3d0e56cd41d1368ecc2253118e863567f3b65d56a27b93c6e3,PROSPECTIVE_FIRST_OBSERVED_ONLY,False,False,False
idkpi:9da1c809c9511eb758d6a1af5425e9d2898ca8a004893675d5e8203706efddaa,600276.SH,INNOVATION_DRUG,CLINICAL_REGULATORY,CDE_CLINICAL_TRIAL_IMPLIED_LICENSE_SNAPSHOT,2026-09-30,2026-10-08,NMPA_CDE_PUBLISHED_NOTICE_ARCHIVE,NMPA_OR_CDE,official:c7ff143d3c5207b3095956127ce53406,OFFICIAL_SNAPSHOT:official:c7ff143d3c5207b3095956127ce53406,临床试验默示许可:SHR2554片:拟用于联合CHOP/CHOEP或CD20为基础的治疗用于成熟淋巴细胞肿瘤,https://www.cde.org.cn/main/xxgk/listpage/4b5255eb0a84820cef4ca3e8b6bbe20c,OFFICIAL_CDE_CATEGORY_NO_DIRECTION,"{""applicant"": ""江苏恒瑞医药股份有限公司"", ""approval_date"": null, ""availability_basis"": ""FIRST_OBSERVED_SNAPSHOT_DATE"", ""availability_rule"": ""DATE_ONLY_NEXT_TRADE_DATE"", ""category"": ""临床试验默示许可"", ""date_only_source_timestamp_delayed_to_next_real_trading_date"": true, ""direction_classified"": false, ""drug_name"": ""SHR2554片"", ""entity_mapping_basis"": ""EXACT_LISTED_ISSUER_LEGAL_NAME"", ""first_observed_snapshot_only"": true, ""forward_or_historical_outcome_read"": false, ""historical_reconstruction_allowed"": false, ""indication"": ""拟用于联合CHOP/CHOEP或CD20为基础的治疗用于成熟淋巴细胞肿瘤"", ""official_source_url"": ""https://www.cde.org.cn/main/xxgk/listpage/4b5255eb0a84820cef4ca3e8b6bbe20c"", ""predictive_weight_assigned"": false, ""publication_date"": null, ""snapshot_captured_at"": ""2026-09-30T17:29:59+08:00"", ""source_identity"": ""NMPA_CDE_PUBLISHED_NOTICE_ARCHIVE""}",9da1c809c9511eb758d6a1af5425e9d2898ca8a004893675d5e8203706efddaa,PROSPECTIVE_FIRST_OBSERVED_ONLY,False,False,False
idkpi:a04508c56f460b5bfe893edc3ef1d99ac53da2e48f48a69e281172dd8e38c4d4,600276.SH,INNOVATION_DRUG,CLINICAL_REGULATORY,CDE_CLINICAL_TRIAL_IMPLIED_LICENSE_SNAPSHOT,2026-09-30,2026-10-08,NMPA_CDE_PUBLISHED_NOTICE_ARCHIVE,NMPA_OR_CDE,official:fea5d97aec998b9a81885e14828ce754,OFFICIAL_SNAPSHOT:official:fea5d97aec998b9a81885e14828ce754,临床试验默示许可:甲磺酸阿帕替尼片:卡瑞利珠单抗和阿帕替尼联合经肝动脉化疗栓塞术用于不可切除肝细胞癌患者的治疗。,https://www.cde.org.cn/main/xxgk/listpage/4b5255eb0a84820cef4ca3e8b6bbe20c,OFFICIAL_CDE_CATEGORY_NO_DIRECTION,"{""applicant"": ""江苏恒瑞医药股份有限公司"", ""approval_date"": null, ""availability_basis"": ""FIRST_OBSERVED_SNAPSHOT_DATE"", ""availability_rule"": ""DATE_ONLY_NEXT_TRADE_DATE"", ""category"": ""临床试验默示许可"", ""date_only_source_timestamp_delayed_to_next_real_trading_date"": true, ""direction_classified"": false, ""drug_name"": ""甲磺酸阿帕替尼片"", ""entity_mapping_basis"": ""EXACT_LISTED_ISSUER_LEGAL_NAME"", ""first_observed_snapshot_only"": true, ""forward_or_historical_outcome_read"": false, ""historical_reconstruction_allowed"": false, ""indication"": ""卡瑞利珠单抗和阿帕替尼联合经肝动脉化疗栓塞术用于不可切除肝细胞癌患者的治疗。"", ""official_source_url"": ""https://www.cde.org.cn/main/xxgk/listpage/4b5255eb0a84820cef4ca3e8b6bbe20c"", ""predictive_weight_assigned"": false, ""publication_date"": null, ""snapshot_captured_at"": ""2026-09-30T17:29:59+08:00"", ""source_identity"": ""NMPA_CDE_PUBLISHED_NOTICE_ARCHIVE""}",a04508c56f460b5bfe893edc3ef1d99ac53da2e48f48a69e281172dd8e38c4d4,PROSPECTIVE_FIRST_OBSERVED_ONLY,False,False,False
idkpi:a0cf010c198393eef4642625648ce587d1c600534d3d525e6093b6c81f6305d0,600276.SH,INNOVATION_DRUG,CLINICAL_REGULATORY,CDE_CLINICAL_TRIAL_IMPLIED_LICENSE_SNAPSHOT,2026-09-30,2026-10-08,NMPA_CDE_PUBLISHED_NOTICE_ARCHIVE,NMPA_OR_CDE,official:45d759603492f0955bacbc5d2e759d52,OFFICIAL_SNAPSHOT:official:45d759603492f0955bacbc5d2e759d52,临床试验默示许可:HRS2300片:用于治疗晚期恶性肿瘤。,https://www.cde.org.cn/main/xxgk/listpage/4b5255eb0a84820cef4ca3e8b6bbe20c,OFFICIAL_CDE_CATEGORY_NO_DIRECTION,"{""applicant"": ""江苏恒瑞医药股份有限公司"", ""approval_date"": null, ""availability_basis"": ""FIRST_OBSERVED_SNAPSHOT_DATE"", ""availability_rule"": ""DATE_ONLY_NEXT_TRADE_DATE"", ""category"": ""临床试验默示许可"", ""date_only_source_timestamp_delayed_to_next_real_trading_date"": true, ""direction_classified"": false, ""drug_name"": ""HRS2300片"", ""entity_mapping_basis"": ""EXACT_LISTED_ISSUER_LEGAL_NAME"", ""first_observed_snapshot_only"": true, ""forward_or_historical_outcome_read"": false, ""historical_reconstruction_allowed"": false, ""indication"": ""用于治疗晚期恶性肿瘤。"", ""official_source_url"": ""https://www.cde.org.cn/main/xxgk/listpage/4b5255eb0a84820cef4ca3e8b6bbe20c"", ""predictive_weight_assigned"": false, ""publication_date"": null, ""snapshot_captured_at"": ""2026-09-30T17:29:59+08:00"", ""source_identity"": ""NMPA_CDE_PUBLISHED_NOTICE_ARCHIVE""}",a0cf010c198393eef4642625648ce587d1c600534d3d525e6093b6c81f6305d0,PROSPECTIVE_FIRST_OBSERVED_ONLY,False,False,False
idkpi:a1338fdd6f4752f2a9bf658fda48e9ac8897b249262c5ccc85a7fd3624559b58,600276.SH,INNOVATION_DRUG,CLINICAL_REGULATORY,CDE_CLINICAL_TRIAL_IMPLIED_LICENSE_SNAPSHOT,2026-09-30,2026-10-08,NMPA_CDE_PUBLISHED_NOTICE_ARCHIVE,NMPA_OR_CDE,official:98f62dba80e79c88783d9f13e51a013f,OFFICIAL_SNAPSHOT:official:98f62dba80e79c88783d9f13e51a013f,临床试验默示许可:SHR7280片:辅助生殖技术中，用于控制性超促排卵治疗的患者，防止提前排卵。,https://www.cde.org.cn/main/xxgk/listpage/4b5255eb0a84820cef4ca3e8b6bbe20c,OFFICIAL_CDE_CATEGORY_NO_DIRECTION,"{""applicant"": ""江苏恒瑞医药股份有限公司"", ""approval_date"": null, ""availability_basis"": ""FIRST_OBSERVED_SNAPSHOT_DATE"", ""availability_rule"": ""DATE_ONLY_NEXT_TRADE_DATE"", ""category"": ""临床试验默示许可"", ""date_only_source_timestamp_delayed_to_next_real_trading_date"": true, ""direction_classified"": false, ""drug_name"": ""SHR7280片"", ""entity_mapping_basis"": ""EXACT_LISTED_ISSUER_LEGAL_NAME"", ""first_observed_snapshot_only"": true, ""forward_or_historical_outcome_read"": false, ""historical_reconstruction_allowed"": false, ""indication"": ""辅助生殖技术中，用于控制性超促排卵治疗的患者，防止提前排卵。"", ""official_source_url"": ""https://www.cde.org.cn/main/xxgk/listpage/4b5255eb0a84820cef4ca3e8b6bbe20c"", ""predictive_weight_assigned"": false, ""publication_date"": null, ""snapshot_captured_at"": ""2026-09-30T17:29:59+08:00"", ""source_identity"": ""NMPA_CDE_PUBLISHED_NOTICE_ARCHIVE""}",a1338fdd6f4752f2a9bf658fda48e9ac8897b249262c5ccc85a7fd3624559b58,PROSPECTIVE_FIRST_OBSERVED_ONLY,False,False,False
idkpi:a168f85c24d1918624d02823fa839fe4cb10fa6e61972276532605a16e7e3cbc,600276.SH,INNOVATION_DRUG,CLINICAL_REGULATORY,CDE_CLINICAL_TRIAL_IMPLIED_LICENSE_SNAPSHOT,2026-09-30,2026-10-08,NMPA_CDE_PUBLISHED_NOTICE_ARCHIVE,NMPA_OR_CDE,official:1515f137dd35be6fb2fd2bc5aa20a778,OFFICIAL_SNAPSHOT:official:1515f137dd35be6fb2fd2bc5aa20a778,临床试验默示许可:注射用HRS-2183:革兰阴性菌引起的治疗选择有限或无治疗选择的严重感染（包括碳青霉烯耐药菌感染）。,https://www.cde.org.cn/main/xxgk/listpage/4b5255eb0a84820cef4ca3e8b6bbe20c,OFFICIAL_CDE_CATEGORY_NO_DIRECTION,"{""applicant"": ""江苏恒瑞医药股份有限公司"", ""approval_date"": null, ""availability_basis"": ""FIRST_OBSERVED_SNAPSHOT_DATE"", ""availability_rule"": ""DATE_ONLY_NEXT_TRADE_DATE"", ""category"": ""临床试验默示许可"", ""date_only_source_timestamp_delayed_to_next_real_trading_date"": true, ""direction_classified"": false, ""drug_name"": ""注射用HRS-2183"", ""entity_mapping_basis"": ""EXACT_LISTED_ISSUER_LEGAL_NAME"", ""first_observed_snapshot_only"": true, ""forward_or_historical_outcome_read"": false, ""historical_reconstruction_allowed"": false, ""indication"": ""革兰阴性菌引起的治疗选择有限或无治疗选择的严重感染（包括碳青霉烯耐药菌感染）。"", ""official_source_url"": ""https://www.cde.org.cn/main/xxgk/listpage/4b5255eb0a84820cef4ca3e8b6bbe20c"", ""predictive_weight_assigned"": false, ""publication_date"": null, ""snapshot_captured_at"": ""2026-09-30T17:29:59+08:00"", ""source_identity"": ""NMPA_CDE_PUBLISHED_NOTICE_ARCHIVE""}",a168f85c24d1918624d02823fa839fe4cb10fa6e61972276532605a16e7e3cbc,PROSPECTIVE_FIRST_OBSERVED_ONLY,False,False,False
idkpi:a3891077f4909ede9b0955756a1b7234fab080eb0de887169192569083b78757,600276.SH,INNOVATION_DRUG,CLINICAL_REGULATORY,CDE_CLINICAL_TRIAL_IMPLIED_LICENSE_SNAPSHOT,2026-09-30,2026-10-08,NMPA_CDE_PUBLISHED_NOTICE_ARCHIVE,NMPA_OR_CDE,official:b5c0b103401ebce23d18d91a71d02298,OFFICIAL_SNAPSHOT:official:b5c0b103401ebce23d18d91a71d02298,临床试验默示许可:HRG2005吸入剂:本品适用于慢性阻塞性肺疾病（COPD）患者的维持治疗。,https://www.cde.org.cn/main/xxgk/listpage/4b5255eb0a84820cef4ca3e8b6bbe20c,OFFICIAL_CDE_CATEGORY_NO_DIRECTION,"{""applicant"": ""江苏恒瑞医药股份有限公司"", ""approval_date"": null, ""availability_basis"": ""FIRST_OBSERVED_SNAPSHOT_DATE"", ""availability_rule"": ""DATE_ONLY_NEXT_TRADE_DATE"", ""category"": ""临床试验默示许可"", ""date_only_source_timestamp_delayed_to_next_real_trading_date"": true, ""direction_classified"": false, ""drug_name"": ""HRG2005吸入剂"", ""entity_mapping_basis"": ""EXACT_LISTED_ISSUER_LEGAL_NAME"", ""first_observed_snapshot_only"": true, ""forward_or_historical_outcome_read"": false, ""historical_reconstruction_allowed"": false, ""indication"": ""本品适用于慢性阻塞性肺疾病（COPD）患者的维持治疗。"", ""official_source_url"": ""https://www.cde.org.cn/main/xxgk/listpage/4b5255eb0a84820cef4ca3e8b6bbe20c"", ""predictive_weight_assigned"": false, ""publication_date"": null, ""snapshot_captured_at"": ""2026-09-30T17:29:59+08:00"", ""source_identity"": ""NMPA_CDE_PUBLISHED_NOTICE_ARCHIVE""}",a3891077f4909ede9b0955756a1b7234fab080eb0de887169192569083b78757,PROSPECTIVE_FIRST_OBSERVED_ONLY,False,False,False
idkpi:a3cecd9613f039defc641fb28956153104f0445174659071a730f9f25d62c74c,600276.SH,INNOVATION_DRUG,CLINICAL_REGULATORY,CDE_CLINICAL_TRIAL_IMPLIED_LICENSE_SNAPSHOT,2026-09-30,2026-10-08,NMPA_CDE_PUBLISHED_NOTICE_ARCHIVE,NMPA_OR_CDE,official:7746934630743d2f0b0d7ddd73de82e9,OFFICIAL_SNAPSHOT:official:7746934630743d2f0b0d7ddd73de82e9,临床试验默示许可:HRG2005吸入剂:本品适用于慢性阻塞性肺疾病（COPD）患者的维持治疗。,https://www.cde.org.cn/main/xxgk/listpage/4b5255eb0a84820cef4ca3e8b6bbe20c,OFFICIAL_CDE_CATEGORY_NO_DIRECTION,"{""applicant"": ""江苏恒瑞医药股份有限公司"", ""approval_date"": null, ""availability_basis"": ""FIRST_OBSERVED_SNAPSHOT_DATE"", ""availability_rule"": ""DATE_ONLY_NEXT_TRADE_DATE"", ""category"": ""临床试验默示许可"", ""date_only_source_timestamp_delayed_to_next_real_trading_date"": true, ""direction_classified"": false, ""drug_name"": ""HRG2005吸入剂"", ""entity_mapping_basis"": ""EXACT_LISTED_ISSUER_LEGAL_NAME"", ""first_observed_snapshot_only"": true, ""forward_or_historical_outcome_read"": false, ""historical_reconstruction_allowed"": false, ""indication"": ""本品适用于慢性阻塞性肺疾病（COPD）患者的维持治疗。"", ""official_source_url"": ""https://www.cde.org.cn/main/xxgk/listpage/4b5255eb0a84820cef4ca3e8b6bbe20c"", ""predictive_weight_assigned"": false, ""publication_date"": null, ""snapshot_captured_at"": ""2026-09-30T17:29:59+08:00"", ""source_identity"": ""NMPA_CDE_PUBLISHED_NOTICE_ARCHIVE""}",a3cecd9613f039defc641fb28956153104f0445174659071a730f9f25d62c74c,PROSPECTIVE_FIRST_OBSERVED_ONLY,False,False,False
idkpi:a43378e91120756f4246c4119dec2b98c024e1fc0ec7e2d73c59f821442e840d,600276.SH,INNOVATION_DRUG,CLINICAL_REGULATORY,CDE_CLINICAL_TRIAL_IMPLIED_LICENSE_SNAPSHOT,2026-09-30,2026-10-08,NMPA_CDE_PUBLISHED_NOTICE_ARCHIVE,NMPA_OR_CDE,official:f778b3ae42abea5237f8912f40d0c999,OFFICIAL_SNAPSHOT:official:f778b3ae42abea5237f8912f40d0c999,临床试验默示许可:HR19042胶囊:用于治疗活动性自身免疫性肝炎,https://www.cde.org.cn/main/xxgk/listpage/4b5255eb0a84820cef4ca3e8b6bbe20c,OFFICIAL_CDE_CATEGORY_NO_DIRECTION,"{""applicant"": ""江苏恒瑞医药股份有限公司"", ""approval_date"": null, ""availability_basis"": ""FIRST_OBSERVED_SNAPSHOT_DATE"", ""availability_rule"": ""DATE_ONLY_NEXT_TRADE_DATE"", ""category"": ""临床试验默示许可"", ""date_only_source_timestamp_delayed_to_next_real_trading_date"": true, ""direction_classified"": false, ""drug_name"": ""HR19042胶囊"", ""entity_mapping_basis"": ""EXACT_LISTED_ISSUER_LEGAL_NAME"", ""first_observed_snapshot_only"": true, ""forward_or_historical_outcome_read"": false, ""historical_reconstruction_allowed"": false, ""indication"": ""用于治疗活动性自身免疫性肝炎"", ""official_source_url"": ""https://www.cde.org.cn/main/xxgk/listpage/4b5255eb0a84820cef4ca3e8b6bbe20c"", ""predictive_weight_assigned"": false, ""publication_date"": null, ""snapshot_captured_at"": ""2026-09-30T17:29:59+08:00"", ""source_identity"": ""NMPA_CDE_PUBLISHED_NOTICE_ARCHIVE""}",a43378e91120756f4246c4119dec2b98c024e1fc0ec7e2d73c59f821442e840d,PROSPECTIVE_FIRST_OBSERVED_ONLY,False,False,False
idkpi:a451eaee13ded704515045ca80677fa4575c06ff9184ec7952fed8f912716bf5,600276.SH,INNOVATION_DRUG,CLINICAL_REGULATORY,CDE_CLINICAL_TRIAL_IMPLIED_LICENSE_SNAPSHOT,2026-09-30,2026-10-08,NMPA_CDE_PUBLISHED_NOTICE_ARCHIVE,NMPA_OR_CDE,official:8dce60210f833be2a76d3671bcfd1fba,OFFICIAL_SNAPSHOT:official:8dce60210f833be2a76d3671bcfd1fba,临床试验默示许可:羟乙磺酸达尔西利片:本品联合RP903片和氟维司群用于复发或转移性乳腺癌患者,https://www.cde.org.cn/main/xxgk/listpage/4b5255eb0a84820cef4ca3e8b6bbe20c,OFFICIAL_CDE_CATEGORY_NO_DIRECTION,"{""applicant"": ""江苏恒瑞医药股份有限公司"", ""approval_date"": null, ""availability_basis"": ""FIRST_OBSERVED_SNAPSHOT_DATE"", ""availability_rule"": ""DATE_ONLY_NEXT_TRADE_DATE"", ""category"": ""临床试验默示许可"", ""date_only_source_timestamp_delayed_to_next_real_trading_date"": true, ""direction_classified"": false, ""drug_name"": ""羟乙磺酸达尔西利片"", ""entity_mapping_basis"": ""EXACT_LISTED_ISSUER_LEGAL_NAME"", ""first_observed_snapshot_only"": true, ""forward_or_historical_outcome_read"": false, ""historical_reconstruction_allowed"": false, ""indication"": ""本品联合RP903片和氟维司群用于复发或转移性乳腺癌患者"", ""official_source_url"": ""https://www.cde.org.cn/main/xxgk/listpage/4b5255eb0a84820cef4ca3e8b6bbe20c"", ""predictive_weight_assigned"": false, ""publication_date"": null, ""snapshot_captured_at"": ""2026-09-30T17:29:59+08:00"", ""source_identity"": ""NMPA_CDE_PUBLISHED_NOTICE_ARCHIVE""}",a451eaee13ded704515045ca80677fa4575c06ff9184ec7952fed8f912716bf5,PROSPECTIVE_FIRST_OBSERVED_ONLY,False,False,False
idkpi:a5f9b311ce3bc08972363e6411831acd2d89d34719e3de7996a59aa45bfafb1d,600276.SH,INNOVATION_DRUG,CLINICAL_REGULATORY,CDE_CLINICAL_TRIAL_IMPLIED_LICENSE_SNAPSHOT,2026-09-30,2026-10-08,NMPA_CDE_PUBLISHED_NOTICE_ARCHIVE,NMPA_OR_CDE,official:261bc7e14b14c282a016e95947bfb064,OFFICIAL_SNAPSHOT:official:261bc7e14b14c282a016e95947bfb064,临床试验默示许可:富马酸泰吉利定注射液:用于重症监护患者机械通气时的镇痛。,https://www.cde.org.cn/main/xxgk/listpage/4b5255eb0a84820cef4ca3e8b6bbe20c,OFFICIAL_CDE_CATEGORY_NO_DIRECTION,"{""applicant"": ""江苏恒瑞医药股份有限公司"", ""approval_date"": null, ""availability_basis"": ""FIRST_OBSERVED_SNAPSHOT_DATE"", ""availability_rule"": ""DATE_ONLY_NEXT_TRADE_DATE"", ""category"": ""临床试验默示许可"", ""date_only_source_timestamp_delayed_to_next_real_trading_date"": true, ""direction_classified"": false, ""drug_name"": ""富马酸泰吉利定注射液"", ""entity_mapping_basis"": ""EXACT_LISTED_ISSUER_LEGAL_NAME"", ""first_observed_snapshot_only"": true, ""forward_or_historical_outcome_read"": false, ""historical_reconstruction_allowed"": false, ""indication"": ""用于重症监护患者机械通气时的镇痛。"", ""official_source_url"": ""https://www.cde.org.cn/main/xxgk/listpage/4b5255eb0a84820cef4ca3e8b6bbe20c"", ""predictive_weight_assigned"": false, ""publication_date"": null, ""snapshot_captured_at"": ""2026-09-30T17:29:59+08:00"", ""source_identity"": ""NMPA_CDE_PUBLISHED_NOTICE_ARCHIVE""}",a5f9b311ce3bc08972363e6411831acd2d89d34719e3de7996a59aa45bfafb1d,PROSPECTIVE_FIRST_OBSERVED_ONLY,False,False,False
idkpi:a67a8750d09b2ddc09947387b08f62b7627bb0a37a502f24f5e0d74d9cc0d1ac,600276.SH,INNOVATION_DRUG,CLINICAL_REGULATORY,CDE_CLINICAL_TRIAL_IMPLIED_LICENSE_SNAPSHOT,2026-09-30,2026-10-08,NMPA_CDE_PUBLISHED_NOTICE_ARCHIVE,NMPA_OR_CDE,official:24ce7b6ae9725acc8912f553ab9403ac,OFFICIAL_SNAPSHOT:official:24ce7b6ae9725acc8912f553ab9403ac,临床试验默示许可:HRS-6209胶囊:本品联合HRS-2189和芳香化酶抑制剂用于乳腺癌的治疗。,https://www.cde.org.cn/main/xxgk/listpage/4b5255eb0a84820cef4ca3e8b6bbe20c,OFFICIAL_CDE_CATEGORY_NO_DIRECTION,"{""applicant"": ""江苏恒瑞医药股份有限公司"", ""approval_date"": null, ""availability_basis"": ""FIRST_OBSERVED_SNAPSHOT_DATE"", ""availability_rule"": ""DATE_ONLY_NEXT_TRADE_DATE"", ""category"": ""临床试验默示许可"", ""date_only_source_timestamp_delayed_to_next_real_trading_date"": true, ""direction_classified"": false, ""drug_name"": ""HRS-6209胶囊"", ""entity_mapping_basis"": ""EXACT_LISTED_ISSUER_LEGAL_NAME"", ""first_observed_snapshot_only"": true, ""forward_or_historical_outcome_read"": false, ""historical_reconstruction_allowed"": false, ""indication"": ""本品联合HRS-2189和芳香化酶抑制剂用于乳腺癌的治疗。"", ""official_source_url"": ""https://www.cde.org.cn/main/xxgk/listpage/4b5255eb0a84820cef4ca3e8b6bbe20c"", ""predictive_weight_assigned"": false, ""publication_date"": null, ""snapshot_captured_at"": ""2026-09-30T17:29:59+08:00"", ""source_identity"": ""NMPA_CDE_PUBLISHED_NOTICE_ARCHIVE""}",a67a8750d09b2ddc09947387b08f62b7627bb0a37a502f24f5e0d74d9cc0d1ac,PROSPECTIVE_FIRST_OBSERVED_ONLY,False,False,False
idkpi:a84c86d3b0267a2e37ed740da3bbfd30af81c2495f4f618184c5b618cb7e602f,600276.SH,INNOVATION_DRUG,CLINICAL_REGULATORY,CDE_CLINICAL_TRIAL_IMPLIED_LICENSE_SNAPSHOT,2026-09-30,2026-10-08,NMPA_CDE_PUBLISHED_NOTICE_ARCHIVE,NMPA_OR_CDE,official:e1da4adac1ada8df6d4603726ebb5bc3,OFFICIAL_SNAPSHOT:official:e1da4adac1ada8df6d4603726ebb5bc3,临床试验默示许可:门冬胰岛素注射液:用于治疗糖尿病。,https://www.cde.org.cn/main/xxgk/listpage/4b5255eb0a84820cef4ca3e8b6bbe20c,OFFICIAL_CDE_CATEGORY_NO_DIRECTION,"{""applicant"": ""江苏恒瑞医药股份有限公司"", ""approval_date"": null, ""availability_basis"": ""FIRST_OBSERVED_SNAPSHOT_DATE"", ""availability_rule"": ""DATE_ONLY_NEXT_TRADE_DATE"", ""category"": ""临床试验默示许可"", ""date_only_source_timestamp_delayed_to_next_real_trading_date"": true, ""direction_classified"": false, ""drug_name"": ""门冬胰岛素注射液"", ""entity_mapping_basis"": ""EXACT_LISTED_ISSUER_LEGAL_NAME"", ""first_observed_snapshot_only"": true, ""forward_or_historical_outcome_read"": false, ""historical_reconstruction_allowed"": false, ""indication"": ""用于治疗糖尿病。"", ""official_source_url"": ""https://www.cde.org.cn/main/xxgk/listpage/4b5255eb0a84820cef4ca3e8b6bbe20c"", ""predictive_weight_assigned"": false, ""publication_date"": null, ""snapshot_captured_at"": ""2026-09-30T17:29:59+08:00"", ""source_identity"": ""NMPA_CDE_PUBLISHED_NOTICE_ARCHIVE""}",a84c86d3b0267a2e37ed740da3bbfd30af81c2495f4f618184c5b618cb7e602f,PROSPECTIVE_FIRST_OBSERVED_ONLY,False,False,False
idkpi:a8d01f0c39e0e595801985903abbd9d50447926aac14a6f1cfa1d01ec1984c9f,600276.SH,INNOVATION_DRUG,CLINICAL_REGULATORY,CDE_CLINICAL_TRIAL_IMPLIED_LICENSE_SNAPSHOT,2026-09-30,2026-10-08,NMPA_CDE_PUBLISHED_NOTICE_ARCHIVE,NMPA_OR_CDE,official:38d4876335c882444bb48c18e0c39afd,OFFICIAL_SNAPSHOT:official:38d4876335c882444bb48c18e0c39afd,临床试验默示许可:羟乙磺酸达尔西利片:本品联合HRS-8080片用于乳腺癌的治疗,https://www.cde.org.cn/main/xxgk/listpage/4b5255eb0a84820cef4ca3e8b6bbe20c,OFFICIAL_CDE_CATEGORY_NO_DIRECTION,"{""applicant"": ""江苏恒瑞医药股份有限公司"", ""approval_date"": null, ""availability_basis"": ""FIRST_OBSERVED_SNAPSHOT_DATE"", ""availability_rule"": ""DATE_ONLY_NEXT_TRADE_DATE"", ""category"": ""临床试验默示许可"", ""date_only_source_timestamp_delayed_to_next_real_trading_date"": true, ""direction_classified"": false, ""drug_name"": ""羟乙磺酸达尔西利片"", ""entity_mapping_basis"": ""EXACT_LISTED_ISSUER_LEGAL_NAME"", ""first_observed_snapshot_only"": true, ""forward_or_historical_outcome_read"": false, ""historical_reconstruction_allowed"": false, ""indication"": ""本品联合HRS-8080片用于乳腺癌的治疗"", ""official_source_url"": ""https://www.cde.org.cn/main/xxgk/listpage/4b5255eb0a84820cef4ca3e8b6bbe20c"", ""predictive_weight_assigned"": false, ""publication_date"": null, ""snapshot_captured_at"": ""2026-09-30T17:29:59+08:00"", ""source_identity"": ""NMPA_CDE_PUBLISHED_NOTICE_ARCHIVE""}",a8d01f0c39e0e595801985903abbd9d50447926aac14a6f1cfa1d01ec1984c9f,PROSPECTIVE_FIRST_OBSERVED_ONLY,False,False,False
idkpi:a8e12379a376ba8600223172ee23fd777a95c45a32a1d1a81f61205f4df1efda,600276.SH,INNOVATION_DRUG,CLINICAL_REGULATORY,CDE_CLINICAL_TRIAL_IMPLIED_LICENSE_SNAPSHOT,2026-09-30,2026-10-08,NMPA_CDE_PUBLISHED_NOTICE_ARCHIVE,NMPA_OR_CDE,official:a235cf3c0d815a5ef58cba890de69728,OFFICIAL_SNAPSHOT:official:a235cf3c0d815a5ef58cba890de69728,临床试验默示许可:HR18042片:本品拟用于中度至重度急性疼痛的治疗。,https://www.cde.org.cn/main/xxgk/listpage/4b5255eb0a84820cef4ca3e8b6bbe20c,OFFICIAL_CDE_CATEGORY_NO_DIRECTION,"{""applicant"": ""江苏恒瑞医药股份有限公司"", ""approval_date"": null, ""availability_basis"": ""FIRST_OBSERVED_SNAPSHOT_DATE"", ""availability_rule"": ""DATE_ONLY_NEXT_TRADE_DATE"", ""category"": ""临床试验默示许可"", ""date_only_source_timestamp_delayed_to_next_real_trading_date"": true, ""direction_classified"": false, ""drug_name"": ""HR18042片"", ""entity_mapping_basis"": ""EXACT_LISTED_ISSUER_LEGAL_NAME"", ""first_observed_snapshot_only"": true, ""forward_or_historical_outcome_read"": false, ""historical_reconstruction_allowed"": false, ""indication"": ""本品拟用于中度至重度急性疼痛的治疗。"", ""official_source_url"": ""https://www.cde.org.cn/main/xxgk/listpage/4b5255eb0a84820cef4ca3e8b6bbe20c"", ""predictive_weight_assigned"": false, ""publication_date"": null, ""snapshot_captured_at"": ""2026-09-30T17:29:59+08:00"", ""source_identity"": ""NMPA_CDE_PUBLISHED_NOTICE_ARCHIVE""}",a8e12379a376ba8600223172ee23fd777a95c45a32a1d1a81f61205f4df1efda,PROSPECTIVE_FIRST_OBSERVED_ONLY,False,False,False
idkpi:ac1c9cf10c165c22ee34bace97cb4dfb5408ed8b112fd1e87c66d94c5a7b0401,600276.SH,INNOVATION_DRUG,CLINICAL_REGULATORY,CDE_CLINICAL_TRIAL_IMPLIED_LICENSE_SNAPSHOT,2026-09-30,2026-10-08,NMPA_CDE_PUBLISHED_NOTICE_ARCHIVE,NMPA_OR_CDE,official:119f4effeb51327d0553cac33b6a508d,OFFICIAL_SNAPSHOT:official:119f4effeb51327d0553cac33b6a508d,临床试验默示许可:HRG2010胶囊:用于治疗帕金森病,https://www.cde.org.cn/main/xxgk/listpage/4b5255eb0a84820cef4ca3e8b6bbe20c,OFFICIAL_CDE_CATEGORY_NO_DIRECTION,"{""applicant"": ""江苏恒瑞医药股份有限公司"", ""approval_date"": null, ""availability_basis"": ""FIRST_OBSERVED_SNAPSHOT_DATE"", ""availability_rule"": ""DATE_ONLY_NEXT_TRADE_DATE"", ""category"": ""临床试验默示许可"", ""date_only_source_timestamp_delayed_to_next_real_trading_date"": true, ""direction_classified"": false, ""drug_name"": ""HRG2010胶囊"", ""entity_mapping_basis"": ""EXACT_LISTED_ISSUER_LEGAL_NAME"", ""first_observed_snapshot_only"": true, ""forward_or_historical_outcome_read"": false, ""historical_reconstruction_allowed"": false, ""indication"": ""用于治疗帕金森病"", ""official_source_url"": ""https://www.cde.org.cn/main/xxgk/listpage/4b5255eb0a84820cef4ca3e8b6bbe20c"", ""predictive_weight_assigned"": false, ""publication_date"": null, ""snapshot_captured_at"": ""2026-09-30T17:29:59+08:00"", ""source_identity"": ""NMPA_CDE_PUBLISHED_NOTICE_ARCHIVE""}",ac1c9cf10c165c22ee34bace97cb4dfb5408ed8b112fd1e87c66d94c5a7b0401,PROSPECTIVE_FIRST_OBSERVED_ONLY,False,False,False
idkpi:ad6aa10afbb1f9ce46018f0864b49d051f52eed7a469bb50b819856531a701f3,600276.SH,INNOVATION_DRUG,CLINICAL_REGULATORY,CDE_CLINICAL_TRIAL_IMPLIED_LICENSE_SNAPSHOT,2026-09-30,2026-10-08,NMPA_CDE_PUBLISHED_NOTICE_ARCHIVE,NMPA_OR_CDE,official:ec3afea8d010a35c5fdb92defa21ad2f,OFFICIAL_SNAPSHOT:official:ec3afea8d010a35c5fdb92defa21ad2f,临床试验默示许可:瑞维鲁胺片:本品（二代AR抑制剂）联合注射用HS-20093用于晚期前列腺癌患者。,https://www.cde.org.cn/main/xxgk/listpage/4b5255eb0a84820cef4ca3e8b6bbe20c,OFFICIAL_CDE_CATEGORY_NO_DIRECTION,"{""applicant"": ""江苏恒瑞医药股份有限公司"", ""approval_date"": null, ""availability_basis"": ""FIRST_OBSERVED_SNAPSHOT_DATE"", ""availability_rule"": ""DATE_ONLY_NEXT_TRADE_DATE"", ""category"": ""临床试验默示许可"", ""date_only_source_timestamp_delayed_to_next_real_trading_date"": true, ""direction_classified"": false, ""drug_name"": ""瑞维鲁胺片"", ""entity_mapping_basis"": ""EXACT_LISTED_ISSUER_LEGAL_NAME"", ""first_observed_snapshot_only"": true, ""forward_or_historical_outcome_read"": false, ""historical_reconstruction_allowed"": false, ""indication"": ""本品（二代AR抑制剂）联合注射用HS-20093用于晚期前列腺癌患者。"", ""official_source_url"": ""https://www.cde.org.cn/main/xxgk/listpage/4b5255eb0a84820cef4ca3e8b6bbe20c"", ""predictive_weight_assigned"": false, ""publication_date"": null, ""snapshot_captured_at"": ""2026-09-30T17:29:59+08:00"", ""source_identity"": ""NMPA_CDE_PUBLISHED_NOTICE_ARCHIVE""}",ad6aa10afbb1f9ce46018f0864b49d051f52eed7a469bb50b819856531a701f3,PROSPECTIVE_FIRST_OBSERVED_ONLY,False,False,False
idkpi:af04d3ec7ff0c375dbf002f5b1cf16dda46751cd81fc7ad3d02b251d1a724871,600276.SH,INNOVATION_DRUG,CLINICAL_REGULATORY,CDE_CLINICAL_TRIAL_IMPLIED_LICENSE_SNAPSHOT,2026-09-30,2026-10-08,NMPA_CDE_PUBLISHED_NOTICE_ARCHIVE,NMPA_OR_CDE,official:4536cda3a1013873f5fc4c23fbe9505b,OFFICIAL_SNAPSHOT:official:4536cda3a1013873f5fc4c23fbe9505b,临床试验默示许可:HRS7415片:晚期恶性肿瘤,https://www.cde.org.cn/main/xxgk/listpage/4b5255eb0a84820cef4ca3e8b6bbe20c,OFFICIAL_CDE_CATEGORY_NO_DIRECTION,"{""applicant"": ""江苏恒瑞医药股份有限公司"", ""approval_date"": null, ""availability_basis"": ""FIRST_OBSERVED_SNAPSHOT_DATE"", ""availability_rule"": ""DATE_ONLY_NEXT_TRADE_DATE"", ""category"": ""临床试验默示许可"", ""date_only_source_timestamp_delayed_to_next_real_trading_date"": true, ""direction_classified"": false, ""drug_name"": ""HRS7415片"", ""entity_mapping_basis"": ""EXACT_LISTED_ISSUER_LEGAL_NAME"", ""first_observed_snapshot_only"": true, ""forward_or_historical_outcome_read"": false, ""historical_reconstruction_allowed"": false, ""indication"": ""晚期恶性肿瘤"", ""official_source_url"": ""https://www.cde.org.cn/main/xxgk/listpage/4b5255eb0a84820cef4ca3e8b6bbe20c"", ""predictive_weight_assigned"": false, ""publication_date"": null, ""snapshot_captured_at"": ""2026-09-30T17:29:59+08:00"", ""source_identity"": ""NMPA_CDE_PUBLISHED_NOTICE_ARCHIVE""}",af04d3ec7ff0c375dbf002f5b1cf16dda46751cd81fc7ad3d02b251d1a724871,PROSPECTIVE_FIRST_OBSERVED_ONLY,False,False,False
idkpi:b0f4782466d73b37e34593531506a60426abe80bbecb296b290fd640bc7f6e51,600276.SH,INNOVATION_DRUG,CLINICAL_REGULATORY,CDE_CLINICAL_TRIAL_IMPLIED_LICENSE_SNAPSHOT,2026-09-30,2026-10-08,NMPA_CDE_PUBLISHED_NOTICE_ARCHIVE,NMPA_OR_CDE,official:e73b2e8893c074e5efa297f0ab5616d2,OFFICIAL_SNAPSHOT:official:e73b2e8893c074e5efa297f0ab5616d2,临床试验默示许可:HRS-4642注射液:本品联合西妥昔单抗或SHR-9839或SHR-A1921或SHR-A1904或化疗±贝伐珠单抗或阿得贝利单抗±化疗或伊立替康脂质体+化疗用于KRAS G12D突变的晚期实体瘤患者。,https://www.cde.org.cn/main/xxgk/listpage/4b5255eb0a84820cef4ca3e8b6bbe20c,OFFICIAL_CDE_CATEGORY_NO_DIRECTION,"{""applicant"": ""江苏恒瑞医药股份有限公司"", ""approval_date"": null, ""availability_basis"": ""FIRST_OBSERVED_SNAPSHOT_DATE"", ""availability_rule"": ""DATE_ONLY_NEXT_TRADE_DATE"", ""category"": ""临床试验默示许可"", ""date_only_source_timestamp_delayed_to_next_real_trading_date"": true, ""direction_classified"": false, ""drug_name"": ""HRS-4642注射液"", ""entity_mapping_basis"": ""EXACT_LISTED_ISSUER_LEGAL_NAME"", ""first_observed_snapshot_only"": true, ""forward_or_historical_outcome_read"": false, ""historical_reconstruction_allowed"": false, ""indication"": ""本品联合西妥昔单抗或SHR-9839或SHR-A1921或SHR-A1904或化疗±贝伐珠单抗或阿得贝利单抗±化疗或伊立替康脂质体+化疗用于KRAS G12D突变的晚期实体瘤患者。"", ""official_source_url"": ""https://www.cde.org.cn/main/xxgk/listpage/4b5255eb0a84820cef4ca3e8b6bbe20c"", ""predictive_weight_assigned"": false, ""publication_date"": null, ""snapshot_captured_at"": ""2026-09-30T17:29:59+08:00"", ""source_identity"": ""NMPA_CDE_PUBLISHED_NOTICE_ARCHIVE""}",b0f4782466d73b37e34593531506a60426abe80bbecb296b290fd640bc7f6e51,PROSPECTIVE_FIRST_OBSERVED_ONLY,False,False,False
idkpi:b109ccd7f85792f28671ca56f14a50277abab11076a5c82ec234c3dfa0d977c4,600276.SH,INNOVATION_DRUG,CLINICAL_REGULATORY,CDE_CLINICAL_TRIAL_IMPLIED_LICENSE_SNAPSHOT,2026-09-30,2026-10-08,NMPA_CDE_PUBLISHED_NOTICE_ARCHIVE,NMPA_OR_CDE,official:ad4f2d9b04866b1ff6236e5a5a690c11,OFFICIAL_SNAPSHOT:official:ad4f2d9b04866b1ff6236e5a5a690c11,临床试验默示许可:羟乙磺酸达尔西利片:本品联合HRS1358片用于乳腺癌的治疗。,https://www.cde.org.cn/main/xxgk/listpage/4b5255eb0a84820cef4ca3e8b6bbe20c,OFFICIAL_CDE_CATEGORY_NO_DIRECTION,"{""applicant"": ""江苏恒瑞医药股份有限公司"", ""approval_date"": null, ""availability_basis"": ""FIRST_OBSERVED_SNAPSHOT_DATE"", ""availability_rule"": ""DATE_ONLY_NEXT_TRADE_DATE"", ""category"": ""临床试验默示许可"", ""date_only_source_timestamp_delayed_to_next_real_trading_date"": true, ""direction_classified"": false, ""drug_name"": ""羟乙磺酸达尔西利片"", ""entity_mapping_basis"": ""EXACT_LISTED_ISSUER_LEGAL_NAME"", ""first_observed_snapshot_only"": true, ""forward_or_historical_outcome_read"": false, ""historical_reconstruction_allowed"": false, ""indication"": ""本品联合HRS1358片用于乳腺癌的治疗。"", ""official_source_url"": ""https://www.cde.org.cn/main/xxgk/listpage/4b5255eb0a84820cef4ca3e8b6bbe20c"", ""predictive_weight_assigned"": false, ""publication_date"": null, ""snapshot_captured_at"": ""2026-09-30T17:29:59+08:00"", ""source_identity"": ""NMPA_CDE_PUBLISHED_NOTICE_ARCHIVE""}",b109ccd7f85792f28671ca56f14a50277abab11076a5c82ec234c3dfa0d977c4,PROSPECTIVE_FIRST_OBSERVED_ONLY,False,False,False
idkpi:b24ee5611917a21cf982ab889c7b70cb05f52292b5b539b8573aec5a3fddf8f3,600276.SH,INNOVATION_DRUG,CLINICAL_REGULATORY,CDE_CLINICAL_TRIAL_IMPLIED_LICENSE_SNAPSHOT,2026-09-30,2026-10-08,NMPA_CDE_PUBLISHED_NOTICE_ARCHIVE,NMPA_OR_CDE,official:125ddb2df8d1f188144fe209e0300d4a,OFFICIAL_SNAPSHOT:official:125ddb2df8d1f188144fe209e0300d4a,临床试验默示许可:SHR2554片:本品联合HRS-5041片用于治疗晚期前列腺癌患者。,https://www.cde.org.cn/main/xxgk/listpage/4b5255eb0a84820cef4ca3e8b6bbe20c,OFFICIAL_CDE_CATEGORY_NO_DIRECTION,"{""applicant"": ""江苏恒瑞医药股份有限公司"", ""approval_date"": null, ""availability_basis"": ""FIRST_OBSERVED_SNAPSHOT_DATE"", ""availability_rule"": ""DATE_ONLY_NEXT_TRADE_DATE"", ""category"": ""临床试验默示许可"", ""date_only_source_timestamp_delayed_to_next_real_trading_date"": true, ""direction_classified"": false, ""drug_name"": ""SHR2554片"", ""entity_mapping_basis"": ""EXACT_LISTED_ISSUER_LEGAL_NAME"", ""first_observed_snapshot_only"": true, ""forward_or_historical_outcome_read"": false, ""historical_reconstruction_allowed"": false, ""indication"": ""本品联合HRS-5041片用于治疗晚期前列腺癌患者。"", ""official_source_url"": ""https://www.cde.org.cn/main/xxgk/listpage/4b5255eb0a84820cef4ca3e8b6bbe20c"", ""predictive_weight_assigned"": false, ""publication_date"": null, ""snapshot_captured_at"": ""2026-09-30T17:29:59+08:00"", ""source_identity"": ""NMPA_CDE_PUBLISHED_NOTICE_ARCHIVE""}",b24ee5611917a21cf982ab889c7b70cb05f52292b5b539b8573aec5a3fddf8f3,PROSPECTIVE_FIRST_OBSERVED_ONLY,False,False,False
idkpi:b3fbd05b870dbe9147dc2b34d84f8fd62298c5a8abc1d90f26cf03ce68ee490f,600276.SH,INNOVATION_DRUG,CLINICAL_REGULATORY,CDE_CLINICAL_TRIAL_IMPLIED_LICENSE_SNAPSHOT,2026-09-30,2026-10-08,NMPA_CDE_PUBLISHED_NOTICE_ARCHIVE,NMPA_OR_CDE,official:48cb3ec37f3f5d124f1316d5cd818eb6,OFFICIAL_SNAPSHOT:official:48cb3ec37f3f5d124f1316d5cd818eb6,临床试验默示许可:HRG2101吸入剂:本品用于治疗特发性肺纤维化。,https://www.cde.org.cn/main/xxgk/listpage/4b5255eb0a84820cef4ca3e8b6bbe20c,OFFICIAL_CDE_CATEGORY_NO_DIRECTION,"{""applicant"": ""江苏恒瑞医药股份有限公司"", ""approval_date"": null, ""availability_basis"": ""FIRST_OBSERVED_SNAPSHOT_DATE"", ""availability_rule"": ""DATE_ONLY_NEXT_TRADE_DATE"", ""category"": ""临床试验默示许可"", ""date_only_source_timestamp_delayed_to_next_real_trading_date"": true, ""direction_classified"": false, ""drug_name"": ""HRG2101吸入剂"", ""entity_mapping_basis"": ""EXACT_LISTED_ISSUER_LEGAL_NAME"", ""first_observed_snapshot_only"": true, ""forward_or_historical_outcome_read"": false, ""historical_reconstruction_allowed"": false, ""indication"": ""本品用于治疗特发性肺纤维化。"", ""official_source_url"": ""https://www.cde.org.cn/main/xxgk/listpage/4b5255eb0a84820cef4ca3e8b6bbe20c"", ""predictive_weight_assigned"": false, ""publication_date"": null, ""snapshot_captured_at"": ""2026-09-30T17:29:59+08:00"", ""source_identity"": ""NMPA_CDE_PUBLISHED_NOTICE_ARCHIVE""}",b3fbd05b870dbe9147dc2b34d84f8fd62298c5a8abc1d90f26cf03ce68ee490f,PROSPECTIVE_FIRST_OBSERVED_ONLY,False,False,False
idkpi:b5f713aed6bd63c4f9ae10f625dc10e91bfd9e58958694a2bb65dba974a80d8e,600276.SH,INNOVATION_DRUG,CLINICAL_REGULATORY,CDE_CLINICAL_TRIAL_IMPLIED_LICENSE_SNAPSHOT,2026-09-30,2026-10-08,NMPA_CDE_PUBLISHED_NOTICE_ARCHIVE,NMPA_OR_CDE,official:c8f21809e8e0956b240e3420db8e412b,OFFICIAL_SNAPSHOT:official:c8f21809e8e0956b240e3420db8e412b,临床试验默示许可:SHR-3167注射液:糖尿病,https://www.cde.org.cn/main/xxgk/listpage/4b5255eb0a84820cef4ca3e8b6bbe20c,OFFICIAL_CDE_CATEGORY_NO_DIRECTION,"{""applicant"": ""江苏恒瑞医药股份有限公司"", ""approval_date"": null, ""availability_basis"": ""FIRST_OBSERVED_SNAPSHOT_DATE"", ""availability_rule"": ""DATE_ONLY_NEXT_TRADE_DATE"", ""category"": ""临床试验默示许可"", ""date_only_source_timestamp_delayed_to_next_real_trading_date"": true, ""direction_classified"": false, ""drug_name"": ""SHR-3167注射液"", ""entity_mapping_basis"": ""EXACT_LISTED_ISSUER_LEGAL_NAME"", ""first_observed_snapshot_only"": true, ""forward_or_historical_outcome_read"": false, ""historical_reconstruction_allowed"": false, ""indication"": ""糖尿病"", ""official_source_url"": ""https://www.cde.org.cn/main/xxgk/listpage/4b5255eb0a84820cef4ca3e8b6bbe20c"", ""predictive_weight_assigned"": false, ""publication_date"": null, ""snapshot_captured_at"": ""2026-09-30T17:29:59+08:00"", ""source_identity"": ""NMPA_CDE_PUBLISHED_NOTICE_ARCHIVE""}",b5f713aed6bd63c4f9ae10f625dc10e91bfd9e58958694a2bb65dba974a80d8e,PROSPECTIVE_FIRST_OBSERVED_ONLY,False,False,False
idkpi:b7ed200e830853d8bcb487ca113286101bed62e9afa62f30416bca421d86d9bf,600276.SH,INNOVATION_DRUG,CLINICAL_REGULATORY,CDE_CLINICAL_TRIAL_IMPLIED_LICENSE_SNAPSHOT,2026-09-30,2026-10-08,NMPA_CDE_PUBLISHED_NOTICE_ARCHIVE,NMPA_OR_CDE,official:3f0916d63455e22a71af945699f58107,OFFICIAL_SNAPSHOT:official:3f0916d63455e22a71af945699f58107,"临床试验默示许可:HRS-6209胶囊:1.本品联合HRS-1358或HRS-8080或芳香化酶抑制剂或氟维司群用于乳腺癌的治疗。
2.本品联合HRS-2189+HRS-8080、或联合HRS-2189+HRS-1358、或联合HRS-2189+氟维司群用于恶性肿瘤的治疗。
3.本品联合HRS-2189和芳香化酶抑制剂用于乳腺癌的治疗。
4.本品联合HRS-6208+HRS-8080，或联合HRS-6208+HRS-1358，或联合HRS-6208+氟维司群，或联合HRS-6208+芳香化酶抑制剂用于实体瘤的治疗。",https://www.cde.org.cn/main/xxgk/listpage/4b5255eb0a84820cef4ca3e8b6bbe20c,OFFICIAL_CDE_CATEGORY_NO_DIRECTION,"{""applicant"": ""江苏恒瑞医药股份有限公司"", ""approval_date"": null, ""availability_basis"": ""FIRST_OBSERVED_SNAPSHOT_DATE"", ""availability_rule"": ""DATE_ONLY_NEXT_TRADE_DATE"", ""category"": ""临床试验默示许可"", ""date_only_source_timestamp_delayed_to_next_real_trading_date"": true, ""direction_classified"": false, ""drug_name"": ""HRS-6209胶囊"", ""entity_mapping_basis"": ""EXACT_LISTED_ISSUER_LEGAL_NAME"", ""first_observed_snapshot_only"": true, ""forward_or_historical_outcome_read"": false, ""historical_reconstruction_allowed"": false, ""indication"": ""1.本品联合HRS-1358或HRS-8080或芳香化酶抑制剂或氟维司群用于乳腺癌的治疗。\r\n2.本品联合HRS-2189+HRS-8080、或联合HRS-2189+HRS-1358、或联合HRS-2189+氟维司群用于恶性肿瘤的治疗。\r\n3.本品联合HRS-2189和芳香化酶抑制剂用于乳腺癌的治疗。\r\n4.本品联合HRS-6208+HRS-8080，或联合HRS-6208+HRS-1358，或联合HRS-6208+氟维司群，或联合HRS-6208+芳香化酶抑制剂用于实体瘤的治疗。"", ""official_source_url"": ""https://www.cde.org.cn/main/xxgk/listpage/4b5255eb0a84820cef4ca3e8b6bbe20c"", ""predictive_weight_assigned"": false, ""publication_date"": null, ""snapshot_captured_at"": ""2026-09-30T17:29:59+08:00"", ""source_identity"": ""NMPA_CDE_PUBLISHED_NOTICE_ARCHIVE""}",b7ed200e830853d8bcb487ca113286101bed62e9afa62f30416bca421d86d9bf,PROSPECTIVE_FIRST_OBSERVED_ONLY,False,False,False
idkpi:b7ef076859b9cecd6eaafcea6d675f7e4fceda8657d9b259ec7b75e21f8e9a51,600276.SH,INNOVATION_DRUG,CLINICAL_REGULATORY,CDE_CLINICAL_TRIAL_IMPLIED_LICENSE_SNAPSHOT,2026-09-30,2026-10-08,NMPA_CDE_PUBLISHED_NOTICE_ARCHIVE,NMPA_OR_CDE,official:aaa0ba7d16599131293adf32f1545164,OFFICIAL_SNAPSHOT:official:aaa0ba7d16599131293adf32f1545164,临床试验默示许可:注射用HRS-8427:用于尿路感染。,https://www.cde.org.cn/main/xxgk/listpage/4b5255eb0a84820cef4ca3e8b6bbe20c,OFFICIAL_CDE_CATEGORY_NO_DIRECTION,"{""applicant"": ""江苏恒瑞医药股份有限公司"", ""approval_date"": null, ""availability_basis"": ""FIRST_OBSERVED_SNAPSHOT_DATE"", ""availability_rule"": ""DATE_ONLY_NEXT_TRADE_DATE"", ""category"": ""临床试验默示许可"", ""date_only_source_timestamp_delayed_to_next_real_trading_date"": true, ""direction_classified"": false, ""drug_name"": ""注射用HRS-8427"", ""entity_mapping_basis"": ""EXACT_LISTED_ISSUER_LEGAL_NAME"", ""first_observed_snapshot_only"": true, ""forward_or_historical_outcome_read"": false, ""historical_reconstruction_allowed"": false, ""indication"": ""用于尿路感染。"", ""official_source_url"": ""https://www.cde.org.cn/main/xxgk/listpage/4b5255eb0a84820cef4ca3e8b6bbe20c"", ""predictive_weight_assigned"": false, ""publication_date"": null, ""snapshot_captured_at"": ""2026-09-30T17:29:59+08:00"", ""source_identity"": ""NMPA_CDE_PUBLISHED_NOTICE_ARCHIVE""}",b7ef076859b9cecd6eaafcea6d675f7e4fceda8657d9b259ec7b75e21f8e9a51,PROSPECTIVE_FIRST_OBSERVED_ONLY,False,False,False
idkpi:b90402b44dab8c951c08d11faad6aadb9b3bb53b516dd18d59f0b14a137a01ac,600276.SH,INNOVATION_DRUG,CLINICAL_REGULATORY,CDE_CLINICAL_TRIAL_IMPLIED_LICENSE_SNAPSHOT,2026-09-30,2026-10-08,NMPA_CDE_PUBLISHED_NOTICE_ARCHIVE,NMPA_OR_CDE,official:53eaadb1cac6765a50a4ac57827d2b69,OFFICIAL_SNAPSHOT:official:53eaadb1cac6765a50a4ac57827d2b69,"临床试验默示许可:HRS-3738片:多发性骨髓瘤(Multiple myeloma, MM)和非霍奇金淋巴瘤(Non-hodgkin lymphoma, NHL)",https://www.cde.org.cn/main/xxgk/listpage/4b5255eb0a84820cef4ca3e8b6bbe20c,OFFICIAL_CDE_CATEGORY_NO_DIRECTION,"{""applicant"": ""江苏恒瑞医药股份有限公司"", ""approval_date"": null, ""availability_basis"": ""FIRST_OBSERVED_SNAPSHOT_DATE"", ""availability_rule"": ""DATE_ONLY_NEXT_TRADE_DATE"", ""category"": ""临床试验默示许可"", ""date_only_source_timestamp_delayed_to_next_real_trading_date"": true, ""direction_classified"": false, ""drug_name"": ""HRS-3738片"", ""entity_mapping_basis"": ""EXACT_LISTED_ISSUER_LEGAL_NAME"", ""first_observed_snapshot_only"": true, ""forward_or_historical_outcome_read"": false, ""historical_reconstruction_allowed"": false, ""indication"": ""多发性骨髓瘤(Multiple myeloma, MM)和非霍奇金淋巴瘤(Non-hodgkin lymphoma, NHL)"", ""official_source_url"": ""https://www.cde.org.cn/main/xxgk/listpage/4b5255eb0a84820cef4ca3e8b6bbe20c"", ""predictive_weight_assigned"": false, ""publication_date"": null, ""snapshot_captured_at"": ""2026-09-30T17:29:59+08:00"", ""source_identity"": ""NMPA_CDE_PUBLISHED_NOTICE_ARCHIVE""}",b90402b44dab8c951c08d11faad6aadb9b3bb53b516dd18d59f0b14a137a01ac,PROSPECTIVE_FIRST_OBSERVED_ONLY,False,False,False
idkpi:b9ea7bb792353f9f2eb2def06ae5767168e9b53527ccb72dec4a64c05eb05038,600276.SH,INNOVATION_DRUG,CLINICAL_REGULATORY,CDE_CLINICAL_TRIAL_IMPLIED_LICENSE_SNAPSHOT,2026-09-30,2026-10-08,NMPA_CDE_PUBLISHED_NOTICE_ARCHIVE,NMPA_OR_CDE,official:b0ec7a4c616230bbc35bc6304db89cdf,OFFICIAL_SNAPSHOT:official:b0ec7a4c616230bbc35bc6304db89cdf,临床试验默示许可:HRS-6209片:拟用于治疗晚期恶性实体瘤。,https://www.cde.org.cn/main/xxgk/listpage/4b5255eb0a84820cef4ca3e8b6bbe20c,OFFICIAL_CDE_CATEGORY_NO_DIRECTION,"{""applicant"": ""江苏恒瑞医药股份有限公司"", ""approval_date"": null, ""availability_basis"": ""FIRST_OBSERVED_SNAPSHOT_DATE"", ""availability_rule"": ""DATE_ONLY_NEXT_TRADE_DATE"", ""category"": ""临床试验默示许可"", ""date_only_source_timestamp_delayed_to_next_real_trading_date"": true, ""direction_classified"": false, ""drug_name"": ""HRS-6209片"", ""entity_mapping_basis"": ""EXACT_LISTED_ISSUER_LEGAL_NAME"", ""first_observed_snapshot_only"": true, ""forward_or_historical_outcome_read"": false, ""historical_reconstruction_allowed"": false, ""indication"": ""拟用于治疗晚期恶性实体瘤。"", ""official_source_url"": ""https://www.cde.org.cn/main/xxgk/listpage/4b5255eb0a84820cef4ca3e8b6bbe20c"", ""predictive_weight_assigned"": false, ""publication_date"": null, ""snapshot_captured_at"": ""2026-09-30T17:29:59+08:00"", ""source_identity"": ""NMPA_CDE_PUBLISHED_NOTICE_ARCHIVE""}",b9ea7bb792353f9f2eb2def06ae5767168e9b53527ccb72dec4a64c05eb05038,PROSPECTIVE_FIRST_OBSERVED_ONLY,False,False,False
idkpi:bae95166ecec8b6db3c56c0507e1f216c5225c4b41e0b8aa187364313f1e5e41,600276.SH,INNOVATION_DRUG,CLINICAL_REGULATORY,CDE_CLINICAL_TRIAL_IMPLIED_LICENSE_SNAPSHOT,2026-09-30,2026-10-08,NMPA_CDE_PUBLISHED_NOTICE_ARCHIVE,NMPA_OR_CDE,official:721aad898257720d5b7e2d03af6aec61,OFFICIAL_SNAPSHOT:official:721aad898257720d5b7e2d03af6aec61,临床试验默示许可:HRS-4508片:本品联合曲妥珠单抗±帕妥珠单抗+化疗用于实体瘤的治疗,https://www.cde.org.cn/main/xxgk/listpage/4b5255eb0a84820cef4ca3e8b6bbe20c,OFFICIAL_CDE_CATEGORY_NO_DIRECTION,"{""applicant"": ""江苏恒瑞医药股份有限公司"", ""approval_date"": null, ""availability_basis"": ""FIRST_OBSERVED_SNAPSHOT_DATE"", ""availability_rule"": ""DATE_ONLY_NEXT_TRADE_DATE"", ""category"": ""临床试验默示许可"", ""date_only_source_timestamp_delayed_to_next_real_trading_date"": true, ""direction_classified"": false, ""drug_name"": ""HRS-4508片"", ""entity_mapping_basis"": ""EXACT_LISTED_ISSUER_LEGAL_NAME"", ""first_observed_snapshot_only"": true, ""forward_or_historical_outcome_read"": false, ""historical_reconstruction_allowed"": false, ""indication"": ""本品联合曲妥珠单抗±帕妥珠单抗+化疗用于实体瘤的治疗"", ""official_source_url"": ""https://www.cde.org.cn/main/xxgk/listpage/4b5255eb0a84820cef4ca3e8b6bbe20c"", ""predictive_weight_assigned"": false, ""publication_date"": null, ""snapshot_captured_at"": ""2026-09-30T17:29:59+08:00"", ""source_identity"": ""NMPA_CDE_PUBLISHED_NOTICE_ARCHIVE""}",bae95166ecec8b6db3c56c0507e1f216c5225c4b41e0b8aa187364313f1e5e41,PROSPECTIVE_FIRST_OBSERVED_ONLY,False,False,False
idkpi:bb7eac0641f827f8340b4222ab2a50af028b0875cfc8763f9ecce3f44edf973a,600276.SH,INNOVATION_DRUG,CLINICAL_REGULATORY,CDE_CLINICAL_TRIAL_IMPLIED_LICENSE_SNAPSHOT,2026-09-30,2026-10-08,NMPA_CDE_PUBLISHED_NOTICE_ARCHIVE,NMPA_OR_CDE,official:017f9906bed26f6da56f72d57d46011a,OFFICIAL_SNAPSHOT:official:017f9906bed26f6da56f72d57d46011a,临床试验默示许可:HRS-6209胶囊:拟用于治疗晚期恶性实体瘤。,https://www.cde.org.cn/main/xxgk/listpage/4b5255eb0a84820cef4ca3e8b6bbe20c,OFFICIAL_CDE_CATEGORY_NO_DIRECTION,"{""applicant"": ""江苏恒瑞医药股份有限公司"", ""approval_date"": null, ""availability_basis"": ""FIRST_OBSERVED_SNAPSHOT_DATE"", ""availability_rule"": ""DATE_ONLY_NEXT_TRADE_DATE"", ""category"": ""临床试验默示许可"", ""date_only_source_timestamp_delayed_to_next_real_trading_date"": true, ""direction_classified"": false, ""drug_name"": ""HRS-6209胶囊"", ""entity_mapping_basis"": ""EXACT_LISTED_ISSUER_LEGAL_NAME"", ""first_observed_snapshot_only"": true, ""forward_or_historical_outcome_read"": false, ""historical_reconstruction_allowed"": false, ""indication"": ""拟用于治疗晚期恶性实体瘤。"", ""official_source_url"": ""https://www.cde.org.cn/main/xxgk/listpage/4b5255eb0a84820cef4ca3e8b6bbe20c"", ""predictive_weight_assigned"": false, ""publication_date"": null, ""snapshot_captured_at"": ""2026-09-30T17:29:59+08:00"", ""source_identity"": ""NMPA_CDE_PUBLISHED_NOTICE_ARCHIVE""}",bb7eac0641f827f8340b4222ab2a50af028b0875cfc8763f9ecce3f44edf973a,PROSPECTIVE_FIRST_OBSERVED_ONLY,False,False,False
idkpi:bc0e3f75cc6319011d16e0be15a730353457e113ca400bf6a92de1dacef4161f,600276.SH,INNOVATION_DRUG,CLINICAL_REGULATORY,CDE_CLINICAL_TRIAL_IMPLIED_LICENSE_SNAPSHOT,2026-09-30,2026-10-08,NMPA_CDE_PUBLISHED_NOTICE_ARCHIVE,NMPA_OR_CDE,official:e8bfba75d5e83e28c1767afefdc0054d,OFFICIAL_SNAPSHOT:official:e8bfba75d5e83e28c1767afefdc0054d,临床试验默示许可:甲磺酸阿帕替尼片:本品联合SHR-1701及标准化疗用于局部晚期不可切除或转移性胃癌或胃食管结合部癌患者。,https://www.cde.org.cn/main/xxgk/listpage/4b5255eb0a84820cef4ca3e8b6bbe20c,OFFICIAL_CDE_CATEGORY_NO_DIRECTION,"{""applicant"": ""江苏恒瑞医药股份有限公司"", ""approval_date"": null, ""availability_basis"": ""FIRST_OBSERVED_SNAPSHOT_DATE"", ""availability_rule"": ""DATE_ONLY_NEXT_TRADE_DATE"", ""category"": ""临床试验默示许可"", ""date_only_source_timestamp_delayed_to_next_real_trading_date"": true, ""direction_classified"": false, ""drug_name"": ""甲磺酸阿帕替尼片"", ""entity_mapping_basis"": ""EXACT_LISTED_ISSUER_LEGAL_NAME"", ""first_observed_snapshot_only"": true, ""forward_or_historical_outcome_read"": false, ""historical_reconstruction_allowed"": false, ""indication"": ""本品联合SHR-1701及标准化疗用于局部晚期不可切除或转移性胃癌或胃食管结合部癌患者。"", ""official_source_url"": ""https://www.cde.org.cn/main/xxgk/listpage/4b5255eb0a84820cef4ca3e8b6bbe20c"", ""predictive_weight_assigned"": false, ""publication_date"": null, ""snapshot_captured_at"": ""2026-09-30T17:29:59+08:00"", ""source_identity"": ""NMPA_CDE_PUBLISHED_NOTICE_ARCHIVE""}",bc0e3f75cc6319011d16e0be15a730353457e113ca400bf6a92de1dacef4161f,PROSPECTIVE_FIRST_OBSERVED_ONLY,False,False,False
idkpi:bddf53829f0f9e735154b9f1aa52436a1ec88d0e72c7d4b51756ffddca3d3af8,600276.SH,INNOVATION_DRUG,CLINICAL_REGULATORY,CDE_CLINICAL_TRIAL_IMPLIED_LICENSE_SNAPSHOT,2026-09-30,2026-10-08,NMPA_CDE_PUBLISHED_NOTICE_ARCHIVE,NMPA_OR_CDE,official:fd97479753da2eaec5fcbf680bfd123c,OFFICIAL_SNAPSHOT:official:fd97479753da2eaec5fcbf680bfd123c,临床试验默示许可:SHR0410注射液:用于术后急性中到重度疼痛的治疗。,https://www.cde.org.cn/main/xxgk/listpage/4b5255eb0a84820cef4ca3e8b6bbe20c,OFFICIAL_CDE_CATEGORY_NO_DIRECTION,"{""applicant"": ""江苏恒瑞医药股份有限公司"", ""approval_date"": null, ""availability_basis"": ""FIRST_OBSERVED_SNAPSHOT_DATE"", ""availability_rule"": ""DATE_ONLY_NEXT_TRADE_DATE"", ""category"": ""临床试验默示许可"", ""date_only_source_timestamp_delayed_to_next_real_trading_date"": true, ""direction_classified"": false, ""drug_name"": ""SHR0410注射液"", ""entity_mapping_basis"": ""EXACT_LISTED_ISSUER_LEGAL_NAME"", ""first_observed_snapshot_only"": true, ""forward_or_historical_outcome_read"": false, ""historical_reconstruction_allowed"": false, ""indication"": ""用于术后急性中到重度疼痛的治疗。"", ""official_source_url"": ""https://www.cde.org.cn/main/xxgk/listpage/4b5255eb0a84820cef4ca3e8b6bbe20c"", ""predictive_weight_assigned"": false, ""publication_date"": null, ""snapshot_captured_at"": ""2026-09-30T17:29:59+08:00"", ""source_identity"": ""NMPA_CDE_PUBLISHED_NOTICE_ARCHIVE""}",bddf53829f0f9e735154b9f1aa52436a1ec88d0e72c7d4b51756ffddca3d3af8,PROSPECTIVE_FIRST_OBSERVED_ONLY,False,False,False
idkpi:c0b9e4385e77e83a62cd2919d1799ea7c6b5f6221363e7bc653e18f0a36a9383,600276.SH,INNOVATION_DRUG,CLINICAL_REGULATORY,CDE_CLINICAL_TRIAL_IMPLIED_LICENSE_SNAPSHOT,2026-09-30,2026-10-08,NMPA_CDE_PUBLISHED_NOTICE_ARCHIVE,NMPA_OR_CDE,official:6ca2d99436ff38c333c4fac34d119747,OFFICIAL_SNAPSHOT:official:6ca2d99436ff38c333c4fac34d119747,临床试验默示许可:SHR0302碱凝胶:白癜风,https://www.cde.org.cn/main/xxgk/listpage/4b5255eb0a84820cef4ca3e8b6bbe20c,OFFICIAL_CDE_CATEGORY_NO_DIRECTION,"{""applicant"": ""江苏恒瑞医药股份有限公司"", ""approval_date"": null, ""availability_basis"": ""FIRST_OBSERVED_SNAPSHOT_DATE"", ""availability_rule"": ""DATE_ONLY_NEXT_TRADE_DATE"", ""category"": ""临床试验默示许可"", ""date_only_source_timestamp_delayed_to_next_real_trading_date"": true, ""direction_classified"": false, ""drug_name"": ""SHR0302碱凝胶"", ""entity_mapping_basis"": ""EXACT_LISTED_ISSUER_LEGAL_NAME"", ""first_observed_snapshot_only"": true, ""forward_or_historical_outcome_read"": false, ""historical_reconstruction_allowed"": false, ""indication"": ""白癜风"", ""official_source_url"": ""https://www.cde.org.cn/main/xxgk/listpage/4b5255eb0a84820cef4ca3e8b6bbe20c"", ""predictive_weight_assigned"": false, ""publication_date"": null, ""snapshot_captured_at"": ""2026-09-30T17:29:59+08:00"", ""source_identity"": ""NMPA_CDE_PUBLISHED_NOTICE_ARCHIVE""}",c0b9e4385e77e83a62cd2919d1799ea7c6b5f6221363e7bc653e18f0a36a9383,PROSPECTIVE_FIRST_OBSERVED_ONLY,False,False,False
idkpi:c0dfd4edfec6ed8d373a5ae069537c64727023ae911425cf985f864a8dc02a15,600276.SH,INNOVATION_DRUG,CLINICAL_REGULATORY,CDE_CLINICAL_TRIAL_IMPLIED_LICENSE_SNAPSHOT,2026-09-30,2026-10-08,NMPA_CDE_PUBLISHED_NOTICE_ARCHIVE,NMPA_OR_CDE,official:882e234e021e86bb86b361d98a8399f4,OFFICIAL_SNAPSHOT:official:882e234e021e86bb86b361d98a8399f4,临床试验默示许可:HRS4800片:疼痛,https://www.cde.org.cn/main/xxgk/listpage/4b5255eb0a84820cef4ca3e8b6bbe20c,OFFICIAL_CDE_CATEGORY_NO_DIRECTION,"{""applicant"": ""江苏恒瑞医药股份有限公司"", ""approval_date"": null, ""availability_basis"": ""FIRST_OBSERVED_SNAPSHOT_DATE"", ""availability_rule"": ""DATE_ONLY_NEXT_TRADE_DATE"", ""category"": ""临床试验默示许可"", ""date_only_source_timestamp_delayed_to_next_real_trading_date"": true, ""direction_classified"": false, ""drug_name"": ""HRS4800片"", ""entity_mapping_basis"": ""EXACT_LISTED_ISSUER_LEGAL_NAME"", ""first_observed_snapshot_only"": true, ""forward_or_historical_outcome_read"": false, ""historical_reconstruction_allowed"": false, ""indication"": ""疼痛"", ""official_source_url"": ""https://www.cde.org.cn/main/xxgk/listpage/4b5255eb0a84820cef4ca3e8b6bbe20c"", ""predictive_weight_assigned"": false, ""publication_date"": null, ""snapshot_captured_at"": ""2026-09-30T17:29:59+08:00"", ""source_identity"": ""NMPA_CDE_PUBLISHED_NOTICE_ARCHIVE""}",c0dfd4edfec6ed8d373a5ae069537c64727023ae911425cf985f864a8dc02a15,PROSPECTIVE_FIRST_OBSERVED_ONLY,False,False,False
idkpi:c1ef824b6da36db25f9fed5bdba46b3a98f18aca13a36be1b2410a54a5b5919b,600276.SH,INNOVATION_DRUG,CLINICAL_REGULATORY,CDE_CLINICAL_TRIAL_IMPLIED_LICENSE_SNAPSHOT,2026-09-30,2026-10-08,NMPA_CDE_PUBLISHED_NOTICE_ARCHIVE,NMPA_OR_CDE,official:3fc9b61a11a3a5b99b98a95b4edb8b11,OFFICIAL_SNAPSHOT:official:3fc9b61a11a3a5b99b98a95b4edb8b11,临床试验默示许可:HRS-6209胶囊:HRS-6209联合内分泌治疗±HRS-4508±曲妥珠单抗±帕妥珠单抗用于乳腺癌的治疗,https://www.cde.org.cn/main/xxgk/listpage/4b5255eb0a84820cef4ca3e8b6bbe20c,OFFICIAL_CDE_CATEGORY_NO_DIRECTION,"{""applicant"": ""江苏恒瑞医药股份有限公司"", ""approval_date"": null, ""availability_basis"": ""FIRST_OBSERVED_SNAPSHOT_DATE"", ""availability_rule"": ""DATE_ONLY_NEXT_TRADE_DATE"", ""category"": ""临床试验默示许可"", ""date_only_source_timestamp_delayed_to_next_real_trading_date"": true, ""direction_classified"": false, ""drug_name"": ""HRS-6209胶囊"", ""entity_mapping_basis"": ""EXACT_LISTED_ISSUER_LEGAL_NAME"", ""first_observed_snapshot_only"": true, ""forward_or_historical_outcome_read"": false, ""historical_reconstruction_allowed"": false, ""indication"": ""HRS-6209联合内分泌治疗±HRS-4508±曲妥珠单抗±帕妥珠单抗用于乳腺癌的治疗"", ""official_source_url"": ""https://www.cde.org.cn/main/xxgk/listpage/4b5255eb0a84820cef4ca3e8b6bbe20c"", ""predictive_weight_assigned"": false, ""publication_date"": null, ""snapshot_captured_at"": ""2026-09-30T17:29:59+08:00"", ""source_identity"": ""NMPA_CDE_PUBLISHED_NOTICE_ARCHIVE""}",c1ef824b6da36db25f9fed5bdba46b3a98f18aca13a36be1b2410a54a5b5919b,PROSPECTIVE_FIRST_OBSERVED_ONLY,False,False,False
idkpi:c3e3c77ee9f6e4128a598123dc60d7b7cf814cbb2f303d0ac5586507f70ac7ad,600276.SH,INNOVATION_DRUG,CLINICAL_REGULATORY,CDE_CLINICAL_TRIAL_IMPLIED_LICENSE_SNAPSHOT,2026-09-30,2026-10-08,NMPA_CDE_PUBLISHED_NOTICE_ARCHIVE,NMPA_OR_CDE,official:a69e4ffb245e3077e8c02d9fe48383e6,OFFICIAL_SNAPSHOT:official:a69e4ffb245e3077e8c02d9fe48383e6,临床试验默示许可:HR091506片:用于长期治疗痛风患者的高尿酸血症。,https://www.cde.org.cn/main/xxgk/listpage/4b5255eb0a84820cef4ca3e8b6bbe20c,OFFICIAL_CDE_CATEGORY_NO_DIRECTION,"{""applicant"": ""江苏恒瑞医药股份有限公司"", ""approval_date"": null, ""availability_basis"": ""FIRST_OBSERVED_SNAPSHOT_DATE"", ""availability_rule"": ""DATE_ONLY_NEXT_TRADE_DATE"", ""category"": ""临床试验默示许可"", ""date_only_source_timestamp_delayed_to_next_real_trading_date"": true, ""direction_classified"": false, ""drug_name"": ""HR091506片"", ""entity_mapping_basis"": ""EXACT_LISTED_ISSUER_LEGAL_NAME"", ""first_observed_snapshot_only"": true, ""forward_or_historical_outcome_read"": false, ""historical_reconstruction_allowed"": false, ""indication"": ""用于长期治疗痛风患者的高尿酸血症。"", ""official_source_url"": ""https://www.cde.org.cn/main/xxgk/listpage/4b5255eb0a84820cef4ca3e8b6bbe20c"", ""predictive_weight_assigned"": false, ""publication_date"": null, ""snapshot_captured_at"": ""2026-09-30T17:29:59+08:00"", ""source_identity"": ""NMPA_CDE_PUBLISHED_NOTICE_ARCHIVE""}",c3e3c77ee9f6e4128a598123dc60d7b7cf814cbb2f303d0ac5586507f70ac7ad,PROSPECTIVE_FIRST_OBSERVED_ONLY,False,False,False
idkpi:c40027df734f6ca65a279843e0c9229996be0d044a92e50285514d09f03302fe,600276.SH,INNOVATION_DRUG,CLINICAL_REGULATORY,CDE_CLINICAL_TRIAL_IMPLIED_LICENSE_SNAPSHOT,2026-09-30,2026-10-08,NMPA_CDE_PUBLISHED_NOTICE_ARCHIVE,NMPA_OR_CDE,official:f05f05a643133f93ff47416653ee8724,OFFICIAL_SNAPSHOT:official:f05f05a643133f93ff47416653ee8724,临床试验默示许可:HRS-4642注射液:KRAS G12D突变的晚期实体瘤,https://www.cde.org.cn/main/xxgk/listpage/4b5255eb0a84820cef4ca3e8b6bbe20c,OFFICIAL_CDE_CATEGORY_NO_DIRECTION,"{""applicant"": ""江苏恒瑞医药股份有限公司"", ""approval_date"": null, ""availability_basis"": ""FIRST_OBSERVED_SNAPSHOT_DATE"", ""availability_rule"": ""DATE_ONLY_NEXT_TRADE_DATE"", ""category"": ""临床试验默示许可"", ""date_only_source_timestamp_delayed_to_next_real_trading_date"": true, ""direction_classified"": false, ""drug_name"": ""HRS-4642注射液"", ""entity_mapping_basis"": ""EXACT_LISTED_ISSUER_LEGAL_NAME"", ""first_observed_snapshot_only"": true, ""forward_or_historical_outcome_read"": false, ""historical_reconstruction_allowed"": false, ""indication"": ""KRAS G12D突变的晚期实体瘤"", ""official_source_url"": ""https://www.cde.org.cn/main/xxgk/listpage/4b5255eb0a84820cef4ca3e8b6bbe20c"", ""predictive_weight_assigned"": false, ""publication_date"": null, ""snapshot_captured_at"": ""2026-09-30T17:29:59+08:00"", ""source_identity"": ""NMPA_CDE_PUBLISHED_NOTICE_ARCHIVE""}",c40027df734f6ca65a279843e0c9229996be0d044a92e50285514d09f03302fe,PROSPECTIVE_FIRST_OBSERVED_ONLY,False,False,False
idkpi:c41569161cef6670faa5975869b849f35707df1ac2baebefdf21518e6065a47d,600276.SH,INNOVATION_DRUG,CLINICAL_REGULATORY,CDE_CLINICAL_TRIAL_IMPLIED_LICENSE_SNAPSHOT,2026-09-30,2026-10-08,NMPA_CDE_PUBLISHED_NOTICE_ARCHIVE,NMPA_OR_CDE,official:18d25f903aaf5345be6967dd017d1dc1,OFFICIAL_SNAPSHOT:official:18d25f903aaf5345be6967dd017d1dc1,临床试验默示许可:泽美妥司他片:本品联合注射用SHR-4394用于前列腺癌。,https://www.cde.org.cn/main/xxgk/listpage/4b5255eb0a84820cef4ca3e8b6bbe20c,OFFICIAL_CDE_CATEGORY_NO_DIRECTION,"{""applicant"": ""江苏恒瑞医药股份有限公司"", ""approval_date"": null, ""availability_basis"": ""FIRST_OBSERVED_SNAPSHOT_DATE"", ""availability_rule"": ""DATE_ONLY_NEXT_TRADE_DATE"", ""category"": ""临床试验默示许可"", ""date_only_source_timestamp_delayed_to_next_real_trading_date"": true, ""direction_classified"": false, ""drug_name"": ""泽美妥司他片"", ""entity_mapping_basis"": ""EXACT_LISTED_ISSUER_LEGAL_NAME"", ""first_observed_snapshot_only"": true, ""forward_or_historical_outcome_read"": false, ""historical_reconstruction_allowed"": false, ""indication"": ""本品联合注射用SHR-4394用于前列腺癌。"", ""official_source_url"": ""https://www.cde.org.cn/main/xxgk/listpage/4b5255eb0a84820cef4ca3e8b6bbe20c"", ""predictive_weight_assigned"": false, ""publication_date"": null, ""snapshot_captured_at"": ""2026-09-30T17:29:59+08:00"", ""source_identity"": ""NMPA_CDE_PUBLISHED_NOTICE_ARCHIVE""}",c41569161cef6670faa5975869b849f35707df1ac2baebefdf21518e6065a47d,PROSPECTIVE_FIRST_OBSERVED_ONLY,False,False,False
idkpi:c51189b9ca7c50e9d9b21286a97c640edbad0b184a32070213bc50d05849693e,600276.SH,INNOVATION_DRUG,CLINICAL_REGULATORY,CDE_CLINICAL_TRIAL_IMPLIED_LICENSE_SNAPSHOT,2026-09-30,2026-10-08,NMPA_CDE_PUBLISHED_NOTICE_ARCHIVE,NMPA_OR_CDE,official:fb2e95b085aa0ee98e5e25af1918d54b,OFFICIAL_SNAPSHOT:official:fb2e95b085aa0ee98e5e25af1918d54b,临床试验默示许可:注射用甲苯磺酸瑞马唑仑:本品适用于重症监护期间机械通气时的镇静。,https://www.cde.org.cn/main/xxgk/listpage/4b5255eb0a84820cef4ca3e8b6bbe20c,OFFICIAL_CDE_CATEGORY_NO_DIRECTION,"{""applicant"": ""江苏恒瑞医药股份有限公司"", ""approval_date"": null, ""availability_basis"": ""FIRST_OBSERVED_SNAPSHOT_DATE"", ""availability_rule"": ""DATE_ONLY_NEXT_TRADE_DATE"", ""category"": ""临床试验默示许可"", ""date_only_source_timestamp_delayed_to_next_real_trading_date"": true, ""direction_classified"": false, ""drug_name"": ""注射用甲苯磺酸瑞马唑仑"", ""entity_mapping_basis"": ""EXACT_LISTED_ISSUER_LEGAL_NAME"", ""first_observed_snapshot_only"": true, ""forward_or_historical_outcome_read"": false, ""historical_reconstruction_allowed"": false, ""indication"": ""本品适用于重症监护期间机械通气时的镇静。"", ""official_source_url"": ""https://www.cde.org.cn/main/xxgk/listpage/4b5255eb0a84820cef4ca3e8b6bbe20c"", ""predictive_weight_assigned"": false, ""publication_date"": null, ""snapshot_captured_at"": ""2026-09-30T17:29:59+08:00"", ""source_identity"": ""NMPA_CDE_PUBLISHED_NOTICE_ARCHIVE""}",c51189b9ca7c50e9d9b21286a97c640edbad0b184a32070213bc50d05849693e,PROSPECTIVE_FIRST_OBSERVED_ONLY,False,False,False
idkpi:c5845774bedeffb5a9f6a87b532a40ea8bdfe49d5662305f5c2343aea6fe4927,600276.SH,INNOVATION_DRUG,CLINICAL_REGULATORY,CDE_CLINICAL_TRIAL_IMPLIED_LICENSE_SNAPSHOT,2026-09-30,2026-10-08,NMPA_CDE_PUBLISHED_NOTICE_ARCHIVE,NMPA_OR_CDE,official:da6f0c9c3793af03966399d115a1e943,OFFICIAL_SNAPSHOT:official:da6f0c9c3793af03966399d115a1e943,临床试验默示许可:HR17031注射液:配合饮食控制和运动，用于改善2型糖尿病患者的血糖控制。,https://www.cde.org.cn/main/xxgk/listpage/4b5255eb0a84820cef4ca3e8b6bbe20c,OFFICIAL_CDE_CATEGORY_NO_DIRECTION,"{""applicant"": ""江苏恒瑞医药股份有限公司"", ""approval_date"": null, ""availability_basis"": ""FIRST_OBSERVED_SNAPSHOT_DATE"", ""availability_rule"": ""DATE_ONLY_NEXT_TRADE_DATE"", ""category"": ""临床试验默示许可"", ""date_only_source_timestamp_delayed_to_next_real_trading_date"": true, ""direction_classified"": false, ""drug_name"": ""HR17031注射液"", ""entity_mapping_basis"": ""EXACT_LISTED_ISSUER_LEGAL_NAME"", ""first_observed_snapshot_only"": true, ""forward_or_historical_outcome_read"": false, ""historical_reconstruction_allowed"": false, ""indication"": ""配合饮食控制和运动，用于改善2型糖尿病患者的血糖控制。"", ""official_source_url"": ""https://www.cde.org.cn/main/xxgk/listpage/4b5255eb0a84820cef4ca3e8b6bbe20c"", ""predictive_weight_assigned"": false, ""publication_date"": null, ""snapshot_captured_at"": ""2026-09-30T17:29:59+08:00"", ""source_identity"": ""NMPA_CDE_PUBLISHED_NOTICE_ARCHIVE""}",c5845774bedeffb5a9f6a87b532a40ea8bdfe49d5662305f5c2343aea6fe4927,PROSPECTIVE_FIRST_OBSERVED_ONLY,False,False,False
idkpi:c689ab4a4642a31ceda20b05531acedd8f038d810de5c2caca405a1052205423,600276.SH,INNOVATION_DRUG,CLINICAL_REGULATORY,CDE_CLINICAL_TRIAL_IMPLIED_LICENSE_SNAPSHOT,2026-09-30,2026-10-08,NMPA_CDE_PUBLISHED_NOTICE_ARCHIVE,NMPA_OR_CDE,official:c51b185a892641a52fa53ea1de12f696,OFFICIAL_SNAPSHOT:official:c51b185a892641a52fa53ea1de12f696,临床试验默示许可:羟乙磺酸达尔西利片:本品联合HRS8807片用于乳腺癌的治疗。,https://www.cde.org.cn/main/xxgk/listpage/4b5255eb0a84820cef4ca3e8b6bbe20c,OFFICIAL_CDE_CATEGORY_NO_DIRECTION,"{""applicant"": ""江苏恒瑞医药股份有限公司"", ""approval_date"": null, ""availability_basis"": ""FIRST_OBSERVED_SNAPSHOT_DATE"", ""availability_rule"": ""DATE_ONLY_NEXT_TRADE_DATE"", ""category"": ""临床试验默示许可"", ""date_only_source_timestamp_delayed_to_next_real_trading_date"": true, ""direction_classified"": false, ""drug_name"": ""羟乙磺酸达尔西利片"", ""entity_mapping_basis"": ""EXACT_LISTED_ISSUER_LEGAL_NAME"", ""first_observed_snapshot_only"": true, ""forward_or_historical_outcome_read"": false, ""historical_reconstruction_allowed"": false, ""indication"": ""本品联合HRS8807片用于乳腺癌的治疗。"", ""official_source_url"": ""https://www.cde.org.cn/main/xxgk/listpage/4b5255eb0a84820cef4ca3e8b6bbe20c"", ""predictive_weight_assigned"": false, ""publication_date"": null, ""snapshot_captured_at"": ""2026-09-30T17:29:59+08:00"", ""source_identity"": ""NMPA_CDE_PUBLISHED_NOTICE_ARCHIVE""}",c689ab4a4642a31ceda20b05531acedd8f038d810de5c2caca405a1052205423,PROSPECTIVE_FIRST_OBSERVED_ONLY,False,False,False
idkpi:c87cf86bf24f773cea554d9b814958e2df65871ec8b2fe5c7e33a39daf56fee9,600276.SH,INNOVATION_DRUG,CLINICAL_REGULATORY,CDE_CLINICAL_TRIAL_IMPLIED_LICENSE_SNAPSHOT,2026-09-30,2026-10-08,NMPA_CDE_PUBLISHED_NOTICE_ARCHIVE,NMPA_OR_CDE,official:02ca98c399480488f43dad64969781e2,OFFICIAL_SNAPSHOT:official:02ca98c399480488f43dad64969781e2,临床试验默示许可:HRS-4642注射液:KRAS G12D突变的晚期实体瘤,https://www.cde.org.cn/main/xxgk/listpage/4b5255eb0a84820cef4ca3e8b6bbe20c,OFFICIAL_CDE_CATEGORY_NO_DIRECTION,"{""applicant"": ""江苏恒瑞医药股份有限公司"", ""approval_date"": null, ""availability_basis"": ""FIRST_OBSERVED_SNAPSHOT_DATE"", ""availability_rule"": ""DATE_ONLY_NEXT_TRADE_DATE"", ""category"": ""临床试验默示许可"", ""date_only_source_timestamp_delayed_to_next_real_trading_date"": true, ""direction_classified"": false, ""drug_name"": ""HRS-4642注射液"", ""entity_mapping_basis"": ""EXACT_LISTED_ISSUER_LEGAL_NAME"", ""first_observed_snapshot_only"": true, ""forward_or_historical_outcome_read"": false, ""historical_reconstruction_allowed"": false, ""indication"": ""KRAS G12D突变的晚期实体瘤"", ""official_source_url"": ""https://www.cde.org.cn/main/xxgk/listpage/4b5255eb0a84820cef4ca3e8b6bbe20c"", ""predictive_weight_assigned"": false, ""publication_date"": null, ""snapshot_captured_at"": ""2026-09-30T17:29:59+08:00"", ""source_identity"": ""NMPA_CDE_PUBLISHED_NOTICE_ARCHIVE""}",c87cf86bf24f773cea554d9b814958e2df65871ec8b2fe5c7e33a39daf56fee9,PROSPECTIVE_FIRST_OBSERVED_ONLY,False,False,False
idkpi:c9d7b17b499eae9f0b897e05ff0d0e28c3f38cd036eca219c3ee8e220c8b9bba,600276.SH,INNOVATION_DRUG,CLINICAL_REGULATORY,CDE_CLINICAL_TRIAL_IMPLIED_LICENSE_SNAPSHOT,2026-09-30,2026-10-08,NMPA_CDE_PUBLISHED_NOTICE_ARCHIVE,NMPA_OR_CDE,official:e1fad037a34602f22e5bf700b698e92f,OFFICIAL_SNAPSHOT:official:e1fad037a34602f22e5bf700b698e92f,临床试验默示许可:瑞维鲁胺片:本品（二代AR抑制剂）联合或不联合注射用SHR-4394联合或不联合HRS-5041片用于前列腺癌。,https://www.cde.org.cn/main/xxgk/listpage/4b5255eb0a84820cef4ca3e8b6bbe20c,OFFICIAL_CDE_CATEGORY_NO_DIRECTION,"{""applicant"": ""江苏恒瑞医药股份有限公司"", ""approval_date"": null, ""availability_basis"": ""FIRST_OBSERVED_SNAPSHOT_DATE"", ""availability_rule"": ""DATE_ONLY_NEXT_TRADE_DATE"", ""category"": ""临床试验默示许可"", ""date_only_source_timestamp_delayed_to_next_real_trading_date"": true, ""direction_classified"": false, ""drug_name"": ""瑞维鲁胺片"", ""entity_mapping_basis"": ""EXACT_LISTED_ISSUER_LEGAL_NAME"", ""first_observed_snapshot_only"": true, ""forward_or_historical_outcome_read"": false, ""historical_reconstruction_allowed"": false, ""indication"": ""本品（二代AR抑制剂）联合或不联合注射用SHR-4394联合或不联合HRS-5041片用于前列腺癌。"", ""official_source_url"": ""https://www.cde.org.cn/main/xxgk/listpage/4b5255eb0a84820cef4ca3e8b6bbe20c"", ""predictive_weight_assigned"": false, ""publication_date"": null, ""snapshot_captured_at"": ""2026-09-30T17:29:59+08:00"", ""source_identity"": ""NMPA_CDE_PUBLISHED_NOTICE_ARCHIVE""}",c9d7b17b499eae9f0b897e05ff0d0e28c3f38cd036eca219c3ee8e220c8b9bba,PROSPECTIVE_FIRST_OBSERVED_ONLY,False,False,False
idkpi:caa74767b5d6db5433480aa32afa82fd7b9653535b95f366ee93cca2bbad7c36,600276.SH,INNOVATION_DRUG,CLINICAL_REGULATORY,CDE_CLINICAL_TRIAL_IMPLIED_LICENSE_SNAPSHOT,2026-09-30,2026-10-08,NMPA_CDE_PUBLISHED_NOTICE_ARCHIVE,NMPA_OR_CDE,official:27206405ef20201496959773f6eed129,OFFICIAL_SNAPSHOT:official:27206405ef20201496959773f6eed129,临床试验默示许可:HRS-1167片:本品联合HRS2398片治疗晚期实体瘤患者,https://www.cde.org.cn/main/xxgk/listpage/4b5255eb0a84820cef4ca3e8b6bbe20c,OFFICIAL_CDE_CATEGORY_NO_DIRECTION,"{""applicant"": ""江苏恒瑞医药股份有限公司"", ""approval_date"": null, ""availability_basis"": ""FIRST_OBSERVED_SNAPSHOT_DATE"", ""availability_rule"": ""DATE_ONLY_NEXT_TRADE_DATE"", ""category"": ""临床试验默示许可"", ""date_only_source_timestamp_delayed_to_next_real_trading_date"": true, ""direction_classified"": false, ""drug_name"": ""HRS-1167片"", ""entity_mapping_basis"": ""EXACT_LISTED_ISSUER_LEGAL_NAME"", ""first_observed_snapshot_only"": true, ""forward_or_historical_outcome_read"": false, ""historical_reconstruction_allowed"": false, ""indication"": ""本品联合HRS2398片治疗晚期实体瘤患者"", ""official_source_url"": ""https://www.cde.org.cn/main/xxgk/listpage/4b5255eb0a84820cef4ca3e8b6bbe20c"", ""predictive_weight_assigned"": false, ""publication_date"": null, ""snapshot_captured_at"": ""2026-09-30T17:29:59+08:00"", ""source_identity"": ""NMPA_CDE_PUBLISHED_NOTICE_ARCHIVE""}",caa74767b5d6db5433480aa32afa82fd7b9653535b95f366ee93cca2bbad7c36,PROSPECTIVE_FIRST_OBSERVED_ONLY,False,False,False
idkpi:caf33e0f8402ec41a2e9c46877cf46c1e446731f4e48698646e15ab7589a7034,600276.SH,INNOVATION_DRUG,CLINICAL_REGULATORY,CDE_CLINICAL_TRIAL_IMPLIED_LICENSE_SNAPSHOT,2026-09-30,2026-10-08,NMPA_CDE_PUBLISHED_NOTICE_ARCHIVE,NMPA_OR_CDE,official:504ba310d22aeb32a2e47cc9746e2400,OFFICIAL_SNAPSHOT:official:504ba310d22aeb32a2e47cc9746e2400,临床试验默示许可:SHR2554片:本品拟用于恶性肿瘤的治疗。,https://www.cde.org.cn/main/xxgk/listpage/4b5255eb0a84820cef4ca3e8b6bbe20c,OFFICIAL_CDE_CATEGORY_NO_DIRECTION,"{""applicant"": ""江苏恒瑞医药股份有限公司"", ""approval_date"": null, ""availability_basis"": ""FIRST_OBSERVED_SNAPSHOT_DATE"", ""availability_rule"": ""DATE_ONLY_NEXT_TRADE_DATE"", ""category"": ""临床试验默示许可"", ""date_only_source_timestamp_delayed_to_next_real_trading_date"": true, ""direction_classified"": false, ""drug_name"": ""SHR2554片"", ""entity_mapping_basis"": ""EXACT_LISTED_ISSUER_LEGAL_NAME"", ""first_observed_snapshot_only"": true, ""forward_or_historical_outcome_read"": false, ""historical_reconstruction_allowed"": false, ""indication"": ""本品拟用于恶性肿瘤的治疗。"", ""official_source_url"": ""https://www.cde.org.cn/main/xxgk/listpage/4b5255eb0a84820cef4ca3e8b6bbe20c"", ""predictive_weight_assigned"": false, ""publication_date"": null, ""snapshot_captured_at"": ""2026-09-30T17:29:59+08:00"", ""source_identity"": ""NMPA_CDE_PUBLISHED_NOTICE_ARCHIVE""}",caf33e0f8402ec41a2e9c46877cf46c1e446731f4e48698646e15ab7589a7034,PROSPECTIVE_FIRST_OBSERVED_ONLY,False,False,False
idkpi:cbf308616559f4d037481a7b4076fe647dc6f945b104346bea6de482ee8b4605,600276.SH,INNOVATION_DRUG,CLINICAL_REGULATORY,CDE_CLINICAL_TRIAL_IMPLIED_LICENSE_SNAPSHOT,2026-09-30,2026-10-08,NMPA_CDE_PUBLISHED_NOTICE_ARCHIVE,NMPA_OR_CDE,official:11de9c11cd13bb76b44c2eafcea3a094,OFFICIAL_SNAPSHOT:official:11de9c11cd13bb76b44c2eafcea3a094,临床试验默示许可:HRS-1167片:本品联合HRS2398片治疗晚期实体瘤患者,https://www.cde.org.cn/main/xxgk/listpage/4b5255eb0a84820cef4ca3e8b6bbe20c,OFFICIAL_CDE_CATEGORY_NO_DIRECTION,"{""applicant"": ""江苏恒瑞医药股份有限公司"", ""approval_date"": null, ""availability_basis"": ""FIRST_OBSERVED_SNAPSHOT_DATE"", ""availability_rule"": ""DATE_ONLY_NEXT_TRADE_DATE"", ""category"": ""临床试验默示许可"", ""date_only_source_timestamp_delayed_to_next_real_trading_date"": true, ""direction_classified"": false, ""drug_name"": ""HRS-1167片"", ""entity_mapping_basis"": ""EXACT_LISTED_ISSUER_LEGAL_NAME"", ""first_observed_snapshot_only"": true, ""forward_or_historical_outcome_read"": false, ""historical_reconstruction_allowed"": false, ""indication"": ""本品联合HRS2398片治疗晚期实体瘤患者"", ""official_source_url"": ""https://www.cde.org.cn/main/xxgk/listpage/4b5255eb0a84820cef4ca3e8b6bbe20c"", ""predictive_weight_assigned"": false, ""publication_date"": null, ""snapshot_captured_at"": ""2026-09-30T17:29:59+08:00"", ""source_identity"": ""NMPA_CDE_PUBLISHED_NOTICE_ARCHIVE""}",cbf308616559f4d037481a7b4076fe647dc6f945b104346bea6de482ee8b4605,PROSPECTIVE_FIRST_OBSERVED_ONLY,False,False,False
idkpi:cdd13113ea3b243fc04bda64fa0b9c616aa2a79b22efe5f31d44d4a407ee3c0e,600276.SH,INNOVATION_DRUG,CLINICAL_REGULATORY,CDE_CLINICAL_TRIAL_IMPLIED_LICENSE_SNAPSHOT,2026-09-30,2026-10-08,NMPA_CDE_PUBLISHED_NOTICE_ARCHIVE,NMPA_OR_CDE,official:c03156232f61b494a254568993c7dac6,OFFICIAL_SNAPSHOT:official:c03156232f61b494a254568993c7dac6,临床试验默示许可:瑞维鲁胺片:本品适用于根治性手术/放疗后高危局限性或高危生化复发前列腺癌患者。,https://www.cde.org.cn/main/xxgk/listpage/4b5255eb0a84820cef4ca3e8b6bbe20c,OFFICIAL_CDE_CATEGORY_NO_DIRECTION,"{""applicant"": ""江苏恒瑞医药股份有限公司"", ""approval_date"": null, ""availability_basis"": ""FIRST_OBSERVED_SNAPSHOT_DATE"", ""availability_rule"": ""DATE_ONLY_NEXT_TRADE_DATE"", ""category"": ""临床试验默示许可"", ""date_only_source_timestamp_delayed_to_next_real_trading_date"": true, ""direction_classified"": false, ""drug_name"": ""瑞维鲁胺片"", ""entity_mapping_basis"": ""EXACT_LISTED_ISSUER_LEGAL_NAME"", ""first_observed_snapshot_only"": true, ""forward_or_historical_outcome_read"": false, ""historical_reconstruction_allowed"": false, ""indication"": ""本品适用于根治性手术/放疗后高危局限性或高危生化复发前列腺癌患者。"", ""official_source_url"": ""https://www.cde.org.cn/main/xxgk/listpage/4b5255eb0a84820cef4ca3e8b6bbe20c"", ""predictive_weight_assigned"": false, ""publication_date"": null, ""snapshot_captured_at"": ""2026-09-30T17:29:59+08:00"", ""source_identity"": ""NMPA_CDE_PUBLISHED_NOTICE_ARCHIVE""}",cdd13113ea3b243fc04bda64fa0b9c616aa2a79b22efe5f31d44d4a407ee3c0e,PROSPECTIVE_FIRST_OBSERVED_ONLY,False,False,False
idkpi:d01df790e1bd04972a22d6477469462d91d38a09748a008239b86666d65619ae,600276.SH,INNOVATION_DRUG,CLINICAL_REGULATORY,CDE_CLINICAL_TRIAL_IMPLIED_LICENSE_SNAPSHOT,2026-09-30,2026-10-08,NMPA_CDE_PUBLISHED_NOTICE_ARCHIVE,NMPA_OR_CDE,official:d734e5adb7a55f12bf1dc98f156e6900,OFFICIAL_SNAPSHOT:official:d734e5adb7a55f12bf1dc98f156e6900,临床试验默示许可:脯氨酸恒格列净片:用于治疗慢性肾脏病。,https://www.cde.org.cn/main/xxgk/listpage/4b5255eb0a84820cef4ca3e8b6bbe20c,OFFICIAL_CDE_CATEGORY_NO_DIRECTION,"{""applicant"": ""江苏恒瑞医药股份有限公司"", ""approval_date"": null, ""availability_basis"": ""FIRST_OBSERVED_SNAPSHOT_DATE"", ""availability_rule"": ""DATE_ONLY_NEXT_TRADE_DATE"", ""category"": ""临床试验默示许可"", ""date_only_source_timestamp_delayed_to_next_real_trading_date"": true, ""direction_classified"": false, ""drug_name"": ""脯氨酸恒格列净片"", ""entity_mapping_basis"": ""EXACT_LISTED_ISSUER_LEGAL_NAME"", ""first_observed_snapshot_only"": true, ""forward_or_historical_outcome_read"": false, ""historical_reconstruction_allowed"": false, ""indication"": ""用于治疗慢性肾脏病。"", ""official_source_url"": ""https://www.cde.org.cn/main/xxgk/listpage/4b5255eb0a84820cef4ca3e8b6bbe20c"", ""predictive_weight_assigned"": false, ""publication_date"": null, ""snapshot_captured_at"": ""2026-09-30T17:29:59+08:00"", ""source_identity"": ""NMPA_CDE_PUBLISHED_NOTICE_ARCHIVE""}",d01df790e1bd04972a22d6477469462d91d38a09748a008239b86666d65619ae,PROSPECTIVE_FIRST_OBSERVED_ONLY,False,False,False
idkpi:d02f128c060d3dd10651db1589994cb1517453d81a71e9ff99398abae61326b5,600276.SH,INNOVATION_DRUG,CLINICAL_REGULATORY,CDE_CLINICAL_TRIAL_IMPLIED_LICENSE_SNAPSHOT,2026-09-30,2026-10-08,NMPA_CDE_PUBLISHED_NOTICE_ARCHIVE,NMPA_OR_CDE,official:ed9e9774fff4b3d5551b2a3c6836c497,OFFICIAL_SNAPSHOT:official:ed9e9774fff4b3d5551b2a3c6836c497,临床试验默示许可:SHR2554片:本品拟用于恶性肿瘤的治疗。,https://www.cde.org.cn/main/xxgk/listpage/4b5255eb0a84820cef4ca3e8b6bbe20c,OFFICIAL_CDE_CATEGORY_NO_DIRECTION,"{""applicant"": ""江苏恒瑞医药股份有限公司"", ""approval_date"": null, ""availability_basis"": ""FIRST_OBSERVED_SNAPSHOT_DATE"", ""availability_rule"": ""DATE_ONLY_NEXT_TRADE_DATE"", ""category"": ""临床试验默示许可"", ""date_only_source_timestamp_delayed_to_next_real_trading_date"": true, ""direction_classified"": false, ""drug_name"": ""SHR2554片"", ""entity_mapping_basis"": ""EXACT_LISTED_ISSUER_LEGAL_NAME"", ""first_observed_snapshot_only"": true, ""forward_or_historical_outcome_read"": false, ""historical_reconstruction_allowed"": false, ""indication"": ""本品拟用于恶性肿瘤的治疗。"", ""official_source_url"": ""https://www.cde.org.cn/main/xxgk/listpage/4b5255eb0a84820cef4ca3e8b6bbe20c"", ""predictive_weight_assigned"": false, ""publication_date"": null, ""snapshot_captured_at"": ""2026-09-30T17:29:59+08:00"", ""source_identity"": ""NMPA_CDE_PUBLISHED_NOTICE_ARCHIVE""}",d02f128c060d3dd10651db1589994cb1517453d81a71e9ff99398abae61326b5,PROSPECTIVE_FIRST_OBSERVED_ONLY,False,False,False
idkpi:d115d51a3baed0097a744c9f875ceead127c1a5ec06db72459d75515b2130f4d,600276.SH,INNOVATION_DRUG,CLINICAL_REGULATORY,CDE_CLINICAL_TRIAL_IMPLIED_LICENSE_SNAPSHOT,2026-09-30,2026-10-08,NMPA_CDE_PUBLISHED_NOTICE_ARCHIVE,NMPA_OR_CDE,official:16c2f7f58902dc4935922b8134988ce5,OFFICIAL_SNAPSHOT:official:16c2f7f58902dc4935922b8134988ce5,临床试验默示许可:HRG2010胶囊:用于治疗帕金森病。,https://www.cde.org.cn/main/xxgk/listpage/4b5255eb0a84820cef4ca3e8b6bbe20c,OFFICIAL_CDE_CATEGORY_NO_DIRECTION,"{""applicant"": ""江苏恒瑞医药股份有限公司"", ""approval_date"": null, ""availability_basis"": ""FIRST_OBSERVED_SNAPSHOT_DATE"", ""availability_rule"": ""DATE_ONLY_NEXT_TRADE_DATE"", ""category"": ""临床试验默示许可"", ""date_only_source_timestamp_delayed_to_next_real_trading_date"": true, ""direction_classified"": false, ""drug_name"": ""HRG2010胶囊"", ""entity_mapping_basis"": ""EXACT_LISTED_ISSUER_LEGAL_NAME"", ""first_observed_snapshot_only"": true, ""forward_or_historical_outcome_read"": false, ""historical_reconstruction_allowed"": false, ""indication"": ""用于治疗帕金森病。"", ""official_source_url"": ""https://www.cde.org.cn/main/xxgk/listpage/4b5255eb0a84820cef4ca3e8b6bbe20c"", ""predictive_weight_assigned"": false, ""publication_date"": null, ""snapshot_captured_at"": ""2026-09-30T17:29:59+08:00"", ""source_identity"": ""NMPA_CDE_PUBLISHED_NOTICE_ARCHIVE""}",d115d51a3baed0097a744c9f875ceead127c1a5ec06db72459d75515b2130f4d,PROSPECTIVE_FIRST_OBSERVED_ONLY,False,False,False
idkpi:d188c0eb6444df2953a6fb3353388b09e3cc4a79632b812321a5cc04de3600be,600276.SH,INNOVATION_DRUG,CLINICAL_REGULATORY,CDE_CLINICAL_TRIAL_IMPLIED_LICENSE_SNAPSHOT,2026-09-30,2026-10-08,NMPA_CDE_PUBLISHED_NOTICE_ARCHIVE,NMPA_OR_CDE,official:29d70d25b9a2df49f2ff59a433460adf,OFFICIAL_SNAPSHOT:official:29d70d25b9a2df49f2ff59a433460adf,临床试验默示许可:HRS-6093片:HRS-6093联合阿得贝利单抗±化疗，或联合贝伐珠单抗±阿得贝利单抗，或联合阿得贝利单抗+SHR-8068±贝伐珠单抗，或联合SHR-9839 (sc)±阿得贝利单抗±化疗，或联合SHR-1826或FH-006±阿得贝利单抗，或联合西妥昔单抗±化疗，或联合化疗±贝伐珠单抗用于KRAS G12D突变实体瘤的治疗。,https://www.cde.org.cn/main/xxgk/listpage/4b5255eb0a84820cef4ca3e8b6bbe20c,OFFICIAL_CDE_CATEGORY_NO_DIRECTION,"{""applicant"": ""江苏恒瑞医药股份有限公司"", ""approval_date"": null, ""availability_basis"": ""FIRST_OBSERVED_SNAPSHOT_DATE"", ""availability_rule"": ""DATE_ONLY_NEXT_TRADE_DATE"", ""category"": ""临床试验默示许可"", ""date_only_source_timestamp_delayed_to_next_real_trading_date"": true, ""direction_classified"": false, ""drug_name"": ""HRS-6093片"", ""entity_mapping_basis"": ""EXACT_LISTED_ISSUER_LEGAL_NAME"", ""first_observed_snapshot_only"": true, ""forward_or_historical_outcome_read"": false, ""historical_reconstruction_allowed"": false, ""indication"": ""HRS-6093联合阿得贝利单抗±化疗，或联合贝伐珠单抗±阿得贝利单抗，或联合阿得贝利单抗+SHR-8068±贝伐珠单抗，或联合SHR-9839 (sc)±阿得贝利单抗±化疗，或联合SHR-1826或FH-006±阿得贝利单抗，或联合西妥昔单抗±化疗，或联合化疗±贝伐珠单抗用于KRAS G12D突变实体瘤的治疗。"", ""official_source_url"": ""https://www.cde.org.cn/main/xxgk/listpage/4b5255eb0a84820cef4ca3e8b6bbe20c"", ""predictive_weight_assigned"": false, ""publication_date"": null, ""snapshot_captured_at"": ""2026-09-30T17:29:59+08:00"", ""source_identity"": ""NMPA_CDE_PUBLISHED_NOTICE_ARCHIVE""}",d188c0eb6444df2953a6fb3353388b09e3cc4a79632b812321a5cc04de3600be,PROSPECTIVE_FIRST_OBSERVED_ONLY,False,False,False
idkpi:d1a1b7bbf50ffd3263c3be1719eaf8eddcde52555a165c2a1f24118e27fffa14,600276.SH,INNOVATION_DRUG,CLINICAL_REGULATORY,CDE_CLINICAL_TRIAL_IMPLIED_LICENSE_SNAPSHOT,2026-09-30,2026-10-08,NMPA_CDE_PUBLISHED_NOTICE_ARCHIVE,NMPA_OR_CDE,official:48da3e08cb145e9c611b76834d9c8c1d,OFFICIAL_SNAPSHOT:official:48da3e08cb145e9c611b76834d9c8c1d,临床试验默示许可:SHR0302碱凝胶:白癜风,https://www.cde.org.cn/main/xxgk/listpage/4b5255eb0a84820cef4ca3e8b6bbe20c,OFFICIAL_CDE_CATEGORY_NO_DIRECTION,"{""applicant"": ""江苏恒瑞医药股份有限公司"", ""approval_date"": null, ""availability_basis"": ""FIRST_OBSERVED_SNAPSHOT_DATE"", ""availability_rule"": ""DATE_ONLY_NEXT_TRADE_DATE"", ""category"": ""临床试验默示许可"", ""date_only_source_timestamp_delayed_to_next_real_trading_date"": true, ""direction_classified"": false, ""drug_name"": ""SHR0302碱凝胶"", ""entity_mapping_basis"": ""EXACT_LISTED_ISSUER_LEGAL_NAME"", ""first_observed_snapshot_only"": true, ""forward_or_historical_outcome_read"": false, ""historical_reconstruction_allowed"": false, ""indication"": ""白癜风"", ""official_source_url"": ""https://www.cde.org.cn/main/xxgk/listpage/4b5255eb0a84820cef4ca3e8b6bbe20c"", ""predictive_weight_assigned"": false, ""publication_date"": null, ""snapshot_captured_at"": ""2026-09-30T17:29:59+08:00"", ""source_identity"": ""NMPA_CDE_PUBLISHED_NOTICE_ARCHIVE""}",d1a1b7bbf50ffd3263c3be1719eaf8eddcde52555a165c2a1f24118e27fffa14,PROSPECTIVE_FIRST_OBSERVED_ONLY,False,False,False
idkpi:d1dae17e8979303df5737c79736bafe00121f6f73e21b7d46046400f8fad73dd,600276.SH,INNOVATION_DRUG,CLINICAL_REGULATORY,CDE_CLINICAL_TRIAL_IMPLIED_LICENSE_SNAPSHOT,2026-09-30,2026-10-08,NMPA_CDE_PUBLISHED_NOTICE_ARCHIVE,NMPA_OR_CDE,official:178dc1310d64978d772bc1b38cee5c59,OFFICIAL_SNAPSHOT:official:178dc1310d64978d772bc1b38cee5c59,临床试验默示许可:HRS-1167片:晚期实体肿瘤。本品联合注射用SHR-A1921或联合贝伐珠单抗或联合醋酸阿比特龙片（I）及泼尼松/泼尼松龙（AA-P）治疗晚期实体瘤患者。本品联合HRS2398片治疗晚期实体瘤患者。本品联合HRS-5041片用于治疗晚期前列腺癌患者。本品联合醋酸阿比特龙片及醋酸泼尼松治疗转移性前列腺癌患者。,https://www.cde.org.cn/main/xxgk/listpage/4b5255eb0a84820cef4ca3e8b6bbe20c,OFFICIAL_CDE_CATEGORY_NO_DIRECTION,"{""applicant"": ""江苏恒瑞医药股份有限公司"", ""approval_date"": null, ""availability_basis"": ""FIRST_OBSERVED_SNAPSHOT_DATE"", ""availability_rule"": ""DATE_ONLY_NEXT_TRADE_DATE"", ""category"": ""临床试验默示许可"", ""date_only_source_timestamp_delayed_to_next_real_trading_date"": true, ""direction_classified"": false, ""drug_name"": ""HRS-1167片"", ""entity_mapping_basis"": ""EXACT_LISTED_ISSUER_LEGAL_NAME"", ""first_observed_snapshot_only"": true, ""forward_or_historical_outcome_read"": false, ""historical_reconstruction_allowed"": false, ""indication"": ""晚期实体肿瘤。本品联合注射用SHR-A1921或联合贝伐珠单抗或联合醋酸阿比特龙片（I）及泼尼松/泼尼松龙（AA-P）治疗晚期实体瘤患者。本品联合HRS2398片治疗晚期实体瘤患者。本品联合HRS-5041片用于治疗晚期前列腺癌患者。本品联合醋酸阿比特龙片及醋酸泼尼松治疗转移性前列腺癌患者。"", ""official_source_url"": ""https://www.cde.org.cn/main/xxgk/listpage/4b5255eb0a84820cef4ca3e8b6bbe20c"", ""predictive_weight_assigned"": false, ""publication_date"": null, ""snapshot_captured_at"": ""2026-09-30T17:29:59+08:00"", ""source_identity"": ""NMPA_CDE_PUBLISHED_NOTICE_ARCHIVE""}",d1dae17e8979303df5737c79736bafe00121f6f73e21b7d46046400f8fad73dd,PROSPECTIVE_FIRST_OBSERVED_ONLY,False,False,False
idkpi:d5a28758e4384084be9aeee96026a6787499b9e7de23759118c9c6038cec68e1,600276.SH,INNOVATION_DRUG,CLINICAL_REGULATORY,CDE_CLINICAL_TRIAL_IMPLIED_LICENSE_SNAPSHOT,2026-09-30,2026-10-08,NMPA_CDE_PUBLISHED_NOTICE_ARCHIVE,NMPA_OR_CDE,official:b5943e2579ec48e4363a95c382757643,OFFICIAL_SNAPSHOT:official:b5943e2579ec48e4363a95c382757643,临床试验默示许可:SHR4640片:本品适用原发性高尿酸血症的长期治疗，可与黄嘌呤氧化酶抑制剂联用。,https://www.cde.org.cn/main/xxgk/listpage/4b5255eb0a84820cef4ca3e8b6bbe20c,OFFICIAL_CDE_CATEGORY_NO_DIRECTION,"{""applicant"": ""江苏恒瑞医药股份有限公司"", ""approval_date"": null, ""availability_basis"": ""FIRST_OBSERVED_SNAPSHOT_DATE"", ""availability_rule"": ""DATE_ONLY_NEXT_TRADE_DATE"", ""category"": ""临床试验默示许可"", ""date_only_source_timestamp_delayed_to_next_real_trading_date"": true, ""direction_classified"": false, ""drug_name"": ""SHR4640片"", ""entity_mapping_basis"": ""EXACT_LISTED_ISSUER_LEGAL_NAME"", ""first_observed_snapshot_only"": true, ""forward_or_historical_outcome_read"": false, ""historical_reconstruction_allowed"": false, ""indication"": ""本品适用原发性高尿酸血症的长期治疗，可与黄嘌呤氧化酶抑制剂联用。"", ""official_source_url"": ""https://www.cde.org.cn/main/xxgk/listpage/4b5255eb0a84820cef4ca3e8b6bbe20c"", ""predictive_weight_assigned"": false, ""publication_date"": null, ""snapshot_captured_at"": ""2026-09-30T17:29:59+08:00"", ""source_identity"": ""NMPA_CDE_PUBLISHED_NOTICE_ARCHIVE""}",d5a28758e4384084be9aeee96026a6787499b9e7de23759118c9c6038cec68e1,PROSPECTIVE_FIRST_OBSERVED_ONLY,False,False,False
idkpi:d5bb2842fc6ce314e267bf2bbeed64ca79b79aa8b6aac3020c0928a9a5793d91,600276.SH,INNOVATION_DRUG,CLINICAL_REGULATORY,CDE_CLINICAL_TRIAL_IMPLIED_LICENSE_SNAPSHOT,2026-09-30,2026-10-08,NMPA_CDE_PUBLISHED_NOTICE_ARCHIVE,NMPA_OR_CDE,official:ce0fd78d9f98028b77dca0ee5e7c9d84,OFFICIAL_SNAPSHOT:official:ce0fd78d9f98028b77dca0ee5e7c9d84,临床试验默示许可:HRS-1167片:晚期实体肿瘤,https://www.cde.org.cn/main/xxgk/listpage/4b5255eb0a84820cef4ca3e8b6bbe20c,OFFICIAL_CDE_CATEGORY_NO_DIRECTION,"{""applicant"": ""江苏恒瑞医药股份有限公司"", ""approval_date"": null, ""availability_basis"": ""FIRST_OBSERVED_SNAPSHOT_DATE"", ""availability_rule"": ""DATE_ONLY_NEXT_TRADE_DATE"", ""category"": ""临床试验默示许可"", ""date_only_source_timestamp_delayed_to_next_real_trading_date"": true, ""direction_classified"": false, ""drug_name"": ""HRS-1167片"", ""entity_mapping_basis"": ""EXACT_LISTED_ISSUER_LEGAL_NAME"", ""first_observed_snapshot_only"": true, ""forward_or_historical_outcome_read"": false, ""historical_reconstruction_allowed"": false, ""indication"": ""晚期实体肿瘤"", ""official_source_url"": ""https://www.cde.org.cn/main/xxgk/listpage/4b5255eb0a84820cef4ca3e8b6bbe20c"", ""predictive_weight_assigned"": false, ""publication_date"": null, ""snapshot_captured_at"": ""2026-09-30T17:29:59+08:00"", ""source_identity"": ""NMPA_CDE_PUBLISHED_NOTICE_ARCHIVE""}",d5bb2842fc6ce314e267bf2bbeed64ca79b79aa8b6aac3020c0928a9a5793d91,PROSPECTIVE_FIRST_OBSERVED_ONLY,False,False,False
idkpi:d650b5a9f89ba820cd1f699b790276a9440d0bba2b9632ece7233d77c3903687,600276.SH,INNOVATION_DRUG,CLINICAL_REGULATORY,CDE_CLINICAL_TRIAL_IMPLIED_LICENSE_SNAPSHOT,2026-09-30,2026-10-08,NMPA_CDE_PUBLISHED_NOTICE_ARCHIVE,NMPA_OR_CDE,official:3191bf3956d51e4894cda60eeed4738d,OFFICIAL_SNAPSHOT:official:3191bf3956d51e4894cda60eeed4738d,临床试验默示许可:HRS-2329片:携带RAS突变或扩增的实体瘤,https://www.cde.org.cn/main/xxgk/listpage/4b5255eb0a84820cef4ca3e8b6bbe20c,OFFICIAL_CDE_CATEGORY_NO_DIRECTION,"{""applicant"": ""江苏恒瑞医药股份有限公司"", ""approval_date"": null, ""availability_basis"": ""FIRST_OBSERVED_SNAPSHOT_DATE"", ""availability_rule"": ""DATE_ONLY_NEXT_TRADE_DATE"", ""category"": ""临床试验默示许可"", ""date_only_source_timestamp_delayed_to_next_real_trading_date"": true, ""direction_classified"": false, ""drug_name"": ""HRS-2329片"", ""entity_mapping_basis"": ""EXACT_LISTED_ISSUER_LEGAL_NAME"", ""first_observed_snapshot_only"": true, ""forward_or_historical_outcome_read"": false, ""historical_reconstruction_allowed"": false, ""indication"": ""携带RAS突变或扩增的实体瘤"", ""official_source_url"": ""https://www.cde.org.cn/main/xxgk/listpage/4b5255eb0a84820cef4ca3e8b6bbe20c"", ""predictive_weight_assigned"": false, ""publication_date"": null, ""snapshot_captured_at"": ""2026-09-30T17:29:59+08:00"", ""source_identity"": ""NMPA_CDE_PUBLISHED_NOTICE_ARCHIVE""}",d650b5a9f89ba820cd1f699b790276a9440d0bba2b9632ece7233d77c3903687,PROSPECTIVE_FIRST_OBSERVED_ONLY,False,False,False
idkpi:d65408cd2f072ee1ea2270c82188ec6346a1eeecda4b500403d94dda00df1324,600276.SH,INNOVATION_DRUG,CLINICAL_REGULATORY,CDE_CLINICAL_TRIAL_IMPLIED_LICENSE_SNAPSHOT,2026-09-30,2026-10-08,NMPA_CDE_PUBLISHED_NOTICE_ARCHIVE,NMPA_OR_CDE,official:5ddc5630adf5d2b738a417e0e72d07be,OFFICIAL_SNAPSHOT:official:5ddc5630adf5d2b738a417e0e72d07be,临床试验默示许可:羟乙磺酸达尔西利片:本品联合HRS-4642和SHR-7367用于KRAS G12D突变的实体瘤。,https://www.cde.org.cn/main/xxgk/listpage/4b5255eb0a84820cef4ca3e8b6bbe20c,OFFICIAL_CDE_CATEGORY_NO_DIRECTION,"{""applicant"": ""江苏恒瑞医药股份有限公司"", ""approval_date"": null, ""availability_basis"": ""FIRST_OBSERVED_SNAPSHOT_DATE"", ""availability_rule"": ""DATE_ONLY_NEXT_TRADE_DATE"", ""category"": ""临床试验默示许可"", ""date_only_source_timestamp_delayed_to_next_real_trading_date"": true, ""direction_classified"": false, ""drug_name"": ""羟乙磺酸达尔西利片"", ""entity_mapping_basis"": ""EXACT_LISTED_ISSUER_LEGAL_NAME"", ""first_observed_snapshot_only"": true, ""forward_or_historical_outcome_read"": false, ""historical_reconstruction_allowed"": false, ""indication"": ""本品联合HRS-4642和SHR-7367用于KRAS G12D突变的实体瘤。"", ""official_source_url"": ""https://www.cde.org.cn/main/xxgk/listpage/4b5255eb0a84820cef4ca3e8b6bbe20c"", ""predictive_weight_assigned"": false, ""publication_date"": null, ""snapshot_captured_at"": ""2026-09-30T17:29:59+08:00"", ""source_identity"": ""NMPA_CDE_PUBLISHED_NOTICE_ARCHIVE""}",d65408cd2f072ee1ea2270c82188ec6346a1eeecda4b500403d94dda00df1324,PROSPECTIVE_FIRST_OBSERVED_ONLY,False,False,False
idkpi:d6cb6c2b2d1cdbca004d620b09e0ca3daf9785d552a169a9159babb79b5be188,600276.SH,INNOVATION_DRUG,CLINICAL_REGULATORY,CDE_CLINICAL_TRIAL_IMPLIED_LICENSE_SNAPSHOT,2026-09-30,2026-10-08,NMPA_CDE_PUBLISHED_NOTICE_ARCHIVE,NMPA_OR_CDE,official:c01d53d6b197cf743b4745f39c4ae24a,OFFICIAL_SNAPSHOT:official:c01d53d6b197cf743b4745f39c4ae24a,"临床试验默示许可:HRS-3738片:多发性骨髓瘤(Multiple myeloma, MM)和非霍奇金淋巴瘤(Non-hodgkin lymphoma, NHL)",https://www.cde.org.cn/main/xxgk/listpage/4b5255eb0a84820cef4ca3e8b6bbe20c,OFFICIAL_CDE_CATEGORY_NO_DIRECTION,"{""applicant"": ""江苏恒瑞医药股份有限公司"", ""approval_date"": null, ""availability_basis"": ""FIRST_OBSERVED_SNAPSHOT_DATE"", ""availability_rule"": ""DATE_ONLY_NEXT_TRADE_DATE"", ""category"": ""临床试验默示许可"", ""date_only_source_timestamp_delayed_to_next_real_trading_date"": true, ""direction_classified"": false, ""drug_name"": ""HRS-3738片"", ""entity_mapping_basis"": ""EXACT_LISTED_ISSUER_LEGAL_NAME"", ""first_observed_snapshot_only"": true, ""forward_or_historical_outcome_read"": false, ""historical_reconstruction_allowed"": false, ""indication"": ""多发性骨髓瘤(Multiple myeloma, MM)和非霍奇金淋巴瘤(Non-hodgkin lymphoma, NHL)"", ""official_source_url"": ""https://www.cde.org.cn/main/xxgk/listpage/4b5255eb0a84820cef4ca3e8b6bbe20c"", ""predictive_weight_assigned"": false, ""publication_date"": null, ""snapshot_captured_at"": ""2026-09-30T17:29:59+08:00"", ""source_identity"": ""NMPA_CDE_PUBLISHED_NOTICE_ARCHIVE""}",d6cb6c2b2d1cdbca004d620b09e0ca3daf9785d552a169a9159babb79b5be188,PROSPECTIVE_FIRST_OBSERVED_ONLY,False,False,False
idkpi:d70fa7d658b3eb317f5f880cc54fa3ab792c2d8255eba935f35f32cd44451852,600276.SH,INNOVATION_DRUG,CLINICAL_REGULATORY,CDE_CLINICAL_TRIAL_IMPLIED_LICENSE_SNAPSHOT,2026-09-30,2026-10-08,NMPA_CDE_PUBLISHED_NOTICE_ARCHIVE,NMPA_OR_CDE,official:b7c21208a86ba885e915ef89bc681965,OFFICIAL_SNAPSHOT:official:b7c21208a86ba885e915ef89bc681965,临床试验默示许可:HRS-6093片:本品联合HRS-7172±阿得贝利单抗/SHR-4610，或联合HRS-7172±SHR-9839(sc)，或联合HRS-7172±化疗用于实体瘤,https://www.cde.org.cn/main/xxgk/listpage/4b5255eb0a84820cef4ca3e8b6bbe20c,OFFICIAL_CDE_CATEGORY_NO_DIRECTION,"{""applicant"": ""江苏恒瑞医药股份有限公司"", ""approval_date"": null, ""availability_basis"": ""FIRST_OBSERVED_SNAPSHOT_DATE"", ""availability_rule"": ""DATE_ONLY_NEXT_TRADE_DATE"", ""category"": ""临床试验默示许可"", ""date_only_source_timestamp_delayed_to_next_real_trading_date"": true, ""direction_classified"": false, ""drug_name"": ""HRS-6093片"", ""entity_mapping_basis"": ""EXACT_LISTED_ISSUER_LEGAL_NAME"", ""first_observed_snapshot_only"": true, ""forward_or_historical_outcome_read"": false, ""historical_reconstruction_allowed"": false, ""indication"": ""本品联合HRS-7172±阿得贝利单抗/SHR-4610，或联合HRS-7172±SHR-9839(sc)，或联合HRS-7172±化疗用于实体瘤"", ""official_source_url"": ""https://www.cde.org.cn/main/xxgk/listpage/4b5255eb0a84820cef4ca3e8b6bbe20c"", ""predictive_weight_assigned"": false, ""publication_date"": null, ""snapshot_captured_at"": ""2026-09-30T17:29:59+08:00"", ""source_identity"": ""NMPA_CDE_PUBLISHED_NOTICE_ARCHIVE""}",d70fa7d658b3eb317f5f880cc54fa3ab792c2d8255eba935f35f32cd44451852,PROSPECTIVE_FIRST_OBSERVED_ONLY,False,False,False
idkpi:d927231f4adfdd2d063a4076e9c02444967184b94b924513253d00771caf6d4c,600276.SH,INNOVATION_DRUG,CLINICAL_REGULATORY,CDE_CLINICAL_TRIAL_IMPLIED_LICENSE_SNAPSHOT,2026-09-30,2026-10-08,NMPA_CDE_PUBLISHED_NOTICE_ARCHIVE,NMPA_OR_CDE,official:9ed632044113158f738bf2e3289ccc40,OFFICIAL_SNAPSHOT:official:9ed632044113158f738bf2e3289ccc40,临床试验默示许可:HRS-6209胶囊:本品联合HRS-6208+HRS-8080，或联合HRS-6208+HRS-1358，或联合HRS-6208+氟维司群，或联合HRS-6208+芳香化酶抑制剂用于实体瘤的治疗。,https://www.cde.org.cn/main/xxgk/listpage/4b5255eb0a84820cef4ca3e8b6bbe20c,OFFICIAL_CDE_CATEGORY_NO_DIRECTION,"{""applicant"": ""江苏恒瑞医药股份有限公司"", ""approval_date"": null, ""availability_basis"": ""FIRST_OBSERVED_SNAPSHOT_DATE"", ""availability_rule"": ""DATE_ONLY_NEXT_TRADE_DATE"", ""category"": ""临床试验默示许可"", ""date_only_source_timestamp_delayed_to_next_real_trading_date"": true, ""direction_classified"": false, ""drug_name"": ""HRS-6209胶囊"", ""entity_mapping_basis"": ""EXACT_LISTED_ISSUER_LEGAL_NAME"", ""first_observed_snapshot_only"": true, ""forward_or_historical_outcome_read"": false, ""historical_reconstruction_allowed"": false, ""indication"": ""本品联合HRS-6208+HRS-8080，或联合HRS-6208+HRS-1358，或联合HRS-6208+氟维司群，或联合HRS-6208+芳香化酶抑制剂用于实体瘤的治疗。"", ""official_source_url"": ""https://www.cde.org.cn/main/xxgk/listpage/4b5255eb0a84820cef4ca3e8b6bbe20c"", ""predictive_weight_assigned"": false, ""publication_date"": null, ""snapshot_captured_at"": ""2026-09-30T17:29:59+08:00"", ""source_identity"": ""NMPA_CDE_PUBLISHED_NOTICE_ARCHIVE""}",d927231f4adfdd2d063a4076e9c02444967184b94b924513253d00771caf6d4c,PROSPECTIVE_FIRST_OBSERVED_ONLY,False,False,False
idkpi:ddd74cc38ac83e3ab0c07414d7f50e7a64dabfc6963c9dd50d247755e460876c,600276.SH,INNOVATION_DRUG,CLINICAL_REGULATORY,CDE_CLINICAL_TRIAL_IMPLIED_LICENSE_SNAPSHOT,2026-09-30,2026-10-08,NMPA_CDE_PUBLISHED_NOTICE_ARCHIVE,NMPA_OR_CDE,official:defb94a123d5699ba0626a78b8e4c94e,OFFICIAL_SNAPSHOT:official:defb94a123d5699ba0626a78b8e4c94e,临床试验默示许可:HRS-6093片:HRS-6093联合HRS-6719±阿得贝利单抗±化疗；或联合HRS-6719±SHR-9839(sc)±化疗用于实体瘤的治疗,https://www.cde.org.cn/main/xxgk/listpage/4b5255eb0a84820cef4ca3e8b6bbe20c,OFFICIAL_CDE_CATEGORY_NO_DIRECTION,"{""applicant"": ""江苏恒瑞医药股份有限公司"", ""approval_date"": null, ""availability_basis"": ""FIRST_OBSERVED_SNAPSHOT_DATE"", ""availability_rule"": ""DATE_ONLY_NEXT_TRADE_DATE"", ""category"": ""临床试验默示许可"", ""date_only_source_timestamp_delayed_to_next_real_trading_date"": true, ""direction_classified"": false, ""drug_name"": ""HRS-6093片"", ""entity_mapping_basis"": ""EXACT_LISTED_ISSUER_LEGAL_NAME"", ""first_observed_snapshot_only"": true, ""forward_or_historical_outcome_read"": false, ""historical_reconstruction_allowed"": false, ""indication"": ""HRS-6093联合HRS-6719±阿得贝利单抗±化疗；或联合HRS-6719±SHR-9839(sc)±化疗用于实体瘤的治疗"", ""official_source_url"": ""https://www.cde.org.cn/main/xxgk/listpage/4b5255eb0a84820cef4ca3e8b6bbe20c"", ""predictive_weight_assigned"": false, ""publication_date"": null, ""snapshot_captured_at"": ""2026-09-30T17:29:59+08:00"", ""source_identity"": ""NMPA_CDE_PUBLISHED_NOTICE_ARCHIVE""}",ddd74cc38ac83e3ab0c07414d7f50e7a64dabfc6963c9dd50d247755e460876c,PROSPECTIVE_FIRST_OBSERVED_ONLY,False,False,False
idkpi:ddfea95c4978946fbbd7f66c91c3a946702d115af41ecb614bf93242ecbd91f2,600276.SH,INNOVATION_DRUG,CLINICAL_REGULATORY,CDE_CLINICAL_TRIAL_IMPLIED_LICENSE_SNAPSHOT,2026-09-30,2026-10-08,NMPA_CDE_PUBLISHED_NOTICE_ARCHIVE,NMPA_OR_CDE,official:6e3c88b7283f60d78b03093217f7cc87,OFFICIAL_SNAPSHOT:official:6e3c88b7283f60d78b03093217f7cc87,临床试验默示许可:HRS-4508片:HRS-4508±曲妥珠单抗±卡培他滨/帕妥珠单抗、或联合SHR-A1811、或联合贝伐珠单抗±SHR-A1811、或联合阿得贝利单抗±SHR-A1811±贝伐珠单抗用于实体瘤的治疗。,https://www.cde.org.cn/main/xxgk/listpage/4b5255eb0a84820cef4ca3e8b6bbe20c,OFFICIAL_CDE_CATEGORY_NO_DIRECTION,"{""applicant"": ""江苏恒瑞医药股份有限公司"", ""approval_date"": null, ""availability_basis"": ""FIRST_OBSERVED_SNAPSHOT_DATE"", ""availability_rule"": ""DATE_ONLY_NEXT_TRADE_DATE"", ""category"": ""临床试验默示许可"", ""date_only_source_timestamp_delayed_to_next_real_trading_date"": true, ""direction_classified"": false, ""drug_name"": ""HRS-4508片"", ""entity_mapping_basis"": ""EXACT_LISTED_ISSUER_LEGAL_NAME"", ""first_observed_snapshot_only"": true, ""forward_or_historical_outcome_read"": false, ""historical_reconstruction_allowed"": false, ""indication"": ""HRS-4508±曲妥珠单抗±卡培他滨/帕妥珠单抗、或联合SHR-A1811、或联合贝伐珠单抗±SHR-A1811、或联合阿得贝利单抗±SHR-A1811±贝伐珠单抗用于实体瘤的治疗。"", ""official_source_url"": ""https://www.cde.org.cn/main/xxgk/listpage/4b5255eb0a84820cef4ca3e8b6bbe20c"", ""predictive_weight_assigned"": false, ""publication_date"": null, ""snapshot_captured_at"": ""2026-09-30T17:29:59+08:00"", ""source_identity"": ""NMPA_CDE_PUBLISHED_NOTICE_ARCHIVE""}",ddfea95c4978946fbbd7f66c91c3a946702d115af41ecb614bf93242ecbd91f2,PROSPECTIVE_FIRST_OBSERVED_ONLY,False,False,False
idkpi:de29e68d047b1aa17f8d861332364b0dfd903f9f9266229f4ff7ad5d2d867d8c,600276.SH,INNOVATION_DRUG,CLINICAL_REGULATORY,CDE_CLINICAL_TRIAL_IMPLIED_LICENSE_SNAPSHOT,2026-09-30,2026-10-08,NMPA_CDE_PUBLISHED_NOTICE_ARCHIVE,NMPA_OR_CDE,official:023bb8f53782df4f4cbbf355ab124120,OFFICIAL_SNAPSHOT:official:023bb8f53782df4f4cbbf355ab124120,临床试验默示许可:HRS-7172片:携带RAS突变或扩增的实体瘤,https://www.cde.org.cn/main/xxgk/listpage/4b5255eb0a84820cef4ca3e8b6bbe20c,OFFICIAL_CDE_CATEGORY_NO_DIRECTION,"{""applicant"": ""江苏恒瑞医药股份有限公司"", ""approval_date"": null, ""availability_basis"": ""FIRST_OBSERVED_SNAPSHOT_DATE"", ""availability_rule"": ""DATE_ONLY_NEXT_TRADE_DATE"", ""category"": ""临床试验默示许可"", ""date_only_source_timestamp_delayed_to_next_real_trading_date"": true, ""direction_classified"": false, ""drug_name"": ""HRS-7172片"", ""entity_mapping_basis"": ""EXACT_LISTED_ISSUER_LEGAL_NAME"", ""first_observed_snapshot_only"": true, ""forward_or_historical_outcome_read"": false, ""historical_reconstruction_allowed"": false, ""indication"": ""携带RAS突变或扩增的实体瘤"", ""official_source_url"": ""https://www.cde.org.cn/main/xxgk/listpage/4b5255eb0a84820cef4ca3e8b6bbe20c"", ""predictive_weight_assigned"": false, ""publication_date"": null, ""snapshot_captured_at"": ""2026-09-30T17:29:59+08:00"", ""source_identity"": ""NMPA_CDE_PUBLISHED_NOTICE_ARCHIVE""}",de29e68d047b1aa17f8d861332364b0dfd903f9f9266229f4ff7ad5d2d867d8c,PROSPECTIVE_FIRST_OBSERVED_ONLY,False,False,False
idkpi:e02135b3dbd63e744021a48c44394d1a919a9d90020495015a803af9d5bfb0cc,600276.SH,INNOVATION_DRUG,CLINICAL_REGULATORY,CDE_CLINICAL_TRIAL_IMPLIED_LICENSE_SNAPSHOT,2026-09-30,2026-10-08,NMPA_CDE_PUBLISHED_NOTICE_ARCHIVE,NMPA_OR_CDE,official:13aefda68d2fcad67e6137611964f311,OFFICIAL_SNAPSHOT:official:13aefda68d2fcad67e6137611964f311,临床试验默示许可:HRS-3005片:本品拟用于B细胞恶性肿瘤的治疗,https://www.cde.org.cn/main/xxgk/listpage/4b5255eb0a84820cef4ca3e8b6bbe20c,OFFICIAL_CDE_CATEGORY_NO_DIRECTION,"{""applicant"": ""江苏恒瑞医药股份有限公司"", ""approval_date"": null, ""availability_basis"": ""FIRST_OBSERVED_SNAPSHOT_DATE"", ""availability_rule"": ""DATE_ONLY_NEXT_TRADE_DATE"", ""category"": ""临床试验默示许可"", ""date_only_source_timestamp_delayed_to_next_real_trading_date"": true, ""direction_classified"": false, ""drug_name"": ""HRS-3005片"", ""entity_mapping_basis"": ""EXACT_LISTED_ISSUER_LEGAL_NAME"", ""first_observed_snapshot_only"": true, ""forward_or_historical_outcome_read"": false, ""historical_reconstruction_allowed"": false, ""indication"": ""本品拟用于B细胞恶性肿瘤的治疗"", ""official_source_url"": ""https://www.cde.org.cn/main/xxgk/listpage/4b5255eb0a84820cef4ca3e8b6bbe20c"", ""predictive_weight_assigned"": false, ""publication_date"": null, ""snapshot_captured_at"": ""2026-09-30T17:29:59+08:00"", ""source_identity"": ""NMPA_CDE_PUBLISHED_NOTICE_ARCHIVE""}",e02135b3dbd63e744021a48c44394d1a919a9d90020495015a803af9d5bfb0cc,PROSPECTIVE_FIRST_OBSERVED_ONLY,False,False,False
idkpi:e57c3b892e9c9fee01615a9753aea4957edde585ec7959e530910766f8423bd4,600276.SH,INNOVATION_DRUG,CLINICAL_REGULATORY,CDE_CLINICAL_TRIAL_IMPLIED_LICENSE_SNAPSHOT,2026-09-30,2026-10-08,NMPA_CDE_PUBLISHED_NOTICE_ARCHIVE,NMPA_OR_CDE,official:8ba71fd15591b73e2900498941f6a0a9,OFFICIAL_SNAPSHOT:official:8ba71fd15591b73e2900498941f6a0a9,临床试验默示许可:HRS2300片:用于治疗晚期恶性肿瘤。,https://www.cde.org.cn/main/xxgk/listpage/4b5255eb0a84820cef4ca3e8b6bbe20c,OFFICIAL_CDE_CATEGORY_NO_DIRECTION,"{""applicant"": ""江苏恒瑞医药股份有限公司"", ""approval_date"": null, ""availability_basis"": ""FIRST_OBSERVED_SNAPSHOT_DATE"", ""availability_rule"": ""DATE_ONLY_NEXT_TRADE_DATE"", ""category"": ""临床试验默示许可"", ""date_only_source_timestamp_delayed_to_next_real_trading_date"": true, ""direction_classified"": false, ""drug_name"": ""HRS2300片"", ""entity_mapping_basis"": ""EXACT_LISTED_ISSUER_LEGAL_NAME"", ""first_observed_snapshot_only"": true, ""forward_or_historical_outcome_read"": false, ""historical_reconstruction_allowed"": false, ""indication"": ""用于治疗晚期恶性肿瘤。"", ""official_source_url"": ""https://www.cde.org.cn/main/xxgk/listpage/4b5255eb0a84820cef4ca3e8b6bbe20c"", ""predictive_weight_assigned"": false, ""publication_date"": null, ""snapshot_captured_at"": ""2026-09-30T17:29:59+08:00"", ""source_identity"": ""NMPA_CDE_PUBLISHED_NOTICE_ARCHIVE""}",e57c3b892e9c9fee01615a9753aea4957edde585ec7959e530910766f8423bd4,PROSPECTIVE_FIRST_OBSERVED_ONLY,False,False,False
idkpi:e6dfc264b125b7057f4fb489110e8922b618c4aef341a48deacbea6057401233,600276.SH,INNOVATION_DRUG,CLINICAL_REGULATORY,CDE_CLINICAL_TRIAL_IMPLIED_LICENSE_SNAPSHOT,2026-09-30,2026-10-08,NMPA_CDE_PUBLISHED_NOTICE_ARCHIVE,NMPA_OR_CDE,official:3266b1fa446282215611026aa6f76eca,OFFICIAL_SNAPSHOT:official:3266b1fa446282215611026aa6f76eca,临床试验默示许可:注射用甲苯磺酸瑞马唑仑:本品拟用于3-17岁儿童和青少年全身麻醉手术患者的镇静。,https://www.cde.org.cn/main/xxgk/listpage/4b5255eb0a84820cef4ca3e8b6bbe20c,OFFICIAL_CDE_CATEGORY_NO_DIRECTION,"{""applicant"": ""江苏恒瑞医药股份有限公司"", ""approval_date"": null, ""availability_basis"": ""FIRST_OBSERVED_SNAPSHOT_DATE"", ""availability_rule"": ""DATE_ONLY_NEXT_TRADE_DATE"", ""category"": ""临床试验默示许可"", ""date_only_source_timestamp_delayed_to_next_real_trading_date"": true, ""direction_classified"": false, ""drug_name"": ""注射用甲苯磺酸瑞马唑仑"", ""entity_mapping_basis"": ""EXACT_LISTED_ISSUER_LEGAL_NAME"", ""first_observed_snapshot_only"": true, ""forward_or_historical_outcome_read"": false, ""historical_reconstruction_allowed"": false, ""indication"": ""本品拟用于3-17岁儿童和青少年全身麻醉手术患者的镇静。"", ""official_source_url"": ""https://www.cde.org.cn/main/xxgk/listpage/4b5255eb0a84820cef4ca3e8b6bbe20c"", ""predictive_weight_assigned"": false, ""publication_date"": null, ""snapshot_captured_at"": ""2026-09-30T17:29:59+08:00"", ""source_identity"": ""NMPA_CDE_PUBLISHED_NOTICE_ARCHIVE""}",e6dfc264b125b7057f4fb489110e8922b618c4aef341a48deacbea6057401233,PROSPECTIVE_FIRST_OBSERVED_ONLY,False,False,False
idkpi:e894717e3cbe3d0ab7fd41596737bc4ba9becb1c4322045a306339175f733792,600276.SH,INNOVATION_DRUG,CLINICAL_REGULATORY,CDE_CLINICAL_TRIAL_IMPLIED_LICENSE_SNAPSHOT,2026-09-30,2026-10-08,NMPA_CDE_PUBLISHED_NOTICE_ARCHIVE,NMPA_OR_CDE,official:a764b5ce11dda7eb0ffce4527131561a,OFFICIAL_SNAPSHOT:official:a764b5ce11dda7eb0ffce4527131561a,临床试验默示许可:HR19042胶囊:用于治疗原发性IgA肾病。,https://www.cde.org.cn/main/xxgk/listpage/4b5255eb0a84820cef4ca3e8b6bbe20c,OFFICIAL_CDE_CATEGORY_NO_DIRECTION,"{""applicant"": ""江苏恒瑞医药股份有限公司"", ""approval_date"": null, ""availability_basis"": ""FIRST_OBSERVED_SNAPSHOT_DATE"", ""availability_rule"": ""DATE_ONLY_NEXT_TRADE_DATE"", ""category"": ""临床试验默示许可"", ""date_only_source_timestamp_delayed_to_next_real_trading_date"": true, ""direction_classified"": false, ""drug_name"": ""HR19042胶囊"", ""entity_mapping_basis"": ""EXACT_LISTED_ISSUER_LEGAL_NAME"", ""first_observed_snapshot_only"": true, ""forward_or_historical_outcome_read"": false, ""historical_reconstruction_allowed"": false, ""indication"": ""用于治疗原发性IgA肾病。"", ""official_source_url"": ""https://www.cde.org.cn/main/xxgk/listpage/4b5255eb0a84820cef4ca3e8b6bbe20c"", ""predictive_weight_assigned"": false, ""publication_date"": null, ""snapshot_captured_at"": ""2026-09-30T17:29:59+08:00"", ""source_identity"": ""NMPA_CDE_PUBLISHED_NOTICE_ARCHIVE""}",e894717e3cbe3d0ab7fd41596737bc4ba9becb1c4322045a306339175f733792,PROSPECTIVE_FIRST_OBSERVED_ONLY,False,False,False
idkpi:e9d81c34ac7094f9a3aaf1df4fe16eb5f03b0c7524a8b62561b350a99298b0f2,600276.SH,INNOVATION_DRUG,CLINICAL_REGULATORY,CDE_CLINICAL_TRIAL_IMPLIED_LICENSE_SNAPSHOT,2026-09-30,2026-10-08,NMPA_CDE_PUBLISHED_NOTICE_ARCHIVE,NMPA_OR_CDE,official:53ad82fa47187cbb45fe3964729fe61b,OFFICIAL_SNAPSHOT:official:53ad82fa47187cbb45fe3964729fe61b,临床试验默示许可:HRS-8364片:本品拟用于实体瘤的治疗。,https://www.cde.org.cn/main/xxgk/listpage/4b5255eb0a84820cef4ca3e8b6bbe20c,OFFICIAL_CDE_CATEGORY_NO_DIRECTION,"{""applicant"": ""江苏恒瑞医药股份有限公司"", ""approval_date"": null, ""availability_basis"": ""FIRST_OBSERVED_SNAPSHOT_DATE"", ""availability_rule"": ""DATE_ONLY_NEXT_TRADE_DATE"", ""category"": ""临床试验默示许可"", ""date_only_source_timestamp_delayed_to_next_real_trading_date"": true, ""direction_classified"": false, ""drug_name"": ""HRS-8364片"", ""entity_mapping_basis"": ""EXACT_LISTED_ISSUER_LEGAL_NAME"", ""first_observed_snapshot_only"": true, ""forward_or_historical_outcome_read"": false, ""historical_reconstruction_allowed"": false, ""indication"": ""本品拟用于实体瘤的治疗。"", ""official_source_url"": ""https://www.cde.org.cn/main/xxgk/listpage/4b5255eb0a84820cef4ca3e8b6bbe20c"", ""predictive_weight_assigned"": false, ""publication_date"": null, ""snapshot_captured_at"": ""2026-09-30T17:29:59+08:00"", ""source_identity"": ""NMPA_CDE_PUBLISHED_NOTICE_ARCHIVE""}",e9d81c34ac7094f9a3aaf1df4fe16eb5f03b0c7524a8b62561b350a99298b0f2,PROSPECTIVE_FIRST_OBSERVED_ONLY,False,False,False
idkpi:ea07d3174d82e103f998f6cce70e2de8760225b4adebfbe75320fe45b0de331f,600276.SH,INNOVATION_DRUG,CLINICAL_REGULATORY,CDE_CLINICAL_TRIAL_IMPLIED_LICENSE_SNAPSHOT,2026-09-30,2026-10-08,NMPA_CDE_PUBLISHED_NOTICE_ARCHIVE,NMPA_OR_CDE,official:ae87fa2f5c013f3738faed7aebdb4ea0,OFFICIAL_SNAPSHOT:official:ae87fa2f5c013f3738faed7aebdb4ea0,临床试验默示许可:HRS-7172片:携带RAS突变或扩增的实体瘤,https://www.cde.org.cn/main/xxgk/listpage/4b5255eb0a84820cef4ca3e8b6bbe20c,OFFICIAL_CDE_CATEGORY_NO_DIRECTION,"{""applicant"": ""江苏恒瑞医药股份有限公司"", ""approval_date"": null, ""availability_basis"": ""FIRST_OBSERVED_SNAPSHOT_DATE"", ""availability_rule"": ""DATE_ONLY_NEXT_TRADE_DATE"", ""category"": ""临床试验默示许可"", ""date_only_source_timestamp_delayed_to_next_real_trading_date"": true, ""direction_classified"": false, ""drug_name"": ""HRS-7172片"", ""entity_mapping_basis"": ""EXACT_LISTED_ISSUER_LEGAL_NAME"", ""first_observed_snapshot_only"": true, ""forward_or_historical_outcome_read"": false, ""historical_reconstruction_allowed"": false, ""indication"": ""携带RAS突变或扩增的实体瘤"", ""official_source_url"": ""https://www.cde.org.cn/main/xxgk/listpage/4b5255eb0a84820cef4ca3e8b6bbe20c"", ""predictive_weight_assigned"": false, ""publication_date"": null, ""snapshot_captured_at"": ""2026-09-30T17:29:59+08:00"", ""source_identity"": ""NMPA_CDE_PUBLISHED_NOTICE_ARCHIVE""}",ea07d3174d82e103f998f6cce70e2de8760225b4adebfbe75320fe45b0de331f,PROSPECTIVE_FIRST_OBSERVED_ONLY,False,False,False
idkpi:eb3d5e36610596f6c409e079c23d0654027b11ed5901911d227f7550e77a0a0b,600276.SH,INNOVATION_DRUG,CLINICAL_REGULATORY,CDE_CLINICAL_TRIAL_IMPLIED_LICENSE_SNAPSHOT,2026-09-30,2026-10-08,NMPA_CDE_PUBLISHED_NOTICE_ARCHIVE,NMPA_OR_CDE,official:2d3dd20948608bdee7d92cba80baedc7,OFFICIAL_SNAPSHOT:official:2d3dd20948608bdee7d92cba80baedc7,临床试验默示许可:HRS-3738片:本品联合含地塞米松的治疗方案用于复发难治的多发性骨髓瘤。,https://www.cde.org.cn/main/xxgk/listpage/4b5255eb0a84820cef4ca3e8b6bbe20c,OFFICIAL_CDE_CATEGORY_NO_DIRECTION,"{""applicant"": ""江苏恒瑞医药股份有限公司"", ""approval_date"": null, ""availability_basis"": ""FIRST_OBSERVED_SNAPSHOT_DATE"", ""availability_rule"": ""DATE_ONLY_NEXT_TRADE_DATE"", ""category"": ""临床试验默示许可"", ""date_only_source_timestamp_delayed_to_next_real_trading_date"": true, ""direction_classified"": false, ""drug_name"": ""HRS-3738片"", ""entity_mapping_basis"": ""EXACT_LISTED_ISSUER_LEGAL_NAME"", ""first_observed_snapshot_only"": true, ""forward_or_historical_outcome_read"": false, ""historical_reconstruction_allowed"": false, ""indication"": ""本品联合含地塞米松的治疗方案用于复发难治的多发性骨髓瘤。"", ""official_source_url"": ""https://www.cde.org.cn/main/xxgk/listpage/4b5255eb0a84820cef4ca3e8b6bbe20c"", ""predictive_weight_assigned"": false, ""publication_date"": null, ""snapshot_captured_at"": ""2026-09-30T17:29:59+08:00"", ""source_identity"": ""NMPA_CDE_PUBLISHED_NOTICE_ARCHIVE""}",eb3d5e36610596f6c409e079c23d0654027b11ed5901911d227f7550e77a0a0b,PROSPECTIVE_FIRST_OBSERVED_ONLY,False,False,False
idkpi:edd475d67e3a01cc58172a58f9e914a7fe1d8d4aa3615ec5b9e463ccebd10a94,600276.SH,INNOVATION_DRUG,CLINICAL_REGULATORY,CDE_CLINICAL_TRIAL_IMPLIED_LICENSE_SNAPSHOT,2026-09-30,2026-10-08,NMPA_CDE_PUBLISHED_NOTICE_ARCHIVE,NMPA_OR_CDE,official:2f448a746188ac7f4823e4777a875c6d,OFFICIAL_SNAPSHOT:official:2f448a746188ac7f4823e4777a875c6d,临床试验默示许可:HRS-3005片:本品拟用于B细胞恶性肿瘤的治疗,https://www.cde.org.cn/main/xxgk/listpage/4b5255eb0a84820cef4ca3e8b6bbe20c,OFFICIAL_CDE_CATEGORY_NO_DIRECTION,"{""applicant"": ""江苏恒瑞医药股份有限公司"", ""approval_date"": null, ""availability_basis"": ""FIRST_OBSERVED_SNAPSHOT_DATE"", ""availability_rule"": ""DATE_ONLY_NEXT_TRADE_DATE"", ""category"": ""临床试验默示许可"", ""date_only_source_timestamp_delayed_to_next_real_trading_date"": true, ""direction_classified"": false, ""drug_name"": ""HRS-3005片"", ""entity_mapping_basis"": ""EXACT_LISTED_ISSUER_LEGAL_NAME"", ""first_observed_snapshot_only"": true, ""forward_or_historical_outcome_read"": false, ""historical_reconstruction_allowed"": false, ""indication"": ""本品拟用于B细胞恶性肿瘤的治疗"", ""official_source_url"": ""https://www.cde.org.cn/main/xxgk/listpage/4b5255eb0a84820cef4ca3e8b6bbe20c"", ""predictive_weight_assigned"": false, ""publication_date"": null, ""snapshot_captured_at"": ""2026-09-30T17:29:59+08:00"", ""source_identity"": ""NMPA_CDE_PUBLISHED_NOTICE_ARCHIVE""}",edd475d67e3a01cc58172a58f9e914a7fe1d8d4aa3615ec5b9e463ccebd10a94,PROSPECTIVE_FIRST_OBSERVED_ONLY,False,False,False
idkpi:efd89b05b0752714d853cfb027ca3e2a5c8428795830e7c491889e4752d5e742,600276.SH,INNOVATION_DRUG,CLINICAL_REGULATORY,CDE_CLINICAL_TRIAL_IMPLIED_LICENSE_SNAPSHOT,2026-09-30,2026-10-08,NMPA_CDE_PUBLISHED_NOTICE_ARCHIVE,NMPA_OR_CDE,official:51d1ed7687313682fab293128ea7c2f5,OFFICIAL_SNAPSHOT:official:51d1ed7687313682fab293128ea7c2f5,"临床试验默示许可:羟乙磺酸达尔西利片:1.  本品联合内分泌治疗用于HR阳性，HER2阴性的早期或局部晚期乳腺癌的辅助治疗。
2. 本品联合HRS-8080片用于乳腺癌的治疗。
3. 本品联合HRS8807片用于乳腺癌的治疗。
4.本品联合HRS1358片用于乳腺癌的治疗。",https://www.cde.org.cn/main/xxgk/listpage/4b5255eb0a84820cef4ca3e8b6bbe20c,OFFICIAL_CDE_CATEGORY_NO_DIRECTION,"{""applicant"": ""江苏恒瑞医药股份有限公司"", ""approval_date"": null, ""availability_basis"": ""FIRST_OBSERVED_SNAPSHOT_DATE"", ""availability_rule"": ""DATE_ONLY_NEXT_TRADE_DATE"", ""category"": ""临床试验默示许可"", ""date_only_source_timestamp_delayed_to_next_real_trading_date"": true, ""direction_classified"": false, ""drug_name"": ""羟乙磺酸达尔西利片"", ""entity_mapping_basis"": ""EXACT_LISTED_ISSUER_LEGAL_NAME"", ""first_observed_snapshot_only"": true, ""forward_or_historical_outcome_read"": false, ""historical_reconstruction_allowed"": false, ""indication"": ""1.  本品联合内分泌治疗用于HR阳性，HER2阴性的早期或局部晚期乳腺癌的辅助治疗。\r\n2. 本品联合HRS-8080片用于乳腺癌的治疗。\r\n3. 本品联合HRS8807片用于乳腺癌的治疗。\r\n4.本品联合HRS1358片用于乳腺癌的治疗。"", ""official_source_url"": ""https://www.cde.org.cn/main/xxgk/listpage/4b5255eb0a84820cef4ca3e8b6bbe20c"", ""predictive_weight_assigned"": false, ""publication_date"": null, ""snapshot_captured_at"": ""2026-09-30T17:29:59+08:00"", ""source_identity"": ""NMPA_CDE_PUBLISHED_NOTICE_ARCHIVE""}",efd89b05b0752714d853cfb027ca3e2a5c8428795830e7c491889e4752d5e742,PROSPECTIVE_FIRST_OBSERVED_ONLY,False,False,False
idkpi:f0e57f29ec8bb1c69d58a64c79c75daa4cc9561c68976a27f80978d42d43cb85,600276.SH,INNOVATION_DRUG,CLINICAL_REGULATORY,CDE_CLINICAL_TRIAL_IMPLIED_LICENSE_SNAPSHOT,2026-09-30,2026-10-08,NMPA_CDE_PUBLISHED_NOTICE_ARCHIVE,NMPA_OR_CDE,official:474deead3ddde70b528ed18dee74e03c,OFFICIAL_SNAPSHOT:official:474deead3ddde70b528ed18dee74e03c,临床试验默示许可:HRS-6209胶囊:本品联合HRS-1358或HRS-8080或芳香化酶抑制剂或氟维司群用于乳腺癌的治疗。,https://www.cde.org.cn/main/xxgk/listpage/4b5255eb0a84820cef4ca3e8b6bbe20c,OFFICIAL_CDE_CATEGORY_NO_DIRECTION,"{""applicant"": ""江苏恒瑞医药股份有限公司"", ""approval_date"": null, ""availability_basis"": ""FIRST_OBSERVED_SNAPSHOT_DATE"", ""availability_rule"": ""DATE_ONLY_NEXT_TRADE_DATE"", ""category"": ""临床试验默示许可"", ""date_only_source_timestamp_delayed_to_next_real_trading_date"": true, ""direction_classified"": false, ""drug_name"": ""HRS-6209胶囊"", ""entity_mapping_basis"": ""EXACT_LISTED_ISSUER_LEGAL_NAME"", ""first_observed_snapshot_only"": true, ""forward_or_historical_outcome_read"": false, ""historical_reconstruction_allowed"": false, ""indication"": ""本品联合HRS-1358或HRS-8080或芳香化酶抑制剂或氟维司群用于乳腺癌的治疗。"", ""official_source_url"": ""https://www.cde.org.cn/main/xxgk/listpage/4b5255eb0a84820cef4ca3e8b6bbe20c"", ""predictive_weight_assigned"": false, ""publication_date"": null, ""snapshot_captured_at"": ""2026-09-30T17:29:59+08:00"", ""source_identity"": ""NMPA_CDE_PUBLISHED_NOTICE_ARCHIVE""}",f0e57f29ec8bb1c69d58a64c79c75daa4cc9561c68976a27f80978d42d43cb85,PROSPECTIVE_FIRST_OBSERVED_ONLY,False,False,False
idkpi:f304c3a0fedf749ccb4a33041d60d9ece002bd0225c7058599f58bf437886728,600276.SH,INNOVATION_DRUG,CLINICAL_REGULATORY,CDE_CLINICAL_TRIAL_IMPLIED_LICENSE_SNAPSHOT,2026-09-30,2026-10-08,NMPA_CDE_PUBLISHED_NOTICE_ARCHIVE,NMPA_OR_CDE,official:148cd40375ed7a40760fca25430ccb90,OFFICIAL_SNAPSHOT:official:148cd40375ed7a40760fca25430ccb90,临床试验默示许可:SHR2554片:本品联合或不联合阿得贝利单抗或SHR-1701±SHR-A1811或SHR-A1904或SHR-A2102，或联合醋酸阿比特龙或二代AR抑制剂用于实体瘤,https://www.cde.org.cn/main/xxgk/listpage/4b5255eb0a84820cef4ca3e8b6bbe20c,OFFICIAL_CDE_CATEGORY_NO_DIRECTION,"{""applicant"": ""江苏恒瑞医药股份有限公司"", ""approval_date"": null, ""availability_basis"": ""FIRST_OBSERVED_SNAPSHOT_DATE"", ""availability_rule"": ""DATE_ONLY_NEXT_TRADE_DATE"", ""category"": ""临床试验默示许可"", ""date_only_source_timestamp_delayed_to_next_real_trading_date"": true, ""direction_classified"": false, ""drug_name"": ""SHR2554片"", ""entity_mapping_basis"": ""EXACT_LISTED_ISSUER_LEGAL_NAME"", ""first_observed_snapshot_only"": true, ""forward_or_historical_outcome_read"": false, ""historical_reconstruction_allowed"": false, ""indication"": ""本品联合或不联合阿得贝利单抗或SHR-1701±SHR-A1811或SHR-A1904或SHR-A2102，或联合醋酸阿比特龙或二代AR抑制剂用于实体瘤"", ""official_source_url"": ""https://www.cde.org.cn/main/xxgk/listpage/4b5255eb0a84820cef4ca3e8b6bbe20c"", ""predictive_weight_assigned"": false, ""publication_date"": null, ""snapshot_captured_at"": ""2026-09-30T17:29:59+08:00"", ""source_identity"": ""NMPA_CDE_PUBLISHED_NOTICE_ARCHIVE""}",f304c3a0fedf749ccb4a33041d60d9ece002bd0225c7058599f58bf437886728,PROSPECTIVE_FIRST_OBSERVED_ONLY,False,False,False
idkpi:f34fe36a4a1f54cda49e4604dd19ade8ccab83d2704cc1c0f7122f675735e634,600276.SH,INNOVATION_DRUG,CLINICAL_REGULATORY,CDE_CLINICAL_TRIAL_IMPLIED_LICENSE_SNAPSHOT,2026-09-30,2026-10-08,NMPA_CDE_PUBLISHED_NOTICE_ARCHIVE,NMPA_OR_CDE,official:8367f1cefbce724239c771ad554d8b65,OFFICIAL_SNAPSHOT:official:8367f1cefbce724239c771ad554d8b65,临床试验默示许可:HRS-6093片:本品联合HRS-7172±阿得贝利单抗/SHR-4610，或联合HRS-7172±SHR-9839(sc)，或联合HRS-7172±化疗用于实体瘤,https://www.cde.org.cn/main/xxgk/listpage/4b5255eb0a84820cef4ca3e8b6bbe20c,OFFICIAL_CDE_CATEGORY_NO_DIRECTION,"{""applicant"": ""江苏恒瑞医药股份有限公司"", ""approval_date"": null, ""availability_basis"": ""FIRST_OBSERVED_SNAPSHOT_DATE"", ""availability_rule"": ""DATE_ONLY_NEXT_TRADE_DATE"", ""category"": ""临床试验默示许可"", ""date_only_source_timestamp_delayed_to_next_real_trading_date"": true, ""direction_classified"": false, ""drug_name"": ""HRS-6093片"", ""entity_mapping_basis"": ""EXACT_LISTED_ISSUER_LEGAL_NAME"", ""first_observed_snapshot_only"": true, ""forward_or_historical_outcome_read"": false, ""historical_reconstruction_allowed"": false, ""indication"": ""本品联合HRS-7172±阿得贝利单抗/SHR-4610，或联合HRS-7172±SHR-9839(sc)，或联合HRS-7172±化疗用于实体瘤"", ""official_source_url"": ""https://www.cde.org.cn/main/xxgk/listpage/4b5255eb0a84820cef4ca3e8b6bbe20c"", ""predictive_weight_assigned"": false, ""publication_date"": null, ""snapshot_captured_at"": ""2026-09-30T17:29:59+08:00"", ""source_identity"": ""NMPA_CDE_PUBLISHED_NOTICE_ARCHIVE""}",f34fe36a4a1f54cda49e4604dd19ade8ccab83d2704cc1c0f7122f675735e634,PROSPECTIVE_FIRST_OBSERVED_ONLY,False,False,False
idkpi:f518be641c718b11cf8385eb3fb16c5848ca3b78f5268f49a0d216b8ca1affe0,600276.SH,INNOVATION_DRUG,CLINICAL_REGULATORY,CDE_CLINICAL_TRIAL_IMPLIED_LICENSE_SNAPSHOT,2026-09-30,2026-10-08,NMPA_CDE_PUBLISHED_NOTICE_ARCHIVE,NMPA_OR_CDE,official:59834fdd8f83fdd1a7d31485c460f161,OFFICIAL_SNAPSHOT:official:59834fdd8f83fdd1a7d31485c460f161,临床试验默示许可:HRS-7172片:携带RAS突变或扩增的实体瘤,https://www.cde.org.cn/main/xxgk/listpage/4b5255eb0a84820cef4ca3e8b6bbe20c,OFFICIAL_CDE_CATEGORY_NO_DIRECTION,"{""applicant"": ""江苏恒瑞医药股份有限公司"", ""approval_date"": null, ""availability_basis"": ""FIRST_OBSERVED_SNAPSHOT_DATE"", ""availability_rule"": ""DATE_ONLY_NEXT_TRADE_DATE"", ""category"": ""临床试验默示许可"", ""date_only_source_timestamp_delayed_to_next_real_trading_date"": true, ""direction_classified"": false, ""drug_name"": ""HRS-7172片"", ""entity_mapping_basis"": ""EXACT_LISTED_ISSUER_LEGAL_NAME"", ""first_observed_snapshot_only"": true, ""forward_or_historical_outcome_read"": false, ""historical_reconstruction_allowed"": false, ""indication"": ""携带RAS突变或扩增的实体瘤"", ""official_source_url"": ""https://www.cde.org.cn/main/xxgk/listpage/4b5255eb0a84820cef4ca3e8b6bbe20c"", ""predictive_weight_assigned"": false, ""publication_date"": null, ""snapshot_captured_at"": ""2026-09-30T17:29:59+08:00"", ""source_identity"": ""NMPA_CDE_PUBLISHED_NOTICE_ARCHIVE""}",f518be641c718b11cf8385eb3fb16c5848ca3b78f5268f49a0d216b8ca1affe0,PROSPECTIVE_FIRST_OBSERVED_ONLY,False,False,False
idkpi:f55e4e7a8763e83491e0484792d02cfc995ebdb64423971ee18ba73debb16c56,600276.SH,INNOVATION_DRUG,CLINICAL_REGULATORY,CDE_CLINICAL_TRIAL_IMPLIED_LICENSE_SNAPSHOT,2026-09-30,2026-10-08,NMPA_CDE_PUBLISHED_NOTICE_ARCHIVE,NMPA_OR_CDE,official:f7d871c2f994d9de49b80e6eb564f42a,OFFICIAL_SNAPSHOT:official:f7d871c2f994d9de49b80e6eb564f42a,临床试验默示许可:HRS-6093片:本品临床拟用于治疗携带KRASG12D突变的实体瘤。,https://www.cde.org.cn/main/xxgk/listpage/4b5255eb0a84820cef4ca3e8b6bbe20c,OFFICIAL_CDE_CATEGORY_NO_DIRECTION,"{""applicant"": ""江苏恒瑞医药股份有限公司"", ""approval_date"": null, ""availability_basis"": ""FIRST_OBSERVED_SNAPSHOT_DATE"", ""availability_rule"": ""DATE_ONLY_NEXT_TRADE_DATE"", ""category"": ""临床试验默示许可"", ""date_only_source_timestamp_delayed_to_next_real_trading_date"": true, ""direction_classified"": false, ""drug_name"": ""HRS-6093片"", ""entity_mapping_basis"": ""EXACT_LISTED_ISSUER_LEGAL_NAME"", ""first_observed_snapshot_only"": true, ""forward_or_historical_outcome_read"": false, ""historical_reconstruction_allowed"": false, ""indication"": ""本品临床拟用于治疗携带KRASG12D突变的实体瘤。"", ""official_source_url"": ""https://www.cde.org.cn/main/xxgk/listpage/4b5255eb0a84820cef4ca3e8b6bbe20c"", ""predictive_weight_assigned"": false, ""publication_date"": null, ""snapshot_captured_at"": ""2026-09-30T17:29:59+08:00"", ""source_identity"": ""NMPA_CDE_PUBLISHED_NOTICE_ARCHIVE""}",f55e4e7a8763e83491e0484792d02cfc995ebdb64423971ee18ba73debb16c56,PROSPECTIVE_FIRST_OBSERVED_ONLY,False,False,False
idkpi:f57d825d6429b3654f8d7f82b8f36fee9b3275034b5951f8ef5368e2085e4544,600276.SH,INNOVATION_DRUG,CLINICAL_REGULATORY,CDE_CLINICAL_TRIAL_IMPLIED_LICENSE_SNAPSHOT,2026-09-30,2026-10-08,NMPA_CDE_PUBLISHED_NOTICE_ARCHIVE,NMPA_OR_CDE,official:52bc111c271fa21695a54d1ad3e0019d,OFFICIAL_SNAPSHOT:official:52bc111c271fa21695a54d1ad3e0019d,临床试验默示许可:HRG2005吸入剂:本品适用于慢性阻塞性肺疾病（COPD）患者的维持治疗。,https://www.cde.org.cn/main/xxgk/listpage/4b5255eb0a84820cef4ca3e8b6bbe20c,OFFICIAL_CDE_CATEGORY_NO_DIRECTION,"{""applicant"": ""江苏恒瑞医药股份有限公司"", ""approval_date"": null, ""availability_basis"": ""FIRST_OBSERVED_SNAPSHOT_DATE"", ""availability_rule"": ""DATE_ONLY_NEXT_TRADE_DATE"", ""category"": ""临床试验默示许可"", ""date_only_source_timestamp_delayed_to_next_real_trading_date"": true, ""direction_classified"": false, ""drug_name"": ""HRG2005吸入剂"", ""entity_mapping_basis"": ""EXACT_LISTED_ISSUER_LEGAL_NAME"", ""first_observed_snapshot_only"": true, ""forward_or_historical_outcome_read"": false, ""historical_reconstruction_allowed"": false, ""indication"": ""本品适用于慢性阻塞性肺疾病（COPD）患者的维持治疗。"", ""official_source_url"": ""https://www.cde.org.cn/main/xxgk/listpage/4b5255eb0a84820cef4ca3e8b6bbe20c"", ""predictive_weight_assigned"": false, ""publication_date"": null, ""snapshot_captured_at"": ""2026-09-30T17:29:59+08:00"", ""source_identity"": ""NMPA_CDE_PUBLISHED_NOTICE_ARCHIVE""}",f57d825d6429b3654f8d7f82b8f36fee9b3275034b5951f8ef5368e2085e4544,PROSPECTIVE_FIRST_OBSERVED_ONLY,False,False,False
idkpi:f5d3d0e9c5ad1492bebc014851f7840af322bb539a9ce47c6e393a55ee5607e1,600276.SH,INNOVATION_DRUG,CLINICAL_REGULATORY,CDE_CLINICAL_TRIAL_IMPLIED_LICENSE_SNAPSHOT,2026-09-30,2026-10-08,NMPA_CDE_PUBLISHED_NOTICE_ARCHIVE,NMPA_OR_CDE,official:ec3159c2fc4f02c92804d78c84d76473,OFFICIAL_SNAPSHOT:official:ec3159c2fc4f02c92804d78c84d76473,临床试验默示许可:HRS-3738片:HRS-3738联合SHR-9539±CD38单抗±蛋白酶体抑制剂用于治疗多发性骨髓瘤。,https://www.cde.org.cn/main/xxgk/listpage/4b5255eb0a84820cef4ca3e8b6bbe20c,OFFICIAL_CDE_CATEGORY_NO_DIRECTION,"{""applicant"": ""江苏恒瑞医药股份有限公司"", ""approval_date"": null, ""availability_basis"": ""FIRST_OBSERVED_SNAPSHOT_DATE"", ""availability_rule"": ""DATE_ONLY_NEXT_TRADE_DATE"", ""category"": ""临床试验默示许可"", ""date_only_source_timestamp_delayed_to_next_real_trading_date"": true, ""direction_classified"": false, ""drug_name"": ""HRS-3738片"", ""entity_mapping_basis"": ""EXACT_LISTED_ISSUER_LEGAL_NAME"", ""first_observed_snapshot_only"": true, ""forward_or_historical_outcome_read"": false, ""historical_reconstruction_allowed"": false, ""indication"": ""HRS-3738联合SHR-9539±CD38单抗±蛋白酶体抑制剂用于治疗多发性骨髓瘤。"", ""official_source_url"": ""https://www.cde.org.cn/main/xxgk/listpage/4b5255eb0a84820cef4ca3e8b6bbe20c"", ""predictive_weight_assigned"": false, ""publication_date"": null, ""snapshot_captured_at"": ""2026-09-30T17:29:59+08:00"", ""source_identity"": ""NMPA_CDE_PUBLISHED_NOTICE_ARCHIVE""}",f5d3d0e9c5ad1492bebc014851f7840af322bb539a9ce47c6e393a55ee5607e1,PROSPECTIVE_FIRST_OBSERVED_ONLY,False,False,False
idkpi:f6cc26ce9913201bb1b46a83525ac77466e62a6cd0541625b902a297ce1ed225,600276.SH,INNOVATION_DRUG,CLINICAL_REGULATORY,CDE_CLINICAL_TRIAL_IMPLIED_LICENSE_SNAPSHOT,2026-09-30,2026-10-08,NMPA_CDE_PUBLISHED_NOTICE_ARCHIVE,NMPA_OR_CDE,official:981d6e8917eebdb47dd80110b0935a60,OFFICIAL_SNAPSHOT:official:981d6e8917eebdb47dd80110b0935a60,临床试验默示许可:HRS-6209胶囊:本品联合HRS-1358或HRS-8080或芳香化酶抑制剂或氟维司群用于乳腺癌的治疗。,https://www.cde.org.cn/main/xxgk/listpage/4b5255eb0a84820cef4ca3e8b6bbe20c,OFFICIAL_CDE_CATEGORY_NO_DIRECTION,"{""applicant"": ""江苏恒瑞医药股份有限公司"", ""approval_date"": null, ""availability_basis"": ""FIRST_OBSERVED_SNAPSHOT_DATE"", ""availability_rule"": ""DATE_ONLY_NEXT_TRADE_DATE"", ""category"": ""临床试验默示许可"", ""date_only_source_timestamp_delayed_to_next_real_trading_date"": true, ""direction_classified"": false, ""drug_name"": ""HRS-6209胶囊"", ""entity_mapping_basis"": ""EXACT_LISTED_ISSUER_LEGAL_NAME"", ""first_observed_snapshot_only"": true, ""forward_or_historical_outcome_read"": false, ""historical_reconstruction_allowed"": false, ""indication"": ""本品联合HRS-1358或HRS-8080或芳香化酶抑制剂或氟维司群用于乳腺癌的治疗。"", ""official_source_url"": ""https://www.cde.org.cn/main/xxgk/listpage/4b5255eb0a84820cef4ca3e8b6bbe20c"", ""predictive_weight_assigned"": false, ""publication_date"": null, ""snapshot_captured_at"": ""2026-09-30T17:29:59+08:00"", ""source_identity"": ""NMPA_CDE_PUBLISHED_NOTICE_ARCHIVE""}",f6cc26ce9913201bb1b46a83525ac77466e62a6cd0541625b902a297ce1ed225,PROSPECTIVE_FIRST_OBSERVED_ONLY,False,False,False
idkpi:f763ff47dbb0b96ee5e4f569ffc90190d3819796a3d10d1aff9c2b42a513a7d6,600276.SH,INNOVATION_DRUG,CLINICAL_REGULATORY,CDE_CLINICAL_TRIAL_IMPLIED_LICENSE_SNAPSHOT,2026-09-30,2026-10-08,NMPA_CDE_PUBLISHED_NOTICE_ARCHIVE,NMPA_OR_CDE,official:940f6cce8604a8bb54b2ed4a24929c50,OFFICIAL_SNAPSHOT:official:940f6cce8604a8bb54b2ed4a24929c50,临床试验默示许可:美洛昔康混悬注射液:术后中重度疼痛,https://www.cde.org.cn/main/xxgk/listpage/4b5255eb0a84820cef4ca3e8b6bbe20c,OFFICIAL_CDE_CATEGORY_NO_DIRECTION,"{""applicant"": ""江苏恒瑞医药股份有限公司"", ""approval_date"": null, ""availability_basis"": ""FIRST_OBSERVED_SNAPSHOT_DATE"", ""availability_rule"": ""DATE_ONLY_NEXT_TRADE_DATE"", ""category"": ""临床试验默示许可"", ""date_only_source_timestamp_delayed_to_next_real_trading_date"": true, ""direction_classified"": false, ""drug_name"": ""美洛昔康混悬注射液"", ""entity_mapping_basis"": ""EXACT_LISTED_ISSUER_LEGAL_NAME"", ""first_observed_snapshot_only"": true, ""forward_or_historical_outcome_read"": false, ""historical_reconstruction_allowed"": false, ""indication"": ""术后中重度疼痛"", ""official_source_url"": ""https://www.cde.org.cn/main/xxgk/listpage/4b5255eb0a84820cef4ca3e8b6bbe20c"", ""predictive_weight_assigned"": false, ""publication_date"": null, ""snapshot_captured_at"": ""2026-09-30T17:29:59+08:00"", ""source_identity"": ""NMPA_CDE_PUBLISHED_NOTICE_ARCHIVE""}",f763ff47dbb0b96ee5e4f569ffc90190d3819796a3d10d1aff9c2b42a513a7d6,PROSPECTIVE_FIRST_OBSERVED_ONLY,False,False,False
idkpi:f80cb83e383c56adb790754758dcb19fc42c48b11625407fbcd3caef5636ae5d,600276.SH,INNOVATION_DRUG,CLINICAL_REGULATORY,CDE_CLINICAL_TRIAL_IMPLIED_LICENSE_SNAPSHOT,2026-09-30,2026-10-08,NMPA_CDE_PUBLISHED_NOTICE_ARCHIVE,NMPA_OR_CDE,official:039608b5232a256c34737728f24490bc,OFFICIAL_SNAPSHOT:official:039608b5232a256c34737728f24490bc,临床试验默示许可:HRG2010胶囊:用于治疗帕金森病,https://www.cde.org.cn/main/xxgk/listpage/4b5255eb0a84820cef4ca3e8b6bbe20c,OFFICIAL_CDE_CATEGORY_NO_DIRECTION,"{""applicant"": ""江苏恒瑞医药股份有限公司"", ""approval_date"": null, ""availability_basis"": ""FIRST_OBSERVED_SNAPSHOT_DATE"", ""availability_rule"": ""DATE_ONLY_NEXT_TRADE_DATE"", ""category"": ""临床试验默示许可"", ""date_only_source_timestamp_delayed_to_next_real_trading_date"": true, ""direction_classified"": false, ""drug_name"": ""HRG2010胶囊"", ""entity_mapping_basis"": ""EXACT_LISTED_ISSUER_LEGAL_NAME"", ""first_observed_snapshot_only"": true, ""forward_or_historical_outcome_read"": false, ""historical_reconstruction_allowed"": false, ""indication"": ""用于治疗帕金森病"", ""official_source_url"": ""https://www.cde.org.cn/main/xxgk/listpage/4b5255eb0a84820cef4ca3e8b6bbe20c"", ""predictive_weight_assigned"": false, ""publication_date"": null, ""snapshot_captured_at"": ""2026-09-30T17:29:59+08:00"", ""source_identity"": ""NMPA_CDE_PUBLISHED_NOTICE_ARCHIVE""}",f80cb83e383c56adb790754758dcb19fc42c48b11625407fbcd3caef5636ae5d,PROSPECTIVE_FIRST_OBSERVED_ONLY,False,False,False
idkpi:fa3f8d87e4020b880fe1f1fd44f68ca598f95fdf35d12b725ec5682c49559ce2,600276.SH,INNOVATION_DRUG,CLINICAL_REGULATORY,CDE_CLINICAL_TRIAL_IMPLIED_LICENSE_SNAPSHOT,2026-09-30,2026-10-08,NMPA_CDE_PUBLISHED_NOTICE_ARCHIVE,NMPA_OR_CDE,official:f455c726316672ed3e41d35877ec19a5,OFFICIAL_SNAPSHOT:official:f455c726316672ed3e41d35877ec19a5,临床试验默示许可:HRS-2329片:携带RAS突变或扩增的实体瘤,https://www.cde.org.cn/main/xxgk/listpage/4b5255eb0a84820cef4ca3e8b6bbe20c,OFFICIAL_CDE_CATEGORY_NO_DIRECTION,"{""applicant"": ""江苏恒瑞医药股份有限公司"", ""approval_date"": null, ""availability_basis"": ""FIRST_OBSERVED_SNAPSHOT_DATE"", ""availability_rule"": ""DATE_ONLY_NEXT_TRADE_DATE"", ""category"": ""临床试验默示许可"", ""date_only_source_timestamp_delayed_to_next_real_trading_date"": true, ""direction_classified"": false, ""drug_name"": ""HRS-2329片"", ""entity_mapping_basis"": ""EXACT_LISTED_ISSUER_LEGAL_NAME"", ""first_observed_snapshot_only"": true, ""forward_or_historical_outcome_read"": false, ""historical_reconstruction_allowed"": false, ""indication"": ""携带RAS突变或扩增的实体瘤"", ""official_source_url"": ""https://www.cde.org.cn/main/xxgk/listpage/4b5255eb0a84820cef4ca3e8b6bbe20c"", ""predictive_weight_assigned"": false, ""publication_date"": null, ""snapshot_captured_at"": ""2026-09-30T17:29:59+08:00"", ""source_identity"": ""NMPA_CDE_PUBLISHED_NOTICE_ARCHIVE""}",fa3f8d87e4020b880fe1f1fd44f68ca598f95fdf35d12b725ec5682c49559ce2,PROSPECTIVE_FIRST_OBSERVED_ONLY,False,False,False
idkpi:fa4a69f953069c35fe3df2237b12a70384c75509dca314c8f8648c39969ca96b,600276.SH,INNOVATION_DRUG,CLINICAL_REGULATORY,CDE_CLINICAL_TRIAL_IMPLIED_LICENSE_SNAPSHOT,2026-09-30,2026-10-08,NMPA_CDE_PUBLISHED_NOTICE_ARCHIVE,NMPA_OR_CDE,official:b538a427a8faf41004185d008a0c0547,OFFICIAL_SNAPSHOT:official:b538a427a8faf41004185d008a0c0547,临床试验默示许可:HRS-4508片:HRS-4508联合HRS-6209联合内分泌治疗±曲妥珠单抗±帕妥珠单抗用于乳腺癌的治疗,https://www.cde.org.cn/main/xxgk/listpage/4b5255eb0a84820cef4ca3e8b6bbe20c,OFFICIAL_CDE_CATEGORY_NO_DIRECTION,"{""applicant"": ""江苏恒瑞医药股份有限公司"", ""approval_date"": null, ""availability_basis"": ""FIRST_OBSERVED_SNAPSHOT_DATE"", ""availability_rule"": ""DATE_ONLY_NEXT_TRADE_DATE"", ""category"": ""临床试验默示许可"", ""date_only_source_timestamp_delayed_to_next_real_trading_date"": true, ""direction_classified"": false, ""drug_name"": ""HRS-4508片"", ""entity_mapping_basis"": ""EXACT_LISTED_ISSUER_LEGAL_NAME"", ""first_observed_snapshot_only"": true, ""forward_or_historical_outcome_read"": false, ""historical_reconstruction_allowed"": false, ""indication"": ""HRS-4508联合HRS-6209联合内分泌治疗±曲妥珠单抗±帕妥珠单抗用于乳腺癌的治疗"", ""official_source_url"": ""https://www.cde.org.cn/main/xxgk/listpage/4b5255eb0a84820cef4ca3e8b6bbe20c"", ""predictive_weight_assigned"": false, ""publication_date"": null, ""snapshot_captured_at"": ""2026-09-30T17:29:59+08:00"", ""source_identity"": ""NMPA_CDE_PUBLISHED_NOTICE_ARCHIVE""}",fa4a69f953069c35fe3df2237b12a70384c75509dca314c8f8648c39969ca96b,PROSPECTIVE_FIRST_OBSERVED_ONLY,False,False,False
idkpi:fb24aa37e1324c930d7ab6cb609091e5706dd2ccc49258e5aa6dec732096de59,600276.SH,INNOVATION_DRUG,CLINICAL_REGULATORY,CDE_CLINICAL_TRIAL_IMPLIED_LICENSE_SNAPSHOT,2026-09-30,2026-10-08,NMPA_CDE_PUBLISHED_NOTICE_ARCHIVE,NMPA_OR_CDE,official:c9277fd62ae6a074a62a1cd35a91968b,OFFICIAL_SNAPSHOT:official:c9277fd62ae6a074a62a1cd35a91968b,临床试验默示许可:SHR0302口服溶液:拟用于移植物抗宿主病的治疗。,https://www.cde.org.cn/main/xxgk/listpage/4b5255eb0a84820cef4ca3e8b6bbe20c,OFFICIAL_CDE_CATEGORY_NO_DIRECTION,"{""applicant"": ""江苏恒瑞医药股份有限公司"", ""approval_date"": null, ""availability_basis"": ""FIRST_OBSERVED_SNAPSHOT_DATE"", ""availability_rule"": ""DATE_ONLY_NEXT_TRADE_DATE"", ""category"": ""临床试验默示许可"", ""date_only_source_timestamp_delayed_to_next_real_trading_date"": true, ""direction_classified"": false, ""drug_name"": ""SHR0302口服溶液"", ""entity_mapping_basis"": ""EXACT_LISTED_ISSUER_LEGAL_NAME"", ""first_observed_snapshot_only"": true, ""forward_or_historical_outcome_read"": false, ""historical_reconstruction_allowed"": false, ""indication"": ""拟用于移植物抗宿主病的治疗。"", ""official_source_url"": ""https://www.cde.org.cn/main/xxgk/listpage/4b5255eb0a84820cef4ca3e8b6bbe20c"", ""predictive_weight_assigned"": false, ""publication_date"": null, ""snapshot_captured_at"": ""2026-09-30T17:29:59+08:00"", ""source_identity"": ""NMPA_CDE_PUBLISHED_NOTICE_ARCHIVE""}",fb24aa37e1324c930d7ab6cb609091e5706dd2ccc49258e5aa6dec732096de59,PROSPECTIVE_FIRST_OBSERVED_ONLY,False,False,False
idkpi:fb2ff8d52d8d05ee4618732bf118b8ee0348a4f22a8aa7af546520249723aeee,600276.SH,INNOVATION_DRUG,CLINICAL_REGULATORY,CDE_CLINICAL_TRIAL_IMPLIED_LICENSE_SNAPSHOT,2026-09-30,2026-10-08,NMPA_CDE_PUBLISHED_NOTICE_ARCHIVE,NMPA_OR_CDE,official:b92638ed9127987fbcb861ea28e7486a,OFFICIAL_SNAPSHOT:official:b92638ed9127987fbcb861ea28e7486a,临床试验默示许可:富马酸泰吉利定注射液:用于重症监护患者机械通气时的镇痛。,https://www.cde.org.cn/main/xxgk/listpage/4b5255eb0a84820cef4ca3e8b6bbe20c,OFFICIAL_CDE_CATEGORY_NO_DIRECTION,"{""applicant"": ""江苏恒瑞医药股份有限公司"", ""approval_date"": null, ""availability_basis"": ""FIRST_OBSERVED_SNAPSHOT_DATE"", ""availability_rule"": ""DATE_ONLY_NEXT_TRADE_DATE"", ""category"": ""临床试验默示许可"", ""date_only_source_timestamp_delayed_to_next_real_trading_date"": true, ""direction_classified"": false, ""drug_name"": ""富马酸泰吉利定注射液"", ""entity_mapping_basis"": ""EXACT_LISTED_ISSUER_LEGAL_NAME"", ""first_observed_snapshot_only"": true, ""forward_or_historical_outcome_read"": false, ""historical_reconstruction_allowed"": false, ""indication"": ""用于重症监护患者机械通气时的镇痛。"", ""official_source_url"": ""https://www.cde.org.cn/main/xxgk/listpage/4b5255eb0a84820cef4ca3e8b6bbe20c"", ""predictive_weight_assigned"": false, ""publication_date"": null, ""snapshot_captured_at"": ""2026-09-30T17:29:59+08:00"", ""source_identity"": ""NMPA_CDE_PUBLISHED_NOTICE_ARCHIVE""}",fb2ff8d52d8d05ee4618732bf118b8ee0348a4f22a8aa7af546520249723aeee,PROSPECTIVE_FIRST_OBSERVED_ONLY,False,False,False
idkpi:fb47a0216fa0ee888229e9d8737da3abc5b150f613b728a8026d49bae9b57bb4,600276.SH,INNOVATION_DRUG,CLINICAL_REGULATORY,CDE_CLINICAL_TRIAL_IMPLIED_LICENSE_SNAPSHOT,2026-09-30,2026-10-08,NMPA_CDE_PUBLISHED_NOTICE_ARCHIVE,NMPA_OR_CDE,official:4269ca260e12c3ae83124a5fd7a53710,OFFICIAL_SNAPSHOT:official:4269ca260e12c3ae83124a5fd7a53710,临床试验默示许可:诺利糖肽注射液:本品临床拟用于2型糖尿病的治疗。,https://www.cde.org.cn/main/xxgk/listpage/4b5255eb0a84820cef4ca3e8b6bbe20c,OFFICIAL_CDE_CATEGORY_NO_DIRECTION,"{""applicant"": ""江苏恒瑞医药股份有限公司"", ""approval_date"": null, ""availability_basis"": ""FIRST_OBSERVED_SNAPSHOT_DATE"", ""availability_rule"": ""DATE_ONLY_NEXT_TRADE_DATE"", ""category"": ""临床试验默示许可"", ""date_only_source_timestamp_delayed_to_next_real_trading_date"": true, ""direction_classified"": false, ""drug_name"": ""诺利糖肽注射液"", ""entity_mapping_basis"": ""EXACT_LISTED_ISSUER_LEGAL_NAME"", ""first_observed_snapshot_only"": true, ""forward_or_historical_outcome_read"": false, ""historical_reconstruction_allowed"": false, ""indication"": ""本品临床拟用于2型糖尿病的治疗。"", ""official_source_url"": ""https://www.cde.org.cn/main/xxgk/listpage/4b5255eb0a84820cef4ca3e8b6bbe20c"", ""predictive_weight_assigned"": false, ""publication_date"": null, ""snapshot_captured_at"": ""2026-09-30T17:29:59+08:00"", ""source_identity"": ""NMPA_CDE_PUBLISHED_NOTICE_ARCHIVE""}",fb47a0216fa0ee888229e9d8737da3abc5b150f613b728a8026d49bae9b57bb4,PROSPECTIVE_FIRST_OBSERVED_ONLY,False,False,False
idkpi:fe9fd4722105c97f755997dee23b8c3d8384c7591d8ae00b1444225efd76d012,600276.SH,INNOVATION_DRUG,CLINICAL_REGULATORY,CDE_CLINICAL_TRIAL_IMPLIED_LICENSE_SNAPSHOT,2026-09-30,2026-10-08,NMPA_CDE_PUBLISHED_NOTICE_ARCHIVE,NMPA_OR_CDE,official:e75dee0639e6e391cb1c42c1a9b0922c,OFFICIAL_SNAPSHOT:official:e75dee0639e6e391cb1c42c1a9b0922c,临床试验默示许可:HRS-1167片:本品联合醋酸阿比特龙片及醋酸泼尼松治疗转移性前列腺癌患者。,https://www.cde.org.cn/main/xxgk/listpage/4b5255eb0a84820cef4ca3e8b6bbe20c,OFFICIAL_CDE_CATEGORY_NO_DIRECTION,"{""applicant"": ""江苏恒瑞医药股份有限公司"", ""approval_date"": null, ""availability_basis"": ""FIRST_OBSERVED_SNAPSHOT_DATE"", ""availability_rule"": ""DATE_ONLY_NEXT_TRADE_DATE"", ""category"": ""临床试验默示许可"", ""date_only_source_timestamp_delayed_to_next_real_trading_date"": true, ""direction_classified"": false, ""drug_name"": ""HRS-1167片"", ""entity_mapping_basis"": ""EXACT_LISTED_ISSUER_LEGAL_NAME"", ""first_observed_snapshot_only"": true, ""forward_or_historical_outcome_read"": false, ""historical_reconstruction_allowed"": false, ""indication"": ""本品联合醋酸阿比特龙片及醋酸泼尼松治疗转移性前列腺癌患者。"", ""official_source_url"": ""https://www.cde.org.cn/main/xxgk/listpage/4b5255eb0a84820cef4ca3e8b6bbe20c"", ""predictive_weight_assigned"": false, ""publication_date"": null, ""snapshot_captured_at"": ""2026-09-30T17:29:59+08:00"", ""source_identity"": ""NMPA_CDE_PUBLISHED_NOTICE_ARCHIVE""}",fe9fd4722105c97f755997dee23b8c3d8384c7591d8ae00b1444225efd76d012,PROSPECTIVE_FIRST_OBSERVED_ONLY,False,False,False
idkpi:ff2ae5caa633adeb0fe40d1ac172227eaa2caa0556555ed5f99c3678a5fa5a30,600276.SH,INNOVATION_DRUG,CLINICAL_REGULATORY,CDE_CLINICAL_TRIAL_IMPLIED_LICENSE_SNAPSHOT,2026-09-30,2026-10-08,NMPA_CDE_PUBLISHED_NOTICE_ARCHIVE,NMPA_OR_CDE,official:e4102ede5fd5fe4f18d88b1a1eeb9c78,OFFICIAL_SNAPSHOT:official:e4102ede5fd5fe4f18d88b1a1eeb9c78,临床试验默示许可:海曲泊帕乙醇胺片:本品适用于计划接受有创性操作或手术的慢性肝病伴血小板减少症的成年患者。,https://www.cde.org.cn/main/xxgk/listpage/4b5255eb0a84820cef4ca3e8b6bbe20c,OFFICIAL_CDE_CATEGORY_NO_DIRECTION,"{""applicant"": ""江苏恒瑞医药股份有限公司"", ""approval_date"": null, ""availability_basis"": ""FIRST_OBSERVED_SNAPSHOT_DATE"", ""availability_rule"": ""DATE_ONLY_NEXT_TRADE_DATE"", ""category"": ""临床试验默示许可"", ""date_only_source_timestamp_delayed_to_next_real_trading_date"": true, ""direction_classified"": false, ""drug_name"": ""海曲泊帕乙醇胺片"", ""entity_mapping_basis"": ""EXACT_LISTED_ISSUER_LEGAL_NAME"", ""first_observed_snapshot_only"": true, ""forward_or_historical_outcome_read"": false, ""historical_reconstruction_allowed"": false, ""indication"": ""本品适用于计划接受有创性操作或手术的慢性肝病伴血小板减少症的成年患者。"", ""official_source_url"": ""https://www.cde.org.cn/main/xxgk/listpage/4b5255eb0a84820cef4ca3e8b6bbe20c"", ""predictive_weight_assigned"": false, ""publication_date"": null, ""snapshot_captured_at"": ""2026-09-30T17:29:59+08:00"", ""source_identity"": ""NMPA_CDE_PUBLISHED_NOTICE_ARCHIVE""}",ff2ae5caa633adeb0fe40d1ac172227eaa2caa0556555ed5f99c3678a5fa5a30,PROSPECTIVE_FIRST_OBSERVED_ONLY,False,False,False
