category,record_id,applicant,drug_name,indication,source_url,availability_basis,publication_date,approval_date,snapshot_captured_at,acceptance_no,registration_class,status,capture_status,source_record_id,mapping_state
临床试验默示许可,official:009bcc4fc4165310a1814cd2e8bc94d0,江苏恒瑞医药股份有限公司;江苏恒瑞医药股份有限公司,布比卡因脂质体注射液,成人椎旁神经阻滞产生术后区域镇痛。,https://www.cde.org.cn/main/xxgk/listpage/4b5255eb0a84820cef4ca3e8b6bbe20c,FIRST_OBSERVED_SNAPSHOT_DATE,,,2026-09-30T17:29:59+08:00,CXHL2300404,2.4,,COMPLETE,009bcc4fc4165310a1814cd2e8bc94d0,UNMAPPED_EXACT_NAME_REQUIRED
临床试验默示许可,official:00c77b92e90c2a91592dea7b796aaa65,江苏恒瑞医药股份有限公司;上海恒瑞医药有限公司;苏州盛迪亚生物医药有限公司;成都新越医药有限公司,HRS9950片,本品临床拟用于慢性乙型肝炎的治疗。,https://www.cde.org.cn/main/xxgk/listpage/4b5255eb0a84820cef4ca3e8b6bbe20c,FIRST_OBSERVED_SNAPSHOT_DATE,,,2026-09-30T17:29:59+08:00,CXHL2000149,1,,COMPLETE,00c77b92e90c2a91592dea7b796aaa65,UNMAPPED_EXACT_NAME_REQUIRED
临床试验默示许可,official:00f538b522c8bc349d631252bc602d20,成都盛迪医药有限公司;江苏恒瑞医药股份有限公司,HRS-5041片,前列腺癌 ；HRS-5041片联合醋酸阿比特龙片（Ⅱ）和泼尼松片或联合多西他赛和泼尼松片或联合HRS-1167片或联合SHR2554片用于治疗晚期前列腺癌患者；联合HRS-2189用于恶性肿瘤的治疗。,https://www.cde.org.cn/main/xxgk/listpage/4b5255eb0a84820cef4ca3e8b6bbe20c,FIRST_OBSERVED_SNAPSHOT_DATE,,,2026-09-30T17:29:59+08:00,CXHB2500005,1,,COMPLETE,00f538b522c8bc349d631252bc602d20,UNMAPPED_EXACT_NAME_REQUIRED
临床试验默示许可,official:01363dd68002cea6f729e2609f298b8b,上海恒瑞医药有限公司;江苏恒瑞医药股份有限公司,盐酸伊立替康脂质体注射液（Ⅱ）,本品联合奥沙利铂、5-氟尿嘧啶/亚叶酸钙用于胰腺癌患者的术后辅助治疗。,https://www.cde.org.cn/main/xxgk/listpage/4b5255eb0a84820cef4ca3e8b6bbe20c,FIRST_OBSERVED_SNAPSHOT_DATE,,,2026-09-30T17:29:59+08:00,CXHL2501469,2.4,,COMPLETE,01363dd68002cea6f729e2609f298b8b,UNMAPPED_EXACT_NAME_REQUIRED
临床试验默示许可,official:0136412d9e41fc2514a2af9c4a8847bf,江苏恒瑞医药股份有限公司;江苏恒瑞医药股份有限公司;上海恒瑞医药有限公司,马来酸吡咯替尼片,本品用于治疗HER2异常的晚期/转移性胆道癌患者。,https://www.cde.org.cn/main/xxgk/listpage/4b5255eb0a84820cef4ca3e8b6bbe20c,FIRST_OBSERVED_SNAPSHOT_DATE,,,2026-09-30T17:29:59+08:00,CXHL2000310,2.4,,COMPLETE,0136412d9e41fc2514a2af9c4a8847bf,UNMAPPED_EXACT_NAME_REQUIRED
临床试验默示许可,official:01531dec18feb3d0f440892464a23be1,江苏恒瑞医药股份有限公司;江苏恒瑞医药股份有限公司,磷酸瑞格列汀片,在饮食和运动基础上，与盐酸二甲双胍和脯氨酸恒格列净联合用于治疗2型糖尿病。,https://www.cde.org.cn/main/xxgk/listpage/4b5255eb0a84820cef4ca3e8b6bbe20c,FIRST_OBSERVED_SNAPSHOT_DATE,,,2026-09-30T17:29:59+08:00,CXHL2000388,1,,COMPLETE,01531dec18feb3d0f440892464a23be1,UNMAPPED_EXACT_NAME_REQUIRED
临床试验默示许可,official:015b26d5a9fe21696cc15f207b81110c,江苏恒瑞医药股份有限公司;江苏恒瑞医药股份有限公司,海曲泊帕乙醇胺片,本品用于6岁及以上临床诊断为慢性原发免疫性血小板减少症（ITP）儿童和青少年患者。,https://www.cde.org.cn/main/xxgk/listpage/4b5255eb0a84820cef4ca3e8b6bbe20c,FIRST_OBSERVED_SNAPSHOT_DATE,,,2026-09-30T17:29:59+08:00,CXHL2000385,1,,COMPLETE,015b26d5a9fe21696cc15f207b81110c,UNMAPPED_EXACT_NAME_REQUIRED
临床试验默示许可,official:01a7d56eeeacf9156a2bd48e6d06316c,苏州盛迪亚生物医药有限公司;苏州盛迪亚生物医药有限公司;江苏恒瑞医药股份有限公司;上海恒瑞医药有限公司,注射用卡瑞利珠单抗,注射用卡瑞利珠单抗联合SHR2554片以及苹果酸法米替尼胶囊用于晚期恶性肿瘤患者的治疗。,https://www.cde.org.cn/main/xxgk/listpage/4b5255eb0a84820cef4ca3e8b6bbe20c,FIRST_OBSERVED_SNAPSHOT_DATE,,,2026-09-30T17:29:59+08:00,CXSL2000041,1,,COMPLETE,01a7d56eeeacf9156a2bd48e6d06316c,UNMAPPED_EXACT_NAME_REQUIRED
临床试验默示许可,official:01abfd0ec839e7ef72e91ca4a9cfee26,江苏恒瑞医药股份有限公司;江苏恒瑞医药股份有限公司,氟唑帕利胶囊,本品拟用于联合SHR-1316治疗既往接受过一线含铂方案化疗且疾病进展的小细胞肺癌（SCLC）患者。,https://www.cde.org.cn/main/xxgk/listpage/4b5255eb0a84820cef4ca3e8b6bbe20c,FIRST_OBSERVED_SNAPSHOT_DATE,,,2026-09-30T17:29:59+08:00,CXHL1900305,1,,COMPLETE,01abfd0ec839e7ef72e91ca4a9cfee26,UNMAPPED_EXACT_NAME_REQUIRED
临床试验默示许可,official:01caec1fb54fadb95e8c7b706eeca67b,上海恒瑞医药有限公司;江苏恒瑞医药股份有限公司,HRS-4642注射液,本品联合SHR-4375+阿得贝利单抗+贝伐珠单抗±SHR-8068用于实体瘤的治疗。,https://www.cde.org.cn/main/xxgk/listpage/4b5255eb0a84820cef4ca3e8b6bbe20c,FIRST_OBSERVED_SNAPSHOT_DATE,,,2026-09-30T17:29:59+08:00,CXHL2501051,1,,COMPLETE,01caec1fb54fadb95e8c7b706eeca67b,UNMAPPED_EXACT_NAME_REQUIRED
临床试验默示许可,official:02d0684b802ddafd35bd0125201ca37b,福建盛迪医药有限公司;江苏恒瑞医药股份有限公司;北京拓界生物医药科技有限公司,HRS-4729注射液,2型糖尿病,https://www.cde.org.cn/main/xxgk/listpage/4b5255eb0a84820cef4ca3e8b6bbe20c,FIRST_OBSERVED_SNAPSHOT_DATE,,,2026-09-30T17:29:59+08:00,CXHL2600577,1,,COMPLETE,02d0684b802ddafd35bd0125201ca37b,UNMAPPED_EXACT_NAME_REQUIRED
临床试验默示许可,official:0395dd4e1c9adcd85c8245ceef5ff6b9,江苏恒瑞医药股份有限公司;江苏恒瑞医药股份有限公司,氟唑帕利胶囊,本品拟用于实体廇的治疗。,https://www.cde.org.cn/main/xxgk/listpage/4b5255eb0a84820cef4ca3e8b6bbe20c,FIRST_OBSERVED_SNAPSHOT_DATE,,,2026-09-30T17:29:59+08:00,CXHB1800080,,,COMPLETE,0395dd4e1c9adcd85c8245ceef5ff6b9,UNMAPPED_EXACT_NAME_REQUIRED
临床试验默示许可,official:0486d02f5510d883cd3f03a68607e04e,江苏恒瑞医药股份有限公司;江苏恒瑞医药股份有限公司;上海恒瑞医药有限公司,SHR1459片,联合SHR2554片用于标准治疗失败或无标准治疗可用的复发/难治（R/R）B细胞非霍奇金淋巴瘤的治疗。,https://www.cde.org.cn/main/xxgk/listpage/4b5255eb0a84820cef4ca3e8b6bbe20c,FIRST_OBSERVED_SNAPSHOT_DATE,,,2026-09-30T17:29:59+08:00,CXHL1900190,1,,COMPLETE,0486d02f5510d883cd3f03a68607e04e,UNMAPPED_EXACT_NAME_REQUIRED
临床试验默示许可,official:051e96e8fd571f2070992a2132ec49d0,成都盛迪医药有限公司;江苏恒瑞医药股份有限公司,HRS-5041片,前列腺癌；HRS-5041片联合醋酸阿比特龙片（Ⅱ）和泼尼松片或联合多西他赛和泼尼松片或联合HRS-1167片或联合SHR2554片用于治疗晚期前列腺癌患者；联合HRS-2189用于恶性肿瘤的治疗；联合注射用HS-20093用于治疗晚期前列腺癌患者；联合HRS-6208用于实体瘤的治疗；联合或不联合注射用SHR4394联合或不联合二代AR抑制剂用于前列腺癌；联合HRS-4357用于治疗前列腺特异性膜抗原(PSMA)阳性的前列腺癌成人患者。,https://www.cde.org.cn/main/xxgk/listpage/4b5255eb0a84820cef4ca3e8b6bbe20c,FIRST_OBSERVED_SNAPSHOT_DATE,,,2026-09-30T17:29:59+08:00,CXHB2600056,1,,COMPLETE,051e96e8fd571f2070992a2132ec49d0,UNMAPPED_EXACT_NAME_REQUIRED
临床试验默示许可,official:058599ac796cf9306e6d26e75ca93cb5,江苏恒瑞医药股份有限公司;江苏恒瑞医药股份有限公司,海曲泊帕乙醇胺片,本品用于治疗肿瘤化疗所致血小板减少症。,https://www.cde.org.cn/main/xxgk/listpage/4b5255eb0a84820cef4ca3e8b6bbe20c,FIRST_OBSERVED_SNAPSHOT_DATE,,,2026-09-30T17:29:59+08:00,CXHB2101079,化学药品1类,,COMPLETE,058599ac796cf9306e6d26e75ca93cb5,UNMAPPED_EXACT_NAME_REQUIRED
临床试验默示许可,official:05a410ee7a35b69e7e31e3146972cabc,上海恒瑞医药有限公司;江苏恒瑞医药股份有限公司,HRS8807片,本品联合羟乙磺酸达尔西利片用于乳腺癌的治疗。,https://www.cde.org.cn/main/xxgk/listpage/4b5255eb0a84820cef4ca3e8b6bbe20c,FIRST_OBSERVED_SNAPSHOT_DATE,,,2026-09-30T17:29:59+08:00,CXHL2400091,1,,COMPLETE,05a410ee7a35b69e7e31e3146972cabc,UNMAPPED_EXACT_NAME_REQUIRED
临床试验默示许可,official:066a492a1fd34b880af2bc03ecf2b1ee,江苏恒瑞医药股份有限公司;江苏恒瑞医药股份有限公司;上海恒瑞医药有限公司,甲磺酸阿帕替尼片,甲磺酸阿帕替尼片联合氟唑帕利胶囊用于晚期上皮性卵巢癌、输卵管癌或原发性腹膜癌在含铂化疗达到完全缓解或部分缓解后的维持治疗。,https://www.cde.org.cn/main/xxgk/listpage/4b5255eb0a84820cef4ca3e8b6bbe20c,FIRST_OBSERVED_SNAPSHOT_DATE,,,2026-09-30T17:29:59+08:00,CXHL1900379,2.4,,COMPLETE,066a492a1fd34b880af2bc03ecf2b1ee,UNMAPPED_EXACT_NAME_REQUIRED
临床试验默示许可,official:0680b02e4fedf07f48e6131e31833783,江苏恒瑞医药股份有限公司;江苏恒瑞医药股份有限公司;上海恒瑞医药有限公司,SHR2554片,联合卡瑞利珠单抗、苹果酸法米替尼用于晚期恶性肿瘤患者。,https://www.cde.org.cn/main/xxgk/listpage/4b5255eb0a84820cef4ca3e8b6bbe20c,FIRST_OBSERVED_SNAPSHOT_DATE,,,2026-09-30T17:29:59+08:00,CXHL2000091,1,,COMPLETE,0680b02e4fedf07f48e6131e31833783,UNMAPPED_EXACT_NAME_REQUIRED
临床试验默示许可,official:089aea70d3fc756242c94a24191c9c2a,江苏恒瑞医药股份有限公司;上海甫弘生物医药有限公司,注射用FH-006,本品联合SHR-4610注射液±化疗用于实体瘤的治疗。,https://www.cde.org.cn/main/xxgk/listpage/4b5255eb0a84820cef4ca3e8b6bbe20c,FIRST_OBSERVED_SNAPSHOT_DATE,,,2026-09-30T17:29:59+08:00,CXSL2600417,1,,COMPLETE,089aea70d3fc756242c94a24191c9c2a,UNMAPPED_EXACT_NAME_REQUIRED
临床试验默示许可,official:08ffbf06ed5c4c031c9d173719abc780,苏州盛迪亚生物医药有限公司;苏州盛迪亚生物医药有限公司;江苏恒瑞医药股份有限公司;上海恒瑞医药有限公司,注射用卡瑞利珠单抗,注射用卡瑞利珠单抗联合阿帕替尼或单药一线治疗 PD-L1 表达阳性的复发性或晚期非小细胞肺癌。,https://www.cde.org.cn/main/xxgk/listpage/4b5255eb0a84820cef4ca3e8b6bbe20c,FIRST_OBSERVED_SNAPSHOT_DATE,,,2026-09-30T17:29:59+08:00,CXSL1900148,1,,COMPLETE,08ffbf06ed5c4c031c9d173719abc780,UNMAPPED_EXACT_NAME_REQUIRED
临床试验默示许可,official:09a5da59042b0131ce49661e6062a3b2,江苏恒瑞医药股份有限公司;江苏恒瑞医药股份有限公司,氟唑帕利胶囊,转移性去势抵抗性前列腺癌,https://www.cde.org.cn/main/xxgk/listpage/4b5255eb0a84820cef4ca3e8b6bbe20c,FIRST_OBSERVED_SNAPSHOT_DATE,,,2026-09-30T17:29:59+08:00,CXHL2000673,化学药品第2.4类,,COMPLETE,09a5da59042b0131ce49661e6062a3b2,UNMAPPED_EXACT_NAME_REQUIRED
临床试验默示许可,official:0c1a7e5d49b66e35e5653aa35fb3d6d8,上海恒瑞医药有限公司;江苏恒瑞医药股份有限公司;苏州盛迪亚生物医药有限公司,SHR-1701注射液,SHR-1701注射液联合苹果酸法米替尼胶囊治疗不同种类晚期恶性实体瘤患者。,https://www.cde.org.cn/main/xxgk/listpage/4b5255eb0a84820cef4ca3e8b6bbe20c,FIRST_OBSERVED_SNAPSHOT_DATE,,,2026-09-30T17:29:59+08:00,CXSL2000186,1,,COMPLETE,0c1a7e5d49b66e35e5653aa35fb3d6d8,UNMAPPED_EXACT_NAME_REQUIRED
临床试验默示许可,official:0d418220b0bfaf6df326db4a536f936f,江苏恒瑞医药股份有限公司;江苏恒瑞医药股份有限公司;上海恒瑞医药有限公司,甲磺酸阿帕替尼片,甲磺酸阿帕替尼片联合注射用卡瑞利珠单抗用于未接受过系统治疗的无法根治的晚期肝细胞癌患者,https://www.cde.org.cn/main/xxgk/listpage/4b5255eb0a84820cef4ca3e8b6bbe20c,FIRST_OBSERVED_SNAPSHOT_DATE,,,2026-09-30T17:29:59+08:00,CXHL1900034,2.4,,COMPLETE,0d418220b0bfaf6df326db4a536f936f,UNMAPPED_EXACT_NAME_REQUIRED
临床试验默示许可,official:0d4e9e6803b5040f724b9a74a1572542,上海恒瑞医药有限公司;江苏恒瑞医药股份有限公司,HRS-4642注射液,HRS-4642联合SHR-9839(sc)和HS-20093±化疗用于KRAS G12D突变结直肠癌的治疗。,https://www.cde.org.cn/main/xxgk/listpage/4b5255eb0a84820cef4ca3e8b6bbe20c,FIRST_OBSERVED_SNAPSHOT_DATE,,,2026-09-30T17:29:59+08:00,CXHL2501204,1,,COMPLETE,0d4e9e6803b5040f724b9a74a1572542,UNMAPPED_EXACT_NAME_REQUIRED
临床试验默示许可,official:0e5ffe23a7505523294772cb79560211,江苏恒瑞医药股份有限公司;江苏恒瑞医药股份有限公司,苹果酸法米替尼胶囊,晚期或转移性非鳞状非小细胞肺癌,https://www.cde.org.cn/main/xxgk/listpage/4b5255eb0a84820cef4ca3e8b6bbe20c,FIRST_OBSERVED_SNAPSHOT_DATE,,,2026-09-30T17:29:59+08:00,CXHB2000113,化学药品第1类,,COMPLETE,0e5ffe23a7505523294772cb79560211,UNMAPPED_EXACT_NAME_REQUIRED
临床试验默示许可,official:0f6979f003a2072637097352e1c3a61a,江苏恒瑞医药股份有限公司;江苏恒瑞医药股份有限公司;上海恒瑞医药有限公司,苹果酸法米替尼胶囊,"本品与注射用卡瑞利珠单抗、培美曲塞和卡铂联合，用于既往未接受过系统治疗的EGFR/ALK野生
型的晚期或转移性非鳞癌非小细胞肺癌",https://www.cde.org.cn/main/xxgk/listpage/4b5255eb0a84820cef4ca3e8b6bbe20c,FIRST_OBSERVED_SNAPSHOT_DATE,,,2026-09-30T17:29:59+08:00,CXHL2000327,1,,COMPLETE,0f6979f003a2072637097352e1c3a61a,UNMAPPED_EXACT_NAME_REQUIRED
临床试验默示许可,official:0f8eacee08db200e5ade83866c1ab069,江苏恒瑞医药股份有限公司;江苏恒瑞医药股份有限公司,SHR3680片,本品适用于治疗高瘤负荷的转移性激素敏感性前列腺癌（mHSPC）患者。,https://www.cde.org.cn/main/xxgk/listpage/4b5255eb0a84820cef4ca3e8b6bbe20c,FIRST_OBSERVED_SNAPSHOT_DATE,,,2026-09-30T17:29:59+08:00,CXHL2000409,1,,COMPLETE,0f8eacee08db200e5ade83866c1ab069,UNMAPPED_EXACT_NAME_REQUIRED
临床试验默示许可,official:0ff54a91d5ba4f97ed272ef7fae50898,江苏恒瑞医药股份有限公司;江苏恒瑞医药股份有限公司,马来酸吡咯替尼片,联合SHR-A1811治疗HER2异常非小细胞肺癌。,https://www.cde.org.cn/main/xxgk/listpage/4b5255eb0a84820cef4ca3e8b6bbe20c,FIRST_OBSERVED_SNAPSHOT_DATE,,,2026-09-30T17:29:59+08:00,CXHL2200279,2.4,,COMPLETE,0ff54a91d5ba4f97ed272ef7fae50898,UNMAPPED_EXACT_NAME_REQUIRED
临床试验默示许可,official:10e7f463bef46b50e32f4bb89f461faa,江苏恒瑞医药股份有限公司;上海恒瑞医药有限公司;苏州盛迪亚生物医药有限公司;成都新越医药有限公司,HRS5091片,本品临床拟用于慢性乙型肝炎的治疗。,https://www.cde.org.cn/main/xxgk/listpage/4b5255eb0a84820cef4ca3e8b6bbe20c,FIRST_OBSERVED_SNAPSHOT_DATE,,,2026-09-30T17:29:59+08:00,CXHL2000147,1,,COMPLETE,10e7f463bef46b50e32f4bb89f461faa,UNMAPPED_EXACT_NAME_REQUIRED
临床试验默示许可,official:122f6620efd91547a7b0415456a60a18,江苏恒瑞医药股份有限公司;江苏恒瑞医药股份有限公司,氟唑帕利胶囊,本品拟用于联合醋酸阿比特龙联合，治疗既往未接受过新型雄激素受体（AR）靶向药物治疗的转移性去势抵抗性前列腺癌（mCRPC）。,https://www.cde.org.cn/main/xxgk/listpage/4b5255eb0a84820cef4ca3e8b6bbe20c,FIRST_OBSERVED_SNAPSHOT_DATE,,,2026-09-30T17:29:59+08:00,CXHL1900331,1,,COMPLETE,122f6620efd91547a7b0415456a60a18,UNMAPPED_EXACT_NAME_REQUIRED
临床试验默示许可,official:124a3b188a35ba89a0ff84042cbb53e6,江苏恒瑞医药股份有限公司;江苏恒瑞医药股份有限公司,氟唑帕利胶囊,氟唑帕利胶囊联合替莫唑胺胶囊±抗PD-L1抗体SHR-1316治疗复发性小细胞肺癌。,https://www.cde.org.cn/main/xxgk/listpage/4b5255eb0a84820cef4ca3e8b6bbe20c,FIRST_OBSERVED_SNAPSHOT_DATE,,,2026-09-30T17:29:59+08:00,CXHL2000082,1,,COMPLETE,124a3b188a35ba89a0ff84042cbb53e6,UNMAPPED_EXACT_NAME_REQUIRED
临床试验默示许可,official:12ef22ba335883fa83f1baa8c9efd9b1,江苏恒瑞医药股份有限公司;成都盛迪医药有限公司,HRS-5041片,本品联合注射用HS-20093用于治疗晚期前列腺癌患者。,https://www.cde.org.cn/main/xxgk/listpage/4b5255eb0a84820cef4ca3e8b6bbe20c,FIRST_OBSERVED_SNAPSHOT_DATE,,,2026-09-30T17:29:59+08:00,CXHL2500469,1,,COMPLETE,12ef22ba335883fa83f1baa8c9efd9b1,UNMAPPED_EXACT_NAME_REQUIRED
临床试验默示许可,official:13b4c5dc06b8627efbd04493646a72c9,江苏恒瑞医药股份有限公司;江苏恒瑞医药股份有限公司,苹果酸法米替尼胶囊,既往系统化疗失败的广泛期小细胞肺癌,https://www.cde.org.cn/main/xxgk/listpage/4b5255eb0a84820cef4ca3e8b6bbe20c,FIRST_OBSERVED_SNAPSHOT_DATE,,,2026-09-30T17:29:59+08:00,CXHL2000647,化学药品第1类,,COMPLETE,13b4c5dc06b8627efbd04493646a72c9,UNMAPPED_EXACT_NAME_REQUIRED
临床试验默示许可,official:13b6215989911603a20ca7eb2a499985,江苏恒瑞医药股份有限公司;上海甫弘生物医药有限公司,注射用FH-006,FH-006联合HRS-6093±阿得贝利单抗用于KRAS G12D突变实体瘤的治疗。,https://www.cde.org.cn/main/xxgk/listpage/4b5255eb0a84820cef4ca3e8b6bbe20c,FIRST_OBSERVED_SNAPSHOT_DATE,,,2026-09-30T17:29:59+08:00,CXSL2600157,1,,COMPLETE,13b6215989911603a20ca7eb2a499985,UNMAPPED_EXACT_NAME_REQUIRED
临床试验默示许可,official:142ebd7f513f8a58adb0c6e42acab91f,江苏恒瑞医药股份有限公司;江苏恒瑞医药股份有限公司,氟唑帕利胶囊,本品联合醋酸阿比特龙片和泼尼松片或泼尼松龙片，治疗既往未接受过新型雄激素受体靶向药物和多西他赛治疗的转移性去势抵抗性前列腺癌（mCRPC）。,https://www.cde.org.cn/main/xxgk/listpage/4b5255eb0a84820cef4ca3e8b6bbe20c,FIRST_OBSERVED_SNAPSHOT_DATE,,,2026-09-30T17:29:59+08:00,CXHL2000493,1,,COMPLETE,142ebd7f513f8a58adb0c6e42acab91f,UNMAPPED_EXACT_NAME_REQUIRED
临床试验默示许可,official:1432c285be1bccd3f59eebe8057a6b01,上海甫弘生物医药有限公司;江苏恒瑞医药股份有限公司,注射用FH-006,实体瘤。,https://www.cde.org.cn/main/xxgk/listpage/4b5255eb0a84820cef4ca3e8b6bbe20c,FIRST_OBSERVED_SNAPSHOT_DATE,,,2026-09-30T17:29:59+08:00,CXSL2400637,1,,COMPLETE,1432c285be1bccd3f59eebe8057a6b01,UNMAPPED_EXACT_NAME_REQUIRED
临床试验默示许可,official:17c0cc2ac706b9475f77123723b75e6b,上海恒瑞医药有限公司;江苏恒瑞医药股份有限公司,盐酸(R)-氯胺酮鼻喷剂,难治性抑郁症,https://www.cde.org.cn/main/xxgk/listpage/4b5255eb0a84820cef4ca3e8b6bbe20c,FIRST_OBSERVED_SNAPSHOT_DATE,,,2026-09-30T17:29:59+08:00,CXHL1900090,2.1;2.2;2.4,,COMPLETE,17c0cc2ac706b9475f77123723b75e6b,UNMAPPED_EXACT_NAME_REQUIRED
临床试验默示许可,official:18c512aabbdef2c902d6b8dda5bef758,江苏恒瑞医药股份有限公司;江苏恒瑞医药股份有限公司,苹果酸法米替尼胶囊,含铂类化疗和免疫检查点抑制剂治疗失败的晚期非小细胞肺癌,https://www.cde.org.cn/main/xxgk/listpage/4b5255eb0a84820cef4ca3e8b6bbe20c,FIRST_OBSERVED_SNAPSHOT_DATE,,,2026-09-30T17:29:59+08:00,CXHL2101376,化学药品1类,,COMPLETE,18c512aabbdef2c902d6b8dda5bef758,UNMAPPED_EXACT_NAME_REQUIRED
临床试验默示许可,official:18cd5e90f93019b72d1641ef627efb1c,江苏恒瑞医药股份有限公司;上海甫弘生物医药有限公司,注射用FH-006,FH-006±阿得贝利单抗或SHR-1701±SHR-8068±化疗±贝伐珠单抗，或联合三代EGFR-TKI，或联合HRS-7058±化疗，或联合HRS-4642±阿得贝利单抗或SHR-1701±化疗用于实体瘤的治疗。,https://www.cde.org.cn/main/xxgk/listpage/4b5255eb0a84820cef4ca3e8b6bbe20c,FIRST_OBSERVED_SNAPSHOT_DATE,,,2026-09-30T17:29:59+08:00,CXSL2500573,1,,COMPLETE,18cd5e90f93019b72d1641ef627efb1c,UNMAPPED_EXACT_NAME_REQUIRED
临床试验默示许可,official:1963e1c1d899df38f0ee197ac1171bd8,江苏恒瑞医药股份有限公司;江苏恒瑞医药股份有限公司,马来酸吡咯替尼片,HER2阳性乳腺癌,https://www.cde.org.cn/main/xxgk/listpage/4b5255eb0a84820cef4ca3e8b6bbe20c,FIRST_OBSERVED_SNAPSHOT_DATE,,,2026-09-30T17:29:59+08:00,CXHL2101792,2.4,,COMPLETE,1963e1c1d899df38f0ee197ac1171bd8,UNMAPPED_EXACT_NAME_REQUIRED
临床试验默示许可,official:19a09ef8e28bade62c9c3175272a516c,江苏恒瑞医药股份有限公司;江苏恒瑞医药股份有限公司,苹果酸法米替尼胶囊,本品联合注射用SHR-1802及注射用卡瑞利珠单抗用于治疗晚期实体瘤患者。,https://www.cde.org.cn/main/xxgk/listpage/4b5255eb0a84820cef4ca3e8b6bbe20c,FIRST_OBSERVED_SNAPSHOT_DATE,,,2026-09-30T17:29:59+08:00,CXHL2101493,1,,COMPLETE,19a09ef8e28bade62c9c3175272a516c,UNMAPPED_EXACT_NAME_REQUIRED
临床试验默示许可,official:1a2f94cca8a498231704482671713599,江苏恒瑞医药股份有限公司;成都盛迪医药有限公司,HRS-5041片,本品联合HRS-4357用于治疗前列腺特异性膜抗原（PSMA）阳性的前列腺癌成人患者。,https://www.cde.org.cn/main/xxgk/listpage/4b5255eb0a84820cef4ca3e8b6bbe20c,FIRST_OBSERVED_SNAPSHOT_DATE,,,2026-09-30T17:29:59+08:00,CXHL2501127,1,,COMPLETE,1a2f94cca8a498231704482671713599,UNMAPPED_EXACT_NAME_REQUIRED
临床试验默示许可,official:1d1a3b2d1bb97cff9e517a95b635ccc6,江苏恒瑞医药股份有限公司;江苏恒瑞医药股份有限公司,HR011408注射液,用于治疗成人糖尿病,https://www.cde.org.cn/main/xxgk/listpage/4b5255eb0a84820cef4ca3e8b6bbe20c,FIRST_OBSERVED_SNAPSHOT_DATE,,,2026-09-30T17:29:59+08:00,CXSL2101205,2.1,,COMPLETE,1d1a3b2d1bb97cff9e517a95b635ccc6,UNMAPPED_EXACT_NAME_REQUIRED
临床试验默示许可,official:1ddbcda8c30235130d1ec57d2c7def48,上海恒瑞医药有限公司;江苏恒瑞医药股份有限公司;苏州盛迪亚生物医药有限公司,SHR-1703注射液,用于治疗嗜酸性粒细胞升高相关疾病：如嗜酸性粒细胞型重症哮喘。,https://www.cde.org.cn/main/xxgk/listpage/4b5255eb0a84820cef4ca3e8b6bbe20c,FIRST_OBSERVED_SNAPSHOT_DATE,,,2026-09-30T17:29:59+08:00,CXSL1900115,1,,COMPLETE,1ddbcda8c30235130d1ec57d2c7def48,UNMAPPED_EXACT_NAME_REQUIRED
临床试验默示许可,official:1e0a362d64015ebcbf32d6949acbba11,江苏恒瑞医药股份有限公司;瑞石生物医药有限公司,SHR0302片,本品拟用于中重度溃疡性结肠炎的治疗。,https://www.cde.org.cn/main/xxgk/listpage/4b5255eb0a84820cef4ca3e8b6bbe20c,FIRST_OBSERVED_SNAPSHOT_DATE,,,2026-09-30T17:29:59+08:00,CXHL1800148,1,,COMPLETE,1e0a362d64015ebcbf32d6949acbba11,UNMAPPED_EXACT_NAME_REQUIRED
临床试验默示许可,official:208c4f9a4a96dcf00c8eb8864ff6cec8,江苏恒瑞医药股份有限公司;江苏恒瑞医药股份有限公司;上海恒瑞医药有限公司,马来酸吡咯替尼片,本品单药拟用于表皮生长因子受体2（HER2）阳性早期或局部晚期乳腺癌患者经曲妥珠单抗辅助治疗后的延长阶段的辅助治疗,https://www.cde.org.cn/main/xxgk/listpage/4b5255eb0a84820cef4ca3e8b6bbe20c,FIRST_OBSERVED_SNAPSHOT_DATE,,,2026-09-30T17:29:59+08:00,CXHL1900300,2.4,,COMPLETE,208c4f9a4a96dcf00c8eb8864ff6cec8,UNMAPPED_EXACT_NAME_REQUIRED
临床试验默示许可,official:20f9a2a264ea511916dce2c6538b97ce,上海恒瑞医药有限公司;上海恒瑞医药有限公司;江苏恒瑞医药股份有限公司,盐酸右美托咪定鼻喷剂,用于行全身麻醉的手术患者气管插管和机械通气时的镇静,https://www.cde.org.cn/main/xxgk/listpage/4b5255eb0a84820cef4ca3e8b6bbe20c,FIRST_OBSERVED_SNAPSHOT_DATE,,,2026-09-30T17:29:59+08:00,CXHL1800213,2.2,,COMPLETE,20f9a2a264ea511916dce2c6538b97ce,UNMAPPED_EXACT_NAME_REQUIRED
临床试验默示许可,official:21bf171ba819dcb016b3cd6c19df5368,江苏恒瑞医药股份有限公司;上海恒瑞医药有限公司,HRS-7172片,本品联合HRS-4642\HRS-6093\HRS-7058\SHR-1826\FH-006\SHR-8068\贝伐珠单抗±化疗±阿得贝利单抗\ SHR-4610±SHR-9839(sc)，或联合阿得贝利单抗\SHR-4610±SHR-9839(sc) ±SHR-8068±贝伐珠单抗，或联合阿得贝利单抗\SHR-4610\SHR-9839(sc)\贝伐珠单抗\西妥昔单抗\尼妥珠单抗±尼妥珠单抗±化疗，或联合阿得贝利单抗+SHR-8068\贝伐珠单抗±化疗，或联合化疗+阿得贝利单抗\SHR-4610+贝伐珠单抗±SHR-8068，或联合其他标准治疗用于实体瘤的治疗,https://www.cde.org.cn/main/xxgk/listpage/4b5255eb0a84820cef4ca3e8b6bbe20c,FIRST_OBSERVED_SNAPSHOT_DATE,,,2026-09-30T17:29:59+08:00,CXHL2600587,化学药品:1类,,COMPLETE,21bf171ba819dcb016b3cd6c19df5368,UNMAPPED_EXACT_NAME_REQUIRED
临床试验默示许可,official:232f19ef0e1dca22e39aaf7e2317a94f,苏州盛迪亚生物医药有限公司;苏州盛迪亚生物医药有限公司;江苏恒瑞医药股份有限公司;上海恒瑞医药有限公司,注射用卡瑞利珠单抗,注射用卡瑞利珠单抗联合紫杉醇和顺铂一线治疗不可切除的局部晚期/复发或远处转移的食管鳞癌患者。,https://www.cde.org.cn/main/xxgk/listpage/4b5255eb0a84820cef4ca3e8b6bbe20c,FIRST_OBSERVED_SNAPSHOT_DATE,,,2026-09-30T17:29:59+08:00,CXSL1900054,1,,COMPLETE,232f19ef0e1dca22e39aaf7e2317a94f,UNMAPPED_EXACT_NAME_REQUIRED
临床试验默示许可,official:23e8113f5330d7bc52cf7ee308592696,江苏恒瑞医药股份有限公司;江苏恒瑞医药股份有限公司,DDO-3055片,拟用于慢性肾病所致贫血（包括透析和非透析）的治疗。,https://www.cde.org.cn/main/xxgk/listpage/4b5255eb0a84820cef4ca3e8b6bbe20c,FIRST_OBSERVED_SNAPSHOT_DATE,,,2026-09-30T17:29:59+08:00,CXHB2100045,化学药品1类,,COMPLETE,23e8113f5330d7bc52cf7ee308592696,UNMAPPED_EXACT_NAME_REQUIRED
临床试验默示许可,official:23e9311d744da7247d368cb1abdc1a97,江苏恒瑞医药股份有限公司;上海恒瑞医药有限公司,HRS-4642注射液,1.KRAS G12D突变的晚期实体瘤；2.本品联合西妥昔单抗或SHR-9839或SHR-A1921或SHR-A1904或化疗±贝伐珠单抗或阿得贝利单抗±化疗或伊立替康脂质体+化疗用于KRAS G12D突变的晚期实体瘤患者；3.HRS-4642联合SHR-1826用于实体瘤患者,https://www.cde.org.cn/main/xxgk/listpage/4b5255eb0a84820cef4ca3e8b6bbe20c,FIRST_OBSERVED_SNAPSHOT_DATE,,,2026-09-30T17:29:59+08:00,CXHB2500201,1,,COMPLETE,23e9311d744da7247d368cb1abdc1a97,UNMAPPED_EXACT_NAME_REQUIRED
临床试验默示许可,official:24384b7e1c01a9acd32bb6480390b244,江苏恒瑞医药股份有限公司;江苏恒瑞医药股份有限公司,氟唑帕利胶囊,本品拟用于联合SHR3680治疗既往醋酸阿比特龙和多西他赛治疗失败的转移性去势抵抗性前列腺癌（mCRPC）。,https://www.cde.org.cn/main/xxgk/listpage/4b5255eb0a84820cef4ca3e8b6bbe20c,FIRST_OBSERVED_SNAPSHOT_DATE,,,2026-09-30T17:29:59+08:00,CXHL1900029,1,,COMPLETE,24384b7e1c01a9acd32bb6480390b244,UNMAPPED_EXACT_NAME_REQUIRED
临床试验默示许可,official:2516ec03a10ab30ff60e54a347dcd410,江苏恒瑞医药股份有限公司;江苏恒瑞医药股份有限公司,SHR6390片,HR阳性、HER2阴性乳腺癌,https://www.cde.org.cn/main/xxgk/listpage/4b5255eb0a84820cef4ca3e8b6bbe20c,FIRST_OBSERVED_SNAPSHOT_DATE,,,2026-09-30T17:29:59+08:00,CXHB2101025,1,,COMPLETE,2516ec03a10ab30ff60e54a347dcd410,UNMAPPED_EXACT_NAME_REQUIRED
临床试验默示许可,official:258f78a86e4b66e543657f43c82a0abb,江苏恒瑞医药股份有限公司;江苏恒瑞医药股份有限公司,诺利糖肽注射液,2型糖尿病。,https://www.cde.org.cn/main/xxgk/listpage/4b5255eb0a84820cef4ca3e8b6bbe20c,FIRST_OBSERVED_SNAPSHOT_DATE,,,2026-09-30T17:29:59+08:00,CXHB2000029,补充申请,,COMPLETE,258f78a86e4b66e543657f43c82a0abb,UNMAPPED_EXACT_NAME_REQUIRED
临床试验默示许可,official:26c1d1c6925fd4c1d9d47bcc234e0cb3,福建盛迪医药有限公司;江苏恒瑞医药股份有限公司;北京拓界生物医药科技有限公司,HRS-4729注射液,超重或肥胖,https://www.cde.org.cn/main/xxgk/listpage/4b5255eb0a84820cef4ca3e8b6bbe20c,FIRST_OBSERVED_SNAPSHOT_DATE,,,2026-09-30T17:29:59+08:00,CXHL2401028,1,,COMPLETE,26c1d1c6925fd4c1d9d47bcc234e0cb3,UNMAPPED_EXACT_NAME_REQUIRED
临床试验默示许可,official:2790b36d893ae1fe8439902fe8291056,江苏恒瑞医药股份有限公司;江苏恒瑞医药股份有限公司,INS068注射液,本品拟用于1型和2型糖尿病的治疗。,https://www.cde.org.cn/main/xxgk/listpage/4b5255eb0a84820cef4ca3e8b6bbe20c,FIRST_OBSERVED_SNAPSHOT_DATE,,,2026-09-30T17:29:59+08:00,CXSB2000121,1,,COMPLETE,2790b36d893ae1fe8439902fe8291056,UNMAPPED_EXACT_NAME_REQUIRED
临床试验默示许可,official:2896eacb6c9b84ef3ec6f6b01b7531e2,江苏恒瑞医药股份有限公司;江苏恒瑞医药股份有限公司,马来酸吡咯替尼片,本品用于治疗HER2异常的晚期/转移性胆道癌患者,https://www.cde.org.cn/main/xxgk/listpage/4b5255eb0a84820cef4ca3e8b6bbe20c,FIRST_OBSERVED_SNAPSHOT_DATE,,,2026-09-30T17:29:59+08:00,CXHB2000096,2.4,,COMPLETE,2896eacb6c9b84ef3ec6f6b01b7531e2,UNMAPPED_EXACT_NAME_REQUIRED
临床试验默示许可,official:290b25634bc28e4a8fb4abf28444bc83,上海恒瑞医药有限公司;江苏恒瑞医药股份有限公司;苏州盛迪亚生物医药有限公司,SHR-1704注射液,SHR-1704单用或联合SHR-1316用于标准治疗失败的晚期恶性肿瘤患者,https://www.cde.org.cn/main/xxgk/listpage/4b5255eb0a84820cef4ca3e8b6bbe20c,FIRST_OBSERVED_SNAPSHOT_DATE,,,2026-09-30T17:29:59+08:00,CXSL1900057,1,,COMPLETE,290b25634bc28e4a8fb4abf28444bc83,UNMAPPED_EXACT_NAME_REQUIRED
临床试验默示许可,official:2b5359500534fdfe90794deeb51fa306,上海恒瑞医药有限公司;江苏恒瑞医药股份有限公司,HRS-4642注射液,HRS-4642联合HRS-6719±阿得贝利单抗±SHR-9839（sc）±化疗用于实体瘤的治疗,https://www.cde.org.cn/main/xxgk/listpage/4b5255eb0a84820cef4ca3e8b6bbe20c,FIRST_OBSERVED_SNAPSHOT_DATE,,,2026-09-30T17:29:59+08:00,CXHL2600229,1,,COMPLETE,2b5359500534fdfe90794deeb51fa306,UNMAPPED_EXACT_NAME_REQUIRED
临床试验默示许可,official:2b5e7fc1ee53f9338f347ac4fd59aeab,上海恒瑞医药有限公司;江苏恒瑞医药股份有限公司,SHR2285片,用于成年患者关节置换术后静脉血栓栓塞症的预防。,https://www.cde.org.cn/main/xxgk/listpage/4b5255eb0a84820cef4ca3e8b6bbe20c,FIRST_OBSERVED_SNAPSHOT_DATE,,,2026-09-30T17:29:59+08:00,CXHL2101397,1,,COMPLETE,2b5e7fc1ee53f9338f347ac4fd59aeab,UNMAPPED_EXACT_NAME_REQUIRED
临床试验默示许可,official:2c5e847d10eb3d47aecd782c9a62869e,江苏恒瑞医药股份有限公司;上海恒瑞医药有限公司;成都新越医药有限公司,注射用HR18034,术后镇痛。,https://www.cde.org.cn/main/xxgk/listpage/4b5255eb0a84820cef4ca3e8b6bbe20c,FIRST_OBSERVED_SNAPSHOT_DATE,,,2026-09-30T17:29:59+08:00,CXHL2000216,2.1;2.2,,COMPLETE,2c5e847d10eb3d47aecd782c9a62869e,UNMAPPED_EXACT_NAME_REQUIRED
临床试验默示许可,official:2d48c7c9395563e30bec7165371e858b,上海恒瑞医药有限公司;江苏恒瑞医药股份有限公司,注射用SHR-A1201,单独用药用于HER2阳性的转移性乳腺癌患者，这些患者既往曾接受过曲妥珠单抗及紫杉烷的单独或联合用药治疗,https://www.cde.org.cn/main/xxgk/listpage/4b5255eb0a84820cef4ca3e8b6bbe20c,FIRST_OBSERVED_SNAPSHOT_DATE,,,2026-09-30T17:29:59+08:00,CXSB1800010,,,COMPLETE,2d48c7c9395563e30bec7165371e858b,UNMAPPED_EXACT_NAME_REQUIRED
临床试验默示许可,official:2e52ed14cef19494b8cd7a03f9345ebf,江苏恒瑞医药股份有限公司;江苏恒瑞医药股份有限公司;上海恒瑞医药有限公司,SHR6390片,本品拟联合氟维司群用于激素受体（HR）阳性、人表皮生长因子受体2（HER2）阴性的经内分泌治疗后进展的复发或转移性乳腺癌的治疗。,https://www.cde.org.cn/main/xxgk/listpage/4b5255eb0a84820cef4ca3e8b6bbe20c,FIRST_OBSERVED_SNAPSHOT_DATE,,,2026-09-30T17:29:59+08:00,CXHB2000049,1,,COMPLETE,2e52ed14cef19494b8cd7a03f9345ebf,UNMAPPED_EXACT_NAME_REQUIRED
临床试验默示许可,official:2eb72eeaee76e50baa0bf82f6aec8707,福建盛迪医药有限公司;江苏恒瑞医药股份有限公司;北京拓界生物医药科技有限公司,HRS-4729注射液,肥胖或超重、代谢相关脂肪性肝病/代谢相关脂肪性肝炎,https://www.cde.org.cn/main/xxgk/listpage/4b5255eb0a84820cef4ca3e8b6bbe20c,FIRST_OBSERVED_SNAPSHOT_DATE,,,2026-09-30T17:29:59+08:00,CXHB2600094,1,,COMPLETE,2eb72eeaee76e50baa0bf82f6aec8707,UNMAPPED_EXACT_NAME_REQUIRED
临床试验默示许可,official:2ee420372c415626f540be19b35ba143,江苏恒瑞医药股份有限公司;江苏恒瑞医药股份有限公司,马来酸吡咯替尼片,HER2阳性乳腺癌。,https://www.cde.org.cn/main/xxgk/listpage/4b5255eb0a84820cef4ca3e8b6bbe20c,FIRST_OBSERVED_SNAPSHOT_DATE,,,2026-09-30T17:29:59+08:00,CXHL2101791,2.4,,COMPLETE,2ee420372c415626f540be19b35ba143,UNMAPPED_EXACT_NAME_REQUIRED
临床试验默示许可,official:2f5796c6a5d3341120add9060d301ff2,江苏恒瑞医药股份有限公司;江苏恒瑞医药股份有限公司;上海恒瑞医药有限公司,SHR3680片,拟用于既往醋酸阿比特龙和多西他赛治疗均失败的转移性去势抵抗性前列腺癌（mCRPC)。,https://www.cde.org.cn/main/xxgk/listpage/4b5255eb0a84820cef4ca3e8b6bbe20c,FIRST_OBSERVED_SNAPSHOT_DATE,,,2026-09-30T17:29:59+08:00,CXHL1900012,1,,COMPLETE,2f5796c6a5d3341120add9060d301ff2,UNMAPPED_EXACT_NAME_REQUIRED
临床试验默示许可,official:2fbd1d74c8ffd59d85c0ead9f5f6212d,江苏恒瑞医药股份有限公司;江苏恒瑞医药股份有限公司,氟唑帕利胶囊,本品拟用于联合SHR3680治疗既往醋酸阿比特龙和多西他赛治疗失败的转移性去势抵抗性前列腺癌（mCRPC）。,https://www.cde.org.cn/main/xxgk/listpage/4b5255eb0a84820cef4ca3e8b6bbe20c,FIRST_OBSERVED_SNAPSHOT_DATE,,,2026-09-30T17:29:59+08:00,CXHL1900033,1,,COMPLETE,2fbd1d74c8ffd59d85c0ead9f5f6212d,UNMAPPED_EXACT_NAME_REQUIRED
临床试验默示许可,official:3005a74a926352b813de298b13c6c2c9,上海恒瑞医药有限公司;江苏恒瑞医药股份有限公司;苏州盛迪亚生物医药有限公司,注射用SHR-1501,SHR-1501联合SHR-1316用于标准治疗失败的晚期恶性肿瘤患者,https://www.cde.org.cn/main/xxgk/listpage/4b5255eb0a84820cef4ca3e8b6bbe20c,FIRST_OBSERVED_SNAPSHOT_DATE,,,2026-09-30T17:29:59+08:00,CXSL1900047,1,,COMPLETE,3005a74a926352b813de298b13c6c2c9,UNMAPPED_EXACT_NAME_REQUIRED
临床试验默示许可,official:3006cdb2f75605ff1882b35c6d325ad9,江苏恒瑞医药股份有限公司;江苏恒瑞医药股份有限公司;上海恒瑞医药有限公司,SHR6390片,本品拟联合氟维司群用于HR阳性，HER2阴性的经内分泌治疗后进展的复发或转移性乳腺癌的治疗。,https://www.cde.org.cn/main/xxgk/listpage/4b5255eb0a84820cef4ca3e8b6bbe20c,FIRST_OBSERVED_SNAPSHOT_DATE,,,2026-09-30T17:29:59+08:00,CXHL1900242,1,,COMPLETE,3006cdb2f75605ff1882b35c6d325ad9,UNMAPPED_EXACT_NAME_REQUIRED
临床试验默示许可,official:304495bd6e16e0e4b245c3bbfa5be06d,上海恒瑞医药有限公司;江苏恒瑞医药股份有限公司,HRS2543片,晚期恶性肿瘤,https://www.cde.org.cn/main/xxgk/listpage/4b5255eb0a84820cef4ca3e8b6bbe20c,FIRST_OBSERVED_SNAPSHOT_DATE,,,2026-09-30T17:29:59+08:00,CXHL2100035,1,,COMPLETE,304495bd6e16e0e4b245c3bbfa5be06d,UNMAPPED_EXACT_NAME_REQUIRED
临床试验默示许可,official:321f061f215b68c004f0ee0d4601fc7a,上海甫弘生物医药有限公司;江苏恒瑞医药股份有限公司,注射用FH-006,FH-006联合SHR-9839(sc)±阿得贝利单抗用于实体瘤的治疗。,https://www.cde.org.cn/main/xxgk/listpage/4b5255eb0a84820cef4ca3e8b6bbe20c,FIRST_OBSERVED_SNAPSHOT_DATE,,,2026-09-30T17:29:59+08:00,CXSL2500687,1,,COMPLETE,321f061f215b68c004f0ee0d4601fc7a,UNMAPPED_EXACT_NAME_REQUIRED
临床试验默示许可,official:3292fa5b9ffcb24f51795e692dbb061d,江苏恒瑞医药股份有限公司;上海甫弘生物医药有限公司,注射用FH-006,FH-006联合HRS-6719±阿得贝利单抗±贝伐珠单抗±化疗用于实体瘤的治疗。,https://www.cde.org.cn/main/xxgk/listpage/4b5255eb0a84820cef4ca3e8b6bbe20c,FIRST_OBSERVED_SNAPSHOT_DATE,,,2026-09-30T17:29:59+08:00,CXSL2600247,1,,COMPLETE,3292fa5b9ffcb24f51795e692dbb061d,UNMAPPED_EXACT_NAME_REQUIRED
临床试验默示许可,official:32dd88583b3fea0a3a07af2b237653be,上海恒瑞医药有限公司;江苏恒瑞医药股份有限公司,HRS-4642注射液,HRS-4642联合SHR-9839(sc)和HS-20093±化疗用于KRAS G12D突变结直肠癌的治疗。,https://www.cde.org.cn/main/xxgk/listpage/4b5255eb0a84820cef4ca3e8b6bbe20c,FIRST_OBSERVED_SNAPSHOT_DATE,,,2026-09-30T17:29:59+08:00,CXHL2501205,1,,COMPLETE,32dd88583b3fea0a3a07af2b237653be,UNMAPPED_EXACT_NAME_REQUIRED
临床试验默示许可,official:32e6f186881d1fbd3727f641b8fd7efc,江苏恒瑞医药股份有限公司;江苏恒瑞医药股份有限公司,苹果酸法米替尼胶囊,广泛期小细胞肺癌,https://www.cde.org.cn/main/xxgk/listpage/4b5255eb0a84820cef4ca3e8b6bbe20c,FIRST_OBSERVED_SNAPSHOT_DATE,,,2026-09-30T17:29:59+08:00,CXHL2000544,化学药品第1类,,COMPLETE,32e6f186881d1fbd3727f641b8fd7efc,UNMAPPED_EXACT_NAME_REQUIRED
临床试验默示许可,official:33659e72ae701087f4fb6d86676faa55,江苏恒瑞医药股份有限公司;上海恒瑞医药有限公司,SHR-1049注射液,拟用于实体瘤的治疗,https://www.cde.org.cn/main/xxgk/listpage/4b5255eb0a84820cef4ca3e8b6bbe20c,FIRST_OBSERVED_SNAPSHOT_DATE,,,2026-09-30T17:29:59+08:00,CXSL2500956,1,,COMPLETE,33659e72ae701087f4fb6d86676faa55,UNMAPPED_EXACT_NAME_REQUIRED
临床试验默示许可,official:339ba5aaf0bdad521af92cb9896acc35,江苏恒瑞医药股份有限公司;江苏恒瑞医药股份有限公司,诺利糖肽注射液,2型糖尿病,https://www.cde.org.cn/main/xxgk/listpage/4b5255eb0a84820cef4ca3e8b6bbe20c,FIRST_OBSERVED_SNAPSHOT_DATE,,,2026-09-30T17:29:59+08:00,CXHB2000030,补充申请,,COMPLETE,339ba5aaf0bdad521af92cb9896acc35,UNMAPPED_EXACT_NAME_REQUIRED
临床试验默示许可,official:34638ed86858616201e6c41dc820ec2a,江苏恒瑞医药股份有限公司;江苏恒瑞医药股份有限公司;上海恒瑞医药有限公司,SHR9549片,本品临床拟用于ER 阳性、HER2 阴性的乳腺癌的治疗。,https://www.cde.org.cn/main/xxgk/listpage/4b5255eb0a84820cef4ca3e8b6bbe20c,FIRST_OBSERVED_SNAPSHOT_DATE,,,2026-09-30T17:29:59+08:00,CXHB1800069,,,COMPLETE,34638ed86858616201e6c41dc820ec2a,UNMAPPED_EXACT_NAME_REQUIRED
临床试验默示许可,official:34695c89ca7d11a519e768a7730af5a4,成都盛迪医药有限公司;江苏恒瑞医药股份有限公司,HRS-5041片,前列腺癌；HRS-5041片联合醋酸阿比特龙片（Ⅱ）和泼尼松片或联合多西他赛和泼尼松片或联合HRS-1167片或联合SHR2554片用于治疗晚期前列腺癌患者；联合HRS-2189用于恶性肿瘤的治疗；联合注射用HS-20093用于治疗晚期前列腺癌患者；联合HRS-6208用于实体瘤的治疗；联合或不联合注射用SHR4394联合或不联合二代AR抑制剂用于前列腺癌；联合HRS-4357用于治疗前列腺特异性膜抗原(PSMA)阳性的前列腺癌成人患者。,https://www.cde.org.cn/main/xxgk/listpage/4b5255eb0a84820cef4ca3e8b6bbe20c,FIRST_OBSERVED_SNAPSHOT_DATE,,,2026-09-30T17:29:59+08:00,CXHB2600057,1,,COMPLETE,34695c89ca7d11a519e768a7730af5a4,UNMAPPED_EXACT_NAME_REQUIRED
临床试验默示许可,official:346fb19ef02731da4216958d19995c4d,江苏恒瑞医药股份有限公司;成都盛迪医药有限公司,醋酸阿比特龙片（I）,转移性去势抵抗性前列腺癌,https://www.cde.org.cn/main/xxgk/listpage/4b5255eb0a84820cef4ca3e8b6bbe20c,FIRST_OBSERVED_SNAPSHOT_DATE,,,2026-09-30T17:29:59+08:00,CXHL2000674,化学药品第2.2类,,COMPLETE,346fb19ef02731da4216958d19995c4d,UNMAPPED_EXACT_NAME_REQUIRED
临床试验默示许可,official:3518812d4392513f727b9e09a99bd0da,苏州盛迪亚生物医药有限公司;苏州盛迪亚生物医药有限公司;江苏恒瑞医药股份有限公司;上海恒瑞医药有限公司,SHR-1316注射液,可切除的II期或III期非小细胞肺癌,https://www.cde.org.cn/main/xxgk/listpage/4b5255eb0a84820cef4ca3e8b6bbe20c,FIRST_OBSERVED_SNAPSHOT_DATE,,,2026-09-30T17:29:59+08:00,CXSL2000071,1,,COMPLETE,3518812d4392513f727b9e09a99bd0da,UNMAPPED_EXACT_NAME_REQUIRED
临床试验默示许可,official:367893f074679d929d759c7403b33385,江苏恒瑞医药股份有限公司;江苏恒瑞医药股份有限公司,苹果酸法米替尼胶囊,PD-L1表达阳性的复发性或转移性非小细胞肺癌,https://www.cde.org.cn/main/xxgk/listpage/4b5255eb0a84820cef4ca3e8b6bbe20c,FIRST_OBSERVED_SNAPSHOT_DATE,,,2026-09-30T17:29:59+08:00,CXHL2101392,化学药品1类,,COMPLETE,367893f074679d929d759c7403b33385,UNMAPPED_EXACT_NAME_REQUIRED
临床试验默示许可,official:36f919f88a371bc3850c1291eccc1575,江苏恒瑞医药股份有限公司;江苏恒瑞医药股份有限公司;上海恒瑞医药有限公司,SHR6390片,本品拟联合苹果酸法米替尼胶囊治疗晚期实体瘤。,https://www.cde.org.cn/main/xxgk/listpage/4b5255eb0a84820cef4ca3e8b6bbe20c,FIRST_OBSERVED_SNAPSHOT_DATE,,,2026-09-30T17:29:59+08:00,CXHL2000086,1,,COMPLETE,36f919f88a371bc3850c1291eccc1575,UNMAPPED_EXACT_NAME_REQUIRED
临床试验默示许可,official:371d56720e2240c46493688da8f085f0,江苏恒瑞医药股份有限公司;江苏恒瑞医药股份有限公司,硫酸氢伊伐布雷定缓释片,慢性心力衰竭,https://www.cde.org.cn/main/xxgk/listpage/4b5255eb0a84820cef4ca3e8b6bbe20c,FIRST_OBSERVED_SNAPSHOT_DATE,,,2026-09-30T17:29:59+08:00,CXHL2100043,2类,,COMPLETE,371d56720e2240c46493688da8f085f0,UNMAPPED_EXACT_NAME_REQUIRED
临床试验默示许可,official:38c604c68e9447c71f56fae8105854d4,上海恒瑞医药有限公司;江苏恒瑞医药股份有限公司,HRS-4642注射液,HRS-4642联合SHR-9839(sc)±化疗±阿得贝利单抗用于实体瘤的治疗,https://www.cde.org.cn/main/xxgk/listpage/4b5255eb0a84820cef4ca3e8b6bbe20c,FIRST_OBSERVED_SNAPSHOT_DATE,,,2026-09-30T17:29:59+08:00,CXHL2500826,1,,COMPLETE,38c604c68e9447c71f56fae8105854d4,UNMAPPED_EXACT_NAME_REQUIRED
临床试验默示许可,official:38ee7103f51fc7e549c2738a1ae12c6d,江苏恒瑞医药股份有限公司;江苏恒瑞医药股份有限公司,SHR2554片,本品拟用于恶性肿瘤的治疗。,https://www.cde.org.cn/main/xxgk/listpage/4b5255eb0a84820cef4ca3e8b6bbe20c,FIRST_OBSERVED_SNAPSHOT_DATE,,,2026-09-30T17:29:59+08:00,CXHB2000119,化学药品1类,,COMPLETE,38ee7103f51fc7e549c2738a1ae12c6d,UNMAPPED_EXACT_NAME_REQUIRED
临床试验默示许可,official:39428272171de6e3c620025d587aefb3,江苏恒瑞医药股份有限公司;江苏恒瑞医药股份有限公司,马来酸吡咯替尼片,本品单药拟用于HER2突变的、既往接受过标准化疗的晚期非小细胞肺腺癌患者的治疗。,https://www.cde.org.cn/main/xxgk/listpage/4b5255eb0a84820cef4ca3e8b6bbe20c,FIRST_OBSERVED_SNAPSHOT_DATE,,,2026-09-30T17:29:59+08:00,CXHB2000075,2.4,,COMPLETE,39428272171de6e3c620025d587aefb3,UNMAPPED_EXACT_NAME_REQUIRED
临床试验默示许可,official:3b4df9a77e0883d12c9a6f6667eaba7d,江苏恒瑞医药股份有限公司;江苏恒瑞医药股份有限公司,注射用甲苯磺酸瑞马唑仑,本品拟用于非插管麻醉手术前、手术中及其他操作过程中的镇静,https://www.cde.org.cn/main/xxgk/listpage/4b5255eb0a84820cef4ca3e8b6bbe20c,FIRST_OBSERVED_SNAPSHOT_DATE,,,2026-09-30T17:29:59+08:00,CXHL2000187,2.4,,COMPLETE,3b4df9a77e0883d12c9a6f6667eaba7d,UNMAPPED_EXACT_NAME_REQUIRED
临床试验默示许可,official:3b641d4e075d857dfdd22e4bf3200038,江苏恒瑞医药股份有限公司;江苏恒瑞医药股份有限公司;上海恒瑞医药有限公司,SHR6390片,本品拟联合氟维司群用于HR阳性，HER2阴性的经内分泌治疗后进展的复发或转移性乳腺癌的治疗。,https://www.cde.org.cn/main/xxgk/listpage/4b5255eb0a84820cef4ca3e8b6bbe20c,FIRST_OBSERVED_SNAPSHOT_DATE,,,2026-09-30T17:29:59+08:00,CXHL1900243,1,,COMPLETE,3b641d4e075d857dfdd22e4bf3200038,UNMAPPED_EXACT_NAME_REQUIRED
临床试验默示许可,official:3cc45b396497b598341ce3af000490e5,江苏恒瑞医药股份有限公司;瑞石生物医药有限公司,SHR0302片,本品拟用于克罗恩病的治疗。,https://www.cde.org.cn/main/xxgk/listpage/4b5255eb0a84820cef4ca3e8b6bbe20c,FIRST_OBSERVED_SNAPSHOT_DATE,,,2026-09-30T17:29:59+08:00,CXHL1800151,1,,COMPLETE,3cc45b396497b598341ce3af000490e5,UNMAPPED_EXACT_NAME_REQUIRED
临床试验默示许可,official:3e0ac2a6a61c81923493c0efc4e405f3,江苏恒瑞医药股份有限公司;江苏恒瑞医药股份有限公司,盐酸伊立替康脂质体注射液,晚期胰腺癌等实体瘤,https://www.cde.org.cn/main/xxgk/listpage/4b5255eb0a84820cef4ca3e8b6bbe20c,FIRST_OBSERVED_SNAPSHOT_DATE,,,2026-09-30T17:29:59+08:00,CXHL2000553,化学药品第2类,,COMPLETE,3e0ac2a6a61c81923493c0efc4e405f3,UNMAPPED_EXACT_NAME_REQUIRED
临床试验默示许可,official:40c74934df4bd0b2c2e906a9017ecf2a,江苏恒瑞医药股份有限公司;江苏恒瑞医药股份有限公司;上海恒瑞医药有限公司,SHR-2042,本品可用于2型糖尿病及肥胖症的治疗,https://www.cde.org.cn/main/xxgk/listpage/4b5255eb0a84820cef4ca3e8b6bbe20c,FIRST_OBSERVED_SNAPSHOT_DATE,,,2026-09-30T17:29:59+08:00,CXHB1800101,,,COMPLETE,40c74934df4bd0b2c2e906a9017ecf2a,UNMAPPED_EXACT_NAME_REQUIRED
临床试验默示许可,official:41061c7c71e0e94c510d14d320a98883,江苏恒瑞医药股份有限公司;江苏恒瑞医药股份有限公司,SHR1459片,本品拟联合利妥昔单抗、环磷酰胺、多柔比星、长春新碱、泼尼松（R-CHOP）治疗初诊非生发中心样弥漫性大B细胞淋巴瘤（non-GCB DLBCL）。,https://www.cde.org.cn/main/xxgk/listpage/4b5255eb0a84820cef4ca3e8b6bbe20c,FIRST_OBSERVED_SNAPSHOT_DATE,,,2026-09-30T17:29:59+08:00,CXHL2101557,化学药品1类,,COMPLETE,41061c7c71e0e94c510d14d320a98883,UNMAPPED_EXACT_NAME_REQUIRED
临床试验默示许可,official:419ddfec0c0d350340bf80f965d8d9a5,上海恒瑞医药有限公司;江苏恒瑞医药股份有限公司,HRS2398片,晚期恶性实体瘤,https://www.cde.org.cn/main/xxgk/listpage/4b5255eb0a84820cef4ca3e8b6bbe20c,FIRST_OBSERVED_SNAPSHOT_DATE,,,2026-09-30T17:29:59+08:00,CXHL2101132,化学药品第1类,,COMPLETE,419ddfec0c0d350340bf80f965d8d9a5,UNMAPPED_EXACT_NAME_REQUIRED
临床试验默示许可,official:41bf1f31781175f27e66c6a485eb3a7c,成都盛迪医药有限公司;江苏恒瑞医药股份有限公司,HRS-5041片,HRS-5041片联合醋酸阿比特龙片（Ⅱ）和泼尼松片或联合多西他赛和泼尼松片或联合HRS-1167片或联合SHR2554片用于治疗晚期前列腺癌患者。,https://www.cde.org.cn/main/xxgk/listpage/4b5255eb0a84820cef4ca3e8b6bbe20c,FIRST_OBSERVED_SNAPSHOT_DATE,,,2026-09-30T17:29:59+08:00,CXHL2400538,1,,COMPLETE,41bf1f31781175f27e66c6a485eb3a7c,UNMAPPED_EXACT_NAME_REQUIRED
临床试验默示许可,official:42976568c8336aa5d28af379ae849c88,上海盛迪医药有限公司;江苏恒瑞医药股份有限公司,HRS-9231注射液,本品用于全身各部位磁共振成像（MRI）检测和显示异常血管病变。,https://www.cde.org.cn/main/xxgk/listpage/4b5255eb0a84820cef4ca3e8b6bbe20c,FIRST_OBSERVED_SNAPSHOT_DATE,,,2026-09-30T17:29:59+08:00,CXHB2600039,1,,COMPLETE,42976568c8336aa5d28af379ae849c88,UNMAPPED_EXACT_NAME_REQUIRED
临床试验默示许可,official:42d160735d2fad2aa6f3430bd2b6f1cb,苏州盛迪亚生物医药有限公司;江苏恒瑞医药股份有限公司;上海恒瑞医药有限公司,SHR-1314注射液,包括银屑病在内的多种自身免疫性疾病。,https://www.cde.org.cn/main/xxgk/listpage/4b5255eb0a84820cef4ca3e8b6bbe20c,FIRST_OBSERVED_SNAPSHOT_DATE,,,2026-09-30T17:29:59+08:00,CXSB2000023,1,,COMPLETE,42d160735d2fad2aa6f3430bd2b6f1cb,UNMAPPED_EXACT_NAME_REQUIRED
临床试验默示许可,official:44043522f7628838544698906527f74e,江苏恒瑞医药股份有限公司;江苏恒瑞医药股份有限公司,苹果酸法米替尼胶囊,恶性肿瘤,https://www.cde.org.cn/main/xxgk/listpage/4b5255eb0a84820cef4ca3e8b6bbe20c,FIRST_OBSERVED_SNAPSHOT_DATE,,,2026-09-30T17:29:59+08:00,CXHB2200003,1,,COMPLETE,44043522f7628838544698906527f74e,UNMAPPED_EXACT_NAME_REQUIRED
临床试验默示许可,official:4440635e0577e30a1bf0698d192b6ad7,江苏恒瑞医药股份有限公司;江苏恒瑞医药股份有限公司,SHR2150胶囊,用于HIV-1感染患者的治疗,https://www.cde.org.cn/main/xxgk/listpage/4b5255eb0a84820cef4ca3e8b6bbe20c,FIRST_OBSERVED_SNAPSHOT_DATE,,,2026-09-30T17:29:59+08:00,CXHL2000578,1,,COMPLETE,4440635e0577e30a1bf0698d192b6ad7,UNMAPPED_EXACT_NAME_REQUIRED
临床试验默示许可,official:44506c2e41795270fb1b45f92e7b4871,江苏恒瑞医药股份有限公司;江苏恒瑞医药股份有限公司,SHR2285片,预防或治疗动静脉血栓，以及降低介入治疗或体外循环引起的血栓栓塞风险。,https://www.cde.org.cn/main/xxgk/listpage/4b5255eb0a84820cef4ca3e8b6bbe20c,FIRST_OBSERVED_SNAPSHOT_DATE,,,2026-09-30T17:29:59+08:00,CXHL1800157,1,,COMPLETE,44506c2e41795270fb1b45f92e7b4871,UNMAPPED_EXACT_NAME_REQUIRED
临床试验默示许可,official:46719a975f747b18d617330e3e0b4407,江苏恒瑞医药股份有限公司;江苏恒瑞医药股份有限公司;上海恒瑞医药有限公司,SHR2554片,联合SHR1459片用于标准治疗失败或无标准治疗可用的复发/难治（R/R）B细胞非霍奇金淋巴瘤的治疗。,https://www.cde.org.cn/main/xxgk/listpage/4b5255eb0a84820cef4ca3e8b6bbe20c,FIRST_OBSERVED_SNAPSHOT_DATE,,,2026-09-30T17:29:59+08:00,CXHL1900187,1,,COMPLETE,46719a975f747b18d617330e3e0b4407,UNMAPPED_EXACT_NAME_REQUIRED
临床试验默示许可,official:46741851191ba39f3271813d1567e493,江苏恒瑞医药股份有限公司;上海恒瑞医药有限公司;苏州盛迪亚生物医药有限公司,注射用SHR-4394,前列腺癌,https://www.cde.org.cn/main/xxgk/listpage/4b5255eb0a84820cef4ca3e8b6bbe20c,FIRST_OBSERVED_SNAPSHOT_DATE,,,2026-09-30T17:29:59+08:00,CXSL2400601,1,,COMPLETE,46741851191ba39f3271813d1567e493,UNMAPPED_EXACT_NAME_REQUIRED
临床试验默示许可,official:4796fe461ff23e2d61207a2b45b5dfc0,江苏恒瑞医药股份有限公司;江苏恒瑞医药股份有限公司,氟唑帕利胶囊,本品拟用于联合SHR-1316治疗既往接受过一线含铂方案化疗且疾病进展的小细胞肺癌（SCLC）患者。,https://www.cde.org.cn/main/xxgk/listpage/4b5255eb0a84820cef4ca3e8b6bbe20c,FIRST_OBSERVED_SNAPSHOT_DATE,,,2026-09-30T17:29:59+08:00,CXHL1900308,1,,COMPLETE,4796fe461ff23e2d61207a2b45b5dfc0,UNMAPPED_EXACT_NAME_REQUIRED
临床试验默示许可,official:489601c0b4cfe3f18d59f4bfa000f64a,eVENUS PHARMACEUTICAL LABORATORIES INC.;江苏恒瑞医药股份有限公司,SHR8008胶囊,本品用于治疗复发性外阴阴道假丝酵母菌病（RVVC）,https://www.cde.org.cn/main/xxgk/listpage/4b5255eb0a84820cef4ca3e8b6bbe20c,FIRST_OBSERVED_SNAPSHOT_DATE,,,2026-09-30T17:29:59+08:00,JXHL2000045,1,,COMPLETE,489601c0b4cfe3f18d59f4bfa000f64a,UNMAPPED_EXACT_NAME_REQUIRED
临床试验默示许可,official:4a81a4b161fa01786e6c6bf4624bff2c,江苏恒瑞医药股份有限公司;江苏恒瑞医药股份有限公司,SHR7280干混悬剂,辅助生殖技术中，用于控制性超促排卵治疗的患者，抑制早发LH峰，防止提前排卵。,https://www.cde.org.cn/main/xxgk/listpage/4b5255eb0a84820cef4ca3e8b6bbe20c,FIRST_OBSERVED_SNAPSHOT_DATE,,,2026-09-30T17:29:59+08:00,CXHL2300229,1,,COMPLETE,4a81a4b161fa01786e6c6bf4624bff2c,UNMAPPED_EXACT_NAME_REQUIRED
临床试验默示许可,official:4a8b7a5012b74711aec21d95608671d2,江苏恒瑞医药股份有限公司;江苏恒瑞医药股份有限公司;上海恒瑞医药有限公司,SHR2554片,联合SHR1459片用于标准治疗失败或无标准治疗可用的复发/难治（R/R）B细胞非霍奇金淋巴瘤的治疗。,https://www.cde.org.cn/main/xxgk/listpage/4b5255eb0a84820cef4ca3e8b6bbe20c,FIRST_OBSERVED_SNAPSHOT_DATE,,,2026-09-30T17:29:59+08:00,CXHL1900188,1,,COMPLETE,4a8b7a5012b74711aec21d95608671d2,UNMAPPED_EXACT_NAME_REQUIRED
临床试验默示许可,official:4a99eb716e8a10158dace59e47f7007c,江苏恒瑞医药股份有限公司;江苏恒瑞医药股份有限公司,氟唑帕利胶囊,本品联合mFOLFIRINOX化疗用于胰腺癌新辅助和辅助化疗。,https://www.cde.org.cn/main/xxgk/listpage/4b5255eb0a84820cef4ca3e8b6bbe20c,FIRST_OBSERVED_SNAPSHOT_DATE,,,2026-09-30T17:29:59+08:00,CXHL2000353,1,,COMPLETE,4a99eb716e8a10158dace59e47f7007c,UNMAPPED_EXACT_NAME_REQUIRED
临床试验默示许可,official:4b309a54f43ef8178cf72bd9073a2712,江苏恒瑞医药股份有限公司;江苏恒瑞医药股份有限公司,SHR4640片,本品为URAT1选择性抑制剂，主要应用于高尿酸血症的治疗。,https://www.cde.org.cn/main/xxgk/listpage/4b5255eb0a84820cef4ca3e8b6bbe20c,FIRST_OBSERVED_SNAPSHOT_DATE,,,2026-09-30T17:29:59+08:00,CXHB2100031,1,,COMPLETE,4b309a54f43ef8178cf72bd9073a2712,UNMAPPED_EXACT_NAME_REQUIRED
临床试验默示许可,official:4b49e3142441860ac6a48c888a54712a,江苏恒瑞医药股份有限公司;瑞石生物医药有限公司,SHR0302片,本品拟用于克罗恩病的治疗。,https://www.cde.org.cn/main/xxgk/listpage/4b5255eb0a84820cef4ca3e8b6bbe20c,FIRST_OBSERVED_SNAPSHOT_DATE,,,2026-09-30T17:29:59+08:00,CXHL1800150,1,,COMPLETE,4b49e3142441860ac6a48c888a54712a,UNMAPPED_EXACT_NAME_REQUIRED
临床试验默示许可,official:4bb92337fde4a184d392bc88d1d25cf3,江苏恒瑞医药股份有限公司;成都盛迪医药有限公司,HRS-5041片,本品联合注射用HS-20093用于治疗晚期前列腺癌患者。,https://www.cde.org.cn/main/xxgk/listpage/4b5255eb0a84820cef4ca3e8b6bbe20c,FIRST_OBSERVED_SNAPSHOT_DATE,,,2026-09-30T17:29:59+08:00,CXHL2500470,1,,COMPLETE,4bb92337fde4a184d392bc88d1d25cf3,UNMAPPED_EXACT_NAME_REQUIRED
临床试验默示许可,official:4bf1c467b7be7791ce3a46f2e3170f4c,江苏恒瑞医药股份有限公司;江苏恒瑞医药股份有限公司,SHR7280片,本品用于前列腺癌的治疗,https://www.cde.org.cn/main/xxgk/listpage/4b5255eb0a84820cef4ca3e8b6bbe20c,FIRST_OBSERVED_SNAPSHOT_DATE,,,2026-09-30T17:29:59+08:00,CXHL2101044,化学药品注册分类1,,COMPLETE,4bf1c467b7be7791ce3a46f2e3170f4c,UNMAPPED_EXACT_NAME_REQUIRED
临床试验默示许可,official:4bf2b371390dbbbadafb76da3ab4904e,江苏恒瑞医药股份有限公司;江苏恒瑞医药股份有限公司;上海恒瑞医药有限公司,苹果酸法米替尼胶囊,本品与注射用卡瑞利珠单抗联用治疗晚期泌尿系统肿瘤及妇科肿瘤。,https://www.cde.org.cn/main/xxgk/listpage/4b5255eb0a84820cef4ca3e8b6bbe20c,FIRST_OBSERVED_SNAPSHOT_DATE,,,2026-09-30T17:29:59+08:00,CXHL1900439,1,,COMPLETE,4bf2b371390dbbbadafb76da3ab4904e,UNMAPPED_EXACT_NAME_REQUIRED
临床试验默示许可,official:4da8df1b5d66061e4642c4ad03c76e81,江苏恒瑞医药股份有限公司;江苏恒瑞医药股份有限公司;上海恒瑞医药有限公司,马来酸吡咯替尼片,本品联合曲妥珠单抗及多西他赛，拟用于治疗表皮生长因子受体2（HER2）阳性早期或局部晚期乳腺癌患者的新辅助治疗。,https://www.cde.org.cn/main/xxgk/listpage/4b5255eb0a84820cef4ca3e8b6bbe20c,FIRST_OBSERVED_SNAPSHOT_DATE,,,2026-09-30T17:29:59+08:00,CXHL1900298,2.4,,COMPLETE,4da8df1b5d66061e4642c4ad03c76e81,UNMAPPED_EXACT_NAME_REQUIRED
临床试验默示许可,official:5090a9c8f92545f8c07ec8286b79717c,江苏恒瑞医药股份有限公司;江苏恒瑞医药股份有限公司;上海恒瑞医药有限公司,苹果酸法米替尼胶囊,本品联合注射用卡瑞利珠单抗、SHR2554片治疗晚期恶性肿瘤。,https://www.cde.org.cn/main/xxgk/listpage/4b5255eb0a84820cef4ca3e8b6bbe20c,FIRST_OBSERVED_SNAPSHOT_DATE,,,2026-09-30T17:29:59+08:00,CXHL2000090,1,,COMPLETE,5090a9c8f92545f8c07ec8286b79717c,UNMAPPED_EXACT_NAME_REQUIRED
临床试验默示许可,official:50e5084c5744f082a85dd7e4eb068703,江苏恒瑞医药股份有限公司;江苏恒瑞医药股份有限公司,替格瑞洛缓释胶囊,抗血小板药，用于急性冠脉综合征。,https://www.cde.org.cn/main/xxgk/listpage/4b5255eb0a84820cef4ca3e8b6bbe20c,FIRST_OBSERVED_SNAPSHOT_DATE,,,2026-09-30T17:29:59+08:00,CXHB2100016,2.2,,COMPLETE,50e5084c5744f082a85dd7e4eb068703,UNMAPPED_EXACT_NAME_REQUIRED
临床试验默示许可,official:510b43a3cfdc8c388b7d940858109832,江苏恒瑞医药股份有限公司;江苏恒瑞医药股份有限公司,INS068注射液,用于1型和2型糖尿病的治疗,https://www.cde.org.cn/main/xxgk/listpage/4b5255eb0a84820cef4ca3e8b6bbe20c,FIRST_OBSERVED_SNAPSHOT_DATE,,,2026-09-30T17:29:59+08:00,CXSB2000170,1,,COMPLETE,510b43a3cfdc8c388b7d940858109832,UNMAPPED_EXACT_NAME_REQUIRED
临床试验默示许可,official:518c36cd0d0a5b24fb3d8acd23186475,上海恒瑞医药有限公司;江苏恒瑞医药股份有限公司,HRS-4642注射液,本品联合HRS-7172±SHR-9839(sc)，或联合HRS-7172+阿得贝利单抗，或联合HRS-7172±化疗用于实体瘤的治疗。,https://www.cde.org.cn/main/xxgk/listpage/4b5255eb0a84820cef4ca3e8b6bbe20c,FIRST_OBSERVED_SNAPSHOT_DATE,,,2026-09-30T17:29:59+08:00,CXHL2600584,化学药品:1类,,COMPLETE,518c36cd0d0a5b24fb3d8acd23186475,UNMAPPED_EXACT_NAME_REQUIRED
临床试验默示许可,official:51e7b24b8f4debfdb7b20af9e4307e73,江苏恒瑞医药股份有限公司;江苏恒瑞医药股份有限公司;上海恒瑞医药有限公司,马来酸吡咯替尼片,本品单药用于HER2外显子20突变的、既往含铂化疗失败的晚期非鳞状非小细胞肺癌患者的治疗。,https://www.cde.org.cn/main/xxgk/listpage/4b5255eb0a84820cef4ca3e8b6bbe20c,FIRST_OBSERVED_SNAPSHOT_DATE,,,2026-09-30T17:29:59+08:00,CXHB2000014,2.4,,COMPLETE,51e7b24b8f4debfdb7b20af9e4307e73,UNMAPPED_EXACT_NAME_REQUIRED
临床试验默示许可,official:532154c281c81f725bed4cacb33d8431,苏州盛迪亚生物医药有限公司;苏州盛迪亚生物医药有限公司;江苏恒瑞医药股份有限公司;上海恒瑞医药有限公司,注射用卡瑞利珠单抗,注射用卡瑞利珠单抗联合同步放化疗用于不可手术切除的局部晚期食管鳞癌患者的治疗。,https://www.cde.org.cn/main/xxgk/listpage/4b5255eb0a84820cef4ca3e8b6bbe20c,FIRST_OBSERVED_SNAPSHOT_DATE,,,2026-09-30T17:29:59+08:00,CXSL2000048,1,,COMPLETE,532154c281c81f725bed4cacb33d8431,UNMAPPED_EXACT_NAME_REQUIRED
临床试验默示许可,official:533014d7d6e0fb561ef93ee02de80b58,上海恒瑞医药有限公司;江苏恒瑞医药股份有限公司;苏州盛迪亚生物医药有限公司,SHR-1701注射液,SHR-1701联合吉西他滨和注射用紫杉醇（白蛋白结合型）用于一线治疗晚期/转移性胰腺癌患者,https://www.cde.org.cn/main/xxgk/listpage/4b5255eb0a84820cef4ca3e8b6bbe20c,FIRST_OBSERVED_SNAPSHOT_DATE,,,2026-09-30T17:29:59+08:00,CXSL2000158,治疗性生物制品,,COMPLETE,533014d7d6e0fb561ef93ee02de80b58,UNMAPPED_EXACT_NAME_REQUIRED
临床试验默示许可,official:53a312a315462eb698c7bcbf85ab9242,江苏恒瑞医药股份有限公司;上海恒瑞医药有限公司;苏州盛迪亚生物医药有限公司;成都新越医药有限公司,HRS5091片,本品临床拟用于慢性乙型肝炎的治疗。,https://www.cde.org.cn/main/xxgk/listpage/4b5255eb0a84820cef4ca3e8b6bbe20c,FIRST_OBSERVED_SNAPSHOT_DATE,,,2026-09-30T17:29:59+08:00,CXHL2000146,1,,COMPLETE,53a312a315462eb698c7bcbf85ab9242,UNMAPPED_EXACT_NAME_REQUIRED
临床试验默示许可,official:53c92a1eef16e5834c236da43339c769,成都盛迪医药有限公司;江苏恒瑞医药股份有限公司,HRS-5041片,前列腺癌 ；HRS-5041片联合醋酸阿比特龙片（Ⅱ）和泼尼松片或联合多西他赛和泼尼松片或联合HRS-1167片或联合SHR2554片用于治疗晚期前列腺癌患者。,https://www.cde.org.cn/main/xxgk/listpage/4b5255eb0a84820cef4ca3e8b6bbe20c,FIRST_OBSERVED_SNAPSHOT_DATE,,,2026-09-30T17:29:59+08:00,CXHB2400181,1,,COMPLETE,53c92a1eef16e5834c236da43339c769,UNMAPPED_EXACT_NAME_REQUIRED
临床试验默示许可,official:53f3cf59c409ca0debd64feb07dfff9e,江苏恒瑞医药股份有限公司;江苏恒瑞医药股份有限公司,氟唑帕利胶囊,氟唑帕利胶囊或氟唑帕利胶囊联合甲磺酸阿帕替尼片治疗伴有BRCA1/2突变的HER2阴性转移性乳腺癌。,https://www.cde.org.cn/main/xxgk/listpage/4b5255eb0a84820cef4ca3e8b6bbe20c,FIRST_OBSERVED_SNAPSHOT_DATE,,,2026-09-30T17:29:59+08:00,CXHL1900407,1,,COMPLETE,53f3cf59c409ca0debd64feb07dfff9e,UNMAPPED_EXACT_NAME_REQUIRED
临床试验默示许可,official:54542889e37684a0079cf9561e8b0b21,江苏恒瑞医药股份有限公司;江苏恒瑞医药股份有限公司,氟唑帕利胶囊,本品拟联合甲磺酸阿帕替尼片治疗复发性卵巢癌。,https://www.cde.org.cn/main/xxgk/listpage/4b5255eb0a84820cef4ca3e8b6bbe20c,FIRST_OBSERVED_SNAPSHOT_DATE,,,2026-09-30T17:29:59+08:00,CXHL2000223,1,,COMPLETE,54542889e37684a0079cf9561e8b0b21,UNMAPPED_EXACT_NAME_REQUIRED
临床试验默示许可,official:55a85b5765c8daa9befd6c448dbcbdf3,江苏恒瑞医药股份有限公司;江苏恒瑞医药股份有限公司,SHR2285片,预防或治疗动静脉血栓，以及降低介入治疗或体外循环引起的血栓栓塞风险。,https://www.cde.org.cn/main/xxgk/listpage/4b5255eb0a84820cef4ca3e8b6bbe20c,FIRST_OBSERVED_SNAPSHOT_DATE,,,2026-09-30T17:29:59+08:00,CXHB2100049,1类,,COMPLETE,55a85b5765c8daa9befd6c448dbcbdf3,UNMAPPED_EXACT_NAME_REQUIRED
临床试验默示许可,official:5717dfaa9cbdf04df4fb80422ca140a8,成都盛迪医药有限公司;江苏恒瑞医药股份有限公司,HRS-5041片,前列腺癌 ；HRS-5041片联合醋酸阿比特龙片（Ⅱ）和泼尼松片或联合多西他赛和泼尼松片或联合HRS-1167片或联合SHR2554片用于治疗晚期前列腺癌患者。,https://www.cde.org.cn/main/xxgk/listpage/4b5255eb0a84820cef4ca3e8b6bbe20c,FIRST_OBSERVED_SNAPSHOT_DATE,,,2026-09-30T17:29:59+08:00,CXHB2400182,1,,COMPLETE,5717dfaa9cbdf04df4fb80422ca140a8,UNMAPPED_EXACT_NAME_REQUIRED
临床试验默示许可,official:5781bf359b5936b8c594e878118da3d9,江苏恒瑞医药股份有限公司;江苏恒瑞医药股份有限公司;上海恒瑞医药有限公司,SHR6390片,本品拟联合氟维司群用于激素受体（HR）阳性、人表皮生长因子受体2（HER2）阴性的经内分泌治疗后进展的复发或转移性乳腺癌的治疗。,https://www.cde.org.cn/main/xxgk/listpage/4b5255eb0a84820cef4ca3e8b6bbe20c,FIRST_OBSERVED_SNAPSHOT_DATE,,,2026-09-30T17:29:59+08:00,CXHB2000048,1,,COMPLETE,5781bf359b5936b8c594e878118da3d9,UNMAPPED_EXACT_NAME_REQUIRED
临床试验默示许可,official:57e220096dfdba514726c1a070253f9d,江苏恒瑞医药股份有限公司;江苏恒瑞医药股份有限公司,硫酸氢伊伐布雷定缓释片,慢性心力衰竭,https://www.cde.org.cn/main/xxgk/listpage/4b5255eb0a84820cef4ca3e8b6bbe20c,FIRST_OBSERVED_SNAPSHOT_DATE,,,2026-09-30T17:29:59+08:00,CXHL2100045,2类,,COMPLETE,57e220096dfdba514726c1a070253f9d,UNMAPPED_EXACT_NAME_REQUIRED
临床试验默示许可,official:583bef090f65a5a055d631de331aaffc,苏州盛迪亚生物医药有限公司;苏州盛迪亚生物医药有限公司;江苏恒瑞医药股份有限公司;上海恒瑞医药有限公司,注射用卡瑞利珠单抗,注射用卡瑞利珠单抗联合苹果酸法米替尼胶囊治疗晚期泌尿系统肿瘤及妇科肿瘤,https://www.cde.org.cn/main/xxgk/listpage/4b5255eb0a84820cef4ca3e8b6bbe20c,FIRST_OBSERVED_SNAPSHOT_DATE,,,2026-09-30T17:29:59+08:00,CXSL2000003,1,,COMPLETE,583bef090f65a5a055d631de331aaffc,UNMAPPED_EXACT_NAME_REQUIRED
临床试验默示许可,official:58598718d7b4f3687c9e1eb7c452fbea,江苏恒瑞医药股份有限公司;江苏恒瑞医药股份有限公司,INS068注射液,本品拟用于1型和2型糖尿病的治疗。,https://www.cde.org.cn/main/xxgk/listpage/4b5255eb0a84820cef4ca3e8b6bbe20c,FIRST_OBSERVED_SNAPSHOT_DATE,,,2026-09-30T17:29:59+08:00,CXSB2000120,1,,COMPLETE,58598718d7b4f3687c9e1eb7c452fbea,UNMAPPED_EXACT_NAME_REQUIRED
临床试验默示许可,official:58d0230017a7594696a56d01fd90de2d,江苏恒瑞医药股份有限公司;江苏恒瑞医药股份有限公司,氟唑帕利胶囊,转移性去势抵抗性前列腺癌,https://www.cde.org.cn/main/xxgk/listpage/4b5255eb0a84820cef4ca3e8b6bbe20c,FIRST_OBSERVED_SNAPSHOT_DATE,,,2026-09-30T17:29:59+08:00,CXHL2000621,化学药品第1类,,COMPLETE,58d0230017a7594696a56d01fd90de2d,UNMAPPED_EXACT_NAME_REQUIRED
临床试验默示许可,official:59568a943bc623caa55ee7a2724ef387,江苏恒瑞医药股份有限公司;江苏恒瑞医药股份有限公司;上海恒瑞医药有限公司,SHR0302片,本品拟用于活动性强直性脊柱炎的治疗。,https://www.cde.org.cn/main/xxgk/listpage/4b5255eb0a84820cef4ca3e8b6bbe20c,FIRST_OBSERVED_SNAPSHOT_DATE,,,2026-09-30T17:29:59+08:00,CXHL2000050,1,,COMPLETE,59568a943bc623caa55ee7a2724ef387,UNMAPPED_EXACT_NAME_REQUIRED
临床试验默示许可,official:5a939b395aa7bb713c2fa8dd6d9f19ef,江苏恒瑞医药股份有限公司;上海恒瑞医药有限公司;苏州盛迪亚生物医药有限公司,SHR2150注射液,晚期/转移性恶性肿瘤。,https://www.cde.org.cn/main/xxgk/listpage/4b5255eb0a84820cef4ca3e8b6bbe20c,FIRST_OBSERVED_SNAPSHOT_DATE,,,2026-09-30T17:29:59+08:00,CXHL1900426,1,,COMPLETE,5a939b395aa7bb713c2fa8dd6d9f19ef,UNMAPPED_EXACT_NAME_REQUIRED
临床试验默示许可,official:5afe754f60fefa664d3312ef5b325dd4,福建盛迪医药有限公司;江苏恒瑞医药股份有限公司;北京拓界生物医药科技有限公司,HRS-4729注射液,肥胖或超重、代谢相关脂肪性肝病/代谢相关脂肪性肝炎,https://www.cde.org.cn/main/xxgk/listpage/4b5255eb0a84820cef4ca3e8b6bbe20c,FIRST_OBSERVED_SNAPSHOT_DATE,,,2026-09-30T17:29:59+08:00,CXHB2600093,1,,COMPLETE,5afe754f60fefa664d3312ef5b325dd4,UNMAPPED_EXACT_NAME_REQUIRED
临床试验默示许可,official:5b1fb956015460faa053f2f09705d20d,eVENUS PHARMACEUTICAL LABORATORIES INC.;江苏恒瑞医药股份有限公司,SHR8058滴眼液,本品拟用于睑板腺功能障碍相关干眼病。,https://www.cde.org.cn/main/xxgk/listpage/4b5255eb0a84820cef4ca3e8b6bbe20c,FIRST_OBSERVED_SNAPSHOT_DATE,,,2026-09-30T17:29:59+08:00,JXHL2000266,2.4,,COMPLETE,5b1fb956015460faa053f2f09705d20d,UNMAPPED_EXACT_NAME_REQUIRED
临床试验默示许可,official:5b4d0f062a2e4d2f1611e85ec2a94480,江苏恒瑞医药股份有限公司;江苏恒瑞医药股份有限公司;上海恒瑞医药有限公司,苹果酸法米替尼胶囊,本品联合SHR-1701注射液治疗不同种类晚期恶性实体瘤患者。,https://www.cde.org.cn/main/xxgk/listpage/4b5255eb0a84820cef4ca3e8b6bbe20c,FIRST_OBSERVED_SNAPSHOT_DATE,,,2026-09-30T17:29:59+08:00,CXHL2000328,1,,COMPLETE,5b4d0f062a2e4d2f1611e85ec2a94480,UNMAPPED_EXACT_NAME_REQUIRED
临床试验默示许可,official:5bef21e4f48a631472f3f839a3edaf0c,苏州盛迪亚生物医药有限公司;苏州盛迪亚生物医药有限公司;江苏恒瑞医药股份有限公司;上海恒瑞医药有限公司,注射用卡瑞利珠单抗,本品联合卡培他滨和奥沙利铂序贯卡瑞利珠单抗联合甲磺酸阿帕替尼治疗既往未接受过系统治疗的晚期或转移性胃癌或胃食管交界处癌。,https://www.cde.org.cn/main/xxgk/listpage/4b5255eb0a84820cef4ca3e8b6bbe20c,FIRST_OBSERVED_SNAPSHOT_DATE,,,2026-09-30T17:29:59+08:00,CXSB2000002,2,,COMPLETE,5bef21e4f48a631472f3f839a3edaf0c,UNMAPPED_EXACT_NAME_REQUIRED
临床试验默示许可,official:5c4ad25ee3cc0b0a246af4354a7f729f,瑞石生物医药有限公司;江苏恒瑞医药股份有限公司,SHR0302片,本品拟用于溃疡性结肠炎的治疗,https://www.cde.org.cn/main/xxgk/listpage/4b5255eb0a84820cef4ca3e8b6bbe20c,FIRST_OBSERVED_SNAPSHOT_DATE,,,2026-09-30T17:29:59+08:00,CXHB2000092,1,,COMPLETE,5c4ad25ee3cc0b0a246af4354a7f729f,UNMAPPED_EXACT_NAME_REQUIRED
临床试验默示许可,official:5c4effe348b2e0d319e6a37094381c70,成都盛迪医药有限公司;江苏恒瑞医药股份有限公司,HRS-5041片,HRS-5041片联合醋酸阿比特龙片（Ⅱ）和泼尼松片或联合多西他赛和泼尼松片或联合HRS-1167片或联合SHR2554片用于治疗晚期前列腺癌患者。,https://www.cde.org.cn/main/xxgk/listpage/4b5255eb0a84820cef4ca3e8b6bbe20c,FIRST_OBSERVED_SNAPSHOT_DATE,,,2026-09-30T17:29:59+08:00,CXHL2400537,1,,COMPLETE,5c4effe348b2e0d319e6a37094381c70,UNMAPPED_EXACT_NAME_REQUIRED
临床试验默示许可,official:5c6a68fcc8d693db2d24c8a2b0835470,江苏恒瑞医药股份有限公司;江苏恒瑞医药股份有限公司,氟唑帕利胶囊,本品拟用于实体廇的治疗。,https://www.cde.org.cn/main/xxgk/listpage/4b5255eb0a84820cef4ca3e8b6bbe20c,FIRST_OBSERVED_SNAPSHOT_DATE,,,2026-09-30T17:29:59+08:00,CXHB1800079,,,COMPLETE,5c6a68fcc8d693db2d24c8a2b0835470,UNMAPPED_EXACT_NAME_REQUIRED
临床试验默示许可,official:5cbc9542c7759b3643e6469c82b4a0ba,江苏恒瑞医药股份有限公司;江苏恒瑞医药股份有限公司,海曲泊帕乙醇胺片,本品用于6岁及以上临床诊断为慢性原发免疫性血小板减少症（ITP）儿童和青少年患者。,https://www.cde.org.cn/main/xxgk/listpage/4b5255eb0a84820cef4ca3e8b6bbe20c,FIRST_OBSERVED_SNAPSHOT_DATE,,,2026-09-30T17:29:59+08:00,CXHL2000383,1,,COMPLETE,5cbc9542c7759b3643e6469c82b4a0ba,UNMAPPED_EXACT_NAME_REQUIRED
临床试验默示许可,official:5f1d9604d2a729da41534929da1eb4cb,江苏恒瑞医药股份有限公司;江苏恒瑞医药股份有限公司,氟唑帕利胶囊,本品拟用于联合醋酸阿比特龙联合，治疗既往未接受过新型雄激素受体（AR）靶向药物治疗的转移性去势抵抗性前列腺癌（mCRPC）。,https://www.cde.org.cn/main/xxgk/listpage/4b5255eb0a84820cef4ca3e8b6bbe20c,FIRST_OBSERVED_SNAPSHOT_DATE,,,2026-09-30T17:29:59+08:00,CXHL1900332,1,,COMPLETE,5f1d9604d2a729da41534929da1eb4cb,UNMAPPED_EXACT_NAME_REQUIRED
临床试验默示许可,official:5f293506e363c7dfc1bfd7be473c8489,江苏恒瑞医药股份有限公司;苏州盛迪亚生物医药有限公司;成都盛迪医药有限公司,HR18042片,本品临床拟用于中度至重度急性疼痛的治疗。,https://www.cde.org.cn/main/xxgk/listpage/4b5255eb0a84820cef4ca3e8b6bbe20c,FIRST_OBSERVED_SNAPSHOT_DATE,,,2026-09-30T17:29:59+08:00,CXHL2000210,2.3,,COMPLETE,5f293506e363c7dfc1bfd7be473c8489,UNMAPPED_EXACT_NAME_REQUIRED
临床试验默示许可,official:5f98c794ec045c5abb22f945adbd3820,苏州盛迪亚生物医药有限公司;苏州盛迪亚生物医药有限公司;江苏恒瑞医药股份有限公司;上海恒瑞医药有限公司,注射用卡瑞利珠单抗,注射用卡瑞利珠单抗联合化疗用于三阴性乳腺癌的新辅助治疗。,https://www.cde.org.cn/main/xxgk/listpage/4b5255eb0a84820cef4ca3e8b6bbe20c,FIRST_OBSERVED_SNAPSHOT_DATE,,,2026-09-30T17:29:59+08:00,CXSL2000089,2,,COMPLETE,5f98c794ec045c5abb22f945adbd3820,UNMAPPED_EXACT_NAME_REQUIRED
临床试验默示许可,official:5fa451d4a3f6feb4aeed13d68a60ff6b,江苏恒瑞医药股份有限公司;江苏恒瑞医药股份有限公司,SHR2150胶囊,拟用于HIV-1感染患者的治疗的临床试验。,https://www.cde.org.cn/main/xxgk/listpage/4b5255eb0a84820cef4ca3e8b6bbe20c,FIRST_OBSERVED_SNAPSHOT_DATE,,,2026-09-30T17:29:59+08:00,CXHL2000577,1,,COMPLETE,5fa451d4a3f6feb4aeed13d68a60ff6b,UNMAPPED_EXACT_NAME_REQUIRED
临床试验默示许可,official:60406ed95e4ceaef6b9ee314a08e4761,江苏恒瑞医药股份有限公司;江苏恒瑞医药股份有限公司,脯氨酸恒格列净,本品用于射血分数降低的慢性心力衰竭（NYHAⅡ-Ⅳ级，LVEF≤40％）成人患者，降低心血管死亡、心力衰竭住院或紧急心衰就诊的风险。,https://www.cde.org.cn/main/xxgk/listpage/4b5255eb0a84820cef4ca3e8b6bbe20c,FIRST_OBSERVED_SNAPSHOT_DATE,,,2026-09-30T17:29:59+08:00,CXHL2000390,1,,COMPLETE,60406ed95e4ceaef6b9ee314a08e4761,UNMAPPED_EXACT_NAME_REQUIRED
临床试验默示许可,official:62fc86f1580c89a8ee8ffcc0dd211ef5,江苏恒瑞医药股份有限公司;江苏恒瑞医药股份有限公司;上海恒瑞医药有限公司,苹果酸法米替尼胶囊,本品联合SHR-1701注射液治疗不同种类晚期恶性实体瘤患者。,https://www.cde.org.cn/main/xxgk/listpage/4b5255eb0a84820cef4ca3e8b6bbe20c,FIRST_OBSERVED_SNAPSHOT_DATE,,,2026-09-30T17:29:59+08:00,CXHL2000329,1,,COMPLETE,62fc86f1580c89a8ee8ffcc0dd211ef5,UNMAPPED_EXACT_NAME_REQUIRED
临床试验默示许可,official:6327d3dd288daf2ee57d23104e1c0a7c,苏州盛迪亚生物医药有限公司;苏州盛迪亚生物医药有限公司;江苏恒瑞医药股份有限公司;上海恒瑞医药有限公司,SHR-1316注射液,SHR-1316联合卡铂和依托泊苷用于初治的广泛期小细胞肺癌患者。,https://www.cde.org.cn/main/xxgk/listpage/4b5255eb0a84820cef4ca3e8b6bbe20c,FIRST_OBSERVED_SNAPSHOT_DATE,,,2026-09-30T17:29:59+08:00,CXSL1900113,1,,COMPLETE,6327d3dd288daf2ee57d23104e1c0a7c,UNMAPPED_EXACT_NAME_REQUIRED
临床试验默示许可,official:63a9ce7038f4ec55f051d938ad97a47e,江苏恒瑞医药股份有限公司;江苏恒瑞医药股份有限公司;上海恒瑞医药有限公司,马来酸吡咯替尼片,本品用于治疗HER2异常的晚期/转移性胆道癌患者。,https://www.cde.org.cn/main/xxgk/listpage/4b5255eb0a84820cef4ca3e8b6bbe20c,FIRST_OBSERVED_SNAPSHOT_DATE,,,2026-09-30T17:29:59+08:00,CXHL2000311,2.4,,COMPLETE,63a9ce7038f4ec55f051d938ad97a47e,UNMAPPED_EXACT_NAME_REQUIRED
临床试验默示许可,official:64a7f5574b7410c8ad2eb39a2c45f1ec,江苏恒瑞医药股份有限公司;成都盛迪医药有限公司,HRS-5041片,本品联合注射用HS-20093用于治疗晚期前列腺癌患者。,https://www.cde.org.cn/main/xxgk/listpage/4b5255eb0a84820cef4ca3e8b6bbe20c,FIRST_OBSERVED_SNAPSHOT_DATE,,,2026-09-30T17:29:59+08:00,CXHL2500466,1,,COMPLETE,64a7f5574b7410c8ad2eb39a2c45f1ec,UNMAPPED_EXACT_NAME_REQUIRED
临床试验默示许可,official:64cf8ff31361bbacbe11639dd536235e,江苏恒瑞医药股份有限公司;江苏恒瑞医药股份有限公司;上海恒瑞医药有限公司,苹果酸法米替尼胶囊,本品联合SHR-1701注射液治疗不同种类晚期恶性实体瘤患者。,https://www.cde.org.cn/main/xxgk/listpage/4b5255eb0a84820cef4ca3e8b6bbe20c,FIRST_OBSERVED_SNAPSHOT_DATE,,,2026-09-30T17:29:59+08:00,CXHL2000330,1,,COMPLETE,64cf8ff31361bbacbe11639dd536235e,UNMAPPED_EXACT_NAME_REQUIRED
临床试验默示许可,official:65874c94eed9fb01291b017848c4124e,江苏恒瑞医药股份有限公司;成都盛迪医药有限公司,HRS-5041片,本品联合HRS-6208用于实体瘤的治疗。,https://www.cde.org.cn/main/xxgk/listpage/4b5255eb0a84820cef4ca3e8b6bbe20c,FIRST_OBSERVED_SNAPSHOT_DATE,,,2026-09-30T17:29:59+08:00,CXHL2501003,1,,COMPLETE,65874c94eed9fb01291b017848c4124e,UNMAPPED_EXACT_NAME_REQUIRED
临床试验默示许可,official:66344d3c96b7e7119f435c5c67a2a4b3,江苏恒瑞医药股份有限公司;江苏恒瑞医药股份有限公司;上海恒瑞医药有限公司,SHR6390片,本品拟联合来曲唑/阿那曲唑用于HR阳性，HER2阴性的经内分泌治疗后进展的复发或转移性乳腺癌的治疗。,https://www.cde.org.cn/main/xxgk/listpage/4b5255eb0a84820cef4ca3e8b6bbe20c,FIRST_OBSERVED_SNAPSHOT_DATE,,,2026-09-30T17:29:59+08:00,CXHL1900241,1,,COMPLETE,66344d3c96b7e7119f435c5c67a2a4b3,UNMAPPED_EXACT_NAME_REQUIRED
临床试验默示许可,official:669a71bf697b513b405ddfe71ed81867,江苏恒瑞医药股份有限公司;江苏恒瑞医药股份有限公司;上海恒瑞医药有限公司,甲磺酸阿帕替尼片,本品拟联合氟唑帕利胶囊治疗复发性卵巢癌,https://www.cde.org.cn/main/xxgk/listpage/4b5255eb0a84820cef4ca3e8b6bbe20c,FIRST_OBSERVED_SNAPSHOT_DATE,,,2026-09-30T17:29:59+08:00,CXHL2000221,2.4,,COMPLETE,669a71bf697b513b405ddfe71ed81867,UNMAPPED_EXACT_NAME_REQUIRED
临床试验默示许可,official:67412669b9bf6c3ca5d698e5ed0033f0,江苏恒瑞医药股份有限公司;江苏恒瑞医药股份有限公司;上海恒瑞医药有限公司,甲磺酸阿帕替尼片,本品拟联合氟唑帕利胶囊治疗伴有BRCA1/2突变的HER2阴性转移性乳腺癌。,https://www.cde.org.cn/main/xxgk/listpage/4b5255eb0a84820cef4ca3e8b6bbe20c,FIRST_OBSERVED_SNAPSHOT_DATE,,,2026-09-30T17:29:59+08:00,CXHL1900409,2.4,,COMPLETE,67412669b9bf6c3ca5d698e5ed0033f0,UNMAPPED_EXACT_NAME_REQUIRED
临床试验默示许可,official:695470ee461b11f28ca216c7423eea5c,江苏恒瑞医药股份有限公司;江苏恒瑞医药股份有限公司,布比卡因脂质体注射液,成人腹横肌平面阻滞产生术后区域镇痛。,https://www.cde.org.cn/main/xxgk/listpage/4b5255eb0a84820cef4ca3e8b6bbe20c,FIRST_OBSERVED_SNAPSHOT_DATE,,,2026-09-30T17:29:59+08:00,CXHL2300410,2.4,,COMPLETE,695470ee461b11f28ca216c7423eea5c,UNMAPPED_EXACT_NAME_REQUIRED
临床试验默示许可,official:699a8058ead5a6c602c866aa157fabca,江苏恒瑞医药股份有限公司;江苏恒瑞医药股份有限公司;上海恒瑞医药有限公司,甲磺酸阿帕替尼片,本品拟联合注射用卡瑞利珠单抗用于治疗晚期肝细胞癌患者,https://www.cde.org.cn/main/xxgk/listpage/4b5255eb0a84820cef4ca3e8b6bbe20c,FIRST_OBSERVED_SNAPSHOT_DATE,,,2026-09-30T17:29:59+08:00,CXHL2000101,2.4,,COMPLETE,699a8058ead5a6c602c866aa157fabca,UNMAPPED_EXACT_NAME_REQUIRED
临床试验默示许可,official:69f4afe8da91e1a8c7848f0fb38ebdf2,上海恒瑞医药有限公司;江苏恒瑞医药股份有限公司,HRS2398片,晚期恶性实体瘤,https://www.cde.org.cn/main/xxgk/listpage/4b5255eb0a84820cef4ca3e8b6bbe20c,FIRST_OBSERVED_SNAPSHOT_DATE,,,2026-09-30T17:29:59+08:00,CXHL2101131,化学药品第1类,,COMPLETE,69f4afe8da91e1a8c7848f0fb38ebdf2,UNMAPPED_EXACT_NAME_REQUIRED
临床试验默示许可,official:6a1534ce2df1bdc48fea4e61127e01b9,江苏恒瑞医药股份有限公司;江苏恒瑞医药股份有限公司,SHR4640片,本品为URAT1选择性抑制剂，主要应用于高尿酸血症的治疗。,https://www.cde.org.cn/main/xxgk/listpage/4b5255eb0a84820cef4ca3e8b6bbe20c,FIRST_OBSERVED_SNAPSHOT_DATE,,,2026-09-30T17:29:59+08:00,CXHB2100032,1,,COMPLETE,6a1534ce2df1bdc48fea4e61127e01b9,UNMAPPED_EXACT_NAME_REQUIRED
临床试验默示许可,official:6a9f32d8b528b0117bc54267e5ed5390,江苏恒瑞医药股份有限公司;江苏恒瑞医药股份有限公司,马来酸吡咯替尼片,本品单药拟用于HER2突变的、既往接受过标准化疗的晚期非小细胞肺腺癌患者的治疗。,https://www.cde.org.cn/main/xxgk/listpage/4b5255eb0a84820cef4ca3e8b6bbe20c,FIRST_OBSERVED_SNAPSHOT_DATE,,,2026-09-30T17:29:59+08:00,CXHB2000076,2.4,,COMPLETE,6a9f32d8b528b0117bc54267e5ed5390,UNMAPPED_EXACT_NAME_REQUIRED
临床试验默示许可,official:6c0d678db86be0f1cb7c15e3c3ea0a05,江苏恒瑞医药股份有限公司;江苏恒瑞医药股份有限公司,苹果酸法米替尼胶囊,既往系统化疗失败的广泛期小细胞肺癌,https://www.cde.org.cn/main/xxgk/listpage/4b5255eb0a84820cef4ca3e8b6bbe20c,FIRST_OBSERVED_SNAPSHOT_DATE,,,2026-09-30T17:29:59+08:00,CXHL2000646,化学药品第1类,,COMPLETE,6c0d678db86be0f1cb7c15e3c3ea0a05,UNMAPPED_EXACT_NAME_REQUIRED
临床试验默示许可,official:6cb10bfe81a42220a30b97ace88c0e49,江苏恒瑞医药股份有限公司;江苏恒瑞医药股份有限公司,SHR2285片,预防或治疗动静脉血栓，以及降低介入治疗或体外循环引起的血栓栓塞风险。,https://www.cde.org.cn/main/xxgk/listpage/4b5255eb0a84820cef4ca3e8b6bbe20c,FIRST_OBSERVED_SNAPSHOT_DATE,,,2026-09-30T17:29:59+08:00,CXHB2100050,1类,,COMPLETE,6cb10bfe81a42220a30b97ace88c0e49,UNMAPPED_EXACT_NAME_REQUIRED
临床试验默示许可,official:6d3f4aa0fbefd3e33203b1de5b91888a,江苏恒瑞医药股份有限公司;成都盛迪医药有限公司,HRS-5041片,本品联合或不联合注射用SHR4394联合或不联合二代AR抑制剂用于前列腺癌。,https://www.cde.org.cn/main/xxgk/listpage/4b5255eb0a84820cef4ca3e8b6bbe20c,FIRST_OBSERVED_SNAPSHOT_DATE,,,2026-09-30T17:29:59+08:00,CXHL2501068,1,,COMPLETE,6d3f4aa0fbefd3e33203b1de5b91888a,UNMAPPED_EXACT_NAME_REQUIRED
临床试验默示许可,official:6f7804e93ed09940a5fdbe1d25d6bb19,江苏恒瑞医药股份有限公司;江苏恒瑞医药股份有限公司,诺利糖肽注射液,2型糖尿病,https://www.cde.org.cn/main/xxgk/listpage/4b5255eb0a84820cef4ca3e8b6bbe20c,FIRST_OBSERVED_SNAPSHOT_DATE,,,2026-09-30T17:29:59+08:00,CXHB2100040,原1.1,,COMPLETE,6f7804e93ed09940a5fdbe1d25d6bb19,UNMAPPED_EXACT_NAME_REQUIRED
临床试验默示许可,official:703dffdf86e68d6398c7a80593c6a6bd,江苏恒瑞医药股份有限公司;江苏恒瑞医药股份有限公司,氟唑帕利胶囊,本品联合mFOLFIRINOX化疗用于胰腺癌新辅助和辅助化疗。,https://www.cde.org.cn/main/xxgk/listpage/4b5255eb0a84820cef4ca3e8b6bbe20c,FIRST_OBSERVED_SNAPSHOT_DATE,,,2026-09-30T17:29:59+08:00,CXHL2000354,1,,COMPLETE,703dffdf86e68d6398c7a80593c6a6bd,UNMAPPED_EXACT_NAME_REQUIRED
临床试验默示许可,official:722a35f1447f26e76bc12b44cc4c8609,江苏恒瑞医药股份有限公司;江苏恒瑞医药股份有限公司,甲磺酸阿帕替尼片,本品联合注射用卡瑞利珠单抗用于肝癌根治性手术或消融后伴高复发风险人群辅助治疗。,https://www.cde.org.cn/main/xxgk/listpage/4b5255eb0a84820cef4ca3e8b6bbe20c,FIRST_OBSERVED_SNAPSHOT_DATE,,,2026-09-30T17:29:59+08:00,CXHL2000360,2.4,,COMPLETE,722a35f1447f26e76bc12b44cc4c8609,UNMAPPED_EXACT_NAME_REQUIRED
临床试验默示许可,official:72e34b5795519ec42d452681a525a7d6,江苏恒瑞医药股份有限公司;江苏恒瑞医药股份有限公司,盐酸伊立替康脂质体注射液,本品联合奥沙利铂、5-氟尿嘧啶/亚叶酸钙、贝伐珠单抗用于不可手术切除的转移性结直肠癌患者的一线治疗。,https://www.cde.org.cn/main/xxgk/listpage/4b5255eb0a84820cef4ca3e8b6bbe20c,FIRST_OBSERVED_SNAPSHOT_DATE,,,2026-09-30T17:29:59+08:00,CXHL2300434,2.2;2.4,,COMPLETE,72e34b5795519ec42d452681a525a7d6,UNMAPPED_EXACT_NAME_REQUIRED
临床试验默示许可,official:7327f5482c9bf313a0c58d94bf687e84,江苏恒瑞医药股份有限公司;江苏恒瑞医药股份有限公司;上海恒瑞医药有限公司,SHR6390片,本品拟联合来曲唑/阿那曲唑用于HR阳性，HER2阴性的经内分泌治疗后进展的复发或转移性乳腺癌的治疗。,https://www.cde.org.cn/main/xxgk/listpage/4b5255eb0a84820cef4ca3e8b6bbe20c,FIRST_OBSERVED_SNAPSHOT_DATE,,,2026-09-30T17:29:59+08:00,CXHL1900240,1,,COMPLETE,7327f5482c9bf313a0c58d94bf687e84,UNMAPPED_EXACT_NAME_REQUIRED
临床试验默示许可,official:74190ea32f31338cf196a01b4f377bff,江苏恒瑞医药股份有限公司;江苏恒瑞医药股份有限公司;上海恒瑞医药有限公司,马来酸吡咯替尼片,本品单药拟用于表皮生长因子受体2（HER2）阳性早期或局部晚期乳腺癌患者经曲妥珠单抗辅助治疗后的延长阶段的辅助治疗。,https://www.cde.org.cn/main/xxgk/listpage/4b5255eb0a84820cef4ca3e8b6bbe20c,FIRST_OBSERVED_SNAPSHOT_DATE,,,2026-09-30T17:29:59+08:00,CXHB2000020,2.4,,COMPLETE,74190ea32f31338cf196a01b4f377bff,UNMAPPED_EXACT_NAME_REQUIRED
临床试验默示许可,official:7439bb03b68c61de4ee0c5bf08407a7b,江苏恒瑞医药股份有限公司;江苏恒瑞医药股份有限公司;上海恒瑞医药有限公司,甲磺酸阿帕替尼片,甲磺酸阿帕替尼片与吉非替尼片联合用于一线治疗IIIB-IV期EGFR基因突变型非鳞非小细胞肺癌,https://www.cde.org.cn/main/xxgk/listpage/4b5255eb0a84820cef4ca3e8b6bbe20c,FIRST_OBSERVED_SNAPSHOT_DATE,,,2026-09-30T17:29:59+08:00,CXHL1900324,2.4,,COMPLETE,7439bb03b68c61de4ee0c5bf08407a7b,UNMAPPED_EXACT_NAME_REQUIRED
临床试验默示许可,official:7457cdcd32bed3542f7df371a3ca21ca,江苏恒瑞医药股份有限公司;江苏恒瑞医药股份有限公司,诺利糖肽注射液,在饮食运动控制基础上，用于肥胖(（BMI≥28）)或超重（BMI≥24）合并至少一个体重相关并发症（如高血压、2型糖尿病、血脂异常等）的治疗。,https://www.cde.org.cn/main/xxgk/listpage/4b5255eb0a84820cef4ca3e8b6bbe20c,FIRST_OBSERVED_SNAPSHOT_DATE,,,2026-09-30T17:29:59+08:00,CXHB2200191,原1.1,,COMPLETE,7457cdcd32bed3542f7df371a3ca21ca,UNMAPPED_EXACT_NAME_REQUIRED
临床试验默示许可,official:74dfeb60617bfb50537470d66fc11d99,江苏恒瑞医药股份有限公司;江苏恒瑞医药股份有限公司;上海恒瑞医药有限公司,苹果酸法米替尼胶囊,"本品与注射用卡瑞利珠单抗、培美曲塞和卡铂联合，用于既往未接受过系统治疗的EGFR/ALK野生
型的晚期或转移性非鳞癌非小细胞肺癌",https://www.cde.org.cn/main/xxgk/listpage/4b5255eb0a84820cef4ca3e8b6bbe20c,FIRST_OBSERVED_SNAPSHOT_DATE,,,2026-09-30T17:29:59+08:00,CXHL2000326,1,,COMPLETE,74dfeb60617bfb50537470d66fc11d99,UNMAPPED_EXACT_NAME_REQUIRED
临床试验默示许可,official:7505af8549cd37514f3996e7cffed8e3,江苏恒瑞医药股份有限公司;上海璎黎药业有限公司,YY-20394片,联合MIL62注射液用于复发难治B细胞非霍奇金淋巴瘤患者,https://www.cde.org.cn/main/xxgk/listpage/4b5255eb0a84820cef4ca3e8b6bbe20c,FIRST_OBSERVED_SNAPSHOT_DATE,,,2026-09-30T17:29:59+08:00,CXHL2101580,化学药品1类,,COMPLETE,7505af8549cd37514f3996e7cffed8e3,UNMAPPED_EXACT_NAME_REQUIRED
临床试验默示许可,official:757e1c34c1c12ef12861cee445ac5ff3,苏州盛迪亚生物医药有限公司;苏州盛迪亚生物医药有限公司;江苏恒瑞医药股份有限公司;上海恒瑞医药有限公司,SHR-1316注射液,SHR-1316注射液联合氟唑帕利胶囊及替莫唑胺胶囊治疗复发性小细胞肺癌,https://www.cde.org.cn/main/xxgk/listpage/4b5255eb0a84820cef4ca3e8b6bbe20c,FIRST_OBSERVED_SNAPSHOT_DATE,,,2026-09-30T17:29:59+08:00,CXSL2000040,1,,COMPLETE,757e1c34c1c12ef12861cee445ac5ff3,UNMAPPED_EXACT_NAME_REQUIRED
临床试验默示许可,official:778ec7b0f03decdd818c79e05ce427e2,eVENUS PHARMACEUTICAL LABORATORIES INC.;江苏恒瑞医药股份有限公司,SHR8028滴眼液,干眼症,https://www.cde.org.cn/main/xxgk/listpage/4b5255eb0a84820cef4ca3e8b6bbe20c,FIRST_OBSERVED_SNAPSHOT_DATE,,,2026-09-30T17:29:59+08:00,JXHL2000278,2.2,,COMPLETE,778ec7b0f03decdd818c79e05ce427e2,UNMAPPED_EXACT_NAME_REQUIRED
临床试验默示许可,official:77be38823dc3869eb0a5169979637c8c,福建盛迪医药有限公司;江苏恒瑞医药股份有限公司;北京拓界生物医药科技有限公司,HRS-4729注射液,慢性肾脏病,https://www.cde.org.cn/main/xxgk/listpage/4b5255eb0a84820cef4ca3e8b6bbe20c,FIRST_OBSERVED_SNAPSHOT_DATE,,,2026-09-30T17:29:59+08:00,CXHL2600851,1,,COMPLETE,77be38823dc3869eb0a5169979637c8c,UNMAPPED_EXACT_NAME_REQUIRED
临床试验默示许可,official:790c06267a4ec06e16aca61c171dfe4f,江苏恒瑞医药股份有限公司;江苏恒瑞医药股份有限公司,氟唑帕利胶囊,本品拟用于联合mFOLFIRINOX化疗并序贯氟唑帕利胶囊单药维持治疗晚期胰腺癌。,https://www.cde.org.cn/main/xxgk/listpage/4b5255eb0a84820cef4ca3e8b6bbe20c,FIRST_OBSERVED_SNAPSHOT_DATE,,,2026-09-30T17:29:59+08:00,CXHL2000016,1,,COMPLETE,790c06267a4ec06e16aca61c171dfe4f,UNMAPPED_EXACT_NAME_REQUIRED
临床试验默示许可,official:79f1e149ff73cc694bbf4698ba18e4fb,江苏恒瑞医药股份有限公司;江苏恒瑞医药股份有限公司,甲磺酸阿帕替尼片,转移性去势抵抗性前列腺癌,https://www.cde.org.cn/main/xxgk/listpage/4b5255eb0a84820cef4ca3e8b6bbe20c,FIRST_OBSERVED_SNAPSHOT_DATE,,,2026-09-30T17:29:59+08:00,CXHL2000623,化学药品第2.4类,,COMPLETE,79f1e149ff73cc694bbf4698ba18e4fb,UNMAPPED_EXACT_NAME_REQUIRED
临床试验默示许可,official:7ad32821de910f014cf37d3a49bf1736,江苏恒瑞医药股份有限公司;江苏恒瑞医药股份有限公司,注射用甲苯磺酸瑞马唑仑,本品适用于支气管镜诊疗镇静,https://www.cde.org.cn/main/xxgk/listpage/4b5255eb0a84820cef4ca3e8b6bbe20c,FIRST_OBSERVED_SNAPSHOT_DATE,,,2026-09-30T17:29:59+08:00,CXHL2000074,2.4,,COMPLETE,7ad32821de910f014cf37d3a49bf1736,UNMAPPED_EXACT_NAME_REQUIRED
临床试验默示许可,official:7b16850121aebf7a0a16829a29909d8f,江苏恒瑞医药股份有限公司;江苏恒瑞医药股份有限公司;上海恒瑞医药有限公司,马来酸吡咯替尼片,本品单药拟用于表皮生长因子受体2（HER2）阳性早期或局部晚期乳腺癌患者经曲妥珠单抗辅助治疗后的延长阶段的辅助治疗,https://www.cde.org.cn/main/xxgk/listpage/4b5255eb0a84820cef4ca3e8b6bbe20c,FIRST_OBSERVED_SNAPSHOT_DATE,,,2026-09-30T17:29:59+08:00,CXHL1900299,2.4,,COMPLETE,7b16850121aebf7a0a16829a29909d8f,UNMAPPED_EXACT_NAME_REQUIRED
临床试验默示许可,official:7b31e942f96bcbd6663d208575a20771,江苏恒瑞医药股份有限公司;江苏恒瑞医药股份有限公司,氟唑帕利胶囊,本品拟用于联合醋酸阿比特龙联合，治疗既往未接受过新型雄激素受体（AR）靶向药物治疗的转移性去势抵抗性前列腺癌（mCRPC）。,https://www.cde.org.cn/main/xxgk/listpage/4b5255eb0a84820cef4ca3e8b6bbe20c,FIRST_OBSERVED_SNAPSHOT_DATE,,,2026-09-30T17:29:59+08:00,CXHL1900333,1,,COMPLETE,7b31e942f96bcbd6663d208575a20771,UNMAPPED_EXACT_NAME_REQUIRED
临床试验默示许可,official:7b70c665db66375057af387bc1855244,江苏恒瑞医药股份有限公司;成都盛迪医药有限公司,HRS-5041片,本品联合HRS-6208用于实体瘤的治疗。,https://www.cde.org.cn/main/xxgk/listpage/4b5255eb0a84820cef4ca3e8b6bbe20c,FIRST_OBSERVED_SNAPSHOT_DATE,,,2026-09-30T17:29:59+08:00,CXHL2501002,1,,COMPLETE,7b70c665db66375057af387bc1855244,UNMAPPED_EXACT_NAME_REQUIRED
临床试验默示许可,official:7baa06d58e3e3938f9fa434ad02a8f8d,江苏恒瑞医药股份有限公司;江苏恒瑞医药股份有限公司,SHR2150胶囊,拟用于HIV-1感染患者的治疗,https://www.cde.org.cn/main/xxgk/listpage/4b5255eb0a84820cef4ca3e8b6bbe20c,FIRST_OBSERVED_SNAPSHOT_DATE,,,2026-09-30T17:29:59+08:00,CXHL2000579,1,,COMPLETE,7baa06d58e3e3938f9fa434ad02a8f8d,UNMAPPED_EXACT_NAME_REQUIRED
临床试验默示许可,official:7cd6420afd48f564067e329c3dd3836f,江苏恒瑞医药股份有限公司;江苏恒瑞医药股份有限公司,布比卡因脂质体注射液,成人椎旁神经阻滞产生术后区域镇痛。,https://www.cde.org.cn/main/xxgk/listpage/4b5255eb0a84820cef4ca3e8b6bbe20c,FIRST_OBSERVED_SNAPSHOT_DATE,,,2026-09-30T17:29:59+08:00,CXHL2300405,2.4,,COMPLETE,7cd6420afd48f564067e329c3dd3836f,UNMAPPED_EXACT_NAME_REQUIRED
临床试验默示许可,official:7d304d2bde9ed22220a8ee0362a848ef,江苏恒瑞医药股份有限公司;江苏恒瑞医药股份有限公司,苹果酸法米替尼胶囊,本品联合注射用卡瑞利珠单抗用于治疗既往经过二线及以上治疗的晚期肾细胞癌。,https://www.cde.org.cn/main/xxgk/listpage/4b5255eb0a84820cef4ca3e8b6bbe20c,FIRST_OBSERVED_SNAPSHOT_DATE,,,2026-09-30T17:29:59+08:00,CXHL2000429,1,,COMPLETE,7d304d2bde9ed22220a8ee0362a848ef,UNMAPPED_EXACT_NAME_REQUIRED
临床试验默示许可,official:7d57de542e83028ea8a2f925972e5da4,江苏恒瑞医药股份有限公司;江苏恒瑞医药股份有限公司,SHR2285片,预防或治疗动静脉血栓，以及降低介入治疗或体外循环引起的血栓栓塞风险,https://www.cde.org.cn/main/xxgk/listpage/4b5255eb0a84820cef4ca3e8b6bbe20c,FIRST_OBSERVED_SNAPSHOT_DATE,,,2026-09-30T17:29:59+08:00,CXHB1900012,,,COMPLETE,7d57de542e83028ea8a2f925972e5da4,UNMAPPED_EXACT_NAME_REQUIRED
临床试验默示许可,official:7db70d16e70ac9fd2c86eac820474eb5,江苏恒瑞医药股份有限公司;江苏恒瑞医药股份有限公司,INS068注射液,本品拟用于1型和2型糖尿病的治疗。,https://www.cde.org.cn/main/xxgk/listpage/4b5255eb0a84820cef4ca3e8b6bbe20c,FIRST_OBSERVED_SNAPSHOT_DATE,,,2026-09-30T17:29:59+08:00,CXSB2200009,1,,COMPLETE,7db70d16e70ac9fd2c86eac820474eb5,UNMAPPED_EXACT_NAME_REQUIRED
临床试验默示许可,official:8047b989b29ee7aec6553d3e0e7be896,江苏恒瑞医药股份有限公司;江苏恒瑞医药股份有限公司,苹果酸法米替尼胶囊,本品联合注射用卡瑞利珠单抗和注射用紫杉醇（白蛋白结合型）用于治疗晚期实体肿瘤患者。,https://www.cde.org.cn/main/xxgk/listpage/4b5255eb0a84820cef4ca3e8b6bbe20c,FIRST_OBSERVED_SNAPSHOT_DATE,,,2026-09-30T17:29:59+08:00,CXHL2101470,1,,COMPLETE,8047b989b29ee7aec6553d3e0e7be896,UNMAPPED_EXACT_NAME_REQUIRED
临床试验默示许可,official:8209ee85b12f8c0f00ef8fba3998e417,上海恒瑞医药有限公司;江苏恒瑞医药股份有限公司,HRS-4642注射液,本品联合阿得贝利单抗或SHR-1701±贝伐珠单抗±SHR-8068±化疗±SHR-A2102±法米替尼，或联合SHR-7367±化疗±达尔西利±阿得贝利单抗，或联合SHR-A2102±SHR-7367±阿得贝利单抗，或联合法米替尼用于KRAS G12D突变的实体瘤,https://www.cde.org.cn/main/xxgk/listpage/4b5255eb0a84820cef4ca3e8b6bbe20c,FIRST_OBSERVED_SNAPSHOT_DATE,,,2026-09-30T17:29:59+08:00,CXHL2500820,1,,COMPLETE,8209ee85b12f8c0f00ef8fba3998e417,UNMAPPED_EXACT_NAME_REQUIRED
临床试验默示许可,official:8259a7bf1a2290ce8fbd02b1ee98d7bf,江苏恒瑞医药股份有限公司;江苏恒瑞医药股份有限公司,诺利糖肽注射液,本品为胰高血糖素样肽-1（Glucagon-like peptide-1，GLP-1）的类似物，主要用2型糖尿病的治疗。,https://www.cde.org.cn/main/xxgk/listpage/4b5255eb0a84820cef4ca3e8b6bbe20c,FIRST_OBSERVED_SNAPSHOT_DATE,,,2026-09-30T17:29:59+08:00,CXHB2101157,原1.1,,COMPLETE,8259a7bf1a2290ce8fbd02b1ee98d7bf,UNMAPPED_EXACT_NAME_REQUIRED
临床试验默示许可,official:834d6d68e1fd08000aa9d0f4f0d9e444,江苏恒瑞医药股份有限公司;江苏恒瑞医药股份有限公司;上海恒瑞医药有限公司,苹果酸法米替尼胶囊,本品联合注射用卡瑞利珠单抗治疗晚期实体瘤。,https://www.cde.org.cn/main/xxgk/listpage/4b5255eb0a84820cef4ca3e8b6bbe20c,FIRST_OBSERVED_SNAPSHOT_DATE,,,2026-09-30T17:29:59+08:00,CXHL2000007,1,,COMPLETE,834d6d68e1fd08000aa9d0f4f0d9e444,UNMAPPED_EXACT_NAME_REQUIRED
临床试验默示许可,official:8351c59d0e45fc4feb667a84f991f520,江苏恒瑞医药股份有限公司;上海恒瑞医药有限公司,HRS-7172片,本品联合HRS-4642\HRS-6093\HRS-7058\SHR-1826\FH-006\SHR-8068\贝伐珠单抗±化疗±阿得贝利单抗\ SHR-4610±SHR-9839(sc)，或联合阿得贝利单抗\SHR-4610±SHR-9839(sc) ±SHR-8068±贝伐珠单抗，或联合阿得贝利单抗\SHR-4610\SHR-9839(sc)\贝伐珠单抗\西妥昔单抗\尼妥珠单抗±尼妥珠单抗±化疗，或联合阿得贝利单抗+SHR-8068\贝伐珠单抗±化疗，或联合化疗+阿得贝利单抗\SHR-4610+贝伐珠单抗±SHR-8068，或联合其他标准治疗用于实体瘤的治疗,https://www.cde.org.cn/main/xxgk/listpage/4b5255eb0a84820cef4ca3e8b6bbe20c,FIRST_OBSERVED_SNAPSHOT_DATE,,,2026-09-30T17:29:59+08:00,CXHL2600589,化学药品:1类,,COMPLETE,8351c59d0e45fc4feb667a84f991f520,UNMAPPED_EXACT_NAME_REQUIRED
临床试验默示许可,official:84781b7e9fada9fd89a7cd5f2ffe752b,江苏恒瑞医药股份有限公司;江苏恒瑞医药股份有限公司,氟唑帕利胶囊,本品拟用于联合醋酸阿比特龙联合，治疗既往未接受过新型雄激素受体（AR）靶向药物治疗的转移性去势抵抗性前列腺癌（mCRPC）。,https://www.cde.org.cn/main/xxgk/listpage/4b5255eb0a84820cef4ca3e8b6bbe20c,FIRST_OBSERVED_SNAPSHOT_DATE,,,2026-09-30T17:29:59+08:00,CXHL1900330,1,,COMPLETE,84781b7e9fada9fd89a7cd5f2ffe752b,UNMAPPED_EXACT_NAME_REQUIRED
临床试验默示许可,official:8669dff2b4b2049958473ac9f59c14d8,江苏恒瑞医药股份有限公司;江苏恒瑞医药股份有限公司,氟唑帕利胶囊,本品拟用于联合mFOLFIRINOX化疗并序贯氟唑帕利胶囊单药维持治疗晚期胰腺癌。,https://www.cde.org.cn/main/xxgk/listpage/4b5255eb0a84820cef4ca3e8b6bbe20c,FIRST_OBSERVED_SNAPSHOT_DATE,,,2026-09-30T17:29:59+08:00,CXHL2000017,1,,COMPLETE,8669dff2b4b2049958473ac9f59c14d8,UNMAPPED_EXACT_NAME_REQUIRED
临床试验默示许可,official:8766777ae7be852a74a5b02256277776,福建盛迪医药有限公司;江苏恒瑞医药股份有限公司;北京拓界生物医药科技有限公司,HRS-4729注射液,代谢相关脂肪性肝病/代谢相关脂肪性肝炎。,https://www.cde.org.cn/main/xxgk/listpage/4b5255eb0a84820cef4ca3e8b6bbe20c,FIRST_OBSERVED_SNAPSHOT_DATE,,,2026-09-30T17:29:59+08:00,CXHL2500558,1,,COMPLETE,8766777ae7be852a74a5b02256277776,UNMAPPED_EXACT_NAME_REQUIRED
临床试验默示许可,official:876e527c52acfee9ea8f9da6f3a6643d,江苏恒瑞医药股份有限公司;江苏恒瑞医药股份有限公司;上海恒瑞医药有限公司,甲磺酸阿帕替尼片,甲磺酸阿帕替尼片与吉非替尼片联合用于一线治疗IIIB-IV期EGFR基因突变型非鳞非小细胞肺癌,https://www.cde.org.cn/main/xxgk/listpage/4b5255eb0a84820cef4ca3e8b6bbe20c,FIRST_OBSERVED_SNAPSHOT_DATE,,,2026-09-30T17:29:59+08:00,CXHL1900325,2.4,,COMPLETE,876e527c52acfee9ea8f9da6f3a6643d,UNMAPPED_EXACT_NAME_REQUIRED
临床试验默示许可,official:88c3cc62b34bc735eb6c935b05789f49,江苏恒瑞医药股份有限公司;江苏恒瑞医药股份有限公司;上海恒瑞医药有限公司,甲磺酸阿帕替尼片,甲磺酸阿帕替尼片联合依托泊苷胶囊治疗含铂方案治疗失败的复发性卵巢癌。,https://www.cde.org.cn/main/xxgk/listpage/4b5255eb0a84820cef4ca3e8b6bbe20c,FIRST_OBSERVED_SNAPSHOT_DATE,,,2026-09-30T17:29:59+08:00,CXHL1900286,2.4,,COMPLETE,88c3cc62b34bc735eb6c935b05789f49,UNMAPPED_EXACT_NAME_REQUIRED
临床试验默示许可,official:8a2e01f104b7dc072a5543bb974fa87f,苏州盛迪亚生物医药有限公司;苏州盛迪亚生物医药有限公司;江苏恒瑞医药股份有限公司;上海恒瑞医药有限公司,注射用卡瑞利珠单抗,注射用卡瑞利珠单抗联合甲磺酸阿帕替尼片用于晚期肝细胞癌患者的治疗。,https://www.cde.org.cn/main/xxgk/listpage/4b5255eb0a84820cef4ca3e8b6bbe20c,FIRST_OBSERVED_SNAPSHOT_DATE,,,2026-09-30T17:29:59+08:00,CXSL2000047,1,,COMPLETE,8a2e01f104b7dc072a5543bb974fa87f,UNMAPPED_EXACT_NAME_REQUIRED
临床试验默示许可,official:8b17632d551493e0ee7f873d183f4bd3,江苏恒瑞医药股份有限公司;江苏恒瑞医药股份有限公司,氟唑帕利胶囊,氟唑帕利胶囊联合替莫唑胺胶囊±抗PD-L1抗体SHR-1316治疗复发性小细胞肺癌。,https://www.cde.org.cn/main/xxgk/listpage/4b5255eb0a84820cef4ca3e8b6bbe20c,FIRST_OBSERVED_SNAPSHOT_DATE,,,2026-09-30T17:29:59+08:00,CXHL2000083,1,,COMPLETE,8b17632d551493e0ee7f873d183f4bd3,UNMAPPED_EXACT_NAME_REQUIRED
临床试验默示许可,official:8b68ea2125d92c68119626ff71f1552c,上海恒瑞医药有限公司;江苏恒瑞医药股份有限公司;苏州盛迪亚生物医药有限公司,SHR-1316注射液,盐酸伊立替康脂质体联合SHR-1316及5-FU用于一线治疗晚期食管癌,https://www.cde.org.cn/main/xxgk/listpage/4b5255eb0a84820cef4ca3e8b6bbe20c,FIRST_OBSERVED_SNAPSHOT_DATE,,,2026-09-30T17:29:59+08:00,CXSL1900073,1,,COMPLETE,8b68ea2125d92c68119626ff71f1552c,UNMAPPED_EXACT_NAME_REQUIRED
临床试验默示许可,official:8bf57af41c42fde55215e856301a2722,江苏恒瑞医药股份有限公司;江苏恒瑞医药股份有限公司,苹果酸法米替尼胶囊,晚期实体瘤,https://www.cde.org.cn/main/xxgk/listpage/4b5255eb0a84820cef4ca3e8b6bbe20c,FIRST_OBSERVED_SNAPSHOT_DATE,,,2026-09-30T17:29:59+08:00,CXHB2000146,化学药品第1类,,COMPLETE,8bf57af41c42fde55215e856301a2722,UNMAPPED_EXACT_NAME_REQUIRED
临床试验默示许可,official:8bf7d44a494cb8069ab4403fa1bad611,成都盛迪医药有限公司;江苏恒瑞医药股份有限公司,HRS-5041片,前列腺癌；HRS-5041片联合醋酸阿比特龙片（Ⅱ）和泼尼松片或联合多西他赛和泼尼松片或联合HRS-1167片或联合SHR2554片用于治疗晚期前列腺癌患者；联合HRS-2189用于恶性肿瘤的治疗；联合注射用HS-20093用于治疗晚期前列腺癌患者；联合HRS-6208用于实体瘤的治疗；联合或不联合注射用SHR4394联合或不联合二代AR抑制剂用于前列腺癌；联合HRS-4357用于治疗前列腺特异性膜抗原(PSMA)阳性的前列腺癌成人患者。,https://www.cde.org.cn/main/xxgk/listpage/4b5255eb0a84820cef4ca3e8b6bbe20c,FIRST_OBSERVED_SNAPSHOT_DATE,,,2026-09-30T17:29:59+08:00,CXHB2600058,1,,COMPLETE,8bf7d44a494cb8069ab4403fa1bad611,UNMAPPED_EXACT_NAME_REQUIRED
临床试验默示许可,official:8c20ebd3b26f51db6465a7b73427d5d9,江苏恒瑞医药股份有限公司;江苏恒瑞医药股份有限公司,氟唑帕利胶囊,本品拟用于联合SHR3680治疗既往醋酸阿比特龙和多西他赛治疗失败的转移性去势抵抗性前列腺癌（mCRPC）。,https://www.cde.org.cn/main/xxgk/listpage/4b5255eb0a84820cef4ca3e8b6bbe20c,FIRST_OBSERVED_SNAPSHOT_DATE,,,2026-09-30T17:29:59+08:00,CXHL1900037,1,,COMPLETE,8c20ebd3b26f51db6465a7b73427d5d9,UNMAPPED_EXACT_NAME_REQUIRED
临床试验默示许可,official:8c537e957f8df921c2fcab6ffb2ac75f,江苏恒瑞医药股份有限公司;江苏恒瑞医药股份有限公司,HR17031注射液,配合饮食控制和运动，用于改善2型糖尿病患者的血糖控制。,https://www.cde.org.cn/main/xxgk/listpage/4b5255eb0a84820cef4ca3e8b6bbe20c,FIRST_OBSERVED_SNAPSHOT_DATE,,,2026-09-30T17:29:59+08:00,CXSB2200012,1,,COMPLETE,8c537e957f8df921c2fcab6ffb2ac75f,UNMAPPED_EXACT_NAME_REQUIRED
临床试验默示许可,official:8db3ee63c9d25846a415af0ad7e0f1e6,苏州盛迪亚生物医药有限公司;苏州盛迪亚生物医药有限公司;江苏恒瑞医药股份有限公司;上海恒瑞医药有限公司,注射用卡瑞利珠单抗,注射用卡瑞利珠单抗联合苹果酸法米替尼胶囊治疗晚期实体瘤。,https://www.cde.org.cn/main/xxgk/listpage/4b5255eb0a84820cef4ca3e8b6bbe20c,FIRST_OBSERVED_SNAPSHOT_DATE,,,2026-09-30T17:29:59+08:00,CXSL2000006,1,,COMPLETE,8db3ee63c9d25846a415af0ad7e0f1e6,UNMAPPED_EXACT_NAME_REQUIRED
临床试验默示许可,official:8e1e0c145a80fb55009bdf86ce93a508,江苏恒瑞医药股份有限公司;江苏恒瑞医药股份有限公司;苏州盛迪亚生物医药有限公司,SHR2150胶囊,本品拟用于晚期恶性肿瘤的治疗。,https://www.cde.org.cn/main/xxgk/listpage/4b5255eb0a84820cef4ca3e8b6bbe20c,FIRST_OBSERVED_SNAPSHOT_DATE,,,2026-09-30T17:29:59+08:00,CXHL1800169,1,,COMPLETE,8e1e0c145a80fb55009bdf86ce93a508,UNMAPPED_EXACT_NAME_REQUIRED
临床试验默示许可,official:8eab7a099135eb60cebb678adfec6587,江苏恒瑞医药股份有限公司;江苏恒瑞医药股份有限公司;苏州盛迪亚生物医药有限公司,SHR2150胶囊,本品拟用于晚期恶性肿瘤的治疗。,https://www.cde.org.cn/main/xxgk/listpage/4b5255eb0a84820cef4ca3e8b6bbe20c,FIRST_OBSERVED_SNAPSHOT_DATE,,,2026-09-30T17:29:59+08:00,CXHL1800170,1,,COMPLETE,8eab7a099135eb60cebb678adfec6587,UNMAPPED_EXACT_NAME_REQUIRED
临床试验默示许可,official:8eccfc713c3970440589281d35c12368,江苏恒瑞医药股份有限公司;江苏恒瑞医药股份有限公司,INS068注射液,用于1型和2型糖尿病的治疗,https://www.cde.org.cn/main/xxgk/listpage/4b5255eb0a84820cef4ca3e8b6bbe20c,FIRST_OBSERVED_SNAPSHOT_DATE,,,2026-09-30T17:29:59+08:00,CXSB2100013,治疗用生物制品,,COMPLETE,8eccfc713c3970440589281d35c12368,UNMAPPED_EXACT_NAME_REQUIRED
临床试验默示许可,official:8ef0de377c3ed4ff4276913a57bbdac4,江苏恒瑞医药股份有限公司;江苏恒瑞医药股份有限公司,HR19003贴剂,拟用于缓解带状疱疹后神经痛。,https://www.cde.org.cn/main/xxgk/listpage/4b5255eb0a84820cef4ca3e8b6bbe20c,FIRST_OBSERVED_SNAPSHOT_DATE,,,2026-09-30T17:29:59+08:00,CXHL2101163,2.2,,COMPLETE,8ef0de377c3ed4ff4276913a57bbdac4,UNMAPPED_EXACT_NAME_REQUIRED
临床试验默示许可,official:8efb2b681ace7bc8329b17f486d09d46,江苏恒瑞医药股份有限公司;上海恒瑞医药有限公司;苏州盛迪亚生物医药有限公司;成都新越医药有限公司,HRS9950片,本品临床拟用于慢性乙型肝炎的治疗。,https://www.cde.org.cn/main/xxgk/listpage/4b5255eb0a84820cef4ca3e8b6bbe20c,FIRST_OBSERVED_SNAPSHOT_DATE,,,2026-09-30T17:29:59+08:00,CXHL2000151,1,,COMPLETE,8efb2b681ace7bc8329b17f486d09d46,UNMAPPED_EXACT_NAME_REQUIRED
临床试验默示许可,official:90b730cc07fcd1ba9f7c3af0bb60a932,江苏恒瑞医药股份有限公司;江苏恒瑞医药股份有限公司,盐酸艾司氯胺酮注射液,麻醉,https://www.cde.org.cn/main/xxgk/listpage/4b5255eb0a84820cef4ca3e8b6bbe20c,FIRST_OBSERVED_SNAPSHOT_DATE,,,2026-09-30T17:29:59+08:00,CYHB2007906,3,,COMPLETE,90b730cc07fcd1ba9f7c3af0bb60a932,UNMAPPED_EXACT_NAME_REQUIRED
临床试验默示许可,official:90be26c277291c580525d2a50c45ae6b,江苏恒瑞医药股份有限公司;江苏恒瑞医药股份有限公司,氟唑帕利胶囊,本品拟用于联合SHR-1316治疗既往接受过一线含铂方案化疗且疾病进展的小细胞肺癌（SCLC）患者。,https://www.cde.org.cn/main/xxgk/listpage/4b5255eb0a84820cef4ca3e8b6bbe20c,FIRST_OBSERVED_SNAPSHOT_DATE,,,2026-09-30T17:29:59+08:00,CXHL1900306,1,,COMPLETE,90be26c277291c580525d2a50c45ae6b,UNMAPPED_EXACT_NAME_REQUIRED
临床试验默示许可,official:90ff3238499aef907724bf203872de1c,瑞石生物医药有限公司;江苏恒瑞医药股份有限公司,SHR0302片,本品拟用于溃疡性结肠炎的治疗,https://www.cde.org.cn/main/xxgk/listpage/4b5255eb0a84820cef4ca3e8b6bbe20c,FIRST_OBSERVED_SNAPSHOT_DATE,,,2026-09-30T17:29:59+08:00,CXHB2000090,1,,COMPLETE,90ff3238499aef907724bf203872de1c,UNMAPPED_EXACT_NAME_REQUIRED
临床试验默示许可,official:916b44ce8064ba403e86aace8a34ddee,江苏恒瑞医药股份有限公司;江苏恒瑞医药股份有限公司;上海恒瑞医药有限公司,SHR-2042,本品可用于2型糖尿病及肥胖症的治疗,https://www.cde.org.cn/main/xxgk/listpage/4b5255eb0a84820cef4ca3e8b6bbe20c,FIRST_OBSERVED_SNAPSHOT_DATE,,,2026-09-30T17:29:59+08:00,CXHB1800100,,,COMPLETE,916b44ce8064ba403e86aace8a34ddee,UNMAPPED_EXACT_NAME_REQUIRED
临床试验默示许可,official:91a404fe09227956d11d882ac3b90b4b,苏州盛迪亚生物医药有限公司;苏州盛迪亚生物医药有限公司;江苏恒瑞医药股份有限公司;上海恒瑞医药有限公司,注射用卡瑞利珠单抗,注射用卡瑞利珠单抗联合紫杉醇加卡铂一线治疗局部晚期或转移性（IIIB-IV期）鳞状非小细胞肺癌。,https://www.cde.org.cn/main/xxgk/listpage/4b5255eb0a84820cef4ca3e8b6bbe20c,FIRST_OBSERVED_SNAPSHOT_DATE,,,2026-09-30T17:29:59+08:00,CXSL1900063,1,,COMPLETE,91a404fe09227956d11d882ac3b90b4b,UNMAPPED_EXACT_NAME_REQUIRED
临床试验默示许可,official:920de12c207aa0aa623299713ff0c375,eVENUS PHARMACEUTICAL LABORATORIES INC.;江苏恒瑞医药股份有限公司,SHR8008胶囊,用于治疗急性外阴阴道假丝酵母菌病（VVC）,https://www.cde.org.cn/main/xxgk/listpage/4b5255eb0a84820cef4ca3e8b6bbe20c,FIRST_OBSERVED_SNAPSHOT_DATE,,,2026-09-30T17:29:59+08:00,JXHL2100013,1,,COMPLETE,920de12c207aa0aa623299713ff0c375,UNMAPPED_EXACT_NAME_REQUIRED
临床试验默示许可,official:92687c1c6fcc985acd26c9f490573490,江苏恒瑞医药股份有限公司;江苏恒瑞医药股份有限公司;上海恒瑞医药有限公司,SHR0302片,本品拟用于活动性强直性脊柱炎的治疗。,https://www.cde.org.cn/main/xxgk/listpage/4b5255eb0a84820cef4ca3e8b6bbe20c,FIRST_OBSERVED_SNAPSHOT_DATE,,,2026-09-30T17:29:59+08:00,CXHL2000051,1,,COMPLETE,92687c1c6fcc985acd26c9f490573490,UNMAPPED_EXACT_NAME_REQUIRED
临床试验默示许可,official:93b9f98168d771be1cb5b590e1f2e715,江苏恒瑞医药股份有限公司;江苏恒瑞医药股份有限公司,氟唑帕利胶囊,本品拟用于联合SHR-1316治疗既往接受过一线含铂方案化疗且疾病进展的小细胞肺癌（SCLC）患者。,https://www.cde.org.cn/main/xxgk/listpage/4b5255eb0a84820cef4ca3e8b6bbe20c,FIRST_OBSERVED_SNAPSHOT_DATE,,,2026-09-30T17:29:59+08:00,CXHL1900307,1,,COMPLETE,93b9f98168d771be1cb5b590e1f2e715,UNMAPPED_EXACT_NAME_REQUIRED
临床试验默示许可,official:954e6e944afc914006c9dccf379f359b,江苏恒瑞医药股份有限公司;江苏恒瑞医药股份有限公司,醋酸阿比特龙片（Ⅰ）,本品与泼尼松或泼尼松龙合用，治疗：转移性去势抵抗性前列腺癌（mCRPC）；新诊断的高危转移性内分泌治疗敏感性前列腺癌（mHSPC），包括未接受过内分泌治疗或接受内分泌治疗最长不超过3个月。,https://www.cde.org.cn/main/xxgk/listpage/4b5255eb0a84820cef4ca3e8b6bbe20c,FIRST_OBSERVED_SNAPSHOT_DATE,,,2026-09-30T17:29:59+08:00,CXHL1900427,2.2,,COMPLETE,954e6e944afc914006c9dccf379f359b,UNMAPPED_EXACT_NAME_REQUIRED
临床试验默示许可,official:966c3e6032e2dc68a5ba9e0ef6fbc415,江苏恒瑞医药股份有限公司;江苏恒瑞医药股份有限公司;上海恒瑞医药有限公司,海曲泊帕乙醇胺片,本品用于治疗肿瘤化疗所致血小板减少症。,https://www.cde.org.cn/main/xxgk/listpage/4b5255eb0a84820cef4ca3e8b6bbe20c,FIRST_OBSERVED_SNAPSHOT_DATE,,,2026-09-30T17:29:59+08:00,CXHL1900191,1,,COMPLETE,966c3e6032e2dc68a5ba9e0ef6fbc415,UNMAPPED_EXACT_NAME_REQUIRED
临床试验默示许可,official:975bb7bd66556ae113324c47f2220466,江苏恒瑞医药股份有限公司;成都盛迪医药有限公司,醋酸阿比特龙片（Ⅰ）,本品与泼尼松或泼尼松龙合用，治疗：转移性去势抵抗性前列腺癌（mCRPC）；新诊断的高危转移性内分泌治疗敏感性前列腺癌（mHSPC），包括未接受过内分泌治疗或接受内分泌治疗最长不超过3个月。,https://www.cde.org.cn/main/xxgk/listpage/4b5255eb0a84820cef4ca3e8b6bbe20c,FIRST_OBSERVED_SNAPSHOT_DATE,,,2026-09-30T17:29:59+08:00,CXHB2000073,2.2,,COMPLETE,975bb7bd66556ae113324c47f2220466,UNMAPPED_EXACT_NAME_REQUIRED
临床试验默示许可,official:983cd35d357c7ce6fb976b7ffe954600,江苏恒瑞医药股份有限公司;江苏恒瑞医药股份有限公司,氟唑帕利胶囊,本品拟用于联合SHR3680治疗既往醋酸阿比特龙和多西他赛治疗失败的转移性去势抵抗性前列腺癌（mCRPC）。,https://www.cde.org.cn/main/xxgk/listpage/4b5255eb0a84820cef4ca3e8b6bbe20c,FIRST_OBSERVED_SNAPSHOT_DATE,,,2026-09-30T17:29:59+08:00,CXHL1900036,1,,COMPLETE,983cd35d357c7ce6fb976b7ffe954600,UNMAPPED_EXACT_NAME_REQUIRED
临床试验默示许可,official:983e316a54f1890338e7a1083dbdb1e6,上海恒瑞医药有限公司;江苏恒瑞医药股份有限公司,HRS2543片,晚期恶性肿瘤,https://www.cde.org.cn/main/xxgk/listpage/4b5255eb0a84820cef4ca3e8b6bbe20c,FIRST_OBSERVED_SNAPSHOT_DATE,,,2026-09-30T17:29:59+08:00,CXHL2100036,1,,COMPLETE,983e316a54f1890338e7a1083dbdb1e6,UNMAPPED_EXACT_NAME_REQUIRED
临床试验默示许可,official:98c41fad916b5a2fd12f19dd904de150,江苏恒瑞医药股份有限公司;江苏恒瑞医药股份有限公司;上海恒瑞医药有限公司,SHR5126片,本品拟用于实体廇患者的治疗，具体适应证待临床试验确定。,https://www.cde.org.cn/main/xxgk/listpage/4b5255eb0a84820cef4ca3e8b6bbe20c,FIRST_OBSERVED_SNAPSHOT_DATE,,,2026-09-30T17:29:59+08:00,CXHL1900400,1,,COMPLETE,98c41fad916b5a2fd12f19dd904de150,UNMAPPED_EXACT_NAME_REQUIRED
临床试验默示许可,official:99a5ad5f22cd452d7f4b4c98786a5918,上海恒瑞医药有限公司;江苏恒瑞医药股份有限公司,HRS8807片,本品联合羟乙磺酸达尔西利片用于乳腺癌的治疗。,https://www.cde.org.cn/main/xxgk/listpage/4b5255eb0a84820cef4ca3e8b6bbe20c,FIRST_OBSERVED_SNAPSHOT_DATE,,,2026-09-30T17:29:59+08:00,CXHL2400090,1,,COMPLETE,99a5ad5f22cd452d7f4b4c98786a5918,UNMAPPED_EXACT_NAME_REQUIRED
临床试验默示许可,official:9ae2c673ebd2d1c69ee89f51aee8dd36,江苏恒瑞医药股份有限公司;江苏恒瑞医药股份有限公司;上海恒瑞医药有限公司,SHR5126片,本品拟用于实体廇患者的治疗，具体适应证待临床试验确定。,https://www.cde.org.cn/main/xxgk/listpage/4b5255eb0a84820cef4ca3e8b6bbe20c,FIRST_OBSERVED_SNAPSHOT_DATE,,,2026-09-30T17:29:59+08:00,CXHL1900399,1,,COMPLETE,9ae2c673ebd2d1c69ee89f51aee8dd36,UNMAPPED_EXACT_NAME_REQUIRED
临床试验默示许可,official:9af74e8b9c42ca033b4401a7d61b5231,上海恒瑞医药有限公司;江苏恒瑞医药股份有限公司,HRS-4642注射液,HRS-4642联合FH-006±阿得贝利单抗或SHR-1701±化疗治疗KRAS G12D突变的晚期或转移性实体瘤患者,https://www.cde.org.cn/main/xxgk/listpage/4b5255eb0a84820cef4ca3e8b6bbe20c,FIRST_OBSERVED_SNAPSHOT_DATE,,,2026-09-30T17:29:59+08:00,CXHL2500691,1,,COMPLETE,9af74e8b9c42ca033b4401a7d61b5231,UNMAPPED_EXACT_NAME_REQUIRED
临床试验默示许可,official:9b538eb7555b285daebca8ef47454317,江苏恒瑞医药股份有限公司;成都盛迪医药有限公司,HRS-5041片,本品联合注射用HS-20093用于治疗晚期前列腺癌患者。,https://www.cde.org.cn/main/xxgk/listpage/4b5255eb0a84820cef4ca3e8b6bbe20c,FIRST_OBSERVED_SNAPSHOT_DATE,,,2026-09-30T17:29:59+08:00,CXHL2500468,1,,COMPLETE,9b538eb7555b285daebca8ef47454317,UNMAPPED_EXACT_NAME_REQUIRED
临床试验默示许可,official:9ba00a1aea5370bab636c7996bf60900,江苏恒瑞医药股份有限公司;江苏恒瑞医药股份有限公司,苹果酸法米替尼胶囊,本品联合注射用卡瑞利珠单抗用于治疗既往经过二线及以上治疗的晚期肾细胞癌。,https://www.cde.org.cn/main/xxgk/listpage/4b5255eb0a84820cef4ca3e8b6bbe20c,FIRST_OBSERVED_SNAPSHOT_DATE,,,2026-09-30T17:29:59+08:00,CXHL2000430,1,,COMPLETE,9ba00a1aea5370bab636c7996bf60900,UNMAPPED_EXACT_NAME_REQUIRED
临床试验默示许可,official:9c82fe9593c0b985e1b470ded0ae7081,江苏恒瑞医药股份有限公司;江苏恒瑞医药股份有限公司;上海恒瑞医药有限公司,SHR6390片,本品拟联合氟维司群用于激素受体（HR）阳性、人表皮生长因子受体2（HER2）阴性的经内分泌治疗后进展的复发或转移性乳腺癌的治疗。,https://www.cde.org.cn/main/xxgk/listpage/4b5255eb0a84820cef4ca3e8b6bbe20c,FIRST_OBSERVED_SNAPSHOT_DATE,,,2026-09-30T17:29:59+08:00,CXHB2000047,1,,COMPLETE,9c82fe9593c0b985e1b470ded0ae7081,UNMAPPED_EXACT_NAME_REQUIRED
临床试验默示许可,official:9cc123fdfe21110391034178828317b2,江苏恒瑞医药股份有限公司;江苏恒瑞医药股份有限公司,海曲泊帕乙醇胺片,本品用于治疗肿瘤化疗所致血小板减少症。,https://www.cde.org.cn/main/xxgk/listpage/4b5255eb0a84820cef4ca3e8b6bbe20c,FIRST_OBSERVED_SNAPSHOT_DATE,,,2026-09-30T17:29:59+08:00,CXHB2101080,化学药品1类,,COMPLETE,9cc123fdfe21110391034178828317b2,UNMAPPED_EXACT_NAME_REQUIRED
临床试验默示许可,official:9db099bae4c8b52812d3a7c9aacf9d56,江苏恒瑞医药股份有限公司;江苏恒瑞医药股份有限公司,马来酸吡咯替尼片,本品用于治疗HER2异常的晚期/转移性胆道癌患者,https://www.cde.org.cn/main/xxgk/listpage/4b5255eb0a84820cef4ca3e8b6bbe20c,FIRST_OBSERVED_SNAPSHOT_DATE,,,2026-09-30T17:29:59+08:00,CXHB2000097,2.4,,COMPLETE,9db099bae4c8b52812d3a7c9aacf9d56,UNMAPPED_EXACT_NAME_REQUIRED
临床试验默示许可,official:9de50fc5ee890995368c29cf26e0cf08,上海恒瑞医药有限公司;江苏恒瑞医药股份有限公司,盐酸伊立替康脂质体注射液（Ⅱ）,本品联合奥沙利铂、5-氟尿嘧啶/亚叶酸钙、贝伐珠单抗用于不可手术切除的转移性结直肠癌患者的一线治疗,https://www.cde.org.cn/main/xxgk/listpage/4b5255eb0a84820cef4ca3e8b6bbe20c,FIRST_OBSERVED_SNAPSHOT_DATE,,,2026-09-30T17:29:59+08:00,CXHB2600188,,,COMPLETE,9de50fc5ee890995368c29cf26e0cf08,UNMAPPED_EXACT_NAME_REQUIRED
临床试验默示许可,official:a165ae71a579f31de5ce90fbf4e055ec,江苏恒瑞医药股份有限公司;江苏恒瑞医药股份有限公司,SHR0410注射液,急性、慢性疼痛和瘙痒,https://www.cde.org.cn/main/xxgk/listpage/4b5255eb0a84820cef4ca3e8b6bbe20c,FIRST_OBSERVED_SNAPSHOT_DATE,,,2026-09-30T17:29:59+08:00,CXHB2101124,1,,COMPLETE,a165ae71a579f31de5ce90fbf4e055ec,UNMAPPED_EXACT_NAME_REQUIRED
临床试验默示许可,official:a1c48d32e5273889ad96ecff81715b0a,江苏恒瑞医药股份有限公司;成都盛迪医药有限公司,HRS-5041片,前列腺癌,https://www.cde.org.cn/main/xxgk/listpage/4b5255eb0a84820cef4ca3e8b6bbe20c,FIRST_OBSERVED_SNAPSHOT_DATE,,,2026-09-30T17:29:59+08:00,CXHL2300308,1,,COMPLETE,a1c48d32e5273889ad96ecff81715b0a,UNMAPPED_EXACT_NAME_REQUIRED
临床试验默示许可,official:a1e48079875327acb979aaa1a8ff5135,上海恒瑞医药有限公司;江苏恒瑞医药股份有限公司,HRS-4642注射液,本品联合SHR-4375+阿得贝利单抗+贝伐珠单抗±SHR-8068用于实体瘤的治疗。,https://www.cde.org.cn/main/xxgk/listpage/4b5255eb0a84820cef4ca3e8b6bbe20c,FIRST_OBSERVED_SNAPSHOT_DATE,,,2026-09-30T17:29:59+08:00,CXHL2501052,1,,COMPLETE,a1e48079875327acb979aaa1a8ff5135,UNMAPPED_EXACT_NAME_REQUIRED
临床试验默示许可,official:a1e51a0858eac40a1edc1dbab22d4474,江苏恒瑞医药股份有限公司;江苏恒瑞医药股份有限公司;上海恒瑞医药有限公司,SHR6390片,本品拟联合苹果酸法米替尼胶囊治疗晚期实体瘤。,https://www.cde.org.cn/main/xxgk/listpage/4b5255eb0a84820cef4ca3e8b6bbe20c,FIRST_OBSERVED_SNAPSHOT_DATE,,,2026-09-30T17:29:59+08:00,CXHL2000087,1,,COMPLETE,a1e51a0858eac40a1edc1dbab22d4474,UNMAPPED_EXACT_NAME_REQUIRED
临床试验默示许可,official:a28a1dcbaa71eab2ed35510d445e5aa2,上海恒瑞医药有限公司;江苏恒瑞医药股份有限公司;苏州盛迪亚生物医药有限公司,注射用SHR-A1811,拟用于HER2表达或突变的晚期实体瘤，具体适应症待临床试验确定,https://www.cde.org.cn/main/xxgk/listpage/4b5255eb0a84820cef4ca3e8b6bbe20c,FIRST_OBSERVED_SNAPSHOT_DATE,,,2026-09-30T17:29:59+08:00,CXSL2000087,1,,COMPLETE,a28a1dcbaa71eab2ed35510d445e5aa2,UNMAPPED_EXACT_NAME_REQUIRED
临床试验默示许可,official:a2d5148a461c8ab4bb369b944659a6da,江苏恒瑞医药股份有限公司;江苏恒瑞医药股份有限公司;上海恒瑞医药有限公司,苹果酸法米替尼胶囊,本品拟联合SHR6390片用于晚期实体瘤的治疗。,https://www.cde.org.cn/main/xxgk/listpage/4b5255eb0a84820cef4ca3e8b6bbe20c,FIRST_OBSERVED_SNAPSHOT_DATE,,,2026-09-30T17:29:59+08:00,CXHL2000084,1,,COMPLETE,a2d5148a461c8ab4bb369b944659a6da,UNMAPPED_EXACT_NAME_REQUIRED
临床试验默示许可,official:a2dd3338ba161ba6f39a98dc396e0447,江苏恒瑞医药股份有限公司;江苏恒瑞医药股份有限公司;上海恒瑞医药有限公司,甲磺酸阿帕替尼片,本品拟联合氟唑帕利胶囊治疗复发性卵巢癌,https://www.cde.org.cn/main/xxgk/listpage/4b5255eb0a84820cef4ca3e8b6bbe20c,FIRST_OBSERVED_SNAPSHOT_DATE,,,2026-09-30T17:29:59+08:00,CXHL2000222,2.4,,COMPLETE,a2dd3338ba161ba6f39a98dc396e0447,UNMAPPED_EXACT_NAME_REQUIRED
临床试验默示许可,official:a31017733cb5567c3df64e091f33d5bf,上海恒瑞医药有限公司;江苏恒瑞医药股份有限公司,HRS-4642注射液,HRS-4642联合HRS-6719±阿得贝利单抗±SHR-9839（sc）±化疗用于实体瘤的治疗,https://www.cde.org.cn/main/xxgk/listpage/4b5255eb0a84820cef4ca3e8b6bbe20c,FIRST_OBSERVED_SNAPSHOT_DATE,,,2026-09-30T17:29:59+08:00,CXHL2600230,1,,COMPLETE,a31017733cb5567c3df64e091f33d5bf,UNMAPPED_EXACT_NAME_REQUIRED
临床试验默示许可,official:a434093917d0e9b857120cfa18d6b099,江苏恒瑞医药股份有限公司;江苏恒瑞医药股份有限公司;上海恒瑞医药有限公司,SHR9549片,本品临床拟用于ER 阳性、HER2 阴性的乳腺癌的治疗。,https://www.cde.org.cn/main/xxgk/listpage/4b5255eb0a84820cef4ca3e8b6bbe20c,FIRST_OBSERVED_SNAPSHOT_DATE,,,2026-09-30T17:29:59+08:00,CXHB1800067,,,COMPLETE,a434093917d0e9b857120cfa18d6b099,UNMAPPED_EXACT_NAME_REQUIRED
临床试验默示许可,official:a49e59c69566e33334cb5764dca60fcf,江苏恒瑞医药股份有限公司;江苏恒瑞医药股份有限公司;上海恒瑞医药有限公司,甲磺酸阿帕替尼片,本品拟联合注射用卡瑞利珠单抗用于经过一线系统化疗失败的晚期胃或胃食管结合部腺癌患者的治疗。,https://www.cde.org.cn/main/xxgk/listpage/4b5255eb0a84820cef4ca3e8b6bbe20c,FIRST_OBSERVED_SNAPSHOT_DATE,,,2026-09-30T17:29:59+08:00,CXHL2000009,2.4,,COMPLETE,a49e59c69566e33334cb5764dca60fcf,UNMAPPED_EXACT_NAME_REQUIRED
临床试验默示许可,official:a4c07f8ce00f338570e45f96e8ea0534,江苏恒瑞医药股份有限公司;江苏恒瑞医药股份有限公司;苏州盛迪亚生物医药有限公司;中国药科大学,DDO-3055片,本品临床拟用于慢性肾病所致贫血（包括透析和非透析）的治疗,https://www.cde.org.cn/main/xxgk/listpage/4b5255eb0a84820cef4ca3e8b6bbe20c,FIRST_OBSERVED_SNAPSHOT_DATE,,,2026-09-30T17:29:59+08:00,CXHL1900065,1,,COMPLETE,a4c07f8ce00f338570e45f96e8ea0534,UNMAPPED_EXACT_NAME_REQUIRED
临床试验默示许可,official:a4e86e1bbe53421f5184cb03bb5310d1,江苏恒瑞医药股份有限公司;江苏恒瑞医药股份有限公司;上海恒瑞医药有限公司,甲磺酸阿帕替尼片,本品拟联合氟唑帕利胶囊治疗伴有BRCA1/2突变的HER2阴性转移性乳腺癌,https://www.cde.org.cn/main/xxgk/listpage/4b5255eb0a84820cef4ca3e8b6bbe20c,FIRST_OBSERVED_SNAPSHOT_DATE,,,2026-09-30T17:29:59+08:00,CXHL1900408,2.4,,COMPLETE,a4e86e1bbe53421f5184cb03bb5310d1,UNMAPPED_EXACT_NAME_REQUIRED
临床试验默示许可,official:a5274d60d650a643bb4a66cc99a9ec4b,江苏恒瑞医药股份有限公司;江苏恒瑞医药股份有限公司,SHR3680片,转移性激素敏感性前列腺癌,https://www.cde.org.cn/main/xxgk/listpage/4b5255eb0a84820cef4ca3e8b6bbe20c,FIRST_OBSERVED_SNAPSHOT_DATE,,,2026-09-30T17:29:59+08:00,CXHL2100183,化学药品第1类,,COMPLETE,a5274d60d650a643bb4a66cc99a9ec4b,UNMAPPED_EXACT_NAME_REQUIRED
临床试验默示许可,official:a6b34b6405caa0fb8c33fe58312b658f,江苏恒瑞医药股份有限公司;江苏恒瑞医药股份有限公司;上海恒瑞医药有限公司,SHR-2042,本品可用于2型糖尿病及肥胖症的治疗,https://www.cde.org.cn/main/xxgk/listpage/4b5255eb0a84820cef4ca3e8b6bbe20c,FIRST_OBSERVED_SNAPSHOT_DATE,,,2026-09-30T17:29:59+08:00,CXHB1800102,,,COMPLETE,a6b34b6405caa0fb8c33fe58312b658f,UNMAPPED_EXACT_NAME_REQUIRED
临床试验默示许可,official:a6d6bf7d96aba2ea8d332e598de2d498,江苏恒瑞医药股份有限公司;江苏恒瑞医药股份有限公司,海曲泊帕乙醇胺片,本品用于6岁及以上临床诊断为慢性原发免疫性血小板减少症（ITP）儿童和青少年患者。,https://www.cde.org.cn/main/xxgk/listpage/4b5255eb0a84820cef4ca3e8b6bbe20c,FIRST_OBSERVED_SNAPSHOT_DATE,,,2026-09-30T17:29:59+08:00,CXHL2000384,1,,COMPLETE,a6d6bf7d96aba2ea8d332e598de2d498,UNMAPPED_EXACT_NAME_REQUIRED
临床试验默示许可,official:a6e7faba2d494190a0d01f624ad22283,江苏恒瑞医药股份有限公司;江苏恒瑞医药股份有限公司,马来酸吡咯替尼片,联合SHR-A1811治疗HER2异常非小细胞肺癌。,https://www.cde.org.cn/main/xxgk/listpage/4b5255eb0a84820cef4ca3e8b6bbe20c,FIRST_OBSERVED_SNAPSHOT_DATE,,,2026-09-30T17:29:59+08:00,CXHL2200278,2.4,,COMPLETE,a6e7faba2d494190a0d01f624ad22283,UNMAPPED_EXACT_NAME_REQUIRED
临床试验默示许可,official:a7cc9f9cac29abc53760b81d1bdf322f,上海恒瑞医药有限公司;江苏恒瑞医药股份有限公司,HRS-4642注射液,HRS-4642联合SHR-9839(sc)±化疗±阿得贝利单抗用于实体瘤的治疗,https://www.cde.org.cn/main/xxgk/listpage/4b5255eb0a84820cef4ca3e8b6bbe20c,FIRST_OBSERVED_SNAPSHOT_DATE,,,2026-09-30T17:29:59+08:00,CXHL2500827,1,,COMPLETE,a7cc9f9cac29abc53760b81d1bdf322f,UNMAPPED_EXACT_NAME_REQUIRED
临床试验默示许可,official:a84ed87104930931bd77ba279a28482c,江苏恒瑞医药股份有限公司;江苏恒瑞医药股份有限公司;上海恒瑞医药有限公司,苹果酸法米替尼胶囊,本品联合注射用卡瑞利珠单抗治疗晚期实体瘤。,https://www.cde.org.cn/main/xxgk/listpage/4b5255eb0a84820cef4ca3e8b6bbe20c,FIRST_OBSERVED_SNAPSHOT_DATE,,,2026-09-30T17:29:59+08:00,CXHL2000008,1,,COMPLETE,a84ed87104930931bd77ba279a28482c,UNMAPPED_EXACT_NAME_REQUIRED
临床试验默示许可,official:aa0736c9998857c9b55262eaeab30555,江苏恒瑞医药股份有限公司;江苏恒瑞医药股份有限公司,氟唑帕利胶囊,氟唑帕利胶囊联合甲磺酸阿帕替尼片用于晚期上皮性卵巢癌、输卵管癌或原发性腹膜癌在含铂化疗达到完全缓解或部分缓解后的维持治疗。,https://www.cde.org.cn/main/xxgk/listpage/4b5255eb0a84820cef4ca3e8b6bbe20c,FIRST_OBSERVED_SNAPSHOT_DATE,,,2026-09-30T17:29:59+08:00,CXHL1900380,1,,COMPLETE,aa0736c9998857c9b55262eaeab30555,UNMAPPED_EXACT_NAME_REQUIRED
临床试验默示许可,official:aa891c1d357fade358ca1fa38b4c3e0a,江苏恒瑞医药股份有限公司;江苏恒瑞医药股份有限公司;上海恒瑞医药有限公司,甲磺酸阿帕替尼片,甲磺酸阿帕替尼与白蛋白紫杉醇和卡瑞利珠单抗联合，用于既往针对复发转移阶段未接受过系统性抗肿瘤治疗的无法手术切除的局部晚期或转移性三阴性乳腺癌,https://www.cde.org.cn/main/xxgk/listpage/4b5255eb0a84820cef4ca3e8b6bbe20c,FIRST_OBSERVED_SNAPSHOT_DATE,,,2026-09-30T17:29:59+08:00,CXHL1900337,2.4,,COMPLETE,aa891c1d357fade358ca1fa38b4c3e0a,UNMAPPED_EXACT_NAME_REQUIRED
临床试验默示许可,official:aab683d60dc7708f751e07abad5236e6,成都盛迪医药有限公司;江苏恒瑞医药股份有限公司,HRS-5041片,本品联合HRS-2189用于恶性肿瘤的治疗。,https://www.cde.org.cn/main/xxgk/listpage/4b5255eb0a84820cef4ca3e8b6bbe20c,FIRST_OBSERVED_SNAPSHOT_DATE,,,2026-09-30T17:29:59+08:00,CXHL2400807,1,,COMPLETE,aab683d60dc7708f751e07abad5236e6,UNMAPPED_EXACT_NAME_REQUIRED
临床试验默示许可,official:abf98c2e7075aab9cb9946ef3de0b002,江苏恒瑞医药股份有限公司;上海恒瑞医药有限公司;苏州盛迪亚生物医药有限公司;成都新越医药有限公司,HRS5091片,本品临床拟用于慢性乙型肝炎的治疗。,https://www.cde.org.cn/main/xxgk/listpage/4b5255eb0a84820cef4ca3e8b6bbe20c,FIRST_OBSERVED_SNAPSHOT_DATE,,,2026-09-30T17:29:59+08:00,CXHL2000148,1,,COMPLETE,abf98c2e7075aab9cb9946ef3de0b002,UNMAPPED_EXACT_NAME_REQUIRED
临床试验默示许可,official:acd4b6d00519e618844f18c6667ce408,成都盛迪医药有限公司;江苏恒瑞医药股份有限公司,HRS-5041片,前列腺癌；HRS-5041片联合醋酸阿比特龙片（Ⅱ）和泼尼松片或联合多西他赛和泼尼松片或联合HRS-1167片或联合SHR2554片用于治疗晚期前列腺癌患者；联合HRS-2189用于恶性肿瘤的治疗；联合注射用HS-20093用于治疗晚期前列腺癌患者；联合HRS-6208用于实体瘤的治疗；联合或不联合注射用SHR4394联合或不联合二代AR抑制剂用于前列腺癌；联合HRS-4357用于治疗前列腺特异性膜抗原(PSMA)阳性的前列腺癌成人患者。,https://www.cde.org.cn/main/xxgk/listpage/4b5255eb0a84820cef4ca3e8b6bbe20c,FIRST_OBSERVED_SNAPSHOT_DATE,,,2026-09-30T17:29:59+08:00,CXHB2600059,1,,COMPLETE,acd4b6d00519e618844f18c6667ce408,UNMAPPED_EXACT_NAME_REQUIRED
临床试验默示许可,official:aeba50495b7764db43218608e15d7978,江苏恒瑞医药股份有限公司;江苏恒瑞医药股份有限公司,SHR1459片,本品联合YY-20394用于复发/难治B细胞非霍奇金淋巴瘤患者,https://www.cde.org.cn/main/xxgk/listpage/4b5255eb0a84820cef4ca3e8b6bbe20c,FIRST_OBSERVED_SNAPSHOT_DATE,,,2026-09-30T17:29:59+08:00,CXHL2100093,化学药品1类,,COMPLETE,aeba50495b7764db43218608e15d7978,UNMAPPED_EXACT_NAME_REQUIRED
临床试验默示许可,official:aec39d1a3b768b285cba347d8a7aea1d,江苏恒瑞医药股份有限公司;江苏恒瑞医药股份有限公司,SHR2285片,预防或治疗动静脉血栓，以及降低介入治疗或体外循环引起的血栓栓塞风险。,https://www.cde.org.cn/main/xxgk/listpage/4b5255eb0a84820cef4ca3e8b6bbe20c,FIRST_OBSERVED_SNAPSHOT_DATE,,,2026-09-30T17:29:59+08:00,CXHL1800158,1,,COMPLETE,aec39d1a3b768b285cba347d8a7aea1d,UNMAPPED_EXACT_NAME_REQUIRED
临床试验默示许可,official:af2e7a6313ee639762c201d4dd462458,上海恒瑞医药有限公司;江苏恒瑞医药股份有限公司;苏州盛迪亚生物医药有限公司,注射用SHR-1802,标准治疗失败的晚期恶性肿瘤,https://www.cde.org.cn/main/xxgk/listpage/4b5255eb0a84820cef4ca3e8b6bbe20c,FIRST_OBSERVED_SNAPSHOT_DATE,,,2026-09-30T17:29:59+08:00,CXSL1900090,1,,COMPLETE,af2e7a6313ee639762c201d4dd462458,UNMAPPED_EXACT_NAME_REQUIRED
临床试验默示许可,official:afc7b2b66eaf4b5cdec57d57aa0ba1b3,江苏恒瑞医药股份有限公司;江苏恒瑞医药股份有限公司;上海恒瑞医药有限公司,苹果酸法米替尼胶囊,本品拟联合SHR6390片用于晚期实体瘤的治疗。,https://www.cde.org.cn/main/xxgk/listpage/4b5255eb0a84820cef4ca3e8b6bbe20c,FIRST_OBSERVED_SNAPSHOT_DATE,,,2026-09-30T17:29:59+08:00,CXHL2000085,1,,COMPLETE,afc7b2b66eaf4b5cdec57d57aa0ba1b3,UNMAPPED_EXACT_NAME_REQUIRED
临床试验默示许可,official:b1829525a6426b9c8e20c1c04764b373,江苏恒瑞医药股份有限公司;江苏恒瑞医药股份有限公司,氟唑帕利胶囊,本品拟用于联合mFOLFIRINOX化疗并序贯氟唑帕利胶囊单药维持治疗晚期胰腺癌。,https://www.cde.org.cn/main/xxgk/listpage/4b5255eb0a84820cef4ca3e8b6bbe20c,FIRST_OBSERVED_SNAPSHOT_DATE,,,2026-09-30T17:29:59+08:00,CXHL2000015,1,,COMPLETE,b1829525a6426b9c8e20c1c04764b373,UNMAPPED_EXACT_NAME_REQUIRED
临床试验默示许可,official:b1e02c6f32b0d385ada94c9e3a2780ac,江苏恒瑞医药股份有限公司;江苏恒瑞医药股份有限公司,SHR6390片,HR阳性、HER2阴性乳腺癌,https://www.cde.org.cn/main/xxgk/listpage/4b5255eb0a84820cef4ca3e8b6bbe20c,FIRST_OBSERVED_SNAPSHOT_DATE,,,2026-09-30T17:29:59+08:00,CXHB2101023,1,,COMPLETE,b1e02c6f32b0d385ada94c9e3a2780ac,UNMAPPED_EXACT_NAME_REQUIRED
临床试验默示许可,official:b2bb82fdce731f689c009aa292ae3236,江苏恒瑞医药股份有限公司;江苏恒瑞医药股份有限公司;上海恒瑞医药有限公司,脯氨酸恒格列净片,本品联合厄贝沙坦治疗合并高血压的2型糖尿病肾病。,https://www.cde.org.cn/main/xxgk/listpage/4b5255eb0a84820cef4ca3e8b6bbe20c,FIRST_OBSERVED_SNAPSHOT_DATE,,,2026-09-30T17:29:59+08:00,CXHL2000232,1,,COMPLETE,b2bb82fdce731f689c009aa292ae3236,UNMAPPED_EXACT_NAME_REQUIRED
临床试验默示许可,official:b30afec4b88d0f48f462ecfde51858e9,江苏恒瑞医药股份有限公司;江苏恒瑞医药股份有限公司,甲磺酸阿帕替尼片,转移性去势抵抗性前列腺癌,https://www.cde.org.cn/main/xxgk/listpage/4b5255eb0a84820cef4ca3e8b6bbe20c,FIRST_OBSERVED_SNAPSHOT_DATE,,,2026-09-30T17:29:59+08:00,CXHL2000622,化学药品第2.4类,,COMPLETE,b30afec4b88d0f48f462ecfde51858e9,UNMAPPED_EXACT_NAME_REQUIRED
临床试验默示许可,official:b30d8b59658400c148e038a34c56cfeb,江苏恒瑞医药股份有限公司;江苏恒瑞医药股份有限公司;上海恒瑞医药有限公司,甲磺酸阿帕替尼片,本品拟联合注射用卡瑞利珠单抗用于一线治疗PD-L1表达阳性（TPS≥1%）且不伴有EGFR/ALK基因突变异常的复发或晚期非小细胞肺癌患者,https://www.cde.org.cn/main/xxgk/listpage/4b5255eb0a84820cef4ca3e8b6bbe20c,FIRST_OBSERVED_SNAPSHOT_DATE,,,2026-09-30T17:29:59+08:00,CXHL1900430,2.4,,COMPLETE,b30d8b59658400c148e038a34c56cfeb,UNMAPPED_EXACT_NAME_REQUIRED
临床试验默示许可,official:b30fdfee343abae07c68ca1e68cb496b,成都盛迪医药有限公司;江苏恒瑞医药股份有限公司,HRS-5041片,本品联合HRS-2189用于恶性肿瘤的治疗。,https://www.cde.org.cn/main/xxgk/listpage/4b5255eb0a84820cef4ca3e8b6bbe20c,FIRST_OBSERVED_SNAPSHOT_DATE,,,2026-09-30T17:29:59+08:00,CXHL2400808,1,,COMPLETE,b30fdfee343abae07c68ca1e68cb496b,UNMAPPED_EXACT_NAME_REQUIRED
临床试验默示许可,official:b330b2ca56b5bcc3d11d2fe577689814,江苏恒瑞医药股份有限公司;江苏恒瑞医药股份有限公司,SHR6390片,本品联合内分泌治疗用于HR阳性，HER2阴性的早期或局部晚期乳腺癌的辅助治疗。,https://www.cde.org.cn/main/xxgk/listpage/4b5255eb0a84820cef4ca3e8b6bbe20c,FIRST_OBSERVED_SNAPSHOT_DATE,,,2026-09-30T17:29:59+08:00,CXHL2000436,1,,COMPLETE,b330b2ca56b5bcc3d11d2fe577689814,UNMAPPED_EXACT_NAME_REQUIRED
临床试验默示许可,official:b3ac9953159eecbbb7bc3c885ab26326,江苏恒瑞医药股份有限公司;江苏恒瑞医药股份有限公司,SHR3680片,本品与多西他赛化疗联合，治疗转移性去势抵抗性前列腺癌（mCRPC）。,https://www.cde.org.cn/main/xxgk/listpage/4b5255eb0a84820cef4ca3e8b6bbe20c,FIRST_OBSERVED_SNAPSHOT_DATE,,,2026-09-30T17:29:59+08:00,CXHL2000366,1,,COMPLETE,b3ac9953159eecbbb7bc3c885ab26326,UNMAPPED_EXACT_NAME_REQUIRED
临床试验默示许可,official:b5218d106bf29ddf0232e55790bcbc50,江苏恒瑞医药股份有限公司;江苏恒瑞医药股份有限公司,苹果酸法米替尼胶囊,本品联合注射用卡瑞利珠单抗和注射用紫杉醇（白蛋白结合型）用于治疗晚期实体肿瘤患者。,https://www.cde.org.cn/main/xxgk/listpage/4b5255eb0a84820cef4ca3e8b6bbe20c,FIRST_OBSERVED_SNAPSHOT_DATE,,,2026-09-30T17:29:59+08:00,CXHL2101469,1,,COMPLETE,b5218d106bf29ddf0232e55790bcbc50,UNMAPPED_EXACT_NAME_REQUIRED
临床试验默示许可,official:b58679884a5de6ba293c0d04d919c2db,上海迈晋生物医药科技有限公司;江苏恒瑞医药股份有限公司,注射用SHR-9803,实体瘤,https://www.cde.org.cn/main/xxgk/listpage/4b5255eb0a84820cef4ca3e8b6bbe20c,FIRST_OBSERVED_SNAPSHOT_DATE,,,2026-09-30T17:29:59+08:00,CXSL2500026,1,,COMPLETE,b58679884a5de6ba293c0d04d919c2db,UNMAPPED_EXACT_NAME_REQUIRED
临床试验默示许可,official:b62d25787f47aff8e5dced610d77bdb3,江苏恒瑞医药股份有限公司;江苏恒瑞医药股份有限公司,马来酸吡咯替尼片,本品联合SHR-A1811用于 Her-2阳性的晚期实体瘤患者的治疗。,https://www.cde.org.cn/main/xxgk/listpage/4b5255eb0a84820cef4ca3e8b6bbe20c,FIRST_OBSERVED_SNAPSHOT_DATE,,,2026-09-30T17:29:59+08:00,CXHL2300388,2.4,,COMPLETE,b62d25787f47aff8e5dced610d77bdb3,UNMAPPED_EXACT_NAME_REQUIRED
临床试验默示许可,official:b6e1f3faf471eafd3063718a8b57225f,江苏恒瑞医药股份有限公司;上海盛迪医药有限公司,HRS-9231注射液,本品用于全身各部位磁共振成像（MRI）检测和显示异常血管病变。,https://www.cde.org.cn/main/xxgk/listpage/4b5255eb0a84820cef4ca3e8b6bbe20c,FIRST_OBSERVED_SNAPSHOT_DATE,,,2026-09-30T17:29:59+08:00,CXHL2400059,1,,COMPLETE,b6e1f3faf471eafd3063718a8b57225f,UNMAPPED_EXACT_NAME_REQUIRED
临床试验默示许可,official:b865adb77de33276a096146976a102f0,成都盛迪医药有限公司;江苏恒瑞医药股份有限公司,HRS-5041片,前列腺癌 ；HRS-5041片联合醋酸阿比特龙片（Ⅱ）和泼尼松片或联合多西他赛和泼尼松片或联合HRS-1167片或联合SHR2554片用于治疗晚期前列腺癌患者；联合HRS-2189用于恶性肿瘤的治疗。,https://www.cde.org.cn/main/xxgk/listpage/4b5255eb0a84820cef4ca3e8b6bbe20c,FIRST_OBSERVED_SNAPSHOT_DATE,,,2026-09-30T17:29:59+08:00,CXHB2500006,1,,COMPLETE,b865adb77de33276a096146976a102f0,UNMAPPED_EXACT_NAME_REQUIRED
临床试验默示许可,official:b9a614308fe7a449a814c54be802385b,江苏恒瑞医药股份有限公司;江苏恒瑞医药股份有限公司;上海恒瑞医药有限公司,SHR2554片,联合卡瑞利珠单抗、苹果酸法米替尼用于晚期恶性肿瘤患者。,https://www.cde.org.cn/main/xxgk/listpage/4b5255eb0a84820cef4ca3e8b6bbe20c,FIRST_OBSERVED_SNAPSHOT_DATE,,,2026-09-30T17:29:59+08:00,CXHL2000092,1,,COMPLETE,b9a614308fe7a449a814c54be802385b,UNMAPPED_EXACT_NAME_REQUIRED
临床试验默示许可,official:baccb6ea4350170164a8141548c32f2e,江苏恒瑞医药股份有限公司;江苏恒瑞医药股份有限公司,苹果酸法米替尼胶囊,本品联合注射用SHR-1802及注射用卡瑞利珠单抗用于治疗晚期实体瘤患者。,https://www.cde.org.cn/main/xxgk/listpage/4b5255eb0a84820cef4ca3e8b6bbe20c,FIRST_OBSERVED_SNAPSHOT_DATE,,,2026-09-30T17:29:59+08:00,CXHL2101494,1,,COMPLETE,baccb6ea4350170164a8141548c32f2e,UNMAPPED_EXACT_NAME_REQUIRED
临床试验默示许可,official:baeb47e066a80f2499aa6f660d0f1a10,江苏恒瑞医药股份有限公司;江苏恒瑞医药股份有限公司,SHR2285片,适应症:预防或治疗动静脉血栓，以及降低介入治疗或体外循环引起的血栓栓塞风险。,https://www.cde.org.cn/main/xxgk/listpage/4b5255eb0a84820cef4ca3e8b6bbe20c,FIRST_OBSERVED_SNAPSHOT_DATE,,,2026-09-30T17:29:59+08:00,CXHB2000018,1类,,COMPLETE,baeb47e066a80f2499aa6f660d0f1a10,UNMAPPED_EXACT_NAME_REQUIRED
临床试验默示许可,official:bb6905ca73de56cbc1488fa87390a6b4,江苏恒瑞医药股份有限公司;江苏恒瑞医药股份有限公司,苹果酸法米替尼胶囊,含铂类化疗和免疫检查点抑制剂治疗失败的晚期非小细胞肺癌,https://www.cde.org.cn/main/xxgk/listpage/4b5255eb0a84820cef4ca3e8b6bbe20c,FIRST_OBSERVED_SNAPSHOT_DATE,,,2026-09-30T17:29:59+08:00,CXHL2101375,化学药品1类,,COMPLETE,bb6905ca73de56cbc1488fa87390a6b4,UNMAPPED_EXACT_NAME_REQUIRED
临床试验默示许可,official:be891a58739de19ec8ff620451af8a15,江苏恒瑞医药股份有限公司;江苏恒瑞医药股份有限公司,脯氨酸恒格列净,本品用于射血分数降低的慢性心力衰竭（NYHAⅡ-Ⅳ级，LVEF≤40％）成人患者，降低心血管死亡、心力衰竭住院或紧急心衰就诊的风险。,https://www.cde.org.cn/main/xxgk/listpage/4b5255eb0a84820cef4ca3e8b6bbe20c,FIRST_OBSERVED_SNAPSHOT_DATE,,,2026-09-30T17:29:59+08:00,CXHL2000389,1,,COMPLETE,be891a58739de19ec8ff620451af8a15,UNMAPPED_EXACT_NAME_REQUIRED
临床试验默示许可,official:be9b71b7152a992a329f0f0c03496b14,江苏恒瑞医药股份有限公司;上海恒瑞医药有限公司,HRS-4642注射液,1.KRAS G12D突变的晚期实体瘤；2.本品联合西妥昔单抗或SHR-9839或SHR-A1921或SHR-A1904或化疗±贝伐珠单抗或阿得贝利单抗±化疗或伊立替康脂质体+化疗用于KRAS G12D突变的晚期实体瘤患者；3.HRS-4642联合SHR-1826用于实体瘤患者,https://www.cde.org.cn/main/xxgk/listpage/4b5255eb0a84820cef4ca3e8b6bbe20c,FIRST_OBSERVED_SNAPSHOT_DATE,,,2026-09-30T17:29:59+08:00,CXHB2500200,1,,COMPLETE,be9b71b7152a992a329f0f0c03496b14,UNMAPPED_EXACT_NAME_REQUIRED
临床试验默示许可,official:c069a28af58d9c85fbc8d74c123836ca,上海恒瑞医药有限公司;江苏恒瑞医药股份有限公司;苏州盛迪亚生物医药有限公司,注射用SHR-1806,晚期恶性肿瘤,https://www.cde.org.cn/main/xxgk/listpage/4b5255eb0a84820cef4ca3e8b6bbe20c,FIRST_OBSERVED_SNAPSHOT_DATE,,,2026-09-30T17:29:59+08:00,CXSL2000092,1,,COMPLETE,c069a28af58d9c85fbc8d74c123836ca,UNMAPPED_EXACT_NAME_REQUIRED
临床试验默示许可,official:c0ca8eba5915d9bd97ce75ca24a91c46,江苏恒瑞医药股份有限公司;江苏恒瑞医药股份有限公司,INS068注射液,用于1型和2型糖尿病的治疗,https://www.cde.org.cn/main/xxgk/listpage/4b5255eb0a84820cef4ca3e8b6bbe20c,FIRST_OBSERVED_SNAPSHOT_DATE,,,2026-09-30T17:29:59+08:00,CXSB2100014,治疗用生物制品,,COMPLETE,c0ca8eba5915d9bd97ce75ca24a91c46,UNMAPPED_EXACT_NAME_REQUIRED
临床试验默示许可,official:c215d9b3420ae8fa548a1946a382f8f0,江苏恒瑞医药股份有限公司;江苏恒瑞医药股份有限公司,苹果酸法米替尼胶囊,广泛期小细胞肺癌,https://www.cde.org.cn/main/xxgk/listpage/4b5255eb0a84820cef4ca3e8b6bbe20c,FIRST_OBSERVED_SNAPSHOT_DATE,,,2026-09-30T17:29:59+08:00,CXHL2000545,化学药品第1类,,COMPLETE,c215d9b3420ae8fa548a1946a382f8f0,UNMAPPED_EXACT_NAME_REQUIRED
临床试验默示许可,official:c27fc94f9bc331078e8e6a9464019aab,江苏恒瑞医药股份有限公司;江苏恒瑞医药股份有限公司,SHR6390片,本品联合内分泌治疗用于HR阳性，HER2阴性的早期或局部晚期乳腺癌的辅助治疗。,https://www.cde.org.cn/main/xxgk/listpage/4b5255eb0a84820cef4ca3e8b6bbe20c,FIRST_OBSERVED_SNAPSHOT_DATE,,,2026-09-30T17:29:59+08:00,CXHL2000434,1,,COMPLETE,c27fc94f9bc331078e8e6a9464019aab,UNMAPPED_EXACT_NAME_REQUIRED
临床试验默示许可,official:c2c56c692cda50ce2caada489c9c969a,江苏恒瑞医药股份有限公司;江苏恒瑞医药股份有限公司;上海恒瑞医药有限公司,SHR6390片,本品拟联合苹果酸法米替尼胶囊治疗晚期实体瘤。,https://www.cde.org.cn/main/xxgk/listpage/4b5255eb0a84820cef4ca3e8b6bbe20c,FIRST_OBSERVED_SNAPSHOT_DATE,,,2026-09-30T17:29:59+08:00,CXHL2000088,1,,COMPLETE,c2c56c692cda50ce2caada489c9c969a,UNMAPPED_EXACT_NAME_REQUIRED
临床试验默示许可,official:c76aff2ac77afbd0533712e28525a02e,江苏恒瑞医药股份有限公司;江苏恒瑞医药股份有限公司;上海恒瑞医药有限公司;成都盛迪医药有限公司,SHR7280片,本品临床拟用于雌激素依赖性疾病，如子宫内膜异位症。,https://www.cde.org.cn/main/xxgk/listpage/4b5255eb0a84820cef4ca3e8b6bbe20c,FIRST_OBSERVED_SNAPSHOT_DATE,,,2026-09-30T17:29:59+08:00,CYHB2001100,1,,COMPLETE,c76aff2ac77afbd0533712e28525a02e,UNMAPPED_EXACT_NAME_REQUIRED
临床试验默示许可,official:c789baf49bc72053445012919fc85dcb,江苏恒瑞医药股份有限公司;江苏恒瑞医药股份有限公司;上海恒瑞医药有限公司,SHR6390片,本品拟联合氟维司群用于HR阳性，HER2阴性的经内分泌治疗后进展的复发或转移性乳腺癌的治疗。,https://www.cde.org.cn/main/xxgk/listpage/4b5255eb0a84820cef4ca3e8b6bbe20c,FIRST_OBSERVED_SNAPSHOT_DATE,,,2026-09-30T17:29:59+08:00,CXHL1900244,1,,COMPLETE,c789baf49bc72053445012919fc85dcb,UNMAPPED_EXACT_NAME_REQUIRED
临床试验默示许可,official:c7a008d147494a140d3009f2581b8113,福建盛迪医药有限公司;江苏恒瑞医药股份有限公司,ω-3 鱼油中长链脂肪乳/氨基酸（16）/葡萄糖（30%）注射液,本品适用于口服或肠内营养无法进行、不足或存在禁忌的中重度分解代谢的成人患者，以肠外营养形式提供能量、必需脂肪酸（包含ω-3和ω-6脂肪酸）、氨基酸、电解质和液体。,https://www.cde.org.cn/main/xxgk/listpage/4b5255eb0a84820cef4ca3e8b6bbe20c,FIRST_OBSERVED_SNAPSHOT_DATE,,,2026-09-30T17:29:59+08:00,CYHL2200086,3,,COMPLETE,c7a008d147494a140d3009f2581b8113,UNMAPPED_EXACT_NAME_REQUIRED
临床试验默示许可,official:c7b082b0294baabd65138c71c78bd35e,江苏恒瑞医药股份有限公司;江苏恒瑞医药股份有限公司,氟唑帕利胶囊,本品联合mFOLFIRINOX化疗用于胰腺癌新辅助和辅助化疗。,https://www.cde.org.cn/main/xxgk/listpage/4b5255eb0a84820cef4ca3e8b6bbe20c,FIRST_OBSERVED_SNAPSHOT_DATE,,,2026-09-30T17:29:59+08:00,CXHL2000352,1,,COMPLETE,c7b082b0294baabd65138c71c78bd35e,UNMAPPED_EXACT_NAME_REQUIRED
临床试验默示许可,official:c7cb6e54f557db10eea7eb7984bce11e,江苏恒瑞医药股份有限公司;江苏恒瑞医药股份有限公司;上海恒瑞医药有限公司,苹果酸法米替尼胶囊,本品联合注射用卡瑞利珠单抗、SHR2554片治疗晚期恶性肿瘤。,https://www.cde.org.cn/main/xxgk/listpage/4b5255eb0a84820cef4ca3e8b6bbe20c,FIRST_OBSERVED_SNAPSHOT_DATE,,,2026-09-30T17:29:59+08:00,CXHL2000089,1,,COMPLETE,c7cb6e54f557db10eea7eb7984bce11e,UNMAPPED_EXACT_NAME_REQUIRED
临床试验默示许可,official:c833cc98f6ec5ce3ac5ed0a62d46f840,江苏恒瑞医药股份有限公司;江苏恒瑞医药股份有限公司;上海恒瑞医药有限公司,甲磺酸阿帕替尼片,甲磺酸阿帕替尼片联合氟唑帕利胶囊用于晚期上皮性卵巢癌、输卵管癌或原发性腹膜癌在含铂化疗达到完全缓解或部分缓解后的维持治疗。,https://www.cde.org.cn/main/xxgk/listpage/4b5255eb0a84820cef4ca3e8b6bbe20c,FIRST_OBSERVED_SNAPSHOT_DATE,,,2026-09-30T17:29:59+08:00,CXHL1900378,2.4,,COMPLETE,c833cc98f6ec5ce3ac5ed0a62d46f840,UNMAPPED_EXACT_NAME_REQUIRED
临床试验默示许可,official:c8372ac87b91b74dbb6de79d0a894e30,江苏恒瑞医药股份有限公司;江苏恒瑞医药股份有限公司,SHR6390片,HR阳性、HER2阴性乳腺癌,https://www.cde.org.cn/main/xxgk/listpage/4b5255eb0a84820cef4ca3e8b6bbe20c,FIRST_OBSERVED_SNAPSHOT_DATE,,,2026-09-30T17:29:59+08:00,CXHB2101024,1,,COMPLETE,c8372ac87b91b74dbb6de79d0a894e30,UNMAPPED_EXACT_NAME_REQUIRED
临床试验默示许可,official:c99ba4cee75d70cdaaba39c241059520,江苏恒瑞医药股份有限公司;江苏恒瑞医药股份有限公司,脯氨酸恒格列净,本品在饮食和运动基础上，与盐酸二甲双胍和磷酸瑞格列汀联合用于治疗2型糖尿病。,https://www.cde.org.cn/main/xxgk/listpage/4b5255eb0a84820cef4ca3e8b6bbe20c,FIRST_OBSERVED_SNAPSHOT_DATE,,,2026-09-30T17:29:59+08:00,CXHL2000392,1,,COMPLETE,c99ba4cee75d70cdaaba39c241059520,UNMAPPED_EXACT_NAME_REQUIRED
临床试验默示许可,official:cb3c4f403de0bf8e8cdefa282b5e40c3,江苏恒瑞医药股份有限公司;江苏恒瑞医药股份有限公司;上海恒瑞医药有限公司,马来酸吡咯替尼片,本品联合曲妥珠单抗及多西他赛，拟用于治疗表皮生长因子受体2（HER2）阳性早期或局部晚期乳腺癌患者的新辅助治疗。,https://www.cde.org.cn/main/xxgk/listpage/4b5255eb0a84820cef4ca3e8b6bbe20c,FIRST_OBSERVED_SNAPSHOT_DATE,,,2026-09-30T17:29:59+08:00,CXHL1900297,2.4,,COMPLETE,cb3c4f403de0bf8e8cdefa282b5e40c3,UNMAPPED_EXACT_NAME_REQUIRED
临床试验默示许可,official:cc3745cb404283a78dc55dcc635d3355,江苏恒瑞医药股份有限公司;江苏恒瑞医药股份有限公司,SHR2285片,预防或治疗动静脉血栓，以及降低介入治疗或体外循环引起的血栓栓塞风险,https://www.cde.org.cn/main/xxgk/listpage/4b5255eb0a84820cef4ca3e8b6bbe20c,FIRST_OBSERVED_SNAPSHOT_DATE,,,2026-09-30T17:29:59+08:00,CXHB1900013,,,COMPLETE,cc3745cb404283a78dc55dcc635d3355,UNMAPPED_EXACT_NAME_REQUIRED
临床试验默示许可,official:cc4e3afae7c76ba4cc032ba70fd39ca9,江苏恒瑞医药股份有限公司;江苏恒瑞医药股份有限公司,马来酸吡咯替尼片,本品单药拟用于HER2突变的、既往接受过标准化疗的晚期非小细胞肺腺癌患者的治疗。,https://www.cde.org.cn/main/xxgk/listpage/4b5255eb0a84820cef4ca3e8b6bbe20c,FIRST_OBSERVED_SNAPSHOT_DATE,,,2026-09-30T17:29:59+08:00,CXHB2000074,2.4,,COMPLETE,cc4e3afae7c76ba4cc032ba70fd39ca9,UNMAPPED_EXACT_NAME_REQUIRED
临床试验默示许可,official:cd0d5bf7c55885a64a76b529d4a4cadf,江苏恒瑞医药股份有限公司;江苏恒瑞医药股份有限公司;上海恒瑞医药有限公司,苹果酸法米替尼胶囊,本品单药用于治疗经过伊马替尼治疗失败的晚期胃肠道间质瘤。,https://www.cde.org.cn/main/xxgk/listpage/4b5255eb0a84820cef4ca3e8b6bbe20c,FIRST_OBSERVED_SNAPSHOT_DATE,,,2026-09-30T17:29:59+08:00,CXHL2000271,1,,COMPLETE,cd0d5bf7c55885a64a76b529d4a4cadf,UNMAPPED_EXACT_NAME_REQUIRED
临床试验默示许可,official:ce0a31cdd54fd864364c6a2ac9cdcfc7,江苏恒瑞医药股份有限公司;上海迈晋生物医药科技有限公司,注射用SHR-9803,本品联合阿得贝利单抗±贝伐珠单抗±化疗治疗实体瘤,https://www.cde.org.cn/main/xxgk/listpage/4b5255eb0a84820cef4ca3e8b6bbe20c,FIRST_OBSERVED_SNAPSHOT_DATE,,,2026-09-30T17:29:59+08:00,CXSL2501078,1,,COMPLETE,ce0a31cdd54fd864364c6a2ac9cdcfc7,UNMAPPED_EXACT_NAME_REQUIRED
临床试验默示许可,official:cecddb2aff675778ac10d9a5b26dcf2f,江苏恒瑞医药股份有限公司;上海恒瑞医药有限公司,HRS-7172片,本品联合HRS-4642\HRS-6093\HRS-7058\SHR-1826\FH-006\SHR-8068\贝伐珠单抗±化疗±阿得贝利单抗\ SHR-4610±SHR-9839(sc)，或联合阿得贝利单抗\SHR-4610±SHR-9839(sc) ±SHR-8068±贝伐珠单抗，或联合阿得贝利单抗\SHR-4610\SHR-9839(sc)\贝伐珠单抗\西妥昔单抗\尼妥珠单抗±尼妥珠单抗±化疗，或联合阿得贝利单抗+SHR-8068\贝伐珠单抗±化疗，或联合化疗+阿得贝利单抗\SHR-4610+贝伐珠单抗±SHR-8068，或联合其他标准治疗用于实体瘤的治疗,https://www.cde.org.cn/main/xxgk/listpage/4b5255eb0a84820cef4ca3e8b6bbe20c,FIRST_OBSERVED_SNAPSHOT_DATE,,,2026-09-30T17:29:59+08:00,CXHL2600588,化学药品:1类,,COMPLETE,cecddb2aff675778ac10d9a5b26dcf2f,UNMAPPED_EXACT_NAME_REQUIRED
临床试验默示许可,official:cf0336cae940e0ebc2d9db405eccd6ac,江苏恒瑞医药股份有限公司;江苏恒瑞医药股份有限公司;上海恒瑞医药有限公司,甲磺酸阿帕替尼片,甲磺酸阿帕替尼片联合依托泊苷胶囊治疗含铂方案治疗失败的复发性卵巢癌。,https://www.cde.org.cn/main/xxgk/listpage/4b5255eb0a84820cef4ca3e8b6bbe20c,FIRST_OBSERVED_SNAPSHOT_DATE,,,2026-09-30T17:29:59+08:00,CXHL1900287,2.4,,COMPLETE,cf0336cae940e0ebc2d9db405eccd6ac,UNMAPPED_EXACT_NAME_REQUIRED
临床试验默示许可,official:cf4ae0efc9e8d9d7cf79a018f21deb08,江苏恒瑞医药股份有限公司;江苏恒瑞医药股份有限公司,SHR1459片,本品拟联合利妥昔单抗、环磷酰胺、多柔比星、长春新碱、泼尼松（R-CHOP）治疗初诊非生发中心样弥漫性大B细胞淋巴瘤（non-GCB DLBCL）。,https://www.cde.org.cn/main/xxgk/listpage/4b5255eb0a84820cef4ca3e8b6bbe20c,FIRST_OBSERVED_SNAPSHOT_DATE,,,2026-09-30T17:29:59+08:00,CXHL2101558,化学药品1类,,COMPLETE,cf4ae0efc9e8d9d7cf79a018f21deb08,UNMAPPED_EXACT_NAME_REQUIRED
临床试验默示许可,official:cfbae4543bb8131df80c92540da35157,江苏恒瑞医药股份有限公司;江苏恒瑞医药股份有限公司,SHR7280片,本品用于前列腺癌的治疗,https://www.cde.org.cn/main/xxgk/listpage/4b5255eb0a84820cef4ca3e8b6bbe20c,FIRST_OBSERVED_SNAPSHOT_DATE,,,2026-09-30T17:29:59+08:00,CXHL2101045,化学药品注册分类1,,COMPLETE,cfbae4543bb8131df80c92540da35157,UNMAPPED_EXACT_NAME_REQUIRED
临床试验默示许可,official:cff7f555d38e3b9add4d72c8f6d88d3e,江苏恒瑞医药股份有限公司;江苏恒瑞医药股份有限公司;上海恒瑞医药有限公司,苹果酸法米替尼胶囊,本品单药用于治疗经过伊马替尼治疗失败的晚期胃肠道间质瘤。,https://www.cde.org.cn/main/xxgk/listpage/4b5255eb0a84820cef4ca3e8b6bbe20c,FIRST_OBSERVED_SNAPSHOT_DATE,,,2026-09-30T17:29:59+08:00,CXHL2000272,1,,COMPLETE,cff7f555d38e3b9add4d72c8f6d88d3e,UNMAPPED_EXACT_NAME_REQUIRED
临床试验默示许可,official:d0b597c7b54f8166418c660e27129aa1,江苏恒瑞医药股份有限公司;江苏恒瑞医药股份有限公司,SHR3680片,前列腺癌,https://www.cde.org.cn/main/xxgk/listpage/4b5255eb0a84820cef4ca3e8b6bbe20c,FIRST_OBSERVED_SNAPSHOT_DATE,,,2026-09-30T17:29:59+08:00,CXHB2101040,化学药品第1类,,COMPLETE,d0b597c7b54f8166418c660e27129aa1,UNMAPPED_EXACT_NAME_REQUIRED
临床试验默示许可,official:d0e0ad0ace1d47738d02352fe1c3da1c,江苏恒瑞医药股份有限公司;江苏恒瑞医药股份有限公司,INS068注射液,用于1型和2型糖尿病的治疗,https://www.cde.org.cn/main/xxgk/listpage/4b5255eb0a84820cef4ca3e8b6bbe20c,FIRST_OBSERVED_SNAPSHOT_DATE,,,2026-09-30T17:29:59+08:00,CXSB2000171,1,,COMPLETE,d0e0ad0ace1d47738d02352fe1c3da1c,UNMAPPED_EXACT_NAME_REQUIRED
临床试验默示许可,official:d114ba179ce328d1a23a174c6af48448,江苏恒瑞医药股份有限公司;江苏恒瑞医药股份有限公司,HR011408注射液,用于治疗成人糖尿病,https://www.cde.org.cn/main/xxgk/listpage/4b5255eb0a84820cef4ca3e8b6bbe20c,FIRST_OBSERVED_SNAPSHOT_DATE,,,2026-09-30T17:29:59+08:00,CXSB2101068,2.1,,COMPLETE,d114ba179ce328d1a23a174c6af48448,UNMAPPED_EXACT_NAME_REQUIRED
临床试验默示许可,official:d187ba6abf856300edefd0a23fcf8025,福建盛迪医药有限公司;江苏恒瑞医药股份有限公司;北京拓界生物医药科技有限公司,HRS-4729注射液,2型糖尿病,https://www.cde.org.cn/main/xxgk/listpage/4b5255eb0a84820cef4ca3e8b6bbe20c,FIRST_OBSERVED_SNAPSHOT_DATE,,,2026-09-30T17:29:59+08:00,CXHL2600578,1,,COMPLETE,d187ba6abf856300edefd0a23fcf8025,UNMAPPED_EXACT_NAME_REQUIRED
临床试验默示许可,official:d25e5e71bc4cb49d3d037e502d43b8a9,江苏恒瑞医药股份有限公司;江苏恒瑞医药股份有限公司;上海恒瑞医药有限公司,SHR1459片,联合SHR2554片用于标准治疗失败或无标准治疗可用的复发/难治（R/R）B细胞非霍奇金淋巴瘤的治疗。,https://www.cde.org.cn/main/xxgk/listpage/4b5255eb0a84820cef4ca3e8b6bbe20c,FIRST_OBSERVED_SNAPSHOT_DATE,,,2026-09-30T17:29:59+08:00,CXHL1900189,1,,COMPLETE,d25e5e71bc4cb49d3d037e502d43b8a9,UNMAPPED_EXACT_NAME_REQUIRED
临床试验默示许可,official:d28347ff8df6c189cebce0732d704fdb,上海恒瑞医药有限公司;江苏恒瑞医药股份有限公司,HRS-4642注射液,本品联合HRS-7172±SHR-9839(sc)，或联合HRS-7172+阿得贝利单抗，或联合HRS-7172±化疗用于实体瘤的治疗。,https://www.cde.org.cn/main/xxgk/listpage/4b5255eb0a84820cef4ca3e8b6bbe20c,FIRST_OBSERVED_SNAPSHOT_DATE,,,2026-09-30T17:29:59+08:00,CXHL2600585,化学药品:1类,,COMPLETE,d28347ff8df6c189cebce0732d704fdb,UNMAPPED_EXACT_NAME_REQUIRED
临床试验默示许可,official:d29bda85b8d94a9c477480c6eeadeace,江苏恒瑞医药股份有限公司;江苏恒瑞医药股份有限公司,HR17031注射液,糖尿病,https://www.cde.org.cn/main/xxgk/listpage/4b5255eb0a84820cef4ca3e8b6bbe20c,FIRST_OBSERVED_SNAPSHOT_DATE,,,2026-09-30T17:29:59+08:00,CXSL2101090,治疗用生物制品1类,,COMPLETE,d29bda85b8d94a9c477480c6eeadeace,UNMAPPED_EXACT_NAME_REQUIRED
临床试验默示许可,official:d3fe1cd9754dcdec6344abfe56b1e9c3,江苏恒瑞医药股份有限公司;江苏恒瑞医药股份有限公司;上海恒瑞医药有限公司,马来酸吡咯替尼片,本品单药拟用于表皮生长因子受体2（HER2）阳性早期或局部晚期乳腺癌患者经曲妥珠单抗辅助治疗后的延长阶段的辅助治疗。,https://www.cde.org.cn/main/xxgk/listpage/4b5255eb0a84820cef4ca3e8b6bbe20c,FIRST_OBSERVED_SNAPSHOT_DATE,,,2026-09-30T17:29:59+08:00,CXHB2000021,2.4,,COMPLETE,d3fe1cd9754dcdec6344abfe56b1e9c3,UNMAPPED_EXACT_NAME_REQUIRED
临床试验默示许可,official:d42007ea655614ce876ddf963a1816a4,江苏恒瑞医药股份有限公司;江苏恒瑞医药股份有限公司,盐酸伊立替康脂质体注射液,SHR-1701联合伊立替康脂质体用于经PD-1/PD-L1单抗联合含铂化疗一线治疗失败的局部晚期或转移性食管鳞癌患者,https://www.cde.org.cn/main/xxgk/listpage/4b5255eb0a84820cef4ca3e8b6bbe20c,FIRST_OBSERVED_SNAPSHOT_DATE,,,2026-09-30T17:29:59+08:00,CXHL2101304,2.2,,COMPLETE,d42007ea655614ce876ddf963a1816a4,UNMAPPED_EXACT_NAME_REQUIRED
临床试验默示许可,official:d479a008212d2c5aae18905b12fb4cf6,江苏恒瑞医药股份有限公司;上海甫弘生物医药有限公司,注射用FH-006,本品联合HRS-7172±阿得贝利单抗/SHR-4610用于实体瘤的治疗。,https://www.cde.org.cn/main/xxgk/listpage/4b5255eb0a84820cef4ca3e8b6bbe20c,FIRST_OBSERVED_SNAPSHOT_DATE,,,2026-09-30T17:29:59+08:00,CXSL2600536,治疗用生物制品:1类,,COMPLETE,d479a008212d2c5aae18905b12fb4cf6,UNMAPPED_EXACT_NAME_REQUIRED
临床试验默示许可,official:d4d0426123f471bb0b148a73487f3616,江苏恒瑞医药股份有限公司;成都盛迪医药有限公司,HRS-5041片,本品联合HRS-4357用于治疗前列腺特异性膜抗原（PSMA）阳性的前列腺癌成人患者。,https://www.cde.org.cn/main/xxgk/listpage/4b5255eb0a84820cef4ca3e8b6bbe20c,FIRST_OBSERVED_SNAPSHOT_DATE,,,2026-09-30T17:29:59+08:00,CXHL2501128,1,,COMPLETE,d4d0426123f471bb0b148a73487f3616,UNMAPPED_EXACT_NAME_REQUIRED
临床试验默示许可,official:d5a07f57309e2cf8edc8443e192aa110,江苏恒瑞医药股份有限公司;江苏恒瑞医药股份有限公司,布比卡因脂质体注射液,成人腹横肌平面阻滞产生术后区域镇痛。,https://www.cde.org.cn/main/xxgk/listpage/4b5255eb0a84820cef4ca3e8b6bbe20c,FIRST_OBSERVED_SNAPSHOT_DATE,,,2026-09-30T17:29:59+08:00,CXHL2300409,2.4,,COMPLETE,d5a07f57309e2cf8edc8443e192aa110,UNMAPPED_EXACT_NAME_REQUIRED
临床试验默示许可,official:d729c7655c129e293dcf39a086f21561,江苏恒瑞医药股份有限公司;江苏恒瑞医药股份有限公司,HR011408注射液,用于治疗成人糖尿病,https://www.cde.org.cn/main/xxgk/listpage/4b5255eb0a84820cef4ca3e8b6bbe20c,FIRST_OBSERVED_SNAPSHOT_DATE,,,2026-09-30T17:29:59+08:00,CXSB2200066,2.1,,COMPLETE,d729c7655c129e293dcf39a086f21561,UNMAPPED_EXACT_NAME_REQUIRED
临床试验默示许可,official:d81e45483b924eed79f69bb0f34f8f60,江苏恒瑞医药股份有限公司;江苏恒瑞医药股份有限公司,SHR1459片,本品联合YY-20394用于复发/难治B细胞非霍奇金淋巴瘤患者,https://www.cde.org.cn/main/xxgk/listpage/4b5255eb0a84820cef4ca3e8b6bbe20c,FIRST_OBSERVED_SNAPSHOT_DATE,,,2026-09-30T17:29:59+08:00,CXHL2100094,化学药品1类,,COMPLETE,d81e45483b924eed79f69bb0f34f8f60,UNMAPPED_EXACT_NAME_REQUIRED
临床试验默示许可,official:d83644566caac36d48e1a151008e3e9d,上海恒瑞医药有限公司;江苏恒瑞医药股份有限公司;苏州盛迪亚生物医药有限公司,SHR-1222注射液,骨质疏松症,https://www.cde.org.cn/main/xxgk/listpage/4b5255eb0a84820cef4ca3e8b6bbe20c,FIRST_OBSERVED_SNAPSHOT_DATE,,,2026-09-30T17:29:59+08:00,CXSL1800099,1,,COMPLETE,d83644566caac36d48e1a151008e3e9d,UNMAPPED_EXACT_NAME_REQUIRED
临床试验默示许可,official:d8b4c56dd5aa90c31d9c20e58ed0a732,苏州盛迪亚生物医药有限公司;苏州盛迪亚生物医药有限公司;江苏恒瑞医药股份有限公司;上海恒瑞医药有限公司,注射用卡瑞利珠单抗,注射用卡瑞利珠单抗联合FOLFOX4对比安慰剂联合FOLFOX4一线治疗晚期肝细胞癌患者。,https://www.cde.org.cn/main/xxgk/listpage/4b5255eb0a84820cef4ca3e8b6bbe20c,FIRST_OBSERVED_SNAPSHOT_DATE,,,2026-09-30T17:29:59+08:00,CXSL1900037,1,,COMPLETE,d8b4c56dd5aa90c31d9c20e58ed0a732,UNMAPPED_EXACT_NAME_REQUIRED
临床试验默示许可,official:d93dbc06fb0ee6a5b918956acbbe45aa,江苏恒瑞医药股份有限公司;江苏恒瑞医药股份有限公司,氟唑帕利胶囊,本品拟用于实体廇的治疗。,https://www.cde.org.cn/main/xxgk/listpage/4b5255eb0a84820cef4ca3e8b6bbe20c,FIRST_OBSERVED_SNAPSHOT_DATE,,,2026-09-30T17:29:59+08:00,CXHB1800078,,,COMPLETE,d93dbc06fb0ee6a5b918956acbbe45aa,UNMAPPED_EXACT_NAME_REQUIRED
临床试验默示许可,official:d9438c263ef8ecc7b30633f8e7b0b668,福建盛迪医药有限公司;江苏恒瑞医药股份有限公司;北京拓界生物医药科技有限公司,HRS-4729注射液,慢性肾脏病,https://www.cde.org.cn/main/xxgk/listpage/4b5255eb0a84820cef4ca3e8b6bbe20c,FIRST_OBSERVED_SNAPSHOT_DATE,,,2026-09-30T17:29:59+08:00,CXHL2600852,1,,COMPLETE,d9438c263ef8ecc7b30633f8e7b0b668,UNMAPPED_EXACT_NAME_REQUIRED
临床试验默示许可,official:d9c0d2ed1dc40bf285005181a54dba1c,上海恒瑞医药有限公司;江苏恒瑞医药股份有限公司;苏州盛迪亚生物医药有限公司,SHR-1316注射液,SHR-1501联合SHR-1316用于标准治疗失败的晚期恶性肿瘤患者。,https://www.cde.org.cn/main/xxgk/listpage/4b5255eb0a84820cef4ca3e8b6bbe20c,FIRST_OBSERVED_SNAPSHOT_DATE,,,2026-09-30T17:29:59+08:00,CXSL1900046,1,,COMPLETE,d9c0d2ed1dc40bf285005181a54dba1c,UNMAPPED_EXACT_NAME_REQUIRED
临床试验默示许可,official:d9e0a9aad36876487e9be21fa29c4689,江苏恒瑞医药股份有限公司;江苏恒瑞医药股份有限公司,SHR2285片,适应症:预防或治疗动静脉血栓，以及降低介入治疗或体外循环引起的血栓栓塞风险。,https://www.cde.org.cn/main/xxgk/listpage/4b5255eb0a84820cef4ca3e8b6bbe20c,FIRST_OBSERVED_SNAPSHOT_DATE,,,2026-09-30T17:29:59+08:00,CXHB2000017,1类,,COMPLETE,d9e0a9aad36876487e9be21fa29c4689,UNMAPPED_EXACT_NAME_REQUIRED
临床试验默示许可,official:da11a0c673d65250906224f1340c8c76,江苏恒瑞医药股份有限公司;江苏恒瑞医药股份有限公司,盐酸伊立替康脂质体注射液,本品用于既往经过含铂类方案治疗，且既往治疗线数不超过2线的局部晚期或转移性食管癌患者的治疗。,https://www.cde.org.cn/main/xxgk/listpage/4b5255eb0a84820cef4ca3e8b6bbe20c,FIRST_OBSERVED_SNAPSHOT_DATE,,,2026-09-30T17:29:59+08:00,CXHL2200080,2.2,,COMPLETE,da11a0c673d65250906224f1340c8c76,UNMAPPED_EXACT_NAME_REQUIRED
临床试验默示许可,official:da416db8234a93197573e92490b5f583,上海恒瑞医药有限公司;江苏恒瑞医药股份有限公司,HRS2543片,晚期恶性肿瘤,https://www.cde.org.cn/main/xxgk/listpage/4b5255eb0a84820cef4ca3e8b6bbe20c,FIRST_OBSERVED_SNAPSHOT_DATE,,,2026-09-30T17:29:59+08:00,CXHL2100034,1,,COMPLETE,da416db8234a93197573e92490b5f583,UNMAPPED_EXACT_NAME_REQUIRED
临床试验默示许可,official:dc6b202627a6b69ad1f6fd03dcffb9df,苏州盛迪亚生物医药有限公司;苏州盛迪亚生物医药有限公司;江苏恒瑞医药股份有限公司;上海恒瑞医药有限公司,注射用卡瑞利珠单抗,本品与白蛋白紫杉醇和阿帕替尼联合，用于既往针对复发转移阶段未接受过系统性抗肿瘤治疗的无法手术切除的局部晚期或转移性三阴性乳腺癌。,https://www.cde.org.cn/main/xxgk/listpage/4b5255eb0a84820cef4ca3e8b6bbe20c,FIRST_OBSERVED_SNAPSHOT_DATE,,,2026-09-30T17:29:59+08:00,CXSL1900123,1,,COMPLETE,dc6b202627a6b69ad1f6fd03dcffb9df,UNMAPPED_EXACT_NAME_REQUIRED
临床试验默示许可,official:dcc4303137b364da844ecba4f334fbe4,上海恒瑞医药有限公司;江苏恒瑞医药股份有限公司;苏州盛迪亚生物医药有限公司,SHR-1316注射液,SHR-1704联合SHR-1316用于标准治疗失败的晚期恶性肿瘤患者。,https://www.cde.org.cn/main/xxgk/listpage/4b5255eb0a84820cef4ca3e8b6bbe20c,FIRST_OBSERVED_SNAPSHOT_DATE,,,2026-09-30T17:29:59+08:00,CXSL1900056,1,,COMPLETE,dcc4303137b364da844ecba4f334fbe4,UNMAPPED_EXACT_NAME_REQUIRED
临床试验默示许可,official:dcdd173486a963b16821a9b662779417,苏州盛迪亚生物医药有限公司;苏州盛迪亚生物医药有限公司;江苏恒瑞医药股份有限公司;上海恒瑞医药有限公司,注射用卡瑞利珠单抗,注射用卡瑞利珠单抗联合顺铂和吉西他滨一线治疗局部晚期复发或转移鼻咽癌。,https://www.cde.org.cn/main/xxgk/listpage/4b5255eb0a84820cef4ca3e8b6bbe20c,FIRST_OBSERVED_SNAPSHOT_DATE,,,2026-09-30T17:29:59+08:00,CXSL1900055,1,,COMPLETE,dcdd173486a963b16821a9b662779417,UNMAPPED_EXACT_NAME_REQUIRED
临床试验默示许可,official:dda5103e060257f3c610fe7a3c41b19c,江苏恒瑞医药股份有限公司;上海恒瑞医药有限公司;苏州盛迪亚生物医药有限公司;成都新越医药有限公司,HRS9950片,本品临床拟用于慢性乙型肝炎的治疗。,https://www.cde.org.cn/main/xxgk/listpage/4b5255eb0a84820cef4ca3e8b6bbe20c,FIRST_OBSERVED_SNAPSHOT_DATE,,,2026-09-30T17:29:59+08:00,CXHL2000150,1,,COMPLETE,dda5103e060257f3c610fe7a3c41b19c,UNMAPPED_EXACT_NAME_REQUIRED
临床试验默示许可,official:de01481e1e05a6402505ee0c7df752fa,江苏恒瑞医药股份有限公司;江苏恒瑞医药股份有限公司;苏州盛迪亚生物医药有限公司;中国药科大学,DDO-3055片,本品临床拟用于慢性肾病所致贫血（包括透析和非透析）的治疗,https://www.cde.org.cn/main/xxgk/listpage/4b5255eb0a84820cef4ca3e8b6bbe20c,FIRST_OBSERVED_SNAPSHOT_DATE,,,2026-09-30T17:29:59+08:00,CXHL1900066,1,,COMPLETE,de01481e1e05a6402505ee0c7df752fa,UNMAPPED_EXACT_NAME_REQUIRED
临床试验默示许可,official:de53b177280f850db81ec76f37df1c7a,江苏恒瑞医药股份有限公司;江苏恒瑞医药股份有限公司;上海恒瑞医药有限公司,马来酸吡咯替尼片,本品单药拟用于HER2突变的、既往接受过标准化疗的晚期非小细胞肺腺癌患者的治疗。,https://www.cde.org.cn/main/xxgk/listpage/4b5255eb0a84820cef4ca3e8b6bbe20c,FIRST_OBSERVED_SNAPSHOT_DATE,,,2026-09-30T17:29:59+08:00,CXHL1900207,2.4,,COMPLETE,de53b177280f850db81ec76f37df1c7a,UNMAPPED_EXACT_NAME_REQUIRED
临床试验默示许可,official:def8e8817550964d13470dbe6dde4de3,苏州盛迪亚生物医药有限公司;苏州盛迪亚生物医药有限公司;江苏恒瑞医药股份有限公司;上海恒瑞医药有限公司,注射用卡瑞利珠单抗,注射用卡瑞利珠单抗联合卡培他滨和奥沙利铂序贯卡瑞利珠单抗联合甲磺酸阿帕替尼治疗既往未接受过系统治疗的晚期或转移性胃癌（GC）或胃食管交界处癌（GEJ）。,https://www.cde.org.cn/main/xxgk/listpage/4b5255eb0a84820cef4ca3e8b6bbe20c,FIRST_OBSERVED_SNAPSHOT_DATE,,,2026-09-30T17:29:59+08:00,CXSL1900036,1,,COMPLETE,def8e8817550964d13470dbe6dde4de3,UNMAPPED_EXACT_NAME_REQUIRED
临床试验默示许可,official:e1683234183f9aa1ccf0824a2fa251bc,上海恒瑞医药有限公司;江苏恒瑞医药股份有限公司,HRS8807片,乳腺癌,https://www.cde.org.cn/main/xxgk/listpage/4b5255eb0a84820cef4ca3e8b6bbe20c,FIRST_OBSERVED_SNAPSHOT_DATE,,,2026-09-30T17:29:59+08:00,CXHL2100138,1,,COMPLETE,e1683234183f9aa1ccf0824a2fa251bc,UNMAPPED_EXACT_NAME_REQUIRED
临床试验默示许可,official:e29b33965deb0a982f2eaddaa6e12b5c,江苏恒瑞医药股份有限公司;江苏恒瑞医药股份有限公司;上海恒瑞医药有限公司,苹果酸法米替尼胶囊,本品与注射用卡瑞利珠单抗联用治疗晚期泌尿系统肿瘤及妇科肿瘤。,https://www.cde.org.cn/main/xxgk/listpage/4b5255eb0a84820cef4ca3e8b6bbe20c,FIRST_OBSERVED_SNAPSHOT_DATE,,,2026-09-30T17:29:59+08:00,CXHL1900440,1,,COMPLETE,e29b33965deb0a982f2eaddaa6e12b5c,UNMAPPED_EXACT_NAME_REQUIRED
临床试验默示许可,official:e3c9010a85b029ae35ae4019d23f0ecf,江苏恒瑞医药股份有限公司;江苏恒瑞医药股份有限公司;上海恒瑞医药有限公司,马来酸吡咯替尼片,本品单药拟用于HER2突变的、既往接受过标准化疗的晚期非小细胞肺腺癌患者的治疗。,https://www.cde.org.cn/main/xxgk/listpage/4b5255eb0a84820cef4ca3e8b6bbe20c,FIRST_OBSERVED_SNAPSHOT_DATE,,,2026-09-30T17:29:59+08:00,CXHL1900208,2.4,,COMPLETE,e3c9010a85b029ae35ae4019d23f0ecf,UNMAPPED_EXACT_NAME_REQUIRED
临床试验默示许可,official:e49dc9091842ccc22031291ed8e25260,江苏恒瑞医药股份有限公司;江苏恒瑞医药股份有限公司,艾氟洛芬贴剂,本品用于骨关节炎的镇痛、消炎。,https://www.cde.org.cn/main/xxgk/listpage/4b5255eb0a84820cef4ca3e8b6bbe20c,FIRST_OBSERVED_SNAPSHOT_DATE,,,2026-09-30T17:29:59+08:00,CYHL2300045,3,,COMPLETE,e49dc9091842ccc22031291ed8e25260,UNMAPPED_EXACT_NAME_REQUIRED
临床试验默示许可,official:e5369d38b6e1d521db44cce82f53f130,江苏恒瑞医药股份有限公司;江苏恒瑞医药股份有限公司;上海恒瑞医药有限公司,SHR1459片,本品拟用于B细胞淋巴瘤和类风湿性关节炎的治疗。,https://www.cde.org.cn/main/xxgk/listpage/4b5255eb0a84820cef4ca3e8b6bbe20c,FIRST_OBSERVED_SNAPSHOT_DATE,,,2026-09-30T17:29:59+08:00,CXHB2000010,化学药品1类,,COMPLETE,e5369d38b6e1d521db44cce82f53f130,UNMAPPED_EXACT_NAME_REQUIRED
临床试验默示许可,official:e58dbbe04e595fef2c5c0c642516331d,苏州盛迪亚生物医药有限公司;苏州盛迪亚生物医药有限公司;江苏恒瑞医药股份有限公司;上海恒瑞医药有限公司,注射用卡瑞利珠单抗,注射用卡瑞利珠单抗拟联合甲磺酸阿帕替尼对比紫杉醇或伊立替康治疗一线化疗失败的晚期胃或胃食管结合部腺癌患者。,https://www.cde.org.cn/main/xxgk/listpage/4b5255eb0a84820cef4ca3e8b6bbe20c,FIRST_OBSERVED_SNAPSHOT_DATE,,,2026-09-30T17:29:59+08:00,CXSL2000007,1,,COMPLETE,e58dbbe04e595fef2c5c0c642516331d,UNMAPPED_EXACT_NAME_REQUIRED
临床试验默示许可,official:e5da9b5a7887021ba0edf0ffdb1695c8,江苏恒瑞医药股份有限公司;江苏恒瑞医药股份有限公司,SHR1459片,本品联合YY-20394用于复发/难治B细胞非霍奇金淋巴瘤患者,https://www.cde.org.cn/main/xxgk/listpage/4b5255eb0a84820cef4ca3e8b6bbe20c,FIRST_OBSERVED_SNAPSHOT_DATE,,,2026-09-30T17:29:59+08:00,CXHL2100092,化学药品1类,,COMPLETE,e5da9b5a7887021ba0edf0ffdb1695c8,UNMAPPED_EXACT_NAME_REQUIRED
临床试验默示许可,official:e6b4e1c81b78607501d7e00532f5f993,江苏恒瑞医药股份有限公司;江苏恒瑞医药股份有限公司,氟唑帕利胶囊,本品拟用于实体廇的治疗。,https://www.cde.org.cn/main/xxgk/listpage/4b5255eb0a84820cef4ca3e8b6bbe20c,FIRST_OBSERVED_SNAPSHOT_DATE,,,2026-09-30T17:29:59+08:00,CXHB1800081,,,COMPLETE,e6b4e1c81b78607501d7e00532f5f993,UNMAPPED_EXACT_NAME_REQUIRED
临床试验默示许可,official:e70386f57599689e687fbddc61c63a15,上海恒瑞医药有限公司;江苏恒瑞医药股份有限公司,HRS8807片,乳腺癌,https://www.cde.org.cn/main/xxgk/listpage/4b5255eb0a84820cef4ca3e8b6bbe20c,FIRST_OBSERVED_SNAPSHOT_DATE,,,2026-09-30T17:29:59+08:00,CXHL2100139,1,,COMPLETE,e70386f57599689e687fbddc61c63a15,UNMAPPED_EXACT_NAME_REQUIRED
临床试验默示许可,official:e70952021a78d8d94430f7c30596f75a,江苏恒瑞医药股份有限公司;江苏恒瑞医药股份有限公司,脯氨酸恒格列净,本品在饮食和运动基础上，与盐酸二甲双胍和磷酸瑞格列汀联合用于治疗2型糖尿病。,https://www.cde.org.cn/main/xxgk/listpage/4b5255eb0a84820cef4ca3e8b6bbe20c,FIRST_OBSERVED_SNAPSHOT_DATE,,,2026-09-30T17:29:59+08:00,CXHL2000391,1,,COMPLETE,e70952021a78d8d94430f7c30596f75a,UNMAPPED_EXACT_NAME_REQUIRED
临床试验默示许可,official:e738e195b5cba0f1b69914083902e59a,江苏恒瑞医药股份有限公司;苏州盛迪亚生物医药有限公司;成都盛迪医药有限公司,HR18042片,本品临床拟用于中度至重度急性疼痛的治疗。,https://www.cde.org.cn/main/xxgk/listpage/4b5255eb0a84820cef4ca3e8b6bbe20c,FIRST_OBSERVED_SNAPSHOT_DATE,,,2026-09-30T17:29:59+08:00,CXHL2000209,2.3,,COMPLETE,e738e195b5cba0f1b69914083902e59a,UNMAPPED_EXACT_NAME_REQUIRED
临床试验默示许可,official:e7a0bcb1372ba1dfaffa43c98990f908,江苏恒瑞医药股份有限公司;江苏恒瑞医药股份有限公司,SHR7280片,辅助生殖技术中，用于控制性超促排卵治疗的患者，防止提前排卵。,https://www.cde.org.cn/main/xxgk/listpage/4b5255eb0a84820cef4ca3e8b6bbe20c,FIRST_OBSERVED_SNAPSHOT_DATE,,,2026-09-30T17:29:59+08:00,CXHL2101284,1,,COMPLETE,e7a0bcb1372ba1dfaffa43c98990f908,UNMAPPED_EXACT_NAME_REQUIRED
临床试验默示许可,official:e7da2c7db428adc72036eeb1a6ff461e,上海恒瑞医药有限公司;江苏恒瑞医药股份有限公司,HRS-4642注射液,本品联合阿得贝利单抗或SHR-1701±贝伐珠单抗±SHR-8068±化疗±SHR-A2102±法米替尼，或联合SHR-7367±化疗±达尔西利±阿得贝利单抗，或联合SHR-A2102±SHR-7367±阿得贝利单抗，或联合法米替尼用于KRAS G12D突变的实体瘤,https://www.cde.org.cn/main/xxgk/listpage/4b5255eb0a84820cef4ca3e8b6bbe20c,FIRST_OBSERVED_SNAPSHOT_DATE,,,2026-09-30T17:29:59+08:00,CXHL2500821,1,,COMPLETE,e7da2c7db428adc72036eeb1a6ff461e,UNMAPPED_EXACT_NAME_REQUIRED
临床试验默示许可,official:e8ad45f26feeba51cd04c29c0f15abfe,江苏恒瑞医药股份有限公司;上海恒瑞医药有限公司;苏州盛迪亚生物医药有限公司,注射用SHR-4394,注射用SHR-4394联合或不联合HRS-5041片联合或不联合二代AR抑制剂联合或不联合醋酸阿比特龙片（II）联合或不联合泽美妥司他片用于前列腺癌。,https://www.cde.org.cn/main/xxgk/listpage/4b5255eb0a84820cef4ca3e8b6bbe20c,FIRST_OBSERVED_SNAPSHOT_DATE,,,2026-09-30T17:29:59+08:00,CXSL2500863,1,,COMPLETE,e8ad45f26feeba51cd04c29c0f15abfe,UNMAPPED_EXACT_NAME_REQUIRED
临床试验默示许可,official:e8e1cca375dc0931b39b9dc371fa8ffd,福建盛迪医药有限公司;江苏恒瑞医药股份有限公司;北京拓界生物医药科技有限公司,HRS-4729注射液,超重或肥胖,https://www.cde.org.cn/main/xxgk/listpage/4b5255eb0a84820cef4ca3e8b6bbe20c,FIRST_OBSERVED_SNAPSHOT_DATE,,,2026-09-30T17:29:59+08:00,CXHL2401027,1,,COMPLETE,e8e1cca375dc0931b39b9dc371fa8ffd,UNMAPPED_EXACT_NAME_REQUIRED
临床试验默示许可,official:e9ab0004c05291664cd7d1637d074ec7,江苏恒瑞医药股份有限公司;江苏恒瑞医药股份有限公司,SHR2150胶囊,拟用于HIV-1感染患者的治疗.,https://www.cde.org.cn/main/xxgk/listpage/4b5255eb0a84820cef4ca3e8b6bbe20c,FIRST_OBSERVED_SNAPSHOT_DATE,,,2026-09-30T17:29:59+08:00,CXHL2000581,1,,COMPLETE,e9ab0004c05291664cd7d1637d074ec7,UNMAPPED_EXACT_NAME_REQUIRED
临床试验默示许可,official:ea144a0857ae800d8531908d8e311d48,上海恒瑞医药有限公司;江苏恒瑞医药股份有限公司;苏州盛迪亚生物医药有限公司,SHR-1701注射液,既往未接受过系统性治疗或者胸部放射治疗的、病理组织学或细胞学证实的不可切除的III期非小细胞肺癌患者。,https://www.cde.org.cn/main/xxgk/listpage/4b5255eb0a84820cef4ca3e8b6bbe20c,FIRST_OBSERVED_SNAPSHOT_DATE,,,2026-09-30T17:29:59+08:00,CXSL2000163,治疗性生物制品,,COMPLETE,ea144a0857ae800d8531908d8e311d48,UNMAPPED_EXACT_NAME_REQUIRED
临床试验默示许可,official:eabe80e6d8d90236c7fde1c5ff8f8999,江苏恒瑞医药股份有限公司;江苏恒瑞医药股份有限公司,SHR2554片,本品拟用于恶性肿瘤的治疗。,https://www.cde.org.cn/main/xxgk/listpage/4b5255eb0a84820cef4ca3e8b6bbe20c,FIRST_OBSERVED_SNAPSHOT_DATE,,,2026-09-30T17:29:59+08:00,CXHB2000120,化学药品1类,,COMPLETE,eabe80e6d8d90236c7fde1c5ff8f8999,UNMAPPED_EXACT_NAME_REQUIRED
临床试验默示许可,official:eb13940e2adb01c734fc8b9c59169586,福建盛迪医药有限公司;江苏恒瑞医药股份有限公司;北京拓界生物医药科技有限公司,HRS-4729注射液,代谢相关脂肪性肝病/代谢相关脂肪性肝炎。,https://www.cde.org.cn/main/xxgk/listpage/4b5255eb0a84820cef4ca3e8b6bbe20c,FIRST_OBSERVED_SNAPSHOT_DATE,,,2026-09-30T17:29:59+08:00,CXHL2500559,1,,COMPLETE,eb13940e2adb01c734fc8b9c59169586,UNMAPPED_EXACT_NAME_REQUIRED
临床试验默示许可,official:ebd3a3d9dcf5601f40af421ce28e3a79,江苏恒瑞医药股份有限公司;江苏恒瑞医药股份有限公司,苹果酸法米替尼胶囊,PD-L1表达阳性（TPS≥1%）且不伴有EGFR/ALK基因突变异常的复发性或转移性非小细胞肺癌,https://www.cde.org.cn/main/xxgk/listpage/4b5255eb0a84820cef4ca3e8b6bbe20c,FIRST_OBSERVED_SNAPSHOT_DATE,,,2026-09-30T17:29:59+08:00,CXHL2101391,化学药品1类,,COMPLETE,ebd3a3d9dcf5601f40af421ce28e3a79,UNMAPPED_EXACT_NAME_REQUIRED
临床试验默示许可,official:ec188a78751c22b1d0874bdcfc1af471,苏州盛迪亚生物医药有限公司;苏州盛迪亚生物医药有限公司;江苏恒瑞医药股份有限公司;上海恒瑞医药有限公司,注射用卡瑞利珠单抗,卡瑞利珠单抗联合甲磺酸阿帕替尼片治疗未接受过系统治疗的无法根治的晚期肝细胞癌（HCC）患者。,https://www.cde.org.cn/main/xxgk/listpage/4b5255eb0a84820cef4ca3e8b6bbe20c,FIRST_OBSERVED_SNAPSHOT_DATE,,,2026-09-30T17:29:59+08:00,CXSL1900009,1,,COMPLETE,ec188a78751c22b1d0874bdcfc1af471,UNMAPPED_EXACT_NAME_REQUIRED
临床试验默示许可,official:eeb462abbb3427d9f3055371cdd29ceb,苏州盛迪亚生物医药有限公司;苏州盛迪亚生物医药有限公司;江苏恒瑞医药股份有限公司;上海恒瑞医药有限公司,SHR-1316注射液,SHR-1316联合依托泊苷+铂类同步化放疗一线治疗局限期小细胞肺癌。,https://www.cde.org.cn/main/xxgk/listpage/4b5255eb0a84820cef4ca3e8b6bbe20c,FIRST_OBSERVED_SNAPSHOT_DATE,,,2026-09-30T17:29:59+08:00,CXSL2000099,1,,COMPLETE,eeb462abbb3427d9f3055371cdd29ceb,UNMAPPED_EXACT_NAME_REQUIRED
临床试验默示许可,official:f0850f6d08932cccb61f9b916a6de67b,江苏恒瑞医药股份有限公司;江苏恒瑞医药股份有限公司,SHR7280片,辅助生殖技术中，用于控制性超促排卵治疗的患者，防止提前排卵。,https://www.cde.org.cn/main/xxgk/listpage/4b5255eb0a84820cef4ca3e8b6bbe20c,FIRST_OBSERVED_SNAPSHOT_DATE,,,2026-09-30T17:29:59+08:00,CXHL2101283,1,,COMPLETE,f0850f6d08932cccb61f9b916a6de67b,UNMAPPED_EXACT_NAME_REQUIRED
临床试验默示许可,official:f17abc52312d67ed66b7be351fb7322c,江苏恒瑞医药股份有限公司;江苏恒瑞医药股份有限公司,海曲泊帕乙醇胺片,本品联合环孢素适用于初治非重型再生障碍性贫血（NSAA）患者。,https://www.cde.org.cn/main/xxgk/listpage/4b5255eb0a84820cef4ca3e8b6bbe20c,FIRST_OBSERVED_SNAPSHOT_DATE,,,2026-09-30T17:29:59+08:00,CXHL2200964,化学药品:2.4类,,COMPLETE,f17abc52312d67ed66b7be351fb7322c,UNMAPPED_EXACT_NAME_REQUIRED
临床试验默示许可,official:f259d53a650e0ee176bd21736827b4ca,江苏恒瑞医药股份有限公司;上海甫弘生物医药有限公司,注射用FH-006,实体瘤,https://www.cde.org.cn/main/xxgk/listpage/4b5255eb0a84820cef4ca3e8b6bbe20c,FIRST_OBSERVED_SNAPSHOT_DATE,,,2026-09-30T17:29:59+08:00,CXSB2600114,1,,COMPLETE,f259d53a650e0ee176bd21736827b4ca,UNMAPPED_EXACT_NAME_REQUIRED
临床试验默示许可,official:f26e2a2da45f21b3e53bedc212505ed8,江苏恒瑞医药股份有限公司;江苏恒瑞医药股份有限公司,苹果酸法米替尼胶囊,含铂类化疗和免疫检查点抑制剂治疗失败的晚期非小细胞肺癌,https://www.cde.org.cn/main/xxgk/listpage/4b5255eb0a84820cef4ca3e8b6bbe20c,FIRST_OBSERVED_SNAPSHOT_DATE,,,2026-09-30T17:29:59+08:00,CXHL2101374,化学药品1类,,COMPLETE,f26e2a2da45f21b3e53bedc212505ed8,UNMAPPED_EXACT_NAME_REQUIRED
临床试验默示许可,official:f47ef6d5037dfcd637fe2b7ec9099b0b,上海盛迪医药有限公司;江苏恒瑞医药股份有限公司,HRS-9231注射液,本品用于全身各部位磁共振成像（MRI）检测和显示异常血管病变。,https://www.cde.org.cn/main/xxgk/listpage/4b5255eb0a84820cef4ca3e8b6bbe20c,FIRST_OBSERVED_SNAPSHOT_DATE,,,2026-09-30T17:29:59+08:00,CXHB2500100,1,,COMPLETE,f47ef6d5037dfcd637fe2b7ec9099b0b,UNMAPPED_EXACT_NAME_REQUIRED
临床试验默示许可,official:f4f5c33294f939eddb792a7c59705381,江苏恒瑞医药股份有限公司;江苏恒瑞医药股份有限公司;上海恒瑞医药有限公司,SHR0302片,本品拟用于活动性强直性脊柱炎的治疗。,https://www.cde.org.cn/main/xxgk/listpage/4b5255eb0a84820cef4ca3e8b6bbe20c,FIRST_OBSERVED_SNAPSHOT_DATE,,,2026-09-30T17:29:59+08:00,CXHL2000052,1,,COMPLETE,f4f5c33294f939eddb792a7c59705381,UNMAPPED_EXACT_NAME_REQUIRED
临床试验默示许可,official:f7b6948fd595c02b118dc6674a2728d7,江苏恒瑞医药股份有限公司;成都盛迪医药有限公司,HRS-5041片,前列腺癌,https://www.cde.org.cn/main/xxgk/listpage/4b5255eb0a84820cef4ca3e8b6bbe20c,FIRST_OBSERVED_SNAPSHOT_DATE,,,2026-09-30T17:29:59+08:00,CXHL2300309,1,,COMPLETE,f7b6948fd595c02b118dc6674a2728d7,UNMAPPED_EXACT_NAME_REQUIRED
临床试验默示许可,official:f8194a3b8fc4a3087f09b0afaa2608c2,江苏恒瑞医药股份有限公司;江苏恒瑞医药股份有限公司,INS068注射液,本品拟用于1型和2型糖尿病的治疗。,https://www.cde.org.cn/main/xxgk/listpage/4b5255eb0a84820cef4ca3e8b6bbe20c,FIRST_OBSERVED_SNAPSHOT_DATE,,,2026-09-30T17:29:59+08:00,CXSB2000039,1,,COMPLETE,f8194a3b8fc4a3087f09b0afaa2608c2,UNMAPPED_EXACT_NAME_REQUIRED
临床试验默示许可,official:f82c156ff33ec374916d127a70504eae,江苏恒瑞医药股份有限公司;江苏恒瑞医药股份有限公司,马来酸吡咯替尼片,本品联合SHR-A1811用于 Her-2阳性的晚期实体瘤患者的治疗。,https://www.cde.org.cn/main/xxgk/listpage/4b5255eb0a84820cef4ca3e8b6bbe20c,FIRST_OBSERVED_SNAPSHOT_DATE,,,2026-09-30T17:29:59+08:00,CXHL2300389,2.4,,COMPLETE,f82c156ff33ec374916d127a70504eae,UNMAPPED_EXACT_NAME_REQUIRED
临床试验默示许可,official:f82c6141e8e915223eda7599c283f68b,江苏恒瑞医药股份有限公司;江苏恒瑞医药股份有限公司;上海恒瑞医药有限公司,盐酸伊立替康脂质体注射液,联合PD-L1抗体（SHR-1316）和5-氟尿嘧啶用于一线治疗晚期食管鳞癌。,https://www.cde.org.cn/main/xxgk/listpage/4b5255eb0a84820cef4ca3e8b6bbe20c,FIRST_OBSERVED_SNAPSHOT_DATE,,,2026-09-30T17:29:59+08:00,CXHL1900220,2.2;2.4,,COMPLETE,f82c6141e8e915223eda7599c283f68b,UNMAPPED_EXACT_NAME_REQUIRED
临床试验默示许可,official:f8c476a6b06eeb595c1e0774c8dc2832,苏州盛迪亚生物医药有限公司;苏州盛迪亚生物医药有限公司;江苏恒瑞医药股份有限公司;上海恒瑞医药有限公司,SHR-1316注射液,SHR-1316联合氟唑帕利治疗既往接受含铂化疗方案且疾病进展的小细胞肺癌。,https://www.cde.org.cn/main/xxgk/listpage/4b5255eb0a84820cef4ca3e8b6bbe20c,FIRST_OBSERVED_SNAPSHOT_DATE,,,2026-09-30T17:29:59+08:00,CXSL1900106,1,,COMPLETE,f8c476a6b06eeb595c1e0774c8dc2832,UNMAPPED_EXACT_NAME_REQUIRED
临床试验默示许可,official:f97a81ef237572d4a920fa01d4626120,江苏恒瑞医药股份有限公司;江苏恒瑞医药股份有限公司;上海恒瑞医药有限公司,SHR6390片,本品拟联合来曲唑/阿那曲唑用于HR阳性，HER2阴性的经内分泌治疗后进展的复发或转移性乳腺癌的治疗。,https://www.cde.org.cn/main/xxgk/listpage/4b5255eb0a84820cef4ca3e8b6bbe20c,FIRST_OBSERVED_SNAPSHOT_DATE,,,2026-09-30T17:29:59+08:00,CXHL1900239,1,,COMPLETE,f97a81ef237572d4a920fa01d4626120,UNMAPPED_EXACT_NAME_REQUIRED
临床试验默示许可,official:fa322e171cb0c7d0c47de8e944b7e29b,江苏恒瑞医药股份有限公司;江苏恒瑞医药股份有限公司,硫酸氢伊伐布雷定缓释片,慢性心力衰竭,https://www.cde.org.cn/main/xxgk/listpage/4b5255eb0a84820cef4ca3e8b6bbe20c,FIRST_OBSERVED_SNAPSHOT_DATE,,,2026-09-30T17:29:59+08:00,CXHL2100044,2类,,COMPLETE,fa322e171cb0c7d0c47de8e944b7e29b,UNMAPPED_EXACT_NAME_REQUIRED
临床试验默示许可,official:fa8a59a165d4eb9e5ded6cf60a8c95e2,江苏恒瑞医药股份有限公司;江苏恒瑞医药股份有限公司,注射用甲苯磺酸瑞马唑仑,本品拟用于ICU机械通气镇静,https://www.cde.org.cn/main/xxgk/listpage/4b5255eb0a84820cef4ca3e8b6bbe20c,FIRST_OBSERVED_SNAPSHOT_DATE,,,2026-09-30T17:29:59+08:00,CXHL2000213,2.4,,COMPLETE,fa8a59a165d4eb9e5ded6cf60a8c95e2,UNMAPPED_EXACT_NAME_REQUIRED
临床试验默示许可,official:fb8b113063b0bd4aa8ab07ad2754b8c0,苏州盛迪亚生物医药有限公司;苏州盛迪亚生物医药有限公司;江苏恒瑞医药股份有限公司;上海恒瑞医药有限公司,注射用卡瑞利珠单抗,卡瑞利珠单抗联合培美曲塞加卡铂一线治疗晚期或转移性非鳞癌非小细胞肺癌。,https://www.cde.org.cn/main/xxgk/listpage/4b5255eb0a84820cef4ca3e8b6bbe20c,FIRST_OBSERVED_SNAPSHOT_DATE,,,2026-09-30T17:29:59+08:00,CXSL1900030,1,,COMPLETE,fb8b113063b0bd4aa8ab07ad2754b8c0,UNMAPPED_EXACT_NAME_REQUIRED
临床试验默示许可,official:fc5666ec1118766e7b82137caa3e0285,江苏恒瑞医药股份有限公司;江苏恒瑞医药股份有限公司,硫培非格司亭注射液,本品适用于成年非髓性恶性肿瘤患者在接受容易引起发热性中性粒细胞减少症的骨髓抑制性抗癌药物治疗时，降低以发热性中性粒细胞减少症为表现的感染发生率。,https://www.cde.org.cn/main/xxgk/listpage/4b5255eb0a84820cef4ca3e8b6bbe20c,FIRST_OBSERVED_SNAPSHOT_DATE,,,2026-09-30T17:29:59+08:00,CXSB2200022,治疗用生物制品,,COMPLETE,fc5666ec1118766e7b82137caa3e0285,UNMAPPED_EXACT_NAME_REQUIRED
临床试验默示许可,official:fd0268fbfed79884efb286d048005f02,江苏恒瑞医药股份有限公司;江苏恒瑞医药股份有限公司,苹果酸法米替尼胶囊,晚期实体瘤,https://www.cde.org.cn/main/xxgk/listpage/4b5255eb0a84820cef4ca3e8b6bbe20c,FIRST_OBSERVED_SNAPSHOT_DATE,,,2026-09-30T17:29:59+08:00,CXHB2000145,化学药品第1类,,COMPLETE,fd0268fbfed79884efb286d048005f02,UNMAPPED_EXACT_NAME_REQUIRED
临床试验默示许可,official:fd77b1234386f3ad20a1e6e64762bc66,江苏恒瑞医药股份有限公司;江苏恒瑞医药股份有限公司,氟唑帕利胶囊,氟唑帕利胶囊联合贝伐珠单抗注射液用于转移性结直肠癌。,https://www.cde.org.cn/main/xxgk/listpage/4b5255eb0a84820cef4ca3e8b6bbe20c,FIRST_OBSERVED_SNAPSHOT_DATE,,,2026-09-30T17:29:59+08:00,CXHL2101303,2.4,,COMPLETE,fd77b1234386f3ad20a1e6e64762bc66,UNMAPPED_EXACT_NAME_REQUIRED
临床试验默示许可,official:fd8249ca3ba0f82693e93178e8f5918d,苏州盛迪亚生物医药有限公司;苏州盛迪亚生物医药有限公司;江苏恒瑞医药股份有限公司;上海恒瑞医药有限公司,注射用卡瑞利珠单抗,注射用卡瑞利珠单抗联合苹果酸法米替尼胶囊、培美曲塞和卡铂，用于既往未接受过系统治疗的EGFR/ALK野生型的晚期或转移性非鳞癌非小细胞肺癌。,https://www.cde.org.cn/main/xxgk/listpage/4b5255eb0a84820cef4ca3e8b6bbe20c,FIRST_OBSERVED_SNAPSHOT_DATE,,,2026-09-30T17:29:59+08:00,CXSL2000188,1,,COMPLETE,fd8249ca3ba0f82693e93178e8f5918d,UNMAPPED_EXACT_NAME_REQUIRED
临床试验默示许可,official:fd9a6901a13b9a288aae965d50d045c3,江苏恒瑞医药股份有限公司;江苏恒瑞医药股份有限公司,硫培非格司亭注射液,本品适用于成年非髓性恶性肿瘤患者在接受容易引起发热性中性粒细胞减少症的骨髓抑制性抗癌药物治疗时，降低以发热性中性粒细胞减少症为表现的感染发生率。,https://www.cde.org.cn/main/xxgk/listpage/4b5255eb0a84820cef4ca3e8b6bbe20c,FIRST_OBSERVED_SNAPSHOT_DATE,,,2026-09-30T17:29:59+08:00,CYSB2300015,治疗用生物制品,,COMPLETE,fd9a6901a13b9a288aae965d50d045c3,UNMAPPED_EXACT_NAME_REQUIRED
临床试验默示许可,official:fda34f29e414173fd5c0b75c34661db0,江苏恒瑞医药股份有限公司;江苏恒瑞医药股份有限公司,SHR6390片,本品联合内分泌治疗用于HR阳性，HER2阴性的早期或局部晚期乳腺癌的辅助治疗。,https://www.cde.org.cn/main/xxgk/listpage/4b5255eb0a84820cef4ca3e8b6bbe20c,FIRST_OBSERVED_SNAPSHOT_DATE,,,2026-09-30T17:29:59+08:00,CXHL2000435,1,,COMPLETE,fda34f29e414173fd5c0b75c34661db0,UNMAPPED_EXACT_NAME_REQUIRED
临床试验默示许可,official:fdbef1e30e3b4211e4d434ea788e83c2,江苏恒瑞医药股份有限公司;江苏恒瑞医药股份有限公司;上海恒瑞医药有限公司,马来酸吡咯替尼片,本品单药用于HER2外显子20突变的、既往含铂化疗失败的晚期非鳞状非小细胞肺癌患者的治疗。,https://www.cde.org.cn/main/xxgk/listpage/4b5255eb0a84820cef4ca3e8b6bbe20c,FIRST_OBSERVED_SNAPSHOT_DATE,,,2026-09-30T17:29:59+08:00,CXHB2000015,2.4,,COMPLETE,fdbef1e30e3b4211e4d434ea788e83c2,UNMAPPED_EXACT_NAME_REQUIRED
临床试验默示许可,official:ff1d2fb66add4db1bc560219299bfd79,江苏恒瑞医药股份有限公司;瑞石生物医药有限公司,SHR0302片,本品拟用于中重度溃疡性结肠炎的治疗。,https://www.cde.org.cn/main/xxgk/listpage/4b5255eb0a84820cef4ca3e8b6bbe20c,FIRST_OBSERVED_SNAPSHOT_DATE,,,2026-09-30T17:29:59+08:00,CXHL1800149,1,,COMPLETE,ff1d2fb66add4db1bc560219299bfd79,UNMAPPED_EXACT_NAME_REQUIRED
临床试验默示许可,official:ffdc7dca0f812a7cd9dd5a5ae7ddb115,江苏恒瑞医药股份有限公司;江苏恒瑞医药股份有限公司;上海恒瑞医药有限公司,苹果酸法米替尼胶囊,本品单药用于治疗经过伊马替尼治疗失败的晚期胃肠道间质瘤。,https://www.cde.org.cn/main/xxgk/listpage/4b5255eb0a84820cef4ca3e8b6bbe20c,FIRST_OBSERVED_SNAPSHOT_DATE,,,2026-09-30T17:29:59+08:00,CXHL2000273,1,,COMPLETE,ffdc7dca0f812a7cd9dd5a5ae7ddb115,UNMAPPED_EXACT_NAME_REQUIRED
纳入优先审评品种名单,official:4ed7291657db83e62db690c991262e1f,;江苏恒瑞医药股份有限公司;上海恒瑞医药有限公司,盐酸右美托咪定鼻喷剂,,https://www.cde.org.cn/main/xxgk/listpage/2f78f372d351c6851af7431c7710a731,PUBLICATION_DATE_EXPLICIT,2016-10-10,,,CXHL1502031,,已纳入,COMPLETE,4ed7291657db83e62db690c991262e1f,UNMAPPED_EXACT_NAME_REQUIRED
纳入优先审评品种名单,official:ca252ce6ba80c4d8042b5859bce986f4,江苏盛迪医药有限公司;江苏恒瑞医药股份有限公司,醋酸卡泊芬净,,https://www.cde.org.cn/main/xxgk/listpage/2f78f372d351c6851af7431c7710a731,PUBLICATION_DATE_EXPLICIT,2016-10-10,,,CXHS1200312,,已纳入,COMPLETE,ca252ce6ba80c4d8042b5859bce986f4,UNMAPPED_EXACT_NAME_REQUIRED
纳入突破性治疗品种名单,official:1e0a362d64015ebcbf32d6949acbba11,江苏恒瑞医药股份有限公司;江苏恒瑞医药股份有限公司;上海恒瑞医药有限公司,苹果酸法米替尼胶囊,注射用卡瑞利珠单抗联合苹果酸法米替尼胶囊治疗经过一线级以上治疗失败的复发转移性宫颈癌,https://www.cde.org.cn/main/xxgk/listpage/da6efd086c099b7fc949121166f0130c,PUBLICATION_DATE_EXPLICIT,2020-11-23,,,CXHL1900440,1,已纳入,COMPLETE,1e0a362d64015ebcbf32d6949acbba11,UNMAPPED_EXACT_NAME_REQUIRED
纳入突破性治疗品种名单,official:545cf855a50574699b46b26bcb165f32,苏州盛迪亚生物医药有限公司;苏州盛迪亚生物医药有限公司;江苏恒瑞医药股份有限公司;上海恒瑞医药有限公司,注射用卡瑞利珠单抗,注射用卡瑞利珠单抗联合苹果酸法米替尼胶囊治疗经过一线级以上治疗失败的复发转移性宫颈癌,https://www.cde.org.cn/main/xxgk/listpage/da6efd086c099b7fc949121166f0130c,PUBLICATION_DATE_EXPLICIT,2020-11-23,,,CXSL2000003,1,已纳入,COMPLETE,545cf855a50574699b46b26bcb165f32,UNMAPPED_EXACT_NAME_REQUIRED
纳入突破性治疗品种名单,official:43c28bd3a5d4eda90ad09d82c1c9d017,江苏恒瑞医药股份有限公司;江苏恒瑞医药股份有限公司;上海恒瑞医药有限公司,SHR6390片,SHR6390片联合氟维司群用于经内分泌治疗后进展的激素受体（HR）阳性、人表皮生长因子受体2（HER2）阴性的复发或转移性乳腺癌的治疗,https://www.cde.org.cn/main/xxgk/listpage/da6efd086c099b7fc949121166f0130c,PUBLICATION_DATE_EXPLICIT,2021-03-17,,,CXHL1900242,1,已纳入,COMPLETE,43c28bd3a5d4eda90ad09d82c1c9d017,UNMAPPED_EXACT_NAME_REQUIRED
纳入突破性治疗品种名单,official:e22cdd59b8f7264a57e5ac01e479c676,江苏恒瑞医药股份有限公司;江苏恒瑞医药股份有限公司,SHR3680片,本品适用于治疗高瘤负荷的转移性激素敏感性前列腺癌患者。,https://www.cde.org.cn/main/xxgk/listpage/da6efd086c099b7fc949121166f0130c,PUBLICATION_DATE_EXPLICIT,2021-08-26,,,CXHL2000409,1,已纳入,COMPLETE,e22cdd59b8f7264a57e5ac01e479c676,UNMAPPED_EXACT_NAME_REQUIRED
纳入突破性治疗品种名单,official:523c979b395256332cb74cd37b6e0e45,江苏恒瑞医药股份有限公司;江苏恒瑞医药股份有限公司;上海恒瑞医药有限公司,苹果酸法米替尼胶囊,注射用卡瑞利珠单抗联合苹果酸法米替尼胶囊一线治疗肿瘤细胞PD-L1表达阳性（TPS≥1%）且不伴有EGFR/ALK基因异常的复发性或转移性非小细胞肺癌,https://www.cde.org.cn/main/xxgk/listpage/da6efd086c099b7fc949121166f0130c,PUBLICATION_DATE_EXPLICIT,2022-10-20,,,CXHL2000008,1,已纳入,COMPLETE,523c979b395256332cb74cd37b6e0e45,UNMAPPED_EXACT_NAME_REQUIRED
纳入突破性治疗品种名单,official:d8c80f8b1c04df67f3dfc44e781464b8,苏州盛迪亚生物医药有限公司;苏州盛迪亚生物医药有限公司;江苏恒瑞医药股份有限公司;上海恒瑞医药有限公司,注射用卡瑞利珠单抗,注射用卡瑞利珠单抗联合苹果酸法米替尼胶囊一线治疗肿瘤细胞PD-L1表达阳性（TPS≥1%）且不伴有EGFR/ALK基因异常的复发性或转移性非小细胞肺癌,https://www.cde.org.cn/main/xxgk/listpage/da6efd086c099b7fc949121166f0130c,PUBLICATION_DATE_EXPLICIT,2022-10-20,,,CXSL2000006,1,已纳入,COMPLETE,d8c80f8b1c04df67f3dfc44e781464b8,UNMAPPED_EXACT_NAME_REQUIRED
纳入突破性治疗品种名单,official:e0f4c850a315258d0455af52c0becea3,江苏恒瑞医药股份有限公司;江苏恒瑞医药股份有限公司;上海恒瑞医药有限公司,苹果酸法米替尼胶囊,注射用卡瑞利珠单抗联合苹果酸法米替尼胶囊一线治疗肿瘤细胞PD-L1表达阳性（TPS≥1%）且不伴有EGFR/ALK基因异常的复发性或转移性非小细胞肺癌,https://www.cde.org.cn/main/xxgk/listpage/da6efd086c099b7fc949121166f0130c,PUBLICATION_DATE_EXPLICIT,2022-10-20,,,CXHL2000007,1,已纳入,COMPLETE,e0f4c850a315258d0455af52c0becea3,UNMAPPED_EXACT_NAME_REQUIRED
纳入突破性治疗品种名单,official:628fab219966aa11e8c462908535c647,江苏恒瑞医药股份有限公司;江苏恒瑞医药股份有限公司;上海恒瑞医药有限公司,马来酸吡咯替尼片,马来酸吡咯替尼片与曲妥珠单抗和多西他赛联合，用于治疗表皮生长因子受体2（HER2）阳性、晚期阶段未接受过抗HER2治疗的复发或转移性乳腺癌患者,https://www.cde.org.cn/main/xxgk/listpage/da6efd086c099b7fc949121166f0130c,PUBLICATION_DATE_EXPLICIT,2022-11-03,,,CXHL1100291,1.1,已纳入,COMPLETE,628fab219966aa11e8c462908535c647,UNMAPPED_EXACT_NAME_REQUIRED
纳入突破性治疗品种名单,official:f0bdd32fe6e9fccd2b08e945777726ec,江苏恒瑞医药股份有限公司;江苏恒瑞医药股份有限公司;上海恒瑞医药有限公司,马来酸吡咯替尼片,马来酸吡咯替尼片与曲妥珠单抗和多西他赛联合，用于治疗表皮生长因子受体2（HER2）阳性、晚期阶段未接受过抗HER2治疗的复发或转移性乳腺癌患者,https://www.cde.org.cn/main/xxgk/listpage/da6efd086c099b7fc949121166f0130c,PUBLICATION_DATE_EXPLICIT,2022-11-03,,,CXHL1100290,1.1,已纳入,COMPLETE,f0bdd32fe6e9fccd2b08e945777726ec,UNMAPPED_EXACT_NAME_REQUIRED
纳入突破性治疗品种名单,official:081014dd6ccec4c1e051423a6fe0e6f9,江苏恒瑞医药股份有限公司;江苏恒瑞医药股份有限公司;上海恒瑞医药有限公司,SHR2554片,复发或难治的外周T细胞淋巴瘤患者,https://www.cde.org.cn/main/xxgk/listpage/da6efd086c099b7fc949121166f0130c,PUBLICATION_DATE_EXPLICIT,2023-01-16,,,CXHL1700267,1,已纳入,COMPLETE,081014dd6ccec4c1e051423a6fe0e6f9,UNMAPPED_EXACT_NAME_REQUIRED
纳入突破性治疗品种名单,official:1e4ce94f54719bb758fa2f4bef3ca902,江苏恒瑞医药股份有限公司;江苏恒瑞医药股份有限公司;上海恒瑞医药有限公司,SHR2554片,复发或难治的外周T细胞淋巴瘤患者,https://www.cde.org.cn/main/xxgk/listpage/da6efd086c099b7fc949121166f0130c,PUBLICATION_DATE_EXPLICIT,2023-01-16,,,CXHL1700266,1,已纳入,COMPLETE,1e4ce94f54719bb758fa2f4bef3ca902,UNMAPPED_EXACT_NAME_REQUIRED
纳入突破性治疗品种名单,official:2c49e4fa9304c5d0781f04d5f155a7e5,上海恒瑞医药有限公司;江苏恒瑞医药股份有限公司;苏州盛迪亚生物医药有限公司,注射用SHR-A1811,注射用SHR-A1811用于人表皮生长因子受体2（HER2）阳性的复发或转移性乳腺癌患者,https://www.cde.org.cn/main/xxgk/listpage/da6efd086c099b7fc949121166f0130c,PUBLICATION_DATE_EXPLICIT,2023-02-10,,,CXSL2000087,1,已纳入,COMPLETE,2c49e4fa9304c5d0781f04d5f155a7e5,UNMAPPED_EXACT_NAME_REQUIRED
纳入突破性治疗品种名单,official:c148c8d470a2be43b947b5a94e95a4a0,上海恒瑞医药有限公司;江苏恒瑞医药股份有限公司;苏州盛迪亚生物医药有限公司,注射用SHR-A1811,注射用SHR-A1811用于人表皮生长因子受体2（HER2）低表达的复发或转移性乳腺癌。,https://www.cde.org.cn/main/xxgk/listpage/da6efd086c099b7fc949121166f0130c,PUBLICATION_DATE_EXPLICIT,2023-02-10,,,CXSL2000087,1,已纳入,COMPLETE,c148c8d470a2be43b947b5a94e95a4a0,UNMAPPED_EXACT_NAME_REQUIRED
纳入突破性治疗品种名单,official:071736bd870a71a483a58273bb4b43b7,上海恒瑞医药有限公司;江苏恒瑞医药股份有限公司;苏州盛迪亚生物医药有限公司,注射用SHR-A1811,注射用SHR-A1811单药治疗既往含铂化疗失败的HER2突变的晚期非小细胞肺癌患者,https://www.cde.org.cn/main/xxgk/listpage/da6efd086c099b7fc949121166f0130c,PUBLICATION_DATE_EXPLICIT,2023-03-16,,,CXSL2000087,1,已纳入,COMPLETE,071736bd870a71a483a58273bb4b43b7,UNMAPPED_EXACT_NAME_REQUIRED
纳入突破性治疗品种名单,official:5485ad189171463732d1e966bd9cea17,上海恒瑞医药有限公司;江苏恒瑞医药股份有限公司;苏州盛迪亚生物医药有限公司,注射用SHR-A1811,注射用SHR-A1811单药治疗既往经奥沙利铂、氟尿嘧啶和伊立替康治疗失败、HER2阳性结直肠癌,https://www.cde.org.cn/main/xxgk/listpage/da6efd086c099b7fc949121166f0130c,PUBLICATION_DATE_EXPLICIT,2023-09-05,,,CXSL2000087,1,已纳入,COMPLETE,5485ad189171463732d1e966bd9cea17,UNMAPPED_EXACT_NAME_REQUIRED
纳入突破性治疗品种名单,official:21d938704abf6f594074ff20b8d193fb,上海恒瑞医药有限公司;江苏恒瑞医药股份有限公司;苏州盛迪亚生物医药有限公司,注射用SHR-A1811,既往至少一线抗HER2治疗失败的HER2阳性晚期胃癌或胃食管结合部腺癌患者,https://www.cde.org.cn/main/xxgk/listpage/da6efd086c099b7fc949121166f0130c,PUBLICATION_DATE_EXPLICIT,2024-02-01,,,CXSL2000087,1,已纳入,COMPLETE,21d938704abf6f594074ff20b8d193fb,UNMAPPED_EXACT_NAME_REQUIRED
纳入突破性治疗品种名单,official:2965cdf31fc4e9d0987b12265953fc87,江苏恒瑞医药股份有限公司;江苏恒瑞医药股份有限公司,氟唑帕利胶囊,氟唑帕利单药或联合阿帕替尼治疗gBRCA突变的HER2阴性乳腺癌。,https://www.cde.org.cn/main/xxgk/listpage/da6efd086c099b7fc949121166f0130c,PUBLICATION_DATE_EXPLICIT,2024-03-25,,,CXHL1900407,1,已纳入,COMPLETE,2965cdf31fc4e9d0987b12265953fc87,UNMAPPED_EXACT_NAME_REQUIRED
纳入突破性治疗品种名单,official:362cdd324026a05e11e3639d30ed9f10,江苏恒瑞医药股份有限公司;江苏恒瑞医药股份有限公司;上海恒瑞医药有限公司,甲磺酸阿帕替尼片,阿帕替尼联合氟唑帕利治疗gBRCA突变的HER2阴性乳腺癌。,https://www.cde.org.cn/main/xxgk/listpage/da6efd086c099b7fc949121166f0130c,PUBLICATION_DATE_EXPLICIT,2024-03-25,,,CXHL1900408,2.4,已纳入,COMPLETE,362cdd324026a05e11e3639d30ed9f10,UNMAPPED_EXACT_NAME_REQUIRED
纳入突破性治疗品种名单,official:423f31b7c6e6fbbfc12622b61b98cd75,江苏恒瑞医药股份有限公司;江苏恒瑞医药股份有限公司;上海恒瑞医药有限公司,甲磺酸阿帕替尼片,阿帕替尼联合氟唑帕利治疗gBRCA突变的HER2阴性乳腺癌。,https://www.cde.org.cn/main/xxgk/listpage/da6efd086c099b7fc949121166f0130c,PUBLICATION_DATE_EXPLICIT,2024-03-25,,,CXHL1900409,2.4,已纳入,COMPLETE,423f31b7c6e6fbbfc12622b61b98cd75,UNMAPPED_EXACT_NAME_REQUIRED
纳入突破性治疗品种名单,official:e5227911f8bdef539beb101bd4d250a1,上海恒瑞医药有限公司;江苏恒瑞医药股份有限公司;苏州盛迪亚生物医药有限公司,注射用SHR-A1811,注射用SHR-A1811用于既往接受过一种或一种以上治疗方案的HER2阳性不可切除或转移性胆道癌患者。,https://www.cde.org.cn/main/xxgk/listpage/da6efd086c099b7fc949121166f0130c,PUBLICATION_DATE_EXPLICIT,2024-05-31,,,CXSL2000087,1,已纳入,COMPLETE,e5227911f8bdef539beb101bd4d250a1,UNMAPPED_EXACT_NAME_REQUIRED
纳入突破性治疗品种名单,official:97fedcfd02d4957c1de33a0b5cf3431d,上海恒瑞医药有限公司;江苏恒瑞医药股份有限公司;苏州盛迪亚生物医药有限公司,注射用SHR-A1811,注射用SHR-A1811治疗HER2表达的铂耐药复发上皮性卵巢癌、输卵管癌或原发性腹膜癌。,https://www.cde.org.cn/main/xxgk/listpage/da6efd086c099b7fc949121166f0130c,PUBLICATION_DATE_EXPLICIT,2024-12-13,,,CXSL2000087,1,已纳入,COMPLETE,97fedcfd02d4957c1de33a0b5cf3431d,UNMAPPED_EXACT_NAME_REQUIRED
纳入突破性治疗品种名单,official:a95325c2098dd9eff9d374156d3fcd8a,上海恒瑞医药有限公司;江苏恒瑞医药股份有限公司;苏州盛迪亚生物医药有限公司,注射用SHR-A1811,注射用SHR-A1811用于既往接受含铂化疗及免疫检查点抑制剂治疗失败的HER2表达（IHC≥1+）的复发或转移性宫颈癌,https://www.cde.org.cn/main/xxgk/listpage/da6efd086c099b7fc949121166f0130c,PUBLICATION_DATE_EXPLICIT,2025-03-19,,,CXSL2000087,1,已纳入,COMPLETE,a95325c2098dd9eff9d374156d3fcd8a,UNMAPPED_EXACT_NAME_REQUIRED
纳入突破性治疗品种名单,official:a62461efb5360333797abf95e40b8fae,江苏恒瑞医药股份有限公司;江苏恒瑞医药股份有限公司,HRS-4642注射液,本品联合吉西他滨和紫杉醇（白蛋白结合型）用于携带KRAS G12D突变的晚期或转移性胰腺癌的一线治疗,https://www.cde.org.cn/main/xxgk/listpage/da6efd086c099b7fc949121166f0130c,PUBLICATION_DATE_EXPLICIT,2026-01-29,,,CXHL2400083,1,已纳入,COMPLETE,a62461efb5360333797abf95e40b8fae,UNMAPPED_EXACT_NAME_REQUIRED
纳入突破性治疗品种名单,official:e1e9a2e76ac75e028b2f9b9469ee7966,上海恒瑞医药有限公司;江苏恒瑞医药股份有限公司;苏州盛迪亚生物医药有限公司,注射用SHR-A1811,HER2（ERBB2）激活突变的局部晚期或转移性非小细胞肺癌患者的一线治疗,https://www.cde.org.cn/main/xxgk/listpage/da6efd086c099b7fc949121166f0130c,PUBLICATION_DATE_EXPLICIT,2026-02-03,,,CXSL2000087,1,已纳入,COMPLETE,e1e9a2e76ac75e028b2f9b9469ee7966,UNMAPPED_EXACT_NAME_REQUIRED
