category,record_id,applicant,drug_name,indication,source_url,availability_basis,publication_date,approval_date,snapshot_captured_at,acceptance_no,registration_class,status,capture_status,source_record_id,entity_id,entity_mapping_basis,mapping_match_mode,matched_applicant_token,mapping_evidence
临床试验默示许可,official:009bcc4fc4165310a1814cd2e8bc94d0,江苏恒瑞医药股份有限公司;江苏恒瑞医药股份有限公司,布比卡因脂质体注射液,成人椎旁神经阻滞产生术后区域镇痛。,https://www.cde.org.cn/main/xxgk/listpage/4b5255eb0a84820cef4ca3e8b6bbe20c,FIRST_OBSERVED_SNAPSHOT_DATE,,,2026-09-30T17:29:59+08:00,CXHL2300404,2.4,,COMPLETE,009bcc4fc4165310a1814cd2e8bc94d0,600276.SH,EXACT_APPLICANT_TOKEN_IN_OFFICIAL_MULTI_APPLICANT_FIELD,DELIMITED_APPLICANT_TOKEN_EXACT,江苏恒瑞医药股份有限公司,"{""affiliate_inference_used"": false, ""mapping_match_mode"": ""DELIMITED_APPLICANT_TOKEN_EXACT"", ""matched_applicant_token"": ""江苏恒瑞医药股份有限公司"", ""official_applicant_field"": ""江苏恒瑞医药股份有限公司;江苏恒瑞医药股份有限公司"", ""registry_evidence"": {""listed_issuer_legal_name"": ""江苏恒瑞医药股份有限公司"", ""security_code"": ""600276"", ""security_short_name"": ""恒瑞医药"", ""source_document_date"": ""2026-04-17"", ""source_kind"": ""SSE_OFFICIAL_ISSUER_DISCLOSURE"", ""source_url"": ""https://www.sse.com.cn/disclosure/listedinfo/announcement/c/new/2026-04-17/600276_20260417_XMOL.pdf""}, ""substring_matching_used"": false}"
临床试验默示许可,official:00c77b92e90c2a91592dea7b796aaa65,江苏恒瑞医药股份有限公司;上海恒瑞医药有限公司;苏州盛迪亚生物医药有限公司;成都新越医药有限公司,HRS9950片,本品临床拟用于慢性乙型肝炎的治疗。,https://www.cde.org.cn/main/xxgk/listpage/4b5255eb0a84820cef4ca3e8b6bbe20c,FIRST_OBSERVED_SNAPSHOT_DATE,,,2026-09-30T17:29:59+08:00,CXHL2000149,1,,COMPLETE,00c77b92e90c2a91592dea7b796aaa65,600276.SH,EXACT_APPLICANT_TOKEN_IN_OFFICIAL_MULTI_APPLICANT_FIELD,DELIMITED_APPLICANT_TOKEN_EXACT,江苏恒瑞医药股份有限公司,"{""affiliate_inference_used"": false, ""mapping_match_mode"": ""DELIMITED_APPLICANT_TOKEN_EXACT"", ""matched_applicant_token"": ""江苏恒瑞医药股份有限公司"", ""official_applicant_field"": ""江苏恒瑞医药股份有限公司;上海恒瑞医药有限公司;苏州盛迪亚生物医药有限公司;成都新越医药有限公司"", ""registry_evidence"": {""listed_issuer_legal_name"": ""江苏恒瑞医药股份有限公司"", ""security_code"": ""600276"", ""security_short_name"": ""恒瑞医药"", ""source_document_date"": ""2026-04-17"", ""source_kind"": ""SSE_OFFICIAL_ISSUER_DISCLOSURE"", ""source_url"": ""https://www.sse.com.cn/disclosure/listedinfo/announcement/c/new/2026-04-17/600276_20260417_XMOL.pdf""}, ""substring_matching_used"": false}"
临床试验默示许可,official:00f538b522c8bc349d631252bc602d20,成都盛迪医药有限公司;江苏恒瑞医药股份有限公司,HRS-5041片,前列腺癌 ；HRS-5041片联合醋酸阿比特龙片（Ⅱ）和泼尼松片或联合多西他赛和泼尼松片或联合HRS-1167片或联合SHR2554片用于治疗晚期前列腺癌患者；联合HRS-2189用于恶性肿瘤的治疗。,https://www.cde.org.cn/main/xxgk/listpage/4b5255eb0a84820cef4ca3e8b6bbe20c,FIRST_OBSERVED_SNAPSHOT_DATE,,,2026-09-30T17:29:59+08:00,CXHB2500005,1,,COMPLETE,00f538b522c8bc349d631252bc602d20,600276.SH,EXACT_APPLICANT_TOKEN_IN_OFFICIAL_MULTI_APPLICANT_FIELD,DELIMITED_APPLICANT_TOKEN_EXACT,江苏恒瑞医药股份有限公司,"{""affiliate_inference_used"": false, ""mapping_match_mode"": ""DELIMITED_APPLICANT_TOKEN_EXACT"", ""matched_applicant_token"": ""江苏恒瑞医药股份有限公司"", ""official_applicant_field"": ""成都盛迪医药有限公司;江苏恒瑞医药股份有限公司"", ""registry_evidence"": {""listed_issuer_legal_name"": ""江苏恒瑞医药股份有限公司"", ""security_code"": ""600276"", ""security_short_name"": ""恒瑞医药"", ""source_document_date"": ""2026-04-17"", ""source_kind"": ""SSE_OFFICIAL_ISSUER_DISCLOSURE"", ""source_url"": ""https://www.sse.com.cn/disclosure/listedinfo/announcement/c/new/2026-04-17/600276_20260417_XMOL.pdf""}, ""substring_matching_used"": false}"
临床试验默示许可,official:01363dd68002cea6f729e2609f298b8b,上海恒瑞医药有限公司;江苏恒瑞医药股份有限公司,盐酸伊立替康脂质体注射液（Ⅱ）,本品联合奥沙利铂、5-氟尿嘧啶/亚叶酸钙用于胰腺癌患者的术后辅助治疗。,https://www.cde.org.cn/main/xxgk/listpage/4b5255eb0a84820cef4ca3e8b6bbe20c,FIRST_OBSERVED_SNAPSHOT_DATE,,,2026-09-30T17:29:59+08:00,CXHL2501469,2.4,,COMPLETE,01363dd68002cea6f729e2609f298b8b,600276.SH,EXACT_APPLICANT_TOKEN_IN_OFFICIAL_MULTI_APPLICANT_FIELD,DELIMITED_APPLICANT_TOKEN_EXACT,江苏恒瑞医药股份有限公司,"{""affiliate_inference_used"": false, ""mapping_match_mode"": ""DELIMITED_APPLICANT_TOKEN_EXACT"", ""matched_applicant_token"": ""江苏恒瑞医药股份有限公司"", ""official_applicant_field"": ""上海恒瑞医药有限公司;江苏恒瑞医药股份有限公司"", ""registry_evidence"": {""listed_issuer_legal_name"": ""江苏恒瑞医药股份有限公司"", ""security_code"": ""600276"", ""security_short_name"": ""恒瑞医药"", ""source_document_date"": ""2026-04-17"", ""source_kind"": ""SSE_OFFICIAL_ISSUER_DISCLOSURE"", ""source_url"": ""https://www.sse.com.cn/disclosure/listedinfo/announcement/c/new/2026-04-17/600276_20260417_XMOL.pdf""}, ""substring_matching_used"": false}"
临床试验默示许可,official:0136412d9e41fc2514a2af9c4a8847bf,江苏恒瑞医药股份有限公司;江苏恒瑞医药股份有限公司;上海恒瑞医药有限公司,马来酸吡咯替尼片,本品用于治疗HER2异常的晚期/转移性胆道癌患者。,https://www.cde.org.cn/main/xxgk/listpage/4b5255eb0a84820cef4ca3e8b6bbe20c,FIRST_OBSERVED_SNAPSHOT_DATE,,,2026-09-30T17:29:59+08:00,CXHL2000310,2.4,,COMPLETE,0136412d9e41fc2514a2af9c4a8847bf,600276.SH,EXACT_APPLICANT_TOKEN_IN_OFFICIAL_MULTI_APPLICANT_FIELD,DELIMITED_APPLICANT_TOKEN_EXACT,江苏恒瑞医药股份有限公司,"{""affiliate_inference_used"": false, ""mapping_match_mode"": ""DELIMITED_APPLICANT_TOKEN_EXACT"", ""matched_applicant_token"": ""江苏恒瑞医药股份有限公司"", ""official_applicant_field"": ""江苏恒瑞医药股份有限公司;江苏恒瑞医药股份有限公司;上海恒瑞医药有限公司"", ""registry_evidence"": {""listed_issuer_legal_name"": ""江苏恒瑞医药股份有限公司"", ""security_code"": ""600276"", ""security_short_name"": ""恒瑞医药"", ""source_document_date"": ""2026-04-17"", ""source_kind"": ""SSE_OFFICIAL_ISSUER_DISCLOSURE"", ""source_url"": ""https://www.sse.com.cn/disclosure/listedinfo/announcement/c/new/2026-04-17/600276_20260417_XMOL.pdf""}, ""substring_matching_used"": false}"
临床试验默示许可,official:01531dec18feb3d0f440892464a23be1,江苏恒瑞医药股份有限公司;江苏恒瑞医药股份有限公司,磷酸瑞格列汀片,在饮食和运动基础上，与盐酸二甲双胍和脯氨酸恒格列净联合用于治疗2型糖尿病。,https://www.cde.org.cn/main/xxgk/listpage/4b5255eb0a84820cef4ca3e8b6bbe20c,FIRST_OBSERVED_SNAPSHOT_DATE,,,2026-09-30T17:29:59+08:00,CXHL2000388,1,,COMPLETE,01531dec18feb3d0f440892464a23be1,600276.SH,EXACT_APPLICANT_TOKEN_IN_OFFICIAL_MULTI_APPLICANT_FIELD,DELIMITED_APPLICANT_TOKEN_EXACT,江苏恒瑞医药股份有限公司,"{""affiliate_inference_used"": false, ""mapping_match_mode"": ""DELIMITED_APPLICANT_TOKEN_EXACT"", ""matched_applicant_token"": ""江苏恒瑞医药股份有限公司"", ""official_applicant_field"": ""江苏恒瑞医药股份有限公司;江苏恒瑞医药股份有限公司"", ""registry_evidence"": {""listed_issuer_legal_name"": ""江苏恒瑞医药股份有限公司"", ""security_code"": ""600276"", ""security_short_name"": ""恒瑞医药"", ""source_document_date"": ""2026-04-17"", ""source_kind"": ""SSE_OFFICIAL_ISSUER_DISCLOSURE"", ""source_url"": ""https://www.sse.com.cn/disclosure/listedinfo/announcement/c/new/2026-04-17/600276_20260417_XMOL.pdf""}, ""substring_matching_used"": false}"
临床试验默示许可,official:015b26d5a9fe21696cc15f207b81110c,江苏恒瑞医药股份有限公司;江苏恒瑞医药股份有限公司,海曲泊帕乙醇胺片,本品用于6岁及以上临床诊断为慢性原发免疫性血小板减少症（ITP）儿童和青少年患者。,https://www.cde.org.cn/main/xxgk/listpage/4b5255eb0a84820cef4ca3e8b6bbe20c,FIRST_OBSERVED_SNAPSHOT_DATE,,,2026-09-30T17:29:59+08:00,CXHL2000385,1,,COMPLETE,015b26d5a9fe21696cc15f207b81110c,600276.SH,EXACT_APPLICANT_TOKEN_IN_OFFICIAL_MULTI_APPLICANT_FIELD,DELIMITED_APPLICANT_TOKEN_EXACT,江苏恒瑞医药股份有限公司,"{""affiliate_inference_used"": false, ""mapping_match_mode"": ""DELIMITED_APPLICANT_TOKEN_EXACT"", ""matched_applicant_token"": ""江苏恒瑞医药股份有限公司"", ""official_applicant_field"": ""江苏恒瑞医药股份有限公司;江苏恒瑞医药股份有限公司"", ""registry_evidence"": {""listed_issuer_legal_name"": ""江苏恒瑞医药股份有限公司"", ""security_code"": ""600276"", ""security_short_name"": ""恒瑞医药"", ""source_document_date"": ""2026-04-17"", ""source_kind"": ""SSE_OFFICIAL_ISSUER_DISCLOSURE"", ""source_url"": ""https://www.sse.com.cn/disclosure/listedinfo/announcement/c/new/2026-04-17/600276_20260417_XMOL.pdf""}, ""substring_matching_used"": false}"
临床试验默示许可,official:017f9906bed26f6da56f72d57d46011a,江苏恒瑞医药股份有限公司,HRS-6209胶囊,拟用于治疗晚期恶性实体瘤。,https://www.cde.org.cn/main/xxgk/listpage/4b5255eb0a84820cef4ca3e8b6bbe20c,FIRST_OBSERVED_SNAPSHOT_DATE,,,2026-09-30T17:29:59+08:00,CXHL2200380,1,,COMPLETE,017f9906bed26f6da56f72d57d46011a,600276.SH,EXACT_LISTED_ISSUER_LEGAL_NAME,WHOLE_FIELD_EXACT,江苏恒瑞医药股份有限公司,"{""affiliate_inference_used"": false, ""mapping_match_mode"": ""WHOLE_FIELD_EXACT"", ""matched_applicant_token"": ""江苏恒瑞医药股份有限公司"", ""official_applicant_field"": ""江苏恒瑞医药股份有限公司"", ""registry_evidence"": {""listed_issuer_legal_name"": ""江苏恒瑞医药股份有限公司"", ""security_code"": ""600276"", ""security_short_name"": ""恒瑞医药"", ""source_document_date"": ""2026-04-17"", ""source_kind"": ""SSE_OFFICIAL_ISSUER_DISCLOSURE"", ""source_url"": ""https://www.sse.com.cn/disclosure/listedinfo/announcement/c/new/2026-04-17/600276_20260417_XMOL.pdf""}, ""substring_matching_used"": false}"
临床试验默示许可,official:01a7d56eeeacf9156a2bd48e6d06316c,苏州盛迪亚生物医药有限公司;苏州盛迪亚生物医药有限公司;江苏恒瑞医药股份有限公司;上海恒瑞医药有限公司,注射用卡瑞利珠单抗,注射用卡瑞利珠单抗联合SHR2554片以及苹果酸法米替尼胶囊用于晚期恶性肿瘤患者的治疗。,https://www.cde.org.cn/main/xxgk/listpage/4b5255eb0a84820cef4ca3e8b6bbe20c,FIRST_OBSERVED_SNAPSHOT_DATE,,,2026-09-30T17:29:59+08:00,CXSL2000041,1,,COMPLETE,01a7d56eeeacf9156a2bd48e6d06316c,600276.SH,EXACT_APPLICANT_TOKEN_IN_OFFICIAL_MULTI_APPLICANT_FIELD,DELIMITED_APPLICANT_TOKEN_EXACT,江苏恒瑞医药股份有限公司,"{""affiliate_inference_used"": false, ""mapping_match_mode"": ""DELIMITED_APPLICANT_TOKEN_EXACT"", ""matched_applicant_token"": ""江苏恒瑞医药股份有限公司"", ""official_applicant_field"": ""苏州盛迪亚生物医药有限公司;苏州盛迪亚生物医药有限公司;江苏恒瑞医药股份有限公司;上海恒瑞医药有限公司"", ""registry_evidence"": {""listed_issuer_legal_name"": ""江苏恒瑞医药股份有限公司"", ""security_code"": ""600276"", ""security_short_name"": ""恒瑞医药"", ""source_document_date"": ""2026-04-17"", ""source_kind"": ""SSE_OFFICIAL_ISSUER_DISCLOSURE"", ""source_url"": ""https://www.sse.com.cn/disclosure/listedinfo/announcement/c/new/2026-04-17/600276_20260417_XMOL.pdf""}, ""substring_matching_used"": false}"
临床试验默示许可,official:01abfd0ec839e7ef72e91ca4a9cfee26,江苏恒瑞医药股份有限公司;江苏恒瑞医药股份有限公司,氟唑帕利胶囊,本品拟用于联合SHR-1316治疗既往接受过一线含铂方案化疗且疾病进展的小细胞肺癌（SCLC）患者。,https://www.cde.org.cn/main/xxgk/listpage/4b5255eb0a84820cef4ca3e8b6bbe20c,FIRST_OBSERVED_SNAPSHOT_DATE,,,2026-09-30T17:29:59+08:00,CXHL1900305,1,,COMPLETE,01abfd0ec839e7ef72e91ca4a9cfee26,600276.SH,EXACT_APPLICANT_TOKEN_IN_OFFICIAL_MULTI_APPLICANT_FIELD,DELIMITED_APPLICANT_TOKEN_EXACT,江苏恒瑞医药股份有限公司,"{""affiliate_inference_used"": false, ""mapping_match_mode"": ""DELIMITED_APPLICANT_TOKEN_EXACT"", ""matched_applicant_token"": ""江苏恒瑞医药股份有限公司"", ""official_applicant_field"": ""江苏恒瑞医药股份有限公司;江苏恒瑞医药股份有限公司"", ""registry_evidence"": {""listed_issuer_legal_name"": ""江苏恒瑞医药股份有限公司"", ""security_code"": ""600276"", ""security_short_name"": ""恒瑞医药"", ""source_document_date"": ""2026-04-17"", ""source_kind"": ""SSE_OFFICIAL_ISSUER_DISCLOSURE"", ""source_url"": ""https://www.sse.com.cn/disclosure/listedinfo/announcement/c/new/2026-04-17/600276_20260417_XMOL.pdf""}, ""substring_matching_used"": false}"
临床试验默示许可,official:01caec1fb54fadb95e8c7b706eeca67b,上海恒瑞医药有限公司;江苏恒瑞医药股份有限公司,HRS-4642注射液,本品联合SHR-4375+阿得贝利单抗+贝伐珠单抗±SHR-8068用于实体瘤的治疗。,https://www.cde.org.cn/main/xxgk/listpage/4b5255eb0a84820cef4ca3e8b6bbe20c,FIRST_OBSERVED_SNAPSHOT_DATE,,,2026-09-30T17:29:59+08:00,CXHL2501051,1,,COMPLETE,01caec1fb54fadb95e8c7b706eeca67b,600276.SH,EXACT_APPLICANT_TOKEN_IN_OFFICIAL_MULTI_APPLICANT_FIELD,DELIMITED_APPLICANT_TOKEN_EXACT,江苏恒瑞医药股份有限公司,"{""affiliate_inference_used"": false, ""mapping_match_mode"": ""DELIMITED_APPLICANT_TOKEN_EXACT"", ""matched_applicant_token"": ""江苏恒瑞医药股份有限公司"", ""official_applicant_field"": ""上海恒瑞医药有限公司;江苏恒瑞医药股份有限公司"", ""registry_evidence"": {""listed_issuer_legal_name"": ""江苏恒瑞医药股份有限公司"", ""security_code"": ""600276"", ""security_short_name"": ""恒瑞医药"", ""source_document_date"": ""2026-04-17"", ""source_kind"": ""SSE_OFFICIAL_ISSUER_DISCLOSURE"", ""source_url"": ""https://www.sse.com.cn/disclosure/listedinfo/announcement/c/new/2026-04-17/600276_20260417_XMOL.pdf""}, ""substring_matching_used"": false}"
临床试验默示许可,official:023bb8f53782df4f4cbbf355ab124120,江苏恒瑞医药股份有限公司,HRS-7172片,携带RAS突变或扩增的实体瘤,https://www.cde.org.cn/main/xxgk/listpage/4b5255eb0a84820cef4ca3e8b6bbe20c,FIRST_OBSERVED_SNAPSHOT_DATE,,,2026-09-30T17:29:59+08:00,CXHB2600194,1,,COMPLETE,023bb8f53782df4f4cbbf355ab124120,600276.SH,EXACT_LISTED_ISSUER_LEGAL_NAME,WHOLE_FIELD_EXACT,江苏恒瑞医药股份有限公司,"{""affiliate_inference_used"": false, ""mapping_match_mode"": ""WHOLE_FIELD_EXACT"", ""matched_applicant_token"": ""江苏恒瑞医药股份有限公司"", ""official_applicant_field"": ""江苏恒瑞医药股份有限公司"", ""registry_evidence"": {""listed_issuer_legal_name"": ""江苏恒瑞医药股份有限公司"", ""security_code"": ""600276"", ""security_short_name"": ""恒瑞医药"", ""source_document_date"": ""2026-04-17"", ""source_kind"": ""SSE_OFFICIAL_ISSUER_DISCLOSURE"", ""source_url"": ""https://www.sse.com.cn/disclosure/listedinfo/announcement/c/new/2026-04-17/600276_20260417_XMOL.pdf""}, ""substring_matching_used"": false}"
临床试验默示许可,official:02bc2c9486b5012a3bb51d5291eecbe6,江苏恒瑞医药股份有限公司,HRS-4642注射液,HRS-4642联合SHR-1826用于实体瘤患者。,https://www.cde.org.cn/main/xxgk/listpage/4b5255eb0a84820cef4ca3e8b6bbe20c,FIRST_OBSERVED_SNAPSHOT_DATE,,,2026-09-30T17:29:59+08:00,CXHL2400761,1,,COMPLETE,02bc2c9486b5012a3bb51d5291eecbe6,600276.SH,EXACT_LISTED_ISSUER_LEGAL_NAME,WHOLE_FIELD_EXACT,江苏恒瑞医药股份有限公司,"{""affiliate_inference_used"": false, ""mapping_match_mode"": ""WHOLE_FIELD_EXACT"", ""matched_applicant_token"": ""江苏恒瑞医药股份有限公司"", ""official_applicant_field"": ""江苏恒瑞医药股份有限公司"", ""registry_evidence"": {""listed_issuer_legal_name"": ""江苏恒瑞医药股份有限公司"", ""security_code"": ""600276"", ""security_short_name"": ""恒瑞医药"", ""source_document_date"": ""2026-04-17"", ""source_kind"": ""SSE_OFFICIAL_ISSUER_DISCLOSURE"", ""source_url"": ""https://www.sse.com.cn/disclosure/listedinfo/announcement/c/new/2026-04-17/600276_20260417_XMOL.pdf""}, ""substring_matching_used"": false}"
临床试验默示许可,official:02ca98c399480488f43dad64969781e2,江苏恒瑞医药股份有限公司,HRS-4642注射液,KRAS G12D突变的晚期实体瘤,https://www.cde.org.cn/main/xxgk/listpage/4b5255eb0a84820cef4ca3e8b6bbe20c,FIRST_OBSERVED_SNAPSHOT_DATE,,,2026-09-30T17:29:59+08:00,CXHL2200313,1,,COMPLETE,02ca98c399480488f43dad64969781e2,600276.SH,EXACT_LISTED_ISSUER_LEGAL_NAME,WHOLE_FIELD_EXACT,江苏恒瑞医药股份有限公司,"{""affiliate_inference_used"": false, ""mapping_match_mode"": ""WHOLE_FIELD_EXACT"", ""matched_applicant_token"": ""江苏恒瑞医药股份有限公司"", ""official_applicant_field"": ""江苏恒瑞医药股份有限公司"", ""registry_evidence"": {""listed_issuer_legal_name"": ""江苏恒瑞医药股份有限公司"", ""security_code"": ""600276"", ""security_short_name"": ""恒瑞医药"", ""source_document_date"": ""2026-04-17"", ""source_kind"": ""SSE_OFFICIAL_ISSUER_DISCLOSURE"", ""source_url"": ""https://www.sse.com.cn/disclosure/listedinfo/announcement/c/new/2026-04-17/600276_20260417_XMOL.pdf""}, ""substring_matching_used"": false}"
临床试验默示许可,official:02d0684b802ddafd35bd0125201ca37b,福建盛迪医药有限公司;江苏恒瑞医药股份有限公司;北京拓界生物医药科技有限公司,HRS-4729注射液,2型糖尿病,https://www.cde.org.cn/main/xxgk/listpage/4b5255eb0a84820cef4ca3e8b6bbe20c,FIRST_OBSERVED_SNAPSHOT_DATE,,,2026-09-30T17:29:59+08:00,CXHL2600577,1,,COMPLETE,02d0684b802ddafd35bd0125201ca37b,600276.SH,EXACT_APPLICANT_TOKEN_IN_OFFICIAL_MULTI_APPLICANT_FIELD,DELIMITED_APPLICANT_TOKEN_EXACT,江苏恒瑞医药股份有限公司,"{""affiliate_inference_used"": false, ""mapping_match_mode"": ""DELIMITED_APPLICANT_TOKEN_EXACT"", ""matched_applicant_token"": ""江苏恒瑞医药股份有限公司"", ""official_applicant_field"": ""福建盛迪医药有限公司;江苏恒瑞医药股份有限公司;北京拓界生物医药科技有限公司"", ""registry_evidence"": {""listed_issuer_legal_name"": ""江苏恒瑞医药股份有限公司"", ""security_code"": ""600276"", ""security_short_name"": ""恒瑞医药"", ""source_document_date"": ""2026-04-17"", ""source_kind"": ""SSE_OFFICIAL_ISSUER_DISCLOSURE"", ""source_url"": ""https://www.sse.com.cn/disclosure/listedinfo/announcement/c/new/2026-04-17/600276_20260417_XMOL.pdf""}, ""substring_matching_used"": false}"
临床试验默示许可,official:033247d4e6f90c69cef2cf4cdcd3c498,江苏恒瑞医药股份有限公司,HRS-1167片,晚期实体肿瘤,https://www.cde.org.cn/main/xxgk/listpage/4b5255eb0a84820cef4ca3e8b6bbe20c,FIRST_OBSERVED_SNAPSHOT_DATE,,,2026-09-30T17:29:59+08:00,CXHL2200276,1,,COMPLETE,033247d4e6f90c69cef2cf4cdcd3c498,600276.SH,EXACT_LISTED_ISSUER_LEGAL_NAME,WHOLE_FIELD_EXACT,江苏恒瑞医药股份有限公司,"{""affiliate_inference_used"": false, ""mapping_match_mode"": ""WHOLE_FIELD_EXACT"", ""matched_applicant_token"": ""江苏恒瑞医药股份有限公司"", ""official_applicant_field"": ""江苏恒瑞医药股份有限公司"", ""registry_evidence"": {""listed_issuer_legal_name"": ""江苏恒瑞医药股份有限公司"", ""security_code"": ""600276"", ""security_short_name"": ""恒瑞医药"", ""source_document_date"": ""2026-04-17"", ""source_kind"": ""SSE_OFFICIAL_ISSUER_DISCLOSURE"", ""source_url"": ""https://www.sse.com.cn/disclosure/listedinfo/announcement/c/new/2026-04-17/600276_20260417_XMOL.pdf""}, ""substring_matching_used"": false}"
临床试验默示许可,official:0395dd4e1c9adcd85c8245ceef5ff6b9,江苏恒瑞医药股份有限公司;江苏恒瑞医药股份有限公司,氟唑帕利胶囊,本品拟用于实体廇的治疗。,https://www.cde.org.cn/main/xxgk/listpage/4b5255eb0a84820cef4ca3e8b6bbe20c,FIRST_OBSERVED_SNAPSHOT_DATE,,,2026-09-30T17:29:59+08:00,CXHB1800080,,,COMPLETE,0395dd4e1c9adcd85c8245ceef5ff6b9,600276.SH,EXACT_APPLICANT_TOKEN_IN_OFFICIAL_MULTI_APPLICANT_FIELD,DELIMITED_APPLICANT_TOKEN_EXACT,江苏恒瑞医药股份有限公司,"{""affiliate_inference_used"": false, ""mapping_match_mode"": ""DELIMITED_APPLICANT_TOKEN_EXACT"", ""matched_applicant_token"": ""江苏恒瑞医药股份有限公司"", ""official_applicant_field"": ""江苏恒瑞医药股份有限公司;江苏恒瑞医药股份有限公司"", ""registry_evidence"": {""listed_issuer_legal_name"": ""江苏恒瑞医药股份有限公司"", ""security_code"": ""600276"", ""security_short_name"": ""恒瑞医药"", ""source_document_date"": ""2026-04-17"", ""source_kind"": ""SSE_OFFICIAL_ISSUER_DISCLOSURE"", ""source_url"": ""https://www.sse.com.cn/disclosure/listedinfo/announcement/c/new/2026-04-17/600276_20260417_XMOL.pdf""}, ""substring_matching_used"": false}"
临床试验默示许可,official:039608b5232a256c34737728f24490bc,江苏恒瑞医药股份有限公司,HRG2010胶囊,用于治疗帕金森病,https://www.cde.org.cn/main/xxgk/listpage/4b5255eb0a84820cef4ca3e8b6bbe20c,FIRST_OBSERVED_SNAPSHOT_DATE,,,2026-09-30T17:29:59+08:00,CXHL2101177,2.2,,COMPLETE,039608b5232a256c34737728f24490bc,600276.SH,EXACT_LISTED_ISSUER_LEGAL_NAME,WHOLE_FIELD_EXACT,江苏恒瑞医药股份有限公司,"{""affiliate_inference_used"": false, ""mapping_match_mode"": ""WHOLE_FIELD_EXACT"", ""matched_applicant_token"": ""江苏恒瑞医药股份有限公司"", ""official_applicant_field"": ""江苏恒瑞医药股份有限公司"", ""registry_evidence"": {""listed_issuer_legal_name"": ""江苏恒瑞医药股份有限公司"", ""security_code"": ""600276"", ""security_short_name"": ""恒瑞医药"", ""source_document_date"": ""2026-04-17"", ""source_kind"": ""SSE_OFFICIAL_ISSUER_DISCLOSURE"", ""source_url"": ""https://www.sse.com.cn/disclosure/listedinfo/announcement/c/new/2026-04-17/600276_20260417_XMOL.pdf""}, ""substring_matching_used"": false}"
临床试验默示许可,official:0486d02f5510d883cd3f03a68607e04e,江苏恒瑞医药股份有限公司;江苏恒瑞医药股份有限公司;上海恒瑞医药有限公司,SHR1459片,联合SHR2554片用于标准治疗失败或无标准治疗可用的复发/难治（R/R）B细胞非霍奇金淋巴瘤的治疗。,https://www.cde.org.cn/main/xxgk/listpage/4b5255eb0a84820cef4ca3e8b6bbe20c,FIRST_OBSERVED_SNAPSHOT_DATE,,,2026-09-30T17:29:59+08:00,CXHL1900190,1,,COMPLETE,0486d02f5510d883cd3f03a68607e04e,600276.SH,EXACT_APPLICANT_TOKEN_IN_OFFICIAL_MULTI_APPLICANT_FIELD,DELIMITED_APPLICANT_TOKEN_EXACT,江苏恒瑞医药股份有限公司,"{""affiliate_inference_used"": false, ""mapping_match_mode"": ""DELIMITED_APPLICANT_TOKEN_EXACT"", ""matched_applicant_token"": ""江苏恒瑞医药股份有限公司"", ""official_applicant_field"": ""江苏恒瑞医药股份有限公司;江苏恒瑞医药股份有限公司;上海恒瑞医药有限公司"", ""registry_evidence"": {""listed_issuer_legal_name"": ""江苏恒瑞医药股份有限公司"", ""security_code"": ""600276"", ""security_short_name"": ""恒瑞医药"", ""source_document_date"": ""2026-04-17"", ""source_kind"": ""SSE_OFFICIAL_ISSUER_DISCLOSURE"", ""source_url"": ""https://www.sse.com.cn/disclosure/listedinfo/announcement/c/new/2026-04-17/600276_20260417_XMOL.pdf""}, ""substring_matching_used"": false}"
临床试验默示许可,official:051e96e8fd571f2070992a2132ec49d0,成都盛迪医药有限公司;江苏恒瑞医药股份有限公司,HRS-5041片,前列腺癌；HRS-5041片联合醋酸阿比特龙片（Ⅱ）和泼尼松片或联合多西他赛和泼尼松片或联合HRS-1167片或联合SHR2554片用于治疗晚期前列腺癌患者；联合HRS-2189用于恶性肿瘤的治疗；联合注射用HS-20093用于治疗晚期前列腺癌患者；联合HRS-6208用于实体瘤的治疗；联合或不联合注射用SHR4394联合或不联合二代AR抑制剂用于前列腺癌；联合HRS-4357用于治疗前列腺特异性膜抗原(PSMA)阳性的前列腺癌成人患者。,https://www.cde.org.cn/main/xxgk/listpage/4b5255eb0a84820cef4ca3e8b6bbe20c,FIRST_OBSERVED_SNAPSHOT_DATE,,,2026-09-30T17:29:59+08:00,CXHB2600056,1,,COMPLETE,051e96e8fd571f2070992a2132ec49d0,600276.SH,EXACT_APPLICANT_TOKEN_IN_OFFICIAL_MULTI_APPLICANT_FIELD,DELIMITED_APPLICANT_TOKEN_EXACT,江苏恒瑞医药股份有限公司,"{""affiliate_inference_used"": false, ""mapping_match_mode"": ""DELIMITED_APPLICANT_TOKEN_EXACT"", ""matched_applicant_token"": ""江苏恒瑞医药股份有限公司"", ""official_applicant_field"": ""成都盛迪医药有限公司;江苏恒瑞医药股份有限公司"", ""registry_evidence"": {""listed_issuer_legal_name"": ""江苏恒瑞医药股份有限公司"", ""security_code"": ""600276"", ""security_short_name"": ""恒瑞医药"", ""source_document_date"": ""2026-04-17"", ""source_kind"": ""SSE_OFFICIAL_ISSUER_DISCLOSURE"", ""source_url"": ""https://www.sse.com.cn/disclosure/listedinfo/announcement/c/new/2026-04-17/600276_20260417_XMOL.pdf""}, ""substring_matching_used"": false}"
临床试验默示许可,official:058599ac796cf9306e6d26e75ca93cb5,江苏恒瑞医药股份有限公司;江苏恒瑞医药股份有限公司,海曲泊帕乙醇胺片,本品用于治疗肿瘤化疗所致血小板减少症。,https://www.cde.org.cn/main/xxgk/listpage/4b5255eb0a84820cef4ca3e8b6bbe20c,FIRST_OBSERVED_SNAPSHOT_DATE,,,2026-09-30T17:29:59+08:00,CXHB2101079,化学药品1类,,COMPLETE,058599ac796cf9306e6d26e75ca93cb5,600276.SH,EXACT_APPLICANT_TOKEN_IN_OFFICIAL_MULTI_APPLICANT_FIELD,DELIMITED_APPLICANT_TOKEN_EXACT,江苏恒瑞医药股份有限公司,"{""affiliate_inference_used"": false, ""mapping_match_mode"": ""DELIMITED_APPLICANT_TOKEN_EXACT"", ""matched_applicant_token"": ""江苏恒瑞医药股份有限公司"", ""official_applicant_field"": ""江苏恒瑞医药股份有限公司;江苏恒瑞医药股份有限公司"", ""registry_evidence"": {""listed_issuer_legal_name"": ""江苏恒瑞医药股份有限公司"", ""security_code"": ""600276"", ""security_short_name"": ""恒瑞医药"", ""source_document_date"": ""2026-04-17"", ""source_kind"": ""SSE_OFFICIAL_ISSUER_DISCLOSURE"", ""source_url"": ""https://www.sse.com.cn/disclosure/listedinfo/announcement/c/new/2026-04-17/600276_20260417_XMOL.pdf""}, ""substring_matching_used"": false}"
临床试验默示许可,official:05a2b639d13f1f5fbc6f084b312863f8,江苏恒瑞医药股份有限公司,注射用HRS-8427,用于尿路感染和肺部感染。,https://www.cde.org.cn/main/xxgk/listpage/4b5255eb0a84820cef4ca3e8b6bbe20c,FIRST_OBSERVED_SNAPSHOT_DATE,,,2026-09-30T17:29:59+08:00,CXHB2400068,1,,COMPLETE,05a2b639d13f1f5fbc6f084b312863f8,600276.SH,EXACT_LISTED_ISSUER_LEGAL_NAME,WHOLE_FIELD_EXACT,江苏恒瑞医药股份有限公司,"{""affiliate_inference_used"": false, ""mapping_match_mode"": ""WHOLE_FIELD_EXACT"", ""matched_applicant_token"": ""江苏恒瑞医药股份有限公司"", ""official_applicant_field"": ""江苏恒瑞医药股份有限公司"", ""registry_evidence"": {""listed_issuer_legal_name"": ""江苏恒瑞医药股份有限公司"", ""security_code"": ""600276"", ""security_short_name"": ""恒瑞医药"", ""source_document_date"": ""2026-04-17"", ""source_kind"": ""SSE_OFFICIAL_ISSUER_DISCLOSURE"", ""source_url"": ""https://www.sse.com.cn/disclosure/listedinfo/announcement/c/new/2026-04-17/600276_20260417_XMOL.pdf""}, ""substring_matching_used"": false}"
临床试验默示许可,official:05a410ee7a35b69e7e31e3146972cabc,上海恒瑞医药有限公司;江苏恒瑞医药股份有限公司,HRS8807片,本品联合羟乙磺酸达尔西利片用于乳腺癌的治疗。,https://www.cde.org.cn/main/xxgk/listpage/4b5255eb0a84820cef4ca3e8b6bbe20c,FIRST_OBSERVED_SNAPSHOT_DATE,,,2026-09-30T17:29:59+08:00,CXHL2400091,1,,COMPLETE,05a410ee7a35b69e7e31e3146972cabc,600276.SH,EXACT_APPLICANT_TOKEN_IN_OFFICIAL_MULTI_APPLICANT_FIELD,DELIMITED_APPLICANT_TOKEN_EXACT,江苏恒瑞医药股份有限公司,"{""affiliate_inference_used"": false, ""mapping_match_mode"": ""DELIMITED_APPLICANT_TOKEN_EXACT"", ""matched_applicant_token"": ""江苏恒瑞医药股份有限公司"", ""official_applicant_field"": ""上海恒瑞医药有限公司;江苏恒瑞医药股份有限公司"", ""registry_evidence"": {""listed_issuer_legal_name"": ""江苏恒瑞医药股份有限公司"", ""security_code"": ""600276"", ""security_short_name"": ""恒瑞医药"", ""source_document_date"": ""2026-04-17"", ""source_kind"": ""SSE_OFFICIAL_ISSUER_DISCLOSURE"", ""source_url"": ""https://www.sse.com.cn/disclosure/listedinfo/announcement/c/new/2026-04-17/600276_20260417_XMOL.pdf""}, ""substring_matching_used"": false}"
临床试验默示许可,official:066a492a1fd34b880af2bc03ecf2b1ee,江苏恒瑞医药股份有限公司;江苏恒瑞医药股份有限公司;上海恒瑞医药有限公司,甲磺酸阿帕替尼片,甲磺酸阿帕替尼片联合氟唑帕利胶囊用于晚期上皮性卵巢癌、输卵管癌或原发性腹膜癌在含铂化疗达到完全缓解或部分缓解后的维持治疗。,https://www.cde.org.cn/main/xxgk/listpage/4b5255eb0a84820cef4ca3e8b6bbe20c,FIRST_OBSERVED_SNAPSHOT_DATE,,,2026-09-30T17:29:59+08:00,CXHL1900379,2.4,,COMPLETE,066a492a1fd34b880af2bc03ecf2b1ee,600276.SH,EXACT_APPLICANT_TOKEN_IN_OFFICIAL_MULTI_APPLICANT_FIELD,DELIMITED_APPLICANT_TOKEN_EXACT,江苏恒瑞医药股份有限公司,"{""affiliate_inference_used"": false, ""mapping_match_mode"": ""DELIMITED_APPLICANT_TOKEN_EXACT"", ""matched_applicant_token"": ""江苏恒瑞医药股份有限公司"", ""official_applicant_field"": ""江苏恒瑞医药股份有限公司;江苏恒瑞医药股份有限公司;上海恒瑞医药有限公司"", ""registry_evidence"": {""listed_issuer_legal_name"": ""江苏恒瑞医药股份有限公司"", ""security_code"": ""600276"", ""security_short_name"": ""恒瑞医药"", ""source_document_date"": ""2026-04-17"", ""source_kind"": ""SSE_OFFICIAL_ISSUER_DISCLOSURE"", ""source_url"": ""https://www.sse.com.cn/disclosure/listedinfo/announcement/c/new/2026-04-17/600276_20260417_XMOL.pdf""}, ""substring_matching_used"": false}"
临床试验默示许可,official:0680b02e4fedf07f48e6131e31833783,江苏恒瑞医药股份有限公司;江苏恒瑞医药股份有限公司;上海恒瑞医药有限公司,SHR2554片,联合卡瑞利珠单抗、苹果酸法米替尼用于晚期恶性肿瘤患者。,https://www.cde.org.cn/main/xxgk/listpage/4b5255eb0a84820cef4ca3e8b6bbe20c,FIRST_OBSERVED_SNAPSHOT_DATE,,,2026-09-30T17:29:59+08:00,CXHL2000091,1,,COMPLETE,0680b02e4fedf07f48e6131e31833783,600276.SH,EXACT_APPLICANT_TOKEN_IN_OFFICIAL_MULTI_APPLICANT_FIELD,DELIMITED_APPLICANT_TOKEN_EXACT,江苏恒瑞医药股份有限公司,"{""affiliate_inference_used"": false, ""mapping_match_mode"": ""DELIMITED_APPLICANT_TOKEN_EXACT"", ""matched_applicant_token"": ""江苏恒瑞医药股份有限公司"", ""official_applicant_field"": ""江苏恒瑞医药股份有限公司;江苏恒瑞医药股份有限公司;上海恒瑞医药有限公司"", ""registry_evidence"": {""listed_issuer_legal_name"": ""江苏恒瑞医药股份有限公司"", ""security_code"": ""600276"", ""security_short_name"": ""恒瑞医药"", ""source_document_date"": ""2026-04-17"", ""source_kind"": ""SSE_OFFICIAL_ISSUER_DISCLOSURE"", ""source_url"": ""https://www.sse.com.cn/disclosure/listedinfo/announcement/c/new/2026-04-17/600276_20260417_XMOL.pdf""}, ""substring_matching_used"": false}"
临床试验默示许可,official:0889898ee75e88af7a346ee3fe7db97f,江苏恒瑞医药股份有限公司,甲磺酸阿帕替尼片,SHR-1701注射液联合甲磺酸阿帕替尼加或不加化疗治疗晚期恶性实体瘤患者。,https://www.cde.org.cn/main/xxgk/listpage/4b5255eb0a84820cef4ca3e8b6bbe20c,FIRST_OBSERVED_SNAPSHOT_DATE,,,2026-09-30T17:29:59+08:00,CXHL2101577,2.4,,COMPLETE,0889898ee75e88af7a346ee3fe7db97f,600276.SH,EXACT_LISTED_ISSUER_LEGAL_NAME,WHOLE_FIELD_EXACT,江苏恒瑞医药股份有限公司,"{""affiliate_inference_used"": false, ""mapping_match_mode"": ""WHOLE_FIELD_EXACT"", ""matched_applicant_token"": ""江苏恒瑞医药股份有限公司"", ""official_applicant_field"": ""江苏恒瑞医药股份有限公司"", ""registry_evidence"": {""listed_issuer_legal_name"": ""江苏恒瑞医药股份有限公司"", ""security_code"": ""600276"", ""security_short_name"": ""恒瑞医药"", ""source_document_date"": ""2026-04-17"", ""source_kind"": ""SSE_OFFICIAL_ISSUER_DISCLOSURE"", ""source_url"": ""https://www.sse.com.cn/disclosure/listedinfo/announcement/c/new/2026-04-17/600276_20260417_XMOL.pdf""}, ""substring_matching_used"": false}"
临床试验默示许可,official:089aea70d3fc756242c94a24191c9c2a,江苏恒瑞医药股份有限公司;上海甫弘生物医药有限公司,注射用FH-006,本品联合SHR-4610注射液±化疗用于实体瘤的治疗。,https://www.cde.org.cn/main/xxgk/listpage/4b5255eb0a84820cef4ca3e8b6bbe20c,FIRST_OBSERVED_SNAPSHOT_DATE,,,2026-09-30T17:29:59+08:00,CXSL2600417,1,,COMPLETE,089aea70d3fc756242c94a24191c9c2a,600276.SH,EXACT_APPLICANT_TOKEN_IN_OFFICIAL_MULTI_APPLICANT_FIELD,DELIMITED_APPLICANT_TOKEN_EXACT,江苏恒瑞医药股份有限公司,"{""affiliate_inference_used"": false, ""mapping_match_mode"": ""DELIMITED_APPLICANT_TOKEN_EXACT"", ""matched_applicant_token"": ""江苏恒瑞医药股份有限公司"", ""official_applicant_field"": ""江苏恒瑞医药股份有限公司;上海甫弘生物医药有限公司"", ""registry_evidence"": {""listed_issuer_legal_name"": ""江苏恒瑞医药股份有限公司"", ""security_code"": ""600276"", ""security_short_name"": ""恒瑞医药"", ""source_document_date"": ""2026-04-17"", ""source_kind"": ""SSE_OFFICIAL_ISSUER_DISCLOSURE"", ""source_url"": ""https://www.sse.com.cn/disclosure/listedinfo/announcement/c/new/2026-04-17/600276_20260417_XMOL.pdf""}, ""substring_matching_used"": false}"
临床试验默示许可,official:08aff469d801ecc6ec9143a5d05a4569,江苏恒瑞医药股份有限公司,HRS-2430注射液,非气管插管的手术/操作中的镇静和麻醉,https://www.cde.org.cn/main/xxgk/listpage/4b5255eb0a84820cef4ca3e8b6bbe20c,FIRST_OBSERVED_SNAPSHOT_DATE,,,2026-09-30T17:29:59+08:00,CXHL2500811,1,,COMPLETE,08aff469d801ecc6ec9143a5d05a4569,600276.SH,EXACT_LISTED_ISSUER_LEGAL_NAME,WHOLE_FIELD_EXACT,江苏恒瑞医药股份有限公司,"{""affiliate_inference_used"": false, ""mapping_match_mode"": ""WHOLE_FIELD_EXACT"", ""matched_applicant_token"": ""江苏恒瑞医药股份有限公司"", ""official_applicant_field"": ""江苏恒瑞医药股份有限公司"", ""registry_evidence"": {""listed_issuer_legal_name"": ""江苏恒瑞医药股份有限公司"", ""security_code"": ""600276"", ""security_short_name"": ""恒瑞医药"", ""source_document_date"": ""2026-04-17"", ""source_kind"": ""SSE_OFFICIAL_ISSUER_DISCLOSURE"", ""source_url"": ""https://www.sse.com.cn/disclosure/listedinfo/announcement/c/new/2026-04-17/600276_20260417_XMOL.pdf""}, ""substring_matching_used"": false}"
临床试验默示许可,official:08ffbf06ed5c4c031c9d173719abc780,苏州盛迪亚生物医药有限公司;苏州盛迪亚生物医药有限公司;江苏恒瑞医药股份有限公司;上海恒瑞医药有限公司,注射用卡瑞利珠单抗,注射用卡瑞利珠单抗联合阿帕替尼或单药一线治疗 PD-L1 表达阳性的复发性或晚期非小细胞肺癌。,https://www.cde.org.cn/main/xxgk/listpage/4b5255eb0a84820cef4ca3e8b6bbe20c,FIRST_OBSERVED_SNAPSHOT_DATE,,,2026-09-30T17:29:59+08:00,CXSL1900148,1,,COMPLETE,08ffbf06ed5c4c031c9d173719abc780,600276.SH,EXACT_APPLICANT_TOKEN_IN_OFFICIAL_MULTI_APPLICANT_FIELD,DELIMITED_APPLICANT_TOKEN_EXACT,江苏恒瑞医药股份有限公司,"{""affiliate_inference_used"": false, ""mapping_match_mode"": ""DELIMITED_APPLICANT_TOKEN_EXACT"", ""matched_applicant_token"": ""江苏恒瑞医药股份有限公司"", ""official_applicant_field"": ""苏州盛迪亚生物医药有限公司;苏州盛迪亚生物医药有限公司;江苏恒瑞医药股份有限公司;上海恒瑞医药有限公司"", ""registry_evidence"": {""listed_issuer_legal_name"": ""江苏恒瑞医药股份有限公司"", ""security_code"": ""600276"", ""security_short_name"": ""恒瑞医药"", ""source_document_date"": ""2026-04-17"", ""source_kind"": ""SSE_OFFICIAL_ISSUER_DISCLOSURE"", ""source_url"": ""https://www.sse.com.cn/disclosure/listedinfo/announcement/c/new/2026-04-17/600276_20260417_XMOL.pdf""}, ""substring_matching_used"": false}"
临床试验默示许可,official:0956721b7028fa8635ba5fb0166668a4,江苏恒瑞医药股份有限公司,HRS-1167片,本品联合HRS-5041片用于治疗晚期前列腺癌患者。,https://www.cde.org.cn/main/xxgk/listpage/4b5255eb0a84820cef4ca3e8b6bbe20c,FIRST_OBSERVED_SNAPSHOT_DATE,,,2026-09-30T17:29:59+08:00,CXHL2400544,1,,COMPLETE,0956721b7028fa8635ba5fb0166668a4,600276.SH,EXACT_LISTED_ISSUER_LEGAL_NAME,WHOLE_FIELD_EXACT,江苏恒瑞医药股份有限公司,"{""affiliate_inference_used"": false, ""mapping_match_mode"": ""WHOLE_FIELD_EXACT"", ""matched_applicant_token"": ""江苏恒瑞医药股份有限公司"", ""official_applicant_field"": ""江苏恒瑞医药股份有限公司"", ""registry_evidence"": {""listed_issuer_legal_name"": ""江苏恒瑞医药股份有限公司"", ""security_code"": ""600276"", ""security_short_name"": ""恒瑞医药"", ""source_document_date"": ""2026-04-17"", ""source_kind"": ""SSE_OFFICIAL_ISSUER_DISCLOSURE"", ""source_url"": ""https://www.sse.com.cn/disclosure/listedinfo/announcement/c/new/2026-04-17/600276_20260417_XMOL.pdf""}, ""substring_matching_used"": false}"
临床试验默示许可,official:09a5da59042b0131ce49661e6062a3b2,江苏恒瑞医药股份有限公司;江苏恒瑞医药股份有限公司,氟唑帕利胶囊,转移性去势抵抗性前列腺癌,https://www.cde.org.cn/main/xxgk/listpage/4b5255eb0a84820cef4ca3e8b6bbe20c,FIRST_OBSERVED_SNAPSHOT_DATE,,,2026-09-30T17:29:59+08:00,CXHL2000673,化学药品第2.4类,,COMPLETE,09a5da59042b0131ce49661e6062a3b2,600276.SH,EXACT_APPLICANT_TOKEN_IN_OFFICIAL_MULTI_APPLICANT_FIELD,DELIMITED_APPLICANT_TOKEN_EXACT,江苏恒瑞医药股份有限公司,"{""affiliate_inference_used"": false, ""mapping_match_mode"": ""DELIMITED_APPLICANT_TOKEN_EXACT"", ""matched_applicant_token"": ""江苏恒瑞医药股份有限公司"", ""official_applicant_field"": ""江苏恒瑞医药股份有限公司;江苏恒瑞医药股份有限公司"", ""registry_evidence"": {""listed_issuer_legal_name"": ""江苏恒瑞医药股份有限公司"", ""security_code"": ""600276"", ""security_short_name"": ""恒瑞医药"", ""source_document_date"": ""2026-04-17"", ""source_kind"": ""SSE_OFFICIAL_ISSUER_DISCLOSURE"", ""source_url"": ""https://www.sse.com.cn/disclosure/listedinfo/announcement/c/new/2026-04-17/600276_20260417_XMOL.pdf""}, ""substring_matching_used"": false}"
临床试验默示许可,official:0c1a7e5d49b66e35e5653aa35fb3d6d8,上海恒瑞医药有限公司;江苏恒瑞医药股份有限公司;苏州盛迪亚生物医药有限公司,SHR-1701注射液,SHR-1701注射液联合苹果酸法米替尼胶囊治疗不同种类晚期恶性实体瘤患者。,https://www.cde.org.cn/main/xxgk/listpage/4b5255eb0a84820cef4ca3e8b6bbe20c,FIRST_OBSERVED_SNAPSHOT_DATE,,,2026-09-30T17:29:59+08:00,CXSL2000186,1,,COMPLETE,0c1a7e5d49b66e35e5653aa35fb3d6d8,600276.SH,EXACT_APPLICANT_TOKEN_IN_OFFICIAL_MULTI_APPLICANT_FIELD,DELIMITED_APPLICANT_TOKEN_EXACT,江苏恒瑞医药股份有限公司,"{""affiliate_inference_used"": false, ""mapping_match_mode"": ""DELIMITED_APPLICANT_TOKEN_EXACT"", ""matched_applicant_token"": ""江苏恒瑞医药股份有限公司"", ""official_applicant_field"": ""上海恒瑞医药有限公司;江苏恒瑞医药股份有限公司;苏州盛迪亚生物医药有限公司"", ""registry_evidence"": {""listed_issuer_legal_name"": ""江苏恒瑞医药股份有限公司"", ""security_code"": ""600276"", ""security_short_name"": ""恒瑞医药"", ""source_document_date"": ""2026-04-17"", ""source_kind"": ""SSE_OFFICIAL_ISSUER_DISCLOSURE"", ""source_url"": ""https://www.sse.com.cn/disclosure/listedinfo/announcement/c/new/2026-04-17/600276_20260417_XMOL.pdf""}, ""substring_matching_used"": false}"
临床试验默示许可,official:0d418220b0bfaf6df326db4a536f936f,江苏恒瑞医药股份有限公司;江苏恒瑞医药股份有限公司;上海恒瑞医药有限公司,甲磺酸阿帕替尼片,甲磺酸阿帕替尼片联合注射用卡瑞利珠单抗用于未接受过系统治疗的无法根治的晚期肝细胞癌患者,https://www.cde.org.cn/main/xxgk/listpage/4b5255eb0a84820cef4ca3e8b6bbe20c,FIRST_OBSERVED_SNAPSHOT_DATE,,,2026-09-30T17:29:59+08:00,CXHL1900034,2.4,,COMPLETE,0d418220b0bfaf6df326db4a536f936f,600276.SH,EXACT_APPLICANT_TOKEN_IN_OFFICIAL_MULTI_APPLICANT_FIELD,DELIMITED_APPLICANT_TOKEN_EXACT,江苏恒瑞医药股份有限公司,"{""affiliate_inference_used"": false, ""mapping_match_mode"": ""DELIMITED_APPLICANT_TOKEN_EXACT"", ""matched_applicant_token"": ""江苏恒瑞医药股份有限公司"", ""official_applicant_field"": ""江苏恒瑞医药股份有限公司;江苏恒瑞医药股份有限公司;上海恒瑞医药有限公司"", ""registry_evidence"": {""listed_issuer_legal_name"": ""江苏恒瑞医药股份有限公司"", ""security_code"": ""600276"", ""security_short_name"": ""恒瑞医药"", ""source_document_date"": ""2026-04-17"", ""source_kind"": ""SSE_OFFICIAL_ISSUER_DISCLOSURE"", ""source_url"": ""https://www.sse.com.cn/disclosure/listedinfo/announcement/c/new/2026-04-17/600276_20260417_XMOL.pdf""}, ""substring_matching_used"": false}"
临床试验默示许可,official:0d4e9e6803b5040f724b9a74a1572542,上海恒瑞医药有限公司;江苏恒瑞医药股份有限公司,HRS-4642注射液,HRS-4642联合SHR-9839(sc)和HS-20093±化疗用于KRAS G12D突变结直肠癌的治疗。,https://www.cde.org.cn/main/xxgk/listpage/4b5255eb0a84820cef4ca3e8b6bbe20c,FIRST_OBSERVED_SNAPSHOT_DATE,,,2026-09-30T17:29:59+08:00,CXHL2501204,1,,COMPLETE,0d4e9e6803b5040f724b9a74a1572542,600276.SH,EXACT_APPLICANT_TOKEN_IN_OFFICIAL_MULTI_APPLICANT_FIELD,DELIMITED_APPLICANT_TOKEN_EXACT,江苏恒瑞医药股份有限公司,"{""affiliate_inference_used"": false, ""mapping_match_mode"": ""DELIMITED_APPLICANT_TOKEN_EXACT"", ""matched_applicant_token"": ""江苏恒瑞医药股份有限公司"", ""official_applicant_field"": ""上海恒瑞医药有限公司;江苏恒瑞医药股份有限公司"", ""registry_evidence"": {""listed_issuer_legal_name"": ""江苏恒瑞医药股份有限公司"", ""security_code"": ""600276"", ""security_short_name"": ""恒瑞医药"", ""source_document_date"": ""2026-04-17"", ""source_kind"": ""SSE_OFFICIAL_ISSUER_DISCLOSURE"", ""source_url"": ""https://www.sse.com.cn/disclosure/listedinfo/announcement/c/new/2026-04-17/600276_20260417_XMOL.pdf""}, ""substring_matching_used"": false}"
临床试验默示许可,official:0e5ffe23a7505523294772cb79560211,江苏恒瑞医药股份有限公司;江苏恒瑞医药股份有限公司,苹果酸法米替尼胶囊,晚期或转移性非鳞状非小细胞肺癌,https://www.cde.org.cn/main/xxgk/listpage/4b5255eb0a84820cef4ca3e8b6bbe20c,FIRST_OBSERVED_SNAPSHOT_DATE,,,2026-09-30T17:29:59+08:00,CXHB2000113,化学药品第1类,,COMPLETE,0e5ffe23a7505523294772cb79560211,600276.SH,EXACT_APPLICANT_TOKEN_IN_OFFICIAL_MULTI_APPLICANT_FIELD,DELIMITED_APPLICANT_TOKEN_EXACT,江苏恒瑞医药股份有限公司,"{""affiliate_inference_used"": false, ""mapping_match_mode"": ""DELIMITED_APPLICANT_TOKEN_EXACT"", ""matched_applicant_token"": ""江苏恒瑞医药股份有限公司"", ""official_applicant_field"": ""江苏恒瑞医药股份有限公司;江苏恒瑞医药股份有限公司"", ""registry_evidence"": {""listed_issuer_legal_name"": ""江苏恒瑞医药股份有限公司"", ""security_code"": ""600276"", ""security_short_name"": ""恒瑞医药"", ""source_document_date"": ""2026-04-17"", ""source_kind"": ""SSE_OFFICIAL_ISSUER_DISCLOSURE"", ""source_url"": ""https://www.sse.com.cn/disclosure/listedinfo/announcement/c/new/2026-04-17/600276_20260417_XMOL.pdf""}, ""substring_matching_used"": false}"
临床试验默示许可,official:0f6979f003a2072637097352e1c3a61a,江苏恒瑞医药股份有限公司;江苏恒瑞医药股份有限公司;上海恒瑞医药有限公司,苹果酸法米替尼胶囊,本品与注射用卡瑞利珠单抗、培美曲塞和卡铂联合，用于既往未接受过系统治疗的EGFR/ALK野生 型的晚期或转移性非鳞癌非小细胞肺癌,https://www.cde.org.cn/main/xxgk/listpage/4b5255eb0a84820cef4ca3e8b6bbe20c,FIRST_OBSERVED_SNAPSHOT_DATE,,,2026-09-30T17:29:59+08:00,CXHL2000327,1,,COMPLETE,0f6979f003a2072637097352e1c3a61a,600276.SH,EXACT_APPLICANT_TOKEN_IN_OFFICIAL_MULTI_APPLICANT_FIELD,DELIMITED_APPLICANT_TOKEN_EXACT,江苏恒瑞医药股份有限公司,"{""affiliate_inference_used"": false, ""mapping_match_mode"": ""DELIMITED_APPLICANT_TOKEN_EXACT"", ""matched_applicant_token"": ""江苏恒瑞医药股份有限公司"", ""official_applicant_field"": ""江苏恒瑞医药股份有限公司;江苏恒瑞医药股份有限公司;上海恒瑞医药有限公司"", ""registry_evidence"": {""listed_issuer_legal_name"": ""江苏恒瑞医药股份有限公司"", ""security_code"": ""600276"", ""security_short_name"": ""恒瑞医药"", ""source_document_date"": ""2026-04-17"", ""source_kind"": ""SSE_OFFICIAL_ISSUER_DISCLOSURE"", ""source_url"": ""https://www.sse.com.cn/disclosure/listedinfo/announcement/c/new/2026-04-17/600276_20260417_XMOL.pdf""}, ""substring_matching_used"": false}"
临床试验默示许可,official:0f8eacee08db200e5ade83866c1ab069,江苏恒瑞医药股份有限公司;江苏恒瑞医药股份有限公司,SHR3680片,本品适用于治疗高瘤负荷的转移性激素敏感性前列腺癌（mHSPC）患者。,https://www.cde.org.cn/main/xxgk/listpage/4b5255eb0a84820cef4ca3e8b6bbe20c,FIRST_OBSERVED_SNAPSHOT_DATE,,,2026-09-30T17:29:59+08:00,CXHL2000409,1,,COMPLETE,0f8eacee08db200e5ade83866c1ab069,600276.SH,EXACT_APPLICANT_TOKEN_IN_OFFICIAL_MULTI_APPLICANT_FIELD,DELIMITED_APPLICANT_TOKEN_EXACT,江苏恒瑞医药股份有限公司,"{""affiliate_inference_used"": false, ""mapping_match_mode"": ""DELIMITED_APPLICANT_TOKEN_EXACT"", ""matched_applicant_token"": ""江苏恒瑞医药股份有限公司"", ""official_applicant_field"": ""江苏恒瑞医药股份有限公司;江苏恒瑞医药股份有限公司"", ""registry_evidence"": {""listed_issuer_legal_name"": ""江苏恒瑞医药股份有限公司"", ""security_code"": ""600276"", ""security_short_name"": ""恒瑞医药"", ""source_document_date"": ""2026-04-17"", ""source_kind"": ""SSE_OFFICIAL_ISSUER_DISCLOSURE"", ""source_url"": ""https://www.sse.com.cn/disclosure/listedinfo/announcement/c/new/2026-04-17/600276_20260417_XMOL.pdf""}, ""substring_matching_used"": false}"
临床试验默示许可,official:0fdc0b468350a91c5bf19f3c7bf81a48,江苏恒瑞医药股份有限公司,HR091506片,用于长期治疗痛风患者的高尿酸血症。,https://www.cde.org.cn/main/xxgk/listpage/4b5255eb0a84820cef4ca3e8b6bbe20c,FIRST_OBSERVED_SNAPSHOT_DATE,,,2026-09-30T17:29:59+08:00,CXHL2000401,2.2,,COMPLETE,0fdc0b468350a91c5bf19f3c7bf81a48,600276.SH,EXACT_LISTED_ISSUER_LEGAL_NAME,WHOLE_FIELD_EXACT,江苏恒瑞医药股份有限公司,"{""affiliate_inference_used"": false, ""mapping_match_mode"": ""WHOLE_FIELD_EXACT"", ""matched_applicant_token"": ""江苏恒瑞医药股份有限公司"", ""official_applicant_field"": ""江苏恒瑞医药股份有限公司"", ""registry_evidence"": {""listed_issuer_legal_name"": ""江苏恒瑞医药股份有限公司"", ""security_code"": ""600276"", ""security_short_name"": ""恒瑞医药"", ""source_document_date"": ""2026-04-17"", ""source_kind"": ""SSE_OFFICIAL_ISSUER_DISCLOSURE"", ""source_url"": ""https://www.sse.com.cn/disclosure/listedinfo/announcement/c/new/2026-04-17/600276_20260417_XMOL.pdf""}, ""substring_matching_used"": false}"
临床试验默示许可,official:0ff54a91d5ba4f97ed272ef7fae50898,江苏恒瑞医药股份有限公司;江苏恒瑞医药股份有限公司,马来酸吡咯替尼片,联合SHR-A1811治疗HER2异常非小细胞肺癌。,https://www.cde.org.cn/main/xxgk/listpage/4b5255eb0a84820cef4ca3e8b6bbe20c,FIRST_OBSERVED_SNAPSHOT_DATE,,,2026-09-30T17:29:59+08:00,CXHL2200279,2.4,,COMPLETE,0ff54a91d5ba4f97ed272ef7fae50898,600276.SH,EXACT_APPLICANT_TOKEN_IN_OFFICIAL_MULTI_APPLICANT_FIELD,DELIMITED_APPLICANT_TOKEN_EXACT,江苏恒瑞医药股份有限公司,"{""affiliate_inference_used"": false, ""mapping_match_mode"": ""DELIMITED_APPLICANT_TOKEN_EXACT"", ""matched_applicant_token"": ""江苏恒瑞医药股份有限公司"", ""official_applicant_field"": ""江苏恒瑞医药股份有限公司;江苏恒瑞医药股份有限公司"", ""registry_evidence"": {""listed_issuer_legal_name"": ""江苏恒瑞医药股份有限公司"", ""security_code"": ""600276"", ""security_short_name"": ""恒瑞医药"", ""source_document_date"": ""2026-04-17"", ""source_kind"": ""SSE_OFFICIAL_ISSUER_DISCLOSURE"", ""source_url"": ""https://www.sse.com.cn/disclosure/listedinfo/announcement/c/new/2026-04-17/600276_20260417_XMOL.pdf""}, ""substring_matching_used"": false}"
临床试验默示许可,official:1006528f98c9a4316d56a24b6089212f,江苏恒瑞医药股份有限公司,氟唑帕利胶囊,1）实体瘤 2）氟唑帕利胶囊联合甲磺酸阿帕替尼片用于晚期上皮性卵巢癌、输卵管癌或原发性腹膜癌在含铂化疗达到完全缓解或部分缓解后的维持治疗 3）氟唑帕利胶囊或氟唑帕利胶囊联合甲磺酸阿帕替尼片治疗伴有BRCA1/2突变的HER2阴性转移性乳腺癌 4）本品联合醋酸阿比特龙片和泼尼松片或泼尼松龙片，治疗既往未接受过新型雄激素受体靶向药物和多西他赛治疗的转移性去势抵抗性前列腺癌（mCRPC）,https://www.cde.org.cn/main/xxgk/listpage/4b5255eb0a84820cef4ca3e8b6bbe20c,FIRST_OBSERVED_SNAPSHOT_DATE,,,2026-09-30T17:29:59+08:00,CXHB2600176,化学药品,,COMPLETE,1006528f98c9a4316d56a24b6089212f,600276.SH,EXACT_LISTED_ISSUER_LEGAL_NAME,WHOLE_FIELD_EXACT,江苏恒瑞医药股份有限公司,"{""affiliate_inference_used"": false, ""mapping_match_mode"": ""WHOLE_FIELD_EXACT"", ""matched_applicant_token"": ""江苏恒瑞医药股份有限公司"", ""official_applicant_field"": ""江苏恒瑞医药股份有限公司"", ""registry_evidence"": {""listed_issuer_legal_name"": ""江苏恒瑞医药股份有限公司"", ""security_code"": ""600276"", ""security_short_name"": ""恒瑞医药"", ""source_document_date"": ""2026-04-17"", ""source_kind"": ""SSE_OFFICIAL_ISSUER_DISCLOSURE"", ""source_url"": ""https://www.sse.com.cn/disclosure/listedinfo/announcement/c/new/2026-04-17/600276_20260417_XMOL.pdf""}, ""substring_matching_used"": false}"
临床试验默示许可,official:10e7f463bef46b50e32f4bb89f461faa,江苏恒瑞医药股份有限公司;上海恒瑞医药有限公司;苏州盛迪亚生物医药有限公司;成都新越医药有限公司,HRS5091片,本品临床拟用于慢性乙型肝炎的治疗。,https://www.cde.org.cn/main/xxgk/listpage/4b5255eb0a84820cef4ca3e8b6bbe20c,FIRST_OBSERVED_SNAPSHOT_DATE,,,2026-09-30T17:29:59+08:00,CXHL2000147,1,,COMPLETE,10e7f463bef46b50e32f4bb89f461faa,600276.SH,EXACT_APPLICANT_TOKEN_IN_OFFICIAL_MULTI_APPLICANT_FIELD,DELIMITED_APPLICANT_TOKEN_EXACT,江苏恒瑞医药股份有限公司,"{""affiliate_inference_used"": false, ""mapping_match_mode"": ""DELIMITED_APPLICANT_TOKEN_EXACT"", ""matched_applicant_token"": ""江苏恒瑞医药股份有限公司"", ""official_applicant_field"": ""江苏恒瑞医药股份有限公司;上海恒瑞医药有限公司;苏州盛迪亚生物医药有限公司;成都新越医药有限公司"", ""registry_evidence"": {""listed_issuer_legal_name"": ""江苏恒瑞医药股份有限公司"", ""security_code"": ""600276"", ""security_short_name"": ""恒瑞医药"", ""source_document_date"": ""2026-04-17"", ""source_kind"": ""SSE_OFFICIAL_ISSUER_DISCLOSURE"", ""source_url"": ""https://www.sse.com.cn/disclosure/listedinfo/announcement/c/new/2026-04-17/600276_20260417_XMOL.pdf""}, ""substring_matching_used"": false}"
临床试验默示许可,official:115b0ae4388c0888ee2cf45404e0bf10,江苏恒瑞医药股份有限公司,羟乙磺酸达尔西利片,本品联合HRS1358片用于乳腺癌的治疗。,https://www.cde.org.cn/main/xxgk/listpage/4b5255eb0a84820cef4ca3e8b6bbe20c,FIRST_OBSERVED_SNAPSHOT_DATE,,,2026-09-30T17:29:59+08:00,CXHL2400410,2.4,,COMPLETE,115b0ae4388c0888ee2cf45404e0bf10,600276.SH,EXACT_LISTED_ISSUER_LEGAL_NAME,WHOLE_FIELD_EXACT,江苏恒瑞医药股份有限公司,"{""affiliate_inference_used"": false, ""mapping_match_mode"": ""WHOLE_FIELD_EXACT"", ""matched_applicant_token"": ""江苏恒瑞医药股份有限公司"", ""official_applicant_field"": ""江苏恒瑞医药股份有限公司"", ""registry_evidence"": {""listed_issuer_legal_name"": ""江苏恒瑞医药股份有限公司"", ""security_code"": ""600276"", ""security_short_name"": ""恒瑞医药"", ""source_document_date"": ""2026-04-17"", ""source_kind"": ""SSE_OFFICIAL_ISSUER_DISCLOSURE"", ""source_url"": ""https://www.sse.com.cn/disclosure/listedinfo/announcement/c/new/2026-04-17/600276_20260417_XMOL.pdf""}, ""substring_matching_used"": false}"
临床试验默示许可,official:119f4effeb51327d0553cac33b6a508d,江苏恒瑞医药股份有限公司,HRG2010胶囊,用于治疗帕金森病,https://www.cde.org.cn/main/xxgk/listpage/4b5255eb0a84820cef4ca3e8b6bbe20c,FIRST_OBSERVED_SNAPSHOT_DATE,,,2026-09-30T17:29:59+08:00,CXHL2101178,2.2,,COMPLETE,119f4effeb51327d0553cac33b6a508d,600276.SH,EXACT_LISTED_ISSUER_LEGAL_NAME,WHOLE_FIELD_EXACT,江苏恒瑞医药股份有限公司,"{""affiliate_inference_used"": false, ""mapping_match_mode"": ""WHOLE_FIELD_EXACT"", ""matched_applicant_token"": ""江苏恒瑞医药股份有限公司"", ""official_applicant_field"": ""江苏恒瑞医药股份有限公司"", ""registry_evidence"": {""listed_issuer_legal_name"": ""江苏恒瑞医药股份有限公司"", ""security_code"": ""600276"", ""security_short_name"": ""恒瑞医药"", ""source_document_date"": ""2026-04-17"", ""source_kind"": ""SSE_OFFICIAL_ISSUER_DISCLOSURE"", ""source_url"": ""https://www.sse.com.cn/disclosure/listedinfo/announcement/c/new/2026-04-17/600276_20260417_XMOL.pdf""}, ""substring_matching_used"": false}"
临床试验默示许可,official:11c36d8b354b452cebc6a60da5a07b1f,江苏恒瑞医药股份有限公司,羟乙磺酸达尔西利片,本品联合HRS1358片用于乳腺癌的治疗。,https://www.cde.org.cn/main/xxgk/listpage/4b5255eb0a84820cef4ca3e8b6bbe20c,FIRST_OBSERVED_SNAPSHOT_DATE,,,2026-09-30T17:29:59+08:00,CXHL2400409,2.4,,COMPLETE,11c36d8b354b452cebc6a60da5a07b1f,600276.SH,EXACT_LISTED_ISSUER_LEGAL_NAME,WHOLE_FIELD_EXACT,江苏恒瑞医药股份有限公司,"{""affiliate_inference_used"": false, ""mapping_match_mode"": ""WHOLE_FIELD_EXACT"", ""matched_applicant_token"": ""江苏恒瑞医药股份有限公司"", ""official_applicant_field"": ""江苏恒瑞医药股份有限公司"", ""registry_evidence"": {""listed_issuer_legal_name"": ""江苏恒瑞医药股份有限公司"", ""security_code"": ""600276"", ""security_short_name"": ""恒瑞医药"", ""source_document_date"": ""2026-04-17"", ""source_kind"": ""SSE_OFFICIAL_ISSUER_DISCLOSURE"", ""source_url"": ""https://www.sse.com.cn/disclosure/listedinfo/announcement/c/new/2026-04-17/600276_20260417_XMOL.pdf""}, ""substring_matching_used"": false}"
临床试验默示许可,official:11de9c11cd13bb76b44c2eafcea3a094,江苏恒瑞医药股份有限公司,HRS-1167片,本品联合HRS2398片治疗晚期实体瘤患者,https://www.cde.org.cn/main/xxgk/listpage/4b5255eb0a84820cef4ca3e8b6bbe20c,FIRST_OBSERVED_SNAPSHOT_DATE,,,2026-09-30T17:29:59+08:00,CXHL2301325,1,,COMPLETE,11de9c11cd13bb76b44c2eafcea3a094,600276.SH,EXACT_LISTED_ISSUER_LEGAL_NAME,WHOLE_FIELD_EXACT,江苏恒瑞医药股份有限公司,"{""affiliate_inference_used"": false, ""mapping_match_mode"": ""WHOLE_FIELD_EXACT"", ""matched_applicant_token"": ""江苏恒瑞医药股份有限公司"", ""official_applicant_field"": ""江苏恒瑞医药股份有限公司"", ""registry_evidence"": {""listed_issuer_legal_name"": ""江苏恒瑞医药股份有限公司"", ""security_code"": ""600276"", ""security_short_name"": ""恒瑞医药"", ""source_document_date"": ""2026-04-17"", ""source_kind"": ""SSE_OFFICIAL_ISSUER_DISCLOSURE"", ""source_url"": ""https://www.sse.com.cn/disclosure/listedinfo/announcement/c/new/2026-04-17/600276_20260417_XMOL.pdf""}, ""substring_matching_used"": false}"
临床试验默示许可,official:122f6620efd91547a7b0415456a60a18,江苏恒瑞医药股份有限公司;江苏恒瑞医药股份有限公司,氟唑帕利胶囊,本品拟用于联合醋酸阿比特龙联合，治疗既往未接受过新型雄激素受体（AR）靶向药物治疗的转移性去势抵抗性前列腺癌（mCRPC）。,https://www.cde.org.cn/main/xxgk/listpage/4b5255eb0a84820cef4ca3e8b6bbe20c,FIRST_OBSERVED_SNAPSHOT_DATE,,,2026-09-30T17:29:59+08:00,CXHL1900331,1,,COMPLETE,122f6620efd91547a7b0415456a60a18,600276.SH,EXACT_APPLICANT_TOKEN_IN_OFFICIAL_MULTI_APPLICANT_FIELD,DELIMITED_APPLICANT_TOKEN_EXACT,江苏恒瑞医药股份有限公司,"{""affiliate_inference_used"": false, ""mapping_match_mode"": ""DELIMITED_APPLICANT_TOKEN_EXACT"", ""matched_applicant_token"": ""江苏恒瑞医药股份有限公司"", ""official_applicant_field"": ""江苏恒瑞医药股份有限公司;江苏恒瑞医药股份有限公司"", ""registry_evidence"": {""listed_issuer_legal_name"": ""江苏恒瑞医药股份有限公司"", ""security_code"": ""600276"", ""security_short_name"": ""恒瑞医药"", ""source_document_date"": ""2026-04-17"", ""source_kind"": ""SSE_OFFICIAL_ISSUER_DISCLOSURE"", ""source_url"": ""https://www.sse.com.cn/disclosure/listedinfo/announcement/c/new/2026-04-17/600276_20260417_XMOL.pdf""}, ""substring_matching_used"": false}"
临床试验默示许可,official:124a3b188a35ba89a0ff84042cbb53e6,江苏恒瑞医药股份有限公司;江苏恒瑞医药股份有限公司,氟唑帕利胶囊,氟唑帕利胶囊联合替莫唑胺胶囊±抗PD-L1抗体SHR-1316治疗复发性小细胞肺癌。,https://www.cde.org.cn/main/xxgk/listpage/4b5255eb0a84820cef4ca3e8b6bbe20c,FIRST_OBSERVED_SNAPSHOT_DATE,,,2026-09-30T17:29:59+08:00,CXHL2000082,1,,COMPLETE,124a3b188a35ba89a0ff84042cbb53e6,600276.SH,EXACT_APPLICANT_TOKEN_IN_OFFICIAL_MULTI_APPLICANT_FIELD,DELIMITED_APPLICANT_TOKEN_EXACT,江苏恒瑞医药股份有限公司,"{""affiliate_inference_used"": false, ""mapping_match_mode"": ""DELIMITED_APPLICANT_TOKEN_EXACT"", ""matched_applicant_token"": ""江苏恒瑞医药股份有限公司"", ""official_applicant_field"": ""江苏恒瑞医药股份有限公司;江苏恒瑞医药股份有限公司"", ""registry_evidence"": {""listed_issuer_legal_name"": ""江苏恒瑞医药股份有限公司"", ""security_code"": ""600276"", ""security_short_name"": ""恒瑞医药"", ""source_document_date"": ""2026-04-17"", ""source_kind"": ""SSE_OFFICIAL_ISSUER_DISCLOSURE"", ""source_url"": ""https://www.sse.com.cn/disclosure/listedinfo/announcement/c/new/2026-04-17/600276_20260417_XMOL.pdf""}, ""substring_matching_used"": false}"
临床试验默示许可,official:124ae7dd09bd1c071528fceff2054a3f,江苏恒瑞医药股份有限公司,HRG2010胶囊,用于治疗帕金森病。,https://www.cde.org.cn/main/xxgk/listpage/4b5255eb0a84820cef4ca3e8b6bbe20c,FIRST_OBSERVED_SNAPSHOT_DATE,,,2026-09-30T17:29:59+08:00,CXHB2200166,2.2,,COMPLETE,124ae7dd09bd1c071528fceff2054a3f,600276.SH,EXACT_LISTED_ISSUER_LEGAL_NAME,WHOLE_FIELD_EXACT,江苏恒瑞医药股份有限公司,"{""affiliate_inference_used"": false, ""mapping_match_mode"": ""WHOLE_FIELD_EXACT"", ""matched_applicant_token"": ""江苏恒瑞医药股份有限公司"", ""official_applicant_field"": ""江苏恒瑞医药股份有限公司"", ""registry_evidence"": {""listed_issuer_legal_name"": ""江苏恒瑞医药股份有限公司"", ""security_code"": ""600276"", ""security_short_name"": ""恒瑞医药"", ""source_document_date"": ""2026-04-17"", ""source_kind"": ""SSE_OFFICIAL_ISSUER_DISCLOSURE"", ""source_url"": ""https://www.sse.com.cn/disclosure/listedinfo/announcement/c/new/2026-04-17/600276_20260417_XMOL.pdf""}, ""substring_matching_used"": false}"
临床试验默示许可,official:125ddb2df8d1f188144fe209e0300d4a,江苏恒瑞医药股份有限公司,SHR2554片,本品联合HRS-5041片用于治疗晚期前列腺癌患者。,https://www.cde.org.cn/main/xxgk/listpage/4b5255eb0a84820cef4ca3e8b6bbe20c,FIRST_OBSERVED_SNAPSHOT_DATE,,,2026-09-30T17:29:59+08:00,CXHL2400541,1,,COMPLETE,125ddb2df8d1f188144fe209e0300d4a,600276.SH,EXACT_LISTED_ISSUER_LEGAL_NAME,WHOLE_FIELD_EXACT,江苏恒瑞医药股份有限公司,"{""affiliate_inference_used"": false, ""mapping_match_mode"": ""WHOLE_FIELD_EXACT"", ""matched_applicant_token"": ""江苏恒瑞医药股份有限公司"", ""official_applicant_field"": ""江苏恒瑞医药股份有限公司"", ""registry_evidence"": {""listed_issuer_legal_name"": ""江苏恒瑞医药股份有限公司"", ""security_code"": ""600276"", ""security_short_name"": ""恒瑞医药"", ""source_document_date"": ""2026-04-17"", ""source_kind"": ""SSE_OFFICIAL_ISSUER_DISCLOSURE"", ""source_url"": ""https://www.sse.com.cn/disclosure/listedinfo/announcement/c/new/2026-04-17/600276_20260417_XMOL.pdf""}, ""substring_matching_used"": false}"
临床试验默示许可,official:12ef22ba335883fa83f1baa8c9efd9b1,江苏恒瑞医药股份有限公司;成都盛迪医药有限公司,HRS-5041片,本品联合注射用HS-20093用于治疗晚期前列腺癌患者。,https://www.cde.org.cn/main/xxgk/listpage/4b5255eb0a84820cef4ca3e8b6bbe20c,FIRST_OBSERVED_SNAPSHOT_DATE,,,2026-09-30T17:29:59+08:00,CXHL2500469,1,,COMPLETE,12ef22ba335883fa83f1baa8c9efd9b1,600276.SH,EXACT_APPLICANT_TOKEN_IN_OFFICIAL_MULTI_APPLICANT_FIELD,DELIMITED_APPLICANT_TOKEN_EXACT,江苏恒瑞医药股份有限公司,"{""affiliate_inference_used"": false, ""mapping_match_mode"": ""DELIMITED_APPLICANT_TOKEN_EXACT"", ""matched_applicant_token"": ""江苏恒瑞医药股份有限公司"", ""official_applicant_field"": ""江苏恒瑞医药股份有限公司;成都盛迪医药有限公司"", ""registry_evidence"": {""listed_issuer_legal_name"": ""江苏恒瑞医药股份有限公司"", ""security_code"": ""600276"", ""security_short_name"": ""恒瑞医药"", ""source_document_date"": ""2026-04-17"", ""source_kind"": ""SSE_OFFICIAL_ISSUER_DISCLOSURE"", ""source_url"": ""https://www.sse.com.cn/disclosure/listedinfo/announcement/c/new/2026-04-17/600276_20260417_XMOL.pdf""}, ""substring_matching_used"": false}"
临床试验默示许可,official:139648235b52047386589abd391ffd46,江苏恒瑞医药股份有限公司,HRS-1167片,本品联合醋酸阿比特龙片及醋酸泼尼松治疗转移性前列腺癌患者。,https://www.cde.org.cn/main/xxgk/listpage/4b5255eb0a84820cef4ca3e8b6bbe20c,FIRST_OBSERVED_SNAPSHOT_DATE,,,2026-09-30T17:29:59+08:00,CXHL2500110,1,,COMPLETE,139648235b52047386589abd391ffd46,600276.SH,EXACT_LISTED_ISSUER_LEGAL_NAME,WHOLE_FIELD_EXACT,江苏恒瑞医药股份有限公司,"{""affiliate_inference_used"": false, ""mapping_match_mode"": ""WHOLE_FIELD_EXACT"", ""matched_applicant_token"": ""江苏恒瑞医药股份有限公司"", ""official_applicant_field"": ""江苏恒瑞医药股份有限公司"", ""registry_evidence"": {""listed_issuer_legal_name"": ""江苏恒瑞医药股份有限公司"", ""security_code"": ""600276"", ""security_short_name"": ""恒瑞医药"", ""source_document_date"": ""2026-04-17"", ""source_kind"": ""SSE_OFFICIAL_ISSUER_DISCLOSURE"", ""source_url"": ""https://www.sse.com.cn/disclosure/listedinfo/announcement/c/new/2026-04-17/600276_20260417_XMOL.pdf""}, ""substring_matching_used"": false}"
临床试验默示许可,official:13aefda68d2fcad67e6137611964f311,江苏恒瑞医药股份有限公司,HRS-3005片,本品拟用于B细胞恶性肿瘤的治疗,https://www.cde.org.cn/main/xxgk/listpage/4b5255eb0a84820cef4ca3e8b6bbe20c,FIRST_OBSERVED_SNAPSHOT_DATE,,,2026-09-30T17:29:59+08:00,CXHL2600130,1,,COMPLETE,13aefda68d2fcad67e6137611964f311,600276.SH,EXACT_LISTED_ISSUER_LEGAL_NAME,WHOLE_FIELD_EXACT,江苏恒瑞医药股份有限公司,"{""affiliate_inference_used"": false, ""mapping_match_mode"": ""WHOLE_FIELD_EXACT"", ""matched_applicant_token"": ""江苏恒瑞医药股份有限公司"", ""official_applicant_field"": ""江苏恒瑞医药股份有限公司"", ""registry_evidence"": {""listed_issuer_legal_name"": ""江苏恒瑞医药股份有限公司"", ""security_code"": ""600276"", ""security_short_name"": ""恒瑞医药"", ""source_document_date"": ""2026-04-17"", ""source_kind"": ""SSE_OFFICIAL_ISSUER_DISCLOSURE"", ""source_url"": ""https://www.sse.com.cn/disclosure/listedinfo/announcement/c/new/2026-04-17/600276_20260417_XMOL.pdf""}, ""substring_matching_used"": false}"
临床试验默示许可,official:13b4c5dc06b8627efbd04493646a72c9,江苏恒瑞医药股份有限公司;江苏恒瑞医药股份有限公司,苹果酸法米替尼胶囊,既往系统化疗失败的广泛期小细胞肺癌,https://www.cde.org.cn/main/xxgk/listpage/4b5255eb0a84820cef4ca3e8b6bbe20c,FIRST_OBSERVED_SNAPSHOT_DATE,,,2026-09-30T17:29:59+08:00,CXHL2000647,化学药品第1类,,COMPLETE,13b4c5dc06b8627efbd04493646a72c9,600276.SH,EXACT_APPLICANT_TOKEN_IN_OFFICIAL_MULTI_APPLICANT_FIELD,DELIMITED_APPLICANT_TOKEN_EXACT,江苏恒瑞医药股份有限公司,"{""affiliate_inference_used"": false, ""mapping_match_mode"": ""DELIMITED_APPLICANT_TOKEN_EXACT"", ""matched_applicant_token"": ""江苏恒瑞医药股份有限公司"", ""official_applicant_field"": ""江苏恒瑞医药股份有限公司;江苏恒瑞医药股份有限公司"", ""registry_evidence"": {""listed_issuer_legal_name"": ""江苏恒瑞医药股份有限公司"", ""security_code"": ""600276"", ""security_short_name"": ""恒瑞医药"", ""source_document_date"": ""2026-04-17"", ""source_kind"": ""SSE_OFFICIAL_ISSUER_DISCLOSURE"", ""source_url"": ""https://www.sse.com.cn/disclosure/listedinfo/announcement/c/new/2026-04-17/600276_20260417_XMOL.pdf""}, ""substring_matching_used"": false}"
临床试验默示许可,official:13b6215989911603a20ca7eb2a499985,江苏恒瑞医药股份有限公司;上海甫弘生物医药有限公司,注射用FH-006,FH-006联合HRS-6093±阿得贝利单抗用于KRAS G12D突变实体瘤的治疗。,https://www.cde.org.cn/main/xxgk/listpage/4b5255eb0a84820cef4ca3e8b6bbe20c,FIRST_OBSERVED_SNAPSHOT_DATE,,,2026-09-30T17:29:59+08:00,CXSL2600157,1,,COMPLETE,13b6215989911603a20ca7eb2a499985,600276.SH,EXACT_APPLICANT_TOKEN_IN_OFFICIAL_MULTI_APPLICANT_FIELD,DELIMITED_APPLICANT_TOKEN_EXACT,江苏恒瑞医药股份有限公司,"{""affiliate_inference_used"": false, ""mapping_match_mode"": ""DELIMITED_APPLICANT_TOKEN_EXACT"", ""matched_applicant_token"": ""江苏恒瑞医药股份有限公司"", ""official_applicant_field"": ""江苏恒瑞医药股份有限公司;上海甫弘生物医药有限公司"", ""registry_evidence"": {""listed_issuer_legal_name"": ""江苏恒瑞医药股份有限公司"", ""security_code"": ""600276"", ""security_short_name"": ""恒瑞医药"", ""source_document_date"": ""2026-04-17"", ""source_kind"": ""SSE_OFFICIAL_ISSUER_DISCLOSURE"", ""source_url"": ""https://www.sse.com.cn/disclosure/listedinfo/announcement/c/new/2026-04-17/600276_20260417_XMOL.pdf""}, ""substring_matching_used"": false}"
临床试验默示许可,official:142ebd7f513f8a58adb0c6e42acab91f,江苏恒瑞医药股份有限公司;江苏恒瑞医药股份有限公司,氟唑帕利胶囊,本品联合醋酸阿比特龙片和泼尼松片或泼尼松龙片，治疗既往未接受过新型雄激素受体靶向药物和多西他赛治疗的转移性去势抵抗性前列腺癌（mCRPC）。,https://www.cde.org.cn/main/xxgk/listpage/4b5255eb0a84820cef4ca3e8b6bbe20c,FIRST_OBSERVED_SNAPSHOT_DATE,,,2026-09-30T17:29:59+08:00,CXHL2000493,1,,COMPLETE,142ebd7f513f8a58adb0c6e42acab91f,600276.SH,EXACT_APPLICANT_TOKEN_IN_OFFICIAL_MULTI_APPLICANT_FIELD,DELIMITED_APPLICANT_TOKEN_EXACT,江苏恒瑞医药股份有限公司,"{""affiliate_inference_used"": false, ""mapping_match_mode"": ""DELIMITED_APPLICANT_TOKEN_EXACT"", ""matched_applicant_token"": ""江苏恒瑞医药股份有限公司"", ""official_applicant_field"": ""江苏恒瑞医药股份有限公司;江苏恒瑞医药股份有限公司"", ""registry_evidence"": {""listed_issuer_legal_name"": ""江苏恒瑞医药股份有限公司"", ""security_code"": ""600276"", ""security_short_name"": ""恒瑞医药"", ""source_document_date"": ""2026-04-17"", ""source_kind"": ""SSE_OFFICIAL_ISSUER_DISCLOSURE"", ""source_url"": ""https://www.sse.com.cn/disclosure/listedinfo/announcement/c/new/2026-04-17/600276_20260417_XMOL.pdf""}, ""substring_matching_used"": false}"
临床试验默示许可,official:1432c285be1bccd3f59eebe8057a6b01,上海甫弘生物医药有限公司;江苏恒瑞医药股份有限公司,注射用FH-006,实体瘤。,https://www.cde.org.cn/main/xxgk/listpage/4b5255eb0a84820cef4ca3e8b6bbe20c,FIRST_OBSERVED_SNAPSHOT_DATE,,,2026-09-30T17:29:59+08:00,CXSL2400637,1,,COMPLETE,1432c285be1bccd3f59eebe8057a6b01,600276.SH,EXACT_APPLICANT_TOKEN_IN_OFFICIAL_MULTI_APPLICANT_FIELD,DELIMITED_APPLICANT_TOKEN_EXACT,江苏恒瑞医药股份有限公司,"{""affiliate_inference_used"": false, ""mapping_match_mode"": ""DELIMITED_APPLICANT_TOKEN_EXACT"", ""matched_applicant_token"": ""江苏恒瑞医药股份有限公司"", ""official_applicant_field"": ""上海甫弘生物医药有限公司;江苏恒瑞医药股份有限公司"", ""registry_evidence"": {""listed_issuer_legal_name"": ""江苏恒瑞医药股份有限公司"", ""security_code"": ""600276"", ""security_short_name"": ""恒瑞医药"", ""source_document_date"": ""2026-04-17"", ""source_kind"": ""SSE_OFFICIAL_ISSUER_DISCLOSURE"", ""source_url"": ""https://www.sse.com.cn/disclosure/listedinfo/announcement/c/new/2026-04-17/600276_20260417_XMOL.pdf""}, ""substring_matching_used"": false}"
临床试验默示许可,official:144fc857fee1561c9f9ff9d9250e5a3c,江苏恒瑞医药股份有限公司,注射用HRS-8427,用于肺部感染。,https://www.cde.org.cn/main/xxgk/listpage/4b5255eb0a84820cef4ca3e8b6bbe20c,FIRST_OBSERVED_SNAPSHOT_DATE,,,2026-09-30T17:29:59+08:00,CXHL2200847,1,,COMPLETE,144fc857fee1561c9f9ff9d9250e5a3c,600276.SH,EXACT_LISTED_ISSUER_LEGAL_NAME,WHOLE_FIELD_EXACT,江苏恒瑞医药股份有限公司,"{""affiliate_inference_used"": false, ""mapping_match_mode"": ""WHOLE_FIELD_EXACT"", ""matched_applicant_token"": ""江苏恒瑞医药股份有限公司"", ""official_applicant_field"": ""江苏恒瑞医药股份有限公司"", ""registry_evidence"": {""listed_issuer_legal_name"": ""江苏恒瑞医药股份有限公司"", ""security_code"": ""600276"", ""security_short_name"": ""恒瑞医药"", ""source_document_date"": ""2026-04-17"", ""source_kind"": ""SSE_OFFICIAL_ISSUER_DISCLOSURE"", ""source_url"": ""https://www.sse.com.cn/disclosure/listedinfo/announcement/c/new/2026-04-17/600276_20260417_XMOL.pdf""}, ""substring_matching_used"": false}"
临床试验默示许可,official:145da5f823b6db8e7c90be7d158291b5,江苏恒瑞医药股份有限公司,SHR4640片,本品适用原发性高尿酸血症的长期治疗，可与黄嘌呤氧化酶抑制剂联用。,https://www.cde.org.cn/main/xxgk/listpage/4b5255eb0a84820cef4ca3e8b6bbe20c,FIRST_OBSERVED_SNAPSHOT_DATE,,,2026-09-30T17:29:59+08:00,CXHL2200196,1,,COMPLETE,145da5f823b6db8e7c90be7d158291b5,600276.SH,EXACT_LISTED_ISSUER_LEGAL_NAME,WHOLE_FIELD_EXACT,江苏恒瑞医药股份有限公司,"{""affiliate_inference_used"": false, ""mapping_match_mode"": ""WHOLE_FIELD_EXACT"", ""matched_applicant_token"": ""江苏恒瑞医药股份有限公司"", ""official_applicant_field"": ""江苏恒瑞医药股份有限公司"", ""registry_evidence"": {""listed_issuer_legal_name"": ""江苏恒瑞医药股份有限公司"", ""security_code"": ""600276"", ""security_short_name"": ""恒瑞医药"", ""source_document_date"": ""2026-04-17"", ""source_kind"": ""SSE_OFFICIAL_ISSUER_DISCLOSURE"", ""source_url"": ""https://www.sse.com.cn/disclosure/listedinfo/announcement/c/new/2026-04-17/600276_20260417_XMOL.pdf""}, ""substring_matching_used"": false}"
临床试验默示许可,official:148cd40375ed7a40760fca25430ccb90,江苏恒瑞医药股份有限公司,SHR2554片,本品联合或不联合阿得贝利单抗或SHR-1701±SHR-A1811或SHR-A1904或SHR-A2102，或联合醋酸阿比特龙或二代AR抑制剂用于实体瘤,https://www.cde.org.cn/main/xxgk/listpage/4b5255eb0a84820cef4ca3e8b6bbe20c,FIRST_OBSERVED_SNAPSHOT_DATE,,,2026-09-30T17:29:59+08:00,CXHL2500347,1,,COMPLETE,148cd40375ed7a40760fca25430ccb90,600276.SH,EXACT_LISTED_ISSUER_LEGAL_NAME,WHOLE_FIELD_EXACT,江苏恒瑞医药股份有限公司,"{""affiliate_inference_used"": false, ""mapping_match_mode"": ""WHOLE_FIELD_EXACT"", ""matched_applicant_token"": ""江苏恒瑞医药股份有限公司"", ""official_applicant_field"": ""江苏恒瑞医药股份有限公司"", ""registry_evidence"": {""listed_issuer_legal_name"": ""江苏恒瑞医药股份有限公司"", ""security_code"": ""600276"", ""security_short_name"": ""恒瑞医药"", ""source_document_date"": ""2026-04-17"", ""source_kind"": ""SSE_OFFICIAL_ISSUER_DISCLOSURE"", ""source_url"": ""https://www.sse.com.cn/disclosure/listedinfo/announcement/c/new/2026-04-17/600276_20260417_XMOL.pdf""}, ""substring_matching_used"": false}"
临床试验默示许可,official:14a4d7a4c603ca307d092375748bcfa1,江苏恒瑞医药股份有限公司,HR091506片,适用于痛风患者高尿酸血症的长期治疗。不推荐用于无临床症状的高尿酸血症。,https://www.cde.org.cn/main/xxgk/listpage/4b5255eb0a84820cef4ca3e8b6bbe20c,FIRST_OBSERVED_SNAPSHOT_DATE,,,2026-09-30T17:29:59+08:00,CXHB2200006,2.2,,COMPLETE,14a4d7a4c603ca307d092375748bcfa1,600276.SH,EXACT_LISTED_ISSUER_LEGAL_NAME,WHOLE_FIELD_EXACT,江苏恒瑞医药股份有限公司,"{""affiliate_inference_used"": false, ""mapping_match_mode"": ""WHOLE_FIELD_EXACT"", ""matched_applicant_token"": ""江苏恒瑞医药股份有限公司"", ""official_applicant_field"": ""江苏恒瑞医药股份有限公司"", ""registry_evidence"": {""listed_issuer_legal_name"": ""江苏恒瑞医药股份有限公司"", ""security_code"": ""600276"", ""security_short_name"": ""恒瑞医药"", ""source_document_date"": ""2026-04-17"", ""source_kind"": ""SSE_OFFICIAL_ISSUER_DISCLOSURE"", ""source_url"": ""https://www.sse.com.cn/disclosure/listedinfo/announcement/c/new/2026-04-17/600276_20260417_XMOL.pdf""}, ""substring_matching_used"": false}"
临床试验默示许可,official:14cf6d67bae79503298388754103b2a4,江苏恒瑞医药股份有限公司,SHR-3167注射液,糖尿病,https://www.cde.org.cn/main/xxgk/listpage/4b5255eb0a84820cef4ca3e8b6bbe20c,FIRST_OBSERVED_SNAPSHOT_DATE,,,2026-09-30T17:29:59+08:00,CXSB2500250,1,,COMPLETE,14cf6d67bae79503298388754103b2a4,600276.SH,EXACT_LISTED_ISSUER_LEGAL_NAME,WHOLE_FIELD_EXACT,江苏恒瑞医药股份有限公司,"{""affiliate_inference_used"": false, ""mapping_match_mode"": ""WHOLE_FIELD_EXACT"", ""matched_applicant_token"": ""江苏恒瑞医药股份有限公司"", ""official_applicant_field"": ""江苏恒瑞医药股份有限公司"", ""registry_evidence"": {""listed_issuer_legal_name"": ""江苏恒瑞医药股份有限公司"", ""security_code"": ""600276"", ""security_short_name"": ""恒瑞医药"", ""source_document_date"": ""2026-04-17"", ""source_kind"": ""SSE_OFFICIAL_ISSUER_DISCLOSURE"", ""source_url"": ""https://www.sse.com.cn/disclosure/listedinfo/announcement/c/new/2026-04-17/600276_20260417_XMOL.pdf""}, ""substring_matching_used"": false}"
临床试验默示许可,official:1515f137dd35be6fb2fd2bc5aa20a778,江苏恒瑞医药股份有限公司,注射用HRS-2183,革兰阴性菌引起的治疗选择有限或无治疗选择的严重感染（包括碳青霉烯耐药菌感染）。,https://www.cde.org.cn/main/xxgk/listpage/4b5255eb0a84820cef4ca3e8b6bbe20c,FIRST_OBSERVED_SNAPSHOT_DATE,,,2026-09-30T17:29:59+08:00,CXHL2400635,1,,COMPLETE,1515f137dd35be6fb2fd2bc5aa20a778,600276.SH,EXACT_LISTED_ISSUER_LEGAL_NAME,WHOLE_FIELD_EXACT,江苏恒瑞医药股份有限公司,"{""affiliate_inference_used"": false, ""mapping_match_mode"": ""WHOLE_FIELD_EXACT"", ""matched_applicant_token"": ""江苏恒瑞医药股份有限公司"", ""official_applicant_field"": ""江苏恒瑞医药股份有限公司"", ""registry_evidence"": {""listed_issuer_legal_name"": ""江苏恒瑞医药股份有限公司"", ""security_code"": ""600276"", ""security_short_name"": ""恒瑞医药"", ""source_document_date"": ""2026-04-17"", ""source_kind"": ""SSE_OFFICIAL_ISSUER_DISCLOSURE"", ""source_url"": ""https://www.sse.com.cn/disclosure/listedinfo/announcement/c/new/2026-04-17/600276_20260417_XMOL.pdf""}, ""substring_matching_used"": false}"
临床试验默示许可,official:16c2f7f58902dc4935922b8134988ce5,江苏恒瑞医药股份有限公司,HRG2010胶囊,用于治疗帕金森病。,https://www.cde.org.cn/main/xxgk/listpage/4b5255eb0a84820cef4ca3e8b6bbe20c,FIRST_OBSERVED_SNAPSHOT_DATE,,,2026-09-30T17:29:59+08:00,CXHB2200020,2.2,,COMPLETE,16c2f7f58902dc4935922b8134988ce5,600276.SH,EXACT_LISTED_ISSUER_LEGAL_NAME,WHOLE_FIELD_EXACT,江苏恒瑞医药股份有限公司,"{""affiliate_inference_used"": false, ""mapping_match_mode"": ""WHOLE_FIELD_EXACT"", ""matched_applicant_token"": ""江苏恒瑞医药股份有限公司"", ""official_applicant_field"": ""江苏恒瑞医药股份有限公司"", ""registry_evidence"": {""listed_issuer_legal_name"": ""江苏恒瑞医药股份有限公司"", ""security_code"": ""600276"", ""security_short_name"": ""恒瑞医药"", ""source_document_date"": ""2026-04-17"", ""source_kind"": ""SSE_OFFICIAL_ISSUER_DISCLOSURE"", ""source_url"": ""https://www.sse.com.cn/disclosure/listedinfo/announcement/c/new/2026-04-17/600276_20260417_XMOL.pdf""}, ""substring_matching_used"": false}"
临床试验默示许可,official:16c5ca2684f6c3f2547d25176260d6a1,江苏恒瑞医药股份有限公司,HRS-2329片,携带RAS突变或扩增的实体瘤,https://www.cde.org.cn/main/xxgk/listpage/4b5255eb0a84820cef4ca3e8b6bbe20c,FIRST_OBSERVED_SNAPSHOT_DATE,,,2026-09-30T17:29:59+08:00,CXHL2500683,1,,COMPLETE,16c5ca2684f6c3f2547d25176260d6a1,600276.SH,EXACT_LISTED_ISSUER_LEGAL_NAME,WHOLE_FIELD_EXACT,江苏恒瑞医药股份有限公司,"{""affiliate_inference_used"": false, ""mapping_match_mode"": ""WHOLE_FIELD_EXACT"", ""matched_applicant_token"": ""江苏恒瑞医药股份有限公司"", ""official_applicant_field"": ""江苏恒瑞医药股份有限公司"", ""registry_evidence"": {""listed_issuer_legal_name"": ""江苏恒瑞医药股份有限公司"", ""security_code"": ""600276"", ""security_short_name"": ""恒瑞医药"", ""source_document_date"": ""2026-04-17"", ""source_kind"": ""SSE_OFFICIAL_ISSUER_DISCLOSURE"", ""source_url"": ""https://www.sse.com.cn/disclosure/listedinfo/announcement/c/new/2026-04-17/600276_20260417_XMOL.pdf""}, ""substring_matching_used"": false}"
临床试验默示许可,official:178dc1310d64978d772bc1b38cee5c59,江苏恒瑞医药股份有限公司,HRS-1167片,晚期实体肿瘤。本品联合注射用SHR-A1921或联合贝伐珠单抗或联合醋酸阿比特龙片（I）及泼尼松/泼尼松龙（AA-P）治疗晚期实体瘤患者。本品联合HRS2398片治疗晚期实体瘤患者。本品联合HRS-5041片用于治疗晚期前列腺癌患者。本品联合醋酸阿比特龙片及醋酸泼尼松治疗转移性前列腺癌患者。,https://www.cde.org.cn/main/xxgk/listpage/4b5255eb0a84820cef4ca3e8b6bbe20c,FIRST_OBSERVED_SNAPSHOT_DATE,,,2026-09-30T17:29:59+08:00,CXHB2500209,1,,COMPLETE,178dc1310d64978d772bc1b38cee5c59,600276.SH,EXACT_LISTED_ISSUER_LEGAL_NAME,WHOLE_FIELD_EXACT,江苏恒瑞医药股份有限公司,"{""affiliate_inference_used"": false, ""mapping_match_mode"": ""WHOLE_FIELD_EXACT"", ""matched_applicant_token"": ""江苏恒瑞医药股份有限公司"", ""official_applicant_field"": ""江苏恒瑞医药股份有限公司"", ""registry_evidence"": {""listed_issuer_legal_name"": ""江苏恒瑞医药股份有限公司"", ""security_code"": ""600276"", ""security_short_name"": ""恒瑞医药"", ""source_document_date"": ""2026-04-17"", ""source_kind"": ""SSE_OFFICIAL_ISSUER_DISCLOSURE"", ""source_url"": ""https://www.sse.com.cn/disclosure/listedinfo/announcement/c/new/2026-04-17/600276_20260417_XMOL.pdf""}, ""substring_matching_used"": false}"
临床试验默示许可,official:17c0cc2ac706b9475f77123723b75e6b,上海恒瑞医药有限公司;江苏恒瑞医药股份有限公司,盐酸(R)-氯胺酮鼻喷剂,难治性抑郁症,https://www.cde.org.cn/main/xxgk/listpage/4b5255eb0a84820cef4ca3e8b6bbe20c,FIRST_OBSERVED_SNAPSHOT_DATE,,,2026-09-30T17:29:59+08:00,CXHL1900090,2.1;2.2;2.4,,COMPLETE,17c0cc2ac706b9475f77123723b75e6b,600276.SH,EXACT_APPLICANT_TOKEN_IN_OFFICIAL_MULTI_APPLICANT_FIELD,DELIMITED_APPLICANT_TOKEN_EXACT,江苏恒瑞医药股份有限公司,"{""affiliate_inference_used"": false, ""mapping_match_mode"": ""DELIMITED_APPLICANT_TOKEN_EXACT"", ""matched_applicant_token"": ""江苏恒瑞医药股份有限公司"", ""official_applicant_field"": ""上海恒瑞医药有限公司;江苏恒瑞医药股份有限公司"", ""registry_evidence"": {""listed_issuer_legal_name"": ""江苏恒瑞医药股份有限公司"", ""security_code"": ""600276"", ""security_short_name"": ""恒瑞医药"", ""source_document_date"": ""2026-04-17"", ""source_kind"": ""SSE_OFFICIAL_ISSUER_DISCLOSURE"", ""source_url"": ""https://www.sse.com.cn/disclosure/listedinfo/announcement/c/new/2026-04-17/600276_20260417_XMOL.pdf""}, ""substring_matching_used"": false}"
临床试验默示许可,official:18c512aabbdef2c902d6b8dda5bef758,江苏恒瑞医药股份有限公司;江苏恒瑞医药股份有限公司,苹果酸法米替尼胶囊,含铂类化疗和免疫检查点抑制剂治疗失败的晚期非小细胞肺癌,https://www.cde.org.cn/main/xxgk/listpage/4b5255eb0a84820cef4ca3e8b6bbe20c,FIRST_OBSERVED_SNAPSHOT_DATE,,,2026-09-30T17:29:59+08:00,CXHL2101376,化学药品1类,,COMPLETE,18c512aabbdef2c902d6b8dda5bef758,600276.SH,EXACT_APPLICANT_TOKEN_IN_OFFICIAL_MULTI_APPLICANT_FIELD,DELIMITED_APPLICANT_TOKEN_EXACT,江苏恒瑞医药股份有限公司,"{""affiliate_inference_used"": false, ""mapping_match_mode"": ""DELIMITED_APPLICANT_TOKEN_EXACT"", ""matched_applicant_token"": ""江苏恒瑞医药股份有限公司"", ""official_applicant_field"": ""江苏恒瑞医药股份有限公司;江苏恒瑞医药股份有限公司"", ""registry_evidence"": {""listed_issuer_legal_name"": ""江苏恒瑞医药股份有限公司"", ""security_code"": ""600276"", ""security_short_name"": ""恒瑞医药"", ""source_document_date"": ""2026-04-17"", ""source_kind"": ""SSE_OFFICIAL_ISSUER_DISCLOSURE"", ""source_url"": ""https://www.sse.com.cn/disclosure/listedinfo/announcement/c/new/2026-04-17/600276_20260417_XMOL.pdf""}, ""substring_matching_used"": false}"
临床试验默示许可,official:18c7bece94eb08400787297f556f4e82,江苏恒瑞医药股份有限公司,瑞维鲁胺片,本品用于治疗低瘤负荷转移性激素敏感性前列腺癌（mHSPC）患者。,https://www.cde.org.cn/main/xxgk/listpage/4b5255eb0a84820cef4ca3e8b6bbe20c,FIRST_OBSERVED_SNAPSHOT_DATE,,,2026-09-30T17:29:59+08:00,CXHL2500890,2.4,,COMPLETE,18c7bece94eb08400787297f556f4e82,600276.SH,EXACT_LISTED_ISSUER_LEGAL_NAME,WHOLE_FIELD_EXACT,江苏恒瑞医药股份有限公司,"{""affiliate_inference_used"": false, ""mapping_match_mode"": ""WHOLE_FIELD_EXACT"", ""matched_applicant_token"": ""江苏恒瑞医药股份有限公司"", ""official_applicant_field"": ""江苏恒瑞医药股份有限公司"", ""registry_evidence"": {""listed_issuer_legal_name"": ""江苏恒瑞医药股份有限公司"", ""security_code"": ""600276"", ""security_short_name"": ""恒瑞医药"", ""source_document_date"": ""2026-04-17"", ""source_kind"": ""SSE_OFFICIAL_ISSUER_DISCLOSURE"", ""source_url"": ""https://www.sse.com.cn/disclosure/listedinfo/announcement/c/new/2026-04-17/600276_20260417_XMOL.pdf""}, ""substring_matching_used"": false}"
临床试验默示许可,official:18cd5e90f93019b72d1641ef627efb1c,江苏恒瑞医药股份有限公司;上海甫弘生物医药有限公司,注射用FH-006,FH-006±阿得贝利单抗或SHR-1701±SHR-8068±化疗±贝伐珠单抗，或联合三代EGFR-TKI，或联合HRS-7058±化疗，或联合HRS-4642±阿得贝利单抗或SHR-1701±化疗用于实体瘤的治疗。,https://www.cde.org.cn/main/xxgk/listpage/4b5255eb0a84820cef4ca3e8b6bbe20c,FIRST_OBSERVED_SNAPSHOT_DATE,,,2026-09-30T17:29:59+08:00,CXSL2500573,1,,COMPLETE,18cd5e90f93019b72d1641ef627efb1c,600276.SH,EXACT_APPLICANT_TOKEN_IN_OFFICIAL_MULTI_APPLICANT_FIELD,DELIMITED_APPLICANT_TOKEN_EXACT,江苏恒瑞医药股份有限公司,"{""affiliate_inference_used"": false, ""mapping_match_mode"": ""DELIMITED_APPLICANT_TOKEN_EXACT"", ""matched_applicant_token"": ""江苏恒瑞医药股份有限公司"", ""official_applicant_field"": ""江苏恒瑞医药股份有限公司;上海甫弘生物医药有限公司"", ""registry_evidence"": {""listed_issuer_legal_name"": ""江苏恒瑞医药股份有限公司"", ""security_code"": ""600276"", ""security_short_name"": ""恒瑞医药"", ""source_document_date"": ""2026-04-17"", ""source_kind"": ""SSE_OFFICIAL_ISSUER_DISCLOSURE"", ""source_url"": ""https://www.sse.com.cn/disclosure/listedinfo/announcement/c/new/2026-04-17/600276_20260417_XMOL.pdf""}, ""substring_matching_used"": false}"
临床试验默示许可,official:18d25f903aaf5345be6967dd017d1dc1,江苏恒瑞医药股份有限公司,泽美妥司他片,本品联合注射用SHR-4394用于前列腺癌。,https://www.cde.org.cn/main/xxgk/listpage/4b5255eb0a84820cef4ca3e8b6bbe20c,FIRST_OBSERVED_SNAPSHOT_DATE,,,2026-09-30T17:29:59+08:00,CXHL2501069,2.4,,COMPLETE,18d25f903aaf5345be6967dd017d1dc1,600276.SH,EXACT_LISTED_ISSUER_LEGAL_NAME,WHOLE_FIELD_EXACT,江苏恒瑞医药股份有限公司,"{""affiliate_inference_used"": false, ""mapping_match_mode"": ""WHOLE_FIELD_EXACT"", ""matched_applicant_token"": ""江苏恒瑞医药股份有限公司"", ""official_applicant_field"": ""江苏恒瑞医药股份有限公司"", ""registry_evidence"": {""listed_issuer_legal_name"": ""江苏恒瑞医药股份有限公司"", ""security_code"": ""600276"", ""security_short_name"": ""恒瑞医药"", ""source_document_date"": ""2026-04-17"", ""source_kind"": ""SSE_OFFICIAL_ISSUER_DISCLOSURE"", ""source_url"": ""https://www.sse.com.cn/disclosure/listedinfo/announcement/c/new/2026-04-17/600276_20260417_XMOL.pdf""}, ""substring_matching_used"": false}"
临床试验默示许可,official:19022efc955e3d257b582d61d246e79c,江苏恒瑞医药股份有限公司,HRS7415片,本品联合HRS-8080用于乳腺癌的治疗。,https://www.cde.org.cn/main/xxgk/listpage/4b5255eb0a84820cef4ca3e8b6bbe20c,FIRST_OBSERVED_SNAPSHOT_DATE,,,2026-09-30T17:29:59+08:00,CXHL2400301,1,,COMPLETE,19022efc955e3d257b582d61d246e79c,600276.SH,EXACT_LISTED_ISSUER_LEGAL_NAME,WHOLE_FIELD_EXACT,江苏恒瑞医药股份有限公司,"{""affiliate_inference_used"": false, ""mapping_match_mode"": ""WHOLE_FIELD_EXACT"", ""matched_applicant_token"": ""江苏恒瑞医药股份有限公司"", ""official_applicant_field"": ""江苏恒瑞医药股份有限公司"", ""registry_evidence"": {""listed_issuer_legal_name"": ""江苏恒瑞医药股份有限公司"", ""security_code"": ""600276"", ""security_short_name"": ""恒瑞医药"", ""source_document_date"": ""2026-04-17"", ""source_kind"": ""SSE_OFFICIAL_ISSUER_DISCLOSURE"", ""source_url"": ""https://www.sse.com.cn/disclosure/listedinfo/announcement/c/new/2026-04-17/600276_20260417_XMOL.pdf""}, ""substring_matching_used"": false}"
临床试验默示许可,official:1963e1c1d899df38f0ee197ac1171bd8,江苏恒瑞医药股份有限公司;江苏恒瑞医药股份有限公司,马来酸吡咯替尼片,HER2阳性乳腺癌,https://www.cde.org.cn/main/xxgk/listpage/4b5255eb0a84820cef4ca3e8b6bbe20c,FIRST_OBSERVED_SNAPSHOT_DATE,,,2026-09-30T17:29:59+08:00,CXHL2101792,2.4,,COMPLETE,1963e1c1d899df38f0ee197ac1171bd8,600276.SH,EXACT_APPLICANT_TOKEN_IN_OFFICIAL_MULTI_APPLICANT_FIELD,DELIMITED_APPLICANT_TOKEN_EXACT,江苏恒瑞医药股份有限公司,"{""affiliate_inference_used"": false, ""mapping_match_mode"": ""DELIMITED_APPLICANT_TOKEN_EXACT"", ""matched_applicant_token"": ""江苏恒瑞医药股份有限公司"", ""official_applicant_field"": ""江苏恒瑞医药股份有限公司;江苏恒瑞医药股份有限公司"", ""registry_evidence"": {""listed_issuer_legal_name"": ""江苏恒瑞医药股份有限公司"", ""security_code"": ""600276"", ""security_short_name"": ""恒瑞医药"", ""source_document_date"": ""2026-04-17"", ""source_kind"": ""SSE_OFFICIAL_ISSUER_DISCLOSURE"", ""source_url"": ""https://www.sse.com.cn/disclosure/listedinfo/announcement/c/new/2026-04-17/600276_20260417_XMOL.pdf""}, ""substring_matching_used"": false}"
临床试验默示许可,official:19a09ef8e28bade62c9c3175272a516c,江苏恒瑞医药股份有限公司;江苏恒瑞医药股份有限公司,苹果酸法米替尼胶囊,本品联合注射用SHR-1802及注射用卡瑞利珠单抗用于治疗晚期实体瘤患者。,https://www.cde.org.cn/main/xxgk/listpage/4b5255eb0a84820cef4ca3e8b6bbe20c,FIRST_OBSERVED_SNAPSHOT_DATE,,,2026-09-30T17:29:59+08:00,CXHL2101493,1,,COMPLETE,19a09ef8e28bade62c9c3175272a516c,600276.SH,EXACT_APPLICANT_TOKEN_IN_OFFICIAL_MULTI_APPLICANT_FIELD,DELIMITED_APPLICANT_TOKEN_EXACT,江苏恒瑞医药股份有限公司,"{""affiliate_inference_used"": false, ""mapping_match_mode"": ""DELIMITED_APPLICANT_TOKEN_EXACT"", ""matched_applicant_token"": ""江苏恒瑞医药股份有限公司"", ""official_applicant_field"": ""江苏恒瑞医药股份有限公司;江苏恒瑞医药股份有限公司"", ""registry_evidence"": {""listed_issuer_legal_name"": ""江苏恒瑞医药股份有限公司"", ""security_code"": ""600276"", ""security_short_name"": ""恒瑞医药"", ""source_document_date"": ""2026-04-17"", ""source_kind"": ""SSE_OFFICIAL_ISSUER_DISCLOSURE"", ""source_url"": ""https://www.sse.com.cn/disclosure/listedinfo/announcement/c/new/2026-04-17/600276_20260417_XMOL.pdf""}, ""substring_matching_used"": false}"
临床试验默示许可,official:1a2f94cca8a498231704482671713599,江苏恒瑞医药股份有限公司;成都盛迪医药有限公司,HRS-5041片,本品联合HRS-4357用于治疗前列腺特异性膜抗原（PSMA）阳性的前列腺癌成人患者。,https://www.cde.org.cn/main/xxgk/listpage/4b5255eb0a84820cef4ca3e8b6bbe20c,FIRST_OBSERVED_SNAPSHOT_DATE,,,2026-09-30T17:29:59+08:00,CXHL2501127,1,,COMPLETE,1a2f94cca8a498231704482671713599,600276.SH,EXACT_APPLICANT_TOKEN_IN_OFFICIAL_MULTI_APPLICANT_FIELD,DELIMITED_APPLICANT_TOKEN_EXACT,江苏恒瑞医药股份有限公司,"{""affiliate_inference_used"": false, ""mapping_match_mode"": ""DELIMITED_APPLICANT_TOKEN_EXACT"", ""matched_applicant_token"": ""江苏恒瑞医药股份有限公司"", ""official_applicant_field"": ""江苏恒瑞医药股份有限公司;成都盛迪医药有限公司"", ""registry_evidence"": {""listed_issuer_legal_name"": ""江苏恒瑞医药股份有限公司"", ""security_code"": ""600276"", ""security_short_name"": ""恒瑞医药"", ""source_document_date"": ""2026-04-17"", ""source_kind"": ""SSE_OFFICIAL_ISSUER_DISCLOSURE"", ""source_url"": ""https://www.sse.com.cn/disclosure/listedinfo/announcement/c/new/2026-04-17/600276_20260417_XMOL.pdf""}, ""substring_matching_used"": false}"
临床试验默示许可,official:1cd9b90f6abd51e95b480a00458901b0,江苏恒瑞医药股份有限公司,HRS-1167片,本品联合醋酸阿比特龙片及醋酸泼尼松治疗转移性前列腺癌患者。,https://www.cde.org.cn/main/xxgk/listpage/4b5255eb0a84820cef4ca3e8b6bbe20c,FIRST_OBSERVED_SNAPSHOT_DATE,,,2026-09-30T17:29:59+08:00,CXHL2500111,1,,COMPLETE,1cd9b90f6abd51e95b480a00458901b0,600276.SH,EXACT_LISTED_ISSUER_LEGAL_NAME,WHOLE_FIELD_EXACT,江苏恒瑞医药股份有限公司,"{""affiliate_inference_used"": false, ""mapping_match_mode"": ""WHOLE_FIELD_EXACT"", ""matched_applicant_token"": ""江苏恒瑞医药股份有限公司"", ""official_applicant_field"": ""江苏恒瑞医药股份有限公司"", ""registry_evidence"": {""listed_issuer_legal_name"": ""江苏恒瑞医药股份有限公司"", ""security_code"": ""600276"", ""security_short_name"": ""恒瑞医药"", ""source_document_date"": ""2026-04-17"", ""source_kind"": ""SSE_OFFICIAL_ISSUER_DISCLOSURE"", ""source_url"": ""https://www.sse.com.cn/disclosure/listedinfo/announcement/c/new/2026-04-17/600276_20260417_XMOL.pdf""}, ""substring_matching_used"": false}"
临床试验默示许可,official:1d1a3b2d1bb97cff9e517a95b635ccc6,江苏恒瑞医药股份有限公司;江苏恒瑞医药股份有限公司,HR011408注射液,用于治疗成人糖尿病,https://www.cde.org.cn/main/xxgk/listpage/4b5255eb0a84820cef4ca3e8b6bbe20c,FIRST_OBSERVED_SNAPSHOT_DATE,,,2026-09-30T17:29:59+08:00,CXSL2101205,2.1,,COMPLETE,1d1a3b2d1bb97cff9e517a95b635ccc6,600276.SH,EXACT_APPLICANT_TOKEN_IN_OFFICIAL_MULTI_APPLICANT_FIELD,DELIMITED_APPLICANT_TOKEN_EXACT,江苏恒瑞医药股份有限公司,"{""affiliate_inference_used"": false, ""mapping_match_mode"": ""DELIMITED_APPLICANT_TOKEN_EXACT"", ""matched_applicant_token"": ""江苏恒瑞医药股份有限公司"", ""official_applicant_field"": ""江苏恒瑞医药股份有限公司;江苏恒瑞医药股份有限公司"", ""registry_evidence"": {""listed_issuer_legal_name"": ""江苏恒瑞医药股份有限公司"", ""security_code"": ""600276"", ""security_short_name"": ""恒瑞医药"", ""source_document_date"": ""2026-04-17"", ""source_kind"": ""SSE_OFFICIAL_ISSUER_DISCLOSURE"", ""source_url"": ""https://www.sse.com.cn/disclosure/listedinfo/announcement/c/new/2026-04-17/600276_20260417_XMOL.pdf""}, ""substring_matching_used"": false}"
临床试验默示许可,official:1ddbcda8c30235130d1ec57d2c7def48,上海恒瑞医药有限公司;江苏恒瑞医药股份有限公司;苏州盛迪亚生物医药有限公司,SHR-1703注射液,用于治疗嗜酸性粒细胞升高相关疾病：如嗜酸性粒细胞型重症哮喘。,https://www.cde.org.cn/main/xxgk/listpage/4b5255eb0a84820cef4ca3e8b6bbe20c,FIRST_OBSERVED_SNAPSHOT_DATE,,,2026-09-30T17:29:59+08:00,CXSL1900115,1,,COMPLETE,1ddbcda8c30235130d1ec57d2c7def48,600276.SH,EXACT_APPLICANT_TOKEN_IN_OFFICIAL_MULTI_APPLICANT_FIELD,DELIMITED_APPLICANT_TOKEN_EXACT,江苏恒瑞医药股份有限公司,"{""affiliate_inference_used"": false, ""mapping_match_mode"": ""DELIMITED_APPLICANT_TOKEN_EXACT"", ""matched_applicant_token"": ""江苏恒瑞医药股份有限公司"", ""official_applicant_field"": ""上海恒瑞医药有限公司;江苏恒瑞医药股份有限公司;苏州盛迪亚生物医药有限公司"", ""registry_evidence"": {""listed_issuer_legal_name"": ""江苏恒瑞医药股份有限公司"", ""security_code"": ""600276"", ""security_short_name"": ""恒瑞医药"", ""source_document_date"": ""2026-04-17"", ""source_kind"": ""SSE_OFFICIAL_ISSUER_DISCLOSURE"", ""source_url"": ""https://www.sse.com.cn/disclosure/listedinfo/announcement/c/new/2026-04-17/600276_20260417_XMOL.pdf""}, ""substring_matching_used"": false}"
临床试验默示许可,official:1e0a362d64015ebcbf32d6949acbba11,江苏恒瑞医药股份有限公司;瑞石生物医药有限公司,SHR0302片,本品拟用于中重度溃疡性结肠炎的治疗。,https://www.cde.org.cn/main/xxgk/listpage/4b5255eb0a84820cef4ca3e8b6bbe20c,FIRST_OBSERVED_SNAPSHOT_DATE,,,2026-09-30T17:29:59+08:00,CXHL1800148,1,,COMPLETE,1e0a362d64015ebcbf32d6949acbba11,600276.SH,EXACT_APPLICANT_TOKEN_IN_OFFICIAL_MULTI_APPLICANT_FIELD,DELIMITED_APPLICANT_TOKEN_EXACT,江苏恒瑞医药股份有限公司,"{""affiliate_inference_used"": false, ""mapping_match_mode"": ""DELIMITED_APPLICANT_TOKEN_EXACT"", ""matched_applicant_token"": ""江苏恒瑞医药股份有限公司"", ""official_applicant_field"": ""江苏恒瑞医药股份有限公司;瑞石生物医药有限公司"", ""registry_evidence"": {""listed_issuer_legal_name"": ""江苏恒瑞医药股份有限公司"", ""security_code"": ""600276"", ""security_short_name"": ""恒瑞医药"", ""source_document_date"": ""2026-04-17"", ""source_kind"": ""SSE_OFFICIAL_ISSUER_DISCLOSURE"", ""source_url"": ""https://www.sse.com.cn/disclosure/listedinfo/announcement/c/new/2026-04-17/600276_20260417_XMOL.pdf""}, ""substring_matching_used"": false}"
临床试验默示许可,official:1f44dda37685d2ba7f32b00e00a9530f,江苏恒瑞医药股份有限公司,HR021611,治疗勃起功能障碍。,https://www.cde.org.cn/main/xxgk/listpage/4b5255eb0a84820cef4ca3e8b6bbe20c,FIRST_OBSERVED_SNAPSHOT_DATE,,,2026-09-30T17:29:59+08:00,CXHL2000405,2.2,,COMPLETE,1f44dda37685d2ba7f32b00e00a9530f,600276.SH,EXACT_LISTED_ISSUER_LEGAL_NAME,WHOLE_FIELD_EXACT,江苏恒瑞医药股份有限公司,"{""affiliate_inference_used"": false, ""mapping_match_mode"": ""WHOLE_FIELD_EXACT"", ""matched_applicant_token"": ""江苏恒瑞医药股份有限公司"", ""official_applicant_field"": ""江苏恒瑞医药股份有限公司"", ""registry_evidence"": {""listed_issuer_legal_name"": ""江苏恒瑞医药股份有限公司"", ""security_code"": ""600276"", ""security_short_name"": ""恒瑞医药"", ""source_document_date"": ""2026-04-17"", ""source_kind"": ""SSE_OFFICIAL_ISSUER_DISCLOSURE"", ""source_url"": ""https://www.sse.com.cn/disclosure/listedinfo/announcement/c/new/2026-04-17/600276_20260417_XMOL.pdf""}, ""substring_matching_used"": false}"
临床试验默示许可,official:208c4f9a4a96dcf00c8eb8864ff6cec8,江苏恒瑞医药股份有限公司;江苏恒瑞医药股份有限公司;上海恒瑞医药有限公司,马来酸吡咯替尼片,本品单药拟用于表皮生长因子受体2（HER2）阳性早期或局部晚期乳腺癌患者经曲妥珠单抗辅助治疗后的延长阶段的辅助治疗,https://www.cde.org.cn/main/xxgk/listpage/4b5255eb0a84820cef4ca3e8b6bbe20c,FIRST_OBSERVED_SNAPSHOT_DATE,,,2026-09-30T17:29:59+08:00,CXHL1900300,2.4,,COMPLETE,208c4f9a4a96dcf00c8eb8864ff6cec8,600276.SH,EXACT_APPLICANT_TOKEN_IN_OFFICIAL_MULTI_APPLICANT_FIELD,DELIMITED_APPLICANT_TOKEN_EXACT,江苏恒瑞医药股份有限公司,"{""affiliate_inference_used"": false, ""mapping_match_mode"": ""DELIMITED_APPLICANT_TOKEN_EXACT"", ""matched_applicant_token"": ""江苏恒瑞医药股份有限公司"", ""official_applicant_field"": ""江苏恒瑞医药股份有限公司;江苏恒瑞医药股份有限公司;上海恒瑞医药有限公司"", ""registry_evidence"": {""listed_issuer_legal_name"": ""江苏恒瑞医药股份有限公司"", ""security_code"": ""600276"", ""security_short_name"": ""恒瑞医药"", ""source_document_date"": ""2026-04-17"", ""source_kind"": ""SSE_OFFICIAL_ISSUER_DISCLOSURE"", ""source_url"": ""https://www.sse.com.cn/disclosure/listedinfo/announcement/c/new/2026-04-17/600276_20260417_XMOL.pdf""}, ""substring_matching_used"": false}"
临床试验默示许可,official:20f9a2a264ea511916dce2c6538b97ce,上海恒瑞医药有限公司;上海恒瑞医药有限公司;江苏恒瑞医药股份有限公司,盐酸右美托咪定鼻喷剂,用于行全身麻醉的手术患者气管插管和机械通气时的镇静,https://www.cde.org.cn/main/xxgk/listpage/4b5255eb0a84820cef4ca3e8b6bbe20c,FIRST_OBSERVED_SNAPSHOT_DATE,,,2026-09-30T17:29:59+08:00,CXHL1800213,2.2,,COMPLETE,20f9a2a264ea511916dce2c6538b97ce,600276.SH,EXACT_APPLICANT_TOKEN_IN_OFFICIAL_MULTI_APPLICANT_FIELD,DELIMITED_APPLICANT_TOKEN_EXACT,江苏恒瑞医药股份有限公司,"{""affiliate_inference_used"": false, ""mapping_match_mode"": ""DELIMITED_APPLICANT_TOKEN_EXACT"", ""matched_applicant_token"": ""江苏恒瑞医药股份有限公司"", ""official_applicant_field"": ""上海恒瑞医药有限公司;上海恒瑞医药有限公司;江苏恒瑞医药股份有限公司"", ""registry_evidence"": {""listed_issuer_legal_name"": ""江苏恒瑞医药股份有限公司"", ""security_code"": ""600276"", ""security_short_name"": ""恒瑞医药"", ""source_document_date"": ""2026-04-17"", ""source_kind"": ""SSE_OFFICIAL_ISSUER_DISCLOSURE"", ""source_url"": ""https://www.sse.com.cn/disclosure/listedinfo/announcement/c/new/2026-04-17/600276_20260417_XMOL.pdf""}, ""substring_matching_used"": false}"
临床试验默示许可,official:216e126d34b31ba41034f46e4c0c28ba,江苏恒瑞医药股份有限公司,HR091506片,用于长期治疗痛风患者的高尿酸血症。,https://www.cde.org.cn/main/xxgk/listpage/4b5255eb0a84820cef4ca3e8b6bbe20c,FIRST_OBSERVED_SNAPSHOT_DATE,,,2026-09-30T17:29:59+08:00,CXHL2000400,2.2,,COMPLETE,216e126d34b31ba41034f46e4c0c28ba,600276.SH,EXACT_LISTED_ISSUER_LEGAL_NAME,WHOLE_FIELD_EXACT,江苏恒瑞医药股份有限公司,"{""affiliate_inference_used"": false, ""mapping_match_mode"": ""WHOLE_FIELD_EXACT"", ""matched_applicant_token"": ""江苏恒瑞医药股份有限公司"", ""official_applicant_field"": ""江苏恒瑞医药股份有限公司"", ""registry_evidence"": {""listed_issuer_legal_name"": ""江苏恒瑞医药股份有限公司"", ""security_code"": ""600276"", ""security_short_name"": ""恒瑞医药"", ""source_document_date"": ""2026-04-17"", ""source_kind"": ""SSE_OFFICIAL_ISSUER_DISCLOSURE"", ""source_url"": ""https://www.sse.com.cn/disclosure/listedinfo/announcement/c/new/2026-04-17/600276_20260417_XMOL.pdf""}, ""substring_matching_used"": false}"
临床试验默示许可,official:21bf171ba819dcb016b3cd6c19df5368,江苏恒瑞医药股份有限公司;上海恒瑞医药有限公司,HRS-7172片,本品联合HRS-4642\HRS-6093\HRS-7058\SHR-1826\FH-006\SHR-8068\贝伐珠单抗±化疗±阿得贝利单抗\ SHR-4610±SHR-9839(sc)，或联合阿得贝利单抗\SHR-4610±SHR-9839(sc) ±SHR-8068±贝伐珠单抗，或联合阿得贝利单抗\SHR-4610\SHR-9839(sc)\贝伐珠单抗\西妥昔单抗\尼妥珠单抗±尼妥珠单抗±化疗，或联合阿得贝利单抗+SHR-8068\贝伐珠单抗±化疗，或联合化疗+阿得贝利单抗\SHR-4610+贝伐珠单抗±SHR-8068，或联合其他标准治疗用于实体瘤的治疗,https://www.cde.org.cn/main/xxgk/listpage/4b5255eb0a84820cef4ca3e8b6bbe20c,FIRST_OBSERVED_SNAPSHOT_DATE,,,2026-09-30T17:29:59+08:00,CXHL2600587,化学药品:1类,,COMPLETE,21bf171ba819dcb016b3cd6c19df5368,600276.SH,EXACT_APPLICANT_TOKEN_IN_OFFICIAL_MULTI_APPLICANT_FIELD,DELIMITED_APPLICANT_TOKEN_EXACT,江苏恒瑞医药股份有限公司,"{""affiliate_inference_used"": false, ""mapping_match_mode"": ""DELIMITED_APPLICANT_TOKEN_EXACT"", ""matched_applicant_token"": ""江苏恒瑞医药股份有限公司"", ""official_applicant_field"": ""江苏恒瑞医药股份有限公司;上海恒瑞医药有限公司"", ""registry_evidence"": {""listed_issuer_legal_name"": ""江苏恒瑞医药股份有限公司"", ""security_code"": ""600276"", ""security_short_name"": ""恒瑞医药"", ""source_document_date"": ""2026-04-17"", ""source_kind"": ""SSE_OFFICIAL_ISSUER_DISCLOSURE"", ""source_url"": ""https://www.sse.com.cn/disclosure/listedinfo/announcement/c/new/2026-04-17/600276_20260417_XMOL.pdf""}, ""substring_matching_used"": false}"
临床试验默示许可,official:21d752270a8a2589e23fc2db860e8ec7,江苏恒瑞医药股份有限公司,HRS-2430注射液,全身麻醉的诱导和维持,https://www.cde.org.cn/main/xxgk/listpage/4b5255eb0a84820cef4ca3e8b6bbe20c,FIRST_OBSERVED_SNAPSHOT_DATE,,,2026-09-30T17:29:59+08:00,CXHL2500810,1,,COMPLETE,21d752270a8a2589e23fc2db860e8ec7,600276.SH,EXACT_LISTED_ISSUER_LEGAL_NAME,WHOLE_FIELD_EXACT,江苏恒瑞医药股份有限公司,"{""affiliate_inference_used"": false, ""mapping_match_mode"": ""WHOLE_FIELD_EXACT"", ""matched_applicant_token"": ""江苏恒瑞医药股份有限公司"", ""official_applicant_field"": ""江苏恒瑞医药股份有限公司"", ""registry_evidence"": {""listed_issuer_legal_name"": ""江苏恒瑞医药股份有限公司"", ""security_code"": ""600276"", ""security_short_name"": ""恒瑞医药"", ""source_document_date"": ""2026-04-17"", ""source_kind"": ""SSE_OFFICIAL_ISSUER_DISCLOSURE"", ""source_url"": ""https://www.sse.com.cn/disclosure/listedinfo/announcement/c/new/2026-04-17/600276_20260417_XMOL.pdf""}, ""substring_matching_used"": false}"
临床试验默示许可,official:232f19ef0e1dca22e39aaf7e2317a94f,苏州盛迪亚生物医药有限公司;苏州盛迪亚生物医药有限公司;江苏恒瑞医药股份有限公司;上海恒瑞医药有限公司,注射用卡瑞利珠单抗,注射用卡瑞利珠单抗联合紫杉醇和顺铂一线治疗不可切除的局部晚期/复发或远处转移的食管鳞癌患者。,https://www.cde.org.cn/main/xxgk/listpage/4b5255eb0a84820cef4ca3e8b6bbe20c,FIRST_OBSERVED_SNAPSHOT_DATE,,,2026-09-30T17:29:59+08:00,CXSL1900054,1,,COMPLETE,232f19ef0e1dca22e39aaf7e2317a94f,600276.SH,EXACT_APPLICANT_TOKEN_IN_OFFICIAL_MULTI_APPLICANT_FIELD,DELIMITED_APPLICANT_TOKEN_EXACT,江苏恒瑞医药股份有限公司,"{""affiliate_inference_used"": false, ""mapping_match_mode"": ""DELIMITED_APPLICANT_TOKEN_EXACT"", ""matched_applicant_token"": ""江苏恒瑞医药股份有限公司"", ""official_applicant_field"": ""苏州盛迪亚生物医药有限公司;苏州盛迪亚生物医药有限公司;江苏恒瑞医药股份有限公司;上海恒瑞医药有限公司"", ""registry_evidence"": {""listed_issuer_legal_name"": ""江苏恒瑞医药股份有限公司"", ""security_code"": ""600276"", ""security_short_name"": ""恒瑞医药"", ""source_document_date"": ""2026-04-17"", ""source_kind"": ""SSE_OFFICIAL_ISSUER_DISCLOSURE"", ""source_url"": ""https://www.sse.com.cn/disclosure/listedinfo/announcement/c/new/2026-04-17/600276_20260417_XMOL.pdf""}, ""substring_matching_used"": false}"
临床试验默示许可,official:23a8a2e7ce0af457df1a58654160d036,江苏恒瑞医药股份有限公司,HR091506片,用于长期治疗痛风患者的高尿酸血症。,https://www.cde.org.cn/main/xxgk/listpage/4b5255eb0a84820cef4ca3e8b6bbe20c,FIRST_OBSERVED_SNAPSHOT_DATE,,,2026-09-30T17:29:59+08:00,CXHB2100029,2.2,,COMPLETE,23a8a2e7ce0af457df1a58654160d036,600276.SH,EXACT_LISTED_ISSUER_LEGAL_NAME,WHOLE_FIELD_EXACT,江苏恒瑞医药股份有限公司,"{""affiliate_inference_used"": false, ""mapping_match_mode"": ""WHOLE_FIELD_EXACT"", ""matched_applicant_token"": ""江苏恒瑞医药股份有限公司"", ""official_applicant_field"": ""江苏恒瑞医药股份有限公司"", ""registry_evidence"": {""listed_issuer_legal_name"": ""江苏恒瑞医药股份有限公司"", ""security_code"": ""600276"", ""security_short_name"": ""恒瑞医药"", ""source_document_date"": ""2026-04-17"", ""source_kind"": ""SSE_OFFICIAL_ISSUER_DISCLOSURE"", ""source_url"": ""https://www.sse.com.cn/disclosure/listedinfo/announcement/c/new/2026-04-17/600276_20260417_XMOL.pdf""}, ""substring_matching_used"": false}"
临床试验默示许可,official:23e8113f5330d7bc52cf7ee308592696,江苏恒瑞医药股份有限公司;江苏恒瑞医药股份有限公司,DDO-3055片,拟用于慢性肾病所致贫血（包括透析和非透析）的治疗。,https://www.cde.org.cn/main/xxgk/listpage/4b5255eb0a84820cef4ca3e8b6bbe20c,FIRST_OBSERVED_SNAPSHOT_DATE,,,2026-09-30T17:29:59+08:00,CXHB2100045,化学药品1类,,COMPLETE,23e8113f5330d7bc52cf7ee308592696,600276.SH,EXACT_APPLICANT_TOKEN_IN_OFFICIAL_MULTI_APPLICANT_FIELD,DELIMITED_APPLICANT_TOKEN_EXACT,江苏恒瑞医药股份有限公司,"{""affiliate_inference_used"": false, ""mapping_match_mode"": ""DELIMITED_APPLICANT_TOKEN_EXACT"", ""matched_applicant_token"": ""江苏恒瑞医药股份有限公司"", ""official_applicant_field"": ""江苏恒瑞医药股份有限公司;江苏恒瑞医药股份有限公司"", ""registry_evidence"": {""listed_issuer_legal_name"": ""江苏恒瑞医药股份有限公司"", ""security_code"": ""600276"", ""security_short_name"": ""恒瑞医药"", ""source_document_date"": ""2026-04-17"", ""source_kind"": ""SSE_OFFICIAL_ISSUER_DISCLOSURE"", ""source_url"": ""https://www.sse.com.cn/disclosure/listedinfo/announcement/c/new/2026-04-17/600276_20260417_XMOL.pdf""}, ""substring_matching_used"": false}"
临床试验默示许可,official:23e9311d744da7247d368cb1abdc1a97,江苏恒瑞医药股份有限公司;上海恒瑞医药有限公司,HRS-4642注射液,1.KRAS G12D突变的晚期实体瘤；2.本品联合西妥昔单抗或SHR-9839或SHR-A1921或SHR-A1904或化疗±贝伐珠单抗或阿得贝利单抗±化疗或伊立替康脂质体+化疗用于KRAS G12D突变的晚期实体瘤患者；3.HRS-4642联合SHR-1826用于实体瘤患者,https://www.cde.org.cn/main/xxgk/listpage/4b5255eb0a84820cef4ca3e8b6bbe20c,FIRST_OBSERVED_SNAPSHOT_DATE,,,2026-09-30T17:29:59+08:00,CXHB2500201,1,,COMPLETE,23e9311d744da7247d368cb1abdc1a97,600276.SH,EXACT_APPLICANT_TOKEN_IN_OFFICIAL_MULTI_APPLICANT_FIELD,DELIMITED_APPLICANT_TOKEN_EXACT,江苏恒瑞医药股份有限公司,"{""affiliate_inference_used"": false, ""mapping_match_mode"": ""DELIMITED_APPLICANT_TOKEN_EXACT"", ""matched_applicant_token"": ""江苏恒瑞医药股份有限公司"", ""official_applicant_field"": ""江苏恒瑞医药股份有限公司;上海恒瑞医药有限公司"", ""registry_evidence"": {""listed_issuer_legal_name"": ""江苏恒瑞医药股份有限公司"", ""security_code"": ""600276"", ""security_short_name"": ""恒瑞医药"", ""source_document_date"": ""2026-04-17"", ""source_kind"": ""SSE_OFFICIAL_ISSUER_DISCLOSURE"", ""source_url"": ""https://www.sse.com.cn/disclosure/listedinfo/announcement/c/new/2026-04-17/600276_20260417_XMOL.pdf""}, ""substring_matching_used"": false}"
临床试验默示许可,official:24384b7e1c01a9acd32bb6480390b244,江苏恒瑞医药股份有限公司;江苏恒瑞医药股份有限公司,氟唑帕利胶囊,本品拟用于联合SHR3680治疗既往醋酸阿比特龙和多西他赛治疗失败的转移性去势抵抗性前列腺癌（mCRPC）。,https://www.cde.org.cn/main/xxgk/listpage/4b5255eb0a84820cef4ca3e8b6bbe20c,FIRST_OBSERVED_SNAPSHOT_DATE,,,2026-09-30T17:29:59+08:00,CXHL1900029,1,,COMPLETE,24384b7e1c01a9acd32bb6480390b244,600276.SH,EXACT_APPLICANT_TOKEN_IN_OFFICIAL_MULTI_APPLICANT_FIELD,DELIMITED_APPLICANT_TOKEN_EXACT,江苏恒瑞医药股份有限公司,"{""affiliate_inference_used"": false, ""mapping_match_mode"": ""DELIMITED_APPLICANT_TOKEN_EXACT"", ""matched_applicant_token"": ""江苏恒瑞医药股份有限公司"", ""official_applicant_field"": ""江苏恒瑞医药股份有限公司;江苏恒瑞医药股份有限公司"", ""registry_evidence"": {""listed_issuer_legal_name"": ""江苏恒瑞医药股份有限公司"", ""security_code"": ""600276"", ""security_short_name"": ""恒瑞医药"", ""source_document_date"": ""2026-04-17"", ""source_kind"": ""SSE_OFFICIAL_ISSUER_DISCLOSURE"", ""source_url"": ""https://www.sse.com.cn/disclosure/listedinfo/announcement/c/new/2026-04-17/600276_20260417_XMOL.pdf""}, ""substring_matching_used"": false}"
临床试验默示许可,official:24810176471deea4efec12192baf7bd8,江苏恒瑞医药股份有限公司,脯氨酸恒格列净片,用于治疗慢性肾脏病。,https://www.cde.org.cn/main/xxgk/listpage/4b5255eb0a84820cef4ca3e8b6bbe20c,FIRST_OBSERVED_SNAPSHOT_DATE,,,2026-09-30T17:29:59+08:00,CXHL2300991,2.4,,COMPLETE,24810176471deea4efec12192baf7bd8,600276.SH,EXACT_LISTED_ISSUER_LEGAL_NAME,WHOLE_FIELD_EXACT,江苏恒瑞医药股份有限公司,"{""affiliate_inference_used"": false, ""mapping_match_mode"": ""WHOLE_FIELD_EXACT"", ""matched_applicant_token"": ""江苏恒瑞医药股份有限公司"", ""official_applicant_field"": ""江苏恒瑞医药股份有限公司"", ""registry_evidence"": {""listed_issuer_legal_name"": ""江苏恒瑞医药股份有限公司"", ""security_code"": ""600276"", ""security_short_name"": ""恒瑞医药"", ""source_document_date"": ""2026-04-17"", ""source_kind"": ""SSE_OFFICIAL_ISSUER_DISCLOSURE"", ""source_url"": ""https://www.sse.com.cn/disclosure/listedinfo/announcement/c/new/2026-04-17/600276_20260417_XMOL.pdf""}, ""substring_matching_used"": false}"
临床试验默示许可,official:24ce7b6ae9725acc8912f553ab9403ac,江苏恒瑞医药股份有限公司,HRS-6209胶囊,本品联合HRS-2189和芳香化酶抑制剂用于乳腺癌的治疗。,https://www.cde.org.cn/main/xxgk/listpage/4b5255eb0a84820cef4ca3e8b6bbe20c,FIRST_OBSERVED_SNAPSHOT_DATE,,,2026-09-30T17:29:59+08:00,CXHL2500846,1,,COMPLETE,24ce7b6ae9725acc8912f553ab9403ac,600276.SH,EXACT_LISTED_ISSUER_LEGAL_NAME,WHOLE_FIELD_EXACT,江苏恒瑞医药股份有限公司,"{""affiliate_inference_used"": false, ""mapping_match_mode"": ""WHOLE_FIELD_EXACT"", ""matched_applicant_token"": ""江苏恒瑞医药股份有限公司"", ""official_applicant_field"": ""江苏恒瑞医药股份有限公司"", ""registry_evidence"": {""listed_issuer_legal_name"": ""江苏恒瑞医药股份有限公司"", ""security_code"": ""600276"", ""security_short_name"": ""恒瑞医药"", ""source_document_date"": ""2026-04-17"", ""source_kind"": ""SSE_OFFICIAL_ISSUER_DISCLOSURE"", ""source_url"": ""https://www.sse.com.cn/disclosure/listedinfo/announcement/c/new/2026-04-17/600276_20260417_XMOL.pdf""}, ""substring_matching_used"": false}"
临床试验默示许可,official:2516ec03a10ab30ff60e54a347dcd410,江苏恒瑞医药股份有限公司;江苏恒瑞医药股份有限公司,SHR6390片,HR阳性、HER2阴性乳腺癌,https://www.cde.org.cn/main/xxgk/listpage/4b5255eb0a84820cef4ca3e8b6bbe20c,FIRST_OBSERVED_SNAPSHOT_DATE,,,2026-09-30T17:29:59+08:00,CXHB2101025,1,,COMPLETE,2516ec03a10ab30ff60e54a347dcd410,600276.SH,EXACT_APPLICANT_TOKEN_IN_OFFICIAL_MULTI_APPLICANT_FIELD,DELIMITED_APPLICANT_TOKEN_EXACT,江苏恒瑞医药股份有限公司,"{""affiliate_inference_used"": false, ""mapping_match_mode"": ""DELIMITED_APPLICANT_TOKEN_EXACT"", ""matched_applicant_token"": ""江苏恒瑞医药股份有限公司"", ""official_applicant_field"": ""江苏恒瑞医药股份有限公司;江苏恒瑞医药股份有限公司"", ""registry_evidence"": {""listed_issuer_legal_name"": ""江苏恒瑞医药股份有限公司"", ""security_code"": ""600276"", ""security_short_name"": ""恒瑞医药"", ""source_document_date"": ""2026-04-17"", ""source_kind"": ""SSE_OFFICIAL_ISSUER_DISCLOSURE"", ""source_url"": ""https://www.sse.com.cn/disclosure/listedinfo/announcement/c/new/2026-04-17/600276_20260417_XMOL.pdf""}, ""substring_matching_used"": false}"
临床试验默示许可,official:258f78a86e4b66e543657f43c82a0abb,江苏恒瑞医药股份有限公司;江苏恒瑞医药股份有限公司,诺利糖肽注射液,2型糖尿病。,https://www.cde.org.cn/main/xxgk/listpage/4b5255eb0a84820cef4ca3e8b6bbe20c,FIRST_OBSERVED_SNAPSHOT_DATE,,,2026-09-30T17:29:59+08:00,CXHB2000029,补充申请,,COMPLETE,258f78a86e4b66e543657f43c82a0abb,600276.SH,EXACT_APPLICANT_TOKEN_IN_OFFICIAL_MULTI_APPLICANT_FIELD,DELIMITED_APPLICANT_TOKEN_EXACT,江苏恒瑞医药股份有限公司,"{""affiliate_inference_used"": false, ""mapping_match_mode"": ""DELIMITED_APPLICANT_TOKEN_EXACT"", ""matched_applicant_token"": ""江苏恒瑞医药股份有限公司"", ""official_applicant_field"": ""江苏恒瑞医药股份有限公司;江苏恒瑞医药股份有限公司"", ""registry_evidence"": {""listed_issuer_legal_name"": ""江苏恒瑞医药股份有限公司"", ""security_code"": ""600276"", ""security_short_name"": ""恒瑞医药"", ""source_document_date"": ""2026-04-17"", ""source_kind"": ""SSE_OFFICIAL_ISSUER_DISCLOSURE"", ""source_url"": ""https://www.sse.com.cn/disclosure/listedinfo/announcement/c/new/2026-04-17/600276_20260417_XMOL.pdf""}, ""substring_matching_used"": false}"
临床试验默示许可,official:261bc7e14b14c282a016e95947bfb064,江苏恒瑞医药股份有限公司,富马酸泰吉利定注射液,用于重症监护患者机械通气时的镇痛。,https://www.cde.org.cn/main/xxgk/listpage/4b5255eb0a84820cef4ca3e8b6bbe20c,FIRST_OBSERVED_SNAPSHOT_DATE,,,2026-09-30T17:29:59+08:00,CXHL2500913,2.4,,COMPLETE,261bc7e14b14c282a016e95947bfb064,600276.SH,EXACT_LISTED_ISSUER_LEGAL_NAME,WHOLE_FIELD_EXACT,江苏恒瑞医药股份有限公司,"{""affiliate_inference_used"": false, ""mapping_match_mode"": ""WHOLE_FIELD_EXACT"", ""matched_applicant_token"": ""江苏恒瑞医药股份有限公司"", ""official_applicant_field"": ""江苏恒瑞医药股份有限公司"", ""registry_evidence"": {""listed_issuer_legal_name"": ""江苏恒瑞医药股份有限公司"", ""security_code"": ""600276"", ""security_short_name"": ""恒瑞医药"", ""source_document_date"": ""2026-04-17"", ""source_kind"": ""SSE_OFFICIAL_ISSUER_DISCLOSURE"", ""source_url"": ""https://www.sse.com.cn/disclosure/listedinfo/announcement/c/new/2026-04-17/600276_20260417_XMOL.pdf""}, ""substring_matching_used"": false}"
临床试验默示许可,official:26c1d1c6925fd4c1d9d47bcc234e0cb3,福建盛迪医药有限公司;江苏恒瑞医药股份有限公司;北京拓界生物医药科技有限公司,HRS-4729注射液,超重或肥胖,https://www.cde.org.cn/main/xxgk/listpage/4b5255eb0a84820cef4ca3e8b6bbe20c,FIRST_OBSERVED_SNAPSHOT_DATE,,,2026-09-30T17:29:59+08:00,CXHL2401028,1,,COMPLETE,26c1d1c6925fd4c1d9d47bcc234e0cb3,600276.SH,EXACT_APPLICANT_TOKEN_IN_OFFICIAL_MULTI_APPLICANT_FIELD,DELIMITED_APPLICANT_TOKEN_EXACT,江苏恒瑞医药股份有限公司,"{""affiliate_inference_used"": false, ""mapping_match_mode"": ""DELIMITED_APPLICANT_TOKEN_EXACT"", ""matched_applicant_token"": ""江苏恒瑞医药股份有限公司"", ""official_applicant_field"": ""福建盛迪医药有限公司;江苏恒瑞医药股份有限公司;北京拓界生物医药科技有限公司"", ""registry_evidence"": {""listed_issuer_legal_name"": ""江苏恒瑞医药股份有限公司"", ""security_code"": ""600276"", ""security_short_name"": ""恒瑞医药"", ""source_document_date"": ""2026-04-17"", ""source_kind"": ""SSE_OFFICIAL_ISSUER_DISCLOSURE"", ""source_url"": ""https://www.sse.com.cn/disclosure/listedinfo/announcement/c/new/2026-04-17/600276_20260417_XMOL.pdf""}, ""substring_matching_used"": false}"
临床试验默示许可,official:26fcde4c8586aa1e390b488687f6fa9c,江苏恒瑞医药股份有限公司,HRS-8364片,本品拟用于实体瘤的治疗。,https://www.cde.org.cn/main/xxgk/listpage/4b5255eb0a84820cef4ca3e8b6bbe20c,FIRST_OBSERVED_SNAPSHOT_DATE,,,2026-09-30T17:29:59+08:00,CXHL2500945,1,,COMPLETE,26fcde4c8586aa1e390b488687f6fa9c,600276.SH,EXACT_LISTED_ISSUER_LEGAL_NAME,WHOLE_FIELD_EXACT,江苏恒瑞医药股份有限公司,"{""affiliate_inference_used"": false, ""mapping_match_mode"": ""WHOLE_FIELD_EXACT"", ""matched_applicant_token"": ""江苏恒瑞医药股份有限公司"", ""official_applicant_field"": ""江苏恒瑞医药股份有限公司"", ""registry_evidence"": {""listed_issuer_legal_name"": ""江苏恒瑞医药股份有限公司"", ""security_code"": ""600276"", ""security_short_name"": ""恒瑞医药"", ""source_document_date"": ""2026-04-17"", ""source_kind"": ""SSE_OFFICIAL_ISSUER_DISCLOSURE"", ""source_url"": ""https://www.sse.com.cn/disclosure/listedinfo/announcement/c/new/2026-04-17/600276_20260417_XMOL.pdf""}, ""substring_matching_used"": false}"
临床试验默示许可,official:27206405ef20201496959773f6eed129,江苏恒瑞医药股份有限公司,HRS-1167片,本品联合HRS2398片治疗晚期实体瘤患者,https://www.cde.org.cn/main/xxgk/listpage/4b5255eb0a84820cef4ca3e8b6bbe20c,FIRST_OBSERVED_SNAPSHOT_DATE,,,2026-09-30T17:29:59+08:00,CXHL2301324,1,,COMPLETE,27206405ef20201496959773f6eed129,600276.SH,EXACT_LISTED_ISSUER_LEGAL_NAME,WHOLE_FIELD_EXACT,江苏恒瑞医药股份有限公司,"{""affiliate_inference_used"": false, ""mapping_match_mode"": ""WHOLE_FIELD_EXACT"", ""matched_applicant_token"": ""江苏恒瑞医药股份有限公司"", ""official_applicant_field"": ""江苏恒瑞医药股份有限公司"", ""registry_evidence"": {""listed_issuer_legal_name"": ""江苏恒瑞医药股份有限公司"", ""security_code"": ""600276"", ""security_short_name"": ""恒瑞医药"", ""source_document_date"": ""2026-04-17"", ""source_kind"": ""SSE_OFFICIAL_ISSUER_DISCLOSURE"", ""source_url"": ""https://www.sse.com.cn/disclosure/listedinfo/announcement/c/new/2026-04-17/600276_20260417_XMOL.pdf""}, ""substring_matching_used"": false}"
临床试验默示许可,official:2790b36d893ae1fe8439902fe8291056,江苏恒瑞医药股份有限公司;江苏恒瑞医药股份有限公司,INS068注射液,本品拟用于1型和2型糖尿病的治疗。,https://www.cde.org.cn/main/xxgk/listpage/4b5255eb0a84820cef4ca3e8b6bbe20c,FIRST_OBSERVED_SNAPSHOT_DATE,,,2026-09-30T17:29:59+08:00,CXSB2000121,1,,COMPLETE,2790b36d893ae1fe8439902fe8291056,600276.SH,EXACT_APPLICANT_TOKEN_IN_OFFICIAL_MULTI_APPLICANT_FIELD,DELIMITED_APPLICANT_TOKEN_EXACT,江苏恒瑞医药股份有限公司,"{""affiliate_inference_used"": false, ""mapping_match_mode"": ""DELIMITED_APPLICANT_TOKEN_EXACT"", ""matched_applicant_token"": ""江苏恒瑞医药股份有限公司"", ""official_applicant_field"": ""江苏恒瑞医药股份有限公司;江苏恒瑞医药股份有限公司"", ""registry_evidence"": {""listed_issuer_legal_name"": ""江苏恒瑞医药股份有限公司"", ""security_code"": ""600276"", ""security_short_name"": ""恒瑞医药"", ""source_document_date"": ""2026-04-17"", ""source_kind"": ""SSE_OFFICIAL_ISSUER_DISCLOSURE"", ""source_url"": ""https://www.sse.com.cn/disclosure/listedinfo/announcement/c/new/2026-04-17/600276_20260417_XMOL.pdf""}, ""substring_matching_used"": false}"
临床试验默示许可,official:27a859c1bf7071febf050d8757e73523,江苏恒瑞医药股份有限公司,甲磺酸阿帕替尼片,阿帕替尼联合SHR-8068和阿得贝利单抗用于中高危复发风险可切除肝细胞癌围术期治疗,https://www.cde.org.cn/main/xxgk/listpage/4b5255eb0a84820cef4ca3e8b6bbe20c,FIRST_OBSERVED_SNAPSHOT_DATE,,,2026-09-30T17:29:59+08:00,CXHL2600174,2.4,,COMPLETE,27a859c1bf7071febf050d8757e73523,600276.SH,EXACT_LISTED_ISSUER_LEGAL_NAME,WHOLE_FIELD_EXACT,江苏恒瑞医药股份有限公司,"{""affiliate_inference_used"": false, ""mapping_match_mode"": ""WHOLE_FIELD_EXACT"", ""matched_applicant_token"": ""江苏恒瑞医药股份有限公司"", ""official_applicant_field"": ""江苏恒瑞医药股份有限公司"", ""registry_evidence"": {""listed_issuer_legal_name"": ""江苏恒瑞医药股份有限公司"", ""security_code"": ""600276"", ""security_short_name"": ""恒瑞医药"", ""source_document_date"": ""2026-04-17"", ""source_kind"": ""SSE_OFFICIAL_ISSUER_DISCLOSURE"", ""source_url"": ""https://www.sse.com.cn/disclosure/listedinfo/announcement/c/new/2026-04-17/600276_20260417_XMOL.pdf""}, ""substring_matching_used"": false}"
临床试验默示许可,official:2896eacb6c9b84ef3ec6f6b01b7531e2,江苏恒瑞医药股份有限公司;江苏恒瑞医药股份有限公司,马来酸吡咯替尼片,本品用于治疗HER2异常的晚期/转移性胆道癌患者,https://www.cde.org.cn/main/xxgk/listpage/4b5255eb0a84820cef4ca3e8b6bbe20c,FIRST_OBSERVED_SNAPSHOT_DATE,,,2026-09-30T17:29:59+08:00,CXHB2000096,2.4,,COMPLETE,2896eacb6c9b84ef3ec6f6b01b7531e2,600276.SH,EXACT_APPLICANT_TOKEN_IN_OFFICIAL_MULTI_APPLICANT_FIELD,DELIMITED_APPLICANT_TOKEN_EXACT,江苏恒瑞医药股份有限公司,"{""affiliate_inference_used"": false, ""mapping_match_mode"": ""DELIMITED_APPLICANT_TOKEN_EXACT"", ""matched_applicant_token"": ""江苏恒瑞医药股份有限公司"", ""official_applicant_field"": ""江苏恒瑞医药股份有限公司;江苏恒瑞医药股份有限公司"", ""registry_evidence"": {""listed_issuer_legal_name"": ""江苏恒瑞医药股份有限公司"", ""security_code"": ""600276"", ""security_short_name"": ""恒瑞医药"", ""source_document_date"": ""2026-04-17"", ""source_kind"": ""SSE_OFFICIAL_ISSUER_DISCLOSURE"", ""source_url"": ""https://www.sse.com.cn/disclosure/listedinfo/announcement/c/new/2026-04-17/600276_20260417_XMOL.pdf""}, ""substring_matching_used"": false}"
临床试验默示许可,official:28d7c5b159be4e73b85c6392e95fcf7f,江苏恒瑞医药股份有限公司,HRS-6209胶囊,本品联合HRS-1358或HRS-8080或芳香化酶抑制剂或氟维司群用于乳腺癌的治疗。,https://www.cde.org.cn/main/xxgk/listpage/4b5255eb0a84820cef4ca3e8b6bbe20c,FIRST_OBSERVED_SNAPSHOT_DATE,,,2026-09-30T17:29:59+08:00,CXHL2400448,1,,COMPLETE,28d7c5b159be4e73b85c6392e95fcf7f,600276.SH,EXACT_LISTED_ISSUER_LEGAL_NAME,WHOLE_FIELD_EXACT,江苏恒瑞医药股份有限公司,"{""affiliate_inference_used"": false, ""mapping_match_mode"": ""WHOLE_FIELD_EXACT"", ""matched_applicant_token"": ""江苏恒瑞医药股份有限公司"", ""official_applicant_field"": ""江苏恒瑞医药股份有限公司"", ""registry_evidence"": {""listed_issuer_legal_name"": ""江苏恒瑞医药股份有限公司"", ""security_code"": ""600276"", ""security_short_name"": ""恒瑞医药"", ""source_document_date"": ""2026-04-17"", ""source_kind"": ""SSE_OFFICIAL_ISSUER_DISCLOSURE"", ""source_url"": ""https://www.sse.com.cn/disclosure/listedinfo/announcement/c/new/2026-04-17/600276_20260417_XMOL.pdf""}, ""substring_matching_used"": false}"
临床试验默示许可,official:290b25634bc28e4a8fb4abf28444bc83,上海恒瑞医药有限公司;江苏恒瑞医药股份有限公司;苏州盛迪亚生物医药有限公司,SHR-1704注射液,SHR-1704单用或联合SHR-1316用于标准治疗失败的晚期恶性肿瘤患者,https://www.cde.org.cn/main/xxgk/listpage/4b5255eb0a84820cef4ca3e8b6bbe20c,FIRST_OBSERVED_SNAPSHOT_DATE,,,2026-09-30T17:29:59+08:00,CXSL1900057,1,,COMPLETE,290b25634bc28e4a8fb4abf28444bc83,600276.SH,EXACT_APPLICANT_TOKEN_IN_OFFICIAL_MULTI_APPLICANT_FIELD,DELIMITED_APPLICANT_TOKEN_EXACT,江苏恒瑞医药股份有限公司,"{""affiliate_inference_used"": false, ""mapping_match_mode"": ""DELIMITED_APPLICANT_TOKEN_EXACT"", ""matched_applicant_token"": ""江苏恒瑞医药股份有限公司"", ""official_applicant_field"": ""上海恒瑞医药有限公司;江苏恒瑞医药股份有限公司;苏州盛迪亚生物医药有限公司"", ""registry_evidence"": {""listed_issuer_legal_name"": ""江苏恒瑞医药股份有限公司"", ""security_code"": ""600276"", ""security_short_name"": ""恒瑞医药"", ""source_document_date"": ""2026-04-17"", ""source_kind"": ""SSE_OFFICIAL_ISSUER_DISCLOSURE"", ""source_url"": ""https://www.sse.com.cn/disclosure/listedinfo/announcement/c/new/2026-04-17/600276_20260417_XMOL.pdf""}, ""substring_matching_used"": false}"
临床试验默示许可,official:293fa4b84a4c6a0519b0a2af4d665ff1,江苏恒瑞医药股份有限公司,SHR0302片,本品拟用于活动性放射学阴性中轴型脊柱关节炎的治疗。,https://www.cde.org.cn/main/xxgk/listpage/4b5255eb0a84820cef4ca3e8b6bbe20c,FIRST_OBSERVED_SNAPSHOT_DATE,,,2026-09-30T17:29:59+08:00,CXHL2101788,1,,COMPLETE,293fa4b84a4c6a0519b0a2af4d665ff1,600276.SH,EXACT_LISTED_ISSUER_LEGAL_NAME,WHOLE_FIELD_EXACT,江苏恒瑞医药股份有限公司,"{""affiliate_inference_used"": false, ""mapping_match_mode"": ""WHOLE_FIELD_EXACT"", ""matched_applicant_token"": ""江苏恒瑞医药股份有限公司"", ""official_applicant_field"": ""江苏恒瑞医药股份有限公司"", ""registry_evidence"": {""listed_issuer_legal_name"": ""江苏恒瑞医药股份有限公司"", ""security_code"": ""600276"", ""security_short_name"": ""恒瑞医药"", ""source_document_date"": ""2026-04-17"", ""source_kind"": ""SSE_OFFICIAL_ISSUER_DISCLOSURE"", ""source_url"": ""https://www.sse.com.cn/disclosure/listedinfo/announcement/c/new/2026-04-17/600276_20260417_XMOL.pdf""}, ""substring_matching_used"": false}"
临床试验默示许可,official:29d70d25b9a2df49f2ff59a433460adf,江苏恒瑞医药股份有限公司,HRS-6093片,HRS-6093联合阿得贝利单抗±化疗，或联合贝伐珠单抗±阿得贝利单抗，或联合阿得贝利单抗+SHR-8068±贝伐珠单抗，或联合SHR-9839 (sc)±阿得贝利单抗±化疗，或联合SHR-1826或FH-006±阿得贝利单抗，或联合西妥昔单抗±化疗，或联合化疗±贝伐珠单抗用于KRAS G12D突变实体瘤的治疗。,https://www.cde.org.cn/main/xxgk/listpage/4b5255eb0a84820cef4ca3e8b6bbe20c,FIRST_OBSERVED_SNAPSHOT_DATE,,,2026-09-30T17:29:59+08:00,CXHL2600138,1,,COMPLETE,29d70d25b9a2df49f2ff59a433460adf,600276.SH,EXACT_LISTED_ISSUER_LEGAL_NAME,WHOLE_FIELD_EXACT,江苏恒瑞医药股份有限公司,"{""affiliate_inference_used"": false, ""mapping_match_mode"": ""WHOLE_FIELD_EXACT"", ""matched_applicant_token"": ""江苏恒瑞医药股份有限公司"", ""official_applicant_field"": ""江苏恒瑞医药股份有限公司"", ""registry_evidence"": {""listed_issuer_legal_name"": ""江苏恒瑞医药股份有限公司"", ""security_code"": ""600276"", ""security_short_name"": ""恒瑞医药"", ""source_document_date"": ""2026-04-17"", ""source_kind"": ""SSE_OFFICIAL_ISSUER_DISCLOSURE"", ""source_url"": ""https://www.sse.com.cn/disclosure/listedinfo/announcement/c/new/2026-04-17/600276_20260417_XMOL.pdf""}, ""substring_matching_used"": false}"
临床试验默示许可,official:2b4e70f0c5959b1b2c89a4bba49df876,江苏恒瑞医药股份有限公司,羟乙磺酸达尔西利片,本品联合醋酸阿比特龙片（I）和泼尼松片（AA-P）用于治疗高瘤负荷的转移性激素敏感性前列腺癌。,https://www.cde.org.cn/main/xxgk/listpage/4b5255eb0a84820cef4ca3e8b6bbe20c,FIRST_OBSERVED_SNAPSHOT_DATE,,,2026-09-30T17:29:59+08:00,CXHL2300703,2.4,,COMPLETE,2b4e70f0c5959b1b2c89a4bba49df876,600276.SH,EXACT_LISTED_ISSUER_LEGAL_NAME,WHOLE_FIELD_EXACT,江苏恒瑞医药股份有限公司,"{""affiliate_inference_used"": false, ""mapping_match_mode"": ""WHOLE_FIELD_EXACT"", ""matched_applicant_token"": ""江苏恒瑞医药股份有限公司"", ""official_applicant_field"": ""江苏恒瑞医药股份有限公司"", ""registry_evidence"": {""listed_issuer_legal_name"": ""江苏恒瑞医药股份有限公司"", ""security_code"": ""600276"", ""security_short_name"": ""恒瑞医药"", ""source_document_date"": ""2026-04-17"", ""source_kind"": ""SSE_OFFICIAL_ISSUER_DISCLOSURE"", ""source_url"": ""https://www.sse.com.cn/disclosure/listedinfo/announcement/c/new/2026-04-17/600276_20260417_XMOL.pdf""}, ""substring_matching_used"": false}"
临床试验默示许可,official:2b5359500534fdfe90794deeb51fa306,上海恒瑞医药有限公司;江苏恒瑞医药股份有限公司,HRS-4642注射液,HRS-4642联合HRS-6719±阿得贝利单抗±SHR-9839（sc）±化疗用于实体瘤的治疗,https://www.cde.org.cn/main/xxgk/listpage/4b5255eb0a84820cef4ca3e8b6bbe20c,FIRST_OBSERVED_SNAPSHOT_DATE,,,2026-09-30T17:29:59+08:00,CXHL2600229,1,,COMPLETE,2b5359500534fdfe90794deeb51fa306,600276.SH,EXACT_APPLICANT_TOKEN_IN_OFFICIAL_MULTI_APPLICANT_FIELD,DELIMITED_APPLICANT_TOKEN_EXACT,江苏恒瑞医药股份有限公司,"{""affiliate_inference_used"": false, ""mapping_match_mode"": ""DELIMITED_APPLICANT_TOKEN_EXACT"", ""matched_applicant_token"": ""江苏恒瑞医药股份有限公司"", ""official_applicant_field"": ""上海恒瑞医药有限公司;江苏恒瑞医药股份有限公司"", ""registry_evidence"": {""listed_issuer_legal_name"": ""江苏恒瑞医药股份有限公司"", ""security_code"": ""600276"", ""security_short_name"": ""恒瑞医药"", ""source_document_date"": ""2026-04-17"", ""source_kind"": ""SSE_OFFICIAL_ISSUER_DISCLOSURE"", ""source_url"": ""https://www.sse.com.cn/disclosure/listedinfo/announcement/c/new/2026-04-17/600276_20260417_XMOL.pdf""}, ""substring_matching_used"": false}"
临床试验默示许可,official:2b5e7fc1ee53f9338f347ac4fd59aeab,上海恒瑞医药有限公司;江苏恒瑞医药股份有限公司,SHR2285片,用于成年患者关节置换术后静脉血栓栓塞症的预防。,https://www.cde.org.cn/main/xxgk/listpage/4b5255eb0a84820cef4ca3e8b6bbe20c,FIRST_OBSERVED_SNAPSHOT_DATE,,,2026-09-30T17:29:59+08:00,CXHL2101397,1,,COMPLETE,2b5e7fc1ee53f9338f347ac4fd59aeab,600276.SH,EXACT_APPLICANT_TOKEN_IN_OFFICIAL_MULTI_APPLICANT_FIELD,DELIMITED_APPLICANT_TOKEN_EXACT,江苏恒瑞医药股份有限公司,"{""affiliate_inference_used"": false, ""mapping_match_mode"": ""DELIMITED_APPLICANT_TOKEN_EXACT"", ""matched_applicant_token"": ""江苏恒瑞医药股份有限公司"", ""official_applicant_field"": ""上海恒瑞医药有限公司;江苏恒瑞医药股份有限公司"", ""registry_evidence"": {""listed_issuer_legal_name"": ""江苏恒瑞医药股份有限公司"", ""security_code"": ""600276"", ""security_short_name"": ""恒瑞医药"", ""source_document_date"": ""2026-04-17"", ""source_kind"": ""SSE_OFFICIAL_ISSUER_DISCLOSURE"", ""source_url"": ""https://www.sse.com.cn/disclosure/listedinfo/announcement/c/new/2026-04-17/600276_20260417_XMOL.pdf""}, ""substring_matching_used"": false}"
临床试验默示许可,official:2c5e847d10eb3d47aecd782c9a62869e,江苏恒瑞医药股份有限公司;上海恒瑞医药有限公司;成都新越医药有限公司,注射用HR18034,术后镇痛。,https://www.cde.org.cn/main/xxgk/listpage/4b5255eb0a84820cef4ca3e8b6bbe20c,FIRST_OBSERVED_SNAPSHOT_DATE,,,2026-09-30T17:29:59+08:00,CXHL2000216,2.1;2.2,,COMPLETE,2c5e847d10eb3d47aecd782c9a62869e,600276.SH,EXACT_APPLICANT_TOKEN_IN_OFFICIAL_MULTI_APPLICANT_FIELD,DELIMITED_APPLICANT_TOKEN_EXACT,江苏恒瑞医药股份有限公司,"{""affiliate_inference_used"": false, ""mapping_match_mode"": ""DELIMITED_APPLICANT_TOKEN_EXACT"", ""matched_applicant_token"": ""江苏恒瑞医药股份有限公司"", ""official_applicant_field"": ""江苏恒瑞医药股份有限公司;上海恒瑞医药有限公司;成都新越医药有限公司"", ""registry_evidence"": {""listed_issuer_legal_name"": ""江苏恒瑞医药股份有限公司"", ""security_code"": ""600276"", ""security_short_name"": ""恒瑞医药"", ""source_document_date"": ""2026-04-17"", ""source_kind"": ""SSE_OFFICIAL_ISSUER_DISCLOSURE"", ""source_url"": ""https://www.sse.com.cn/disclosure/listedinfo/announcement/c/new/2026-04-17/600276_20260417_XMOL.pdf""}, ""substring_matching_used"": false}"
临床试验默示许可,official:2c8aa734e7fa39b201b16169cc59b3c6,江苏恒瑞医药股份有限公司,HRS-6209胶囊,本品联合HRS-2189和芳香化酶抑制剂用于乳腺癌的治疗。,https://www.cde.org.cn/main/xxgk/listpage/4b5255eb0a84820cef4ca3e8b6bbe20c,FIRST_OBSERVED_SNAPSHOT_DATE,,,2026-09-30T17:29:59+08:00,CXHL2500845,1,,COMPLETE,2c8aa734e7fa39b201b16169cc59b3c6,600276.SH,EXACT_LISTED_ISSUER_LEGAL_NAME,WHOLE_FIELD_EXACT,江苏恒瑞医药股份有限公司,"{""affiliate_inference_used"": false, ""mapping_match_mode"": ""WHOLE_FIELD_EXACT"", ""matched_applicant_token"": ""江苏恒瑞医药股份有限公司"", ""official_applicant_field"": ""江苏恒瑞医药股份有限公司"", ""registry_evidence"": {""listed_issuer_legal_name"": ""江苏恒瑞医药股份有限公司"", ""security_code"": ""600276"", ""security_short_name"": ""恒瑞医药"", ""source_document_date"": ""2026-04-17"", ""source_kind"": ""SSE_OFFICIAL_ISSUER_DISCLOSURE"", ""source_url"": ""https://www.sse.com.cn/disclosure/listedinfo/announcement/c/new/2026-04-17/600276_20260417_XMOL.pdf""}, ""substring_matching_used"": false}"
临床试验默示许可,official:2d3dd20948608bdee7d92cba80baedc7,江苏恒瑞医药股份有限公司,HRS-3738片,本品联合含地塞米松的治疗方案用于复发难治的多发性骨髓瘤。,https://www.cde.org.cn/main/xxgk/listpage/4b5255eb0a84820cef4ca3e8b6bbe20c,FIRST_OBSERVED_SNAPSHOT_DATE,,,2026-09-30T17:29:59+08:00,CXHL2301135,化学药品:1类,,COMPLETE,2d3dd20948608bdee7d92cba80baedc7,600276.SH,EXACT_LISTED_ISSUER_LEGAL_NAME,WHOLE_FIELD_EXACT,江苏恒瑞医药股份有限公司,"{""affiliate_inference_used"": false, ""mapping_match_mode"": ""WHOLE_FIELD_EXACT"", ""matched_applicant_token"": ""江苏恒瑞医药股份有限公司"", ""official_applicant_field"": ""江苏恒瑞医药股份有限公司"", ""registry_evidence"": {""listed_issuer_legal_name"": ""江苏恒瑞医药股份有限公司"", ""security_code"": ""600276"", ""security_short_name"": ""恒瑞医药"", ""source_document_date"": ""2026-04-17"", ""source_kind"": ""SSE_OFFICIAL_ISSUER_DISCLOSURE"", ""source_url"": ""https://www.sse.com.cn/disclosure/listedinfo/announcement/c/new/2026-04-17/600276_20260417_XMOL.pdf""}, ""substring_matching_used"": false}"
临床试验默示许可,official:2d48c7c9395563e30bec7165371e858b,上海恒瑞医药有限公司;江苏恒瑞医药股份有限公司,注射用SHR-A1201,单独用药用于HER2阳性的转移性乳腺癌患者，这些患者既往曾接受过曲妥珠单抗及紫杉烷的单独或联合用药治疗,https://www.cde.org.cn/main/xxgk/listpage/4b5255eb0a84820cef4ca3e8b6bbe20c,FIRST_OBSERVED_SNAPSHOT_DATE,,,2026-09-30T17:29:59+08:00,CXSB1800010,,,COMPLETE,2d48c7c9395563e30bec7165371e858b,600276.SH,EXACT_APPLICANT_TOKEN_IN_OFFICIAL_MULTI_APPLICANT_FIELD,DELIMITED_APPLICANT_TOKEN_EXACT,江苏恒瑞医药股份有限公司,"{""affiliate_inference_used"": false, ""mapping_match_mode"": ""DELIMITED_APPLICANT_TOKEN_EXACT"", ""matched_applicant_token"": ""江苏恒瑞医药股份有限公司"", ""official_applicant_field"": ""上海恒瑞医药有限公司;江苏恒瑞医药股份有限公司"", ""registry_evidence"": {""listed_issuer_legal_name"": ""江苏恒瑞医药股份有限公司"", ""security_code"": ""600276"", ""security_short_name"": ""恒瑞医药"", ""source_document_date"": ""2026-04-17"", ""source_kind"": ""SSE_OFFICIAL_ISSUER_DISCLOSURE"", ""source_url"": ""https://www.sse.com.cn/disclosure/listedinfo/announcement/c/new/2026-04-17/600276_20260417_XMOL.pdf""}, ""substring_matching_used"": false}"
临床试验默示许可,official:2e52ed14cef19494b8cd7a03f9345ebf,江苏恒瑞医药股份有限公司;江苏恒瑞医药股份有限公司;上海恒瑞医药有限公司,SHR6390片,本品拟联合氟维司群用于激素受体（HR）阳性、人表皮生长因子受体2（HER2）阴性的经内分泌治疗后进展的复发或转移性乳腺癌的治疗。,https://www.cde.org.cn/main/xxgk/listpage/4b5255eb0a84820cef4ca3e8b6bbe20c,FIRST_OBSERVED_SNAPSHOT_DATE,,,2026-09-30T17:29:59+08:00,CXHB2000049,1,,COMPLETE,2e52ed14cef19494b8cd7a03f9345ebf,600276.SH,EXACT_APPLICANT_TOKEN_IN_OFFICIAL_MULTI_APPLICANT_FIELD,DELIMITED_APPLICANT_TOKEN_EXACT,江苏恒瑞医药股份有限公司,"{""affiliate_inference_used"": false, ""mapping_match_mode"": ""DELIMITED_APPLICANT_TOKEN_EXACT"", ""matched_applicant_token"": ""江苏恒瑞医药股份有限公司"", ""official_applicant_field"": ""江苏恒瑞医药股份有限公司;江苏恒瑞医药股份有限公司;上海恒瑞医药有限公司"", ""registry_evidence"": {""listed_issuer_legal_name"": ""江苏恒瑞医药股份有限公司"", ""security_code"": ""600276"", ""security_short_name"": ""恒瑞医药"", ""source_document_date"": ""2026-04-17"", ""source_kind"": ""SSE_OFFICIAL_ISSUER_DISCLOSURE"", ""source_url"": ""https://www.sse.com.cn/disclosure/listedinfo/announcement/c/new/2026-04-17/600276_20260417_XMOL.pdf""}, ""substring_matching_used"": false}"
临床试验默示许可,official:2eb72eeaee76e50baa0bf82f6aec8707,福建盛迪医药有限公司;江苏恒瑞医药股份有限公司;北京拓界生物医药科技有限公司,HRS-4729注射液,肥胖或超重、代谢相关脂肪性肝病/代谢相关脂肪性肝炎,https://www.cde.org.cn/main/xxgk/listpage/4b5255eb0a84820cef4ca3e8b6bbe20c,FIRST_OBSERVED_SNAPSHOT_DATE,,,2026-09-30T17:29:59+08:00,CXHB2600094,1,,COMPLETE,2eb72eeaee76e50baa0bf82f6aec8707,600276.SH,EXACT_APPLICANT_TOKEN_IN_OFFICIAL_MULTI_APPLICANT_FIELD,DELIMITED_APPLICANT_TOKEN_EXACT,江苏恒瑞医药股份有限公司,"{""affiliate_inference_used"": false, ""mapping_match_mode"": ""DELIMITED_APPLICANT_TOKEN_EXACT"", ""matched_applicant_token"": ""江苏恒瑞医药股份有限公司"", ""official_applicant_field"": ""福建盛迪医药有限公司;江苏恒瑞医药股份有限公司;北京拓界生物医药科技有限公司"", ""registry_evidence"": {""listed_issuer_legal_name"": ""江苏恒瑞医药股份有限公司"", ""security_code"": ""600276"", ""security_short_name"": ""恒瑞医药"", ""source_document_date"": ""2026-04-17"", ""source_kind"": ""SSE_OFFICIAL_ISSUER_DISCLOSURE"", ""source_url"": ""https://www.sse.com.cn/disclosure/listedinfo/announcement/c/new/2026-04-17/600276_20260417_XMOL.pdf""}, ""substring_matching_used"": false}"
临床试验默示许可,official:2edad97b9297c25a95025fdde23b55e8,江苏恒瑞医药股份有限公司,HRS-6209胶囊,本品联合HRS-2189+HRS-8080、或联合HRS-2189+HRS-1358、或联合HRS-2189+氟维司群用于恶性肿瘤的治疗。,https://www.cde.org.cn/main/xxgk/listpage/4b5255eb0a84820cef4ca3e8b6bbe20c,FIRST_OBSERVED_SNAPSHOT_DATE,,,2026-09-30T17:29:59+08:00,CXHL2400829,1,,COMPLETE,2edad97b9297c25a95025fdde23b55e8,600276.SH,EXACT_LISTED_ISSUER_LEGAL_NAME,WHOLE_FIELD_EXACT,江苏恒瑞医药股份有限公司,"{""affiliate_inference_used"": false, ""mapping_match_mode"": ""WHOLE_FIELD_EXACT"", ""matched_applicant_token"": ""江苏恒瑞医药股份有限公司"", ""official_applicant_field"": ""江苏恒瑞医药股份有限公司"", ""registry_evidence"": {""listed_issuer_legal_name"": ""江苏恒瑞医药股份有限公司"", ""security_code"": ""600276"", ""security_short_name"": ""恒瑞医药"", ""source_document_date"": ""2026-04-17"", ""source_kind"": ""SSE_OFFICIAL_ISSUER_DISCLOSURE"", ""source_url"": ""https://www.sse.com.cn/disclosure/listedinfo/announcement/c/new/2026-04-17/600276_20260417_XMOL.pdf""}, ""substring_matching_used"": false}"
临床试验默示许可,official:2edcd24e1901f5a6123fc94908fc7aac,江苏恒瑞医药股份有限公司,HRS-1167片,本品联合HRS-5041片用于治疗晚期前列腺癌患者。,https://www.cde.org.cn/main/xxgk/listpage/4b5255eb0a84820cef4ca3e8b6bbe20c,FIRST_OBSERVED_SNAPSHOT_DATE,,,2026-09-30T17:29:59+08:00,CXHL2400543,1,,COMPLETE,2edcd24e1901f5a6123fc94908fc7aac,600276.SH,EXACT_LISTED_ISSUER_LEGAL_NAME,WHOLE_FIELD_EXACT,江苏恒瑞医药股份有限公司,"{""affiliate_inference_used"": false, ""mapping_match_mode"": ""WHOLE_FIELD_EXACT"", ""matched_applicant_token"": ""江苏恒瑞医药股份有限公司"", ""official_applicant_field"": ""江苏恒瑞医药股份有限公司"", ""registry_evidence"": {""listed_issuer_legal_name"": ""江苏恒瑞医药股份有限公司"", ""security_code"": ""600276"", ""security_short_name"": ""恒瑞医药"", ""source_document_date"": ""2026-04-17"", ""source_kind"": ""SSE_OFFICIAL_ISSUER_DISCLOSURE"", ""source_url"": ""https://www.sse.com.cn/disclosure/listedinfo/announcement/c/new/2026-04-17/600276_20260417_XMOL.pdf""}, ""substring_matching_used"": false}"
临床试验默示许可,official:2ee420372c415626f540be19b35ba143,江苏恒瑞医药股份有限公司;江苏恒瑞医药股份有限公司,马来酸吡咯替尼片,HER2阳性乳腺癌。,https://www.cde.org.cn/main/xxgk/listpage/4b5255eb0a84820cef4ca3e8b6bbe20c,FIRST_OBSERVED_SNAPSHOT_DATE,,,2026-09-30T17:29:59+08:00,CXHL2101791,2.4,,COMPLETE,2ee420372c415626f540be19b35ba143,600276.SH,EXACT_APPLICANT_TOKEN_IN_OFFICIAL_MULTI_APPLICANT_FIELD,DELIMITED_APPLICANT_TOKEN_EXACT,江苏恒瑞医药股份有限公司,"{""affiliate_inference_used"": false, ""mapping_match_mode"": ""DELIMITED_APPLICANT_TOKEN_EXACT"", ""matched_applicant_token"": ""江苏恒瑞医药股份有限公司"", ""official_applicant_field"": ""江苏恒瑞医药股份有限公司;江苏恒瑞医药股份有限公司"", ""registry_evidence"": {""listed_issuer_legal_name"": ""江苏恒瑞医药股份有限公司"", ""security_code"": ""600276"", ""security_short_name"": ""恒瑞医药"", ""source_document_date"": ""2026-04-17"", ""source_kind"": ""SSE_OFFICIAL_ISSUER_DISCLOSURE"", ""source_url"": ""https://www.sse.com.cn/disclosure/listedinfo/announcement/c/new/2026-04-17/600276_20260417_XMOL.pdf""}, ""substring_matching_used"": false}"
临床试验默示许可,official:2ee6d6e8671d93eb29c83a8e7d81e099,江苏恒瑞医药股份有限公司,HRS-6093片,本品临床拟用于治疗携带KRASG12D突变的实体瘤。,https://www.cde.org.cn/main/xxgk/listpage/4b5255eb0a84820cef4ca3e8b6bbe20c,FIRST_OBSERVED_SNAPSHOT_DATE,,,2026-09-30T17:29:59+08:00,CXHL2500549,1,,COMPLETE,2ee6d6e8671d93eb29c83a8e7d81e099,600276.SH,EXACT_LISTED_ISSUER_LEGAL_NAME,WHOLE_FIELD_EXACT,江苏恒瑞医药股份有限公司,"{""affiliate_inference_used"": false, ""mapping_match_mode"": ""WHOLE_FIELD_EXACT"", ""matched_applicant_token"": ""江苏恒瑞医药股份有限公司"", ""official_applicant_field"": ""江苏恒瑞医药股份有限公司"", ""registry_evidence"": {""listed_issuer_legal_name"": ""江苏恒瑞医药股份有限公司"", ""security_code"": ""600276"", ""security_short_name"": ""恒瑞医药"", ""source_document_date"": ""2026-04-17"", ""source_kind"": ""SSE_OFFICIAL_ISSUER_DISCLOSURE"", ""source_url"": ""https://www.sse.com.cn/disclosure/listedinfo/announcement/c/new/2026-04-17/600276_20260417_XMOL.pdf""}, ""substring_matching_used"": false}"
临床试验默示许可,official:2f448a746188ac7f4823e4777a875c6d,江苏恒瑞医药股份有限公司,HRS-3005片,本品拟用于B细胞恶性肿瘤的治疗,https://www.cde.org.cn/main/xxgk/listpage/4b5255eb0a84820cef4ca3e8b6bbe20c,FIRST_OBSERVED_SNAPSHOT_DATE,,,2026-09-30T17:29:59+08:00,CXHL2600131,1,,COMPLETE,2f448a746188ac7f4823e4777a875c6d,600276.SH,EXACT_LISTED_ISSUER_LEGAL_NAME,WHOLE_FIELD_EXACT,江苏恒瑞医药股份有限公司,"{""affiliate_inference_used"": false, ""mapping_match_mode"": ""WHOLE_FIELD_EXACT"", ""matched_applicant_token"": ""江苏恒瑞医药股份有限公司"", ""official_applicant_field"": ""江苏恒瑞医药股份有限公司"", ""registry_evidence"": {""listed_issuer_legal_name"": ""江苏恒瑞医药股份有限公司"", ""security_code"": ""600276"", ""security_short_name"": ""恒瑞医药"", ""source_document_date"": ""2026-04-17"", ""source_kind"": ""SSE_OFFICIAL_ISSUER_DISCLOSURE"", ""source_url"": ""https://www.sse.com.cn/disclosure/listedinfo/announcement/c/new/2026-04-17/600276_20260417_XMOL.pdf""}, ""substring_matching_used"": false}"
临床试验默示许可,official:2f5796c6a5d3341120add9060d301ff2,江苏恒瑞医药股份有限公司;江苏恒瑞医药股份有限公司;上海恒瑞医药有限公司,SHR3680片,拟用于既往醋酸阿比特龙和多西他赛治疗均失败的转移性去势抵抗性前列腺癌（mCRPC)。,https://www.cde.org.cn/main/xxgk/listpage/4b5255eb0a84820cef4ca3e8b6bbe20c,FIRST_OBSERVED_SNAPSHOT_DATE,,,2026-09-30T17:29:59+08:00,CXHL1900012,1,,COMPLETE,2f5796c6a5d3341120add9060d301ff2,600276.SH,EXACT_APPLICANT_TOKEN_IN_OFFICIAL_MULTI_APPLICANT_FIELD,DELIMITED_APPLICANT_TOKEN_EXACT,江苏恒瑞医药股份有限公司,"{""affiliate_inference_used"": false, ""mapping_match_mode"": ""DELIMITED_APPLICANT_TOKEN_EXACT"", ""matched_applicant_token"": ""江苏恒瑞医药股份有限公司"", ""official_applicant_field"": ""江苏恒瑞医药股份有限公司;江苏恒瑞医药股份有限公司;上海恒瑞医药有限公司"", ""registry_evidence"": {""listed_issuer_legal_name"": ""江苏恒瑞医药股份有限公司"", ""security_code"": ""600276"", ""security_short_name"": ""恒瑞医药"", ""source_document_date"": ""2026-04-17"", ""source_kind"": ""SSE_OFFICIAL_ISSUER_DISCLOSURE"", ""source_url"": ""https://www.sse.com.cn/disclosure/listedinfo/announcement/c/new/2026-04-17/600276_20260417_XMOL.pdf""}, ""substring_matching_used"": false}"
临床试验默示许可,official:2fbd1d74c8ffd59d85c0ead9f5f6212d,江苏恒瑞医药股份有限公司;江苏恒瑞医药股份有限公司,氟唑帕利胶囊,本品拟用于联合SHR3680治疗既往醋酸阿比特龙和多西他赛治疗失败的转移性去势抵抗性前列腺癌（mCRPC）。,https://www.cde.org.cn/main/xxgk/listpage/4b5255eb0a84820cef4ca3e8b6bbe20c,FIRST_OBSERVED_SNAPSHOT_DATE,,,2026-09-30T17:29:59+08:00,CXHL1900033,1,,COMPLETE,2fbd1d74c8ffd59d85c0ead9f5f6212d,600276.SH,EXACT_APPLICANT_TOKEN_IN_OFFICIAL_MULTI_APPLICANT_FIELD,DELIMITED_APPLICANT_TOKEN_EXACT,江苏恒瑞医药股份有限公司,"{""affiliate_inference_used"": false, ""mapping_match_mode"": ""DELIMITED_APPLICANT_TOKEN_EXACT"", ""matched_applicant_token"": ""江苏恒瑞医药股份有限公司"", ""official_applicant_field"": ""江苏恒瑞医药股份有限公司;江苏恒瑞医药股份有限公司"", ""registry_evidence"": {""listed_issuer_legal_name"": ""江苏恒瑞医药股份有限公司"", ""security_code"": ""600276"", ""security_short_name"": ""恒瑞医药"", ""source_document_date"": ""2026-04-17"", ""source_kind"": ""SSE_OFFICIAL_ISSUER_DISCLOSURE"", ""source_url"": ""https://www.sse.com.cn/disclosure/listedinfo/announcement/c/new/2026-04-17/600276_20260417_XMOL.pdf""}, ""substring_matching_used"": false}"
临床试验默示许可,official:3005a74a926352b813de298b13c6c2c9,上海恒瑞医药有限公司;江苏恒瑞医药股份有限公司;苏州盛迪亚生物医药有限公司,注射用SHR-1501,SHR-1501联合SHR-1316用于标准治疗失败的晚期恶性肿瘤患者,https://www.cde.org.cn/main/xxgk/listpage/4b5255eb0a84820cef4ca3e8b6bbe20c,FIRST_OBSERVED_SNAPSHOT_DATE,,,2026-09-30T17:29:59+08:00,CXSL1900047,1,,COMPLETE,3005a74a926352b813de298b13c6c2c9,600276.SH,EXACT_APPLICANT_TOKEN_IN_OFFICIAL_MULTI_APPLICANT_FIELD,DELIMITED_APPLICANT_TOKEN_EXACT,江苏恒瑞医药股份有限公司,"{""affiliate_inference_used"": false, ""mapping_match_mode"": ""DELIMITED_APPLICANT_TOKEN_EXACT"", ""matched_applicant_token"": ""江苏恒瑞医药股份有限公司"", ""official_applicant_field"": ""上海恒瑞医药有限公司;江苏恒瑞医药股份有限公司;苏州盛迪亚生物医药有限公司"", ""registry_evidence"": {""listed_issuer_legal_name"": ""江苏恒瑞医药股份有限公司"", ""security_code"": ""600276"", ""security_short_name"": ""恒瑞医药"", ""source_document_date"": ""2026-04-17"", ""source_kind"": ""SSE_OFFICIAL_ISSUER_DISCLOSURE"", ""source_url"": ""https://www.sse.com.cn/disclosure/listedinfo/announcement/c/new/2026-04-17/600276_20260417_XMOL.pdf""}, ""substring_matching_used"": false}"
临床试验默示许可,official:3006cdb2f75605ff1882b35c6d325ad9,江苏恒瑞医药股份有限公司;江苏恒瑞医药股份有限公司;上海恒瑞医药有限公司,SHR6390片,本品拟联合氟维司群用于HR阳性，HER2阴性的经内分泌治疗后进展的复发或转移性乳腺癌的治疗。,https://www.cde.org.cn/main/xxgk/listpage/4b5255eb0a84820cef4ca3e8b6bbe20c,FIRST_OBSERVED_SNAPSHOT_DATE,,,2026-09-30T17:29:59+08:00,CXHL1900242,1,,COMPLETE,3006cdb2f75605ff1882b35c6d325ad9,600276.SH,EXACT_APPLICANT_TOKEN_IN_OFFICIAL_MULTI_APPLICANT_FIELD,DELIMITED_APPLICANT_TOKEN_EXACT,江苏恒瑞医药股份有限公司,"{""affiliate_inference_used"": false, ""mapping_match_mode"": ""DELIMITED_APPLICANT_TOKEN_EXACT"", ""matched_applicant_token"": ""江苏恒瑞医药股份有限公司"", ""official_applicant_field"": ""江苏恒瑞医药股份有限公司;江苏恒瑞医药股份有限公司;上海恒瑞医药有限公司"", ""registry_evidence"": {""listed_issuer_legal_name"": ""江苏恒瑞医药股份有限公司"", ""security_code"": ""600276"", ""security_short_name"": ""恒瑞医药"", ""source_document_date"": ""2026-04-17"", ""source_kind"": ""SSE_OFFICIAL_ISSUER_DISCLOSURE"", ""source_url"": ""https://www.sse.com.cn/disclosure/listedinfo/announcement/c/new/2026-04-17/600276_20260417_XMOL.pdf""}, ""substring_matching_used"": false}"
临床试验默示许可,official:304495bd6e16e0e4b245c3bbfa5be06d,上海恒瑞医药有限公司;江苏恒瑞医药股份有限公司,HRS2543片,晚期恶性肿瘤,https://www.cde.org.cn/main/xxgk/listpage/4b5255eb0a84820cef4ca3e8b6bbe20c,FIRST_OBSERVED_SNAPSHOT_DATE,,,2026-09-30T17:29:59+08:00,CXHL2100035,1,,COMPLETE,304495bd6e16e0e4b245c3bbfa5be06d,600276.SH,EXACT_APPLICANT_TOKEN_IN_OFFICIAL_MULTI_APPLICANT_FIELD,DELIMITED_APPLICANT_TOKEN_EXACT,江苏恒瑞医药股份有限公司,"{""affiliate_inference_used"": false, ""mapping_match_mode"": ""DELIMITED_APPLICANT_TOKEN_EXACT"", ""matched_applicant_token"": ""江苏恒瑞医药股份有限公司"", ""official_applicant_field"": ""上海恒瑞医药有限公司;江苏恒瑞医药股份有限公司"", ""registry_evidence"": {""listed_issuer_legal_name"": ""江苏恒瑞医药股份有限公司"", ""security_code"": ""600276"", ""security_short_name"": ""恒瑞医药"", ""source_document_date"": ""2026-04-17"", ""source_kind"": ""SSE_OFFICIAL_ISSUER_DISCLOSURE"", ""source_url"": ""https://www.sse.com.cn/disclosure/listedinfo/announcement/c/new/2026-04-17/600276_20260417_XMOL.pdf""}, ""substring_matching_used"": false}"
临床试验默示许可,official:30face1d5135f68a0e1481a6722499f9,江苏恒瑞医药股份有限公司,HRS-1167片,本品联合HRS2398片治疗晚期实体瘤患者,https://www.cde.org.cn/main/xxgk/listpage/4b5255eb0a84820cef4ca3e8b6bbe20c,FIRST_OBSERVED_SNAPSHOT_DATE,,,2026-09-30T17:29:59+08:00,CXHL2301326,1,,COMPLETE,30face1d5135f68a0e1481a6722499f9,600276.SH,EXACT_LISTED_ISSUER_LEGAL_NAME,WHOLE_FIELD_EXACT,江苏恒瑞医药股份有限公司,"{""affiliate_inference_used"": false, ""mapping_match_mode"": ""WHOLE_FIELD_EXACT"", ""matched_applicant_token"": ""江苏恒瑞医药股份有限公司"", ""official_applicant_field"": ""江苏恒瑞医药股份有限公司"", ""registry_evidence"": {""listed_issuer_legal_name"": ""江苏恒瑞医药股份有限公司"", ""security_code"": ""600276"", ""security_short_name"": ""恒瑞医药"", ""source_document_date"": ""2026-04-17"", ""source_kind"": ""SSE_OFFICIAL_ISSUER_DISCLOSURE"", ""source_url"": ""https://www.sse.com.cn/disclosure/listedinfo/announcement/c/new/2026-04-17/600276_20260417_XMOL.pdf""}, ""substring_matching_used"": false}"
临床试验默示许可,official:310668f0d8f9dae7fc6af771a3ad88e8,江苏恒瑞医药股份有限公司,甲磺酸阿帕替尼片,本品联合SHR-1701及标准化疗用于局部晚期不可切除或转移性胃癌或胃食管结合部癌患者。,https://www.cde.org.cn/main/xxgk/listpage/4b5255eb0a84820cef4ca3e8b6bbe20c,FIRST_OBSERVED_SNAPSHOT_DATE,,,2026-09-30T17:29:59+08:00,CXHL2101425,2.4,,COMPLETE,310668f0d8f9dae7fc6af771a3ad88e8,600276.SH,EXACT_LISTED_ISSUER_LEGAL_NAME,WHOLE_FIELD_EXACT,江苏恒瑞医药股份有限公司,"{""affiliate_inference_used"": false, ""mapping_match_mode"": ""WHOLE_FIELD_EXACT"", ""matched_applicant_token"": ""江苏恒瑞医药股份有限公司"", ""official_applicant_field"": ""江苏恒瑞医药股份有限公司"", ""registry_evidence"": {""listed_issuer_legal_name"": ""江苏恒瑞医药股份有限公司"", ""security_code"": ""600276"", ""security_short_name"": ""恒瑞医药"", ""source_document_date"": ""2026-04-17"", ""source_kind"": ""SSE_OFFICIAL_ISSUER_DISCLOSURE"", ""source_url"": ""https://www.sse.com.cn/disclosure/listedinfo/announcement/c/new/2026-04-17/600276_20260417_XMOL.pdf""}, ""substring_matching_used"": false}"
临床试验默示许可,official:3191bf3956d51e4894cda60eeed4738d,江苏恒瑞医药股份有限公司,HRS-2329片,携带RAS突变或扩增的实体瘤,https://www.cde.org.cn/main/xxgk/listpage/4b5255eb0a84820cef4ca3e8b6bbe20c,FIRST_OBSERVED_SNAPSHOT_DATE,,,2026-09-30T17:29:59+08:00,CXHL2500682,1,,COMPLETE,3191bf3956d51e4894cda60eeed4738d,600276.SH,EXACT_LISTED_ISSUER_LEGAL_NAME,WHOLE_FIELD_EXACT,江苏恒瑞医药股份有限公司,"{""affiliate_inference_used"": false, ""mapping_match_mode"": ""WHOLE_FIELD_EXACT"", ""matched_applicant_token"": ""江苏恒瑞医药股份有限公司"", ""official_applicant_field"": ""江苏恒瑞医药股份有限公司"", ""registry_evidence"": {""listed_issuer_legal_name"": ""江苏恒瑞医药股份有限公司"", ""security_code"": ""600276"", ""security_short_name"": ""恒瑞医药"", ""source_document_date"": ""2026-04-17"", ""source_kind"": ""SSE_OFFICIAL_ISSUER_DISCLOSURE"", ""source_url"": ""https://www.sse.com.cn/disclosure/listedinfo/announcement/c/new/2026-04-17/600276_20260417_XMOL.pdf""}, ""substring_matching_used"": false}"
临床试验默示许可,official:321f061f215b68c004f0ee0d4601fc7a,上海甫弘生物医药有限公司;江苏恒瑞医药股份有限公司,注射用FH-006,FH-006联合SHR-9839(sc)±阿得贝利单抗用于实体瘤的治疗。,https://www.cde.org.cn/main/xxgk/listpage/4b5255eb0a84820cef4ca3e8b6bbe20c,FIRST_OBSERVED_SNAPSHOT_DATE,,,2026-09-30T17:29:59+08:00,CXSL2500687,1,,COMPLETE,321f061f215b68c004f0ee0d4601fc7a,600276.SH,EXACT_APPLICANT_TOKEN_IN_OFFICIAL_MULTI_APPLICANT_FIELD,DELIMITED_APPLICANT_TOKEN_EXACT,江苏恒瑞医药股份有限公司,"{""affiliate_inference_used"": false, ""mapping_match_mode"": ""DELIMITED_APPLICANT_TOKEN_EXACT"", ""matched_applicant_token"": ""江苏恒瑞医药股份有限公司"", ""official_applicant_field"": ""上海甫弘生物医药有限公司;江苏恒瑞医药股份有限公司"", ""registry_evidence"": {""listed_issuer_legal_name"": ""江苏恒瑞医药股份有限公司"", ""security_code"": ""600276"", ""security_short_name"": ""恒瑞医药"", ""source_document_date"": ""2026-04-17"", ""source_kind"": ""SSE_OFFICIAL_ISSUER_DISCLOSURE"", ""source_url"": ""https://www.sse.com.cn/disclosure/listedinfo/announcement/c/new/2026-04-17/600276_20260417_XMOL.pdf""}, ""substring_matching_used"": false}"
临床试验默示许可,official:3266b1fa446282215611026aa6f76eca,江苏恒瑞医药股份有限公司,注射用甲苯磺酸瑞马唑仑,本品拟用于3-17岁儿童和青少年全身麻醉手术患者的镇静。,https://www.cde.org.cn/main/xxgk/listpage/4b5255eb0a84820cef4ca3e8b6bbe20c,FIRST_OBSERVED_SNAPSHOT_DATE,,,2026-09-30T17:29:59+08:00,CXHL2500317,2.4,,COMPLETE,3266b1fa446282215611026aa6f76eca,600276.SH,EXACT_LISTED_ISSUER_LEGAL_NAME,WHOLE_FIELD_EXACT,江苏恒瑞医药股份有限公司,"{""affiliate_inference_used"": false, ""mapping_match_mode"": ""WHOLE_FIELD_EXACT"", ""matched_applicant_token"": ""江苏恒瑞医药股份有限公司"", ""official_applicant_field"": ""江苏恒瑞医药股份有限公司"", ""registry_evidence"": {""listed_issuer_legal_name"": ""江苏恒瑞医药股份有限公司"", ""security_code"": ""600276"", ""security_short_name"": ""恒瑞医药"", ""source_document_date"": ""2026-04-17"", ""source_kind"": ""SSE_OFFICIAL_ISSUER_DISCLOSURE"", ""source_url"": ""https://www.sse.com.cn/disclosure/listedinfo/announcement/c/new/2026-04-17/600276_20260417_XMOL.pdf""}, ""substring_matching_used"": false}"
临床试验默示许可,official:3292fa5b9ffcb24f51795e692dbb061d,江苏恒瑞医药股份有限公司;上海甫弘生物医药有限公司,注射用FH-006,FH-006联合HRS-6719±阿得贝利单抗±贝伐珠单抗±化疗用于实体瘤的治疗。,https://www.cde.org.cn/main/xxgk/listpage/4b5255eb0a84820cef4ca3e8b6bbe20c,FIRST_OBSERVED_SNAPSHOT_DATE,,,2026-09-30T17:29:59+08:00,CXSL2600247,1,,COMPLETE,3292fa5b9ffcb24f51795e692dbb061d,600276.SH,EXACT_APPLICANT_TOKEN_IN_OFFICIAL_MULTI_APPLICANT_FIELD,DELIMITED_APPLICANT_TOKEN_EXACT,江苏恒瑞医药股份有限公司,"{""affiliate_inference_used"": false, ""mapping_match_mode"": ""DELIMITED_APPLICANT_TOKEN_EXACT"", ""matched_applicant_token"": ""江苏恒瑞医药股份有限公司"", ""official_applicant_field"": ""江苏恒瑞医药股份有限公司;上海甫弘生物医药有限公司"", ""registry_evidence"": {""listed_issuer_legal_name"": ""江苏恒瑞医药股份有限公司"", ""security_code"": ""600276"", ""security_short_name"": ""恒瑞医药"", ""source_document_date"": ""2026-04-17"", ""source_kind"": ""SSE_OFFICIAL_ISSUER_DISCLOSURE"", ""source_url"": ""https://www.sse.com.cn/disclosure/listedinfo/announcement/c/new/2026-04-17/600276_20260417_XMOL.pdf""}, ""substring_matching_used"": false}"
临床试验默示许可,official:32dd88583b3fea0a3a07af2b237653be,上海恒瑞医药有限公司;江苏恒瑞医药股份有限公司,HRS-4642注射液,HRS-4642联合SHR-9839(sc)和HS-20093±化疗用于KRAS G12D突变结直肠癌的治疗。,https://www.cde.org.cn/main/xxgk/listpage/4b5255eb0a84820cef4ca3e8b6bbe20c,FIRST_OBSERVED_SNAPSHOT_DATE,,,2026-09-30T17:29:59+08:00,CXHL2501205,1,,COMPLETE,32dd88583b3fea0a3a07af2b237653be,600276.SH,EXACT_APPLICANT_TOKEN_IN_OFFICIAL_MULTI_APPLICANT_FIELD,DELIMITED_APPLICANT_TOKEN_EXACT,江苏恒瑞医药股份有限公司,"{""affiliate_inference_used"": false, ""mapping_match_mode"": ""DELIMITED_APPLICANT_TOKEN_EXACT"", ""matched_applicant_token"": ""江苏恒瑞医药股份有限公司"", ""official_applicant_field"": ""上海恒瑞医药有限公司;江苏恒瑞医药股份有限公司"", ""registry_evidence"": {""listed_issuer_legal_name"": ""江苏恒瑞医药股份有限公司"", ""security_code"": ""600276"", ""security_short_name"": ""恒瑞医药"", ""source_document_date"": ""2026-04-17"", ""source_kind"": ""SSE_OFFICIAL_ISSUER_DISCLOSURE"", ""source_url"": ""https://www.sse.com.cn/disclosure/listedinfo/announcement/c/new/2026-04-17/600276_20260417_XMOL.pdf""}, ""substring_matching_used"": false}"
临床试验默示许可,official:32e6f186881d1fbd3727f641b8fd7efc,江苏恒瑞医药股份有限公司;江苏恒瑞医药股份有限公司,苹果酸法米替尼胶囊,广泛期小细胞肺癌,https://www.cde.org.cn/main/xxgk/listpage/4b5255eb0a84820cef4ca3e8b6bbe20c,FIRST_OBSERVED_SNAPSHOT_DATE,,,2026-09-30T17:29:59+08:00,CXHL2000544,化学药品第1类,,COMPLETE,32e6f186881d1fbd3727f641b8fd7efc,600276.SH,EXACT_APPLICANT_TOKEN_IN_OFFICIAL_MULTI_APPLICANT_FIELD,DELIMITED_APPLICANT_TOKEN_EXACT,江苏恒瑞医药股份有限公司,"{""affiliate_inference_used"": false, ""mapping_match_mode"": ""DELIMITED_APPLICANT_TOKEN_EXACT"", ""matched_applicant_token"": ""江苏恒瑞医药股份有限公司"", ""official_applicant_field"": ""江苏恒瑞医药股份有限公司;江苏恒瑞医药股份有限公司"", ""registry_evidence"": {""listed_issuer_legal_name"": ""江苏恒瑞医药股份有限公司"", ""security_code"": ""600276"", ""security_short_name"": ""恒瑞医药"", ""source_document_date"": ""2026-04-17"", ""source_kind"": ""SSE_OFFICIAL_ISSUER_DISCLOSURE"", ""source_url"": ""https://www.sse.com.cn/disclosure/listedinfo/announcement/c/new/2026-04-17/600276_20260417_XMOL.pdf""}, ""substring_matching_used"": false}"
临床试验默示许可,official:33659e72ae701087f4fb6d86676faa55,江苏恒瑞医药股份有限公司;上海恒瑞医药有限公司,SHR-1049注射液,拟用于实体瘤的治疗,https://www.cde.org.cn/main/xxgk/listpage/4b5255eb0a84820cef4ca3e8b6bbe20c,FIRST_OBSERVED_SNAPSHOT_DATE,,,2026-09-30T17:29:59+08:00,CXSL2500956,1,,COMPLETE,33659e72ae701087f4fb6d86676faa55,600276.SH,EXACT_APPLICANT_TOKEN_IN_OFFICIAL_MULTI_APPLICANT_FIELD,DELIMITED_APPLICANT_TOKEN_EXACT,江苏恒瑞医药股份有限公司,"{""affiliate_inference_used"": false, ""mapping_match_mode"": ""DELIMITED_APPLICANT_TOKEN_EXACT"", ""matched_applicant_token"": ""江苏恒瑞医药股份有限公司"", ""official_applicant_field"": ""江苏恒瑞医药股份有限公司;上海恒瑞医药有限公司"", ""registry_evidence"": {""listed_issuer_legal_name"": ""江苏恒瑞医药股份有限公司"", ""security_code"": ""600276"", ""security_short_name"": ""恒瑞医药"", ""source_document_date"": ""2026-04-17"", ""source_kind"": ""SSE_OFFICIAL_ISSUER_DISCLOSURE"", ""source_url"": ""https://www.sse.com.cn/disclosure/listedinfo/announcement/c/new/2026-04-17/600276_20260417_XMOL.pdf""}, ""substring_matching_used"": false}"
临床试验默示许可,official:339ba5aaf0bdad521af92cb9896acc35,江苏恒瑞医药股份有限公司;江苏恒瑞医药股份有限公司,诺利糖肽注射液,2型糖尿病,https://www.cde.org.cn/main/xxgk/listpage/4b5255eb0a84820cef4ca3e8b6bbe20c,FIRST_OBSERVED_SNAPSHOT_DATE,,,2026-09-30T17:29:59+08:00,CXHB2000030,补充申请,,COMPLETE,339ba5aaf0bdad521af92cb9896acc35,600276.SH,EXACT_APPLICANT_TOKEN_IN_OFFICIAL_MULTI_APPLICANT_FIELD,DELIMITED_APPLICANT_TOKEN_EXACT,江苏恒瑞医药股份有限公司,"{""affiliate_inference_used"": false, ""mapping_match_mode"": ""DELIMITED_APPLICANT_TOKEN_EXACT"", ""matched_applicant_token"": ""江苏恒瑞医药股份有限公司"", ""official_applicant_field"": ""江苏恒瑞医药股份有限公司;江苏恒瑞医药股份有限公司"", ""registry_evidence"": {""listed_issuer_legal_name"": ""江苏恒瑞医药股份有限公司"", ""security_code"": ""600276"", ""security_short_name"": ""恒瑞医药"", ""source_document_date"": ""2026-04-17"", ""source_kind"": ""SSE_OFFICIAL_ISSUER_DISCLOSURE"", ""source_url"": ""https://www.sse.com.cn/disclosure/listedinfo/announcement/c/new/2026-04-17/600276_20260417_XMOL.pdf""}, ""substring_matching_used"": false}"
临床试验默示许可,official:33b4eb0948b10044e072b44ddd998a07,江苏恒瑞医药股份有限公司,HRS-6209胶囊,本品联合HRS-2189+HRS-8080、或联合HRS-2189+HRS-1358、或联合HRS-2189+氟维司群用于恶性肿瘤的治疗。,https://www.cde.org.cn/main/xxgk/listpage/4b5255eb0a84820cef4ca3e8b6bbe20c,FIRST_OBSERVED_SNAPSHOT_DATE,,,2026-09-30T17:29:59+08:00,CXHL2400831,1,,COMPLETE,33b4eb0948b10044e072b44ddd998a07,600276.SH,EXACT_LISTED_ISSUER_LEGAL_NAME,WHOLE_FIELD_EXACT,江苏恒瑞医药股份有限公司,"{""affiliate_inference_used"": false, ""mapping_match_mode"": ""WHOLE_FIELD_EXACT"", ""matched_applicant_token"": ""江苏恒瑞医药股份有限公司"", ""official_applicant_field"": ""江苏恒瑞医药股份有限公司"", ""registry_evidence"": {""listed_issuer_legal_name"": ""江苏恒瑞医药股份有限公司"", ""security_code"": ""600276"", ""security_short_name"": ""恒瑞医药"", ""source_document_date"": ""2026-04-17"", ""source_kind"": ""SSE_OFFICIAL_ISSUER_DISCLOSURE"", ""source_url"": ""https://www.sse.com.cn/disclosure/listedinfo/announcement/c/new/2026-04-17/600276_20260417_XMOL.pdf""}, ""substring_matching_used"": false}"
临床试验默示许可,official:34638ed86858616201e6c41dc820ec2a,江苏恒瑞医药股份有限公司;江苏恒瑞医药股份有限公司;上海恒瑞医药有限公司,SHR9549片,本品临床拟用于ER 阳性、HER2 阴性的乳腺癌的治疗。,https://www.cde.org.cn/main/xxgk/listpage/4b5255eb0a84820cef4ca3e8b6bbe20c,FIRST_OBSERVED_SNAPSHOT_DATE,,,2026-09-30T17:29:59+08:00,CXHB1800069,,,COMPLETE,34638ed86858616201e6c41dc820ec2a,600276.SH,EXACT_APPLICANT_TOKEN_IN_OFFICIAL_MULTI_APPLICANT_FIELD,DELIMITED_APPLICANT_TOKEN_EXACT,江苏恒瑞医药股份有限公司,"{""affiliate_inference_used"": false, ""mapping_match_mode"": ""DELIMITED_APPLICANT_TOKEN_EXACT"", ""matched_applicant_token"": ""江苏恒瑞医药股份有限公司"", ""official_applicant_field"": ""江苏恒瑞医药股份有限公司;江苏恒瑞医药股份有限公司;上海恒瑞医药有限公司"", ""registry_evidence"": {""listed_issuer_legal_name"": ""江苏恒瑞医药股份有限公司"", ""security_code"": ""600276"", ""security_short_name"": ""恒瑞医药"", ""source_document_date"": ""2026-04-17"", ""source_kind"": ""SSE_OFFICIAL_ISSUER_DISCLOSURE"", ""source_url"": ""https://www.sse.com.cn/disclosure/listedinfo/announcement/c/new/2026-04-17/600276_20260417_XMOL.pdf""}, ""substring_matching_used"": false}"
临床试验默示许可,official:34695c89ca7d11a519e768a7730af5a4,成都盛迪医药有限公司;江苏恒瑞医药股份有限公司,HRS-5041片,前列腺癌；HRS-5041片联合醋酸阿比特龙片（Ⅱ）和泼尼松片或联合多西他赛和泼尼松片或联合HRS-1167片或联合SHR2554片用于治疗晚期前列腺癌患者；联合HRS-2189用于恶性肿瘤的治疗；联合注射用HS-20093用于治疗晚期前列腺癌患者；联合HRS-6208用于实体瘤的治疗；联合或不联合注射用SHR4394联合或不联合二代AR抑制剂用于前列腺癌；联合HRS-4357用于治疗前列腺特异性膜抗原(PSMA)阳性的前列腺癌成人患者。,https://www.cde.org.cn/main/xxgk/listpage/4b5255eb0a84820cef4ca3e8b6bbe20c,FIRST_OBSERVED_SNAPSHOT_DATE,,,2026-09-30T17:29:59+08:00,CXHB2600057,1,,COMPLETE,34695c89ca7d11a519e768a7730af5a4,600276.SH,EXACT_APPLICANT_TOKEN_IN_OFFICIAL_MULTI_APPLICANT_FIELD,DELIMITED_APPLICANT_TOKEN_EXACT,江苏恒瑞医药股份有限公司,"{""affiliate_inference_used"": false, ""mapping_match_mode"": ""DELIMITED_APPLICANT_TOKEN_EXACT"", ""matched_applicant_token"": ""江苏恒瑞医药股份有限公司"", ""official_applicant_field"": ""成都盛迪医药有限公司;江苏恒瑞医药股份有限公司"", ""registry_evidence"": {""listed_issuer_legal_name"": ""江苏恒瑞医药股份有限公司"", ""security_code"": ""600276"", ""security_short_name"": ""恒瑞医药"", ""source_document_date"": ""2026-04-17"", ""source_kind"": ""SSE_OFFICIAL_ISSUER_DISCLOSURE"", ""source_url"": ""https://www.sse.com.cn/disclosure/listedinfo/announcement/c/new/2026-04-17/600276_20260417_XMOL.pdf""}, ""substring_matching_used"": false}"
临床试验默示许可,official:346fb19ef02731da4216958d19995c4d,江苏恒瑞医药股份有限公司;成都盛迪医药有限公司,醋酸阿比特龙片（I）,转移性去势抵抗性前列腺癌,https://www.cde.org.cn/main/xxgk/listpage/4b5255eb0a84820cef4ca3e8b6bbe20c,FIRST_OBSERVED_SNAPSHOT_DATE,,,2026-09-30T17:29:59+08:00,CXHL2000674,化学药品第2.2类,,COMPLETE,346fb19ef02731da4216958d19995c4d,600276.SH,EXACT_APPLICANT_TOKEN_IN_OFFICIAL_MULTI_APPLICANT_FIELD,DELIMITED_APPLICANT_TOKEN_EXACT,江苏恒瑞医药股份有限公司,"{""affiliate_inference_used"": false, ""mapping_match_mode"": ""DELIMITED_APPLICANT_TOKEN_EXACT"", ""matched_applicant_token"": ""江苏恒瑞医药股份有限公司"", ""official_applicant_field"": ""江苏恒瑞医药股份有限公司;成都盛迪医药有限公司"", ""registry_evidence"": {""listed_issuer_legal_name"": ""江苏恒瑞医药股份有限公司"", ""security_code"": ""600276"", ""security_short_name"": ""恒瑞医药"", ""source_document_date"": ""2026-04-17"", ""source_kind"": ""SSE_OFFICIAL_ISSUER_DISCLOSURE"", ""source_url"": ""https://www.sse.com.cn/disclosure/listedinfo/announcement/c/new/2026-04-17/600276_20260417_XMOL.pdf""}, ""substring_matching_used"": false}"
临床试验默示许可,official:3518812d4392513f727b9e09a99bd0da,苏州盛迪亚生物医药有限公司;苏州盛迪亚生物医药有限公司;江苏恒瑞医药股份有限公司;上海恒瑞医药有限公司,SHR-1316注射液,可切除的II期或III期非小细胞肺癌,https://www.cde.org.cn/main/xxgk/listpage/4b5255eb0a84820cef4ca3e8b6bbe20c,FIRST_OBSERVED_SNAPSHOT_DATE,,,2026-09-30T17:29:59+08:00,CXSL2000071,1,,COMPLETE,3518812d4392513f727b9e09a99bd0da,600276.SH,EXACT_APPLICANT_TOKEN_IN_OFFICIAL_MULTI_APPLICANT_FIELD,DELIMITED_APPLICANT_TOKEN_EXACT,江苏恒瑞医药股份有限公司,"{""affiliate_inference_used"": false, ""mapping_match_mode"": ""DELIMITED_APPLICANT_TOKEN_EXACT"", ""matched_applicant_token"": ""江苏恒瑞医药股份有限公司"", ""official_applicant_field"": ""苏州盛迪亚生物医药有限公司;苏州盛迪亚生物医药有限公司;江苏恒瑞医药股份有限公司;上海恒瑞医药有限公司"", ""registry_evidence"": {""listed_issuer_legal_name"": ""江苏恒瑞医药股份有限公司"", ""security_code"": ""600276"", ""security_short_name"": ""恒瑞医药"", ""source_document_date"": ""2026-04-17"", ""source_kind"": ""SSE_OFFICIAL_ISSUER_DISCLOSURE"", ""source_url"": ""https://www.sse.com.cn/disclosure/listedinfo/announcement/c/new/2026-04-17/600276_20260417_XMOL.pdf""}, ""substring_matching_used"": false}"
临床试验默示许可,official:367893f074679d929d759c7403b33385,江苏恒瑞医药股份有限公司;江苏恒瑞医药股份有限公司,苹果酸法米替尼胶囊,PD-L1表达阳性的复发性或转移性非小细胞肺癌,https://www.cde.org.cn/main/xxgk/listpage/4b5255eb0a84820cef4ca3e8b6bbe20c,FIRST_OBSERVED_SNAPSHOT_DATE,,,2026-09-30T17:29:59+08:00,CXHL2101392,化学药品1类,,COMPLETE,367893f074679d929d759c7403b33385,600276.SH,EXACT_APPLICANT_TOKEN_IN_OFFICIAL_MULTI_APPLICANT_FIELD,DELIMITED_APPLICANT_TOKEN_EXACT,江苏恒瑞医药股份有限公司,"{""affiliate_inference_used"": false, ""mapping_match_mode"": ""DELIMITED_APPLICANT_TOKEN_EXACT"", ""matched_applicant_token"": ""江苏恒瑞医药股份有限公司"", ""official_applicant_field"": ""江苏恒瑞医药股份有限公司;江苏恒瑞医药股份有限公司"", ""registry_evidence"": {""listed_issuer_legal_name"": ""江苏恒瑞医药股份有限公司"", ""security_code"": ""600276"", ""security_short_name"": ""恒瑞医药"", ""source_document_date"": ""2026-04-17"", ""source_kind"": ""SSE_OFFICIAL_ISSUER_DISCLOSURE"", ""source_url"": ""https://www.sse.com.cn/disclosure/listedinfo/announcement/c/new/2026-04-17/600276_20260417_XMOL.pdf""}, ""substring_matching_used"": false}"
临床试验默示许可,official:36f919f88a371bc3850c1291eccc1575,江苏恒瑞医药股份有限公司;江苏恒瑞医药股份有限公司;上海恒瑞医药有限公司,SHR6390片,本品拟联合苹果酸法米替尼胶囊治疗晚期实体瘤。,https://www.cde.org.cn/main/xxgk/listpage/4b5255eb0a84820cef4ca3e8b6bbe20c,FIRST_OBSERVED_SNAPSHOT_DATE,,,2026-09-30T17:29:59+08:00,CXHL2000086,1,,COMPLETE,36f919f88a371bc3850c1291eccc1575,600276.SH,EXACT_APPLICANT_TOKEN_IN_OFFICIAL_MULTI_APPLICANT_FIELD,DELIMITED_APPLICANT_TOKEN_EXACT,江苏恒瑞医药股份有限公司,"{""affiliate_inference_used"": false, ""mapping_match_mode"": ""DELIMITED_APPLICANT_TOKEN_EXACT"", ""matched_applicant_token"": ""江苏恒瑞医药股份有限公司"", ""official_applicant_field"": ""江苏恒瑞医药股份有限公司;江苏恒瑞医药股份有限公司;上海恒瑞医药有限公司"", ""registry_evidence"": {""listed_issuer_legal_name"": ""江苏恒瑞医药股份有限公司"", ""security_code"": ""600276"", ""security_short_name"": ""恒瑞医药"", ""source_document_date"": ""2026-04-17"", ""source_kind"": ""SSE_OFFICIAL_ISSUER_DISCLOSURE"", ""source_url"": ""https://www.sse.com.cn/disclosure/listedinfo/announcement/c/new/2026-04-17/600276_20260417_XMOL.pdf""}, ""substring_matching_used"": false}"
临床试验默示许可,official:371d56720e2240c46493688da8f085f0,江苏恒瑞医药股份有限公司;江苏恒瑞医药股份有限公司,硫酸氢伊伐布雷定缓释片,慢性心力衰竭,https://www.cde.org.cn/main/xxgk/listpage/4b5255eb0a84820cef4ca3e8b6bbe20c,FIRST_OBSERVED_SNAPSHOT_DATE,,,2026-09-30T17:29:59+08:00,CXHL2100043,2类,,COMPLETE,371d56720e2240c46493688da8f085f0,600276.SH,EXACT_APPLICANT_TOKEN_IN_OFFICIAL_MULTI_APPLICANT_FIELD,DELIMITED_APPLICANT_TOKEN_EXACT,江苏恒瑞医药股份有限公司,"{""affiliate_inference_used"": false, ""mapping_match_mode"": ""DELIMITED_APPLICANT_TOKEN_EXACT"", ""matched_applicant_token"": ""江苏恒瑞医药股份有限公司"", ""official_applicant_field"": ""江苏恒瑞医药股份有限公司;江苏恒瑞医药股份有限公司"", ""registry_evidence"": {""listed_issuer_legal_name"": ""江苏恒瑞医药股份有限公司"", ""security_code"": ""600276"", ""security_short_name"": ""恒瑞医药"", ""source_document_date"": ""2026-04-17"", ""source_kind"": ""SSE_OFFICIAL_ISSUER_DISCLOSURE"", ""source_url"": ""https://www.sse.com.cn/disclosure/listedinfo/announcement/c/new/2026-04-17/600276_20260417_XMOL.pdf""}, ""substring_matching_used"": false}"
临床试验默示许可,official:37df25daead43994b7d2de386ed2154b,江苏恒瑞医药股份有限公司,羟乙磺酸达尔西利片,本品联合HRS8807片用于乳腺癌的治疗。,https://www.cde.org.cn/main/xxgk/listpage/4b5255eb0a84820cef4ca3e8b6bbe20c,FIRST_OBSERVED_SNAPSHOT_DATE,,,2026-09-30T17:29:59+08:00,CXHL2400093,2.4,,COMPLETE,37df25daead43994b7d2de386ed2154b,600276.SH,EXACT_LISTED_ISSUER_LEGAL_NAME,WHOLE_FIELD_EXACT,江苏恒瑞医药股份有限公司,"{""affiliate_inference_used"": false, ""mapping_match_mode"": ""WHOLE_FIELD_EXACT"", ""matched_applicant_token"": ""江苏恒瑞医药股份有限公司"", ""official_applicant_field"": ""江苏恒瑞医药股份有限公司"", ""registry_evidence"": {""listed_issuer_legal_name"": ""江苏恒瑞医药股份有限公司"", ""security_code"": ""600276"", ""security_short_name"": ""恒瑞医药"", ""source_document_date"": ""2026-04-17"", ""source_kind"": ""SSE_OFFICIAL_ISSUER_DISCLOSURE"", ""source_url"": ""https://www.sse.com.cn/disclosure/listedinfo/announcement/c/new/2026-04-17/600276_20260417_XMOL.pdf""}, ""substring_matching_used"": false}"
临床试验默示许可,official:38c604c68e9447c71f56fae8105854d4,上海恒瑞医药有限公司;江苏恒瑞医药股份有限公司,HRS-4642注射液,HRS-4642联合SHR-9839(sc)±化疗±阿得贝利单抗用于实体瘤的治疗,https://www.cde.org.cn/main/xxgk/listpage/4b5255eb0a84820cef4ca3e8b6bbe20c,FIRST_OBSERVED_SNAPSHOT_DATE,,,2026-09-30T17:29:59+08:00,CXHL2500826,1,,COMPLETE,38c604c68e9447c71f56fae8105854d4,600276.SH,EXACT_APPLICANT_TOKEN_IN_OFFICIAL_MULTI_APPLICANT_FIELD,DELIMITED_APPLICANT_TOKEN_EXACT,江苏恒瑞医药股份有限公司,"{""affiliate_inference_used"": false, ""mapping_match_mode"": ""DELIMITED_APPLICANT_TOKEN_EXACT"", ""matched_applicant_token"": ""江苏恒瑞医药股份有限公司"", ""official_applicant_field"": ""上海恒瑞医药有限公司;江苏恒瑞医药股份有限公司"", ""registry_evidence"": {""listed_issuer_legal_name"": ""江苏恒瑞医药股份有限公司"", ""security_code"": ""600276"", ""security_short_name"": ""恒瑞医药"", ""source_document_date"": ""2026-04-17"", ""source_kind"": ""SSE_OFFICIAL_ISSUER_DISCLOSURE"", ""source_url"": ""https://www.sse.com.cn/disclosure/listedinfo/announcement/c/new/2026-04-17/600276_20260417_XMOL.pdf""}, ""substring_matching_used"": false}"
临床试验默示许可,official:38d4876335c882444bb48c18e0c39afd,江苏恒瑞医药股份有限公司,羟乙磺酸达尔西利片,本品联合HRS-8080片用于乳腺癌的治疗,https://www.cde.org.cn/main/xxgk/listpage/4b5255eb0a84820cef4ca3e8b6bbe20c,FIRST_OBSERVED_SNAPSHOT_DATE,,,2026-09-30T17:29:59+08:00,CXHL2300936,2.4,,COMPLETE,38d4876335c882444bb48c18e0c39afd,600276.SH,EXACT_LISTED_ISSUER_LEGAL_NAME,WHOLE_FIELD_EXACT,江苏恒瑞医药股份有限公司,"{""affiliate_inference_used"": false, ""mapping_match_mode"": ""WHOLE_FIELD_EXACT"", ""matched_applicant_token"": ""江苏恒瑞医药股份有限公司"", ""official_applicant_field"": ""江苏恒瑞医药股份有限公司"", ""registry_evidence"": {""listed_issuer_legal_name"": ""江苏恒瑞医药股份有限公司"", ""security_code"": ""600276"", ""security_short_name"": ""恒瑞医药"", ""source_document_date"": ""2026-04-17"", ""source_kind"": ""SSE_OFFICIAL_ISSUER_DISCLOSURE"", ""source_url"": ""https://www.sse.com.cn/disclosure/listedinfo/announcement/c/new/2026-04-17/600276_20260417_XMOL.pdf""}, ""substring_matching_used"": false}"
临床试验默示许可,official:38ee7103f51fc7e549c2738a1ae12c6d,江苏恒瑞医药股份有限公司;江苏恒瑞医药股份有限公司,SHR2554片,本品拟用于恶性肿瘤的治疗。,https://www.cde.org.cn/main/xxgk/listpage/4b5255eb0a84820cef4ca3e8b6bbe20c,FIRST_OBSERVED_SNAPSHOT_DATE,,,2026-09-30T17:29:59+08:00,CXHB2000119,化学药品1类,,COMPLETE,38ee7103f51fc7e549c2738a1ae12c6d,600276.SH,EXACT_APPLICANT_TOKEN_IN_OFFICIAL_MULTI_APPLICANT_FIELD,DELIMITED_APPLICANT_TOKEN_EXACT,江苏恒瑞医药股份有限公司,"{""affiliate_inference_used"": false, ""mapping_match_mode"": ""DELIMITED_APPLICANT_TOKEN_EXACT"", ""matched_applicant_token"": ""江苏恒瑞医药股份有限公司"", ""official_applicant_field"": ""江苏恒瑞医药股份有限公司;江苏恒瑞医药股份有限公司"", ""registry_evidence"": {""listed_issuer_legal_name"": ""江苏恒瑞医药股份有限公司"", ""security_code"": ""600276"", ""security_short_name"": ""恒瑞医药"", ""source_document_date"": ""2026-04-17"", ""source_kind"": ""SSE_OFFICIAL_ISSUER_DISCLOSURE"", ""source_url"": ""https://www.sse.com.cn/disclosure/listedinfo/announcement/c/new/2026-04-17/600276_20260417_XMOL.pdf""}, ""substring_matching_used"": false}"
临床试验默示许可,official:39428272171de6e3c620025d587aefb3,江苏恒瑞医药股份有限公司;江苏恒瑞医药股份有限公司,马来酸吡咯替尼片,本品单药拟用于HER2突变的、既往接受过标准化疗的晚期非小细胞肺腺癌患者的治疗。,https://www.cde.org.cn/main/xxgk/listpage/4b5255eb0a84820cef4ca3e8b6bbe20c,FIRST_OBSERVED_SNAPSHOT_DATE,,,2026-09-30T17:29:59+08:00,CXHB2000075,2.4,,COMPLETE,39428272171de6e3c620025d587aefb3,600276.SH,EXACT_APPLICANT_TOKEN_IN_OFFICIAL_MULTI_APPLICANT_FIELD,DELIMITED_APPLICANT_TOKEN_EXACT,江苏恒瑞医药股份有限公司,"{""affiliate_inference_used"": false, ""mapping_match_mode"": ""DELIMITED_APPLICANT_TOKEN_EXACT"", ""matched_applicant_token"": ""江苏恒瑞医药股份有限公司"", ""official_applicant_field"": ""江苏恒瑞医药股份有限公司;江苏恒瑞医药股份有限公司"", ""registry_evidence"": {""listed_issuer_legal_name"": ""江苏恒瑞医药股份有限公司"", ""security_code"": ""600276"", ""security_short_name"": ""恒瑞医药"", ""source_document_date"": ""2026-04-17"", ""source_kind"": ""SSE_OFFICIAL_ISSUER_DISCLOSURE"", ""source_url"": ""https://www.sse.com.cn/disclosure/listedinfo/announcement/c/new/2026-04-17/600276_20260417_XMOL.pdf""}, ""substring_matching_used"": false}"
临床试验默示许可,official:3ad7dee1ce912115f6ad5db5018b9eae,江苏恒瑞医药股份有限公司,HRS-6209胶囊,本品联合HRS-1358或HRS-8080或芳香化酶抑制剂或氟维司群用于乳腺癌的治疗。,https://www.cde.org.cn/main/xxgk/listpage/4b5255eb0a84820cef4ca3e8b6bbe20c,FIRST_OBSERVED_SNAPSHOT_DATE,,,2026-09-30T17:29:59+08:00,CXHL2400449,1,,COMPLETE,3ad7dee1ce912115f6ad5db5018b9eae,600276.SH,EXACT_LISTED_ISSUER_LEGAL_NAME,WHOLE_FIELD_EXACT,江苏恒瑞医药股份有限公司,"{""affiliate_inference_used"": false, ""mapping_match_mode"": ""WHOLE_FIELD_EXACT"", ""matched_applicant_token"": ""江苏恒瑞医药股份有限公司"", ""official_applicant_field"": ""江苏恒瑞医药股份有限公司"", ""registry_evidence"": {""listed_issuer_legal_name"": ""江苏恒瑞医药股份有限公司"", ""security_code"": ""600276"", ""security_short_name"": ""恒瑞医药"", ""source_document_date"": ""2026-04-17"", ""source_kind"": ""SSE_OFFICIAL_ISSUER_DISCLOSURE"", ""source_url"": ""https://www.sse.com.cn/disclosure/listedinfo/announcement/c/new/2026-04-17/600276_20260417_XMOL.pdf""}, ""substring_matching_used"": false}"
临床试验默示许可,official:3b4df9a77e0883d12c9a6f6667eaba7d,江苏恒瑞医药股份有限公司;江苏恒瑞医药股份有限公司,注射用甲苯磺酸瑞马唑仑,本品拟用于非插管麻醉手术前、手术中及其他操作过程中的镇静,https://www.cde.org.cn/main/xxgk/listpage/4b5255eb0a84820cef4ca3e8b6bbe20c,FIRST_OBSERVED_SNAPSHOT_DATE,,,2026-09-30T17:29:59+08:00,CXHL2000187,2.4,,COMPLETE,3b4df9a77e0883d12c9a6f6667eaba7d,600276.SH,EXACT_APPLICANT_TOKEN_IN_OFFICIAL_MULTI_APPLICANT_FIELD,DELIMITED_APPLICANT_TOKEN_EXACT,江苏恒瑞医药股份有限公司,"{""affiliate_inference_used"": false, ""mapping_match_mode"": ""DELIMITED_APPLICANT_TOKEN_EXACT"", ""matched_applicant_token"": ""江苏恒瑞医药股份有限公司"", ""official_applicant_field"": ""江苏恒瑞医药股份有限公司;江苏恒瑞医药股份有限公司"", ""registry_evidence"": {""listed_issuer_legal_name"": ""江苏恒瑞医药股份有限公司"", ""security_code"": ""600276"", ""security_short_name"": ""恒瑞医药"", ""source_document_date"": ""2026-04-17"", ""source_kind"": ""SSE_OFFICIAL_ISSUER_DISCLOSURE"", ""source_url"": ""https://www.sse.com.cn/disclosure/listedinfo/announcement/c/new/2026-04-17/600276_20260417_XMOL.pdf""}, ""substring_matching_used"": false}"
临床试验默示许可,official:3b641d4e075d857dfdd22e4bf3200038,江苏恒瑞医药股份有限公司;江苏恒瑞医药股份有限公司;上海恒瑞医药有限公司,SHR6390片,本品拟联合氟维司群用于HR阳性，HER2阴性的经内分泌治疗后进展的复发或转移性乳腺癌的治疗。,https://www.cde.org.cn/main/xxgk/listpage/4b5255eb0a84820cef4ca3e8b6bbe20c,FIRST_OBSERVED_SNAPSHOT_DATE,,,2026-09-30T17:29:59+08:00,CXHL1900243,1,,COMPLETE,3b641d4e075d857dfdd22e4bf3200038,600276.SH,EXACT_APPLICANT_TOKEN_IN_OFFICIAL_MULTI_APPLICANT_FIELD,DELIMITED_APPLICANT_TOKEN_EXACT,江苏恒瑞医药股份有限公司,"{""affiliate_inference_used"": false, ""mapping_match_mode"": ""DELIMITED_APPLICANT_TOKEN_EXACT"", ""matched_applicant_token"": ""江苏恒瑞医药股份有限公司"", ""official_applicant_field"": ""江苏恒瑞医药股份有限公司;江苏恒瑞医药股份有限公司;上海恒瑞医药有限公司"", ""registry_evidence"": {""listed_issuer_legal_name"": ""江苏恒瑞医药股份有限公司"", ""security_code"": ""600276"", ""security_short_name"": ""恒瑞医药"", ""source_document_date"": ""2026-04-17"", ""source_kind"": ""SSE_OFFICIAL_ISSUER_DISCLOSURE"", ""source_url"": ""https://www.sse.com.cn/disclosure/listedinfo/announcement/c/new/2026-04-17/600276_20260417_XMOL.pdf""}, ""substring_matching_used"": false}"
临床试验默示许可,official:3cc45b396497b598341ce3af000490e5,江苏恒瑞医药股份有限公司;瑞石生物医药有限公司,SHR0302片,本品拟用于克罗恩病的治疗。,https://www.cde.org.cn/main/xxgk/listpage/4b5255eb0a84820cef4ca3e8b6bbe20c,FIRST_OBSERVED_SNAPSHOT_DATE,,,2026-09-30T17:29:59+08:00,CXHL1800151,1,,COMPLETE,3cc45b396497b598341ce3af000490e5,600276.SH,EXACT_APPLICANT_TOKEN_IN_OFFICIAL_MULTI_APPLICANT_FIELD,DELIMITED_APPLICANT_TOKEN_EXACT,江苏恒瑞医药股份有限公司,"{""affiliate_inference_used"": false, ""mapping_match_mode"": ""DELIMITED_APPLICANT_TOKEN_EXACT"", ""matched_applicant_token"": ""江苏恒瑞医药股份有限公司"", ""official_applicant_field"": ""江苏恒瑞医药股份有限公司;瑞石生物医药有限公司"", ""registry_evidence"": {""listed_issuer_legal_name"": ""江苏恒瑞医药股份有限公司"", ""security_code"": ""600276"", ""security_short_name"": ""恒瑞医药"", ""source_document_date"": ""2026-04-17"", ""source_kind"": ""SSE_OFFICIAL_ISSUER_DISCLOSURE"", ""source_url"": ""https://www.sse.com.cn/disclosure/listedinfo/announcement/c/new/2026-04-17/600276_20260417_XMOL.pdf""}, ""substring_matching_used"": false}"
临床试验默示许可,official:3e0ac2a6a61c81923493c0efc4e405f3,江苏恒瑞医药股份有限公司;江苏恒瑞医药股份有限公司,盐酸伊立替康脂质体注射液,晚期胰腺癌等实体瘤,https://www.cde.org.cn/main/xxgk/listpage/4b5255eb0a84820cef4ca3e8b6bbe20c,FIRST_OBSERVED_SNAPSHOT_DATE,,,2026-09-30T17:29:59+08:00,CXHL2000553,化学药品第2类,,COMPLETE,3e0ac2a6a61c81923493c0efc4e405f3,600276.SH,EXACT_APPLICANT_TOKEN_IN_OFFICIAL_MULTI_APPLICANT_FIELD,DELIMITED_APPLICANT_TOKEN_EXACT,江苏恒瑞医药股份有限公司,"{""affiliate_inference_used"": false, ""mapping_match_mode"": ""DELIMITED_APPLICANT_TOKEN_EXACT"", ""matched_applicant_token"": ""江苏恒瑞医药股份有限公司"", ""official_applicant_field"": ""江苏恒瑞医药股份有限公司;江苏恒瑞医药股份有限公司"", ""registry_evidence"": {""listed_issuer_legal_name"": ""江苏恒瑞医药股份有限公司"", ""security_code"": ""600276"", ""security_short_name"": ""恒瑞医药"", ""source_document_date"": ""2026-04-17"", ""source_kind"": ""SSE_OFFICIAL_ISSUER_DISCLOSURE"", ""source_url"": ""https://www.sse.com.cn/disclosure/listedinfo/announcement/c/new/2026-04-17/600276_20260417_XMOL.pdf""}, ""substring_matching_used"": false}"
临床试验默示许可,official:3f0916d63455e22a71af945699f58107,江苏恒瑞医药股份有限公司,HRS-6209胶囊,1.本品联合HRS-1358或HRS-8080或芳香化酶抑制剂或氟维司群用于乳腺癌的治疗。 2.本品联合HRS-2189+HRS-8080、或联合HRS-2189+HRS-1358、或联合HRS-2189+氟维司群用于恶性肿瘤的治疗。 3.本品联合HRS-2189和芳香化酶抑制剂用于乳腺癌的治疗。 4.本品联合HRS-6208+HRS-8080，或联合HRS-6208+HRS-1358，或联合HRS-6208+氟维司群，或联合HRS-6208+芳香化酶抑制剂用于实体瘤的治疗。,https://www.cde.org.cn/main/xxgk/listpage/4b5255eb0a84820cef4ca3e8b6bbe20c,FIRST_OBSERVED_SNAPSHOT_DATE,,,2026-09-30T17:29:59+08:00,CXHB2600009,1,,COMPLETE,3f0916d63455e22a71af945699f58107,600276.SH,EXACT_LISTED_ISSUER_LEGAL_NAME,WHOLE_FIELD_EXACT,江苏恒瑞医药股份有限公司,"{""affiliate_inference_used"": false, ""mapping_match_mode"": ""WHOLE_FIELD_EXACT"", ""matched_applicant_token"": ""江苏恒瑞医药股份有限公司"", ""official_applicant_field"": ""江苏恒瑞医药股份有限公司"", ""registry_evidence"": {""listed_issuer_legal_name"": ""江苏恒瑞医药股份有限公司"", ""security_code"": ""600276"", ""security_short_name"": ""恒瑞医药"", ""source_document_date"": ""2026-04-17"", ""source_kind"": ""SSE_OFFICIAL_ISSUER_DISCLOSURE"", ""source_url"": ""https://www.sse.com.cn/disclosure/listedinfo/announcement/c/new/2026-04-17/600276_20260417_XMOL.pdf""}, ""substring_matching_used"": false}"
临床试验默示许可,official:3fc9b61a11a3a5b99b98a95b4edb8b11,江苏恒瑞医药股份有限公司,HRS-6209胶囊,HRS-6209联合内分泌治疗±HRS-4508±曲妥珠单抗±帕妥珠单抗用于乳腺癌的治疗,https://www.cde.org.cn/main/xxgk/listpage/4b5255eb0a84820cef4ca3e8b6bbe20c,FIRST_OBSERVED_SNAPSHOT_DATE,,,2026-09-30T17:29:59+08:00,CXHL2600632,1,,COMPLETE,3fc9b61a11a3a5b99b98a95b4edb8b11,600276.SH,EXACT_LISTED_ISSUER_LEGAL_NAME,WHOLE_FIELD_EXACT,江苏恒瑞医药股份有限公司,"{""affiliate_inference_used"": false, ""mapping_match_mode"": ""WHOLE_FIELD_EXACT"", ""matched_applicant_token"": ""江苏恒瑞医药股份有限公司"", ""official_applicant_field"": ""江苏恒瑞医药股份有限公司"", ""registry_evidence"": {""listed_issuer_legal_name"": ""江苏恒瑞医药股份有限公司"", ""security_code"": ""600276"", ""security_short_name"": ""恒瑞医药"", ""source_document_date"": ""2026-04-17"", ""source_kind"": ""SSE_OFFICIAL_ISSUER_DISCLOSURE"", ""source_url"": ""https://www.sse.com.cn/disclosure/listedinfo/announcement/c/new/2026-04-17/600276_20260417_XMOL.pdf""}, ""substring_matching_used"": false}"
临床试验默示许可,official:40c74934df4bd0b2c2e906a9017ecf2a,江苏恒瑞医药股份有限公司;江苏恒瑞医药股份有限公司;上海恒瑞医药有限公司,SHR-2042,本品可用于2型糖尿病及肥胖症的治疗,https://www.cde.org.cn/main/xxgk/listpage/4b5255eb0a84820cef4ca3e8b6bbe20c,FIRST_OBSERVED_SNAPSHOT_DATE,,,2026-09-30T17:29:59+08:00,CXHB1800101,,,COMPLETE,40c74934df4bd0b2c2e906a9017ecf2a,600276.SH,EXACT_APPLICANT_TOKEN_IN_OFFICIAL_MULTI_APPLICANT_FIELD,DELIMITED_APPLICANT_TOKEN_EXACT,江苏恒瑞医药股份有限公司,"{""affiliate_inference_used"": false, ""mapping_match_mode"": ""DELIMITED_APPLICANT_TOKEN_EXACT"", ""matched_applicant_token"": ""江苏恒瑞医药股份有限公司"", ""official_applicant_field"": ""江苏恒瑞医药股份有限公司;江苏恒瑞医药股份有限公司;上海恒瑞医药有限公司"", ""registry_evidence"": {""listed_issuer_legal_name"": ""江苏恒瑞医药股份有限公司"", ""security_code"": ""600276"", ""security_short_name"": ""恒瑞医药"", ""source_document_date"": ""2026-04-17"", ""source_kind"": ""SSE_OFFICIAL_ISSUER_DISCLOSURE"", ""source_url"": ""https://www.sse.com.cn/disclosure/listedinfo/announcement/c/new/2026-04-17/600276_20260417_XMOL.pdf""}, ""substring_matching_used"": false}"
临床试验默示许可,official:41061c7c71e0e94c510d14d320a98883,江苏恒瑞医药股份有限公司;江苏恒瑞医药股份有限公司,SHR1459片,本品拟联合利妥昔单抗、环磷酰胺、多柔比星、长春新碱、泼尼松（R-CHOP）治疗初诊非生发中心样弥漫性大B细胞淋巴瘤（non-GCB DLBCL）。,https://www.cde.org.cn/main/xxgk/listpage/4b5255eb0a84820cef4ca3e8b6bbe20c,FIRST_OBSERVED_SNAPSHOT_DATE,,,2026-09-30T17:29:59+08:00,CXHL2101557,化学药品1类,,COMPLETE,41061c7c71e0e94c510d14d320a98883,600276.SH,EXACT_APPLICANT_TOKEN_IN_OFFICIAL_MULTI_APPLICANT_FIELD,DELIMITED_APPLICANT_TOKEN_EXACT,江苏恒瑞医药股份有限公司,"{""affiliate_inference_used"": false, ""mapping_match_mode"": ""DELIMITED_APPLICANT_TOKEN_EXACT"", ""matched_applicant_token"": ""江苏恒瑞医药股份有限公司"", ""official_applicant_field"": ""江苏恒瑞医药股份有限公司;江苏恒瑞医药股份有限公司"", ""registry_evidence"": {""listed_issuer_legal_name"": ""江苏恒瑞医药股份有限公司"", ""security_code"": ""600276"", ""security_short_name"": ""恒瑞医药"", ""source_document_date"": ""2026-04-17"", ""source_kind"": ""SSE_OFFICIAL_ISSUER_DISCLOSURE"", ""source_url"": ""https://www.sse.com.cn/disclosure/listedinfo/announcement/c/new/2026-04-17/600276_20260417_XMOL.pdf""}, ""substring_matching_used"": false}"
临床试验默示许可,official:410740dececc9728aa6e9cc884b36c89,江苏恒瑞医药股份有限公司,SHR4640片,本品适用原发性高尿酸血症的长期治疗，可与黄嘌呤氧化酶抑制剂联用。,https://www.cde.org.cn/main/xxgk/listpage/4b5255eb0a84820cef4ca3e8b6bbe20c,FIRST_OBSERVED_SNAPSHOT_DATE,,,2026-09-30T17:29:59+08:00,CXHL2200199,1,,COMPLETE,410740dececc9728aa6e9cc884b36c89,600276.SH,EXACT_LISTED_ISSUER_LEGAL_NAME,WHOLE_FIELD_EXACT,江苏恒瑞医药股份有限公司,"{""affiliate_inference_used"": false, ""mapping_match_mode"": ""WHOLE_FIELD_EXACT"", ""matched_applicant_token"": ""江苏恒瑞医药股份有限公司"", ""official_applicant_field"": ""江苏恒瑞医药股份有限公司"", ""registry_evidence"": {""listed_issuer_legal_name"": ""江苏恒瑞医药股份有限公司"", ""security_code"": ""600276"", ""security_short_name"": ""恒瑞医药"", ""source_document_date"": ""2026-04-17"", ""source_kind"": ""SSE_OFFICIAL_ISSUER_DISCLOSURE"", ""source_url"": ""https://www.sse.com.cn/disclosure/listedinfo/announcement/c/new/2026-04-17/600276_20260417_XMOL.pdf""}, ""substring_matching_used"": false}"
临床试验默示许可,official:419ddfec0c0d350340bf80f965d8d9a5,上海恒瑞医药有限公司;江苏恒瑞医药股份有限公司,HRS2398片,晚期恶性实体瘤,https://www.cde.org.cn/main/xxgk/listpage/4b5255eb0a84820cef4ca3e8b6bbe20c,FIRST_OBSERVED_SNAPSHOT_DATE,,,2026-09-30T17:29:59+08:00,CXHL2101132,化学药品第1类,,COMPLETE,419ddfec0c0d350340bf80f965d8d9a5,600276.SH,EXACT_APPLICANT_TOKEN_IN_OFFICIAL_MULTI_APPLICANT_FIELD,DELIMITED_APPLICANT_TOKEN_EXACT,江苏恒瑞医药股份有限公司,"{""affiliate_inference_used"": false, ""mapping_match_mode"": ""DELIMITED_APPLICANT_TOKEN_EXACT"", ""matched_applicant_token"": ""江苏恒瑞医药股份有限公司"", ""official_applicant_field"": ""上海恒瑞医药有限公司;江苏恒瑞医药股份有限公司"", ""registry_evidence"": {""listed_issuer_legal_name"": ""江苏恒瑞医药股份有限公司"", ""security_code"": ""600276"", ""security_short_name"": ""恒瑞医药"", ""source_document_date"": ""2026-04-17"", ""source_kind"": ""SSE_OFFICIAL_ISSUER_DISCLOSURE"", ""source_url"": ""https://www.sse.com.cn/disclosure/listedinfo/announcement/c/new/2026-04-17/600276_20260417_XMOL.pdf""}, ""substring_matching_used"": false}"
临床试验默示许可,official:41bf1f31781175f27e66c6a485eb3a7c,成都盛迪医药有限公司;江苏恒瑞医药股份有限公司,HRS-5041片,HRS-5041片联合醋酸阿比特龙片（Ⅱ）和泼尼松片或联合多西他赛和泼尼松片或联合HRS-1167片或联合SHR2554片用于治疗晚期前列腺癌患者。,https://www.cde.org.cn/main/xxgk/listpage/4b5255eb0a84820cef4ca3e8b6bbe20c,FIRST_OBSERVED_SNAPSHOT_DATE,,,2026-09-30T17:29:59+08:00,CXHL2400538,1,,COMPLETE,41bf1f31781175f27e66c6a485eb3a7c,600276.SH,EXACT_APPLICANT_TOKEN_IN_OFFICIAL_MULTI_APPLICANT_FIELD,DELIMITED_APPLICANT_TOKEN_EXACT,江苏恒瑞医药股份有限公司,"{""affiliate_inference_used"": false, ""mapping_match_mode"": ""DELIMITED_APPLICANT_TOKEN_EXACT"", ""matched_applicant_token"": ""江苏恒瑞医药股份有限公司"", ""official_applicant_field"": ""成都盛迪医药有限公司;江苏恒瑞医药股份有限公司"", ""registry_evidence"": {""listed_issuer_legal_name"": ""江苏恒瑞医药股份有限公司"", ""security_code"": ""600276"", ""security_short_name"": ""恒瑞医药"", ""source_document_date"": ""2026-04-17"", ""source_kind"": ""SSE_OFFICIAL_ISSUER_DISCLOSURE"", ""source_url"": ""https://www.sse.com.cn/disclosure/listedinfo/announcement/c/new/2026-04-17/600276_20260417_XMOL.pdf""}, ""substring_matching_used"": false}"
临床试验默示许可,official:4269ca260e12c3ae83124a5fd7a53710,江苏恒瑞医药股份有限公司,诺利糖肽注射液,本品临床拟用于2型糖尿病的治疗。,https://www.cde.org.cn/main/xxgk/listpage/4b5255eb0a84820cef4ca3e8b6bbe20c,FIRST_OBSERVED_SNAPSHOT_DATE,,,2026-09-30T17:29:59+08:00,CXHB2400222,原1.1,,COMPLETE,4269ca260e12c3ae83124a5fd7a53710,600276.SH,EXACT_LISTED_ISSUER_LEGAL_NAME,WHOLE_FIELD_EXACT,江苏恒瑞医药股份有限公司,"{""affiliate_inference_used"": false, ""mapping_match_mode"": ""WHOLE_FIELD_EXACT"", ""matched_applicant_token"": ""江苏恒瑞医药股份有限公司"", ""official_applicant_field"": ""江苏恒瑞医药股份有限公司"", ""registry_evidence"": {""listed_issuer_legal_name"": ""江苏恒瑞医药股份有限公司"", ""security_code"": ""600276"", ""security_short_name"": ""恒瑞医药"", ""source_document_date"": ""2026-04-17"", ""source_kind"": ""SSE_OFFICIAL_ISSUER_DISCLOSURE"", ""source_url"": ""https://www.sse.com.cn/disclosure/listedinfo/announcement/c/new/2026-04-17/600276_20260417_XMOL.pdf""}, ""substring_matching_used"": false}"
临床试验默示许可,official:42976568c8336aa5d28af379ae849c88,上海盛迪医药有限公司;江苏恒瑞医药股份有限公司,HRS-9231注射液,本品用于全身各部位磁共振成像（MRI）检测和显示异常血管病变。,https://www.cde.org.cn/main/xxgk/listpage/4b5255eb0a84820cef4ca3e8b6bbe20c,FIRST_OBSERVED_SNAPSHOT_DATE,,,2026-09-30T17:29:59+08:00,CXHB2600039,1,,COMPLETE,42976568c8336aa5d28af379ae849c88,600276.SH,EXACT_APPLICANT_TOKEN_IN_OFFICIAL_MULTI_APPLICANT_FIELD,DELIMITED_APPLICANT_TOKEN_EXACT,江苏恒瑞医药股份有限公司,"{""affiliate_inference_used"": false, ""mapping_match_mode"": ""DELIMITED_APPLICANT_TOKEN_EXACT"", ""matched_applicant_token"": ""江苏恒瑞医药股份有限公司"", ""official_applicant_field"": ""上海盛迪医药有限公司;江苏恒瑞医药股份有限公司"", ""registry_evidence"": {""listed_issuer_legal_name"": ""江苏恒瑞医药股份有限公司"", ""security_code"": ""600276"", ""security_short_name"": ""恒瑞医药"", ""source_document_date"": ""2026-04-17"", ""source_kind"": ""SSE_OFFICIAL_ISSUER_DISCLOSURE"", ""source_url"": ""https://www.sse.com.cn/disclosure/listedinfo/announcement/c/new/2026-04-17/600276_20260417_XMOL.pdf""}, ""substring_matching_used"": false}"
临床试验默示许可,official:42d160735d2fad2aa6f3430bd2b6f1cb,苏州盛迪亚生物医药有限公司;江苏恒瑞医药股份有限公司;上海恒瑞医药有限公司,SHR-1314注射液,包括银屑病在内的多种自身免疫性疾病。,https://www.cde.org.cn/main/xxgk/listpage/4b5255eb0a84820cef4ca3e8b6bbe20c,FIRST_OBSERVED_SNAPSHOT_DATE,,,2026-09-30T17:29:59+08:00,CXSB2000023,1,,COMPLETE,42d160735d2fad2aa6f3430bd2b6f1cb,600276.SH,EXACT_APPLICANT_TOKEN_IN_OFFICIAL_MULTI_APPLICANT_FIELD,DELIMITED_APPLICANT_TOKEN_EXACT,江苏恒瑞医药股份有限公司,"{""affiliate_inference_used"": false, ""mapping_match_mode"": ""DELIMITED_APPLICANT_TOKEN_EXACT"", ""matched_applicant_token"": ""江苏恒瑞医药股份有限公司"", ""official_applicant_field"": ""苏州盛迪亚生物医药有限公司;江苏恒瑞医药股份有限公司;上海恒瑞医药有限公司"", ""registry_evidence"": {""listed_issuer_legal_name"": ""江苏恒瑞医药股份有限公司"", ""security_code"": ""600276"", ""security_short_name"": ""恒瑞医药"", ""source_document_date"": ""2026-04-17"", ""source_kind"": ""SSE_OFFICIAL_ISSUER_DISCLOSURE"", ""source_url"": ""https://www.sse.com.cn/disclosure/listedinfo/announcement/c/new/2026-04-17/600276_20260417_XMOL.pdf""}, ""substring_matching_used"": false}"
临床试验默示许可,official:44043522f7628838544698906527f74e,江苏恒瑞医药股份有限公司;江苏恒瑞医药股份有限公司,苹果酸法米替尼胶囊,恶性肿瘤,https://www.cde.org.cn/main/xxgk/listpage/4b5255eb0a84820cef4ca3e8b6bbe20c,FIRST_OBSERVED_SNAPSHOT_DATE,,,2026-09-30T17:29:59+08:00,CXHB2200003,1,,COMPLETE,44043522f7628838544698906527f74e,600276.SH,EXACT_APPLICANT_TOKEN_IN_OFFICIAL_MULTI_APPLICANT_FIELD,DELIMITED_APPLICANT_TOKEN_EXACT,江苏恒瑞医药股份有限公司,"{""affiliate_inference_used"": false, ""mapping_match_mode"": ""DELIMITED_APPLICANT_TOKEN_EXACT"", ""matched_applicant_token"": ""江苏恒瑞医药股份有限公司"", ""official_applicant_field"": ""江苏恒瑞医药股份有限公司;江苏恒瑞医药股份有限公司"", ""registry_evidence"": {""listed_issuer_legal_name"": ""江苏恒瑞医药股份有限公司"", ""security_code"": ""600276"", ""security_short_name"": ""恒瑞医药"", ""source_document_date"": ""2026-04-17"", ""source_kind"": ""SSE_OFFICIAL_ISSUER_DISCLOSURE"", ""source_url"": ""https://www.sse.com.cn/disclosure/listedinfo/announcement/c/new/2026-04-17/600276_20260417_XMOL.pdf""}, ""substring_matching_used"": false}"
临床试验默示许可,official:4440635e0577e30a1bf0698d192b6ad7,江苏恒瑞医药股份有限公司;江苏恒瑞医药股份有限公司,SHR2150胶囊,用于HIV-1感染患者的治疗,https://www.cde.org.cn/main/xxgk/listpage/4b5255eb0a84820cef4ca3e8b6bbe20c,FIRST_OBSERVED_SNAPSHOT_DATE,,,2026-09-30T17:29:59+08:00,CXHL2000578,1,,COMPLETE,4440635e0577e30a1bf0698d192b6ad7,600276.SH,EXACT_APPLICANT_TOKEN_IN_OFFICIAL_MULTI_APPLICANT_FIELD,DELIMITED_APPLICANT_TOKEN_EXACT,江苏恒瑞医药股份有限公司,"{""affiliate_inference_used"": false, ""mapping_match_mode"": ""DELIMITED_APPLICANT_TOKEN_EXACT"", ""matched_applicant_token"": ""江苏恒瑞医药股份有限公司"", ""official_applicant_field"": ""江苏恒瑞医药股份有限公司;江苏恒瑞医药股份有限公司"", ""registry_evidence"": {""listed_issuer_legal_name"": ""江苏恒瑞医药股份有限公司"", ""security_code"": ""600276"", ""security_short_name"": ""恒瑞医药"", ""source_document_date"": ""2026-04-17"", ""source_kind"": ""SSE_OFFICIAL_ISSUER_DISCLOSURE"", ""source_url"": ""https://www.sse.com.cn/disclosure/listedinfo/announcement/c/new/2026-04-17/600276_20260417_XMOL.pdf""}, ""substring_matching_used"": false}"
临床试验默示许可,official:44506c2e41795270fb1b45f92e7b4871,江苏恒瑞医药股份有限公司;江苏恒瑞医药股份有限公司,SHR2285片,预防或治疗动静脉血栓，以及降低介入治疗或体外循环引起的血栓栓塞风险。,https://www.cde.org.cn/main/xxgk/listpage/4b5255eb0a84820cef4ca3e8b6bbe20c,FIRST_OBSERVED_SNAPSHOT_DATE,,,2026-09-30T17:29:59+08:00,CXHL1800157,1,,COMPLETE,44506c2e41795270fb1b45f92e7b4871,600276.SH,EXACT_APPLICANT_TOKEN_IN_OFFICIAL_MULTI_APPLICANT_FIELD,DELIMITED_APPLICANT_TOKEN_EXACT,江苏恒瑞医药股份有限公司,"{""affiliate_inference_used"": false, ""mapping_match_mode"": ""DELIMITED_APPLICANT_TOKEN_EXACT"", ""matched_applicant_token"": ""江苏恒瑞医药股份有限公司"", ""official_applicant_field"": ""江苏恒瑞医药股份有限公司;江苏恒瑞医药股份有限公司"", ""registry_evidence"": {""listed_issuer_legal_name"": ""江苏恒瑞医药股份有限公司"", ""security_code"": ""600276"", ""security_short_name"": ""恒瑞医药"", ""source_document_date"": ""2026-04-17"", ""source_kind"": ""SSE_OFFICIAL_ISSUER_DISCLOSURE"", ""source_url"": ""https://www.sse.com.cn/disclosure/listedinfo/announcement/c/new/2026-04-17/600276_20260417_XMOL.pdf""}, ""substring_matching_used"": false}"
临床试验默示许可,official:4523fc372eaeafd0126df0afa832643e,江苏恒瑞医药股份有限公司,HRS-1167片,本品联合注射用SHR-A1921或联合贝伐珠单抗或联合醋酸阿比特龙片（I）及泼尼松/泼尼松龙（AA-P）治疗晚期实体瘤患者,https://www.cde.org.cn/main/xxgk/listpage/4b5255eb0a84820cef4ca3e8b6bbe20c,FIRST_OBSERVED_SNAPSHOT_DATE,,,2026-09-30T17:29:59+08:00,CXHL2301199,1,,COMPLETE,4523fc372eaeafd0126df0afa832643e,600276.SH,EXACT_LISTED_ISSUER_LEGAL_NAME,WHOLE_FIELD_EXACT,江苏恒瑞医药股份有限公司,"{""affiliate_inference_used"": false, ""mapping_match_mode"": ""WHOLE_FIELD_EXACT"", ""matched_applicant_token"": ""江苏恒瑞医药股份有限公司"", ""official_applicant_field"": ""江苏恒瑞医药股份有限公司"", ""registry_evidence"": {""listed_issuer_legal_name"": ""江苏恒瑞医药股份有限公司"", ""security_code"": ""600276"", ""security_short_name"": ""恒瑞医药"", ""source_document_date"": ""2026-04-17"", ""source_kind"": ""SSE_OFFICIAL_ISSUER_DISCLOSURE"", ""source_url"": ""https://www.sse.com.cn/disclosure/listedinfo/announcement/c/new/2026-04-17/600276_20260417_XMOL.pdf""}, ""substring_matching_used"": false}"
临床试验默示许可,official:4536cda3a1013873f5fc4c23fbe9505b,江苏恒瑞医药股份有限公司,HRS7415片,晚期恶性肿瘤,https://www.cde.org.cn/main/xxgk/listpage/4b5255eb0a84820cef4ca3e8b6bbe20c,FIRST_OBSERVED_SNAPSHOT_DATE,,,2026-09-30T17:29:59+08:00,CXHL2101357,1,,COMPLETE,4536cda3a1013873f5fc4c23fbe9505b,600276.SH,EXACT_LISTED_ISSUER_LEGAL_NAME,WHOLE_FIELD_EXACT,江苏恒瑞医药股份有限公司,"{""affiliate_inference_used"": false, ""mapping_match_mode"": ""WHOLE_FIELD_EXACT"", ""matched_applicant_token"": ""江苏恒瑞医药股份有限公司"", ""official_applicant_field"": ""江苏恒瑞医药股份有限公司"", ""registry_evidence"": {""listed_issuer_legal_name"": ""江苏恒瑞医药股份有限公司"", ""security_code"": ""600276"", ""security_short_name"": ""恒瑞医药"", ""source_document_date"": ""2026-04-17"", ""source_kind"": ""SSE_OFFICIAL_ISSUER_DISCLOSURE"", ""source_url"": ""https://www.sse.com.cn/disclosure/listedinfo/announcement/c/new/2026-04-17/600276_20260417_XMOL.pdf""}, ""substring_matching_used"": false}"
临床试验默示许可,official:45d759603492f0955bacbc5d2e759d52,江苏恒瑞医药股份有限公司,HRS2300片,用于治疗晚期恶性肿瘤。,https://www.cde.org.cn/main/xxgk/listpage/4b5255eb0a84820cef4ca3e8b6bbe20c,FIRST_OBSERVED_SNAPSHOT_DATE,,,2026-09-30T17:29:59+08:00,CXHL2101189,1,,COMPLETE,45d759603492f0955bacbc5d2e759d52,600276.SH,EXACT_LISTED_ISSUER_LEGAL_NAME,WHOLE_FIELD_EXACT,江苏恒瑞医药股份有限公司,"{""affiliate_inference_used"": false, ""mapping_match_mode"": ""WHOLE_FIELD_EXACT"", ""matched_applicant_token"": ""江苏恒瑞医药股份有限公司"", ""official_applicant_field"": ""江苏恒瑞医药股份有限公司"", ""registry_evidence"": {""listed_issuer_legal_name"": ""江苏恒瑞医药股份有限公司"", ""security_code"": ""600276"", ""security_short_name"": ""恒瑞医药"", ""source_document_date"": ""2026-04-17"", ""source_kind"": ""SSE_OFFICIAL_ISSUER_DISCLOSURE"", ""source_url"": ""https://www.sse.com.cn/disclosure/listedinfo/announcement/c/new/2026-04-17/600276_20260417_XMOL.pdf""}, ""substring_matching_used"": false}"
临床试验默示许可,official:46719a975f747b18d617330e3e0b4407,江苏恒瑞医药股份有限公司;江苏恒瑞医药股份有限公司;上海恒瑞医药有限公司,SHR2554片,联合SHR1459片用于标准治疗失败或无标准治疗可用的复发/难治（R/R）B细胞非霍奇金淋巴瘤的治疗。,https://www.cde.org.cn/main/xxgk/listpage/4b5255eb0a84820cef4ca3e8b6bbe20c,FIRST_OBSERVED_SNAPSHOT_DATE,,,2026-09-30T17:29:59+08:00,CXHL1900187,1,,COMPLETE,46719a975f747b18d617330e3e0b4407,600276.SH,EXACT_APPLICANT_TOKEN_IN_OFFICIAL_MULTI_APPLICANT_FIELD,DELIMITED_APPLICANT_TOKEN_EXACT,江苏恒瑞医药股份有限公司,"{""affiliate_inference_used"": false, ""mapping_match_mode"": ""DELIMITED_APPLICANT_TOKEN_EXACT"", ""matched_applicant_token"": ""江苏恒瑞医药股份有限公司"", ""official_applicant_field"": ""江苏恒瑞医药股份有限公司;江苏恒瑞医药股份有限公司;上海恒瑞医药有限公司"", ""registry_evidence"": {""listed_issuer_legal_name"": ""江苏恒瑞医药股份有限公司"", ""security_code"": ""600276"", ""security_short_name"": ""恒瑞医药"", ""source_document_date"": ""2026-04-17"", ""source_kind"": ""SSE_OFFICIAL_ISSUER_DISCLOSURE"", ""source_url"": ""https://www.sse.com.cn/disclosure/listedinfo/announcement/c/new/2026-04-17/600276_20260417_XMOL.pdf""}, ""substring_matching_used"": false}"
临床试验默示许可,official:46728184e58b6285da0ca9a00086230b,江苏恒瑞医药股份有限公司,注射用HRS-9190,用于全身麻醉诱导期气管插管及维持术中骨骼肌松弛。,https://www.cde.org.cn/main/xxgk/listpage/4b5255eb0a84820cef4ca3e8b6bbe20c,FIRST_OBSERVED_SNAPSHOT_DATE,,,2026-09-30T17:29:59+08:00,CXHL2500065,1,,COMPLETE,46728184e58b6285da0ca9a00086230b,600276.SH,EXACT_LISTED_ISSUER_LEGAL_NAME,WHOLE_FIELD_EXACT,江苏恒瑞医药股份有限公司,"{""affiliate_inference_used"": false, ""mapping_match_mode"": ""WHOLE_FIELD_EXACT"", ""matched_applicant_token"": ""江苏恒瑞医药股份有限公司"", ""official_applicant_field"": ""江苏恒瑞医药股份有限公司"", ""registry_evidence"": {""listed_issuer_legal_name"": ""江苏恒瑞医药股份有限公司"", ""security_code"": ""600276"", ""security_short_name"": ""恒瑞医药"", ""source_document_date"": ""2026-04-17"", ""source_kind"": ""SSE_OFFICIAL_ISSUER_DISCLOSURE"", ""source_url"": ""https://www.sse.com.cn/disclosure/listedinfo/announcement/c/new/2026-04-17/600276_20260417_XMOL.pdf""}, ""substring_matching_used"": false}"
临床试验默示许可,official:46741851191ba39f3271813d1567e493,江苏恒瑞医药股份有限公司;上海恒瑞医药有限公司;苏州盛迪亚生物医药有限公司,注射用SHR-4394,前列腺癌,https://www.cde.org.cn/main/xxgk/listpage/4b5255eb0a84820cef4ca3e8b6bbe20c,FIRST_OBSERVED_SNAPSHOT_DATE,,,2026-09-30T17:29:59+08:00,CXSL2400601,1,,COMPLETE,46741851191ba39f3271813d1567e493,600276.SH,EXACT_APPLICANT_TOKEN_IN_OFFICIAL_MULTI_APPLICANT_FIELD,DELIMITED_APPLICANT_TOKEN_EXACT,江苏恒瑞医药股份有限公司,"{""affiliate_inference_used"": false, ""mapping_match_mode"": ""DELIMITED_APPLICANT_TOKEN_EXACT"", ""matched_applicant_token"": ""江苏恒瑞医药股份有限公司"", ""official_applicant_field"": ""江苏恒瑞医药股份有限公司;上海恒瑞医药有限公司;苏州盛迪亚生物医药有限公司"", ""registry_evidence"": {""listed_issuer_legal_name"": ""江苏恒瑞医药股份有限公司"", ""security_code"": ""600276"", ""security_short_name"": ""恒瑞医药"", ""source_document_date"": ""2026-04-17"", ""source_kind"": ""SSE_OFFICIAL_ISSUER_DISCLOSURE"", ""source_url"": ""https://www.sse.com.cn/disclosure/listedinfo/announcement/c/new/2026-04-17/600276_20260417_XMOL.pdf""}, ""substring_matching_used"": false}"
临床试验默示许可,official:46bd2b773baec089e3d955b7a371db5e,江苏恒瑞医药股份有限公司,SHR4640片,本品适用原发性高尿酸血症的长期治疗，可与黄嘌呤氧化酶抑制剂联用。,https://www.cde.org.cn/main/xxgk/listpage/4b5255eb0a84820cef4ca3e8b6bbe20c,FIRST_OBSERVED_SNAPSHOT_DATE,,,2026-09-30T17:29:59+08:00,CXHL2200198,1,,COMPLETE,46bd2b773baec089e3d955b7a371db5e,600276.SH,EXACT_LISTED_ISSUER_LEGAL_NAME,WHOLE_FIELD_EXACT,江苏恒瑞医药股份有限公司,"{""affiliate_inference_used"": false, ""mapping_match_mode"": ""WHOLE_FIELD_EXACT"", ""matched_applicant_token"": ""江苏恒瑞医药股份有限公司"", ""official_applicant_field"": ""江苏恒瑞医药股份有限公司"", ""registry_evidence"": {""listed_issuer_legal_name"": ""江苏恒瑞医药股份有限公司"", ""security_code"": ""600276"", ""security_short_name"": ""恒瑞医药"", ""source_document_date"": ""2026-04-17"", ""source_kind"": ""SSE_OFFICIAL_ISSUER_DISCLOSURE"", ""source_url"": ""https://www.sse.com.cn/disclosure/listedinfo/announcement/c/new/2026-04-17/600276_20260417_XMOL.pdf""}, ""substring_matching_used"": false}"
临床试验默示许可,official:474deead3ddde70b528ed18dee74e03c,江苏恒瑞医药股份有限公司,HRS-6209胶囊,本品联合HRS-1358或HRS-8080或芳香化酶抑制剂或氟维司群用于乳腺癌的治疗。,https://www.cde.org.cn/main/xxgk/listpage/4b5255eb0a84820cef4ca3e8b6bbe20c,FIRST_OBSERVED_SNAPSHOT_DATE,,,2026-09-30T17:29:59+08:00,CXHL2400447,1,,COMPLETE,474deead3ddde70b528ed18dee74e03c,600276.SH,EXACT_LISTED_ISSUER_LEGAL_NAME,WHOLE_FIELD_EXACT,江苏恒瑞医药股份有限公司,"{""affiliate_inference_used"": false, ""mapping_match_mode"": ""WHOLE_FIELD_EXACT"", ""matched_applicant_token"": ""江苏恒瑞医药股份有限公司"", ""official_applicant_field"": ""江苏恒瑞医药股份有限公司"", ""registry_evidence"": {""listed_issuer_legal_name"": ""江苏恒瑞医药股份有限公司"", ""security_code"": ""600276"", ""security_short_name"": ""恒瑞医药"", ""source_document_date"": ""2026-04-17"", ""source_kind"": ""SSE_OFFICIAL_ISSUER_DISCLOSURE"", ""source_url"": ""https://www.sse.com.cn/disclosure/listedinfo/announcement/c/new/2026-04-17/600276_20260417_XMOL.pdf""}, ""substring_matching_used"": false}"
临床试验默示许可,official:4796fe461ff23e2d61207a2b45b5dfc0,江苏恒瑞医药股份有限公司;江苏恒瑞医药股份有限公司,氟唑帕利胶囊,本品拟用于联合SHR-1316治疗既往接受过一线含铂方案化疗且疾病进展的小细胞肺癌（SCLC）患者。,https://www.cde.org.cn/main/xxgk/listpage/4b5255eb0a84820cef4ca3e8b6bbe20c,FIRST_OBSERVED_SNAPSHOT_DATE,,,2026-09-30T17:29:59+08:00,CXHL1900308,1,,COMPLETE,4796fe461ff23e2d61207a2b45b5dfc0,600276.SH,EXACT_APPLICANT_TOKEN_IN_OFFICIAL_MULTI_APPLICANT_FIELD,DELIMITED_APPLICANT_TOKEN_EXACT,江苏恒瑞医药股份有限公司,"{""affiliate_inference_used"": false, ""mapping_match_mode"": ""DELIMITED_APPLICANT_TOKEN_EXACT"", ""matched_applicant_token"": ""江苏恒瑞医药股份有限公司"", ""official_applicant_field"": ""江苏恒瑞医药股份有限公司;江苏恒瑞医药股份有限公司"", ""registry_evidence"": {""listed_issuer_legal_name"": ""江苏恒瑞医药股份有限公司"", ""security_code"": ""600276"", ""security_short_name"": ""恒瑞医药"", ""source_document_date"": ""2026-04-17"", ""source_kind"": ""SSE_OFFICIAL_ISSUER_DISCLOSURE"", ""source_url"": ""https://www.sse.com.cn/disclosure/listedinfo/announcement/c/new/2026-04-17/600276_20260417_XMOL.pdf""}, ""substring_matching_used"": false}"
临床试验默示许可,official:488a66d895f52a8cac75e74d0433516d,江苏恒瑞医药股份有限公司,HRS-6209片,拟用于治疗晚期恶性实体瘤。,https://www.cde.org.cn/main/xxgk/listpage/4b5255eb0a84820cef4ca3e8b6bbe20c,FIRST_OBSERVED_SNAPSHOT_DATE,,,2026-09-30T17:29:59+08:00,CXHL2300595,1,,COMPLETE,488a66d895f52a8cac75e74d0433516d,600276.SH,EXACT_LISTED_ISSUER_LEGAL_NAME,WHOLE_FIELD_EXACT,江苏恒瑞医药股份有限公司,"{""affiliate_inference_used"": false, ""mapping_match_mode"": ""WHOLE_FIELD_EXACT"", ""matched_applicant_token"": ""江苏恒瑞医药股份有限公司"", ""official_applicant_field"": ""江苏恒瑞医药股份有限公司"", ""registry_evidence"": {""listed_issuer_legal_name"": ""江苏恒瑞医药股份有限公司"", ""security_code"": ""600276"", ""security_short_name"": ""恒瑞医药"", ""source_document_date"": ""2026-04-17"", ""source_kind"": ""SSE_OFFICIAL_ISSUER_DISCLOSURE"", ""source_url"": ""https://www.sse.com.cn/disclosure/listedinfo/announcement/c/new/2026-04-17/600276_20260417_XMOL.pdf""}, ""substring_matching_used"": false}"
临床试验默示许可,official:489601c0b4cfe3f18d59f4bfa000f64a,eVENUS PHARMACEUTICAL LABORATORIES INC.;江苏恒瑞医药股份有限公司,SHR8008胶囊,本品用于治疗复发性外阴阴道假丝酵母菌病（RVVC）,https://www.cde.org.cn/main/xxgk/listpage/4b5255eb0a84820cef4ca3e8b6bbe20c,FIRST_OBSERVED_SNAPSHOT_DATE,,,2026-09-30T17:29:59+08:00,JXHL2000045,1,,COMPLETE,489601c0b4cfe3f18d59f4bfa000f64a,600276.SH,EXACT_APPLICANT_TOKEN_IN_OFFICIAL_MULTI_APPLICANT_FIELD,DELIMITED_APPLICANT_TOKEN_EXACT,江苏恒瑞医药股份有限公司,"{""affiliate_inference_used"": false, ""mapping_match_mode"": ""DELIMITED_APPLICANT_TOKEN_EXACT"", ""matched_applicant_token"": ""江苏恒瑞医药股份有限公司"", ""official_applicant_field"": ""eVENUS PHARMACEUTICAL LABORATORIES INC.;江苏恒瑞医药股份有限公司"", ""registry_evidence"": {""listed_issuer_legal_name"": ""江苏恒瑞医药股份有限公司"", ""security_code"": ""600276"", ""security_short_name"": ""恒瑞医药"", ""source_document_date"": ""2026-04-17"", ""source_kind"": ""SSE_OFFICIAL_ISSUER_DISCLOSURE"", ""source_url"": ""https://www.sse.com.cn/disclosure/listedinfo/announcement/c/new/2026-04-17/600276_20260417_XMOL.pdf""}, ""substring_matching_used"": false}"
临床试验默示许可,official:48cb3ec37f3f5d124f1316d5cd818eb6,江苏恒瑞医药股份有限公司,HRG2101吸入剂,本品用于治疗特发性肺纤维化。,https://www.cde.org.cn/main/xxgk/listpage/4b5255eb0a84820cef4ca3e8b6bbe20c,FIRST_OBSERVED_SNAPSHOT_DATE,,,2026-09-30T17:29:59+08:00,CXHL2200400,2.2,,COMPLETE,48cb3ec37f3f5d124f1316d5cd818eb6,600276.SH,EXACT_LISTED_ISSUER_LEGAL_NAME,WHOLE_FIELD_EXACT,江苏恒瑞医药股份有限公司,"{""affiliate_inference_used"": false, ""mapping_match_mode"": ""WHOLE_FIELD_EXACT"", ""matched_applicant_token"": ""江苏恒瑞医药股份有限公司"", ""official_applicant_field"": ""江苏恒瑞医药股份有限公司"", ""registry_evidence"": {""listed_issuer_legal_name"": ""江苏恒瑞医药股份有限公司"", ""security_code"": ""600276"", ""security_short_name"": ""恒瑞医药"", ""source_document_date"": ""2026-04-17"", ""source_kind"": ""SSE_OFFICIAL_ISSUER_DISCLOSURE"", ""source_url"": ""https://www.sse.com.cn/disclosure/listedinfo/announcement/c/new/2026-04-17/600276_20260417_XMOL.pdf""}, ""substring_matching_used"": false}"
临床试验默示许可,official:48da3e08cb145e9c611b76834d9c8c1d,江苏恒瑞医药股份有限公司,SHR0302碱凝胶,白癜风,https://www.cde.org.cn/main/xxgk/listpage/4b5255eb0a84820cef4ca3e8b6bbe20c,FIRST_OBSERVED_SNAPSHOT_DATE,,,2026-09-30T17:29:59+08:00,CXHL2400223,1,,COMPLETE,48da3e08cb145e9c611b76834d9c8c1d,600276.SH,EXACT_LISTED_ISSUER_LEGAL_NAME,WHOLE_FIELD_EXACT,江苏恒瑞医药股份有限公司,"{""affiliate_inference_used"": false, ""mapping_match_mode"": ""WHOLE_FIELD_EXACT"", ""matched_applicant_token"": ""江苏恒瑞医药股份有限公司"", ""official_applicant_field"": ""江苏恒瑞医药股份有限公司"", ""registry_evidence"": {""listed_issuer_legal_name"": ""江苏恒瑞医药股份有限公司"", ""security_code"": ""600276"", ""security_short_name"": ""恒瑞医药"", ""source_document_date"": ""2026-04-17"", ""source_kind"": ""SSE_OFFICIAL_ISSUER_DISCLOSURE"", ""source_url"": ""https://www.sse.com.cn/disclosure/listedinfo/announcement/c/new/2026-04-17/600276_20260417_XMOL.pdf""}, ""substring_matching_used"": false}"
临床试验默示许可,official:4a81a4b161fa01786e6c6bf4624bff2c,江苏恒瑞医药股份有限公司;江苏恒瑞医药股份有限公司,SHR7280干混悬剂,辅助生殖技术中，用于控制性超促排卵治疗的患者，抑制早发LH峰，防止提前排卵。,https://www.cde.org.cn/main/xxgk/listpage/4b5255eb0a84820cef4ca3e8b6bbe20c,FIRST_OBSERVED_SNAPSHOT_DATE,,,2026-09-30T17:29:59+08:00,CXHL2300229,1,,COMPLETE,4a81a4b161fa01786e6c6bf4624bff2c,600276.SH,EXACT_APPLICANT_TOKEN_IN_OFFICIAL_MULTI_APPLICANT_FIELD,DELIMITED_APPLICANT_TOKEN_EXACT,江苏恒瑞医药股份有限公司,"{""affiliate_inference_used"": false, ""mapping_match_mode"": ""DELIMITED_APPLICANT_TOKEN_EXACT"", ""matched_applicant_token"": ""江苏恒瑞医药股份有限公司"", ""official_applicant_field"": ""江苏恒瑞医药股份有限公司;江苏恒瑞医药股份有限公司"", ""registry_evidence"": {""listed_issuer_legal_name"": ""江苏恒瑞医药股份有限公司"", ""security_code"": ""600276"", ""security_short_name"": ""恒瑞医药"", ""source_document_date"": ""2026-04-17"", ""source_kind"": ""SSE_OFFICIAL_ISSUER_DISCLOSURE"", ""source_url"": ""https://www.sse.com.cn/disclosure/listedinfo/announcement/c/new/2026-04-17/600276_20260417_XMOL.pdf""}, ""substring_matching_used"": false}"
临床试验默示许可,official:4a8b7a5012b74711aec21d95608671d2,江苏恒瑞医药股份有限公司;江苏恒瑞医药股份有限公司;上海恒瑞医药有限公司,SHR2554片,联合SHR1459片用于标准治疗失败或无标准治疗可用的复发/难治（R/R）B细胞非霍奇金淋巴瘤的治疗。,https://www.cde.org.cn/main/xxgk/listpage/4b5255eb0a84820cef4ca3e8b6bbe20c,FIRST_OBSERVED_SNAPSHOT_DATE,,,2026-09-30T17:29:59+08:00,CXHL1900188,1,,COMPLETE,4a8b7a5012b74711aec21d95608671d2,600276.SH,EXACT_APPLICANT_TOKEN_IN_OFFICIAL_MULTI_APPLICANT_FIELD,DELIMITED_APPLICANT_TOKEN_EXACT,江苏恒瑞医药股份有限公司,"{""affiliate_inference_used"": false, ""mapping_match_mode"": ""DELIMITED_APPLICANT_TOKEN_EXACT"", ""matched_applicant_token"": ""江苏恒瑞医药股份有限公司"", ""official_applicant_field"": ""江苏恒瑞医药股份有限公司;江苏恒瑞医药股份有限公司;上海恒瑞医药有限公司"", ""registry_evidence"": {""listed_issuer_legal_name"": ""江苏恒瑞医药股份有限公司"", ""security_code"": ""600276"", ""security_short_name"": ""恒瑞医药"", ""source_document_date"": ""2026-04-17"", ""source_kind"": ""SSE_OFFICIAL_ISSUER_DISCLOSURE"", ""source_url"": ""https://www.sse.com.cn/disclosure/listedinfo/announcement/c/new/2026-04-17/600276_20260417_XMOL.pdf""}, ""substring_matching_used"": false}"
临床试验默示许可,official:4a99eb716e8a10158dace59e47f7007c,江苏恒瑞医药股份有限公司;江苏恒瑞医药股份有限公司,氟唑帕利胶囊,本品联合mFOLFIRINOX化疗用于胰腺癌新辅助和辅助化疗。,https://www.cde.org.cn/main/xxgk/listpage/4b5255eb0a84820cef4ca3e8b6bbe20c,FIRST_OBSERVED_SNAPSHOT_DATE,,,2026-09-30T17:29:59+08:00,CXHL2000353,1,,COMPLETE,4a99eb716e8a10158dace59e47f7007c,600276.SH,EXACT_APPLICANT_TOKEN_IN_OFFICIAL_MULTI_APPLICANT_FIELD,DELIMITED_APPLICANT_TOKEN_EXACT,江苏恒瑞医药股份有限公司,"{""affiliate_inference_used"": false, ""mapping_match_mode"": ""DELIMITED_APPLICANT_TOKEN_EXACT"", ""matched_applicant_token"": ""江苏恒瑞医药股份有限公司"", ""official_applicant_field"": ""江苏恒瑞医药股份有限公司;江苏恒瑞医药股份有限公司"", ""registry_evidence"": {""listed_issuer_legal_name"": ""江苏恒瑞医药股份有限公司"", ""security_code"": ""600276"", ""security_short_name"": ""恒瑞医药"", ""source_document_date"": ""2026-04-17"", ""source_kind"": ""SSE_OFFICIAL_ISSUER_DISCLOSURE"", ""source_url"": ""https://www.sse.com.cn/disclosure/listedinfo/announcement/c/new/2026-04-17/600276_20260417_XMOL.pdf""}, ""substring_matching_used"": false}"
临床试验默示许可,official:4b309a54f43ef8178cf72bd9073a2712,江苏恒瑞医药股份有限公司;江苏恒瑞医药股份有限公司,SHR4640片,本品为URAT1选择性抑制剂，主要应用于高尿酸血症的治疗。,https://www.cde.org.cn/main/xxgk/listpage/4b5255eb0a84820cef4ca3e8b6bbe20c,FIRST_OBSERVED_SNAPSHOT_DATE,,,2026-09-30T17:29:59+08:00,CXHB2100031,1,,COMPLETE,4b309a54f43ef8178cf72bd9073a2712,600276.SH,EXACT_APPLICANT_TOKEN_IN_OFFICIAL_MULTI_APPLICANT_FIELD,DELIMITED_APPLICANT_TOKEN_EXACT,江苏恒瑞医药股份有限公司,"{""affiliate_inference_used"": false, ""mapping_match_mode"": ""DELIMITED_APPLICANT_TOKEN_EXACT"", ""matched_applicant_token"": ""江苏恒瑞医药股份有限公司"", ""official_applicant_field"": ""江苏恒瑞医药股份有限公司;江苏恒瑞医药股份有限公司"", ""registry_evidence"": {""listed_issuer_legal_name"": ""江苏恒瑞医药股份有限公司"", ""security_code"": ""600276"", ""security_short_name"": ""恒瑞医药"", ""source_document_date"": ""2026-04-17"", ""source_kind"": ""SSE_OFFICIAL_ISSUER_DISCLOSURE"", ""source_url"": ""https://www.sse.com.cn/disclosure/listedinfo/announcement/c/new/2026-04-17/600276_20260417_XMOL.pdf""}, ""substring_matching_used"": false}"
临床试验默示许可,official:4b49e3142441860ac6a48c888a54712a,江苏恒瑞医药股份有限公司;瑞石生物医药有限公司,SHR0302片,本品拟用于克罗恩病的治疗。,https://www.cde.org.cn/main/xxgk/listpage/4b5255eb0a84820cef4ca3e8b6bbe20c,FIRST_OBSERVED_SNAPSHOT_DATE,,,2026-09-30T17:29:59+08:00,CXHL1800150,1,,COMPLETE,4b49e3142441860ac6a48c888a54712a,600276.SH,EXACT_APPLICANT_TOKEN_IN_OFFICIAL_MULTI_APPLICANT_FIELD,DELIMITED_APPLICANT_TOKEN_EXACT,江苏恒瑞医药股份有限公司,"{""affiliate_inference_used"": false, ""mapping_match_mode"": ""DELIMITED_APPLICANT_TOKEN_EXACT"", ""matched_applicant_token"": ""江苏恒瑞医药股份有限公司"", ""official_applicant_field"": ""江苏恒瑞医药股份有限公司;瑞石生物医药有限公司"", ""registry_evidence"": {""listed_issuer_legal_name"": ""江苏恒瑞医药股份有限公司"", ""security_code"": ""600276"", ""security_short_name"": ""恒瑞医药"", ""source_document_date"": ""2026-04-17"", ""source_kind"": ""SSE_OFFICIAL_ISSUER_DISCLOSURE"", ""source_url"": ""https://www.sse.com.cn/disclosure/listedinfo/announcement/c/new/2026-04-17/600276_20260417_XMOL.pdf""}, ""substring_matching_used"": false}"
临床试验默示许可,official:4bb92337fde4a184d392bc88d1d25cf3,江苏恒瑞医药股份有限公司;成都盛迪医药有限公司,HRS-5041片,本品联合注射用HS-20093用于治疗晚期前列腺癌患者。,https://www.cde.org.cn/main/xxgk/listpage/4b5255eb0a84820cef4ca3e8b6bbe20c,FIRST_OBSERVED_SNAPSHOT_DATE,,,2026-09-30T17:29:59+08:00,CXHL2500470,1,,COMPLETE,4bb92337fde4a184d392bc88d1d25cf3,600276.SH,EXACT_APPLICANT_TOKEN_IN_OFFICIAL_MULTI_APPLICANT_FIELD,DELIMITED_APPLICANT_TOKEN_EXACT,江苏恒瑞医药股份有限公司,"{""affiliate_inference_used"": false, ""mapping_match_mode"": ""DELIMITED_APPLICANT_TOKEN_EXACT"", ""matched_applicant_token"": ""江苏恒瑞医药股份有限公司"", ""official_applicant_field"": ""江苏恒瑞医药股份有限公司;成都盛迪医药有限公司"", ""registry_evidence"": {""listed_issuer_legal_name"": ""江苏恒瑞医药股份有限公司"", ""security_code"": ""600276"", ""security_short_name"": ""恒瑞医药"", ""source_document_date"": ""2026-04-17"", ""source_kind"": ""SSE_OFFICIAL_ISSUER_DISCLOSURE"", ""source_url"": ""https://www.sse.com.cn/disclosure/listedinfo/announcement/c/new/2026-04-17/600276_20260417_XMOL.pdf""}, ""substring_matching_used"": false}"
临床试验默示许可,official:4bf1c467b7be7791ce3a46f2e3170f4c,江苏恒瑞医药股份有限公司;江苏恒瑞医药股份有限公司,SHR7280片,本品用于前列腺癌的治疗,https://www.cde.org.cn/main/xxgk/listpage/4b5255eb0a84820cef4ca3e8b6bbe20c,FIRST_OBSERVED_SNAPSHOT_DATE,,,2026-09-30T17:29:59+08:00,CXHL2101044,化学药品注册分类1,,COMPLETE,4bf1c467b7be7791ce3a46f2e3170f4c,600276.SH,EXACT_APPLICANT_TOKEN_IN_OFFICIAL_MULTI_APPLICANT_FIELD,DELIMITED_APPLICANT_TOKEN_EXACT,江苏恒瑞医药股份有限公司,"{""affiliate_inference_used"": false, ""mapping_match_mode"": ""DELIMITED_APPLICANT_TOKEN_EXACT"", ""matched_applicant_token"": ""江苏恒瑞医药股份有限公司"", ""official_applicant_field"": ""江苏恒瑞医药股份有限公司;江苏恒瑞医药股份有限公司"", ""registry_evidence"": {""listed_issuer_legal_name"": ""江苏恒瑞医药股份有限公司"", ""security_code"": ""600276"", ""security_short_name"": ""恒瑞医药"", ""source_document_date"": ""2026-04-17"", ""source_kind"": ""SSE_OFFICIAL_ISSUER_DISCLOSURE"", ""source_url"": ""https://www.sse.com.cn/disclosure/listedinfo/announcement/c/new/2026-04-17/600276_20260417_XMOL.pdf""}, ""substring_matching_used"": false}"
临床试验默示许可,official:4bf2b371390dbbbadafb76da3ab4904e,江苏恒瑞医药股份有限公司;江苏恒瑞医药股份有限公司;上海恒瑞医药有限公司,苹果酸法米替尼胶囊,本品与注射用卡瑞利珠单抗联用治疗晚期泌尿系统肿瘤及妇科肿瘤。,https://www.cde.org.cn/main/xxgk/listpage/4b5255eb0a84820cef4ca3e8b6bbe20c,FIRST_OBSERVED_SNAPSHOT_DATE,,,2026-09-30T17:29:59+08:00,CXHL1900439,1,,COMPLETE,4bf2b371390dbbbadafb76da3ab4904e,600276.SH,EXACT_APPLICANT_TOKEN_IN_OFFICIAL_MULTI_APPLICANT_FIELD,DELIMITED_APPLICANT_TOKEN_EXACT,江苏恒瑞医药股份有限公司,"{""affiliate_inference_used"": false, ""mapping_match_mode"": ""DELIMITED_APPLICANT_TOKEN_EXACT"", ""matched_applicant_token"": ""江苏恒瑞医药股份有限公司"", ""official_applicant_field"": ""江苏恒瑞医药股份有限公司;江苏恒瑞医药股份有限公司;上海恒瑞医药有限公司"", ""registry_evidence"": {""listed_issuer_legal_name"": ""江苏恒瑞医药股份有限公司"", ""security_code"": ""600276"", ""security_short_name"": ""恒瑞医药"", ""source_document_date"": ""2026-04-17"", ""source_kind"": ""SSE_OFFICIAL_ISSUER_DISCLOSURE"", ""source_url"": ""https://www.sse.com.cn/disclosure/listedinfo/announcement/c/new/2026-04-17/600276_20260417_XMOL.pdf""}, ""substring_matching_used"": false}"
临床试验默示许可,official:4da8df1b5d66061e4642c4ad03c76e81,江苏恒瑞医药股份有限公司;江苏恒瑞医药股份有限公司;上海恒瑞医药有限公司,马来酸吡咯替尼片,本品联合曲妥珠单抗及多西他赛，拟用于治疗表皮生长因子受体2（HER2）阳性早期或局部晚期乳腺癌患者的新辅助治疗。,https://www.cde.org.cn/main/xxgk/listpage/4b5255eb0a84820cef4ca3e8b6bbe20c,FIRST_OBSERVED_SNAPSHOT_DATE,,,2026-09-30T17:29:59+08:00,CXHL1900298,2.4,,COMPLETE,4da8df1b5d66061e4642c4ad03c76e81,600276.SH,EXACT_APPLICANT_TOKEN_IN_OFFICIAL_MULTI_APPLICANT_FIELD,DELIMITED_APPLICANT_TOKEN_EXACT,江苏恒瑞医药股份有限公司,"{""affiliate_inference_used"": false, ""mapping_match_mode"": ""DELIMITED_APPLICANT_TOKEN_EXACT"", ""matched_applicant_token"": ""江苏恒瑞医药股份有限公司"", ""official_applicant_field"": ""江苏恒瑞医药股份有限公司;江苏恒瑞医药股份有限公司;上海恒瑞医药有限公司"", ""registry_evidence"": {""listed_issuer_legal_name"": ""江苏恒瑞医药股份有限公司"", ""security_code"": ""600276"", ""security_short_name"": ""恒瑞医药"", ""source_document_date"": ""2026-04-17"", ""source_kind"": ""SSE_OFFICIAL_ISSUER_DISCLOSURE"", ""source_url"": ""https://www.sse.com.cn/disclosure/listedinfo/announcement/c/new/2026-04-17/600276_20260417_XMOL.pdf""}, ""substring_matching_used"": false}"
临床试验默示许可,official:4efff751c4adbf2a34aa77af18f3666a,江苏恒瑞医药股份有限公司,SHR7280片,SHR7280片反向添加替勃龙片用于伴有月经过多的子宫肌瘤。,https://www.cde.org.cn/main/xxgk/listpage/4b5255eb0a84820cef4ca3e8b6bbe20c,FIRST_OBSERVED_SNAPSHOT_DATE,,,2026-09-30T17:29:59+08:00,CXHL2400539,1,,COMPLETE,4efff751c4adbf2a34aa77af18f3666a,600276.SH,EXACT_LISTED_ISSUER_LEGAL_NAME,WHOLE_FIELD_EXACT,江苏恒瑞医药股份有限公司,"{""affiliate_inference_used"": false, ""mapping_match_mode"": ""WHOLE_FIELD_EXACT"", ""matched_applicant_token"": ""江苏恒瑞医药股份有限公司"", ""official_applicant_field"": ""江苏恒瑞医药股份有限公司"", ""registry_evidence"": {""listed_issuer_legal_name"": ""江苏恒瑞医药股份有限公司"", ""security_code"": ""600276"", ""security_short_name"": ""恒瑞医药"", ""source_document_date"": ""2026-04-17"", ""source_kind"": ""SSE_OFFICIAL_ISSUER_DISCLOSURE"", ""source_url"": ""https://www.sse.com.cn/disclosure/listedinfo/announcement/c/new/2026-04-17/600276_20260417_XMOL.pdf""}, ""substring_matching_used"": false}"
临床试验默示许可,official:504ba310d22aeb32a2e47cc9746e2400,江苏恒瑞医药股份有限公司,SHR2554片,本品拟用于恶性肿瘤的治疗。,https://www.cde.org.cn/main/xxgk/listpage/4b5255eb0a84820cef4ca3e8b6bbe20c,FIRST_OBSERVED_SNAPSHOT_DATE,,,2026-09-30T17:29:59+08:00,CXHB2101088,化学药品1类,,COMPLETE,504ba310d22aeb32a2e47cc9746e2400,600276.SH,EXACT_LISTED_ISSUER_LEGAL_NAME,WHOLE_FIELD_EXACT,江苏恒瑞医药股份有限公司,"{""affiliate_inference_used"": false, ""mapping_match_mode"": ""WHOLE_FIELD_EXACT"", ""matched_applicant_token"": ""江苏恒瑞医药股份有限公司"", ""official_applicant_field"": ""江苏恒瑞医药股份有限公司"", ""registry_evidence"": {""listed_issuer_legal_name"": ""江苏恒瑞医药股份有限公司"", ""security_code"": ""600276"", ""security_short_name"": ""恒瑞医药"", ""source_document_date"": ""2026-04-17"", ""source_kind"": ""SSE_OFFICIAL_ISSUER_DISCLOSURE"", ""source_url"": ""https://www.sse.com.cn/disclosure/listedinfo/announcement/c/new/2026-04-17/600276_20260417_XMOL.pdf""}, ""substring_matching_used"": false}"
临床试验默示许可,official:5090a9c8f92545f8c07ec8286b79717c,江苏恒瑞医药股份有限公司;江苏恒瑞医药股份有限公司;上海恒瑞医药有限公司,苹果酸法米替尼胶囊,本品联合注射用卡瑞利珠单抗、SHR2554片治疗晚期恶性肿瘤。,https://www.cde.org.cn/main/xxgk/listpage/4b5255eb0a84820cef4ca3e8b6bbe20c,FIRST_OBSERVED_SNAPSHOT_DATE,,,2026-09-30T17:29:59+08:00,CXHL2000090,1,,COMPLETE,5090a9c8f92545f8c07ec8286b79717c,600276.SH,EXACT_APPLICANT_TOKEN_IN_OFFICIAL_MULTI_APPLICANT_FIELD,DELIMITED_APPLICANT_TOKEN_EXACT,江苏恒瑞医药股份有限公司,"{""affiliate_inference_used"": false, ""mapping_match_mode"": ""DELIMITED_APPLICANT_TOKEN_EXACT"", ""matched_applicant_token"": ""江苏恒瑞医药股份有限公司"", ""official_applicant_field"": ""江苏恒瑞医药股份有限公司;江苏恒瑞医药股份有限公司;上海恒瑞医药有限公司"", ""registry_evidence"": {""listed_issuer_legal_name"": ""江苏恒瑞医药股份有限公司"", ""security_code"": ""600276"", ""security_short_name"": ""恒瑞医药"", ""source_document_date"": ""2026-04-17"", ""source_kind"": ""SSE_OFFICIAL_ISSUER_DISCLOSURE"", ""source_url"": ""https://www.sse.com.cn/disclosure/listedinfo/announcement/c/new/2026-04-17/600276_20260417_XMOL.pdf""}, ""substring_matching_used"": false}"
临床试验默示许可,official:50e5084c5744f082a85dd7e4eb068703,江苏恒瑞医药股份有限公司;江苏恒瑞医药股份有限公司,替格瑞洛缓释胶囊,抗血小板药，用于急性冠脉综合征。,https://www.cde.org.cn/main/xxgk/listpage/4b5255eb0a84820cef4ca3e8b6bbe20c,FIRST_OBSERVED_SNAPSHOT_DATE,,,2026-09-30T17:29:59+08:00,CXHB2100016,2.2,,COMPLETE,50e5084c5744f082a85dd7e4eb068703,600276.SH,EXACT_APPLICANT_TOKEN_IN_OFFICIAL_MULTI_APPLICANT_FIELD,DELIMITED_APPLICANT_TOKEN_EXACT,江苏恒瑞医药股份有限公司,"{""affiliate_inference_used"": false, ""mapping_match_mode"": ""DELIMITED_APPLICANT_TOKEN_EXACT"", ""matched_applicant_token"": ""江苏恒瑞医药股份有限公司"", ""official_applicant_field"": ""江苏恒瑞医药股份有限公司;江苏恒瑞医药股份有限公司"", ""registry_evidence"": {""listed_issuer_legal_name"": ""江苏恒瑞医药股份有限公司"", ""security_code"": ""600276"", ""security_short_name"": ""恒瑞医药"", ""source_document_date"": ""2026-04-17"", ""source_kind"": ""SSE_OFFICIAL_ISSUER_DISCLOSURE"", ""source_url"": ""https://www.sse.com.cn/disclosure/listedinfo/announcement/c/new/2026-04-17/600276_20260417_XMOL.pdf""}, ""substring_matching_used"": false}"
临床试验默示许可,official:510b43a3cfdc8c388b7d940858109832,江苏恒瑞医药股份有限公司;江苏恒瑞医药股份有限公司,INS068注射液,用于1型和2型糖尿病的治疗,https://www.cde.org.cn/main/xxgk/listpage/4b5255eb0a84820cef4ca3e8b6bbe20c,FIRST_OBSERVED_SNAPSHOT_DATE,,,2026-09-30T17:29:59+08:00,CXSB2000170,1,,COMPLETE,510b43a3cfdc8c388b7d940858109832,600276.SH,EXACT_APPLICANT_TOKEN_IN_OFFICIAL_MULTI_APPLICANT_FIELD,DELIMITED_APPLICANT_TOKEN_EXACT,江苏恒瑞医药股份有限公司,"{""affiliate_inference_used"": false, ""mapping_match_mode"": ""DELIMITED_APPLICANT_TOKEN_EXACT"", ""matched_applicant_token"": ""江苏恒瑞医药股份有限公司"", ""official_applicant_field"": ""江苏恒瑞医药股份有限公司;江苏恒瑞医药股份有限公司"", ""registry_evidence"": {""listed_issuer_legal_name"": ""江苏恒瑞医药股份有限公司"", ""security_code"": ""600276"", ""security_short_name"": ""恒瑞医药"", ""source_document_date"": ""2026-04-17"", ""source_kind"": ""SSE_OFFICIAL_ISSUER_DISCLOSURE"", ""source_url"": ""https://www.sse.com.cn/disclosure/listedinfo/announcement/c/new/2026-04-17/600276_20260417_XMOL.pdf""}, ""substring_matching_used"": false}"
临床试验默示许可,official:5149fb297079ae2e798cdb2cc7befb48,江苏恒瑞医药股份有限公司,SHR7280片,子宫肌瘤,https://www.cde.org.cn/main/xxgk/listpage/4b5255eb0a84820cef4ca3e8b6bbe20c,FIRST_OBSERVED_SNAPSHOT_DATE,,,2026-09-30T17:29:59+08:00,CXHL2101679,化学药品:1类,,COMPLETE,5149fb297079ae2e798cdb2cc7befb48,600276.SH,EXACT_LISTED_ISSUER_LEGAL_NAME,WHOLE_FIELD_EXACT,江苏恒瑞医药股份有限公司,"{""affiliate_inference_used"": false, ""mapping_match_mode"": ""WHOLE_FIELD_EXACT"", ""matched_applicant_token"": ""江苏恒瑞医药股份有限公司"", ""official_applicant_field"": ""江苏恒瑞医药股份有限公司"", ""registry_evidence"": {""listed_issuer_legal_name"": ""江苏恒瑞医药股份有限公司"", ""security_code"": ""600276"", ""security_short_name"": ""恒瑞医药"", ""source_document_date"": ""2026-04-17"", ""source_kind"": ""SSE_OFFICIAL_ISSUER_DISCLOSURE"", ""source_url"": ""https://www.sse.com.cn/disclosure/listedinfo/announcement/c/new/2026-04-17/600276_20260417_XMOL.pdf""}, ""substring_matching_used"": false}"
临床试验默示许可,official:518c36cd0d0a5b24fb3d8acd23186475,上海恒瑞医药有限公司;江苏恒瑞医药股份有限公司,HRS-4642注射液,本品联合HRS-7172±SHR-9839(sc)，或联合HRS-7172+阿得贝利单抗，或联合HRS-7172±化疗用于实体瘤的治疗。,https://www.cde.org.cn/main/xxgk/listpage/4b5255eb0a84820cef4ca3e8b6bbe20c,FIRST_OBSERVED_SNAPSHOT_DATE,,,2026-09-30T17:29:59+08:00,CXHL2600584,化学药品:1类,,COMPLETE,518c36cd0d0a5b24fb3d8acd23186475,600276.SH,EXACT_APPLICANT_TOKEN_IN_OFFICIAL_MULTI_APPLICANT_FIELD,DELIMITED_APPLICANT_TOKEN_EXACT,江苏恒瑞医药股份有限公司,"{""affiliate_inference_used"": false, ""mapping_match_mode"": ""DELIMITED_APPLICANT_TOKEN_EXACT"", ""matched_applicant_token"": ""江苏恒瑞医药股份有限公司"", ""official_applicant_field"": ""上海恒瑞医药有限公司;江苏恒瑞医药股份有限公司"", ""registry_evidence"": {""listed_issuer_legal_name"": ""江苏恒瑞医药股份有限公司"", ""security_code"": ""600276"", ""security_short_name"": ""恒瑞医药"", ""source_document_date"": ""2026-04-17"", ""source_kind"": ""SSE_OFFICIAL_ISSUER_DISCLOSURE"", ""source_url"": ""https://www.sse.com.cn/disclosure/listedinfo/announcement/c/new/2026-04-17/600276_20260417_XMOL.pdf""}, ""substring_matching_used"": false}"
临床试验默示许可,official:51c081f497bb7241aea6acf2f2ad045b,江苏恒瑞医药股份有限公司,注射用HR17020,预防肾病综合征患者静脉血栓栓塞,https://www.cde.org.cn/main/xxgk/listpage/4b5255eb0a84820cef4ca3e8b6bbe20c,FIRST_OBSERVED_SNAPSHOT_DATE,,,2026-09-30T17:29:59+08:00,CXHL2000226,2.4;2.2,,COMPLETE,51c081f497bb7241aea6acf2f2ad045b,600276.SH,EXACT_LISTED_ISSUER_LEGAL_NAME,WHOLE_FIELD_EXACT,江苏恒瑞医药股份有限公司,"{""affiliate_inference_used"": false, ""mapping_match_mode"": ""WHOLE_FIELD_EXACT"", ""matched_applicant_token"": ""江苏恒瑞医药股份有限公司"", ""official_applicant_field"": ""江苏恒瑞医药股份有限公司"", ""registry_evidence"": {""listed_issuer_legal_name"": ""江苏恒瑞医药股份有限公司"", ""security_code"": ""600276"", ""security_short_name"": ""恒瑞医药"", ""source_document_date"": ""2026-04-17"", ""source_kind"": ""SSE_OFFICIAL_ISSUER_DISCLOSURE"", ""source_url"": ""https://www.sse.com.cn/disclosure/listedinfo/announcement/c/new/2026-04-17/600276_20260417_XMOL.pdf""}, ""substring_matching_used"": false}"
临床试验默示许可,official:51d1ed7687313682fab293128ea7c2f5,江苏恒瑞医药股份有限公司,羟乙磺酸达尔西利片,1. 本品联合内分泌治疗用于HR阳性，HER2阴性的早期或局部晚期乳腺癌的辅助治疗。 2. 本品联合HRS-8080片用于乳腺癌的治疗。 3. 本品联合HRS8807片用于乳腺癌的治疗。 4.本品联合HRS1358片用于乳腺癌的治疗。,https://www.cde.org.cn/main/xxgk/listpage/4b5255eb0a84820cef4ca3e8b6bbe20c,FIRST_OBSERVED_SNAPSHOT_DATE,,,2026-09-30T17:29:59+08:00,CXHB2400246,1,,COMPLETE,51d1ed7687313682fab293128ea7c2f5,600276.SH,EXACT_LISTED_ISSUER_LEGAL_NAME,WHOLE_FIELD_EXACT,江苏恒瑞医药股份有限公司,"{""affiliate_inference_used"": false, ""mapping_match_mode"": ""WHOLE_FIELD_EXACT"", ""matched_applicant_token"": ""江苏恒瑞医药股份有限公司"", ""official_applicant_field"": ""江苏恒瑞医药股份有限公司"", ""registry_evidence"": {""listed_issuer_legal_name"": ""江苏恒瑞医药股份有限公司"", ""security_code"": ""600276"", ""security_short_name"": ""恒瑞医药"", ""source_document_date"": ""2026-04-17"", ""source_kind"": ""SSE_OFFICIAL_ISSUER_DISCLOSURE"", ""source_url"": ""https://www.sse.com.cn/disclosure/listedinfo/announcement/c/new/2026-04-17/600276_20260417_XMOL.pdf""}, ""substring_matching_used"": false}"
临床试验默示许可,official:51e7b24b8f4debfdb7b20af9e4307e73,江苏恒瑞医药股份有限公司;江苏恒瑞医药股份有限公司;上海恒瑞医药有限公司,马来酸吡咯替尼片,本品单药用于HER2外显子20突变的、既往含铂化疗失败的晚期非鳞状非小细胞肺癌患者的治疗。,https://www.cde.org.cn/main/xxgk/listpage/4b5255eb0a84820cef4ca3e8b6bbe20c,FIRST_OBSERVED_SNAPSHOT_DATE,,,2026-09-30T17:29:59+08:00,CXHB2000014,2.4,,COMPLETE,51e7b24b8f4debfdb7b20af9e4307e73,600276.SH,EXACT_APPLICANT_TOKEN_IN_OFFICIAL_MULTI_APPLICANT_FIELD,DELIMITED_APPLICANT_TOKEN_EXACT,江苏恒瑞医药股份有限公司,"{""affiliate_inference_used"": false, ""mapping_match_mode"": ""DELIMITED_APPLICANT_TOKEN_EXACT"", ""matched_applicant_token"": ""江苏恒瑞医药股份有限公司"", ""official_applicant_field"": ""江苏恒瑞医药股份有限公司;江苏恒瑞医药股份有限公司;上海恒瑞医药有限公司"", ""registry_evidence"": {""listed_issuer_legal_name"": ""江苏恒瑞医药股份有限公司"", ""security_code"": ""600276"", ""security_short_name"": ""恒瑞医药"", ""source_document_date"": ""2026-04-17"", ""source_kind"": ""SSE_OFFICIAL_ISSUER_DISCLOSURE"", ""source_url"": ""https://www.sse.com.cn/disclosure/listedinfo/announcement/c/new/2026-04-17/600276_20260417_XMOL.pdf""}, ""substring_matching_used"": false}"
临床试验默示许可,official:51ec14c1c891b779a228b86fdc5532ed,江苏恒瑞医药股份有限公司,HRS-2329片,携带RAS突变或扩增的实体瘤,https://www.cde.org.cn/main/xxgk/listpage/4b5255eb0a84820cef4ca3e8b6bbe20c,FIRST_OBSERVED_SNAPSHOT_DATE,,,2026-09-30T17:29:59+08:00,CXHB2500292,1,,COMPLETE,51ec14c1c891b779a228b86fdc5532ed,600276.SH,EXACT_LISTED_ISSUER_LEGAL_NAME,WHOLE_FIELD_EXACT,江苏恒瑞医药股份有限公司,"{""affiliate_inference_used"": false, ""mapping_match_mode"": ""WHOLE_FIELD_EXACT"", ""matched_applicant_token"": ""江苏恒瑞医药股份有限公司"", ""official_applicant_field"": ""江苏恒瑞医药股份有限公司"", ""registry_evidence"": {""listed_issuer_legal_name"": ""江苏恒瑞医药股份有限公司"", ""security_code"": ""600276"", ""security_short_name"": ""恒瑞医药"", ""source_document_date"": ""2026-04-17"", ""source_kind"": ""SSE_OFFICIAL_ISSUER_DISCLOSURE"", ""source_url"": ""https://www.sse.com.cn/disclosure/listedinfo/announcement/c/new/2026-04-17/600276_20260417_XMOL.pdf""}, ""substring_matching_used"": false}"
临床试验默示许可,official:52736e379b723e6185c7370194daeee1,江苏恒瑞医药股份有限公司,HRS-6209胶囊,本品联合HRS-2189和芳香化酶抑制剂用于乳腺癌的治疗。,https://www.cde.org.cn/main/xxgk/listpage/4b5255eb0a84820cef4ca3e8b6bbe20c,FIRST_OBSERVED_SNAPSHOT_DATE,,,2026-09-30T17:29:59+08:00,CXHL2500847,1,,COMPLETE,52736e379b723e6185c7370194daeee1,600276.SH,EXACT_LISTED_ISSUER_LEGAL_NAME,WHOLE_FIELD_EXACT,江苏恒瑞医药股份有限公司,"{""affiliate_inference_used"": false, ""mapping_match_mode"": ""WHOLE_FIELD_EXACT"", ""matched_applicant_token"": ""江苏恒瑞医药股份有限公司"", ""official_applicant_field"": ""江苏恒瑞医药股份有限公司"", ""registry_evidence"": {""listed_issuer_legal_name"": ""江苏恒瑞医药股份有限公司"", ""security_code"": ""600276"", ""security_short_name"": ""恒瑞医药"", ""source_document_date"": ""2026-04-17"", ""source_kind"": ""SSE_OFFICIAL_ISSUER_DISCLOSURE"", ""source_url"": ""https://www.sse.com.cn/disclosure/listedinfo/announcement/c/new/2026-04-17/600276_20260417_XMOL.pdf""}, ""substring_matching_used"": false}"
临床试验默示许可,official:52bc111c271fa21695a54d1ad3e0019d,江苏恒瑞医药股份有限公司,HRG2005吸入剂,本品适用于慢性阻塞性肺疾病（COPD）患者的维持治疗。,https://www.cde.org.cn/main/xxgk/listpage/4b5255eb0a84820cef4ca3e8b6bbe20c,FIRST_OBSERVED_SNAPSHOT_DATE,,,2026-09-30T17:29:59+08:00,CXHB2300018,2.3,,COMPLETE,52bc111c271fa21695a54d1ad3e0019d,600276.SH,EXACT_LISTED_ISSUER_LEGAL_NAME,WHOLE_FIELD_EXACT,江苏恒瑞医药股份有限公司,"{""affiliate_inference_used"": false, ""mapping_match_mode"": ""WHOLE_FIELD_EXACT"", ""matched_applicant_token"": ""江苏恒瑞医药股份有限公司"", ""official_applicant_field"": ""江苏恒瑞医药股份有限公司"", ""registry_evidence"": {""listed_issuer_legal_name"": ""江苏恒瑞医药股份有限公司"", ""security_code"": ""600276"", ""security_short_name"": ""恒瑞医药"", ""source_document_date"": ""2026-04-17"", ""source_kind"": ""SSE_OFFICIAL_ISSUER_DISCLOSURE"", ""source_url"": ""https://www.sse.com.cn/disclosure/listedinfo/announcement/c/new/2026-04-17/600276_20260417_XMOL.pdf""}, ""substring_matching_used"": false}"
临床试验默示许可,official:532154c281c81f725bed4cacb33d8431,苏州盛迪亚生物医药有限公司;苏州盛迪亚生物医药有限公司;江苏恒瑞医药股份有限公司;上海恒瑞医药有限公司,注射用卡瑞利珠单抗,注射用卡瑞利珠单抗联合同步放化疗用于不可手术切除的局部晚期食管鳞癌患者的治疗。,https://www.cde.org.cn/main/xxgk/listpage/4b5255eb0a84820cef4ca3e8b6bbe20c,FIRST_OBSERVED_SNAPSHOT_DATE,,,2026-09-30T17:29:59+08:00,CXSL2000048,1,,COMPLETE,532154c281c81f725bed4cacb33d8431,600276.SH,EXACT_APPLICANT_TOKEN_IN_OFFICIAL_MULTI_APPLICANT_FIELD,DELIMITED_APPLICANT_TOKEN_EXACT,江苏恒瑞医药股份有限公司,"{""affiliate_inference_used"": false, ""mapping_match_mode"": ""DELIMITED_APPLICANT_TOKEN_EXACT"", ""matched_applicant_token"": ""江苏恒瑞医药股份有限公司"", ""official_applicant_field"": ""苏州盛迪亚生物医药有限公司;苏州盛迪亚生物医药有限公司;江苏恒瑞医药股份有限公司;上海恒瑞医药有限公司"", ""registry_evidence"": {""listed_issuer_legal_name"": ""江苏恒瑞医药股份有限公司"", ""security_code"": ""600276"", ""security_short_name"": ""恒瑞医药"", ""source_document_date"": ""2026-04-17"", ""source_kind"": ""SSE_OFFICIAL_ISSUER_DISCLOSURE"", ""source_url"": ""https://www.sse.com.cn/disclosure/listedinfo/announcement/c/new/2026-04-17/600276_20260417_XMOL.pdf""}, ""substring_matching_used"": false}"
临床试验默示许可,official:533014d7d6e0fb561ef93ee02de80b58,上海恒瑞医药有限公司;江苏恒瑞医药股份有限公司;苏州盛迪亚生物医药有限公司,SHR-1701注射液,SHR-1701联合吉西他滨和注射用紫杉醇（白蛋白结合型）用于一线治疗晚期/转移性胰腺癌患者,https://www.cde.org.cn/main/xxgk/listpage/4b5255eb0a84820cef4ca3e8b6bbe20c,FIRST_OBSERVED_SNAPSHOT_DATE,,,2026-09-30T17:29:59+08:00,CXSL2000158,治疗性生物制品,,COMPLETE,533014d7d6e0fb561ef93ee02de80b58,600276.SH,EXACT_APPLICANT_TOKEN_IN_OFFICIAL_MULTI_APPLICANT_FIELD,DELIMITED_APPLICANT_TOKEN_EXACT,江苏恒瑞医药股份有限公司,"{""affiliate_inference_used"": false, ""mapping_match_mode"": ""DELIMITED_APPLICANT_TOKEN_EXACT"", ""matched_applicant_token"": ""江苏恒瑞医药股份有限公司"", ""official_applicant_field"": ""上海恒瑞医药有限公司;江苏恒瑞医药股份有限公司;苏州盛迪亚生物医药有限公司"", ""registry_evidence"": {""listed_issuer_legal_name"": ""江苏恒瑞医药股份有限公司"", ""security_code"": ""600276"", ""security_short_name"": ""恒瑞医药"", ""source_document_date"": ""2026-04-17"", ""source_kind"": ""SSE_OFFICIAL_ISSUER_DISCLOSURE"", ""source_url"": ""https://www.sse.com.cn/disclosure/listedinfo/announcement/c/new/2026-04-17/600276_20260417_XMOL.pdf""}, ""substring_matching_used"": false}"
临床试验默示许可,official:53a312a315462eb698c7bcbf85ab9242,江苏恒瑞医药股份有限公司;上海恒瑞医药有限公司;苏州盛迪亚生物医药有限公司;成都新越医药有限公司,HRS5091片,本品临床拟用于慢性乙型肝炎的治疗。,https://www.cde.org.cn/main/xxgk/listpage/4b5255eb0a84820cef4ca3e8b6bbe20c,FIRST_OBSERVED_SNAPSHOT_DATE,,,2026-09-30T17:29:59+08:00,CXHL2000146,1,,COMPLETE,53a312a315462eb698c7bcbf85ab9242,600276.SH,EXACT_APPLICANT_TOKEN_IN_OFFICIAL_MULTI_APPLICANT_FIELD,DELIMITED_APPLICANT_TOKEN_EXACT,江苏恒瑞医药股份有限公司,"{""affiliate_inference_used"": false, ""mapping_match_mode"": ""DELIMITED_APPLICANT_TOKEN_EXACT"", ""matched_applicant_token"": ""江苏恒瑞医药股份有限公司"", ""official_applicant_field"": ""江苏恒瑞医药股份有限公司;上海恒瑞医药有限公司;苏州盛迪亚生物医药有限公司;成都新越医药有限公司"", ""registry_evidence"": {""listed_issuer_legal_name"": ""江苏恒瑞医药股份有限公司"", ""security_code"": ""600276"", ""security_short_name"": ""恒瑞医药"", ""source_document_date"": ""2026-04-17"", ""source_kind"": ""SSE_OFFICIAL_ISSUER_DISCLOSURE"", ""source_url"": ""https://www.sse.com.cn/disclosure/listedinfo/announcement/c/new/2026-04-17/600276_20260417_XMOL.pdf""}, ""substring_matching_used"": false}"
临床试验默示许可,official:53ad82fa47187cbb45fe3964729fe61b,江苏恒瑞医药股份有限公司,HRS-8364片,本品拟用于实体瘤的治疗。,https://www.cde.org.cn/main/xxgk/listpage/4b5255eb0a84820cef4ca3e8b6bbe20c,FIRST_OBSERVED_SNAPSHOT_DATE,,,2026-09-30T17:29:59+08:00,CXHL2500944,1,,COMPLETE,53ad82fa47187cbb45fe3964729fe61b,600276.SH,EXACT_LISTED_ISSUER_LEGAL_NAME,WHOLE_FIELD_EXACT,江苏恒瑞医药股份有限公司,"{""affiliate_inference_used"": false, ""mapping_match_mode"": ""WHOLE_FIELD_EXACT"", ""matched_applicant_token"": ""江苏恒瑞医药股份有限公司"", ""official_applicant_field"": ""江苏恒瑞医药股份有限公司"", ""registry_evidence"": {""listed_issuer_legal_name"": ""江苏恒瑞医药股份有限公司"", ""security_code"": ""600276"", ""security_short_name"": ""恒瑞医药"", ""source_document_date"": ""2026-04-17"", ""source_kind"": ""SSE_OFFICIAL_ISSUER_DISCLOSURE"", ""source_url"": ""https://www.sse.com.cn/disclosure/listedinfo/announcement/c/new/2026-04-17/600276_20260417_XMOL.pdf""}, ""substring_matching_used"": false}"
临床试验默示许可,official:53c92a1eef16e5834c236da43339c769,成都盛迪医药有限公司;江苏恒瑞医药股份有限公司,HRS-5041片,前列腺癌 ；HRS-5041片联合醋酸阿比特龙片（Ⅱ）和泼尼松片或联合多西他赛和泼尼松片或联合HRS-1167片或联合SHR2554片用于治疗晚期前列腺癌患者。,https://www.cde.org.cn/main/xxgk/listpage/4b5255eb0a84820cef4ca3e8b6bbe20c,FIRST_OBSERVED_SNAPSHOT_DATE,,,2026-09-30T17:29:59+08:00,CXHB2400181,1,,COMPLETE,53c92a1eef16e5834c236da43339c769,600276.SH,EXACT_APPLICANT_TOKEN_IN_OFFICIAL_MULTI_APPLICANT_FIELD,DELIMITED_APPLICANT_TOKEN_EXACT,江苏恒瑞医药股份有限公司,"{""affiliate_inference_used"": false, ""mapping_match_mode"": ""DELIMITED_APPLICANT_TOKEN_EXACT"", ""matched_applicant_token"": ""江苏恒瑞医药股份有限公司"", ""official_applicant_field"": ""成都盛迪医药有限公司;江苏恒瑞医药股份有限公司"", ""registry_evidence"": {""listed_issuer_legal_name"": ""江苏恒瑞医药股份有限公司"", ""security_code"": ""600276"", ""security_short_name"": ""恒瑞医药"", ""source_document_date"": ""2026-04-17"", ""source_kind"": ""SSE_OFFICIAL_ISSUER_DISCLOSURE"", ""source_url"": ""https://www.sse.com.cn/disclosure/listedinfo/announcement/c/new/2026-04-17/600276_20260417_XMOL.pdf""}, ""substring_matching_used"": false}"
临床试验默示许可,official:53eaadb1cac6765a50a4ac57827d2b69,江苏恒瑞医药股份有限公司,HRS-3738片,"多发性骨髓瘤(Multiple myeloma, MM)和非霍奇金淋巴瘤(Non-hodgkin lymphoma, NHL)",https://www.cde.org.cn/main/xxgk/listpage/4b5255eb0a84820cef4ca3e8b6bbe20c,FIRST_OBSERVED_SNAPSHOT_DATE,,,2026-09-30T17:29:59+08:00,CXHL2101571,化学药品1类,,COMPLETE,53eaadb1cac6765a50a4ac57827d2b69,600276.SH,EXACT_LISTED_ISSUER_LEGAL_NAME,WHOLE_FIELD_EXACT,江苏恒瑞医药股份有限公司,"{""affiliate_inference_used"": false, ""mapping_match_mode"": ""WHOLE_FIELD_EXACT"", ""matched_applicant_token"": ""江苏恒瑞医药股份有限公司"", ""official_applicant_field"": ""江苏恒瑞医药股份有限公司"", ""registry_evidence"": {""listed_issuer_legal_name"": ""江苏恒瑞医药股份有限公司"", ""security_code"": ""600276"", ""security_short_name"": ""恒瑞医药"", ""source_document_date"": ""2026-04-17"", ""source_kind"": ""SSE_OFFICIAL_ISSUER_DISCLOSURE"", ""source_url"": ""https://www.sse.com.cn/disclosure/listedinfo/announcement/c/new/2026-04-17/600276_20260417_XMOL.pdf""}, ""substring_matching_used"": false}"
临床试验默示许可,official:53f3cf59c409ca0debd64feb07dfff9e,江苏恒瑞医药股份有限公司;江苏恒瑞医药股份有限公司,氟唑帕利胶囊,氟唑帕利胶囊或氟唑帕利胶囊联合甲磺酸阿帕替尼片治疗伴有BRCA1/2突变的HER2阴性转移性乳腺癌。,https://www.cde.org.cn/main/xxgk/listpage/4b5255eb0a84820cef4ca3e8b6bbe20c,FIRST_OBSERVED_SNAPSHOT_DATE,,,2026-09-30T17:29:59+08:00,CXHL1900407,1,,COMPLETE,53f3cf59c409ca0debd64feb07dfff9e,600276.SH,EXACT_APPLICANT_TOKEN_IN_OFFICIAL_MULTI_APPLICANT_FIELD,DELIMITED_APPLICANT_TOKEN_EXACT,江苏恒瑞医药股份有限公司,"{""affiliate_inference_used"": false, ""mapping_match_mode"": ""DELIMITED_APPLICANT_TOKEN_EXACT"", ""matched_applicant_token"": ""江苏恒瑞医药股份有限公司"", ""official_applicant_field"": ""江苏恒瑞医药股份有限公司;江苏恒瑞医药股份有限公司"", ""registry_evidence"": {""listed_issuer_legal_name"": ""江苏恒瑞医药股份有限公司"", ""security_code"": ""600276"", ""security_short_name"": ""恒瑞医药"", ""source_document_date"": ""2026-04-17"", ""source_kind"": ""SSE_OFFICIAL_ISSUER_DISCLOSURE"", ""source_url"": ""https://www.sse.com.cn/disclosure/listedinfo/announcement/c/new/2026-04-17/600276_20260417_XMOL.pdf""}, ""substring_matching_used"": false}"
临床试验默示许可,official:54542889e37684a0079cf9561e8b0b21,江苏恒瑞医药股份有限公司;江苏恒瑞医药股份有限公司,氟唑帕利胶囊,本品拟联合甲磺酸阿帕替尼片治疗复发性卵巢癌。,https://www.cde.org.cn/main/xxgk/listpage/4b5255eb0a84820cef4ca3e8b6bbe20c,FIRST_OBSERVED_SNAPSHOT_DATE,,,2026-09-30T17:29:59+08:00,CXHL2000223,1,,COMPLETE,54542889e37684a0079cf9561e8b0b21,600276.SH,EXACT_APPLICANT_TOKEN_IN_OFFICIAL_MULTI_APPLICANT_FIELD,DELIMITED_APPLICANT_TOKEN_EXACT,江苏恒瑞医药股份有限公司,"{""affiliate_inference_used"": false, ""mapping_match_mode"": ""DELIMITED_APPLICANT_TOKEN_EXACT"", ""matched_applicant_token"": ""江苏恒瑞医药股份有限公司"", ""official_applicant_field"": ""江苏恒瑞医药股份有限公司;江苏恒瑞医药股份有限公司"", ""registry_evidence"": {""listed_issuer_legal_name"": ""江苏恒瑞医药股份有限公司"", ""security_code"": ""600276"", ""security_short_name"": ""恒瑞医药"", ""source_document_date"": ""2026-04-17"", ""source_kind"": ""SSE_OFFICIAL_ISSUER_DISCLOSURE"", ""source_url"": ""https://www.sse.com.cn/disclosure/listedinfo/announcement/c/new/2026-04-17/600276_20260417_XMOL.pdf""}, ""substring_matching_used"": false}"
临床试验默示许可,official:558fe2dba67702a2108b2d96af102a3d,江苏恒瑞医药股份有限公司,SHR2554片,本品拟用于恶性肿瘤的治疗。,https://www.cde.org.cn/main/xxgk/listpage/4b5255eb0a84820cef4ca3e8b6bbe20c,FIRST_OBSERVED_SNAPSHOT_DATE,,,2026-09-30T17:29:59+08:00,CXHB2101130,1,,COMPLETE,558fe2dba67702a2108b2d96af102a3d,600276.SH,EXACT_LISTED_ISSUER_LEGAL_NAME,WHOLE_FIELD_EXACT,江苏恒瑞医药股份有限公司,"{""affiliate_inference_used"": false, ""mapping_match_mode"": ""WHOLE_FIELD_EXACT"", ""matched_applicant_token"": ""江苏恒瑞医药股份有限公司"", ""official_applicant_field"": ""江苏恒瑞医药股份有限公司"", ""registry_evidence"": {""listed_issuer_legal_name"": ""江苏恒瑞医药股份有限公司"", ""security_code"": ""600276"", ""security_short_name"": ""恒瑞医药"", ""source_document_date"": ""2026-04-17"", ""source_kind"": ""SSE_OFFICIAL_ISSUER_DISCLOSURE"", ""source_url"": ""https://www.sse.com.cn/disclosure/listedinfo/announcement/c/new/2026-04-17/600276_20260417_XMOL.pdf""}, ""substring_matching_used"": false}"
临床试验默示许可,official:55a85b5765c8daa9befd6c448dbcbdf3,江苏恒瑞医药股份有限公司;江苏恒瑞医药股份有限公司,SHR2285片,预防或治疗动静脉血栓，以及降低介入治疗或体外循环引起的血栓栓塞风险。,https://www.cde.org.cn/main/xxgk/listpage/4b5255eb0a84820cef4ca3e8b6bbe20c,FIRST_OBSERVED_SNAPSHOT_DATE,,,2026-09-30T17:29:59+08:00,CXHB2100049,1类,,COMPLETE,55a85b5765c8daa9befd6c448dbcbdf3,600276.SH,EXACT_APPLICANT_TOKEN_IN_OFFICIAL_MULTI_APPLICANT_FIELD,DELIMITED_APPLICANT_TOKEN_EXACT,江苏恒瑞医药股份有限公司,"{""affiliate_inference_used"": false, ""mapping_match_mode"": ""DELIMITED_APPLICANT_TOKEN_EXACT"", ""matched_applicant_token"": ""江苏恒瑞医药股份有限公司"", ""official_applicant_field"": ""江苏恒瑞医药股份有限公司;江苏恒瑞医药股份有限公司"", ""registry_evidence"": {""listed_issuer_legal_name"": ""江苏恒瑞医药股份有限公司"", ""security_code"": ""600276"", ""security_short_name"": ""恒瑞医药"", ""source_document_date"": ""2026-04-17"", ""source_kind"": ""SSE_OFFICIAL_ISSUER_DISCLOSURE"", ""source_url"": ""https://www.sse.com.cn/disclosure/listedinfo/announcement/c/new/2026-04-17/600276_20260417_XMOL.pdf""}, ""substring_matching_used"": false}"
临床试验默示许可,official:55d1fbf44a6b6fdc7359375d5aa2636c,江苏恒瑞医药股份有限公司,羟乙磺酸达尔西利片,本品联合HRS-8080片用于乳腺癌的治疗,https://www.cde.org.cn/main/xxgk/listpage/4b5255eb0a84820cef4ca3e8b6bbe20c,FIRST_OBSERVED_SNAPSHOT_DATE,,,2026-09-30T17:29:59+08:00,CXHL2300938,2.4,,COMPLETE,55d1fbf44a6b6fdc7359375d5aa2636c,600276.SH,EXACT_LISTED_ISSUER_LEGAL_NAME,WHOLE_FIELD_EXACT,江苏恒瑞医药股份有限公司,"{""affiliate_inference_used"": false, ""mapping_match_mode"": ""WHOLE_FIELD_EXACT"", ""matched_applicant_token"": ""江苏恒瑞医药股份有限公司"", ""official_applicant_field"": ""江苏恒瑞医药股份有限公司"", ""registry_evidence"": {""listed_issuer_legal_name"": ""江苏恒瑞医药股份有限公司"", ""security_code"": ""600276"", ""security_short_name"": ""恒瑞医药"", ""source_document_date"": ""2026-04-17"", ""source_kind"": ""SSE_OFFICIAL_ISSUER_DISCLOSURE"", ""source_url"": ""https://www.sse.com.cn/disclosure/listedinfo/announcement/c/new/2026-04-17/600276_20260417_XMOL.pdf""}, ""substring_matching_used"": false}"
临床试验默示许可,official:5717dfaa9cbdf04df4fb80422ca140a8,成都盛迪医药有限公司;江苏恒瑞医药股份有限公司,HRS-5041片,前列腺癌 ；HRS-5041片联合醋酸阿比特龙片（Ⅱ）和泼尼松片或联合多西他赛和泼尼松片或联合HRS-1167片或联合SHR2554片用于治疗晚期前列腺癌患者。,https://www.cde.org.cn/main/xxgk/listpage/4b5255eb0a84820cef4ca3e8b6bbe20c,FIRST_OBSERVED_SNAPSHOT_DATE,,,2026-09-30T17:29:59+08:00,CXHB2400182,1,,COMPLETE,5717dfaa9cbdf04df4fb80422ca140a8,600276.SH,EXACT_APPLICANT_TOKEN_IN_OFFICIAL_MULTI_APPLICANT_FIELD,DELIMITED_APPLICANT_TOKEN_EXACT,江苏恒瑞医药股份有限公司,"{""affiliate_inference_used"": false, ""mapping_match_mode"": ""DELIMITED_APPLICANT_TOKEN_EXACT"", ""matched_applicant_token"": ""江苏恒瑞医药股份有限公司"", ""official_applicant_field"": ""成都盛迪医药有限公司;江苏恒瑞医药股份有限公司"", ""registry_evidence"": {""listed_issuer_legal_name"": ""江苏恒瑞医药股份有限公司"", ""security_code"": ""600276"", ""security_short_name"": ""恒瑞医药"", ""source_document_date"": ""2026-04-17"", ""source_kind"": ""SSE_OFFICIAL_ISSUER_DISCLOSURE"", ""source_url"": ""https://www.sse.com.cn/disclosure/listedinfo/announcement/c/new/2026-04-17/600276_20260417_XMOL.pdf""}, ""substring_matching_used"": false}"
临床试验默示许可,official:57587b8c57a003b068ebb96dbdb99cbb,江苏恒瑞医药股份有限公司,HR20014注射液,用于治疗成人糖尿病,https://www.cde.org.cn/main/xxgk/listpage/4b5255eb0a84820cef4ca3e8b6bbe20c,FIRST_OBSERVED_SNAPSHOT_DATE,,,2026-09-30T17:29:59+08:00,CXSL2200225,1,,COMPLETE,57587b8c57a003b068ebb96dbdb99cbb,600276.SH,EXACT_LISTED_ISSUER_LEGAL_NAME,WHOLE_FIELD_EXACT,江苏恒瑞医药股份有限公司,"{""affiliate_inference_used"": false, ""mapping_match_mode"": ""WHOLE_FIELD_EXACT"", ""matched_applicant_token"": ""江苏恒瑞医药股份有限公司"", ""official_applicant_field"": ""江苏恒瑞医药股份有限公司"", ""registry_evidence"": {""listed_issuer_legal_name"": ""江苏恒瑞医药股份有限公司"", ""security_code"": ""600276"", ""security_short_name"": ""恒瑞医药"", ""source_document_date"": ""2026-04-17"", ""source_kind"": ""SSE_OFFICIAL_ISSUER_DISCLOSURE"", ""source_url"": ""https://www.sse.com.cn/disclosure/listedinfo/announcement/c/new/2026-04-17/600276_20260417_XMOL.pdf""}, ""substring_matching_used"": false}"
临床试验默示许可,official:5781bf359b5936b8c594e878118da3d9,江苏恒瑞医药股份有限公司;江苏恒瑞医药股份有限公司;上海恒瑞医药有限公司,SHR6390片,本品拟联合氟维司群用于激素受体（HR）阳性、人表皮生长因子受体2（HER2）阴性的经内分泌治疗后进展的复发或转移性乳腺癌的治疗。,https://www.cde.org.cn/main/xxgk/listpage/4b5255eb0a84820cef4ca3e8b6bbe20c,FIRST_OBSERVED_SNAPSHOT_DATE,,,2026-09-30T17:29:59+08:00,CXHB2000048,1,,COMPLETE,5781bf359b5936b8c594e878118da3d9,600276.SH,EXACT_APPLICANT_TOKEN_IN_OFFICIAL_MULTI_APPLICANT_FIELD,DELIMITED_APPLICANT_TOKEN_EXACT,江苏恒瑞医药股份有限公司,"{""affiliate_inference_used"": false, ""mapping_match_mode"": ""DELIMITED_APPLICANT_TOKEN_EXACT"", ""matched_applicant_token"": ""江苏恒瑞医药股份有限公司"", ""official_applicant_field"": ""江苏恒瑞医药股份有限公司;江苏恒瑞医药股份有限公司;上海恒瑞医药有限公司"", ""registry_evidence"": {""listed_issuer_legal_name"": ""江苏恒瑞医药股份有限公司"", ""security_code"": ""600276"", ""security_short_name"": ""恒瑞医药"", ""source_document_date"": ""2026-04-17"", ""source_kind"": ""SSE_OFFICIAL_ISSUER_DISCLOSURE"", ""source_url"": ""https://www.sse.com.cn/disclosure/listedinfo/announcement/c/new/2026-04-17/600276_20260417_XMOL.pdf""}, ""substring_matching_used"": false}"
临床试验默示许可,official:57e220096dfdba514726c1a070253f9d,江苏恒瑞医药股份有限公司;江苏恒瑞医药股份有限公司,硫酸氢伊伐布雷定缓释片,慢性心力衰竭,https://www.cde.org.cn/main/xxgk/listpage/4b5255eb0a84820cef4ca3e8b6bbe20c,FIRST_OBSERVED_SNAPSHOT_DATE,,,2026-09-30T17:29:59+08:00,CXHL2100045,2类,,COMPLETE,57e220096dfdba514726c1a070253f9d,600276.SH,EXACT_APPLICANT_TOKEN_IN_OFFICIAL_MULTI_APPLICANT_FIELD,DELIMITED_APPLICANT_TOKEN_EXACT,江苏恒瑞医药股份有限公司,"{""affiliate_inference_used"": false, ""mapping_match_mode"": ""DELIMITED_APPLICANT_TOKEN_EXACT"", ""matched_applicant_token"": ""江苏恒瑞医药股份有限公司"", ""official_applicant_field"": ""江苏恒瑞医药股份有限公司;江苏恒瑞医药股份有限公司"", ""registry_evidence"": {""listed_issuer_legal_name"": ""江苏恒瑞医药股份有限公司"", ""security_code"": ""600276"", ""security_short_name"": ""恒瑞医药"", ""source_document_date"": ""2026-04-17"", ""source_kind"": ""SSE_OFFICIAL_ISSUER_DISCLOSURE"", ""source_url"": ""https://www.sse.com.cn/disclosure/listedinfo/announcement/c/new/2026-04-17/600276_20260417_XMOL.pdf""}, ""substring_matching_used"": false}"
临床试验默示许可,official:583bef090f65a5a055d631de331aaffc,苏州盛迪亚生物医药有限公司;苏州盛迪亚生物医药有限公司;江苏恒瑞医药股份有限公司;上海恒瑞医药有限公司,注射用卡瑞利珠单抗,注射用卡瑞利珠单抗联合苹果酸法米替尼胶囊治疗晚期泌尿系统肿瘤及妇科肿瘤,https://www.cde.org.cn/main/xxgk/listpage/4b5255eb0a84820cef4ca3e8b6bbe20c,FIRST_OBSERVED_SNAPSHOT_DATE,,,2026-09-30T17:29:59+08:00,CXSL2000003,1,,COMPLETE,583bef090f65a5a055d631de331aaffc,600276.SH,EXACT_APPLICANT_TOKEN_IN_OFFICIAL_MULTI_APPLICANT_FIELD,DELIMITED_APPLICANT_TOKEN_EXACT,江苏恒瑞医药股份有限公司,"{""affiliate_inference_used"": false, ""mapping_match_mode"": ""DELIMITED_APPLICANT_TOKEN_EXACT"", ""matched_applicant_token"": ""江苏恒瑞医药股份有限公司"", ""official_applicant_field"": ""苏州盛迪亚生物医药有限公司;苏州盛迪亚生物医药有限公司;江苏恒瑞医药股份有限公司;上海恒瑞医药有限公司"", ""registry_evidence"": {""listed_issuer_legal_name"": ""江苏恒瑞医药股份有限公司"", ""security_code"": ""600276"", ""security_short_name"": ""恒瑞医药"", ""source_document_date"": ""2026-04-17"", ""source_kind"": ""SSE_OFFICIAL_ISSUER_DISCLOSURE"", ""source_url"": ""https://www.sse.com.cn/disclosure/listedinfo/announcement/c/new/2026-04-17/600276_20260417_XMOL.pdf""}, ""substring_matching_used"": false}"
临床试验默示许可,official:58598718d7b4f3687c9e1eb7c452fbea,江苏恒瑞医药股份有限公司;江苏恒瑞医药股份有限公司,INS068注射液,本品拟用于1型和2型糖尿病的治疗。,https://www.cde.org.cn/main/xxgk/listpage/4b5255eb0a84820cef4ca3e8b6bbe20c,FIRST_OBSERVED_SNAPSHOT_DATE,,,2026-09-30T17:29:59+08:00,CXSB2000120,1,,COMPLETE,58598718d7b4f3687c9e1eb7c452fbea,600276.SH,EXACT_APPLICANT_TOKEN_IN_OFFICIAL_MULTI_APPLICANT_FIELD,DELIMITED_APPLICANT_TOKEN_EXACT,江苏恒瑞医药股份有限公司,"{""affiliate_inference_used"": false, ""mapping_match_mode"": ""DELIMITED_APPLICANT_TOKEN_EXACT"", ""matched_applicant_token"": ""江苏恒瑞医药股份有限公司"", ""official_applicant_field"": ""江苏恒瑞医药股份有限公司;江苏恒瑞医药股份有限公司"", ""registry_evidence"": {""listed_issuer_legal_name"": ""江苏恒瑞医药股份有限公司"", ""security_code"": ""600276"", ""security_short_name"": ""恒瑞医药"", ""source_document_date"": ""2026-04-17"", ""source_kind"": ""SSE_OFFICIAL_ISSUER_DISCLOSURE"", ""source_url"": ""https://www.sse.com.cn/disclosure/listedinfo/announcement/c/new/2026-04-17/600276_20260417_XMOL.pdf""}, ""substring_matching_used"": false}"
临床试验默示许可,official:586bf9d54180f8caba6aa310ad8f25ec,江苏恒瑞医药股份有限公司,HRS-3738片,HRS-3738联合SHR-9539±CD38单抗±蛋白酶体抑制剂用于治疗多发性骨髓瘤。,https://www.cde.org.cn/main/xxgk/listpage/4b5255eb0a84820cef4ca3e8b6bbe20c,FIRST_OBSERVED_SNAPSHOT_DATE,,,2026-09-30T17:29:59+08:00,CXHL2501007,1,,COMPLETE,586bf9d54180f8caba6aa310ad8f25ec,600276.SH,EXACT_LISTED_ISSUER_LEGAL_NAME,WHOLE_FIELD_EXACT,江苏恒瑞医药股份有限公司,"{""affiliate_inference_used"": false, ""mapping_match_mode"": ""WHOLE_FIELD_EXACT"", ""matched_applicant_token"": ""江苏恒瑞医药股份有限公司"", ""official_applicant_field"": ""江苏恒瑞医药股份有限公司"", ""registry_evidence"": {""listed_issuer_legal_name"": ""江苏恒瑞医药股份有限公司"", ""security_code"": ""600276"", ""security_short_name"": ""恒瑞医药"", ""source_document_date"": ""2026-04-17"", ""source_kind"": ""SSE_OFFICIAL_ISSUER_DISCLOSURE"", ""source_url"": ""https://www.sse.com.cn/disclosure/listedinfo/announcement/c/new/2026-04-17/600276_20260417_XMOL.pdf""}, ""substring_matching_used"": false}"
临床试验默示许可,official:58d0230017a7594696a56d01fd90de2d,江苏恒瑞医药股份有限公司;江苏恒瑞医药股份有限公司,氟唑帕利胶囊,转移性去势抵抗性前列腺癌,https://www.cde.org.cn/main/xxgk/listpage/4b5255eb0a84820cef4ca3e8b6bbe20c,FIRST_OBSERVED_SNAPSHOT_DATE,,,2026-09-30T17:29:59+08:00,CXHL2000621,化学药品第1类,,COMPLETE,58d0230017a7594696a56d01fd90de2d,600276.SH,EXACT_APPLICANT_TOKEN_IN_OFFICIAL_MULTI_APPLICANT_FIELD,DELIMITED_APPLICANT_TOKEN_EXACT,江苏恒瑞医药股份有限公司,"{""affiliate_inference_used"": false, ""mapping_match_mode"": ""DELIMITED_APPLICANT_TOKEN_EXACT"", ""matched_applicant_token"": ""江苏恒瑞医药股份有限公司"", ""official_applicant_field"": ""江苏恒瑞医药股份有限公司;江苏恒瑞医药股份有限公司"", ""registry_evidence"": {""listed_issuer_legal_name"": ""江苏恒瑞医药股份有限公司"", ""security_code"": ""600276"", ""security_short_name"": ""恒瑞医药"", ""source_document_date"": ""2026-04-17"", ""source_kind"": ""SSE_OFFICIAL_ISSUER_DISCLOSURE"", ""source_url"": ""https://www.sse.com.cn/disclosure/listedinfo/announcement/c/new/2026-04-17/600276_20260417_XMOL.pdf""}, ""substring_matching_used"": false}"
临床试验默示许可,official:59568a943bc623caa55ee7a2724ef387,江苏恒瑞医药股份有限公司;江苏恒瑞医药股份有限公司;上海恒瑞医药有限公司,SHR0302片,本品拟用于活动性强直性脊柱炎的治疗。,https://www.cde.org.cn/main/xxgk/listpage/4b5255eb0a84820cef4ca3e8b6bbe20c,FIRST_OBSERVED_SNAPSHOT_DATE,,,2026-09-30T17:29:59+08:00,CXHL2000050,1,,COMPLETE,59568a943bc623caa55ee7a2724ef387,600276.SH,EXACT_APPLICANT_TOKEN_IN_OFFICIAL_MULTI_APPLICANT_FIELD,DELIMITED_APPLICANT_TOKEN_EXACT,江苏恒瑞医药股份有限公司,"{""affiliate_inference_used"": false, ""mapping_match_mode"": ""DELIMITED_APPLICANT_TOKEN_EXACT"", ""matched_applicant_token"": ""江苏恒瑞医药股份有限公司"", ""official_applicant_field"": ""江苏恒瑞医药股份有限公司;江苏恒瑞医药股份有限公司;上海恒瑞医药有限公司"", ""registry_evidence"": {""listed_issuer_legal_name"": ""江苏恒瑞医药股份有限公司"", ""security_code"": ""600276"", ""security_short_name"": ""恒瑞医药"", ""source_document_date"": ""2026-04-17"", ""source_kind"": ""SSE_OFFICIAL_ISSUER_DISCLOSURE"", ""source_url"": ""https://www.sse.com.cn/disclosure/listedinfo/announcement/c/new/2026-04-17/600276_20260417_XMOL.pdf""}, ""substring_matching_used"": false}"
临床试验默示许可,official:59834fdd8f83fdd1a7d31485c460f161,江苏恒瑞医药股份有限公司,HRS-7172片,携带RAS突变或扩增的实体瘤,https://www.cde.org.cn/main/xxgk/listpage/4b5255eb0a84820cef4ca3e8b6bbe20c,FIRST_OBSERVED_SNAPSHOT_DATE,,,2026-09-30T17:29:59+08:00,CXHL2500568,1,,COMPLETE,59834fdd8f83fdd1a7d31485c460f161,600276.SH,EXACT_LISTED_ISSUER_LEGAL_NAME,WHOLE_FIELD_EXACT,江苏恒瑞医药股份有限公司,"{""affiliate_inference_used"": false, ""mapping_match_mode"": ""WHOLE_FIELD_EXACT"", ""matched_applicant_token"": ""江苏恒瑞医药股份有限公司"", ""official_applicant_field"": ""江苏恒瑞医药股份有限公司"", ""registry_evidence"": {""listed_issuer_legal_name"": ""江苏恒瑞医药股份有限公司"", ""security_code"": ""600276"", ""security_short_name"": ""恒瑞医药"", ""source_document_date"": ""2026-04-17"", ""source_kind"": ""SSE_OFFICIAL_ISSUER_DISCLOSURE"", ""source_url"": ""https://www.sse.com.cn/disclosure/listedinfo/announcement/c/new/2026-04-17/600276_20260417_XMOL.pdf""}, ""substring_matching_used"": false}"
临床试验默示许可,official:5a939b395aa7bb713c2fa8dd6d9f19ef,江苏恒瑞医药股份有限公司;上海恒瑞医药有限公司;苏州盛迪亚生物医药有限公司,SHR2150注射液,晚期/转移性恶性肿瘤。,https://www.cde.org.cn/main/xxgk/listpage/4b5255eb0a84820cef4ca3e8b6bbe20c,FIRST_OBSERVED_SNAPSHOT_DATE,,,2026-09-30T17:29:59+08:00,CXHL1900426,1,,COMPLETE,5a939b395aa7bb713c2fa8dd6d9f19ef,600276.SH,EXACT_APPLICANT_TOKEN_IN_OFFICIAL_MULTI_APPLICANT_FIELD,DELIMITED_APPLICANT_TOKEN_EXACT,江苏恒瑞医药股份有限公司,"{""affiliate_inference_used"": false, ""mapping_match_mode"": ""DELIMITED_APPLICANT_TOKEN_EXACT"", ""matched_applicant_token"": ""江苏恒瑞医药股份有限公司"", ""official_applicant_field"": ""江苏恒瑞医药股份有限公司;上海恒瑞医药有限公司;苏州盛迪亚生物医药有限公司"", ""registry_evidence"": {""listed_issuer_legal_name"": ""江苏恒瑞医药股份有限公司"", ""security_code"": ""600276"", ""security_short_name"": ""恒瑞医药"", ""source_document_date"": ""2026-04-17"", ""source_kind"": ""SSE_OFFICIAL_ISSUER_DISCLOSURE"", ""source_url"": ""https://www.sse.com.cn/disclosure/listedinfo/announcement/c/new/2026-04-17/600276_20260417_XMOL.pdf""}, ""substring_matching_used"": false}"
临床试验默示许可,official:5afe754f60fefa664d3312ef5b325dd4,福建盛迪医药有限公司;江苏恒瑞医药股份有限公司;北京拓界生物医药科技有限公司,HRS-4729注射液,肥胖或超重、代谢相关脂肪性肝病/代谢相关脂肪性肝炎,https://www.cde.org.cn/main/xxgk/listpage/4b5255eb0a84820cef4ca3e8b6bbe20c,FIRST_OBSERVED_SNAPSHOT_DATE,,,2026-09-30T17:29:59+08:00,CXHB2600093,1,,COMPLETE,5afe754f60fefa664d3312ef5b325dd4,600276.SH,EXACT_APPLICANT_TOKEN_IN_OFFICIAL_MULTI_APPLICANT_FIELD,DELIMITED_APPLICANT_TOKEN_EXACT,江苏恒瑞医药股份有限公司,"{""affiliate_inference_used"": false, ""mapping_match_mode"": ""DELIMITED_APPLICANT_TOKEN_EXACT"", ""matched_applicant_token"": ""江苏恒瑞医药股份有限公司"", ""official_applicant_field"": ""福建盛迪医药有限公司;江苏恒瑞医药股份有限公司;北京拓界生物医药科技有限公司"", ""registry_evidence"": {""listed_issuer_legal_name"": ""江苏恒瑞医药股份有限公司"", ""security_code"": ""600276"", ""security_short_name"": ""恒瑞医药"", ""source_document_date"": ""2026-04-17"", ""source_kind"": ""SSE_OFFICIAL_ISSUER_DISCLOSURE"", ""source_url"": ""https://www.sse.com.cn/disclosure/listedinfo/announcement/c/new/2026-04-17/600276_20260417_XMOL.pdf""}, ""substring_matching_used"": false}"
临床试验默示许可,official:5b1aab44a297f92e2771cacf53ebd28a,江苏恒瑞医药股份有限公司,HRS-7525片,本品拟用于治疗实体瘤患者。,https://www.cde.org.cn/main/xxgk/listpage/4b5255eb0a84820cef4ca3e8b6bbe20c,FIRST_OBSERVED_SNAPSHOT_DATE,,,2026-09-30T17:29:59+08:00,CXHL2600320,1,,COMPLETE,5b1aab44a297f92e2771cacf53ebd28a,600276.SH,EXACT_LISTED_ISSUER_LEGAL_NAME,WHOLE_FIELD_EXACT,江苏恒瑞医药股份有限公司,"{""affiliate_inference_used"": false, ""mapping_match_mode"": ""WHOLE_FIELD_EXACT"", ""matched_applicant_token"": ""江苏恒瑞医药股份有限公司"", ""official_applicant_field"": ""江苏恒瑞医药股份有限公司"", ""registry_evidence"": {""listed_issuer_legal_name"": ""江苏恒瑞医药股份有限公司"", ""security_code"": ""600276"", ""security_short_name"": ""恒瑞医药"", ""source_document_date"": ""2026-04-17"", ""source_kind"": ""SSE_OFFICIAL_ISSUER_DISCLOSURE"", ""source_url"": ""https://www.sse.com.cn/disclosure/listedinfo/announcement/c/new/2026-04-17/600276_20260417_XMOL.pdf""}, ""substring_matching_used"": false}"
临床试验默示许可,official:5b1fb956015460faa053f2f09705d20d,eVENUS PHARMACEUTICAL LABORATORIES INC.;江苏恒瑞医药股份有限公司,SHR8058滴眼液,本品拟用于睑板腺功能障碍相关干眼病。,https://www.cde.org.cn/main/xxgk/listpage/4b5255eb0a84820cef4ca3e8b6bbe20c,FIRST_OBSERVED_SNAPSHOT_DATE,,,2026-09-30T17:29:59+08:00,JXHL2000266,2.4,,COMPLETE,5b1fb956015460faa053f2f09705d20d,600276.SH,EXACT_APPLICANT_TOKEN_IN_OFFICIAL_MULTI_APPLICANT_FIELD,DELIMITED_APPLICANT_TOKEN_EXACT,江苏恒瑞医药股份有限公司,"{""affiliate_inference_used"": false, ""mapping_match_mode"": ""DELIMITED_APPLICANT_TOKEN_EXACT"", ""matched_applicant_token"": ""江苏恒瑞医药股份有限公司"", ""official_applicant_field"": ""eVENUS PHARMACEUTICAL LABORATORIES INC.;江苏恒瑞医药股份有限公司"", ""registry_evidence"": {""listed_issuer_legal_name"": ""江苏恒瑞医药股份有限公司"", ""security_code"": ""600276"", ""security_short_name"": ""恒瑞医药"", ""source_document_date"": ""2026-04-17"", ""source_kind"": ""SSE_OFFICIAL_ISSUER_DISCLOSURE"", ""source_url"": ""https://www.sse.com.cn/disclosure/listedinfo/announcement/c/new/2026-04-17/600276_20260417_XMOL.pdf""}, ""substring_matching_used"": false}"
临床试验默示许可,official:5b4d0f062a2e4d2f1611e85ec2a94480,江苏恒瑞医药股份有限公司;江苏恒瑞医药股份有限公司;上海恒瑞医药有限公司,苹果酸法米替尼胶囊,本品联合SHR-1701注射液治疗不同种类晚期恶性实体瘤患者。,https://www.cde.org.cn/main/xxgk/listpage/4b5255eb0a84820cef4ca3e8b6bbe20c,FIRST_OBSERVED_SNAPSHOT_DATE,,,2026-09-30T17:29:59+08:00,CXHL2000328,1,,COMPLETE,5b4d0f062a2e4d2f1611e85ec2a94480,600276.SH,EXACT_APPLICANT_TOKEN_IN_OFFICIAL_MULTI_APPLICANT_FIELD,DELIMITED_APPLICANT_TOKEN_EXACT,江苏恒瑞医药股份有限公司,"{""affiliate_inference_used"": false, ""mapping_match_mode"": ""DELIMITED_APPLICANT_TOKEN_EXACT"", ""matched_applicant_token"": ""江苏恒瑞医药股份有限公司"", ""official_applicant_field"": ""江苏恒瑞医药股份有限公司;江苏恒瑞医药股份有限公司;上海恒瑞医药有限公司"", ""registry_evidence"": {""listed_issuer_legal_name"": ""江苏恒瑞医药股份有限公司"", ""security_code"": ""600276"", ""security_short_name"": ""恒瑞医药"", ""source_document_date"": ""2026-04-17"", ""source_kind"": ""SSE_OFFICIAL_ISSUER_DISCLOSURE"", ""source_url"": ""https://www.sse.com.cn/disclosure/listedinfo/announcement/c/new/2026-04-17/600276_20260417_XMOL.pdf""}, ""substring_matching_used"": false}"
临床试验默示许可,official:5bef21e4f48a631472f3f839a3edaf0c,苏州盛迪亚生物医药有限公司;苏州盛迪亚生物医药有限公司;江苏恒瑞医药股份有限公司;上海恒瑞医药有限公司,注射用卡瑞利珠单抗,本品联合卡培他滨和奥沙利铂序贯卡瑞利珠单抗联合甲磺酸阿帕替尼治疗既往未接受过系统治疗的晚期或转移性胃癌或胃食管交界处癌。,https://www.cde.org.cn/main/xxgk/listpage/4b5255eb0a84820cef4ca3e8b6bbe20c,FIRST_OBSERVED_SNAPSHOT_DATE,,,2026-09-30T17:29:59+08:00,CXSB2000002,2,,COMPLETE,5bef21e4f48a631472f3f839a3edaf0c,600276.SH,EXACT_APPLICANT_TOKEN_IN_OFFICIAL_MULTI_APPLICANT_FIELD,DELIMITED_APPLICANT_TOKEN_EXACT,江苏恒瑞医药股份有限公司,"{""affiliate_inference_used"": false, ""mapping_match_mode"": ""DELIMITED_APPLICANT_TOKEN_EXACT"", ""matched_applicant_token"": ""江苏恒瑞医药股份有限公司"", ""official_applicant_field"": ""苏州盛迪亚生物医药有限公司;苏州盛迪亚生物医药有限公司;江苏恒瑞医药股份有限公司;上海恒瑞医药有限公司"", ""registry_evidence"": {""listed_issuer_legal_name"": ""江苏恒瑞医药股份有限公司"", ""security_code"": ""600276"", ""security_short_name"": ""恒瑞医药"", ""source_document_date"": ""2026-04-17"", ""source_kind"": ""SSE_OFFICIAL_ISSUER_DISCLOSURE"", ""source_url"": ""https://www.sse.com.cn/disclosure/listedinfo/announcement/c/new/2026-04-17/600276_20260417_XMOL.pdf""}, ""substring_matching_used"": false}"
临床试验默示许可,official:5c4ad25ee3cc0b0a246af4354a7f729f,瑞石生物医药有限公司;江苏恒瑞医药股份有限公司,SHR0302片,本品拟用于溃疡性结肠炎的治疗,https://www.cde.org.cn/main/xxgk/listpage/4b5255eb0a84820cef4ca3e8b6bbe20c,FIRST_OBSERVED_SNAPSHOT_DATE,,,2026-09-30T17:29:59+08:00,CXHB2000092,1,,COMPLETE,5c4ad25ee3cc0b0a246af4354a7f729f,600276.SH,EXACT_APPLICANT_TOKEN_IN_OFFICIAL_MULTI_APPLICANT_FIELD,DELIMITED_APPLICANT_TOKEN_EXACT,江苏恒瑞医药股份有限公司,"{""affiliate_inference_used"": false, ""mapping_match_mode"": ""DELIMITED_APPLICANT_TOKEN_EXACT"", ""matched_applicant_token"": ""江苏恒瑞医药股份有限公司"", ""official_applicant_field"": ""瑞石生物医药有限公司;江苏恒瑞医药股份有限公司"", ""registry_evidence"": {""listed_issuer_legal_name"": ""江苏恒瑞医药股份有限公司"", ""security_code"": ""600276"", ""security_short_name"": ""恒瑞医药"", ""source_document_date"": ""2026-04-17"", ""source_kind"": ""SSE_OFFICIAL_ISSUER_DISCLOSURE"", ""source_url"": ""https://www.sse.com.cn/disclosure/listedinfo/announcement/c/new/2026-04-17/600276_20260417_XMOL.pdf""}, ""substring_matching_used"": false}"
临床试验默示许可,official:5c4effe348b2e0d319e6a37094381c70,成都盛迪医药有限公司;江苏恒瑞医药股份有限公司,HRS-5041片,HRS-5041片联合醋酸阿比特龙片（Ⅱ）和泼尼松片或联合多西他赛和泼尼松片或联合HRS-1167片或联合SHR2554片用于治疗晚期前列腺癌患者。,https://www.cde.org.cn/main/xxgk/listpage/4b5255eb0a84820cef4ca3e8b6bbe20c,FIRST_OBSERVED_SNAPSHOT_DATE,,,2026-09-30T17:29:59+08:00,CXHL2400537,1,,COMPLETE,5c4effe348b2e0d319e6a37094381c70,600276.SH,EXACT_APPLICANT_TOKEN_IN_OFFICIAL_MULTI_APPLICANT_FIELD,DELIMITED_APPLICANT_TOKEN_EXACT,江苏恒瑞医药股份有限公司,"{""affiliate_inference_used"": false, ""mapping_match_mode"": ""DELIMITED_APPLICANT_TOKEN_EXACT"", ""matched_applicant_token"": ""江苏恒瑞医药股份有限公司"", ""official_applicant_field"": ""成都盛迪医药有限公司;江苏恒瑞医药股份有限公司"", ""registry_evidence"": {""listed_issuer_legal_name"": ""江苏恒瑞医药股份有限公司"", ""security_code"": ""600276"", ""security_short_name"": ""恒瑞医药"", ""source_document_date"": ""2026-04-17"", ""source_kind"": ""SSE_OFFICIAL_ISSUER_DISCLOSURE"", ""source_url"": ""https://www.sse.com.cn/disclosure/listedinfo/announcement/c/new/2026-04-17/600276_20260417_XMOL.pdf""}, ""substring_matching_used"": false}"
临床试验默示许可,official:5c6a68fcc8d693db2d24c8a2b0835470,江苏恒瑞医药股份有限公司;江苏恒瑞医药股份有限公司,氟唑帕利胶囊,本品拟用于实体廇的治疗。,https://www.cde.org.cn/main/xxgk/listpage/4b5255eb0a84820cef4ca3e8b6bbe20c,FIRST_OBSERVED_SNAPSHOT_DATE,,,2026-09-30T17:29:59+08:00,CXHB1800079,,,COMPLETE,5c6a68fcc8d693db2d24c8a2b0835470,600276.SH,EXACT_APPLICANT_TOKEN_IN_OFFICIAL_MULTI_APPLICANT_FIELD,DELIMITED_APPLICANT_TOKEN_EXACT,江苏恒瑞医药股份有限公司,"{""affiliate_inference_used"": false, ""mapping_match_mode"": ""DELIMITED_APPLICANT_TOKEN_EXACT"", ""matched_applicant_token"": ""江苏恒瑞医药股份有限公司"", ""official_applicant_field"": ""江苏恒瑞医药股份有限公司;江苏恒瑞医药股份有限公司"", ""registry_evidence"": {""listed_issuer_legal_name"": ""江苏恒瑞医药股份有限公司"", ""security_code"": ""600276"", ""security_short_name"": ""恒瑞医药"", ""source_document_date"": ""2026-04-17"", ""source_kind"": ""SSE_OFFICIAL_ISSUER_DISCLOSURE"", ""source_url"": ""https://www.sse.com.cn/disclosure/listedinfo/announcement/c/new/2026-04-17/600276_20260417_XMOL.pdf""}, ""substring_matching_used"": false}"
临床试验默示许可,official:5cbc9542c7759b3643e6469c82b4a0ba,江苏恒瑞医药股份有限公司;江苏恒瑞医药股份有限公司,海曲泊帕乙醇胺片,本品用于6岁及以上临床诊断为慢性原发免疫性血小板减少症（ITP）儿童和青少年患者。,https://www.cde.org.cn/main/xxgk/listpage/4b5255eb0a84820cef4ca3e8b6bbe20c,FIRST_OBSERVED_SNAPSHOT_DATE,,,2026-09-30T17:29:59+08:00,CXHL2000383,1,,COMPLETE,5cbc9542c7759b3643e6469c82b4a0ba,600276.SH,EXACT_APPLICANT_TOKEN_IN_OFFICIAL_MULTI_APPLICANT_FIELD,DELIMITED_APPLICANT_TOKEN_EXACT,江苏恒瑞医药股份有限公司,"{""affiliate_inference_used"": false, ""mapping_match_mode"": ""DELIMITED_APPLICANT_TOKEN_EXACT"", ""matched_applicant_token"": ""江苏恒瑞医药股份有限公司"", ""official_applicant_field"": ""江苏恒瑞医药股份有限公司;江苏恒瑞医药股份有限公司"", ""registry_evidence"": {""listed_issuer_legal_name"": ""江苏恒瑞医药股份有限公司"", ""security_code"": ""600276"", ""security_short_name"": ""恒瑞医药"", ""source_document_date"": ""2026-04-17"", ""source_kind"": ""SSE_OFFICIAL_ISSUER_DISCLOSURE"", ""source_url"": ""https://www.sse.com.cn/disclosure/listedinfo/announcement/c/new/2026-04-17/600276_20260417_XMOL.pdf""}, ""substring_matching_used"": false}"
临床试验默示许可,official:5d006f632e6afd035464eb8d9087671e,江苏恒瑞医药股份有限公司,HRS-7172片,携带RAS突变或扩增的实体瘤,https://www.cde.org.cn/main/xxgk/listpage/4b5255eb0a84820cef4ca3e8b6bbe20c,FIRST_OBSERVED_SNAPSHOT_DATE,,,2026-09-30T17:29:59+08:00,CXHL2500567,1,,COMPLETE,5d006f632e6afd035464eb8d9087671e,600276.SH,EXACT_LISTED_ISSUER_LEGAL_NAME,WHOLE_FIELD_EXACT,江苏恒瑞医药股份有限公司,"{""affiliate_inference_used"": false, ""mapping_match_mode"": ""WHOLE_FIELD_EXACT"", ""matched_applicant_token"": ""江苏恒瑞医药股份有限公司"", ""official_applicant_field"": ""江苏恒瑞医药股份有限公司"", ""registry_evidence"": {""listed_issuer_legal_name"": ""江苏恒瑞医药股份有限公司"", ""security_code"": ""600276"", ""security_short_name"": ""恒瑞医药"", ""source_document_date"": ""2026-04-17"", ""source_kind"": ""SSE_OFFICIAL_ISSUER_DISCLOSURE"", ""source_url"": ""https://www.sse.com.cn/disclosure/listedinfo/announcement/c/new/2026-04-17/600276_20260417_XMOL.pdf""}, ""substring_matching_used"": false}"
临床试验默示许可,official:5d0330af318962bd1883c86ee2591950,江苏恒瑞医药股份有限公司,SHR7280片,伴月经过多的子宫肌瘤。,https://www.cde.org.cn/main/xxgk/listpage/4b5255eb0a84820cef4ca3e8b6bbe20c,FIRST_OBSERVED_SNAPSHOT_DATE,,,2026-09-30T17:29:59+08:00,CXHL2101678,1,,COMPLETE,5d0330af318962bd1883c86ee2591950,600276.SH,EXACT_LISTED_ISSUER_LEGAL_NAME,WHOLE_FIELD_EXACT,江苏恒瑞医药股份有限公司,"{""affiliate_inference_used"": false, ""mapping_match_mode"": ""WHOLE_FIELD_EXACT"", ""matched_applicant_token"": ""江苏恒瑞医药股份有限公司"", ""official_applicant_field"": ""江苏恒瑞医药股份有限公司"", ""registry_evidence"": {""listed_issuer_legal_name"": ""江苏恒瑞医药股份有限公司"", ""security_code"": ""600276"", ""security_short_name"": ""恒瑞医药"", ""source_document_date"": ""2026-04-17"", ""source_kind"": ""SSE_OFFICIAL_ISSUER_DISCLOSURE"", ""source_url"": ""https://www.sse.com.cn/disclosure/listedinfo/announcement/c/new/2026-04-17/600276_20260417_XMOL.pdf""}, ""substring_matching_used"": false}"
临床试验默示许可,official:5ddc5630adf5d2b738a417e0e72d07be,江苏恒瑞医药股份有限公司,羟乙磺酸达尔西利片,本品联合HRS-4642和SHR-7367用于KRAS G12D突变的实体瘤。,https://www.cde.org.cn/main/xxgk/listpage/4b5255eb0a84820cef4ca3e8b6bbe20c,FIRST_OBSERVED_SNAPSHOT_DATE,,,2026-09-30T17:29:59+08:00,CXHL2500822,2.4,,COMPLETE,5ddc5630adf5d2b738a417e0e72d07be,600276.SH,EXACT_LISTED_ISSUER_LEGAL_NAME,WHOLE_FIELD_EXACT,江苏恒瑞医药股份有限公司,"{""affiliate_inference_used"": false, ""mapping_match_mode"": ""WHOLE_FIELD_EXACT"", ""matched_applicant_token"": ""江苏恒瑞医药股份有限公司"", ""official_applicant_field"": ""江苏恒瑞医药股份有限公司"", ""registry_evidence"": {""listed_issuer_legal_name"": ""江苏恒瑞医药股份有限公司"", ""security_code"": ""600276"", ""security_short_name"": ""恒瑞医药"", ""source_document_date"": ""2026-04-17"", ""source_kind"": ""SSE_OFFICIAL_ISSUER_DISCLOSURE"", ""source_url"": ""https://www.sse.com.cn/disclosure/listedinfo/announcement/c/new/2026-04-17/600276_20260417_XMOL.pdf""}, ""substring_matching_used"": false}"
临床试验默示许可,official:5f1d9604d2a729da41534929da1eb4cb,江苏恒瑞医药股份有限公司;江苏恒瑞医药股份有限公司,氟唑帕利胶囊,本品拟用于联合醋酸阿比特龙联合，治疗既往未接受过新型雄激素受体（AR）靶向药物治疗的转移性去势抵抗性前列腺癌（mCRPC）。,https://www.cde.org.cn/main/xxgk/listpage/4b5255eb0a84820cef4ca3e8b6bbe20c,FIRST_OBSERVED_SNAPSHOT_DATE,,,2026-09-30T17:29:59+08:00,CXHL1900332,1,,COMPLETE,5f1d9604d2a729da41534929da1eb4cb,600276.SH,EXACT_APPLICANT_TOKEN_IN_OFFICIAL_MULTI_APPLICANT_FIELD,DELIMITED_APPLICANT_TOKEN_EXACT,江苏恒瑞医药股份有限公司,"{""affiliate_inference_used"": false, ""mapping_match_mode"": ""DELIMITED_APPLICANT_TOKEN_EXACT"", ""matched_applicant_token"": ""江苏恒瑞医药股份有限公司"", ""official_applicant_field"": ""江苏恒瑞医药股份有限公司;江苏恒瑞医药股份有限公司"", ""registry_evidence"": {""listed_issuer_legal_name"": ""江苏恒瑞医药股份有限公司"", ""security_code"": ""600276"", ""security_short_name"": ""恒瑞医药"", ""source_document_date"": ""2026-04-17"", ""source_kind"": ""SSE_OFFICIAL_ISSUER_DISCLOSURE"", ""source_url"": ""https://www.sse.com.cn/disclosure/listedinfo/announcement/c/new/2026-04-17/600276_20260417_XMOL.pdf""}, ""substring_matching_used"": false}"
临床试验默示许可,official:5f293506e363c7dfc1bfd7be473c8489,江苏恒瑞医药股份有限公司;苏州盛迪亚生物医药有限公司;成都盛迪医药有限公司,HR18042片,本品临床拟用于中度至重度急性疼痛的治疗。,https://www.cde.org.cn/main/xxgk/listpage/4b5255eb0a84820cef4ca3e8b6bbe20c,FIRST_OBSERVED_SNAPSHOT_DATE,,,2026-09-30T17:29:59+08:00,CXHL2000210,2.3,,COMPLETE,5f293506e363c7dfc1bfd7be473c8489,600276.SH,EXACT_APPLICANT_TOKEN_IN_OFFICIAL_MULTI_APPLICANT_FIELD,DELIMITED_APPLICANT_TOKEN_EXACT,江苏恒瑞医药股份有限公司,"{""affiliate_inference_used"": false, ""mapping_match_mode"": ""DELIMITED_APPLICANT_TOKEN_EXACT"", ""matched_applicant_token"": ""江苏恒瑞医药股份有限公司"", ""official_applicant_field"": ""江苏恒瑞医药股份有限公司;苏州盛迪亚生物医药有限公司;成都盛迪医药有限公司"", ""registry_evidence"": {""listed_issuer_legal_name"": ""江苏恒瑞医药股份有限公司"", ""security_code"": ""600276"", ""security_short_name"": ""恒瑞医药"", ""source_document_date"": ""2026-04-17"", ""source_kind"": ""SSE_OFFICIAL_ISSUER_DISCLOSURE"", ""source_url"": ""https://www.sse.com.cn/disclosure/listedinfo/announcement/c/new/2026-04-17/600276_20260417_XMOL.pdf""}, ""substring_matching_used"": false}"
临床试验默示许可,official:5f98c794ec045c5abb22f945adbd3820,苏州盛迪亚生物医药有限公司;苏州盛迪亚生物医药有限公司;江苏恒瑞医药股份有限公司;上海恒瑞医药有限公司,注射用卡瑞利珠单抗,注射用卡瑞利珠单抗联合化疗用于三阴性乳腺癌的新辅助治疗。,https://www.cde.org.cn/main/xxgk/listpage/4b5255eb0a84820cef4ca3e8b6bbe20c,FIRST_OBSERVED_SNAPSHOT_DATE,,,2026-09-30T17:29:59+08:00,CXSL2000089,2,,COMPLETE,5f98c794ec045c5abb22f945adbd3820,600276.SH,EXACT_APPLICANT_TOKEN_IN_OFFICIAL_MULTI_APPLICANT_FIELD,DELIMITED_APPLICANT_TOKEN_EXACT,江苏恒瑞医药股份有限公司,"{""affiliate_inference_used"": false, ""mapping_match_mode"": ""DELIMITED_APPLICANT_TOKEN_EXACT"", ""matched_applicant_token"": ""江苏恒瑞医药股份有限公司"", ""official_applicant_field"": ""苏州盛迪亚生物医药有限公司;苏州盛迪亚生物医药有限公司;江苏恒瑞医药股份有限公司;上海恒瑞医药有限公司"", ""registry_evidence"": {""listed_issuer_legal_name"": ""江苏恒瑞医药股份有限公司"", ""security_code"": ""600276"", ""security_short_name"": ""恒瑞医药"", ""source_document_date"": ""2026-04-17"", ""source_kind"": ""SSE_OFFICIAL_ISSUER_DISCLOSURE"", ""source_url"": ""https://www.sse.com.cn/disclosure/listedinfo/announcement/c/new/2026-04-17/600276_20260417_XMOL.pdf""}, ""substring_matching_used"": false}"
临床试验默示许可,official:5fa451d4a3f6feb4aeed13d68a60ff6b,江苏恒瑞医药股份有限公司;江苏恒瑞医药股份有限公司,SHR2150胶囊,拟用于HIV-1感染患者的治疗的临床试验。,https://www.cde.org.cn/main/xxgk/listpage/4b5255eb0a84820cef4ca3e8b6bbe20c,FIRST_OBSERVED_SNAPSHOT_DATE,,,2026-09-30T17:29:59+08:00,CXHL2000577,1,,COMPLETE,5fa451d4a3f6feb4aeed13d68a60ff6b,600276.SH,EXACT_APPLICANT_TOKEN_IN_OFFICIAL_MULTI_APPLICANT_FIELD,DELIMITED_APPLICANT_TOKEN_EXACT,江苏恒瑞医药股份有限公司,"{""affiliate_inference_used"": false, ""mapping_match_mode"": ""DELIMITED_APPLICANT_TOKEN_EXACT"", ""matched_applicant_token"": ""江苏恒瑞医药股份有限公司"", ""official_applicant_field"": ""江苏恒瑞医药股份有限公司;江苏恒瑞医药股份有限公司"", ""registry_evidence"": {""listed_issuer_legal_name"": ""江苏恒瑞医药股份有限公司"", ""security_code"": ""600276"", ""security_short_name"": ""恒瑞医药"", ""source_document_date"": ""2026-04-17"", ""source_kind"": ""SSE_OFFICIAL_ISSUER_DISCLOSURE"", ""source_url"": ""https://www.sse.com.cn/disclosure/listedinfo/announcement/c/new/2026-04-17/600276_20260417_XMOL.pdf""}, ""substring_matching_used"": false}"
临床试验默示许可,official:60406ed95e4ceaef6b9ee314a08e4761,江苏恒瑞医药股份有限公司;江苏恒瑞医药股份有限公司,脯氨酸恒格列净,本品用于射血分数降低的慢性心力衰竭（NYHAⅡ-Ⅳ级，LVEF≤40％）成人患者，降低心血管死亡、心力衰竭住院或紧急心衰就诊的风险。,https://www.cde.org.cn/main/xxgk/listpage/4b5255eb0a84820cef4ca3e8b6bbe20c,FIRST_OBSERVED_SNAPSHOT_DATE,,,2026-09-30T17:29:59+08:00,CXHL2000390,1,,COMPLETE,60406ed95e4ceaef6b9ee314a08e4761,600276.SH,EXACT_APPLICANT_TOKEN_IN_OFFICIAL_MULTI_APPLICANT_FIELD,DELIMITED_APPLICANT_TOKEN_EXACT,江苏恒瑞医药股份有限公司,"{""affiliate_inference_used"": false, ""mapping_match_mode"": ""DELIMITED_APPLICANT_TOKEN_EXACT"", ""matched_applicant_token"": ""江苏恒瑞医药股份有限公司"", ""official_applicant_field"": ""江苏恒瑞医药股份有限公司;江苏恒瑞医药股份有限公司"", ""registry_evidence"": {""listed_issuer_legal_name"": ""江苏恒瑞医药股份有限公司"", ""security_code"": ""600276"", ""security_short_name"": ""恒瑞医药"", ""source_document_date"": ""2026-04-17"", ""source_kind"": ""SSE_OFFICIAL_ISSUER_DISCLOSURE"", ""source_url"": ""https://www.sse.com.cn/disclosure/listedinfo/announcement/c/new/2026-04-17/600276_20260417_XMOL.pdf""}, ""substring_matching_used"": false}"
临床试验默示许可,official:62fc86f1580c89a8ee8ffcc0dd211ef5,江苏恒瑞医药股份有限公司;江苏恒瑞医药股份有限公司;上海恒瑞医药有限公司,苹果酸法米替尼胶囊,本品联合SHR-1701注射液治疗不同种类晚期恶性实体瘤患者。,https://www.cde.org.cn/main/xxgk/listpage/4b5255eb0a84820cef4ca3e8b6bbe20c,FIRST_OBSERVED_SNAPSHOT_DATE,,,2026-09-30T17:29:59+08:00,CXHL2000329,1,,COMPLETE,62fc86f1580c89a8ee8ffcc0dd211ef5,600276.SH,EXACT_APPLICANT_TOKEN_IN_OFFICIAL_MULTI_APPLICANT_FIELD,DELIMITED_APPLICANT_TOKEN_EXACT,江苏恒瑞医药股份有限公司,"{""affiliate_inference_used"": false, ""mapping_match_mode"": ""DELIMITED_APPLICANT_TOKEN_EXACT"", ""matched_applicant_token"": ""江苏恒瑞医药股份有限公司"", ""official_applicant_field"": ""江苏恒瑞医药股份有限公司;江苏恒瑞医药股份有限公司;上海恒瑞医药有限公司"", ""registry_evidence"": {""listed_issuer_legal_name"": ""江苏恒瑞医药股份有限公司"", ""security_code"": ""600276"", ""security_short_name"": ""恒瑞医药"", ""source_document_date"": ""2026-04-17"", ""source_kind"": ""SSE_OFFICIAL_ISSUER_DISCLOSURE"", ""source_url"": ""https://www.sse.com.cn/disclosure/listedinfo/announcement/c/new/2026-04-17/600276_20260417_XMOL.pdf""}, ""substring_matching_used"": false}"
临床试验默示许可,official:6327d3dd288daf2ee57d23104e1c0a7c,苏州盛迪亚生物医药有限公司;苏州盛迪亚生物医药有限公司;江苏恒瑞医药股份有限公司;上海恒瑞医药有限公司,SHR-1316注射液,SHR-1316联合卡铂和依托泊苷用于初治的广泛期小细胞肺癌患者。,https://www.cde.org.cn/main/xxgk/listpage/4b5255eb0a84820cef4ca3e8b6bbe20c,FIRST_OBSERVED_SNAPSHOT_DATE,,,2026-09-30T17:29:59+08:00,CXSL1900113,1,,COMPLETE,6327d3dd288daf2ee57d23104e1c0a7c,600276.SH,EXACT_APPLICANT_TOKEN_IN_OFFICIAL_MULTI_APPLICANT_FIELD,DELIMITED_APPLICANT_TOKEN_EXACT,江苏恒瑞医药股份有限公司,"{""affiliate_inference_used"": false, ""mapping_match_mode"": ""DELIMITED_APPLICANT_TOKEN_EXACT"", ""matched_applicant_token"": ""江苏恒瑞医药股份有限公司"", ""official_applicant_field"": ""苏州盛迪亚生物医药有限公司;苏州盛迪亚生物医药有限公司;江苏恒瑞医药股份有限公司;上海恒瑞医药有限公司"", ""registry_evidence"": {""listed_issuer_legal_name"": ""江苏恒瑞医药股份有限公司"", ""security_code"": ""600276"", ""security_short_name"": ""恒瑞医药"", ""source_document_date"": ""2026-04-17"", ""source_kind"": ""SSE_OFFICIAL_ISSUER_DISCLOSURE"", ""source_url"": ""https://www.sse.com.cn/disclosure/listedinfo/announcement/c/new/2026-04-17/600276_20260417_XMOL.pdf""}, ""substring_matching_used"": false}"
临床试验默示许可,official:6341c64b99be9ba15247d16e0a6c6ab7,江苏恒瑞医药股份有限公司,HRS-6209胶囊,本品联合HRS-2189+HRS-8080、或联合HRS-2189+HRS-1358、或联合HRS-2189+氟维司群用于恶性肿瘤的治疗。,https://www.cde.org.cn/main/xxgk/listpage/4b5255eb0a84820cef4ca3e8b6bbe20c,FIRST_OBSERVED_SNAPSHOT_DATE,,,2026-09-30T17:29:59+08:00,CXHL2400830,1,,COMPLETE,6341c64b99be9ba15247d16e0a6c6ab7,600276.SH,EXACT_LISTED_ISSUER_LEGAL_NAME,WHOLE_FIELD_EXACT,江苏恒瑞医药股份有限公司,"{""affiliate_inference_used"": false, ""mapping_match_mode"": ""WHOLE_FIELD_EXACT"", ""matched_applicant_token"": ""江苏恒瑞医药股份有限公司"", ""official_applicant_field"": ""江苏恒瑞医药股份有限公司"", ""registry_evidence"": {""listed_issuer_legal_name"": ""江苏恒瑞医药股份有限公司"", ""security_code"": ""600276"", ""security_short_name"": ""恒瑞医药"", ""source_document_date"": ""2026-04-17"", ""source_kind"": ""SSE_OFFICIAL_ISSUER_DISCLOSURE"", ""source_url"": ""https://www.sse.com.cn/disclosure/listedinfo/announcement/c/new/2026-04-17/600276_20260417_XMOL.pdf""}, ""substring_matching_used"": false}"
临床试验默示许可,official:63a9ce7038f4ec55f051d938ad97a47e,江苏恒瑞医药股份有限公司;江苏恒瑞医药股份有限公司;上海恒瑞医药有限公司,马来酸吡咯替尼片,本品用于治疗HER2异常的晚期/转移性胆道癌患者。,https://www.cde.org.cn/main/xxgk/listpage/4b5255eb0a84820cef4ca3e8b6bbe20c,FIRST_OBSERVED_SNAPSHOT_DATE,,,2026-09-30T17:29:59+08:00,CXHL2000311,2.4,,COMPLETE,63a9ce7038f4ec55f051d938ad97a47e,600276.SH,EXACT_APPLICANT_TOKEN_IN_OFFICIAL_MULTI_APPLICANT_FIELD,DELIMITED_APPLICANT_TOKEN_EXACT,江苏恒瑞医药股份有限公司,"{""affiliate_inference_used"": false, ""mapping_match_mode"": ""DELIMITED_APPLICANT_TOKEN_EXACT"", ""matched_applicant_token"": ""江苏恒瑞医药股份有限公司"", ""official_applicant_field"": ""江苏恒瑞医药股份有限公司;江苏恒瑞医药股份有限公司;上海恒瑞医药有限公司"", ""registry_evidence"": {""listed_issuer_legal_name"": ""江苏恒瑞医药股份有限公司"", ""security_code"": ""600276"", ""security_short_name"": ""恒瑞医药"", ""source_document_date"": ""2026-04-17"", ""source_kind"": ""SSE_OFFICIAL_ISSUER_DISCLOSURE"", ""source_url"": ""https://www.sse.com.cn/disclosure/listedinfo/announcement/c/new/2026-04-17/600276_20260417_XMOL.pdf""}, ""substring_matching_used"": false}"
临床试验默示许可,official:64a7f5574b7410c8ad2eb39a2c45f1ec,江苏恒瑞医药股份有限公司;成都盛迪医药有限公司,HRS-5041片,本品联合注射用HS-20093用于治疗晚期前列腺癌患者。,https://www.cde.org.cn/main/xxgk/listpage/4b5255eb0a84820cef4ca3e8b6bbe20c,FIRST_OBSERVED_SNAPSHOT_DATE,,,2026-09-30T17:29:59+08:00,CXHL2500466,1,,COMPLETE,64a7f5574b7410c8ad2eb39a2c45f1ec,600276.SH,EXACT_APPLICANT_TOKEN_IN_OFFICIAL_MULTI_APPLICANT_FIELD,DELIMITED_APPLICANT_TOKEN_EXACT,江苏恒瑞医药股份有限公司,"{""affiliate_inference_used"": false, ""mapping_match_mode"": ""DELIMITED_APPLICANT_TOKEN_EXACT"", ""matched_applicant_token"": ""江苏恒瑞医药股份有限公司"", ""official_applicant_field"": ""江苏恒瑞医药股份有限公司;成都盛迪医药有限公司"", ""registry_evidence"": {""listed_issuer_legal_name"": ""江苏恒瑞医药股份有限公司"", ""security_code"": ""600276"", ""security_short_name"": ""恒瑞医药"", ""source_document_date"": ""2026-04-17"", ""source_kind"": ""SSE_OFFICIAL_ISSUER_DISCLOSURE"", ""source_url"": ""https://www.sse.com.cn/disclosure/listedinfo/announcement/c/new/2026-04-17/600276_20260417_XMOL.pdf""}, ""substring_matching_used"": false}"
临床试验默示许可,official:64cf8ff31361bbacbe11639dd536235e,江苏恒瑞医药股份有限公司;江苏恒瑞医药股份有限公司;上海恒瑞医药有限公司,苹果酸法米替尼胶囊,本品联合SHR-1701注射液治疗不同种类晚期恶性实体瘤患者。,https://www.cde.org.cn/main/xxgk/listpage/4b5255eb0a84820cef4ca3e8b6bbe20c,FIRST_OBSERVED_SNAPSHOT_DATE,,,2026-09-30T17:29:59+08:00,CXHL2000330,1,,COMPLETE,64cf8ff31361bbacbe11639dd536235e,600276.SH,EXACT_APPLICANT_TOKEN_IN_OFFICIAL_MULTI_APPLICANT_FIELD,DELIMITED_APPLICANT_TOKEN_EXACT,江苏恒瑞医药股份有限公司,"{""affiliate_inference_used"": false, ""mapping_match_mode"": ""DELIMITED_APPLICANT_TOKEN_EXACT"", ""matched_applicant_token"": ""江苏恒瑞医药股份有限公司"", ""official_applicant_field"": ""江苏恒瑞医药股份有限公司;江苏恒瑞医药股份有限公司;上海恒瑞医药有限公司"", ""registry_evidence"": {""listed_issuer_legal_name"": ""江苏恒瑞医药股份有限公司"", ""security_code"": ""600276"", ""security_short_name"": ""恒瑞医药"", ""source_document_date"": ""2026-04-17"", ""source_kind"": ""SSE_OFFICIAL_ISSUER_DISCLOSURE"", ""source_url"": ""https://www.sse.com.cn/disclosure/listedinfo/announcement/c/new/2026-04-17/600276_20260417_XMOL.pdf""}, ""substring_matching_used"": false}"
临床试验默示许可,official:65874c94eed9fb01291b017848c4124e,江苏恒瑞医药股份有限公司;成都盛迪医药有限公司,HRS-5041片,本品联合HRS-6208用于实体瘤的治疗。,https://www.cde.org.cn/main/xxgk/listpage/4b5255eb0a84820cef4ca3e8b6bbe20c,FIRST_OBSERVED_SNAPSHOT_DATE,,,2026-09-30T17:29:59+08:00,CXHL2501003,1,,COMPLETE,65874c94eed9fb01291b017848c4124e,600276.SH,EXACT_APPLICANT_TOKEN_IN_OFFICIAL_MULTI_APPLICANT_FIELD,DELIMITED_APPLICANT_TOKEN_EXACT,江苏恒瑞医药股份有限公司,"{""affiliate_inference_used"": false, ""mapping_match_mode"": ""DELIMITED_APPLICANT_TOKEN_EXACT"", ""matched_applicant_token"": ""江苏恒瑞医药股份有限公司"", ""official_applicant_field"": ""江苏恒瑞医药股份有限公司;成都盛迪医药有限公司"", ""registry_evidence"": {""listed_issuer_legal_name"": ""江苏恒瑞医药股份有限公司"", ""security_code"": ""600276"", ""security_short_name"": ""恒瑞医药"", ""source_document_date"": ""2026-04-17"", ""source_kind"": ""SSE_OFFICIAL_ISSUER_DISCLOSURE"", ""source_url"": ""https://www.sse.com.cn/disclosure/listedinfo/announcement/c/new/2026-04-17/600276_20260417_XMOL.pdf""}, ""substring_matching_used"": false}"
临床试验默示许可,official:65e94059e9d1cef4218311ea9e78d7a5,江苏恒瑞医药股份有限公司,HRS4800片,疼痛,https://www.cde.org.cn/main/xxgk/listpage/4b5255eb0a84820cef4ca3e8b6bbe20c,FIRST_OBSERVED_SNAPSHOT_DATE,,,2026-09-30T17:29:59+08:00,CXHL2000572,1,,COMPLETE,65e94059e9d1cef4218311ea9e78d7a5,600276.SH,EXACT_LISTED_ISSUER_LEGAL_NAME,WHOLE_FIELD_EXACT,江苏恒瑞医药股份有限公司,"{""affiliate_inference_used"": false, ""mapping_match_mode"": ""WHOLE_FIELD_EXACT"", ""matched_applicant_token"": ""江苏恒瑞医药股份有限公司"", ""official_applicant_field"": ""江苏恒瑞医药股份有限公司"", ""registry_evidence"": {""listed_issuer_legal_name"": ""江苏恒瑞医药股份有限公司"", ""security_code"": ""600276"", ""security_short_name"": ""恒瑞医药"", ""source_document_date"": ""2026-04-17"", ""source_kind"": ""SSE_OFFICIAL_ISSUER_DISCLOSURE"", ""source_url"": ""https://www.sse.com.cn/disclosure/listedinfo/announcement/c/new/2026-04-17/600276_20260417_XMOL.pdf""}, ""substring_matching_used"": false}"
临床试验默示许可,official:66344d3c96b7e7119f435c5c67a2a4b3,江苏恒瑞医药股份有限公司;江苏恒瑞医药股份有限公司;上海恒瑞医药有限公司,SHR6390片,本品拟联合来曲唑/阿那曲唑用于HR阳性，HER2阴性的经内分泌治疗后进展的复发或转移性乳腺癌的治疗。,https://www.cde.org.cn/main/xxgk/listpage/4b5255eb0a84820cef4ca3e8b6bbe20c,FIRST_OBSERVED_SNAPSHOT_DATE,,,2026-09-30T17:29:59+08:00,CXHL1900241,1,,COMPLETE,66344d3c96b7e7119f435c5c67a2a4b3,600276.SH,EXACT_APPLICANT_TOKEN_IN_OFFICIAL_MULTI_APPLICANT_FIELD,DELIMITED_APPLICANT_TOKEN_EXACT,江苏恒瑞医药股份有限公司,"{""affiliate_inference_used"": false, ""mapping_match_mode"": ""DELIMITED_APPLICANT_TOKEN_EXACT"", ""matched_applicant_token"": ""江苏恒瑞医药股份有限公司"", ""official_applicant_field"": ""江苏恒瑞医药股份有限公司;江苏恒瑞医药股份有限公司;上海恒瑞医药有限公司"", ""registry_evidence"": {""listed_issuer_legal_name"": ""江苏恒瑞医药股份有限公司"", ""security_code"": ""600276"", ""security_short_name"": ""恒瑞医药"", ""source_document_date"": ""2026-04-17"", ""source_kind"": ""SSE_OFFICIAL_ISSUER_DISCLOSURE"", ""source_url"": ""https://www.sse.com.cn/disclosure/listedinfo/announcement/c/new/2026-04-17/600276_20260417_XMOL.pdf""}, ""substring_matching_used"": false}"
临床试验默示许可,official:669a71bf697b513b405ddfe71ed81867,江苏恒瑞医药股份有限公司;江苏恒瑞医药股份有限公司;上海恒瑞医药有限公司,甲磺酸阿帕替尼片,本品拟联合氟唑帕利胶囊治疗复发性卵巢癌,https://www.cde.org.cn/main/xxgk/listpage/4b5255eb0a84820cef4ca3e8b6bbe20c,FIRST_OBSERVED_SNAPSHOT_DATE,,,2026-09-30T17:29:59+08:00,CXHL2000221,2.4,,COMPLETE,669a71bf697b513b405ddfe71ed81867,600276.SH,EXACT_APPLICANT_TOKEN_IN_OFFICIAL_MULTI_APPLICANT_FIELD,DELIMITED_APPLICANT_TOKEN_EXACT,江苏恒瑞医药股份有限公司,"{""affiliate_inference_used"": false, ""mapping_match_mode"": ""DELIMITED_APPLICANT_TOKEN_EXACT"", ""matched_applicant_token"": ""江苏恒瑞医药股份有限公司"", ""official_applicant_field"": ""江苏恒瑞医药股份有限公司;江苏恒瑞医药股份有限公司;上海恒瑞医药有限公司"", ""registry_evidence"": {""listed_issuer_legal_name"": ""江苏恒瑞医药股份有限公司"", ""security_code"": ""600276"", ""security_short_name"": ""恒瑞医药"", ""source_document_date"": ""2026-04-17"", ""source_kind"": ""SSE_OFFICIAL_ISSUER_DISCLOSURE"", ""source_url"": ""https://www.sse.com.cn/disclosure/listedinfo/announcement/c/new/2026-04-17/600276_20260417_XMOL.pdf""}, ""substring_matching_used"": false}"
临床试验默示许可,official:67412669b9bf6c3ca5d698e5ed0033f0,江苏恒瑞医药股份有限公司;江苏恒瑞医药股份有限公司;上海恒瑞医药有限公司,甲磺酸阿帕替尼片,本品拟联合氟唑帕利胶囊治疗伴有BRCA1/2突变的HER2阴性转移性乳腺癌。,https://www.cde.org.cn/main/xxgk/listpage/4b5255eb0a84820cef4ca3e8b6bbe20c,FIRST_OBSERVED_SNAPSHOT_DATE,,,2026-09-30T17:29:59+08:00,CXHL1900409,2.4,,COMPLETE,67412669b9bf6c3ca5d698e5ed0033f0,600276.SH,EXACT_APPLICANT_TOKEN_IN_OFFICIAL_MULTI_APPLICANT_FIELD,DELIMITED_APPLICANT_TOKEN_EXACT,江苏恒瑞医药股份有限公司,"{""affiliate_inference_used"": false, ""mapping_match_mode"": ""DELIMITED_APPLICANT_TOKEN_EXACT"", ""matched_applicant_token"": ""江苏恒瑞医药股份有限公司"", ""official_applicant_field"": ""江苏恒瑞医药股份有限公司;江苏恒瑞医药股份有限公司;上海恒瑞医药有限公司"", ""registry_evidence"": {""listed_issuer_legal_name"": ""江苏恒瑞医药股份有限公司"", ""security_code"": ""600276"", ""security_short_name"": ""恒瑞医药"", ""source_document_date"": ""2026-04-17"", ""source_kind"": ""SSE_OFFICIAL_ISSUER_DISCLOSURE"", ""source_url"": ""https://www.sse.com.cn/disclosure/listedinfo/announcement/c/new/2026-04-17/600276_20260417_XMOL.pdf""}, ""substring_matching_used"": false}"
临床试验默示许可,official:695470ee461b11f28ca216c7423eea5c,江苏恒瑞医药股份有限公司;江苏恒瑞医药股份有限公司,布比卡因脂质体注射液,成人腹横肌平面阻滞产生术后区域镇痛。,https://www.cde.org.cn/main/xxgk/listpage/4b5255eb0a84820cef4ca3e8b6bbe20c,FIRST_OBSERVED_SNAPSHOT_DATE,,,2026-09-30T17:29:59+08:00,CXHL2300410,2.4,,COMPLETE,695470ee461b11f28ca216c7423eea5c,600276.SH,EXACT_APPLICANT_TOKEN_IN_OFFICIAL_MULTI_APPLICANT_FIELD,DELIMITED_APPLICANT_TOKEN_EXACT,江苏恒瑞医药股份有限公司,"{""affiliate_inference_used"": false, ""mapping_match_mode"": ""DELIMITED_APPLICANT_TOKEN_EXACT"", ""matched_applicant_token"": ""江苏恒瑞医药股份有限公司"", ""official_applicant_field"": ""江苏恒瑞医药股份有限公司;江苏恒瑞医药股份有限公司"", ""registry_evidence"": {""listed_issuer_legal_name"": ""江苏恒瑞医药股份有限公司"", ""security_code"": ""600276"", ""security_short_name"": ""恒瑞医药"", ""source_document_date"": ""2026-04-17"", ""source_kind"": ""SSE_OFFICIAL_ISSUER_DISCLOSURE"", ""source_url"": ""https://www.sse.com.cn/disclosure/listedinfo/announcement/c/new/2026-04-17/600276_20260417_XMOL.pdf""}, ""substring_matching_used"": false}"
临床试验默示许可,official:699a8058ead5a6c602c866aa157fabca,江苏恒瑞医药股份有限公司;江苏恒瑞医药股份有限公司;上海恒瑞医药有限公司,甲磺酸阿帕替尼片,本品拟联合注射用卡瑞利珠单抗用于治疗晚期肝细胞癌患者,https://www.cde.org.cn/main/xxgk/listpage/4b5255eb0a84820cef4ca3e8b6bbe20c,FIRST_OBSERVED_SNAPSHOT_DATE,,,2026-09-30T17:29:59+08:00,CXHL2000101,2.4,,COMPLETE,699a8058ead5a6c602c866aa157fabca,600276.SH,EXACT_APPLICANT_TOKEN_IN_OFFICIAL_MULTI_APPLICANT_FIELD,DELIMITED_APPLICANT_TOKEN_EXACT,江苏恒瑞医药股份有限公司,"{""affiliate_inference_used"": false, ""mapping_match_mode"": ""DELIMITED_APPLICANT_TOKEN_EXACT"", ""matched_applicant_token"": ""江苏恒瑞医药股份有限公司"", ""official_applicant_field"": ""江苏恒瑞医药股份有限公司;江苏恒瑞医药股份有限公司;上海恒瑞医药有限公司"", ""registry_evidence"": {""listed_issuer_legal_name"": ""江苏恒瑞医药股份有限公司"", ""security_code"": ""600276"", ""security_short_name"": ""恒瑞医药"", ""source_document_date"": ""2026-04-17"", ""source_kind"": ""SSE_OFFICIAL_ISSUER_DISCLOSURE"", ""source_url"": ""https://www.sse.com.cn/disclosure/listedinfo/announcement/c/new/2026-04-17/600276_20260417_XMOL.pdf""}, ""substring_matching_used"": false}"
临床试验默示许可,official:69f4afe8da91e1a8c7848f0fb38ebdf2,上海恒瑞医药有限公司;江苏恒瑞医药股份有限公司,HRS2398片,晚期恶性实体瘤,https://www.cde.org.cn/main/xxgk/listpage/4b5255eb0a84820cef4ca3e8b6bbe20c,FIRST_OBSERVED_SNAPSHOT_DATE,,,2026-09-30T17:29:59+08:00,CXHL2101131,化学药品第1类,,COMPLETE,69f4afe8da91e1a8c7848f0fb38ebdf2,600276.SH,EXACT_APPLICANT_TOKEN_IN_OFFICIAL_MULTI_APPLICANT_FIELD,DELIMITED_APPLICANT_TOKEN_EXACT,江苏恒瑞医药股份有限公司,"{""affiliate_inference_used"": false, ""mapping_match_mode"": ""DELIMITED_APPLICANT_TOKEN_EXACT"", ""matched_applicant_token"": ""江苏恒瑞医药股份有限公司"", ""official_applicant_field"": ""上海恒瑞医药有限公司;江苏恒瑞医药股份有限公司"", ""registry_evidence"": {""listed_issuer_legal_name"": ""江苏恒瑞医药股份有限公司"", ""security_code"": ""600276"", ""security_short_name"": ""恒瑞医药"", ""source_document_date"": ""2026-04-17"", ""source_kind"": ""SSE_OFFICIAL_ISSUER_DISCLOSURE"", ""source_url"": ""https://www.sse.com.cn/disclosure/listedinfo/announcement/c/new/2026-04-17/600276_20260417_XMOL.pdf""}, ""substring_matching_used"": false}"
临床试验默示许可,official:6a1534ce2df1bdc48fea4e61127e01b9,江苏恒瑞医药股份有限公司;江苏恒瑞医药股份有限公司,SHR4640片,本品为URAT1选择性抑制剂，主要应用于高尿酸血症的治疗。,https://www.cde.org.cn/main/xxgk/listpage/4b5255eb0a84820cef4ca3e8b6bbe20c,FIRST_OBSERVED_SNAPSHOT_DATE,,,2026-09-30T17:29:59+08:00,CXHB2100032,1,,COMPLETE,6a1534ce2df1bdc48fea4e61127e01b9,600276.SH,EXACT_APPLICANT_TOKEN_IN_OFFICIAL_MULTI_APPLICANT_FIELD,DELIMITED_APPLICANT_TOKEN_EXACT,江苏恒瑞医药股份有限公司,"{""affiliate_inference_used"": false, ""mapping_match_mode"": ""DELIMITED_APPLICANT_TOKEN_EXACT"", ""matched_applicant_token"": ""江苏恒瑞医药股份有限公司"", ""official_applicant_field"": ""江苏恒瑞医药股份有限公司;江苏恒瑞医药股份有限公司"", ""registry_evidence"": {""listed_issuer_legal_name"": ""江苏恒瑞医药股份有限公司"", ""security_code"": ""600276"", ""security_short_name"": ""恒瑞医药"", ""source_document_date"": ""2026-04-17"", ""source_kind"": ""SSE_OFFICIAL_ISSUER_DISCLOSURE"", ""source_url"": ""https://www.sse.com.cn/disclosure/listedinfo/announcement/c/new/2026-04-17/600276_20260417_XMOL.pdf""}, ""substring_matching_used"": false}"
临床试验默示许可,official:6a5d6fb4935cb3b71af285b1fe618a64,江苏恒瑞医药股份有限公司,甲磺酸阿帕替尼片,SHR-1701注射液联合甲磺酸阿帕替尼加或不加化疗治疗晚期恶性实体瘤患者。,https://www.cde.org.cn/main/xxgk/listpage/4b5255eb0a84820cef4ca3e8b6bbe20c,FIRST_OBSERVED_SNAPSHOT_DATE,,,2026-09-30T17:29:59+08:00,CXHL2101576,2.4,,COMPLETE,6a5d6fb4935cb3b71af285b1fe618a64,600276.SH,EXACT_LISTED_ISSUER_LEGAL_NAME,WHOLE_FIELD_EXACT,江苏恒瑞医药股份有限公司,"{""affiliate_inference_used"": false, ""mapping_match_mode"": ""WHOLE_FIELD_EXACT"", ""matched_applicant_token"": ""江苏恒瑞医药股份有限公司"", ""official_applicant_field"": ""江苏恒瑞医药股份有限公司"", ""registry_evidence"": {""listed_issuer_legal_name"": ""江苏恒瑞医药股份有限公司"", ""security_code"": ""600276"", ""security_short_name"": ""恒瑞医药"", ""source_document_date"": ""2026-04-17"", ""source_kind"": ""SSE_OFFICIAL_ISSUER_DISCLOSURE"", ""source_url"": ""https://www.sse.com.cn/disclosure/listedinfo/announcement/c/new/2026-04-17/600276_20260417_XMOL.pdf""}, ""substring_matching_used"": false}"
临床试验默示许可,official:6a908bfe039f889a8a88e1d4e1f6bec1,江苏恒瑞医药股份有限公司,HRS-6209胶囊,本品联合HRS-2189和芳香化酶抑制剂用于乳腺癌的治疗。,https://www.cde.org.cn/main/xxgk/listpage/4b5255eb0a84820cef4ca3e8b6bbe20c,FIRST_OBSERVED_SNAPSHOT_DATE,,,2026-09-30T17:29:59+08:00,CXHL2500848,1,,COMPLETE,6a908bfe039f889a8a88e1d4e1f6bec1,600276.SH,EXACT_LISTED_ISSUER_LEGAL_NAME,WHOLE_FIELD_EXACT,江苏恒瑞医药股份有限公司,"{""affiliate_inference_used"": false, ""mapping_match_mode"": ""WHOLE_FIELD_EXACT"", ""matched_applicant_token"": ""江苏恒瑞医药股份有限公司"", ""official_applicant_field"": ""江苏恒瑞医药股份有限公司"", ""registry_evidence"": {""listed_issuer_legal_name"": ""江苏恒瑞医药股份有限公司"", ""security_code"": ""600276"", ""security_short_name"": ""恒瑞医药"", ""source_document_date"": ""2026-04-17"", ""source_kind"": ""SSE_OFFICIAL_ISSUER_DISCLOSURE"", ""source_url"": ""https://www.sse.com.cn/disclosure/listedinfo/announcement/c/new/2026-04-17/600276_20260417_XMOL.pdf""}, ""substring_matching_used"": false}"
临床试验默示许可,official:6a9f32d8b528b0117bc54267e5ed5390,江苏恒瑞医药股份有限公司;江苏恒瑞医药股份有限公司,马来酸吡咯替尼片,本品单药拟用于HER2突变的、既往接受过标准化疗的晚期非小细胞肺腺癌患者的治疗。,https://www.cde.org.cn/main/xxgk/listpage/4b5255eb0a84820cef4ca3e8b6bbe20c,FIRST_OBSERVED_SNAPSHOT_DATE,,,2026-09-30T17:29:59+08:00,CXHB2000076,2.4,,COMPLETE,6a9f32d8b528b0117bc54267e5ed5390,600276.SH,EXACT_APPLICANT_TOKEN_IN_OFFICIAL_MULTI_APPLICANT_FIELD,DELIMITED_APPLICANT_TOKEN_EXACT,江苏恒瑞医药股份有限公司,"{""affiliate_inference_used"": false, ""mapping_match_mode"": ""DELIMITED_APPLICANT_TOKEN_EXACT"", ""matched_applicant_token"": ""江苏恒瑞医药股份有限公司"", ""official_applicant_field"": ""江苏恒瑞医药股份有限公司;江苏恒瑞医药股份有限公司"", ""registry_evidence"": {""listed_issuer_legal_name"": ""江苏恒瑞医药股份有限公司"", ""security_code"": ""600276"", ""security_short_name"": ""恒瑞医药"", ""source_document_date"": ""2026-04-17"", ""source_kind"": ""SSE_OFFICIAL_ISSUER_DISCLOSURE"", ""source_url"": ""https://www.sse.com.cn/disclosure/listedinfo/announcement/c/new/2026-04-17/600276_20260417_XMOL.pdf""}, ""substring_matching_used"": false}"
临床试验默示许可,official:6bce06bc0f6a6c3ea485deb978a7cb92,江苏恒瑞医药股份有限公司,羟乙磺酸达尔西利片,本品联合醋酸阿比特龙片（I）和泼尼松片（AA-P）用于治疗高瘤负荷的转移性激素敏感性前列腺癌。,https://www.cde.org.cn/main/xxgk/listpage/4b5255eb0a84820cef4ca3e8b6bbe20c,FIRST_OBSERVED_SNAPSHOT_DATE,,,2026-09-30T17:29:59+08:00,CXHL2300704,2.4,,COMPLETE,6bce06bc0f6a6c3ea485deb978a7cb92,600276.SH,EXACT_LISTED_ISSUER_LEGAL_NAME,WHOLE_FIELD_EXACT,江苏恒瑞医药股份有限公司,"{""affiliate_inference_used"": false, ""mapping_match_mode"": ""WHOLE_FIELD_EXACT"", ""matched_applicant_token"": ""江苏恒瑞医药股份有限公司"", ""official_applicant_field"": ""江苏恒瑞医药股份有限公司"", ""registry_evidence"": {""listed_issuer_legal_name"": ""江苏恒瑞医药股份有限公司"", ""security_code"": ""600276"", ""security_short_name"": ""恒瑞医药"", ""source_document_date"": ""2026-04-17"", ""source_kind"": ""SSE_OFFICIAL_ISSUER_DISCLOSURE"", ""source_url"": ""https://www.sse.com.cn/disclosure/listedinfo/announcement/c/new/2026-04-17/600276_20260417_XMOL.pdf""}, ""substring_matching_used"": false}"
临床试验默示许可,official:6c0d678db86be0f1cb7c15e3c3ea0a05,江苏恒瑞医药股份有限公司;江苏恒瑞医药股份有限公司,苹果酸法米替尼胶囊,既往系统化疗失败的广泛期小细胞肺癌,https://www.cde.org.cn/main/xxgk/listpage/4b5255eb0a84820cef4ca3e8b6bbe20c,FIRST_OBSERVED_SNAPSHOT_DATE,,,2026-09-30T17:29:59+08:00,CXHL2000646,化学药品第1类,,COMPLETE,6c0d678db86be0f1cb7c15e3c3ea0a05,600276.SH,EXACT_APPLICANT_TOKEN_IN_OFFICIAL_MULTI_APPLICANT_FIELD,DELIMITED_APPLICANT_TOKEN_EXACT,江苏恒瑞医药股份有限公司,"{""affiliate_inference_used"": false, ""mapping_match_mode"": ""DELIMITED_APPLICANT_TOKEN_EXACT"", ""matched_applicant_token"": ""江苏恒瑞医药股份有限公司"", ""official_applicant_field"": ""江苏恒瑞医药股份有限公司;江苏恒瑞医药股份有限公司"", ""registry_evidence"": {""listed_issuer_legal_name"": ""江苏恒瑞医药股份有限公司"", ""security_code"": ""600276"", ""security_short_name"": ""恒瑞医药"", ""source_document_date"": ""2026-04-17"", ""source_kind"": ""SSE_OFFICIAL_ISSUER_DISCLOSURE"", ""source_url"": ""https://www.sse.com.cn/disclosure/listedinfo/announcement/c/new/2026-04-17/600276_20260417_XMOL.pdf""}, ""substring_matching_used"": false}"
临床试验默示许可,official:6ca2d99436ff38c333c4fac34d119747,江苏恒瑞医药股份有限公司,SHR0302碱凝胶,白癜风,https://www.cde.org.cn/main/xxgk/listpage/4b5255eb0a84820cef4ca3e8b6bbe20c,FIRST_OBSERVED_SNAPSHOT_DATE,,,2026-09-30T17:29:59+08:00,CXHL2400224,1,,COMPLETE,6ca2d99436ff38c333c4fac34d119747,600276.SH,EXACT_LISTED_ISSUER_LEGAL_NAME,WHOLE_FIELD_EXACT,江苏恒瑞医药股份有限公司,"{""affiliate_inference_used"": false, ""mapping_match_mode"": ""WHOLE_FIELD_EXACT"", ""matched_applicant_token"": ""江苏恒瑞医药股份有限公司"", ""official_applicant_field"": ""江苏恒瑞医药股份有限公司"", ""registry_evidence"": {""listed_issuer_legal_name"": ""江苏恒瑞医药股份有限公司"", ""security_code"": ""600276"", ""security_short_name"": ""恒瑞医药"", ""source_document_date"": ""2026-04-17"", ""source_kind"": ""SSE_OFFICIAL_ISSUER_DISCLOSURE"", ""source_url"": ""https://www.sse.com.cn/disclosure/listedinfo/announcement/c/new/2026-04-17/600276_20260417_XMOL.pdf""}, ""substring_matching_used"": false}"
临床试验默示许可,official:6cb10bfe81a42220a30b97ace88c0e49,江苏恒瑞医药股份有限公司;江苏恒瑞医药股份有限公司,SHR2285片,预防或治疗动静脉血栓，以及降低介入治疗或体外循环引起的血栓栓塞风险。,https://www.cde.org.cn/main/xxgk/listpage/4b5255eb0a84820cef4ca3e8b6bbe20c,FIRST_OBSERVED_SNAPSHOT_DATE,,,2026-09-30T17:29:59+08:00,CXHB2100050,1类,,COMPLETE,6cb10bfe81a42220a30b97ace88c0e49,600276.SH,EXACT_APPLICANT_TOKEN_IN_OFFICIAL_MULTI_APPLICANT_FIELD,DELIMITED_APPLICANT_TOKEN_EXACT,江苏恒瑞医药股份有限公司,"{""affiliate_inference_used"": false, ""mapping_match_mode"": ""DELIMITED_APPLICANT_TOKEN_EXACT"", ""matched_applicant_token"": ""江苏恒瑞医药股份有限公司"", ""official_applicant_field"": ""江苏恒瑞医药股份有限公司;江苏恒瑞医药股份有限公司"", ""registry_evidence"": {""listed_issuer_legal_name"": ""江苏恒瑞医药股份有限公司"", ""security_code"": ""600276"", ""security_short_name"": ""恒瑞医药"", ""source_document_date"": ""2026-04-17"", ""source_kind"": ""SSE_OFFICIAL_ISSUER_DISCLOSURE"", ""source_url"": ""https://www.sse.com.cn/disclosure/listedinfo/announcement/c/new/2026-04-17/600276_20260417_XMOL.pdf""}, ""substring_matching_used"": false}"
临床试验默示许可,official:6d3f4aa0fbefd3e33203b1de5b91888a,江苏恒瑞医药股份有限公司;成都盛迪医药有限公司,HRS-5041片,本品联合或不联合注射用SHR4394联合或不联合二代AR抑制剂用于前列腺癌。,https://www.cde.org.cn/main/xxgk/listpage/4b5255eb0a84820cef4ca3e8b6bbe20c,FIRST_OBSERVED_SNAPSHOT_DATE,,,2026-09-30T17:29:59+08:00,CXHL2501068,1,,COMPLETE,6d3f4aa0fbefd3e33203b1de5b91888a,600276.SH,EXACT_APPLICANT_TOKEN_IN_OFFICIAL_MULTI_APPLICANT_FIELD,DELIMITED_APPLICANT_TOKEN_EXACT,江苏恒瑞医药股份有限公司,"{""affiliate_inference_used"": false, ""mapping_match_mode"": ""DELIMITED_APPLICANT_TOKEN_EXACT"", ""matched_applicant_token"": ""江苏恒瑞医药股份有限公司"", ""official_applicant_field"": ""江苏恒瑞医药股份有限公司;成都盛迪医药有限公司"", ""registry_evidence"": {""listed_issuer_legal_name"": ""江苏恒瑞医药股份有限公司"", ""security_code"": ""600276"", ""security_short_name"": ""恒瑞医药"", ""source_document_date"": ""2026-04-17"", ""source_kind"": ""SSE_OFFICIAL_ISSUER_DISCLOSURE"", ""source_url"": ""https://www.sse.com.cn/disclosure/listedinfo/announcement/c/new/2026-04-17/600276_20260417_XMOL.pdf""}, ""substring_matching_used"": false}"
临床试验默示许可,official:6e3c88b7283f60d78b03093217f7cc87,江苏恒瑞医药股份有限公司,HRS-4508片,HRS-4508±曲妥珠单抗±卡培他滨/帕妥珠单抗、或联合SHR-A1811、或联合贝伐珠单抗±SHR-A1811、或联合阿得贝利单抗±SHR-A1811±贝伐珠单抗用于实体瘤的治疗。,https://www.cde.org.cn/main/xxgk/listpage/4b5255eb0a84820cef4ca3e8b6bbe20c,FIRST_OBSERVED_SNAPSHOT_DATE,,,2026-09-30T17:29:59+08:00,CXHL2500541,1,,COMPLETE,6e3c88b7283f60d78b03093217f7cc87,600276.SH,EXACT_LISTED_ISSUER_LEGAL_NAME,WHOLE_FIELD_EXACT,江苏恒瑞医药股份有限公司,"{""affiliate_inference_used"": false, ""mapping_match_mode"": ""WHOLE_FIELD_EXACT"", ""matched_applicant_token"": ""江苏恒瑞医药股份有限公司"", ""official_applicant_field"": ""江苏恒瑞医药股份有限公司"", ""registry_evidence"": {""listed_issuer_legal_name"": ""江苏恒瑞医药股份有限公司"", ""security_code"": ""600276"", ""security_short_name"": ""恒瑞医药"", ""source_document_date"": ""2026-04-17"", ""source_kind"": ""SSE_OFFICIAL_ISSUER_DISCLOSURE"", ""source_url"": ""https://www.sse.com.cn/disclosure/listedinfo/announcement/c/new/2026-04-17/600276_20260417_XMOL.pdf""}, ""substring_matching_used"": false}"
临床试验默示许可,official:6f7804e93ed09940a5fdbe1d25d6bb19,江苏恒瑞医药股份有限公司;江苏恒瑞医药股份有限公司,诺利糖肽注射液,2型糖尿病,https://www.cde.org.cn/main/xxgk/listpage/4b5255eb0a84820cef4ca3e8b6bbe20c,FIRST_OBSERVED_SNAPSHOT_DATE,,,2026-09-30T17:29:59+08:00,CXHB2100040,原1.1,,COMPLETE,6f7804e93ed09940a5fdbe1d25d6bb19,600276.SH,EXACT_APPLICANT_TOKEN_IN_OFFICIAL_MULTI_APPLICANT_FIELD,DELIMITED_APPLICANT_TOKEN_EXACT,江苏恒瑞医药股份有限公司,"{""affiliate_inference_used"": false, ""mapping_match_mode"": ""DELIMITED_APPLICANT_TOKEN_EXACT"", ""matched_applicant_token"": ""江苏恒瑞医药股份有限公司"", ""official_applicant_field"": ""江苏恒瑞医药股份有限公司;江苏恒瑞医药股份有限公司"", ""registry_evidence"": {""listed_issuer_legal_name"": ""江苏恒瑞医药股份有限公司"", ""security_code"": ""600276"", ""security_short_name"": ""恒瑞医药"", ""source_document_date"": ""2026-04-17"", ""source_kind"": ""SSE_OFFICIAL_ISSUER_DISCLOSURE"", ""source_url"": ""https://www.sse.com.cn/disclosure/listedinfo/announcement/c/new/2026-04-17/600276_20260417_XMOL.pdf""}, ""substring_matching_used"": false}"
临床试验默示许可,official:703dffdf86e68d6398c7a80593c6a6bd,江苏恒瑞医药股份有限公司;江苏恒瑞医药股份有限公司,氟唑帕利胶囊,本品联合mFOLFIRINOX化疗用于胰腺癌新辅助和辅助化疗。,https://www.cde.org.cn/main/xxgk/listpage/4b5255eb0a84820cef4ca3e8b6bbe20c,FIRST_OBSERVED_SNAPSHOT_DATE,,,2026-09-30T17:29:59+08:00,CXHL2000354,1,,COMPLETE,703dffdf86e68d6398c7a80593c6a6bd,600276.SH,EXACT_APPLICANT_TOKEN_IN_OFFICIAL_MULTI_APPLICANT_FIELD,DELIMITED_APPLICANT_TOKEN_EXACT,江苏恒瑞医药股份有限公司,"{""affiliate_inference_used"": false, ""mapping_match_mode"": ""DELIMITED_APPLICANT_TOKEN_EXACT"", ""matched_applicant_token"": ""江苏恒瑞医药股份有限公司"", ""official_applicant_field"": ""江苏恒瑞医药股份有限公司;江苏恒瑞医药股份有限公司"", ""registry_evidence"": {""listed_issuer_legal_name"": ""江苏恒瑞医药股份有限公司"", ""security_code"": ""600276"", ""security_short_name"": ""恒瑞医药"", ""source_document_date"": ""2026-04-17"", ""source_kind"": ""SSE_OFFICIAL_ISSUER_DISCLOSURE"", ""source_url"": ""https://www.sse.com.cn/disclosure/listedinfo/announcement/c/new/2026-04-17/600276_20260417_XMOL.pdf""}, ""substring_matching_used"": false}"
临床试验默示许可,official:721aad898257720d5b7e2d03af6aec61,江苏恒瑞医药股份有限公司,HRS-4508片,本品联合曲妥珠单抗±帕妥珠单抗+化疗用于实体瘤的治疗,https://www.cde.org.cn/main/xxgk/listpage/4b5255eb0a84820cef4ca3e8b6bbe20c,FIRST_OBSERVED_SNAPSHOT_DATE,,,2026-09-30T17:29:59+08:00,CXHL2600335,1,,COMPLETE,721aad898257720d5b7e2d03af6aec61,600276.SH,EXACT_LISTED_ISSUER_LEGAL_NAME,WHOLE_FIELD_EXACT,江苏恒瑞医药股份有限公司,"{""affiliate_inference_used"": false, ""mapping_match_mode"": ""WHOLE_FIELD_EXACT"", ""matched_applicant_token"": ""江苏恒瑞医药股份有限公司"", ""official_applicant_field"": ""江苏恒瑞医药股份有限公司"", ""registry_evidence"": {""listed_issuer_legal_name"": ""江苏恒瑞医药股份有限公司"", ""security_code"": ""600276"", ""security_short_name"": ""恒瑞医药"", ""source_document_date"": ""2026-04-17"", ""source_kind"": ""SSE_OFFICIAL_ISSUER_DISCLOSURE"", ""source_url"": ""https://www.sse.com.cn/disclosure/listedinfo/announcement/c/new/2026-04-17/600276_20260417_XMOL.pdf""}, ""substring_matching_used"": false}"
临床试验默示许可,official:722a35f1447f26e76bc12b44cc4c8609,江苏恒瑞医药股份有限公司;江苏恒瑞医药股份有限公司,甲磺酸阿帕替尼片,本品联合注射用卡瑞利珠单抗用于肝癌根治性手术或消融后伴高复发风险人群辅助治疗。,https://www.cde.org.cn/main/xxgk/listpage/4b5255eb0a84820cef4ca3e8b6bbe20c,FIRST_OBSERVED_SNAPSHOT_DATE,,,2026-09-30T17:29:59+08:00,CXHL2000360,2.4,,COMPLETE,722a35f1447f26e76bc12b44cc4c8609,600276.SH,EXACT_APPLICANT_TOKEN_IN_OFFICIAL_MULTI_APPLICANT_FIELD,DELIMITED_APPLICANT_TOKEN_EXACT,江苏恒瑞医药股份有限公司,"{""affiliate_inference_used"": false, ""mapping_match_mode"": ""DELIMITED_APPLICANT_TOKEN_EXACT"", ""matched_applicant_token"": ""江苏恒瑞医药股份有限公司"", ""official_applicant_field"": ""江苏恒瑞医药股份有限公司;江苏恒瑞医药股份有限公司"", ""registry_evidence"": {""listed_issuer_legal_name"": ""江苏恒瑞医药股份有限公司"", ""security_code"": ""600276"", ""security_short_name"": ""恒瑞医药"", ""source_document_date"": ""2026-04-17"", ""source_kind"": ""SSE_OFFICIAL_ISSUER_DISCLOSURE"", ""source_url"": ""https://www.sse.com.cn/disclosure/listedinfo/announcement/c/new/2026-04-17/600276_20260417_XMOL.pdf""}, ""substring_matching_used"": false}"
临床试验默示许可,official:72e34b5795519ec42d452681a525a7d6,江苏恒瑞医药股份有限公司;江苏恒瑞医药股份有限公司,盐酸伊立替康脂质体注射液,本品联合奥沙利铂、5-氟尿嘧啶/亚叶酸钙、贝伐珠单抗用于不可手术切除的转移性结直肠癌患者的一线治疗。,https://www.cde.org.cn/main/xxgk/listpage/4b5255eb0a84820cef4ca3e8b6bbe20c,FIRST_OBSERVED_SNAPSHOT_DATE,,,2026-09-30T17:29:59+08:00,CXHL2300434,2.2;2.4,,COMPLETE,72e34b5795519ec42d452681a525a7d6,600276.SH,EXACT_APPLICANT_TOKEN_IN_OFFICIAL_MULTI_APPLICANT_FIELD,DELIMITED_APPLICANT_TOKEN_EXACT,江苏恒瑞医药股份有限公司,"{""affiliate_inference_used"": false, ""mapping_match_mode"": ""DELIMITED_APPLICANT_TOKEN_EXACT"", ""matched_applicant_token"": ""江苏恒瑞医药股份有限公司"", ""official_applicant_field"": ""江苏恒瑞医药股份有限公司;江苏恒瑞医药股份有限公司"", ""registry_evidence"": {""listed_issuer_legal_name"": ""江苏恒瑞医药股份有限公司"", ""security_code"": ""600276"", ""security_short_name"": ""恒瑞医药"", ""source_document_date"": ""2026-04-17"", ""source_kind"": ""SSE_OFFICIAL_ISSUER_DISCLOSURE"", ""source_url"": ""https://www.sse.com.cn/disclosure/listedinfo/announcement/c/new/2026-04-17/600276_20260417_XMOL.pdf""}, ""substring_matching_used"": false}"
临床试验默示许可,official:7327f5482c9bf313a0c58d94bf687e84,江苏恒瑞医药股份有限公司;江苏恒瑞医药股份有限公司;上海恒瑞医药有限公司,SHR6390片,本品拟联合来曲唑/阿那曲唑用于HR阳性，HER2阴性的经内分泌治疗后进展的复发或转移性乳腺癌的治疗。,https://www.cde.org.cn/main/xxgk/listpage/4b5255eb0a84820cef4ca3e8b6bbe20c,FIRST_OBSERVED_SNAPSHOT_DATE,,,2026-09-30T17:29:59+08:00,CXHL1900240,1,,COMPLETE,7327f5482c9bf313a0c58d94bf687e84,600276.SH,EXACT_APPLICANT_TOKEN_IN_OFFICIAL_MULTI_APPLICANT_FIELD,DELIMITED_APPLICANT_TOKEN_EXACT,江苏恒瑞医药股份有限公司,"{""affiliate_inference_used"": false, ""mapping_match_mode"": ""DELIMITED_APPLICANT_TOKEN_EXACT"", ""matched_applicant_token"": ""江苏恒瑞医药股份有限公司"", ""official_applicant_field"": ""江苏恒瑞医药股份有限公司;江苏恒瑞医药股份有限公司;上海恒瑞医药有限公司"", ""registry_evidence"": {""listed_issuer_legal_name"": ""江苏恒瑞医药股份有限公司"", ""security_code"": ""600276"", ""security_short_name"": ""恒瑞医药"", ""source_document_date"": ""2026-04-17"", ""source_kind"": ""SSE_OFFICIAL_ISSUER_DISCLOSURE"", ""source_url"": ""https://www.sse.com.cn/disclosure/listedinfo/announcement/c/new/2026-04-17/600276_20260417_XMOL.pdf""}, ""substring_matching_used"": false}"
临床试验默示许可,official:736fae58010dae36329a0232cd05b8e6,江苏恒瑞医药股份有限公司,HRS-3738片,本品联合含地塞米松的治疗方案用于复发难治的多发性骨髓瘤。,https://www.cde.org.cn/main/xxgk/listpage/4b5255eb0a84820cef4ca3e8b6bbe20c,FIRST_OBSERVED_SNAPSHOT_DATE,,,2026-09-30T17:29:59+08:00,CXHL2301136,化学药品:1类,,COMPLETE,736fae58010dae36329a0232cd05b8e6,600276.SH,EXACT_LISTED_ISSUER_LEGAL_NAME,WHOLE_FIELD_EXACT,江苏恒瑞医药股份有限公司,"{""affiliate_inference_used"": false, ""mapping_match_mode"": ""WHOLE_FIELD_EXACT"", ""matched_applicant_token"": ""江苏恒瑞医药股份有限公司"", ""official_applicant_field"": ""江苏恒瑞医药股份有限公司"", ""registry_evidence"": {""listed_issuer_legal_name"": ""江苏恒瑞医药股份有限公司"", ""security_code"": ""600276"", ""security_short_name"": ""恒瑞医药"", ""source_document_date"": ""2026-04-17"", ""source_kind"": ""SSE_OFFICIAL_ISSUER_DISCLOSURE"", ""source_url"": ""https://www.sse.com.cn/disclosure/listedinfo/announcement/c/new/2026-04-17/600276_20260417_XMOL.pdf""}, ""substring_matching_used"": false}"
临床试验默示许可,official:74190ea32f31338cf196a01b4f377bff,江苏恒瑞医药股份有限公司;江苏恒瑞医药股份有限公司;上海恒瑞医药有限公司,马来酸吡咯替尼片,本品单药拟用于表皮生长因子受体2（HER2）阳性早期或局部晚期乳腺癌患者经曲妥珠单抗辅助治疗后的延长阶段的辅助治疗。,https://www.cde.org.cn/main/xxgk/listpage/4b5255eb0a84820cef4ca3e8b6bbe20c,FIRST_OBSERVED_SNAPSHOT_DATE,,,2026-09-30T17:29:59+08:00,CXHB2000020,2.4,,COMPLETE,74190ea32f31338cf196a01b4f377bff,600276.SH,EXACT_APPLICANT_TOKEN_IN_OFFICIAL_MULTI_APPLICANT_FIELD,DELIMITED_APPLICANT_TOKEN_EXACT,江苏恒瑞医药股份有限公司,"{""affiliate_inference_used"": false, ""mapping_match_mode"": ""DELIMITED_APPLICANT_TOKEN_EXACT"", ""matched_applicant_token"": ""江苏恒瑞医药股份有限公司"", ""official_applicant_field"": ""江苏恒瑞医药股份有限公司;江苏恒瑞医药股份有限公司;上海恒瑞医药有限公司"", ""registry_evidence"": {""listed_issuer_legal_name"": ""江苏恒瑞医药股份有限公司"", ""security_code"": ""600276"", ""security_short_name"": ""恒瑞医药"", ""source_document_date"": ""2026-04-17"", ""source_kind"": ""SSE_OFFICIAL_ISSUER_DISCLOSURE"", ""source_url"": ""https://www.sse.com.cn/disclosure/listedinfo/announcement/c/new/2026-04-17/600276_20260417_XMOL.pdf""}, ""substring_matching_used"": false}"
临床试验默示许可,official:7439bb03b68c61de4ee0c5bf08407a7b,江苏恒瑞医药股份有限公司;江苏恒瑞医药股份有限公司;上海恒瑞医药有限公司,甲磺酸阿帕替尼片,甲磺酸阿帕替尼片与吉非替尼片联合用于一线治疗IIIB-IV期EGFR基因突变型非鳞非小细胞肺癌,https://www.cde.org.cn/main/xxgk/listpage/4b5255eb0a84820cef4ca3e8b6bbe20c,FIRST_OBSERVED_SNAPSHOT_DATE,,,2026-09-30T17:29:59+08:00,CXHL1900324,2.4,,COMPLETE,7439bb03b68c61de4ee0c5bf08407a7b,600276.SH,EXACT_APPLICANT_TOKEN_IN_OFFICIAL_MULTI_APPLICANT_FIELD,DELIMITED_APPLICANT_TOKEN_EXACT,江苏恒瑞医药股份有限公司,"{""affiliate_inference_used"": false, ""mapping_match_mode"": ""DELIMITED_APPLICANT_TOKEN_EXACT"", ""matched_applicant_token"": ""江苏恒瑞医药股份有限公司"", ""official_applicant_field"": ""江苏恒瑞医药股份有限公司;江苏恒瑞医药股份有限公司;上海恒瑞医药有限公司"", ""registry_evidence"": {""listed_issuer_legal_name"": ""江苏恒瑞医药股份有限公司"", ""security_code"": ""600276"", ""security_short_name"": ""恒瑞医药"", ""source_document_date"": ""2026-04-17"", ""source_kind"": ""SSE_OFFICIAL_ISSUER_DISCLOSURE"", ""source_url"": ""https://www.sse.com.cn/disclosure/listedinfo/announcement/c/new/2026-04-17/600276_20260417_XMOL.pdf""}, ""substring_matching_used"": false}"
临床试验默示许可,official:7457cdcd32bed3542f7df371a3ca21ca,江苏恒瑞医药股份有限公司;江苏恒瑞医药股份有限公司,诺利糖肽注射液,在饮食运动控制基础上，用于肥胖(（BMI≥28）)或超重（BMI≥24）合并至少一个体重相关并发症（如高血压、2型糖尿病、血脂异常等）的治疗。,https://www.cde.org.cn/main/xxgk/listpage/4b5255eb0a84820cef4ca3e8b6bbe20c,FIRST_OBSERVED_SNAPSHOT_DATE,,,2026-09-30T17:29:59+08:00,CXHB2200191,原1.1,,COMPLETE,7457cdcd32bed3542f7df371a3ca21ca,600276.SH,EXACT_APPLICANT_TOKEN_IN_OFFICIAL_MULTI_APPLICANT_FIELD,DELIMITED_APPLICANT_TOKEN_EXACT,江苏恒瑞医药股份有限公司,"{""affiliate_inference_used"": false, ""mapping_match_mode"": ""DELIMITED_APPLICANT_TOKEN_EXACT"", ""matched_applicant_token"": ""江苏恒瑞医药股份有限公司"", ""official_applicant_field"": ""江苏恒瑞医药股份有限公司;江苏恒瑞医药股份有限公司"", ""registry_evidence"": {""listed_issuer_legal_name"": ""江苏恒瑞医药股份有限公司"", ""security_code"": ""600276"", ""security_short_name"": ""恒瑞医药"", ""source_document_date"": ""2026-04-17"", ""source_kind"": ""SSE_OFFICIAL_ISSUER_DISCLOSURE"", ""source_url"": ""https://www.sse.com.cn/disclosure/listedinfo/announcement/c/new/2026-04-17/600276_20260417_XMOL.pdf""}, ""substring_matching_used"": false}"
临床试验默示许可,official:74dfeb60617bfb50537470d66fc11d99,江苏恒瑞医药股份有限公司;江苏恒瑞医药股份有限公司;上海恒瑞医药有限公司,苹果酸法米替尼胶囊,本品与注射用卡瑞利珠单抗、培美曲塞和卡铂联合，用于既往未接受过系统治疗的EGFR/ALK野生 型的晚期或转移性非鳞癌非小细胞肺癌,https://www.cde.org.cn/main/xxgk/listpage/4b5255eb0a84820cef4ca3e8b6bbe20c,FIRST_OBSERVED_SNAPSHOT_DATE,,,2026-09-30T17:29:59+08:00,CXHL2000326,1,,COMPLETE,74dfeb60617bfb50537470d66fc11d99,600276.SH,EXACT_APPLICANT_TOKEN_IN_OFFICIAL_MULTI_APPLICANT_FIELD,DELIMITED_APPLICANT_TOKEN_EXACT,江苏恒瑞医药股份有限公司,"{""affiliate_inference_used"": false, ""mapping_match_mode"": ""DELIMITED_APPLICANT_TOKEN_EXACT"", ""matched_applicant_token"": ""江苏恒瑞医药股份有限公司"", ""official_applicant_field"": ""江苏恒瑞医药股份有限公司;江苏恒瑞医药股份有限公司;上海恒瑞医药有限公司"", ""registry_evidence"": {""listed_issuer_legal_name"": ""江苏恒瑞医药股份有限公司"", ""security_code"": ""600276"", ""security_short_name"": ""恒瑞医药"", ""source_document_date"": ""2026-04-17"", ""source_kind"": ""SSE_OFFICIAL_ISSUER_DISCLOSURE"", ""source_url"": ""https://www.sse.com.cn/disclosure/listedinfo/announcement/c/new/2026-04-17/600276_20260417_XMOL.pdf""}, ""substring_matching_used"": false}"
临床试验默示许可,official:7505af8549cd37514f3996e7cffed8e3,江苏恒瑞医药股份有限公司;上海璎黎药业有限公司,YY-20394片,联合MIL62注射液用于复发难治B细胞非霍奇金淋巴瘤患者,https://www.cde.org.cn/main/xxgk/listpage/4b5255eb0a84820cef4ca3e8b6bbe20c,FIRST_OBSERVED_SNAPSHOT_DATE,,,2026-09-30T17:29:59+08:00,CXHL2101580,化学药品1类,,COMPLETE,7505af8549cd37514f3996e7cffed8e3,600276.SH,EXACT_APPLICANT_TOKEN_IN_OFFICIAL_MULTI_APPLICANT_FIELD,DELIMITED_APPLICANT_TOKEN_EXACT,江苏恒瑞医药股份有限公司,"{""affiliate_inference_used"": false, ""mapping_match_mode"": ""DELIMITED_APPLICANT_TOKEN_EXACT"", ""matched_applicant_token"": ""江苏恒瑞医药股份有限公司"", ""official_applicant_field"": ""江苏恒瑞医药股份有限公司;上海璎黎药业有限公司"", ""registry_evidence"": {""listed_issuer_legal_name"": ""江苏恒瑞医药股份有限公司"", ""security_code"": ""600276"", ""security_short_name"": ""恒瑞医药"", ""source_document_date"": ""2026-04-17"", ""source_kind"": ""SSE_OFFICIAL_ISSUER_DISCLOSURE"", ""source_url"": ""https://www.sse.com.cn/disclosure/listedinfo/announcement/c/new/2026-04-17/600276_20260417_XMOL.pdf""}, ""substring_matching_used"": false}"
临床试验默示许可,official:757e1c34c1c12ef12861cee445ac5ff3,苏州盛迪亚生物医药有限公司;苏州盛迪亚生物医药有限公司;江苏恒瑞医药股份有限公司;上海恒瑞医药有限公司,SHR-1316注射液,SHR-1316注射液联合氟唑帕利胶囊及替莫唑胺胶囊治疗复发性小细胞肺癌,https://www.cde.org.cn/main/xxgk/listpage/4b5255eb0a84820cef4ca3e8b6bbe20c,FIRST_OBSERVED_SNAPSHOT_DATE,,,2026-09-30T17:29:59+08:00,CXSL2000040,1,,COMPLETE,757e1c34c1c12ef12861cee445ac5ff3,600276.SH,EXACT_APPLICANT_TOKEN_IN_OFFICIAL_MULTI_APPLICANT_FIELD,DELIMITED_APPLICANT_TOKEN_EXACT,江苏恒瑞医药股份有限公司,"{""affiliate_inference_used"": false, ""mapping_match_mode"": ""DELIMITED_APPLICANT_TOKEN_EXACT"", ""matched_applicant_token"": ""江苏恒瑞医药股份有限公司"", ""official_applicant_field"": ""苏州盛迪亚生物医药有限公司;苏州盛迪亚生物医药有限公司;江苏恒瑞医药股份有限公司;上海恒瑞医药有限公司"", ""registry_evidence"": {""listed_issuer_legal_name"": ""江苏恒瑞医药股份有限公司"", ""security_code"": ""600276"", ""security_short_name"": ""恒瑞医药"", ""source_document_date"": ""2026-04-17"", ""source_kind"": ""SSE_OFFICIAL_ISSUER_DISCLOSURE"", ""source_url"": ""https://www.sse.com.cn/disclosure/listedinfo/announcement/c/new/2026-04-17/600276_20260417_XMOL.pdf""}, ""substring_matching_used"": false}"
临床试验默示许可,official:7746934630743d2f0b0d7ddd73de82e9,江苏恒瑞医药股份有限公司,HRG2005吸入剂,本品适用于慢性阻塞性肺疾病（COPD）患者的维持治疗。,https://www.cde.org.cn/main/xxgk/listpage/4b5255eb0a84820cef4ca3e8b6bbe20c,FIRST_OBSERVED_SNAPSHOT_DATE,,,2026-09-30T17:29:59+08:00,CXHL2200130,2.3,,COMPLETE,7746934630743d2f0b0d7ddd73de82e9,600276.SH,EXACT_LISTED_ISSUER_LEGAL_NAME,WHOLE_FIELD_EXACT,江苏恒瑞医药股份有限公司,"{""affiliate_inference_used"": false, ""mapping_match_mode"": ""WHOLE_FIELD_EXACT"", ""matched_applicant_token"": ""江苏恒瑞医药股份有限公司"", ""official_applicant_field"": ""江苏恒瑞医药股份有限公司"", ""registry_evidence"": {""listed_issuer_legal_name"": ""江苏恒瑞医药股份有限公司"", ""security_code"": ""600276"", ""security_short_name"": ""恒瑞医药"", ""source_document_date"": ""2026-04-17"", ""source_kind"": ""SSE_OFFICIAL_ISSUER_DISCLOSURE"", ""source_url"": ""https://www.sse.com.cn/disclosure/listedinfo/announcement/c/new/2026-04-17/600276_20260417_XMOL.pdf""}, ""substring_matching_used"": false}"
临床试验默示许可,official:778ec7b0f03decdd818c79e05ce427e2,eVENUS PHARMACEUTICAL LABORATORIES INC.;江苏恒瑞医药股份有限公司,SHR8028滴眼液,干眼症,https://www.cde.org.cn/main/xxgk/listpage/4b5255eb0a84820cef4ca3e8b6bbe20c,FIRST_OBSERVED_SNAPSHOT_DATE,,,2026-09-30T17:29:59+08:00,JXHL2000278,2.2,,COMPLETE,778ec7b0f03decdd818c79e05ce427e2,600276.SH,EXACT_APPLICANT_TOKEN_IN_OFFICIAL_MULTI_APPLICANT_FIELD,DELIMITED_APPLICANT_TOKEN_EXACT,江苏恒瑞医药股份有限公司,"{""affiliate_inference_used"": false, ""mapping_match_mode"": ""DELIMITED_APPLICANT_TOKEN_EXACT"", ""matched_applicant_token"": ""江苏恒瑞医药股份有限公司"", ""official_applicant_field"": ""eVENUS PHARMACEUTICAL LABORATORIES INC.;江苏恒瑞医药股份有限公司"", ""registry_evidence"": {""listed_issuer_legal_name"": ""江苏恒瑞医药股份有限公司"", ""security_code"": ""600276"", ""security_short_name"": ""恒瑞医药"", ""source_document_date"": ""2026-04-17"", ""source_kind"": ""SSE_OFFICIAL_ISSUER_DISCLOSURE"", ""source_url"": ""https://www.sse.com.cn/disclosure/listedinfo/announcement/c/new/2026-04-17/600276_20260417_XMOL.pdf""}, ""substring_matching_used"": false}"
临床试验默示许可,official:77be38823dc3869eb0a5169979637c8c,福建盛迪医药有限公司;江苏恒瑞医药股份有限公司;北京拓界生物医药科技有限公司,HRS-4729注射液,慢性肾脏病,https://www.cde.org.cn/main/xxgk/listpage/4b5255eb0a84820cef4ca3e8b6bbe20c,FIRST_OBSERVED_SNAPSHOT_DATE,,,2026-09-30T17:29:59+08:00,CXHL2600851,1,,COMPLETE,77be38823dc3869eb0a5169979637c8c,600276.SH,EXACT_APPLICANT_TOKEN_IN_OFFICIAL_MULTI_APPLICANT_FIELD,DELIMITED_APPLICANT_TOKEN_EXACT,江苏恒瑞医药股份有限公司,"{""affiliate_inference_used"": false, ""mapping_match_mode"": ""DELIMITED_APPLICANT_TOKEN_EXACT"", ""matched_applicant_token"": ""江苏恒瑞医药股份有限公司"", ""official_applicant_field"": ""福建盛迪医药有限公司;江苏恒瑞医药股份有限公司;北京拓界生物医药科技有限公司"", ""registry_evidence"": {""listed_issuer_legal_name"": ""江苏恒瑞医药股份有限公司"", ""security_code"": ""600276"", ""security_short_name"": ""恒瑞医药"", ""source_document_date"": ""2026-04-17"", ""source_kind"": ""SSE_OFFICIAL_ISSUER_DISCLOSURE"", ""source_url"": ""https://www.sse.com.cn/disclosure/listedinfo/announcement/c/new/2026-04-17/600276_20260417_XMOL.pdf""}, ""substring_matching_used"": false}"
临床试验默示许可,official:790c06267a4ec06e16aca61c171dfe4f,江苏恒瑞医药股份有限公司;江苏恒瑞医药股份有限公司,氟唑帕利胶囊,本品拟用于联合mFOLFIRINOX化疗并序贯氟唑帕利胶囊单药维持治疗晚期胰腺癌。,https://www.cde.org.cn/main/xxgk/listpage/4b5255eb0a84820cef4ca3e8b6bbe20c,FIRST_OBSERVED_SNAPSHOT_DATE,,,2026-09-30T17:29:59+08:00,CXHL2000016,1,,COMPLETE,790c06267a4ec06e16aca61c171dfe4f,600276.SH,EXACT_APPLICANT_TOKEN_IN_OFFICIAL_MULTI_APPLICANT_FIELD,DELIMITED_APPLICANT_TOKEN_EXACT,江苏恒瑞医药股份有限公司,"{""affiliate_inference_used"": false, ""mapping_match_mode"": ""DELIMITED_APPLICANT_TOKEN_EXACT"", ""matched_applicant_token"": ""江苏恒瑞医药股份有限公司"", ""official_applicant_field"": ""江苏恒瑞医药股份有限公司;江苏恒瑞医药股份有限公司"", ""registry_evidence"": {""listed_issuer_legal_name"": ""江苏恒瑞医药股份有限公司"", ""security_code"": ""600276"", ""security_short_name"": ""恒瑞医药"", ""source_document_date"": ""2026-04-17"", ""source_kind"": ""SSE_OFFICIAL_ISSUER_DISCLOSURE"", ""source_url"": ""https://www.sse.com.cn/disclosure/listedinfo/announcement/c/new/2026-04-17/600276_20260417_XMOL.pdf""}, ""substring_matching_used"": false}"
临床试验默示许可,official:79f1e149ff73cc694bbf4698ba18e4fb,江苏恒瑞医药股份有限公司;江苏恒瑞医药股份有限公司,甲磺酸阿帕替尼片,转移性去势抵抗性前列腺癌,https://www.cde.org.cn/main/xxgk/listpage/4b5255eb0a84820cef4ca3e8b6bbe20c,FIRST_OBSERVED_SNAPSHOT_DATE,,,2026-09-30T17:29:59+08:00,CXHL2000623,化学药品第2.4类,,COMPLETE,79f1e149ff73cc694bbf4698ba18e4fb,600276.SH,EXACT_APPLICANT_TOKEN_IN_OFFICIAL_MULTI_APPLICANT_FIELD,DELIMITED_APPLICANT_TOKEN_EXACT,江苏恒瑞医药股份有限公司,"{""affiliate_inference_used"": false, ""mapping_match_mode"": ""DELIMITED_APPLICANT_TOKEN_EXACT"", ""matched_applicant_token"": ""江苏恒瑞医药股份有限公司"", ""official_applicant_field"": ""江苏恒瑞医药股份有限公司;江苏恒瑞医药股份有限公司"", ""registry_evidence"": {""listed_issuer_legal_name"": ""江苏恒瑞医药股份有限公司"", ""security_code"": ""600276"", ""security_short_name"": ""恒瑞医药"", ""source_document_date"": ""2026-04-17"", ""source_kind"": ""SSE_OFFICIAL_ISSUER_DISCLOSURE"", ""source_url"": ""https://www.sse.com.cn/disclosure/listedinfo/announcement/c/new/2026-04-17/600276_20260417_XMOL.pdf""}, ""substring_matching_used"": false}"
临床试验默示许可,official:7a117e3dcf1de907ec79554643187f40,江苏恒瑞医药股份有限公司,HRS-6209胶囊,本品联合HRS-9813和芳香化酶抑制剂或联合HRS-9813和HRS-8080用于乳腺癌的治疗。,https://www.cde.org.cn/main/xxgk/listpage/4b5255eb0a84820cef4ca3e8b6bbe20c,FIRST_OBSERVED_SNAPSHOT_DATE,,,2026-09-30T17:29:59+08:00,CXHL2600223,1,,COMPLETE,7a117e3dcf1de907ec79554643187f40,600276.SH,EXACT_LISTED_ISSUER_LEGAL_NAME,WHOLE_FIELD_EXACT,江苏恒瑞医药股份有限公司,"{""affiliate_inference_used"": false, ""mapping_match_mode"": ""WHOLE_FIELD_EXACT"", ""matched_applicant_token"": ""江苏恒瑞医药股份有限公司"", ""official_applicant_field"": ""江苏恒瑞医药股份有限公司"", ""registry_evidence"": {""listed_issuer_legal_name"": ""江苏恒瑞医药股份有限公司"", ""security_code"": ""600276"", ""security_short_name"": ""恒瑞医药"", ""source_document_date"": ""2026-04-17"", ""source_kind"": ""SSE_OFFICIAL_ISSUER_DISCLOSURE"", ""source_url"": ""https://www.sse.com.cn/disclosure/listedinfo/announcement/c/new/2026-04-17/600276_20260417_XMOL.pdf""}, ""substring_matching_used"": false}"
临床试验默示许可,official:7ad32821de910f014cf37d3a49bf1736,江苏恒瑞医药股份有限公司;江苏恒瑞医药股份有限公司,注射用甲苯磺酸瑞马唑仑,本品适用于支气管镜诊疗镇静,https://www.cde.org.cn/main/xxgk/listpage/4b5255eb0a84820cef4ca3e8b6bbe20c,FIRST_OBSERVED_SNAPSHOT_DATE,,,2026-09-30T17:29:59+08:00,CXHL2000074,2.4,,COMPLETE,7ad32821de910f014cf37d3a49bf1736,600276.SH,EXACT_APPLICANT_TOKEN_IN_OFFICIAL_MULTI_APPLICANT_FIELD,DELIMITED_APPLICANT_TOKEN_EXACT,江苏恒瑞医药股份有限公司,"{""affiliate_inference_used"": false, ""mapping_match_mode"": ""DELIMITED_APPLICANT_TOKEN_EXACT"", ""matched_applicant_token"": ""江苏恒瑞医药股份有限公司"", ""official_applicant_field"": ""江苏恒瑞医药股份有限公司;江苏恒瑞医药股份有限公司"", ""registry_evidence"": {""listed_issuer_legal_name"": ""江苏恒瑞医药股份有限公司"", ""security_code"": ""600276"", ""security_short_name"": ""恒瑞医药"", ""source_document_date"": ""2026-04-17"", ""source_kind"": ""SSE_OFFICIAL_ISSUER_DISCLOSURE"", ""source_url"": ""https://www.sse.com.cn/disclosure/listedinfo/announcement/c/new/2026-04-17/600276_20260417_XMOL.pdf""}, ""substring_matching_used"": false}"
临床试验默示许可,official:7b16850121aebf7a0a16829a29909d8f,江苏恒瑞医药股份有限公司;江苏恒瑞医药股份有限公司;上海恒瑞医药有限公司,马来酸吡咯替尼片,本品单药拟用于表皮生长因子受体2（HER2）阳性早期或局部晚期乳腺癌患者经曲妥珠单抗辅助治疗后的延长阶段的辅助治疗,https://www.cde.org.cn/main/xxgk/listpage/4b5255eb0a84820cef4ca3e8b6bbe20c,FIRST_OBSERVED_SNAPSHOT_DATE,,,2026-09-30T17:29:59+08:00,CXHL1900299,2.4,,COMPLETE,7b16850121aebf7a0a16829a29909d8f,600276.SH,EXACT_APPLICANT_TOKEN_IN_OFFICIAL_MULTI_APPLICANT_FIELD,DELIMITED_APPLICANT_TOKEN_EXACT,江苏恒瑞医药股份有限公司,"{""affiliate_inference_used"": false, ""mapping_match_mode"": ""DELIMITED_APPLICANT_TOKEN_EXACT"", ""matched_applicant_token"": ""江苏恒瑞医药股份有限公司"", ""official_applicant_field"": ""江苏恒瑞医药股份有限公司;江苏恒瑞医药股份有限公司;上海恒瑞医药有限公司"", ""registry_evidence"": {""listed_issuer_legal_name"": ""江苏恒瑞医药股份有限公司"", ""security_code"": ""600276"", ""security_short_name"": ""恒瑞医药"", ""source_document_date"": ""2026-04-17"", ""source_kind"": ""SSE_OFFICIAL_ISSUER_DISCLOSURE"", ""source_url"": ""https://www.sse.com.cn/disclosure/listedinfo/announcement/c/new/2026-04-17/600276_20260417_XMOL.pdf""}, ""substring_matching_used"": false}"
临床试验默示许可,official:7b31e942f96bcbd6663d208575a20771,江苏恒瑞医药股份有限公司;江苏恒瑞医药股份有限公司,氟唑帕利胶囊,本品拟用于联合醋酸阿比特龙联合，治疗既往未接受过新型雄激素受体（AR）靶向药物治疗的转移性去势抵抗性前列腺癌（mCRPC）。,https://www.cde.org.cn/main/xxgk/listpage/4b5255eb0a84820cef4ca3e8b6bbe20c,FIRST_OBSERVED_SNAPSHOT_DATE,,,2026-09-30T17:29:59+08:00,CXHL1900333,1,,COMPLETE,7b31e942f96bcbd6663d208575a20771,600276.SH,EXACT_APPLICANT_TOKEN_IN_OFFICIAL_MULTI_APPLICANT_FIELD,DELIMITED_APPLICANT_TOKEN_EXACT,江苏恒瑞医药股份有限公司,"{""affiliate_inference_used"": false, ""mapping_match_mode"": ""DELIMITED_APPLICANT_TOKEN_EXACT"", ""matched_applicant_token"": ""江苏恒瑞医药股份有限公司"", ""official_applicant_field"": ""江苏恒瑞医药股份有限公司;江苏恒瑞医药股份有限公司"", ""registry_evidence"": {""listed_issuer_legal_name"": ""江苏恒瑞医药股份有限公司"", ""security_code"": ""600276"", ""security_short_name"": ""恒瑞医药"", ""source_document_date"": ""2026-04-17"", ""source_kind"": ""SSE_OFFICIAL_ISSUER_DISCLOSURE"", ""source_url"": ""https://www.sse.com.cn/disclosure/listedinfo/announcement/c/new/2026-04-17/600276_20260417_XMOL.pdf""}, ""substring_matching_used"": false}"
临床试验默示许可,official:7b70c665db66375057af387bc1855244,江苏恒瑞医药股份有限公司;成都盛迪医药有限公司,HRS-5041片,本品联合HRS-6208用于实体瘤的治疗。,https://www.cde.org.cn/main/xxgk/listpage/4b5255eb0a84820cef4ca3e8b6bbe20c,FIRST_OBSERVED_SNAPSHOT_DATE,,,2026-09-30T17:29:59+08:00,CXHL2501002,1,,COMPLETE,7b70c665db66375057af387bc1855244,600276.SH,EXACT_APPLICANT_TOKEN_IN_OFFICIAL_MULTI_APPLICANT_FIELD,DELIMITED_APPLICANT_TOKEN_EXACT,江苏恒瑞医药股份有限公司,"{""affiliate_inference_used"": false, ""mapping_match_mode"": ""DELIMITED_APPLICANT_TOKEN_EXACT"", ""matched_applicant_token"": ""江苏恒瑞医药股份有限公司"", ""official_applicant_field"": ""江苏恒瑞医药股份有限公司;成都盛迪医药有限公司"", ""registry_evidence"": {""listed_issuer_legal_name"": ""江苏恒瑞医药股份有限公司"", ""security_code"": ""600276"", ""security_short_name"": ""恒瑞医药"", ""source_document_date"": ""2026-04-17"", ""source_kind"": ""SSE_OFFICIAL_ISSUER_DISCLOSURE"", ""source_url"": ""https://www.sse.com.cn/disclosure/listedinfo/announcement/c/new/2026-04-17/600276_20260417_XMOL.pdf""}, ""substring_matching_used"": false}"
临床试验默示许可,official:7baa06d58e3e3938f9fa434ad02a8f8d,江苏恒瑞医药股份有限公司;江苏恒瑞医药股份有限公司,SHR2150胶囊,拟用于HIV-1感染患者的治疗,https://www.cde.org.cn/main/xxgk/listpage/4b5255eb0a84820cef4ca3e8b6bbe20c,FIRST_OBSERVED_SNAPSHOT_DATE,,,2026-09-30T17:29:59+08:00,CXHL2000579,1,,COMPLETE,7baa06d58e3e3938f9fa434ad02a8f8d,600276.SH,EXACT_APPLICANT_TOKEN_IN_OFFICIAL_MULTI_APPLICANT_FIELD,DELIMITED_APPLICANT_TOKEN_EXACT,江苏恒瑞医药股份有限公司,"{""affiliate_inference_used"": false, ""mapping_match_mode"": ""DELIMITED_APPLICANT_TOKEN_EXACT"", ""matched_applicant_token"": ""江苏恒瑞医药股份有限公司"", ""official_applicant_field"": ""江苏恒瑞医药股份有限公司;江苏恒瑞医药股份有限公司"", ""registry_evidence"": {""listed_issuer_legal_name"": ""江苏恒瑞医药股份有限公司"", ""security_code"": ""600276"", ""security_short_name"": ""恒瑞医药"", ""source_document_date"": ""2026-04-17"", ""source_kind"": ""SSE_OFFICIAL_ISSUER_DISCLOSURE"", ""source_url"": ""https://www.sse.com.cn/disclosure/listedinfo/announcement/c/new/2026-04-17/600276_20260417_XMOL.pdf""}, ""substring_matching_used"": false}"
临床试验默示许可,official:7baea716907ee4b050b8c8d5abfe5dc7,江苏恒瑞医药股份有限公司,甲磺酸阿帕替尼片,阿帕替尼联合SHR-8068+阿得贝利单抗治疗结直肠癌。,https://www.cde.org.cn/main/xxgk/listpage/4b5255eb0a84820cef4ca3e8b6bbe20c,FIRST_OBSERVED_SNAPSHOT_DATE,,,2026-09-30T17:29:59+08:00,CXHL2500419,2.4,,COMPLETE,7baea716907ee4b050b8c8d5abfe5dc7,600276.SH,EXACT_LISTED_ISSUER_LEGAL_NAME,WHOLE_FIELD_EXACT,江苏恒瑞医药股份有限公司,"{""affiliate_inference_used"": false, ""mapping_match_mode"": ""WHOLE_FIELD_EXACT"", ""matched_applicant_token"": ""江苏恒瑞医药股份有限公司"", ""official_applicant_field"": ""江苏恒瑞医药股份有限公司"", ""registry_evidence"": {""listed_issuer_legal_name"": ""江苏恒瑞医药股份有限公司"", ""security_code"": ""600276"", ""security_short_name"": ""恒瑞医药"", ""source_document_date"": ""2026-04-17"", ""source_kind"": ""SSE_OFFICIAL_ISSUER_DISCLOSURE"", ""source_url"": ""https://www.sse.com.cn/disclosure/listedinfo/announcement/c/new/2026-04-17/600276_20260417_XMOL.pdf""}, ""substring_matching_used"": false}"
临床试验默示许可,official:7cd6420afd48f564067e329c3dd3836f,江苏恒瑞医药股份有限公司;江苏恒瑞医药股份有限公司,布比卡因脂质体注射液,成人椎旁神经阻滞产生术后区域镇痛。,https://www.cde.org.cn/main/xxgk/listpage/4b5255eb0a84820cef4ca3e8b6bbe20c,FIRST_OBSERVED_SNAPSHOT_DATE,,,2026-09-30T17:29:59+08:00,CXHL2300405,2.4,,COMPLETE,7cd6420afd48f564067e329c3dd3836f,600276.SH,EXACT_APPLICANT_TOKEN_IN_OFFICIAL_MULTI_APPLICANT_FIELD,DELIMITED_APPLICANT_TOKEN_EXACT,江苏恒瑞医药股份有限公司,"{""affiliate_inference_used"": false, ""mapping_match_mode"": ""DELIMITED_APPLICANT_TOKEN_EXACT"", ""matched_applicant_token"": ""江苏恒瑞医药股份有限公司"", ""official_applicant_field"": ""江苏恒瑞医药股份有限公司;江苏恒瑞医药股份有限公司"", ""registry_evidence"": {""listed_issuer_legal_name"": ""江苏恒瑞医药股份有限公司"", ""security_code"": ""600276"", ""security_short_name"": ""恒瑞医药"", ""source_document_date"": ""2026-04-17"", ""source_kind"": ""SSE_OFFICIAL_ISSUER_DISCLOSURE"", ""source_url"": ""https://www.sse.com.cn/disclosure/listedinfo/announcement/c/new/2026-04-17/600276_20260417_XMOL.pdf""}, ""substring_matching_used"": false}"
临床试验默示许可,official:7d304d2bde9ed22220a8ee0362a848ef,江苏恒瑞医药股份有限公司;江苏恒瑞医药股份有限公司,苹果酸法米替尼胶囊,本品联合注射用卡瑞利珠单抗用于治疗既往经过二线及以上治疗的晚期肾细胞癌。,https://www.cde.org.cn/main/xxgk/listpage/4b5255eb0a84820cef4ca3e8b6bbe20c,FIRST_OBSERVED_SNAPSHOT_DATE,,,2026-09-30T17:29:59+08:00,CXHL2000429,1,,COMPLETE,7d304d2bde9ed22220a8ee0362a848ef,600276.SH,EXACT_APPLICANT_TOKEN_IN_OFFICIAL_MULTI_APPLICANT_FIELD,DELIMITED_APPLICANT_TOKEN_EXACT,江苏恒瑞医药股份有限公司,"{""affiliate_inference_used"": false, ""mapping_match_mode"": ""DELIMITED_APPLICANT_TOKEN_EXACT"", ""matched_applicant_token"": ""江苏恒瑞医药股份有限公司"", ""official_applicant_field"": ""江苏恒瑞医药股份有限公司;江苏恒瑞医药股份有限公司"", ""registry_evidence"": {""listed_issuer_legal_name"": ""江苏恒瑞医药股份有限公司"", ""security_code"": ""600276"", ""security_short_name"": ""恒瑞医药"", ""source_document_date"": ""2026-04-17"", ""source_kind"": ""SSE_OFFICIAL_ISSUER_DISCLOSURE"", ""source_url"": ""https://www.sse.com.cn/disclosure/listedinfo/announcement/c/new/2026-04-17/600276_20260417_XMOL.pdf""}, ""substring_matching_used"": false}"
临床试验默示许可,official:7d57de542e83028ea8a2f925972e5da4,江苏恒瑞医药股份有限公司;江苏恒瑞医药股份有限公司,SHR2285片,预防或治疗动静脉血栓，以及降低介入治疗或体外循环引起的血栓栓塞风险,https://www.cde.org.cn/main/xxgk/listpage/4b5255eb0a84820cef4ca3e8b6bbe20c,FIRST_OBSERVED_SNAPSHOT_DATE,,,2026-09-30T17:29:59+08:00,CXHB1900012,,,COMPLETE,7d57de542e83028ea8a2f925972e5da4,600276.SH,EXACT_APPLICANT_TOKEN_IN_OFFICIAL_MULTI_APPLICANT_FIELD,DELIMITED_APPLICANT_TOKEN_EXACT,江苏恒瑞医药股份有限公司,"{""affiliate_inference_used"": false, ""mapping_match_mode"": ""DELIMITED_APPLICANT_TOKEN_EXACT"", ""matched_applicant_token"": ""江苏恒瑞医药股份有限公司"", ""official_applicant_field"": ""江苏恒瑞医药股份有限公司;江苏恒瑞医药股份有限公司"", ""registry_evidence"": {""listed_issuer_legal_name"": ""江苏恒瑞医药股份有限公司"", ""security_code"": ""600276"", ""security_short_name"": ""恒瑞医药"", ""source_document_date"": ""2026-04-17"", ""source_kind"": ""SSE_OFFICIAL_ISSUER_DISCLOSURE"", ""source_url"": ""https://www.sse.com.cn/disclosure/listedinfo/announcement/c/new/2026-04-17/600276_20260417_XMOL.pdf""}, ""substring_matching_used"": false}"
临床试验默示许可,official:7db70d16e70ac9fd2c86eac820474eb5,江苏恒瑞医药股份有限公司;江苏恒瑞医药股份有限公司,INS068注射液,本品拟用于1型和2型糖尿病的治疗。,https://www.cde.org.cn/main/xxgk/listpage/4b5255eb0a84820cef4ca3e8b6bbe20c,FIRST_OBSERVED_SNAPSHOT_DATE,,,2026-09-30T17:29:59+08:00,CXSB2200009,1,,COMPLETE,7db70d16e70ac9fd2c86eac820474eb5,600276.SH,EXACT_APPLICANT_TOKEN_IN_OFFICIAL_MULTI_APPLICANT_FIELD,DELIMITED_APPLICANT_TOKEN_EXACT,江苏恒瑞医药股份有限公司,"{""affiliate_inference_used"": false, ""mapping_match_mode"": ""DELIMITED_APPLICANT_TOKEN_EXACT"", ""matched_applicant_token"": ""江苏恒瑞医药股份有限公司"", ""official_applicant_field"": ""江苏恒瑞医药股份有限公司;江苏恒瑞医药股份有限公司"", ""registry_evidence"": {""listed_issuer_legal_name"": ""江苏恒瑞医药股份有限公司"", ""security_code"": ""600276"", ""security_short_name"": ""恒瑞医药"", ""source_document_date"": ""2026-04-17"", ""source_kind"": ""SSE_OFFICIAL_ISSUER_DISCLOSURE"", ""source_url"": ""https://www.sse.com.cn/disclosure/listedinfo/announcement/c/new/2026-04-17/600276_20260417_XMOL.pdf""}, ""substring_matching_used"": false}"
临床试验默示许可,official:8047b989b29ee7aec6553d3e0e7be896,江苏恒瑞医药股份有限公司;江苏恒瑞医药股份有限公司,苹果酸法米替尼胶囊,本品联合注射用卡瑞利珠单抗和注射用紫杉醇（白蛋白结合型）用于治疗晚期实体肿瘤患者。,https://www.cde.org.cn/main/xxgk/listpage/4b5255eb0a84820cef4ca3e8b6bbe20c,FIRST_OBSERVED_SNAPSHOT_DATE,,,2026-09-30T17:29:59+08:00,CXHL2101470,1,,COMPLETE,8047b989b29ee7aec6553d3e0e7be896,600276.SH,EXACT_APPLICANT_TOKEN_IN_OFFICIAL_MULTI_APPLICANT_FIELD,DELIMITED_APPLICANT_TOKEN_EXACT,江苏恒瑞医药股份有限公司,"{""affiliate_inference_used"": false, ""mapping_match_mode"": ""DELIMITED_APPLICANT_TOKEN_EXACT"", ""matched_applicant_token"": ""江苏恒瑞医药股份有限公司"", ""official_applicant_field"": ""江苏恒瑞医药股份有限公司;江苏恒瑞医药股份有限公司"", ""registry_evidence"": {""listed_issuer_legal_name"": ""江苏恒瑞医药股份有限公司"", ""security_code"": ""600276"", ""security_short_name"": ""恒瑞医药"", ""source_document_date"": ""2026-04-17"", ""source_kind"": ""SSE_OFFICIAL_ISSUER_DISCLOSURE"", ""source_url"": ""https://www.sse.com.cn/disclosure/listedinfo/announcement/c/new/2026-04-17/600276_20260417_XMOL.pdf""}, ""substring_matching_used"": false}"
临床试验默示许可,official:8209ee85b12f8c0f00ef8fba3998e417,上海恒瑞医药有限公司;江苏恒瑞医药股份有限公司,HRS-4642注射液,本品联合阿得贝利单抗或SHR-1701±贝伐珠单抗±SHR-8068±化疗±SHR-A2102±法米替尼，或联合SHR-7367±化疗±达尔西利±阿得贝利单抗，或联合SHR-A2102±SHR-7367±阿得贝利单抗，或联合法米替尼用于KRAS G12D突变的实体瘤,https://www.cde.org.cn/main/xxgk/listpage/4b5255eb0a84820cef4ca3e8b6bbe20c,FIRST_OBSERVED_SNAPSHOT_DATE,,,2026-09-30T17:29:59+08:00,CXHL2500820,1,,COMPLETE,8209ee85b12f8c0f00ef8fba3998e417,600276.SH,EXACT_APPLICANT_TOKEN_IN_OFFICIAL_MULTI_APPLICANT_FIELD,DELIMITED_APPLICANT_TOKEN_EXACT,江苏恒瑞医药股份有限公司,"{""affiliate_inference_used"": false, ""mapping_match_mode"": ""DELIMITED_APPLICANT_TOKEN_EXACT"", ""matched_applicant_token"": ""江苏恒瑞医药股份有限公司"", ""official_applicant_field"": ""上海恒瑞医药有限公司;江苏恒瑞医药股份有限公司"", ""registry_evidence"": {""listed_issuer_legal_name"": ""江苏恒瑞医药股份有限公司"", ""security_code"": ""600276"", ""security_short_name"": ""恒瑞医药"", ""source_document_date"": ""2026-04-17"", ""source_kind"": ""SSE_OFFICIAL_ISSUER_DISCLOSURE"", ""source_url"": ""https://www.sse.com.cn/disclosure/listedinfo/announcement/c/new/2026-04-17/600276_20260417_XMOL.pdf""}, ""substring_matching_used"": false}"
临床试验默示许可,official:8259a7bf1a2290ce8fbd02b1ee98d7bf,江苏恒瑞医药股份有限公司;江苏恒瑞医药股份有限公司,诺利糖肽注射液,本品为胰高血糖素样肽-1（Glucagon-like peptide-1，GLP-1）的类似物，主要用2型糖尿病的治疗。,https://www.cde.org.cn/main/xxgk/listpage/4b5255eb0a84820cef4ca3e8b6bbe20c,FIRST_OBSERVED_SNAPSHOT_DATE,,,2026-09-30T17:29:59+08:00,CXHB2101157,原1.1,,COMPLETE,8259a7bf1a2290ce8fbd02b1ee98d7bf,600276.SH,EXACT_APPLICANT_TOKEN_IN_OFFICIAL_MULTI_APPLICANT_FIELD,DELIMITED_APPLICANT_TOKEN_EXACT,江苏恒瑞医药股份有限公司,"{""affiliate_inference_used"": false, ""mapping_match_mode"": ""DELIMITED_APPLICANT_TOKEN_EXACT"", ""matched_applicant_token"": ""江苏恒瑞医药股份有限公司"", ""official_applicant_field"": ""江苏恒瑞医药股份有限公司;江苏恒瑞医药股份有限公司"", ""registry_evidence"": {""listed_issuer_legal_name"": ""江苏恒瑞医药股份有限公司"", ""security_code"": ""600276"", ""security_short_name"": ""恒瑞医药"", ""source_document_date"": ""2026-04-17"", ""source_kind"": ""SSE_OFFICIAL_ISSUER_DISCLOSURE"", ""source_url"": ""https://www.sse.com.cn/disclosure/listedinfo/announcement/c/new/2026-04-17/600276_20260417_XMOL.pdf""}, ""substring_matching_used"": false}"
临床试验默示许可,official:834d6d68e1fd08000aa9d0f4f0d9e444,江苏恒瑞医药股份有限公司;江苏恒瑞医药股份有限公司;上海恒瑞医药有限公司,苹果酸法米替尼胶囊,本品联合注射用卡瑞利珠单抗治疗晚期实体瘤。,https://www.cde.org.cn/main/xxgk/listpage/4b5255eb0a84820cef4ca3e8b6bbe20c,FIRST_OBSERVED_SNAPSHOT_DATE,,,2026-09-30T17:29:59+08:00,CXHL2000007,1,,COMPLETE,834d6d68e1fd08000aa9d0f4f0d9e444,600276.SH,EXACT_APPLICANT_TOKEN_IN_OFFICIAL_MULTI_APPLICANT_FIELD,DELIMITED_APPLICANT_TOKEN_EXACT,江苏恒瑞医药股份有限公司,"{""affiliate_inference_used"": false, ""mapping_match_mode"": ""DELIMITED_APPLICANT_TOKEN_EXACT"", ""matched_applicant_token"": ""江苏恒瑞医药股份有限公司"", ""official_applicant_field"": ""江苏恒瑞医药股份有限公司;江苏恒瑞医药股份有限公司;上海恒瑞医药有限公司"", ""registry_evidence"": {""listed_issuer_legal_name"": ""江苏恒瑞医药股份有限公司"", ""security_code"": ""600276"", ""security_short_name"": ""恒瑞医药"", ""source_document_date"": ""2026-04-17"", ""source_kind"": ""SSE_OFFICIAL_ISSUER_DISCLOSURE"", ""source_url"": ""https://www.sse.com.cn/disclosure/listedinfo/announcement/c/new/2026-04-17/600276_20260417_XMOL.pdf""}, ""substring_matching_used"": false}"
临床试验默示许可,official:8351c59d0e45fc4feb667a84f991f520,江苏恒瑞医药股份有限公司;上海恒瑞医药有限公司,HRS-7172片,本品联合HRS-4642\HRS-6093\HRS-7058\SHR-1826\FH-006\SHR-8068\贝伐珠单抗±化疗±阿得贝利单抗\ SHR-4610±SHR-9839(sc)，或联合阿得贝利单抗\SHR-4610±SHR-9839(sc) ±SHR-8068±贝伐珠单抗，或联合阿得贝利单抗\SHR-4610\SHR-9839(sc)\贝伐珠单抗\西妥昔单抗\尼妥珠单抗±尼妥珠单抗±化疗，或联合阿得贝利单抗+SHR-8068\贝伐珠单抗±化疗，或联合化疗+阿得贝利单抗\SHR-4610+贝伐珠单抗±SHR-8068，或联合其他标准治疗用于实体瘤的治疗,https://www.cde.org.cn/main/xxgk/listpage/4b5255eb0a84820cef4ca3e8b6bbe20c,FIRST_OBSERVED_SNAPSHOT_DATE,,,2026-09-30T17:29:59+08:00,CXHL2600589,化学药品:1类,,COMPLETE,8351c59d0e45fc4feb667a84f991f520,600276.SH,EXACT_APPLICANT_TOKEN_IN_OFFICIAL_MULTI_APPLICANT_FIELD,DELIMITED_APPLICANT_TOKEN_EXACT,江苏恒瑞医药股份有限公司,"{""affiliate_inference_used"": false, ""mapping_match_mode"": ""DELIMITED_APPLICANT_TOKEN_EXACT"", ""matched_applicant_token"": ""江苏恒瑞医药股份有限公司"", ""official_applicant_field"": ""江苏恒瑞医药股份有限公司;上海恒瑞医药有限公司"", ""registry_evidence"": {""listed_issuer_legal_name"": ""江苏恒瑞医药股份有限公司"", ""security_code"": ""600276"", ""security_short_name"": ""恒瑞医药"", ""source_document_date"": ""2026-04-17"", ""source_kind"": ""SSE_OFFICIAL_ISSUER_DISCLOSURE"", ""source_url"": ""https://www.sse.com.cn/disclosure/listedinfo/announcement/c/new/2026-04-17/600276_20260417_XMOL.pdf""}, ""substring_matching_used"": false}"
临床试验默示许可,official:83561a40e45a5cbf11a562fe6ed39907,江苏恒瑞医药股份有限公司,INS068注射液,本品拟用于1型和2型糖尿病的治疗。,https://www.cde.org.cn/main/xxgk/listpage/4b5255eb0a84820cef4ca3e8b6bbe20c,FIRST_OBSERVED_SNAPSHOT_DATE,,,2026-09-30T17:29:59+08:00,CXSB2400004,1,,COMPLETE,83561a40e45a5cbf11a562fe6ed39907,600276.SH,EXACT_LISTED_ISSUER_LEGAL_NAME,WHOLE_FIELD_EXACT,江苏恒瑞医药股份有限公司,"{""affiliate_inference_used"": false, ""mapping_match_mode"": ""WHOLE_FIELD_EXACT"", ""matched_applicant_token"": ""江苏恒瑞医药股份有限公司"", ""official_applicant_field"": ""江苏恒瑞医药股份有限公司"", ""registry_evidence"": {""listed_issuer_legal_name"": ""江苏恒瑞医药股份有限公司"", ""security_code"": ""600276"", ""security_short_name"": ""恒瑞医药"", ""source_document_date"": ""2026-04-17"", ""source_kind"": ""SSE_OFFICIAL_ISSUER_DISCLOSURE"", ""source_url"": ""https://www.sse.com.cn/disclosure/listedinfo/announcement/c/new/2026-04-17/600276_20260417_XMOL.pdf""}, ""substring_matching_used"": false}"
临床试验默示许可,official:8367f1cefbce724239c771ad554d8b65,江苏恒瑞医药股份有限公司,HRS-6093片,本品联合HRS-7172±阿得贝利单抗/SHR-4610，或联合HRS-7172±SHR-9839(sc)，或联合HRS-7172±化疗用于实体瘤,https://www.cde.org.cn/main/xxgk/listpage/4b5255eb0a84820cef4ca3e8b6bbe20c,FIRST_OBSERVED_SNAPSHOT_DATE,,,2026-09-30T17:29:59+08:00,CXHL2600582,1,,COMPLETE,8367f1cefbce724239c771ad554d8b65,600276.SH,EXACT_LISTED_ISSUER_LEGAL_NAME,WHOLE_FIELD_EXACT,江苏恒瑞医药股份有限公司,"{""affiliate_inference_used"": false, ""mapping_match_mode"": ""WHOLE_FIELD_EXACT"", ""matched_applicant_token"": ""江苏恒瑞医药股份有限公司"", ""official_applicant_field"": ""江苏恒瑞医药股份有限公司"", ""registry_evidence"": {""listed_issuer_legal_name"": ""江苏恒瑞医药股份有限公司"", ""security_code"": ""600276"", ""security_short_name"": ""恒瑞医药"", ""source_document_date"": ""2026-04-17"", ""source_kind"": ""SSE_OFFICIAL_ISSUER_DISCLOSURE"", ""source_url"": ""https://www.sse.com.cn/disclosure/listedinfo/announcement/c/new/2026-04-17/600276_20260417_XMOL.pdf""}, ""substring_matching_used"": false}"
临床试验默示许可,official:83a4e672ddd9af63d6eae104924a1b9b,江苏恒瑞医药股份有限公司,SHR-3167注射液,糖尿病,https://www.cde.org.cn/main/xxgk/listpage/4b5255eb0a84820cef4ca3e8b6bbe20c,FIRST_OBSERVED_SNAPSHOT_DATE,,,2026-09-30T17:29:59+08:00,CXSB2400088,1,,COMPLETE,83a4e672ddd9af63d6eae104924a1b9b,600276.SH,EXACT_LISTED_ISSUER_LEGAL_NAME,WHOLE_FIELD_EXACT,江苏恒瑞医药股份有限公司,"{""affiliate_inference_used"": false, ""mapping_match_mode"": ""WHOLE_FIELD_EXACT"", ""matched_applicant_token"": ""江苏恒瑞医药股份有限公司"", ""official_applicant_field"": ""江苏恒瑞医药股份有限公司"", ""registry_evidence"": {""listed_issuer_legal_name"": ""江苏恒瑞医药股份有限公司"", ""security_code"": ""600276"", ""security_short_name"": ""恒瑞医药"", ""source_document_date"": ""2026-04-17"", ""source_kind"": ""SSE_OFFICIAL_ISSUER_DISCLOSURE"", ""source_url"": ""https://www.sse.com.cn/disclosure/listedinfo/announcement/c/new/2026-04-17/600276_20260417_XMOL.pdf""}, ""substring_matching_used"": false}"
临床试验默示许可,official:842d6f6b871bb41e2e26c96c02f0352f,江苏恒瑞医药股份有限公司,HR18042片,本品拟用于中度至重度急性疼痛的治疗。,https://www.cde.org.cn/main/xxgk/listpage/4b5255eb0a84820cef4ca3e8b6bbe20c,FIRST_OBSERVED_SNAPSHOT_DATE,,,2026-09-30T17:29:59+08:00,CXHB2200044,2.3,,COMPLETE,842d6f6b871bb41e2e26c96c02f0352f,600276.SH,EXACT_LISTED_ISSUER_LEGAL_NAME,WHOLE_FIELD_EXACT,江苏恒瑞医药股份有限公司,"{""affiliate_inference_used"": false, ""mapping_match_mode"": ""WHOLE_FIELD_EXACT"", ""matched_applicant_token"": ""江苏恒瑞医药股份有限公司"", ""official_applicant_field"": ""江苏恒瑞医药股份有限公司"", ""registry_evidence"": {""listed_issuer_legal_name"": ""江苏恒瑞医药股份有限公司"", ""security_code"": ""600276"", ""security_short_name"": ""恒瑞医药"", ""source_document_date"": ""2026-04-17"", ""source_kind"": ""SSE_OFFICIAL_ISSUER_DISCLOSURE"", ""source_url"": ""https://www.sse.com.cn/disclosure/listedinfo/announcement/c/new/2026-04-17/600276_20260417_XMOL.pdf""}, ""substring_matching_used"": false}"
临床试验默示许可,official:84781b7e9fada9fd89a7cd5f2ffe752b,江苏恒瑞医药股份有限公司;江苏恒瑞医药股份有限公司,氟唑帕利胶囊,本品拟用于联合醋酸阿比特龙联合，治疗既往未接受过新型雄激素受体（AR）靶向药物治疗的转移性去势抵抗性前列腺癌（mCRPC）。,https://www.cde.org.cn/main/xxgk/listpage/4b5255eb0a84820cef4ca3e8b6bbe20c,FIRST_OBSERVED_SNAPSHOT_DATE,,,2026-09-30T17:29:59+08:00,CXHL1900330,1,,COMPLETE,84781b7e9fada9fd89a7cd5f2ffe752b,600276.SH,EXACT_APPLICANT_TOKEN_IN_OFFICIAL_MULTI_APPLICANT_FIELD,DELIMITED_APPLICANT_TOKEN_EXACT,江苏恒瑞医药股份有限公司,"{""affiliate_inference_used"": false, ""mapping_match_mode"": ""DELIMITED_APPLICANT_TOKEN_EXACT"", ""matched_applicant_token"": ""江苏恒瑞医药股份有限公司"", ""official_applicant_field"": ""江苏恒瑞医药股份有限公司;江苏恒瑞医药股份有限公司"", ""registry_evidence"": {""listed_issuer_legal_name"": ""江苏恒瑞医药股份有限公司"", ""security_code"": ""600276"", ""security_short_name"": ""恒瑞医药"", ""source_document_date"": ""2026-04-17"", ""source_kind"": ""SSE_OFFICIAL_ISSUER_DISCLOSURE"", ""source_url"": ""https://www.sse.com.cn/disclosure/listedinfo/announcement/c/new/2026-04-17/600276_20260417_XMOL.pdf""}, ""substring_matching_used"": false}"
临床试验默示许可,official:85598c1c04863574fe4936067dbce631,江苏恒瑞医药股份有限公司,羟乙磺酸达尔西利片,本品联合HRS-4642和SHR-7367用于KRAS G12D突变的实体瘤。,https://www.cde.org.cn/main/xxgk/listpage/4b5255eb0a84820cef4ca3e8b6bbe20c,FIRST_OBSERVED_SNAPSHOT_DATE,,,2026-09-30T17:29:59+08:00,CXHL2500823,2.4,,COMPLETE,85598c1c04863574fe4936067dbce631,600276.SH,EXACT_LISTED_ISSUER_LEGAL_NAME,WHOLE_FIELD_EXACT,江苏恒瑞医药股份有限公司,"{""affiliate_inference_used"": false, ""mapping_match_mode"": ""WHOLE_FIELD_EXACT"", ""matched_applicant_token"": ""江苏恒瑞医药股份有限公司"", ""official_applicant_field"": ""江苏恒瑞医药股份有限公司"", ""registry_evidence"": {""listed_issuer_legal_name"": ""江苏恒瑞医药股份有限公司"", ""security_code"": ""600276"", ""security_short_name"": ""恒瑞医药"", ""source_document_date"": ""2026-04-17"", ""source_kind"": ""SSE_OFFICIAL_ISSUER_DISCLOSURE"", ""source_url"": ""https://www.sse.com.cn/disclosure/listedinfo/announcement/c/new/2026-04-17/600276_20260417_XMOL.pdf""}, ""substring_matching_used"": false}"
临床试验默示许可,official:8669dff2b4b2049958473ac9f59c14d8,江苏恒瑞医药股份有限公司;江苏恒瑞医药股份有限公司,氟唑帕利胶囊,本品拟用于联合mFOLFIRINOX化疗并序贯氟唑帕利胶囊单药维持治疗晚期胰腺癌。,https://www.cde.org.cn/main/xxgk/listpage/4b5255eb0a84820cef4ca3e8b6bbe20c,FIRST_OBSERVED_SNAPSHOT_DATE,,,2026-09-30T17:29:59+08:00,CXHL2000017,1,,COMPLETE,8669dff2b4b2049958473ac9f59c14d8,600276.SH,EXACT_APPLICANT_TOKEN_IN_OFFICIAL_MULTI_APPLICANT_FIELD,DELIMITED_APPLICANT_TOKEN_EXACT,江苏恒瑞医药股份有限公司,"{""affiliate_inference_used"": false, ""mapping_match_mode"": ""DELIMITED_APPLICANT_TOKEN_EXACT"", ""matched_applicant_token"": ""江苏恒瑞医药股份有限公司"", ""official_applicant_field"": ""江苏恒瑞医药股份有限公司;江苏恒瑞医药股份有限公司"", ""registry_evidence"": {""listed_issuer_legal_name"": ""江苏恒瑞医药股份有限公司"", ""security_code"": ""600276"", ""security_short_name"": ""恒瑞医药"", ""source_document_date"": ""2026-04-17"", ""source_kind"": ""SSE_OFFICIAL_ISSUER_DISCLOSURE"", ""source_url"": ""https://www.sse.com.cn/disclosure/listedinfo/announcement/c/new/2026-04-17/600276_20260417_XMOL.pdf""}, ""substring_matching_used"": false}"
临床试验默示许可,official:8766777ae7be852a74a5b02256277776,福建盛迪医药有限公司;江苏恒瑞医药股份有限公司;北京拓界生物医药科技有限公司,HRS-4729注射液,代谢相关脂肪性肝病/代谢相关脂肪性肝炎。,https://www.cde.org.cn/main/xxgk/listpage/4b5255eb0a84820cef4ca3e8b6bbe20c,FIRST_OBSERVED_SNAPSHOT_DATE,,,2026-09-30T17:29:59+08:00,CXHL2500558,1,,COMPLETE,8766777ae7be852a74a5b02256277776,600276.SH,EXACT_APPLICANT_TOKEN_IN_OFFICIAL_MULTI_APPLICANT_FIELD,DELIMITED_APPLICANT_TOKEN_EXACT,江苏恒瑞医药股份有限公司,"{""affiliate_inference_used"": false, ""mapping_match_mode"": ""DELIMITED_APPLICANT_TOKEN_EXACT"", ""matched_applicant_token"": ""江苏恒瑞医药股份有限公司"", ""official_applicant_field"": ""福建盛迪医药有限公司;江苏恒瑞医药股份有限公司;北京拓界生物医药科技有限公司"", ""registry_evidence"": {""listed_issuer_legal_name"": ""江苏恒瑞医药股份有限公司"", ""security_code"": ""600276"", ""security_short_name"": ""恒瑞医药"", ""source_document_date"": ""2026-04-17"", ""source_kind"": ""SSE_OFFICIAL_ISSUER_DISCLOSURE"", ""source_url"": ""https://www.sse.com.cn/disclosure/listedinfo/announcement/c/new/2026-04-17/600276_20260417_XMOL.pdf""}, ""substring_matching_used"": false}"
临床试验默示许可,official:876e527c52acfee9ea8f9da6f3a6643d,江苏恒瑞医药股份有限公司;江苏恒瑞医药股份有限公司;上海恒瑞医药有限公司,甲磺酸阿帕替尼片,甲磺酸阿帕替尼片与吉非替尼片联合用于一线治疗IIIB-IV期EGFR基因突变型非鳞非小细胞肺癌,https://www.cde.org.cn/main/xxgk/listpage/4b5255eb0a84820cef4ca3e8b6bbe20c,FIRST_OBSERVED_SNAPSHOT_DATE,,,2026-09-30T17:29:59+08:00,CXHL1900325,2.4,,COMPLETE,876e527c52acfee9ea8f9da6f3a6643d,600276.SH,EXACT_APPLICANT_TOKEN_IN_OFFICIAL_MULTI_APPLICANT_FIELD,DELIMITED_APPLICANT_TOKEN_EXACT,江苏恒瑞医药股份有限公司,"{""affiliate_inference_used"": false, ""mapping_match_mode"": ""DELIMITED_APPLICANT_TOKEN_EXACT"", ""matched_applicant_token"": ""江苏恒瑞医药股份有限公司"", ""official_applicant_field"": ""江苏恒瑞医药股份有限公司;江苏恒瑞医药股份有限公司;上海恒瑞医药有限公司"", ""registry_evidence"": {""listed_issuer_legal_name"": ""江苏恒瑞医药股份有限公司"", ""security_code"": ""600276"", ""security_short_name"": ""恒瑞医药"", ""source_document_date"": ""2026-04-17"", ""source_kind"": ""SSE_OFFICIAL_ISSUER_DISCLOSURE"", ""source_url"": ""https://www.sse.com.cn/disclosure/listedinfo/announcement/c/new/2026-04-17/600276_20260417_XMOL.pdf""}, ""substring_matching_used"": false}"
临床试验默示许可,official:882e234e021e86bb86b361d98a8399f4,江苏恒瑞医药股份有限公司,HRS4800片,疼痛,https://www.cde.org.cn/main/xxgk/listpage/4b5255eb0a84820cef4ca3e8b6bbe20c,FIRST_OBSERVED_SNAPSHOT_DATE,,,2026-09-30T17:29:59+08:00,CXHL2000573,1,,COMPLETE,882e234e021e86bb86b361d98a8399f4,600276.SH,EXACT_LISTED_ISSUER_LEGAL_NAME,WHOLE_FIELD_EXACT,江苏恒瑞医药股份有限公司,"{""affiliate_inference_used"": false, ""mapping_match_mode"": ""WHOLE_FIELD_EXACT"", ""matched_applicant_token"": ""江苏恒瑞医药股份有限公司"", ""official_applicant_field"": ""江苏恒瑞医药股份有限公司"", ""registry_evidence"": {""listed_issuer_legal_name"": ""江苏恒瑞医药股份有限公司"", ""security_code"": ""600276"", ""security_short_name"": ""恒瑞医药"", ""source_document_date"": ""2026-04-17"", ""source_kind"": ""SSE_OFFICIAL_ISSUER_DISCLOSURE"", ""source_url"": ""https://www.sse.com.cn/disclosure/listedinfo/announcement/c/new/2026-04-17/600276_20260417_XMOL.pdf""}, ""substring_matching_used"": false}"
临床试验默示许可,official:88c3cc62b34bc735eb6c935b05789f49,江苏恒瑞医药股份有限公司;江苏恒瑞医药股份有限公司;上海恒瑞医药有限公司,甲磺酸阿帕替尼片,甲磺酸阿帕替尼片联合依托泊苷胶囊治疗含铂方案治疗失败的复发性卵巢癌。,https://www.cde.org.cn/main/xxgk/listpage/4b5255eb0a84820cef4ca3e8b6bbe20c,FIRST_OBSERVED_SNAPSHOT_DATE,,,2026-09-30T17:29:59+08:00,CXHL1900286,2.4,,COMPLETE,88c3cc62b34bc735eb6c935b05789f49,600276.SH,EXACT_APPLICANT_TOKEN_IN_OFFICIAL_MULTI_APPLICANT_FIELD,DELIMITED_APPLICANT_TOKEN_EXACT,江苏恒瑞医药股份有限公司,"{""affiliate_inference_used"": false, ""mapping_match_mode"": ""DELIMITED_APPLICANT_TOKEN_EXACT"", ""matched_applicant_token"": ""江苏恒瑞医药股份有限公司"", ""official_applicant_field"": ""江苏恒瑞医药股份有限公司;江苏恒瑞医药股份有限公司;上海恒瑞医药有限公司"", ""registry_evidence"": {""listed_issuer_legal_name"": ""江苏恒瑞医药股份有限公司"", ""security_code"": ""600276"", ""security_short_name"": ""恒瑞医药"", ""source_document_date"": ""2026-04-17"", ""source_kind"": ""SSE_OFFICIAL_ISSUER_DISCLOSURE"", ""source_url"": ""https://www.sse.com.cn/disclosure/listedinfo/announcement/c/new/2026-04-17/600276_20260417_XMOL.pdf""}, ""substring_matching_used"": false}"
临床试验默示许可,official:8a2e01f104b7dc072a5543bb974fa87f,苏州盛迪亚生物医药有限公司;苏州盛迪亚生物医药有限公司;江苏恒瑞医药股份有限公司;上海恒瑞医药有限公司,注射用卡瑞利珠单抗,注射用卡瑞利珠单抗联合甲磺酸阿帕替尼片用于晚期肝细胞癌患者的治疗。,https://www.cde.org.cn/main/xxgk/listpage/4b5255eb0a84820cef4ca3e8b6bbe20c,FIRST_OBSERVED_SNAPSHOT_DATE,,,2026-09-30T17:29:59+08:00,CXSL2000047,1,,COMPLETE,8a2e01f104b7dc072a5543bb974fa87f,600276.SH,EXACT_APPLICANT_TOKEN_IN_OFFICIAL_MULTI_APPLICANT_FIELD,DELIMITED_APPLICANT_TOKEN_EXACT,江苏恒瑞医药股份有限公司,"{""affiliate_inference_used"": false, ""mapping_match_mode"": ""DELIMITED_APPLICANT_TOKEN_EXACT"", ""matched_applicant_token"": ""江苏恒瑞医药股份有限公司"", ""official_applicant_field"": ""苏州盛迪亚生物医药有限公司;苏州盛迪亚生物医药有限公司;江苏恒瑞医药股份有限公司;上海恒瑞医药有限公司"", ""registry_evidence"": {""listed_issuer_legal_name"": ""江苏恒瑞医药股份有限公司"", ""security_code"": ""600276"", ""security_short_name"": ""恒瑞医药"", ""source_document_date"": ""2026-04-17"", ""source_kind"": ""SSE_OFFICIAL_ISSUER_DISCLOSURE"", ""source_url"": ""https://www.sse.com.cn/disclosure/listedinfo/announcement/c/new/2026-04-17/600276_20260417_XMOL.pdf""}, ""substring_matching_used"": false}"
临床试验默示许可,official:8a9e0c836337acb645eb9265feaf9b66,江苏恒瑞医药股份有限公司,HRS5091片,慢性乙型肝炎,https://www.cde.org.cn/main/xxgk/listpage/4b5255eb0a84820cef4ca3e8b6bbe20c,FIRST_OBSERVED_SNAPSHOT_DATE,,,2026-09-30T17:29:59+08:00,CXHB2101009,化药1类,,COMPLETE,8a9e0c836337acb645eb9265feaf9b66,600276.SH,EXACT_LISTED_ISSUER_LEGAL_NAME,WHOLE_FIELD_EXACT,江苏恒瑞医药股份有限公司,"{""affiliate_inference_used"": false, ""mapping_match_mode"": ""WHOLE_FIELD_EXACT"", ""matched_applicant_token"": ""江苏恒瑞医药股份有限公司"", ""official_applicant_field"": ""江苏恒瑞医药股份有限公司"", ""registry_evidence"": {""listed_issuer_legal_name"": ""江苏恒瑞医药股份有限公司"", ""security_code"": ""600276"", ""security_short_name"": ""恒瑞医药"", ""source_document_date"": ""2026-04-17"", ""source_kind"": ""SSE_OFFICIAL_ISSUER_DISCLOSURE"", ""source_url"": ""https://www.sse.com.cn/disclosure/listedinfo/announcement/c/new/2026-04-17/600276_20260417_XMOL.pdf""}, ""substring_matching_used"": false}"
临床试验默示许可,official:8b17632d551493e0ee7f873d183f4bd3,江苏恒瑞医药股份有限公司;江苏恒瑞医药股份有限公司,氟唑帕利胶囊,氟唑帕利胶囊联合替莫唑胺胶囊±抗PD-L1抗体SHR-1316治疗复发性小细胞肺癌。,https://www.cde.org.cn/main/xxgk/listpage/4b5255eb0a84820cef4ca3e8b6bbe20c,FIRST_OBSERVED_SNAPSHOT_DATE,,,2026-09-30T17:29:59+08:00,CXHL2000083,1,,COMPLETE,8b17632d551493e0ee7f873d183f4bd3,600276.SH,EXACT_APPLICANT_TOKEN_IN_OFFICIAL_MULTI_APPLICANT_FIELD,DELIMITED_APPLICANT_TOKEN_EXACT,江苏恒瑞医药股份有限公司,"{""affiliate_inference_used"": false, ""mapping_match_mode"": ""DELIMITED_APPLICANT_TOKEN_EXACT"", ""matched_applicant_token"": ""江苏恒瑞医药股份有限公司"", ""official_applicant_field"": ""江苏恒瑞医药股份有限公司;江苏恒瑞医药股份有限公司"", ""registry_evidence"": {""listed_issuer_legal_name"": ""江苏恒瑞医药股份有限公司"", ""security_code"": ""600276"", ""security_short_name"": ""恒瑞医药"", ""source_document_date"": ""2026-04-17"", ""source_kind"": ""SSE_OFFICIAL_ISSUER_DISCLOSURE"", ""source_url"": ""https://www.sse.com.cn/disclosure/listedinfo/announcement/c/new/2026-04-17/600276_20260417_XMOL.pdf""}, ""substring_matching_used"": false}"
临床试验默示许可,official:8b68ea2125d92c68119626ff71f1552c,上海恒瑞医药有限公司;江苏恒瑞医药股份有限公司;苏州盛迪亚生物医药有限公司,SHR-1316注射液,盐酸伊立替康脂质体联合SHR-1316及5-FU用于一线治疗晚期食管癌,https://www.cde.org.cn/main/xxgk/listpage/4b5255eb0a84820cef4ca3e8b6bbe20c,FIRST_OBSERVED_SNAPSHOT_DATE,,,2026-09-30T17:29:59+08:00,CXSL1900073,1,,COMPLETE,8b68ea2125d92c68119626ff71f1552c,600276.SH,EXACT_APPLICANT_TOKEN_IN_OFFICIAL_MULTI_APPLICANT_FIELD,DELIMITED_APPLICANT_TOKEN_EXACT,江苏恒瑞医药股份有限公司,"{""affiliate_inference_used"": false, ""mapping_match_mode"": ""DELIMITED_APPLICANT_TOKEN_EXACT"", ""matched_applicant_token"": ""江苏恒瑞医药股份有限公司"", ""official_applicant_field"": ""上海恒瑞医药有限公司;江苏恒瑞医药股份有限公司;苏州盛迪亚生物医药有限公司"", ""registry_evidence"": {""listed_issuer_legal_name"": ""江苏恒瑞医药股份有限公司"", ""security_code"": ""600276"", ""security_short_name"": ""恒瑞医药"", ""source_document_date"": ""2026-04-17"", ""source_kind"": ""SSE_OFFICIAL_ISSUER_DISCLOSURE"", ""source_url"": ""https://www.sse.com.cn/disclosure/listedinfo/announcement/c/new/2026-04-17/600276_20260417_XMOL.pdf""}, ""substring_matching_used"": false}"
临床试验默示许可,official:8ba71fd15591b73e2900498941f6a0a9,江苏恒瑞医药股份有限公司,HRS2300片,用于治疗晚期恶性肿瘤。,https://www.cde.org.cn/main/xxgk/listpage/4b5255eb0a84820cef4ca3e8b6bbe20c,FIRST_OBSERVED_SNAPSHOT_DATE,,,2026-09-30T17:29:59+08:00,CXHL2101188,1,,COMPLETE,8ba71fd15591b73e2900498941f6a0a9,600276.SH,EXACT_LISTED_ISSUER_LEGAL_NAME,WHOLE_FIELD_EXACT,江苏恒瑞医药股份有限公司,"{""affiliate_inference_used"": false, ""mapping_match_mode"": ""WHOLE_FIELD_EXACT"", ""matched_applicant_token"": ""江苏恒瑞医药股份有限公司"", ""official_applicant_field"": ""江苏恒瑞医药股份有限公司"", ""registry_evidence"": {""listed_issuer_legal_name"": ""江苏恒瑞医药股份有限公司"", ""security_code"": ""600276"", ""security_short_name"": ""恒瑞医药"", ""source_document_date"": ""2026-04-17"", ""source_kind"": ""SSE_OFFICIAL_ISSUER_DISCLOSURE"", ""source_url"": ""https://www.sse.com.cn/disclosure/listedinfo/announcement/c/new/2026-04-17/600276_20260417_XMOL.pdf""}, ""substring_matching_used"": false}"
临床试验默示许可,official:8bf57af41c42fde55215e856301a2722,江苏恒瑞医药股份有限公司;江苏恒瑞医药股份有限公司,苹果酸法米替尼胶囊,晚期实体瘤,https://www.cde.org.cn/main/xxgk/listpage/4b5255eb0a84820cef4ca3e8b6bbe20c,FIRST_OBSERVED_SNAPSHOT_DATE,,,2026-09-30T17:29:59+08:00,CXHB2000146,化学药品第1类,,COMPLETE,8bf57af41c42fde55215e856301a2722,600276.SH,EXACT_APPLICANT_TOKEN_IN_OFFICIAL_MULTI_APPLICANT_FIELD,DELIMITED_APPLICANT_TOKEN_EXACT,江苏恒瑞医药股份有限公司,"{""affiliate_inference_used"": false, ""mapping_match_mode"": ""DELIMITED_APPLICANT_TOKEN_EXACT"", ""matched_applicant_token"": ""江苏恒瑞医药股份有限公司"", ""official_applicant_field"": ""江苏恒瑞医药股份有限公司;江苏恒瑞医药股份有限公司"", ""registry_evidence"": {""listed_issuer_legal_name"": ""江苏恒瑞医药股份有限公司"", ""security_code"": ""600276"", ""security_short_name"": ""恒瑞医药"", ""source_document_date"": ""2026-04-17"", ""source_kind"": ""SSE_OFFICIAL_ISSUER_DISCLOSURE"", ""source_url"": ""https://www.sse.com.cn/disclosure/listedinfo/announcement/c/new/2026-04-17/600276_20260417_XMOL.pdf""}, ""substring_matching_used"": false}"
临床试验默示许可,official:8bf7d44a494cb8069ab4403fa1bad611,成都盛迪医药有限公司;江苏恒瑞医药股份有限公司,HRS-5041片,前列腺癌；HRS-5041片联合醋酸阿比特龙片（Ⅱ）和泼尼松片或联合多西他赛和泼尼松片或联合HRS-1167片或联合SHR2554片用于治疗晚期前列腺癌患者；联合HRS-2189用于恶性肿瘤的治疗；联合注射用HS-20093用于治疗晚期前列腺癌患者；联合HRS-6208用于实体瘤的治疗；联合或不联合注射用SHR4394联合或不联合二代AR抑制剂用于前列腺癌；联合HRS-4357用于治疗前列腺特异性膜抗原(PSMA)阳性的前列腺癌成人患者。,https://www.cde.org.cn/main/xxgk/listpage/4b5255eb0a84820cef4ca3e8b6bbe20c,FIRST_OBSERVED_SNAPSHOT_DATE,,,2026-09-30T17:29:59+08:00,CXHB2600058,1,,COMPLETE,8bf7d44a494cb8069ab4403fa1bad611,600276.SH,EXACT_APPLICANT_TOKEN_IN_OFFICIAL_MULTI_APPLICANT_FIELD,DELIMITED_APPLICANT_TOKEN_EXACT,江苏恒瑞医药股份有限公司,"{""affiliate_inference_used"": false, ""mapping_match_mode"": ""DELIMITED_APPLICANT_TOKEN_EXACT"", ""matched_applicant_token"": ""江苏恒瑞医药股份有限公司"", ""official_applicant_field"": ""成都盛迪医药有限公司;江苏恒瑞医药股份有限公司"", ""registry_evidence"": {""listed_issuer_legal_name"": ""江苏恒瑞医药股份有限公司"", ""security_code"": ""600276"", ""security_short_name"": ""恒瑞医药"", ""source_document_date"": ""2026-04-17"", ""source_kind"": ""SSE_OFFICIAL_ISSUER_DISCLOSURE"", ""source_url"": ""https://www.sse.com.cn/disclosure/listedinfo/announcement/c/new/2026-04-17/600276_20260417_XMOL.pdf""}, ""substring_matching_used"": false}"
临床试验默示许可,official:8c20ebd3b26f51db6465a7b73427d5d9,江苏恒瑞医药股份有限公司;江苏恒瑞医药股份有限公司,氟唑帕利胶囊,本品拟用于联合SHR3680治疗既往醋酸阿比特龙和多西他赛治疗失败的转移性去势抵抗性前列腺癌（mCRPC）。,https://www.cde.org.cn/main/xxgk/listpage/4b5255eb0a84820cef4ca3e8b6bbe20c,FIRST_OBSERVED_SNAPSHOT_DATE,,,2026-09-30T17:29:59+08:00,CXHL1900037,1,,COMPLETE,8c20ebd3b26f51db6465a7b73427d5d9,600276.SH,EXACT_APPLICANT_TOKEN_IN_OFFICIAL_MULTI_APPLICANT_FIELD,DELIMITED_APPLICANT_TOKEN_EXACT,江苏恒瑞医药股份有限公司,"{""affiliate_inference_used"": false, ""mapping_match_mode"": ""DELIMITED_APPLICANT_TOKEN_EXACT"", ""matched_applicant_token"": ""江苏恒瑞医药股份有限公司"", ""official_applicant_field"": ""江苏恒瑞医药股份有限公司;江苏恒瑞医药股份有限公司"", ""registry_evidence"": {""listed_issuer_legal_name"": ""江苏恒瑞医药股份有限公司"", ""security_code"": ""600276"", ""security_short_name"": ""恒瑞医药"", ""source_document_date"": ""2026-04-17"", ""source_kind"": ""SSE_OFFICIAL_ISSUER_DISCLOSURE"", ""source_url"": ""https://www.sse.com.cn/disclosure/listedinfo/announcement/c/new/2026-04-17/600276_20260417_XMOL.pdf""}, ""substring_matching_used"": false}"
临床试验默示许可,official:8c537e957f8df921c2fcab6ffb2ac75f,江苏恒瑞医药股份有限公司;江苏恒瑞医药股份有限公司,HR17031注射液,配合饮食控制和运动，用于改善2型糖尿病患者的血糖控制。,https://www.cde.org.cn/main/xxgk/listpage/4b5255eb0a84820cef4ca3e8b6bbe20c,FIRST_OBSERVED_SNAPSHOT_DATE,,,2026-09-30T17:29:59+08:00,CXSB2200012,1,,COMPLETE,8c537e957f8df921c2fcab6ffb2ac75f,600276.SH,EXACT_APPLICANT_TOKEN_IN_OFFICIAL_MULTI_APPLICANT_FIELD,DELIMITED_APPLICANT_TOKEN_EXACT,江苏恒瑞医药股份有限公司,"{""affiliate_inference_used"": false, ""mapping_match_mode"": ""DELIMITED_APPLICANT_TOKEN_EXACT"", ""matched_applicant_token"": ""江苏恒瑞医药股份有限公司"", ""official_applicant_field"": ""江苏恒瑞医药股份有限公司;江苏恒瑞医药股份有限公司"", ""registry_evidence"": {""listed_issuer_legal_name"": ""江苏恒瑞医药股份有限公司"", ""security_code"": ""600276"", ""security_short_name"": ""恒瑞医药"", ""source_document_date"": ""2026-04-17"", ""source_kind"": ""SSE_OFFICIAL_ISSUER_DISCLOSURE"", ""source_url"": ""https://www.sse.com.cn/disclosure/listedinfo/announcement/c/new/2026-04-17/600276_20260417_XMOL.pdf""}, ""substring_matching_used"": false}"
临床试验默示许可,official:8db3ee63c9d25846a415af0ad7e0f1e6,苏州盛迪亚生物医药有限公司;苏州盛迪亚生物医药有限公司;江苏恒瑞医药股份有限公司;上海恒瑞医药有限公司,注射用卡瑞利珠单抗,注射用卡瑞利珠单抗联合苹果酸法米替尼胶囊治疗晚期实体瘤。,https://www.cde.org.cn/main/xxgk/listpage/4b5255eb0a84820cef4ca3e8b6bbe20c,FIRST_OBSERVED_SNAPSHOT_DATE,,,2026-09-30T17:29:59+08:00,CXSL2000006,1,,COMPLETE,8db3ee63c9d25846a415af0ad7e0f1e6,600276.SH,EXACT_APPLICANT_TOKEN_IN_OFFICIAL_MULTI_APPLICANT_FIELD,DELIMITED_APPLICANT_TOKEN_EXACT,江苏恒瑞医药股份有限公司,"{""affiliate_inference_used"": false, ""mapping_match_mode"": ""DELIMITED_APPLICANT_TOKEN_EXACT"", ""matched_applicant_token"": ""江苏恒瑞医药股份有限公司"", ""official_applicant_field"": ""苏州盛迪亚生物医药有限公司;苏州盛迪亚生物医药有限公司;江苏恒瑞医药股份有限公司;上海恒瑞医药有限公司"", ""registry_evidence"": {""listed_issuer_legal_name"": ""江苏恒瑞医药股份有限公司"", ""security_code"": ""600276"", ""security_short_name"": ""恒瑞医药"", ""source_document_date"": ""2026-04-17"", ""source_kind"": ""SSE_OFFICIAL_ISSUER_DISCLOSURE"", ""source_url"": ""https://www.sse.com.cn/disclosure/listedinfo/announcement/c/new/2026-04-17/600276_20260417_XMOL.pdf""}, ""substring_matching_used"": false}"
临床试验默示许可,official:8dce60210f833be2a76d3671bcfd1fba,江苏恒瑞医药股份有限公司,羟乙磺酸达尔西利片,本品联合RP903片和氟维司群用于复发或转移性乳腺癌患者,https://www.cde.org.cn/main/xxgk/listpage/4b5255eb0a84820cef4ca3e8b6bbe20c,FIRST_OBSERVED_SNAPSHOT_DATE,,,2026-09-30T17:29:59+08:00,CXHL2600108,2.4,,COMPLETE,8dce60210f833be2a76d3671bcfd1fba,600276.SH,EXACT_LISTED_ISSUER_LEGAL_NAME,WHOLE_FIELD_EXACT,江苏恒瑞医药股份有限公司,"{""affiliate_inference_used"": false, ""mapping_match_mode"": ""WHOLE_FIELD_EXACT"", ""matched_applicant_token"": ""江苏恒瑞医药股份有限公司"", ""official_applicant_field"": ""江苏恒瑞医药股份有限公司"", ""registry_evidence"": {""listed_issuer_legal_name"": ""江苏恒瑞医药股份有限公司"", ""security_code"": ""600276"", ""security_short_name"": ""恒瑞医药"", ""source_document_date"": ""2026-04-17"", ""source_kind"": ""SSE_OFFICIAL_ISSUER_DISCLOSURE"", ""source_url"": ""https://www.sse.com.cn/disclosure/listedinfo/announcement/c/new/2026-04-17/600276_20260417_XMOL.pdf""}, ""substring_matching_used"": false}"
临床试验默示许可,official:8e1e0c145a80fb55009bdf86ce93a508,江苏恒瑞医药股份有限公司;江苏恒瑞医药股份有限公司;苏州盛迪亚生物医药有限公司,SHR2150胶囊,本品拟用于晚期恶性肿瘤的治疗。,https://www.cde.org.cn/main/xxgk/listpage/4b5255eb0a84820cef4ca3e8b6bbe20c,FIRST_OBSERVED_SNAPSHOT_DATE,,,2026-09-30T17:29:59+08:00,CXHL1800169,1,,COMPLETE,8e1e0c145a80fb55009bdf86ce93a508,600276.SH,EXACT_APPLICANT_TOKEN_IN_OFFICIAL_MULTI_APPLICANT_FIELD,DELIMITED_APPLICANT_TOKEN_EXACT,江苏恒瑞医药股份有限公司,"{""affiliate_inference_used"": false, ""mapping_match_mode"": ""DELIMITED_APPLICANT_TOKEN_EXACT"", ""matched_applicant_token"": ""江苏恒瑞医药股份有限公司"", ""official_applicant_field"": ""江苏恒瑞医药股份有限公司;江苏恒瑞医药股份有限公司;苏州盛迪亚生物医药有限公司"", ""registry_evidence"": {""listed_issuer_legal_name"": ""江苏恒瑞医药股份有限公司"", ""security_code"": ""600276"", ""security_short_name"": ""恒瑞医药"", ""source_document_date"": ""2026-04-17"", ""source_kind"": ""SSE_OFFICIAL_ISSUER_DISCLOSURE"", ""source_url"": ""https://www.sse.com.cn/disclosure/listedinfo/announcement/c/new/2026-04-17/600276_20260417_XMOL.pdf""}, ""substring_matching_used"": false}"
临床试验默示许可,official:8e52473bce4df4c035cf3eae1d6096e0,江苏恒瑞医药股份有限公司,注射用HRS-7053,拟用于治疗晚期恶性肿瘤。,https://www.cde.org.cn/main/xxgk/listpage/4b5255eb0a84820cef4ca3e8b6bbe20c,FIRST_OBSERVED_SNAPSHOT_DATE,,,2026-09-30T17:29:59+08:00,CXHL2300496,1,,COMPLETE,8e52473bce4df4c035cf3eae1d6096e0,600276.SH,EXACT_LISTED_ISSUER_LEGAL_NAME,WHOLE_FIELD_EXACT,江苏恒瑞医药股份有限公司,"{""affiliate_inference_used"": false, ""mapping_match_mode"": ""WHOLE_FIELD_EXACT"", ""matched_applicant_token"": ""江苏恒瑞医药股份有限公司"", ""official_applicant_field"": ""江苏恒瑞医药股份有限公司"", ""registry_evidence"": {""listed_issuer_legal_name"": ""江苏恒瑞医药股份有限公司"", ""security_code"": ""600276"", ""security_short_name"": ""恒瑞医药"", ""source_document_date"": ""2026-04-17"", ""source_kind"": ""SSE_OFFICIAL_ISSUER_DISCLOSURE"", ""source_url"": ""https://www.sse.com.cn/disclosure/listedinfo/announcement/c/new/2026-04-17/600276_20260417_XMOL.pdf""}, ""substring_matching_used"": false}"
临床试验默示许可,official:8eab7a099135eb60cebb678adfec6587,江苏恒瑞医药股份有限公司;江苏恒瑞医药股份有限公司;苏州盛迪亚生物医药有限公司,SHR2150胶囊,本品拟用于晚期恶性肿瘤的治疗。,https://www.cde.org.cn/main/xxgk/listpage/4b5255eb0a84820cef4ca3e8b6bbe20c,FIRST_OBSERVED_SNAPSHOT_DATE,,,2026-09-30T17:29:59+08:00,CXHL1800170,1,,COMPLETE,8eab7a099135eb60cebb678adfec6587,600276.SH,EXACT_APPLICANT_TOKEN_IN_OFFICIAL_MULTI_APPLICANT_FIELD,DELIMITED_APPLICANT_TOKEN_EXACT,江苏恒瑞医药股份有限公司,"{""affiliate_inference_used"": false, ""mapping_match_mode"": ""DELIMITED_APPLICANT_TOKEN_EXACT"", ""matched_applicant_token"": ""江苏恒瑞医药股份有限公司"", ""official_applicant_field"": ""江苏恒瑞医药股份有限公司;江苏恒瑞医药股份有限公司;苏州盛迪亚生物医药有限公司"", ""registry_evidence"": {""listed_issuer_legal_name"": ""江苏恒瑞医药股份有限公司"", ""security_code"": ""600276"", ""security_short_name"": ""恒瑞医药"", ""source_document_date"": ""2026-04-17"", ""source_kind"": ""SSE_OFFICIAL_ISSUER_DISCLOSURE"", ""source_url"": ""https://www.sse.com.cn/disclosure/listedinfo/announcement/c/new/2026-04-17/600276_20260417_XMOL.pdf""}, ""substring_matching_used"": false}"
临床试验默示许可,official:8eccfc713c3970440589281d35c12368,江苏恒瑞医药股份有限公司;江苏恒瑞医药股份有限公司,INS068注射液,用于1型和2型糖尿病的治疗,https://www.cde.org.cn/main/xxgk/listpage/4b5255eb0a84820cef4ca3e8b6bbe20c,FIRST_OBSERVED_SNAPSHOT_DATE,,,2026-09-30T17:29:59+08:00,CXSB2100013,治疗用生物制品,,COMPLETE,8eccfc713c3970440589281d35c12368,600276.SH,EXACT_APPLICANT_TOKEN_IN_OFFICIAL_MULTI_APPLICANT_FIELD,DELIMITED_APPLICANT_TOKEN_EXACT,江苏恒瑞医药股份有限公司,"{""affiliate_inference_used"": false, ""mapping_match_mode"": ""DELIMITED_APPLICANT_TOKEN_EXACT"", ""matched_applicant_token"": ""江苏恒瑞医药股份有限公司"", ""official_applicant_field"": ""江苏恒瑞医药股份有限公司;江苏恒瑞医药股份有限公司"", ""registry_evidence"": {""listed_issuer_legal_name"": ""江苏恒瑞医药股份有限公司"", ""security_code"": ""600276"", ""security_short_name"": ""恒瑞医药"", ""source_document_date"": ""2026-04-17"", ""source_kind"": ""SSE_OFFICIAL_ISSUER_DISCLOSURE"", ""source_url"": ""https://www.sse.com.cn/disclosure/listedinfo/announcement/c/new/2026-04-17/600276_20260417_XMOL.pdf""}, ""substring_matching_used"": false}"
临床试验默示许可,official:8ee84f81e775177f0c0f2f7032f44878,江苏恒瑞医药股份有限公司,诺利糖肽注射液,在饮食运动控制基础上，用于肥胖(（BMI≥28）)或超重（BMI≥24）合并至少一个体重相关并发症（如高血压、2型糖尿病、血脂异常等）的治疗。,https://www.cde.org.cn/main/xxgk/listpage/4b5255eb0a84820cef4ca3e8b6bbe20c,FIRST_OBSERVED_SNAPSHOT_DATE,,,2026-09-30T17:29:59+08:00,CXHL2000471,1,,COMPLETE,8ee84f81e775177f0c0f2f7032f44878,600276.SH,EXACT_LISTED_ISSUER_LEGAL_NAME,WHOLE_FIELD_EXACT,江苏恒瑞医药股份有限公司,"{""affiliate_inference_used"": false, ""mapping_match_mode"": ""WHOLE_FIELD_EXACT"", ""matched_applicant_token"": ""江苏恒瑞医药股份有限公司"", ""official_applicant_field"": ""江苏恒瑞医药股份有限公司"", ""registry_evidence"": {""listed_issuer_legal_name"": ""江苏恒瑞医药股份有限公司"", ""security_code"": ""600276"", ""security_short_name"": ""恒瑞医药"", ""source_document_date"": ""2026-04-17"", ""source_kind"": ""SSE_OFFICIAL_ISSUER_DISCLOSURE"", ""source_url"": ""https://www.sse.com.cn/disclosure/listedinfo/announcement/c/new/2026-04-17/600276_20260417_XMOL.pdf""}, ""substring_matching_used"": false}"
临床试验默示许可,official:8ef0de377c3ed4ff4276913a57bbdac4,江苏恒瑞医药股份有限公司;江苏恒瑞医药股份有限公司,HR19003贴剂,拟用于缓解带状疱疹后神经痛。,https://www.cde.org.cn/main/xxgk/listpage/4b5255eb0a84820cef4ca3e8b6bbe20c,FIRST_OBSERVED_SNAPSHOT_DATE,,,2026-09-30T17:29:59+08:00,CXHL2101163,2.2,,COMPLETE,8ef0de377c3ed4ff4276913a57bbdac4,600276.SH,EXACT_APPLICANT_TOKEN_IN_OFFICIAL_MULTI_APPLICANT_FIELD,DELIMITED_APPLICANT_TOKEN_EXACT,江苏恒瑞医药股份有限公司,"{""affiliate_inference_used"": false, ""mapping_match_mode"": ""DELIMITED_APPLICANT_TOKEN_EXACT"", ""matched_applicant_token"": ""江苏恒瑞医药股份有限公司"", ""official_applicant_field"": ""江苏恒瑞医药股份有限公司;江苏恒瑞医药股份有限公司"", ""registry_evidence"": {""listed_issuer_legal_name"": ""江苏恒瑞医药股份有限公司"", ""security_code"": ""600276"", ""security_short_name"": ""恒瑞医药"", ""source_document_date"": ""2026-04-17"", ""source_kind"": ""SSE_OFFICIAL_ISSUER_DISCLOSURE"", ""source_url"": ""https://www.sse.com.cn/disclosure/listedinfo/announcement/c/new/2026-04-17/600276_20260417_XMOL.pdf""}, ""substring_matching_used"": false}"
临床试验默示许可,official:8efb2b681ace7bc8329b17f486d09d46,江苏恒瑞医药股份有限公司;上海恒瑞医药有限公司;苏州盛迪亚生物医药有限公司;成都新越医药有限公司,HRS9950片,本品临床拟用于慢性乙型肝炎的治疗。,https://www.cde.org.cn/main/xxgk/listpage/4b5255eb0a84820cef4ca3e8b6bbe20c,FIRST_OBSERVED_SNAPSHOT_DATE,,,2026-09-30T17:29:59+08:00,CXHL2000151,1,,COMPLETE,8efb2b681ace7bc8329b17f486d09d46,600276.SH,EXACT_APPLICANT_TOKEN_IN_OFFICIAL_MULTI_APPLICANT_FIELD,DELIMITED_APPLICANT_TOKEN_EXACT,江苏恒瑞医药股份有限公司,"{""affiliate_inference_used"": false, ""mapping_match_mode"": ""DELIMITED_APPLICANT_TOKEN_EXACT"", ""matched_applicant_token"": ""江苏恒瑞医药股份有限公司"", ""official_applicant_field"": ""江苏恒瑞医药股份有限公司;上海恒瑞医药有限公司;苏州盛迪亚生物医药有限公司;成都新越医药有限公司"", ""registry_evidence"": {""listed_issuer_legal_name"": ""江苏恒瑞医药股份有限公司"", ""security_code"": ""600276"", ""security_short_name"": ""恒瑞医药"", ""source_document_date"": ""2026-04-17"", ""source_kind"": ""SSE_OFFICIAL_ISSUER_DISCLOSURE"", ""source_url"": ""https://www.sse.com.cn/disclosure/listedinfo/announcement/c/new/2026-04-17/600276_20260417_XMOL.pdf""}, ""substring_matching_used"": false}"
临床试验默示许可,official:8f7c0ed4ac29aac3c962ba302642762c,江苏恒瑞医药股份有限公司,SHR7280片,SHR7280片反向添加替勃龙片用于伴有月经过多的子宫肌瘤。,https://www.cde.org.cn/main/xxgk/listpage/4b5255eb0a84820cef4ca3e8b6bbe20c,FIRST_OBSERVED_SNAPSHOT_DATE,,,2026-09-30T17:29:59+08:00,CXHL2400540,1,,COMPLETE,8f7c0ed4ac29aac3c962ba302642762c,600276.SH,EXACT_LISTED_ISSUER_LEGAL_NAME,WHOLE_FIELD_EXACT,江苏恒瑞医药股份有限公司,"{""affiliate_inference_used"": false, ""mapping_match_mode"": ""WHOLE_FIELD_EXACT"", ""matched_applicant_token"": ""江苏恒瑞医药股份有限公司"", ""official_applicant_field"": ""江苏恒瑞医药股份有限公司"", ""registry_evidence"": {""listed_issuer_legal_name"": ""江苏恒瑞医药股份有限公司"", ""security_code"": ""600276"", ""security_short_name"": ""恒瑞医药"", ""source_document_date"": ""2026-04-17"", ""source_kind"": ""SSE_OFFICIAL_ISSUER_DISCLOSURE"", ""source_url"": ""https://www.sse.com.cn/disclosure/listedinfo/announcement/c/new/2026-04-17/600276_20260417_XMOL.pdf""}, ""substring_matching_used"": false}"
临床试验默示许可,official:90004c3042d85e5693fbde6ee91613ad,江苏恒瑞医药股份有限公司,HR021611,治疗勃起功能障碍。,https://www.cde.org.cn/main/xxgk/listpage/4b5255eb0a84820cef4ca3e8b6bbe20c,FIRST_OBSERVED_SNAPSHOT_DATE,,,2026-09-30T17:29:59+08:00,CXHL2000404,2.2,,COMPLETE,90004c3042d85e5693fbde6ee91613ad,600276.SH,EXACT_LISTED_ISSUER_LEGAL_NAME,WHOLE_FIELD_EXACT,江苏恒瑞医药股份有限公司,"{""affiliate_inference_used"": false, ""mapping_match_mode"": ""WHOLE_FIELD_EXACT"", ""matched_applicant_token"": ""江苏恒瑞医药股份有限公司"", ""official_applicant_field"": ""江苏恒瑞医药股份有限公司"", ""registry_evidence"": {""listed_issuer_legal_name"": ""江苏恒瑞医药股份有限公司"", ""security_code"": ""600276"", ""security_short_name"": ""恒瑞医药"", ""source_document_date"": ""2026-04-17"", ""source_kind"": ""SSE_OFFICIAL_ISSUER_DISCLOSURE"", ""source_url"": ""https://www.sse.com.cn/disclosure/listedinfo/announcement/c/new/2026-04-17/600276_20260417_XMOL.pdf""}, ""substring_matching_used"": false}"
临床试验默示许可,official:90b730cc07fcd1ba9f7c3af0bb60a932,江苏恒瑞医药股份有限公司;江苏恒瑞医药股份有限公司,盐酸艾司氯胺酮注射液,麻醉,https://www.cde.org.cn/main/xxgk/listpage/4b5255eb0a84820cef4ca3e8b6bbe20c,FIRST_OBSERVED_SNAPSHOT_DATE,,,2026-09-30T17:29:59+08:00,CYHB2007906,3,,COMPLETE,90b730cc07fcd1ba9f7c3af0bb60a932,600276.SH,EXACT_APPLICANT_TOKEN_IN_OFFICIAL_MULTI_APPLICANT_FIELD,DELIMITED_APPLICANT_TOKEN_EXACT,江苏恒瑞医药股份有限公司,"{""affiliate_inference_used"": false, ""mapping_match_mode"": ""DELIMITED_APPLICANT_TOKEN_EXACT"", ""matched_applicant_token"": ""江苏恒瑞医药股份有限公司"", ""official_applicant_field"": ""江苏恒瑞医药股份有限公司;江苏恒瑞医药股份有限公司"", ""registry_evidence"": {""listed_issuer_legal_name"": ""江苏恒瑞医药股份有限公司"", ""security_code"": ""600276"", ""security_short_name"": ""恒瑞医药"", ""source_document_date"": ""2026-04-17"", ""source_kind"": ""SSE_OFFICIAL_ISSUER_DISCLOSURE"", ""source_url"": ""https://www.sse.com.cn/disclosure/listedinfo/announcement/c/new/2026-04-17/600276_20260417_XMOL.pdf""}, ""substring_matching_used"": false}"
临床试验默示许可,official:90be26c277291c580525d2a50c45ae6b,江苏恒瑞医药股份有限公司;江苏恒瑞医药股份有限公司,氟唑帕利胶囊,本品拟用于联合SHR-1316治疗既往接受过一线含铂方案化疗且疾病进展的小细胞肺癌（SCLC）患者。,https://www.cde.org.cn/main/xxgk/listpage/4b5255eb0a84820cef4ca3e8b6bbe20c,FIRST_OBSERVED_SNAPSHOT_DATE,,,2026-09-30T17:29:59+08:00,CXHL1900306,1,,COMPLETE,90be26c277291c580525d2a50c45ae6b,600276.SH,EXACT_APPLICANT_TOKEN_IN_OFFICIAL_MULTI_APPLICANT_FIELD,DELIMITED_APPLICANT_TOKEN_EXACT,江苏恒瑞医药股份有限公司,"{""affiliate_inference_used"": false, ""mapping_match_mode"": ""DELIMITED_APPLICANT_TOKEN_EXACT"", ""matched_applicant_token"": ""江苏恒瑞医药股份有限公司"", ""official_applicant_field"": ""江苏恒瑞医药股份有限公司;江苏恒瑞医药股份有限公司"", ""registry_evidence"": {""listed_issuer_legal_name"": ""江苏恒瑞医药股份有限公司"", ""security_code"": ""600276"", ""security_short_name"": ""恒瑞医药"", ""source_document_date"": ""2026-04-17"", ""source_kind"": ""SSE_OFFICIAL_ISSUER_DISCLOSURE"", ""source_url"": ""https://www.sse.com.cn/disclosure/listedinfo/announcement/c/new/2026-04-17/600276_20260417_XMOL.pdf""}, ""substring_matching_used"": false}"
临床试验默示许可,official:90ff3238499aef907724bf203872de1c,瑞石生物医药有限公司;江苏恒瑞医药股份有限公司,SHR0302片,本品拟用于溃疡性结肠炎的治疗,https://www.cde.org.cn/main/xxgk/listpage/4b5255eb0a84820cef4ca3e8b6bbe20c,FIRST_OBSERVED_SNAPSHOT_DATE,,,2026-09-30T17:29:59+08:00,CXHB2000090,1,,COMPLETE,90ff3238499aef907724bf203872de1c,600276.SH,EXACT_APPLICANT_TOKEN_IN_OFFICIAL_MULTI_APPLICANT_FIELD,DELIMITED_APPLICANT_TOKEN_EXACT,江苏恒瑞医药股份有限公司,"{""affiliate_inference_used"": false, ""mapping_match_mode"": ""DELIMITED_APPLICANT_TOKEN_EXACT"", ""matched_applicant_token"": ""江苏恒瑞医药股份有限公司"", ""official_applicant_field"": ""瑞石生物医药有限公司;江苏恒瑞医药股份有限公司"", ""registry_evidence"": {""listed_issuer_legal_name"": ""江苏恒瑞医药股份有限公司"", ""security_code"": ""600276"", ""security_short_name"": ""恒瑞医药"", ""source_document_date"": ""2026-04-17"", ""source_kind"": ""SSE_OFFICIAL_ISSUER_DISCLOSURE"", ""source_url"": ""https://www.sse.com.cn/disclosure/listedinfo/announcement/c/new/2026-04-17/600276_20260417_XMOL.pdf""}, ""substring_matching_used"": false}"
临床试验默示许可,official:916b44ce8064ba403e86aace8a34ddee,江苏恒瑞医药股份有限公司;江苏恒瑞医药股份有限公司;上海恒瑞医药有限公司,SHR-2042,本品可用于2型糖尿病及肥胖症的治疗,https://www.cde.org.cn/main/xxgk/listpage/4b5255eb0a84820cef4ca3e8b6bbe20c,FIRST_OBSERVED_SNAPSHOT_DATE,,,2026-09-30T17:29:59+08:00,CXHB1800100,,,COMPLETE,916b44ce8064ba403e86aace8a34ddee,600276.SH,EXACT_APPLICANT_TOKEN_IN_OFFICIAL_MULTI_APPLICANT_FIELD,DELIMITED_APPLICANT_TOKEN_EXACT,江苏恒瑞医药股份有限公司,"{""affiliate_inference_used"": false, ""mapping_match_mode"": ""DELIMITED_APPLICANT_TOKEN_EXACT"", ""matched_applicant_token"": ""江苏恒瑞医药股份有限公司"", ""official_applicant_field"": ""江苏恒瑞医药股份有限公司;江苏恒瑞医药股份有限公司;上海恒瑞医药有限公司"", ""registry_evidence"": {""listed_issuer_legal_name"": ""江苏恒瑞医药股份有限公司"", ""security_code"": ""600276"", ""security_short_name"": ""恒瑞医药"", ""source_document_date"": ""2026-04-17"", ""source_kind"": ""SSE_OFFICIAL_ISSUER_DISCLOSURE"", ""source_url"": ""https://www.sse.com.cn/disclosure/listedinfo/announcement/c/new/2026-04-17/600276_20260417_XMOL.pdf""}, ""substring_matching_used"": false}"
临床试验默示许可,official:91a404fe09227956d11d882ac3b90b4b,苏州盛迪亚生物医药有限公司;苏州盛迪亚生物医药有限公司;江苏恒瑞医药股份有限公司;上海恒瑞医药有限公司,注射用卡瑞利珠单抗,注射用卡瑞利珠单抗联合紫杉醇加卡铂一线治疗局部晚期或转移性（IIIB-IV期）鳞状非小细胞肺癌。,https://www.cde.org.cn/main/xxgk/listpage/4b5255eb0a84820cef4ca3e8b6bbe20c,FIRST_OBSERVED_SNAPSHOT_DATE,,,2026-09-30T17:29:59+08:00,CXSL1900063,1,,COMPLETE,91a404fe09227956d11d882ac3b90b4b,600276.SH,EXACT_APPLICANT_TOKEN_IN_OFFICIAL_MULTI_APPLICANT_FIELD,DELIMITED_APPLICANT_TOKEN_EXACT,江苏恒瑞医药股份有限公司,"{""affiliate_inference_used"": false, ""mapping_match_mode"": ""DELIMITED_APPLICANT_TOKEN_EXACT"", ""matched_applicant_token"": ""江苏恒瑞医药股份有限公司"", ""official_applicant_field"": ""苏州盛迪亚生物医药有限公司;苏州盛迪亚生物医药有限公司;江苏恒瑞医药股份有限公司;上海恒瑞医药有限公司"", ""registry_evidence"": {""listed_issuer_legal_name"": ""江苏恒瑞医药股份有限公司"", ""security_code"": ""600276"", ""security_short_name"": ""恒瑞医药"", ""source_document_date"": ""2026-04-17"", ""source_kind"": ""SSE_OFFICIAL_ISSUER_DISCLOSURE"", ""source_url"": ""https://www.sse.com.cn/disclosure/listedinfo/announcement/c/new/2026-04-17/600276_20260417_XMOL.pdf""}, ""substring_matching_used"": false}"
临床试验默示许可,official:920de12c207aa0aa623299713ff0c375,eVENUS PHARMACEUTICAL LABORATORIES INC.;江苏恒瑞医药股份有限公司,SHR8008胶囊,用于治疗急性外阴阴道假丝酵母菌病（VVC）,https://www.cde.org.cn/main/xxgk/listpage/4b5255eb0a84820cef4ca3e8b6bbe20c,FIRST_OBSERVED_SNAPSHOT_DATE,,,2026-09-30T17:29:59+08:00,JXHL2100013,1,,COMPLETE,920de12c207aa0aa623299713ff0c375,600276.SH,EXACT_APPLICANT_TOKEN_IN_OFFICIAL_MULTI_APPLICANT_FIELD,DELIMITED_APPLICANT_TOKEN_EXACT,江苏恒瑞医药股份有限公司,"{""affiliate_inference_used"": false, ""mapping_match_mode"": ""DELIMITED_APPLICANT_TOKEN_EXACT"", ""matched_applicant_token"": ""江苏恒瑞医药股份有限公司"", ""official_applicant_field"": ""eVENUS PHARMACEUTICAL LABORATORIES INC.;江苏恒瑞医药股份有限公司"", ""registry_evidence"": {""listed_issuer_legal_name"": ""江苏恒瑞医药股份有限公司"", ""security_code"": ""600276"", ""security_short_name"": ""恒瑞医药"", ""source_document_date"": ""2026-04-17"", ""source_kind"": ""SSE_OFFICIAL_ISSUER_DISCLOSURE"", ""source_url"": ""https://www.sse.com.cn/disclosure/listedinfo/announcement/c/new/2026-04-17/600276_20260417_XMOL.pdf""}, ""substring_matching_used"": false}"
临床试验默示许可,official:92687c1c6fcc985acd26c9f490573490,江苏恒瑞医药股份有限公司;江苏恒瑞医药股份有限公司;上海恒瑞医药有限公司,SHR0302片,本品拟用于活动性强直性脊柱炎的治疗。,https://www.cde.org.cn/main/xxgk/listpage/4b5255eb0a84820cef4ca3e8b6bbe20c,FIRST_OBSERVED_SNAPSHOT_DATE,,,2026-09-30T17:29:59+08:00,CXHL2000051,1,,COMPLETE,92687c1c6fcc985acd26c9f490573490,600276.SH,EXACT_APPLICANT_TOKEN_IN_OFFICIAL_MULTI_APPLICANT_FIELD,DELIMITED_APPLICANT_TOKEN_EXACT,江苏恒瑞医药股份有限公司,"{""affiliate_inference_used"": false, ""mapping_match_mode"": ""DELIMITED_APPLICANT_TOKEN_EXACT"", ""matched_applicant_token"": ""江苏恒瑞医药股份有限公司"", ""official_applicant_field"": ""江苏恒瑞医药股份有限公司;江苏恒瑞医药股份有限公司;上海恒瑞医药有限公司"", ""registry_evidence"": {""listed_issuer_legal_name"": ""江苏恒瑞医药股份有限公司"", ""security_code"": ""600276"", ""security_short_name"": ""恒瑞医药"", ""source_document_date"": ""2026-04-17"", ""source_kind"": ""SSE_OFFICIAL_ISSUER_DISCLOSURE"", ""source_url"": ""https://www.sse.com.cn/disclosure/listedinfo/announcement/c/new/2026-04-17/600276_20260417_XMOL.pdf""}, ""substring_matching_used"": false}"
临床试验默示许可,official:93b9f98168d771be1cb5b590e1f2e715,江苏恒瑞医药股份有限公司;江苏恒瑞医药股份有限公司,氟唑帕利胶囊,本品拟用于联合SHR-1316治疗既往接受过一线含铂方案化疗且疾病进展的小细胞肺癌（SCLC）患者。,https://www.cde.org.cn/main/xxgk/listpage/4b5255eb0a84820cef4ca3e8b6bbe20c,FIRST_OBSERVED_SNAPSHOT_DATE,,,2026-09-30T17:29:59+08:00,CXHL1900307,1,,COMPLETE,93b9f98168d771be1cb5b590e1f2e715,600276.SH,EXACT_APPLICANT_TOKEN_IN_OFFICIAL_MULTI_APPLICANT_FIELD,DELIMITED_APPLICANT_TOKEN_EXACT,江苏恒瑞医药股份有限公司,"{""affiliate_inference_used"": false, ""mapping_match_mode"": ""DELIMITED_APPLICANT_TOKEN_EXACT"", ""matched_applicant_token"": ""江苏恒瑞医药股份有限公司"", ""official_applicant_field"": ""江苏恒瑞医药股份有限公司;江苏恒瑞医药股份有限公司"", ""registry_evidence"": {""listed_issuer_legal_name"": ""江苏恒瑞医药股份有限公司"", ""security_code"": ""600276"", ""security_short_name"": ""恒瑞医药"", ""source_document_date"": ""2026-04-17"", ""source_kind"": ""SSE_OFFICIAL_ISSUER_DISCLOSURE"", ""source_url"": ""https://www.sse.com.cn/disclosure/listedinfo/announcement/c/new/2026-04-17/600276_20260417_XMOL.pdf""}, ""substring_matching_used"": false}"
临床试验默示许可,official:940f6cce8604a8bb54b2ed4a24929c50,江苏恒瑞医药股份有限公司,美洛昔康混悬注射液,术后中重度疼痛,https://www.cde.org.cn/main/xxgk/listpage/4b5255eb0a84820cef4ca3e8b6bbe20c,FIRST_OBSERVED_SNAPSHOT_DATE,,,2026-09-30T17:29:59+08:00,CXHL1800092,2.2;2.4,,COMPLETE,940f6cce8604a8bb54b2ed4a24929c50,600276.SH,EXACT_LISTED_ISSUER_LEGAL_NAME,WHOLE_FIELD_EXACT,江苏恒瑞医药股份有限公司,"{""affiliate_inference_used"": false, ""mapping_match_mode"": ""WHOLE_FIELD_EXACT"", ""matched_applicant_token"": ""江苏恒瑞医药股份有限公司"", ""official_applicant_field"": ""江苏恒瑞医药股份有限公司"", ""registry_evidence"": {""listed_issuer_legal_name"": ""江苏恒瑞医药股份有限公司"", ""security_code"": ""600276"", ""security_short_name"": ""恒瑞医药"", ""source_document_date"": ""2026-04-17"", ""source_kind"": ""SSE_OFFICIAL_ISSUER_DISCLOSURE"", ""source_url"": ""https://www.sse.com.cn/disclosure/listedinfo/announcement/c/new/2026-04-17/600276_20260417_XMOL.pdf""}, ""substring_matching_used"": false}"
临床试验默示许可,official:94a18e8e59349aa86282467f0d2ffe42,江苏恒瑞医药股份有限公司,SHR0302口服溶液,拟用于移植物抗宿主病的治疗。,https://www.cde.org.cn/main/xxgk/listpage/4b5255eb0a84820cef4ca3e8b6bbe20c,FIRST_OBSERVED_SNAPSHOT_DATE,,,2026-09-30T17:29:59+08:00,CXHL2300167,1,,COMPLETE,94a18e8e59349aa86282467f0d2ffe42,600276.SH,EXACT_LISTED_ISSUER_LEGAL_NAME,WHOLE_FIELD_EXACT,江苏恒瑞医药股份有限公司,"{""affiliate_inference_used"": false, ""mapping_match_mode"": ""WHOLE_FIELD_EXACT"", ""matched_applicant_token"": ""江苏恒瑞医药股份有限公司"", ""official_applicant_field"": ""江苏恒瑞医药股份有限公司"", ""registry_evidence"": {""listed_issuer_legal_name"": ""江苏恒瑞医药股份有限公司"", ""security_code"": ""600276"", ""security_short_name"": ""恒瑞医药"", ""source_document_date"": ""2026-04-17"", ""source_kind"": ""SSE_OFFICIAL_ISSUER_DISCLOSURE"", ""source_url"": ""https://www.sse.com.cn/disclosure/listedinfo/announcement/c/new/2026-04-17/600276_20260417_XMOL.pdf""}, ""substring_matching_used"": false}"
临床试验默示许可,official:954e6e944afc914006c9dccf379f359b,江苏恒瑞医药股份有限公司;江苏恒瑞医药股份有限公司,醋酸阿比特龙片（Ⅰ）,本品与泼尼松或泼尼松龙合用，治疗：转移性去势抵抗性前列腺癌（mCRPC）；新诊断的高危转移性内分泌治疗敏感性前列腺癌（mHSPC），包括未接受过内分泌治疗或接受内分泌治疗最长不超过3个月。,https://www.cde.org.cn/main/xxgk/listpage/4b5255eb0a84820cef4ca3e8b6bbe20c,FIRST_OBSERVED_SNAPSHOT_DATE,,,2026-09-30T17:29:59+08:00,CXHL1900427,2.2,,COMPLETE,954e6e944afc914006c9dccf379f359b,600276.SH,EXACT_APPLICANT_TOKEN_IN_OFFICIAL_MULTI_APPLICANT_FIELD,DELIMITED_APPLICANT_TOKEN_EXACT,江苏恒瑞医药股份有限公司,"{""affiliate_inference_used"": false, ""mapping_match_mode"": ""DELIMITED_APPLICANT_TOKEN_EXACT"", ""matched_applicant_token"": ""江苏恒瑞医药股份有限公司"", ""official_applicant_field"": ""江苏恒瑞医药股份有限公司;江苏恒瑞医药股份有限公司"", ""registry_evidence"": {""listed_issuer_legal_name"": ""江苏恒瑞医药股份有限公司"", ""security_code"": ""600276"", ""security_short_name"": ""恒瑞医药"", ""source_document_date"": ""2026-04-17"", ""source_kind"": ""SSE_OFFICIAL_ISSUER_DISCLOSURE"", ""source_url"": ""https://www.sse.com.cn/disclosure/listedinfo/announcement/c/new/2026-04-17/600276_20260417_XMOL.pdf""}, ""substring_matching_used"": false}"
临床试验默示许可,official:95aa8d4be03ab7cc4d984b78556513a6,江苏恒瑞医药股份有限公司,HRS-4508片,HRS-4508±曲妥珠单抗±卡培他滨/帕妥珠单抗、或联合SHR-A1811、或联合贝伐珠单抗±SHR-A1811、或联合阿得贝利单抗±SHR-A1811±贝伐珠单抗用于实体瘤的治疗。,https://www.cde.org.cn/main/xxgk/listpage/4b5255eb0a84820cef4ca3e8b6bbe20c,FIRST_OBSERVED_SNAPSHOT_DATE,,,2026-09-30T17:29:59+08:00,CXHL2500540,1,,COMPLETE,95aa8d4be03ab7cc4d984b78556513a6,600276.SH,EXACT_LISTED_ISSUER_LEGAL_NAME,WHOLE_FIELD_EXACT,江苏恒瑞医药股份有限公司,"{""affiliate_inference_used"": false, ""mapping_match_mode"": ""WHOLE_FIELD_EXACT"", ""matched_applicant_token"": ""江苏恒瑞医药股份有限公司"", ""official_applicant_field"": ""江苏恒瑞医药股份有限公司"", ""registry_evidence"": {""listed_issuer_legal_name"": ""江苏恒瑞医药股份有限公司"", ""security_code"": ""600276"", ""security_short_name"": ""恒瑞医药"", ""source_document_date"": ""2026-04-17"", ""source_kind"": ""SSE_OFFICIAL_ISSUER_DISCLOSURE"", ""source_url"": ""https://www.sse.com.cn/disclosure/listedinfo/announcement/c/new/2026-04-17/600276_20260417_XMOL.pdf""}, ""substring_matching_used"": false}"
临床试验默示许可,official:960b83fafe663fc52a4128348bcf3af2,江苏恒瑞医药股份有限公司,SHR0302口服溶液,拟用于移植物抗宿主病的治疗。,https://www.cde.org.cn/main/xxgk/listpage/4b5255eb0a84820cef4ca3e8b6bbe20c,FIRST_OBSERVED_SNAPSHOT_DATE,,,2026-09-30T17:29:59+08:00,CXHB2300278,1,,COMPLETE,960b83fafe663fc52a4128348bcf3af2,600276.SH,EXACT_LISTED_ISSUER_LEGAL_NAME,WHOLE_FIELD_EXACT,江苏恒瑞医药股份有限公司,"{""affiliate_inference_used"": false, ""mapping_match_mode"": ""WHOLE_FIELD_EXACT"", ""matched_applicant_token"": ""江苏恒瑞医药股份有限公司"", ""official_applicant_field"": ""江苏恒瑞医药股份有限公司"", ""registry_evidence"": {""listed_issuer_legal_name"": ""江苏恒瑞医药股份有限公司"", ""security_code"": ""600276"", ""security_short_name"": ""恒瑞医药"", ""source_document_date"": ""2026-04-17"", ""source_kind"": ""SSE_OFFICIAL_ISSUER_DISCLOSURE"", ""source_url"": ""https://www.sse.com.cn/disclosure/listedinfo/announcement/c/new/2026-04-17/600276_20260417_XMOL.pdf""}, ""substring_matching_used"": false}"
临床试验默示许可,official:966c3e6032e2dc68a5ba9e0ef6fbc415,江苏恒瑞医药股份有限公司;江苏恒瑞医药股份有限公司;上海恒瑞医药有限公司,海曲泊帕乙醇胺片,本品用于治疗肿瘤化疗所致血小板减少症。,https://www.cde.org.cn/main/xxgk/listpage/4b5255eb0a84820cef4ca3e8b6bbe20c,FIRST_OBSERVED_SNAPSHOT_DATE,,,2026-09-30T17:29:59+08:00,CXHL1900191,1,,COMPLETE,966c3e6032e2dc68a5ba9e0ef6fbc415,600276.SH,EXACT_APPLICANT_TOKEN_IN_OFFICIAL_MULTI_APPLICANT_FIELD,DELIMITED_APPLICANT_TOKEN_EXACT,江苏恒瑞医药股份有限公司,"{""affiliate_inference_used"": false, ""mapping_match_mode"": ""DELIMITED_APPLICANT_TOKEN_EXACT"", ""matched_applicant_token"": ""江苏恒瑞医药股份有限公司"", ""official_applicant_field"": ""江苏恒瑞医药股份有限公司;江苏恒瑞医药股份有限公司;上海恒瑞医药有限公司"", ""registry_evidence"": {""listed_issuer_legal_name"": ""江苏恒瑞医药股份有限公司"", ""security_code"": ""600276"", ""security_short_name"": ""恒瑞医药"", ""source_document_date"": ""2026-04-17"", ""source_kind"": ""SSE_OFFICIAL_ISSUER_DISCLOSURE"", ""source_url"": ""https://www.sse.com.cn/disclosure/listedinfo/announcement/c/new/2026-04-17/600276_20260417_XMOL.pdf""}, ""substring_matching_used"": false}"
临床试验默示许可,official:975bb7bd66556ae113324c47f2220466,江苏恒瑞医药股份有限公司;成都盛迪医药有限公司,醋酸阿比特龙片（Ⅰ）,本品与泼尼松或泼尼松龙合用，治疗：转移性去势抵抗性前列腺癌（mCRPC）；新诊断的高危转移性内分泌治疗敏感性前列腺癌（mHSPC），包括未接受过内分泌治疗或接受内分泌治疗最长不超过3个月。,https://www.cde.org.cn/main/xxgk/listpage/4b5255eb0a84820cef4ca3e8b6bbe20c,FIRST_OBSERVED_SNAPSHOT_DATE,,,2026-09-30T17:29:59+08:00,CXHB2000073,2.2,,COMPLETE,975bb7bd66556ae113324c47f2220466,600276.SH,EXACT_APPLICANT_TOKEN_IN_OFFICIAL_MULTI_APPLICANT_FIELD,DELIMITED_APPLICANT_TOKEN_EXACT,江苏恒瑞医药股份有限公司,"{""affiliate_inference_used"": false, ""mapping_match_mode"": ""DELIMITED_APPLICANT_TOKEN_EXACT"", ""matched_applicant_token"": ""江苏恒瑞医药股份有限公司"", ""official_applicant_field"": ""江苏恒瑞医药股份有限公司;成都盛迪医药有限公司"", ""registry_evidence"": {""listed_issuer_legal_name"": ""江苏恒瑞医药股份有限公司"", ""security_code"": ""600276"", ""security_short_name"": ""恒瑞医药"", ""source_document_date"": ""2026-04-17"", ""source_kind"": ""SSE_OFFICIAL_ISSUER_DISCLOSURE"", ""source_url"": ""https://www.sse.com.cn/disclosure/listedinfo/announcement/c/new/2026-04-17/600276_20260417_XMOL.pdf""}, ""substring_matching_used"": false}"
临床试验默示许可,official:981d6e8917eebdb47dd80110b0935a60,江苏恒瑞医药股份有限公司,HRS-6209胶囊,本品联合HRS-1358或HRS-8080或芳香化酶抑制剂或氟维司群用于乳腺癌的治疗。,https://www.cde.org.cn/main/xxgk/listpage/4b5255eb0a84820cef4ca3e8b6bbe20c,FIRST_OBSERVED_SNAPSHOT_DATE,,,2026-09-30T17:29:59+08:00,CXHL2400450,1,,COMPLETE,981d6e8917eebdb47dd80110b0935a60,600276.SH,EXACT_LISTED_ISSUER_LEGAL_NAME,WHOLE_FIELD_EXACT,江苏恒瑞医药股份有限公司,"{""affiliate_inference_used"": false, ""mapping_match_mode"": ""WHOLE_FIELD_EXACT"", ""matched_applicant_token"": ""江苏恒瑞医药股份有限公司"", ""official_applicant_field"": ""江苏恒瑞医药股份有限公司"", ""registry_evidence"": {""listed_issuer_legal_name"": ""江苏恒瑞医药股份有限公司"", ""security_code"": ""600276"", ""security_short_name"": ""恒瑞医药"", ""source_document_date"": ""2026-04-17"", ""source_kind"": ""SSE_OFFICIAL_ISSUER_DISCLOSURE"", ""source_url"": ""https://www.sse.com.cn/disclosure/listedinfo/announcement/c/new/2026-04-17/600276_20260417_XMOL.pdf""}, ""substring_matching_used"": false}"
临床试验默示许可,official:983cd35d357c7ce6fb976b7ffe954600,江苏恒瑞医药股份有限公司;江苏恒瑞医药股份有限公司,氟唑帕利胶囊,本品拟用于联合SHR3680治疗既往醋酸阿比特龙和多西他赛治疗失败的转移性去势抵抗性前列腺癌（mCRPC）。,https://www.cde.org.cn/main/xxgk/listpage/4b5255eb0a84820cef4ca3e8b6bbe20c,FIRST_OBSERVED_SNAPSHOT_DATE,,,2026-09-30T17:29:59+08:00,CXHL1900036,1,,COMPLETE,983cd35d357c7ce6fb976b7ffe954600,600276.SH,EXACT_APPLICANT_TOKEN_IN_OFFICIAL_MULTI_APPLICANT_FIELD,DELIMITED_APPLICANT_TOKEN_EXACT,江苏恒瑞医药股份有限公司,"{""affiliate_inference_used"": false, ""mapping_match_mode"": ""DELIMITED_APPLICANT_TOKEN_EXACT"", ""matched_applicant_token"": ""江苏恒瑞医药股份有限公司"", ""official_applicant_field"": ""江苏恒瑞医药股份有限公司;江苏恒瑞医药股份有限公司"", ""registry_evidence"": {""listed_issuer_legal_name"": ""江苏恒瑞医药股份有限公司"", ""security_code"": ""600276"", ""security_short_name"": ""恒瑞医药"", ""source_document_date"": ""2026-04-17"", ""source_kind"": ""SSE_OFFICIAL_ISSUER_DISCLOSURE"", ""source_url"": ""https://www.sse.com.cn/disclosure/listedinfo/announcement/c/new/2026-04-17/600276_20260417_XMOL.pdf""}, ""substring_matching_used"": false}"
临床试验默示许可,official:983e316a54f1890338e7a1083dbdb1e6,上海恒瑞医药有限公司;江苏恒瑞医药股份有限公司,HRS2543片,晚期恶性肿瘤,https://www.cde.org.cn/main/xxgk/listpage/4b5255eb0a84820cef4ca3e8b6bbe20c,FIRST_OBSERVED_SNAPSHOT_DATE,,,2026-09-30T17:29:59+08:00,CXHL2100036,1,,COMPLETE,983e316a54f1890338e7a1083dbdb1e6,600276.SH,EXACT_APPLICANT_TOKEN_IN_OFFICIAL_MULTI_APPLICANT_FIELD,DELIMITED_APPLICANT_TOKEN_EXACT,江苏恒瑞医药股份有限公司,"{""affiliate_inference_used"": false, ""mapping_match_mode"": ""DELIMITED_APPLICANT_TOKEN_EXACT"", ""matched_applicant_token"": ""江苏恒瑞医药股份有限公司"", ""official_applicant_field"": ""上海恒瑞医药有限公司;江苏恒瑞医药股份有限公司"", ""registry_evidence"": {""listed_issuer_legal_name"": ""江苏恒瑞医药股份有限公司"", ""security_code"": ""600276"", ""security_short_name"": ""恒瑞医药"", ""source_document_date"": ""2026-04-17"", ""source_kind"": ""SSE_OFFICIAL_ISSUER_DISCLOSURE"", ""source_url"": ""https://www.sse.com.cn/disclosure/listedinfo/announcement/c/new/2026-04-17/600276_20260417_XMOL.pdf""}, ""substring_matching_used"": false}"
临床试验默示许可,official:98c41fad916b5a2fd12f19dd904de150,江苏恒瑞医药股份有限公司;江苏恒瑞医药股份有限公司;上海恒瑞医药有限公司,SHR5126片,本品拟用于实体廇患者的治疗，具体适应证待临床试验确定。,https://www.cde.org.cn/main/xxgk/listpage/4b5255eb0a84820cef4ca3e8b6bbe20c,FIRST_OBSERVED_SNAPSHOT_DATE,,,2026-09-30T17:29:59+08:00,CXHL1900400,1,,COMPLETE,98c41fad916b5a2fd12f19dd904de150,600276.SH,EXACT_APPLICANT_TOKEN_IN_OFFICIAL_MULTI_APPLICANT_FIELD,DELIMITED_APPLICANT_TOKEN_EXACT,江苏恒瑞医药股份有限公司,"{""affiliate_inference_used"": false, ""mapping_match_mode"": ""DELIMITED_APPLICANT_TOKEN_EXACT"", ""matched_applicant_token"": ""江苏恒瑞医药股份有限公司"", ""official_applicant_field"": ""江苏恒瑞医药股份有限公司;江苏恒瑞医药股份有限公司;上海恒瑞医药有限公司"", ""registry_evidence"": {""listed_issuer_legal_name"": ""江苏恒瑞医药股份有限公司"", ""security_code"": ""600276"", ""security_short_name"": ""恒瑞医药"", ""source_document_date"": ""2026-04-17"", ""source_kind"": ""SSE_OFFICIAL_ISSUER_DISCLOSURE"", ""source_url"": ""https://www.sse.com.cn/disclosure/listedinfo/announcement/c/new/2026-04-17/600276_20260417_XMOL.pdf""}, ""substring_matching_used"": false}"
临床试验默示许可,official:98f62dba80e79c88783d9f13e51a013f,江苏恒瑞医药股份有限公司,SHR7280片,辅助生殖技术中，用于控制性超促排卵治疗的患者，防止提前排卵。,https://www.cde.org.cn/main/xxgk/listpage/4b5255eb0a84820cef4ca3e8b6bbe20c,FIRST_OBSERVED_SNAPSHOT_DATE,,,2026-09-30T17:29:59+08:00,CXHB2300163,1,,COMPLETE,98f62dba80e79c88783d9f13e51a013f,600276.SH,EXACT_LISTED_ISSUER_LEGAL_NAME,WHOLE_FIELD_EXACT,江苏恒瑞医药股份有限公司,"{""affiliate_inference_used"": false, ""mapping_match_mode"": ""WHOLE_FIELD_EXACT"", ""matched_applicant_token"": ""江苏恒瑞医药股份有限公司"", ""official_applicant_field"": ""江苏恒瑞医药股份有限公司"", ""registry_evidence"": {""listed_issuer_legal_name"": ""江苏恒瑞医药股份有限公司"", ""security_code"": ""600276"", ""security_short_name"": ""恒瑞医药"", ""source_document_date"": ""2026-04-17"", ""source_kind"": ""SSE_OFFICIAL_ISSUER_DISCLOSURE"", ""source_url"": ""https://www.sse.com.cn/disclosure/listedinfo/announcement/c/new/2026-04-17/600276_20260417_XMOL.pdf""}, ""substring_matching_used"": false}"
临床试验默示许可,official:99a5ad5f22cd452d7f4b4c98786a5918,上海恒瑞医药有限公司;江苏恒瑞医药股份有限公司,HRS8807片,本品联合羟乙磺酸达尔西利片用于乳腺癌的治疗。,https://www.cde.org.cn/main/xxgk/listpage/4b5255eb0a84820cef4ca3e8b6bbe20c,FIRST_OBSERVED_SNAPSHOT_DATE,,,2026-09-30T17:29:59+08:00,CXHL2400090,1,,COMPLETE,99a5ad5f22cd452d7f4b4c98786a5918,600276.SH,EXACT_APPLICANT_TOKEN_IN_OFFICIAL_MULTI_APPLICANT_FIELD,DELIMITED_APPLICANT_TOKEN_EXACT,江苏恒瑞医药股份有限公司,"{""affiliate_inference_used"": false, ""mapping_match_mode"": ""DELIMITED_APPLICANT_TOKEN_EXACT"", ""matched_applicant_token"": ""江苏恒瑞医药股份有限公司"", ""official_applicant_field"": ""上海恒瑞医药有限公司;江苏恒瑞医药股份有限公司"", ""registry_evidence"": {""listed_issuer_legal_name"": ""江苏恒瑞医药股份有限公司"", ""security_code"": ""600276"", ""security_short_name"": ""恒瑞医药"", ""source_document_date"": ""2026-04-17"", ""source_kind"": ""SSE_OFFICIAL_ISSUER_DISCLOSURE"", ""source_url"": ""https://www.sse.com.cn/disclosure/listedinfo/announcement/c/new/2026-04-17/600276_20260417_XMOL.pdf""}, ""substring_matching_used"": false}"
临床试验默示许可,official:9ae2c673ebd2d1c69ee89f51aee8dd36,江苏恒瑞医药股份有限公司;江苏恒瑞医药股份有限公司;上海恒瑞医药有限公司,SHR5126片,本品拟用于实体廇患者的治疗，具体适应证待临床试验确定。,https://www.cde.org.cn/main/xxgk/listpage/4b5255eb0a84820cef4ca3e8b6bbe20c,FIRST_OBSERVED_SNAPSHOT_DATE,,,2026-09-30T17:29:59+08:00,CXHL1900399,1,,COMPLETE,9ae2c673ebd2d1c69ee89f51aee8dd36,600276.SH,EXACT_APPLICANT_TOKEN_IN_OFFICIAL_MULTI_APPLICANT_FIELD,DELIMITED_APPLICANT_TOKEN_EXACT,江苏恒瑞医药股份有限公司,"{""affiliate_inference_used"": false, ""mapping_match_mode"": ""DELIMITED_APPLICANT_TOKEN_EXACT"", ""matched_applicant_token"": ""江苏恒瑞医药股份有限公司"", ""official_applicant_field"": ""江苏恒瑞医药股份有限公司;江苏恒瑞医药股份有限公司;上海恒瑞医药有限公司"", ""registry_evidence"": {""listed_issuer_legal_name"": ""江苏恒瑞医药股份有限公司"", ""security_code"": ""600276"", ""security_short_name"": ""恒瑞医药"", ""source_document_date"": ""2026-04-17"", ""source_kind"": ""SSE_OFFICIAL_ISSUER_DISCLOSURE"", ""source_url"": ""https://www.sse.com.cn/disclosure/listedinfo/announcement/c/new/2026-04-17/600276_20260417_XMOL.pdf""}, ""substring_matching_used"": false}"
临床试验默示许可,official:9af74e8b9c42ca033b4401a7d61b5231,上海恒瑞医药有限公司;江苏恒瑞医药股份有限公司,HRS-4642注射液,HRS-4642联合FH-006±阿得贝利单抗或SHR-1701±化疗治疗KRAS G12D突变的晚期或转移性实体瘤患者,https://www.cde.org.cn/main/xxgk/listpage/4b5255eb0a84820cef4ca3e8b6bbe20c,FIRST_OBSERVED_SNAPSHOT_DATE,,,2026-09-30T17:29:59+08:00,CXHL2500691,1,,COMPLETE,9af74e8b9c42ca033b4401a7d61b5231,600276.SH,EXACT_APPLICANT_TOKEN_IN_OFFICIAL_MULTI_APPLICANT_FIELD,DELIMITED_APPLICANT_TOKEN_EXACT,江苏恒瑞医药股份有限公司,"{""affiliate_inference_used"": false, ""mapping_match_mode"": ""DELIMITED_APPLICANT_TOKEN_EXACT"", ""matched_applicant_token"": ""江苏恒瑞医药股份有限公司"", ""official_applicant_field"": ""上海恒瑞医药有限公司;江苏恒瑞医药股份有限公司"", ""registry_evidence"": {""listed_issuer_legal_name"": ""江苏恒瑞医药股份有限公司"", ""security_code"": ""600276"", ""security_short_name"": ""恒瑞医药"", ""source_document_date"": ""2026-04-17"", ""source_kind"": ""SSE_OFFICIAL_ISSUER_DISCLOSURE"", ""source_url"": ""https://www.sse.com.cn/disclosure/listedinfo/announcement/c/new/2026-04-17/600276_20260417_XMOL.pdf""}, ""substring_matching_used"": false}"
临床试验默示许可,official:9b538eb7555b285daebca8ef47454317,江苏恒瑞医药股份有限公司;成都盛迪医药有限公司,HRS-5041片,本品联合注射用HS-20093用于治疗晚期前列腺癌患者。,https://www.cde.org.cn/main/xxgk/listpage/4b5255eb0a84820cef4ca3e8b6bbe20c,FIRST_OBSERVED_SNAPSHOT_DATE,,,2026-09-30T17:29:59+08:00,CXHL2500468,1,,COMPLETE,9b538eb7555b285daebca8ef47454317,600276.SH,EXACT_APPLICANT_TOKEN_IN_OFFICIAL_MULTI_APPLICANT_FIELD,DELIMITED_APPLICANT_TOKEN_EXACT,江苏恒瑞医药股份有限公司,"{""affiliate_inference_used"": false, ""mapping_match_mode"": ""DELIMITED_APPLICANT_TOKEN_EXACT"", ""matched_applicant_token"": ""江苏恒瑞医药股份有限公司"", ""official_applicant_field"": ""江苏恒瑞医药股份有限公司;成都盛迪医药有限公司"", ""registry_evidence"": {""listed_issuer_legal_name"": ""江苏恒瑞医药股份有限公司"", ""security_code"": ""600276"", ""security_short_name"": ""恒瑞医药"", ""source_document_date"": ""2026-04-17"", ""source_kind"": ""SSE_OFFICIAL_ISSUER_DISCLOSURE"", ""source_url"": ""https://www.sse.com.cn/disclosure/listedinfo/announcement/c/new/2026-04-17/600276_20260417_XMOL.pdf""}, ""substring_matching_used"": false}"
临床试验默示许可,official:9ba00a1aea5370bab636c7996bf60900,江苏恒瑞医药股份有限公司;江苏恒瑞医药股份有限公司,苹果酸法米替尼胶囊,本品联合注射用卡瑞利珠单抗用于治疗既往经过二线及以上治疗的晚期肾细胞癌。,https://www.cde.org.cn/main/xxgk/listpage/4b5255eb0a84820cef4ca3e8b6bbe20c,FIRST_OBSERVED_SNAPSHOT_DATE,,,2026-09-30T17:29:59+08:00,CXHL2000430,1,,COMPLETE,9ba00a1aea5370bab636c7996bf60900,600276.SH,EXACT_APPLICANT_TOKEN_IN_OFFICIAL_MULTI_APPLICANT_FIELD,DELIMITED_APPLICANT_TOKEN_EXACT,江苏恒瑞医药股份有限公司,"{""affiliate_inference_used"": false, ""mapping_match_mode"": ""DELIMITED_APPLICANT_TOKEN_EXACT"", ""matched_applicant_token"": ""江苏恒瑞医药股份有限公司"", ""official_applicant_field"": ""江苏恒瑞医药股份有限公司;江苏恒瑞医药股份有限公司"", ""registry_evidence"": {""listed_issuer_legal_name"": ""江苏恒瑞医药股份有限公司"", ""security_code"": ""600276"", ""security_short_name"": ""恒瑞医药"", ""source_document_date"": ""2026-04-17"", ""source_kind"": ""SSE_OFFICIAL_ISSUER_DISCLOSURE"", ""source_url"": ""https://www.sse.com.cn/disclosure/listedinfo/announcement/c/new/2026-04-17/600276_20260417_XMOL.pdf""}, ""substring_matching_used"": false}"
临床试验默示许可,official:9c82fe9593c0b985e1b470ded0ae7081,江苏恒瑞医药股份有限公司;江苏恒瑞医药股份有限公司;上海恒瑞医药有限公司,SHR6390片,本品拟联合氟维司群用于激素受体（HR）阳性、人表皮生长因子受体2（HER2）阴性的经内分泌治疗后进展的复发或转移性乳腺癌的治疗。,https://www.cde.org.cn/main/xxgk/listpage/4b5255eb0a84820cef4ca3e8b6bbe20c,FIRST_OBSERVED_SNAPSHOT_DATE,,,2026-09-30T17:29:59+08:00,CXHB2000047,1,,COMPLETE,9c82fe9593c0b985e1b470ded0ae7081,600276.SH,EXACT_APPLICANT_TOKEN_IN_OFFICIAL_MULTI_APPLICANT_FIELD,DELIMITED_APPLICANT_TOKEN_EXACT,江苏恒瑞医药股份有限公司,"{""affiliate_inference_used"": false, ""mapping_match_mode"": ""DELIMITED_APPLICANT_TOKEN_EXACT"", ""matched_applicant_token"": ""江苏恒瑞医药股份有限公司"", ""official_applicant_field"": ""江苏恒瑞医药股份有限公司;江苏恒瑞医药股份有限公司;上海恒瑞医药有限公司"", ""registry_evidence"": {""listed_issuer_legal_name"": ""江苏恒瑞医药股份有限公司"", ""security_code"": ""600276"", ""security_short_name"": ""恒瑞医药"", ""source_document_date"": ""2026-04-17"", ""source_kind"": ""SSE_OFFICIAL_ISSUER_DISCLOSURE"", ""source_url"": ""https://www.sse.com.cn/disclosure/listedinfo/announcement/c/new/2026-04-17/600276_20260417_XMOL.pdf""}, ""substring_matching_used"": false}"
临床试验默示许可,official:9cc123fdfe21110391034178828317b2,江苏恒瑞医药股份有限公司;江苏恒瑞医药股份有限公司,海曲泊帕乙醇胺片,本品用于治疗肿瘤化疗所致血小板减少症。,https://www.cde.org.cn/main/xxgk/listpage/4b5255eb0a84820cef4ca3e8b6bbe20c,FIRST_OBSERVED_SNAPSHOT_DATE,,,2026-09-30T17:29:59+08:00,CXHB2101080,化学药品1类,,COMPLETE,9cc123fdfe21110391034178828317b2,600276.SH,EXACT_APPLICANT_TOKEN_IN_OFFICIAL_MULTI_APPLICANT_FIELD,DELIMITED_APPLICANT_TOKEN_EXACT,江苏恒瑞医药股份有限公司,"{""affiliate_inference_used"": false, ""mapping_match_mode"": ""DELIMITED_APPLICANT_TOKEN_EXACT"", ""matched_applicant_token"": ""江苏恒瑞医药股份有限公司"", ""official_applicant_field"": ""江苏恒瑞医药股份有限公司;江苏恒瑞医药股份有限公司"", ""registry_evidence"": {""listed_issuer_legal_name"": ""江苏恒瑞医药股份有限公司"", ""security_code"": ""600276"", ""security_short_name"": ""恒瑞医药"", ""source_document_date"": ""2026-04-17"", ""source_kind"": ""SSE_OFFICIAL_ISSUER_DISCLOSURE"", ""source_url"": ""https://www.sse.com.cn/disclosure/listedinfo/announcement/c/new/2026-04-17/600276_20260417_XMOL.pdf""}, ""substring_matching_used"": false}"
临床试验默示许可,official:9cfa22691c1987ff753c0d198d1a6bbd,江苏恒瑞医药股份有限公司,SHR0302缓释片,系统性红斑狼疮,https://www.cde.org.cn/main/xxgk/listpage/4b5255eb0a84820cef4ca3e8b6bbe20c,FIRST_OBSERVED_SNAPSHOT_DATE,,,2026-09-30T17:29:59+08:00,CXHL2301025,1,,COMPLETE,9cfa22691c1987ff753c0d198d1a6bbd,600276.SH,EXACT_LISTED_ISSUER_LEGAL_NAME,WHOLE_FIELD_EXACT,江苏恒瑞医药股份有限公司,"{""affiliate_inference_used"": false, ""mapping_match_mode"": ""WHOLE_FIELD_EXACT"", ""matched_applicant_token"": ""江苏恒瑞医药股份有限公司"", ""official_applicant_field"": ""江苏恒瑞医药股份有限公司"", ""registry_evidence"": {""listed_issuer_legal_name"": ""江苏恒瑞医药股份有限公司"", ""security_code"": ""600276"", ""security_short_name"": ""恒瑞医药"", ""source_document_date"": ""2026-04-17"", ""source_kind"": ""SSE_OFFICIAL_ISSUER_DISCLOSURE"", ""source_url"": ""https://www.sse.com.cn/disclosure/listedinfo/announcement/c/new/2026-04-17/600276_20260417_XMOL.pdf""}, ""substring_matching_used"": false}"
临床试验默示许可,official:9db099bae4c8b52812d3a7c9aacf9d56,江苏恒瑞医药股份有限公司;江苏恒瑞医药股份有限公司,马来酸吡咯替尼片,本品用于治疗HER2异常的晚期/转移性胆道癌患者,https://www.cde.org.cn/main/xxgk/listpage/4b5255eb0a84820cef4ca3e8b6bbe20c,FIRST_OBSERVED_SNAPSHOT_DATE,,,2026-09-30T17:29:59+08:00,CXHB2000097,2.4,,COMPLETE,9db099bae4c8b52812d3a7c9aacf9d56,600276.SH,EXACT_APPLICANT_TOKEN_IN_OFFICIAL_MULTI_APPLICANT_FIELD,DELIMITED_APPLICANT_TOKEN_EXACT,江苏恒瑞医药股份有限公司,"{""affiliate_inference_used"": false, ""mapping_match_mode"": ""DELIMITED_APPLICANT_TOKEN_EXACT"", ""matched_applicant_token"": ""江苏恒瑞医药股份有限公司"", ""official_applicant_field"": ""江苏恒瑞医药股份有限公司;江苏恒瑞医药股份有限公司"", ""registry_evidence"": {""listed_issuer_legal_name"": ""江苏恒瑞医药股份有限公司"", ""security_code"": ""600276"", ""security_short_name"": ""恒瑞医药"", ""source_document_date"": ""2026-04-17"", ""source_kind"": ""SSE_OFFICIAL_ISSUER_DISCLOSURE"", ""source_url"": ""https://www.sse.com.cn/disclosure/listedinfo/announcement/c/new/2026-04-17/600276_20260417_XMOL.pdf""}, ""substring_matching_used"": false}"
临床试验默示许可,official:9de50fc5ee890995368c29cf26e0cf08,上海恒瑞医药有限公司;江苏恒瑞医药股份有限公司,盐酸伊立替康脂质体注射液（Ⅱ）,本品联合奥沙利铂、5-氟尿嘧啶/亚叶酸钙、贝伐珠单抗用于不可手术切除的转移性结直肠癌患者的一线治疗,https://www.cde.org.cn/main/xxgk/listpage/4b5255eb0a84820cef4ca3e8b6bbe20c,FIRST_OBSERVED_SNAPSHOT_DATE,,,2026-09-30T17:29:59+08:00,CXHB2600188,,,COMPLETE,9de50fc5ee890995368c29cf26e0cf08,600276.SH,EXACT_APPLICANT_TOKEN_IN_OFFICIAL_MULTI_APPLICANT_FIELD,DELIMITED_APPLICANT_TOKEN_EXACT,江苏恒瑞医药股份有限公司,"{""affiliate_inference_used"": false, ""mapping_match_mode"": ""DELIMITED_APPLICANT_TOKEN_EXACT"", ""matched_applicant_token"": ""江苏恒瑞医药股份有限公司"", ""official_applicant_field"": ""上海恒瑞医药有限公司;江苏恒瑞医药股份有限公司"", ""registry_evidence"": {""listed_issuer_legal_name"": ""江苏恒瑞医药股份有限公司"", ""security_code"": ""600276"", ""security_short_name"": ""恒瑞医药"", ""source_document_date"": ""2026-04-17"", ""source_kind"": ""SSE_OFFICIAL_ISSUER_DISCLOSURE"", ""source_url"": ""https://www.sse.com.cn/disclosure/listedinfo/announcement/c/new/2026-04-17/600276_20260417_XMOL.pdf""}, ""substring_matching_used"": false}"
临床试验默示许可,official:9df45934d7970ed0b01ab02e6a1a6dca,江苏恒瑞医药股份有限公司,HRS-4508片,实体瘤。,https://www.cde.org.cn/main/xxgk/listpage/4b5255eb0a84820cef4ca3e8b6bbe20c,FIRST_OBSERVED_SNAPSHOT_DATE,,,2026-09-30T17:29:59+08:00,CXHL2400464,1,,COMPLETE,9df45934d7970ed0b01ab02e6a1a6dca,600276.SH,EXACT_LISTED_ISSUER_LEGAL_NAME,WHOLE_FIELD_EXACT,江苏恒瑞医药股份有限公司,"{""affiliate_inference_used"": false, ""mapping_match_mode"": ""WHOLE_FIELD_EXACT"", ""matched_applicant_token"": ""江苏恒瑞医药股份有限公司"", ""official_applicant_field"": ""江苏恒瑞医药股份有限公司"", ""registry_evidence"": {""listed_issuer_legal_name"": ""江苏恒瑞医药股份有限公司"", ""security_code"": ""600276"", ""security_short_name"": ""恒瑞医药"", ""source_document_date"": ""2026-04-17"", ""source_kind"": ""SSE_OFFICIAL_ISSUER_DISCLOSURE"", ""source_url"": ""https://www.sse.com.cn/disclosure/listedinfo/announcement/c/new/2026-04-17/600276_20260417_XMOL.pdf""}, ""substring_matching_used"": false}"
临床试验默示许可,official:9ed632044113158f738bf2e3289ccc40,江苏恒瑞医药股份有限公司,HRS-6209胶囊,本品联合HRS-6208+HRS-8080，或联合HRS-6208+HRS-1358，或联合HRS-6208+氟维司群，或联合HRS-6208+芳香化酶抑制剂用于实体瘤的治疗。,https://www.cde.org.cn/main/xxgk/listpage/4b5255eb0a84820cef4ca3e8b6bbe20c,FIRST_OBSERVED_SNAPSHOT_DATE,,,2026-09-30T17:29:59+08:00,CXHL2501004,1,,COMPLETE,9ed632044113158f738bf2e3289ccc40,600276.SH,EXACT_LISTED_ISSUER_LEGAL_NAME,WHOLE_FIELD_EXACT,江苏恒瑞医药股份有限公司,"{""affiliate_inference_used"": false, ""mapping_match_mode"": ""WHOLE_FIELD_EXACT"", ""matched_applicant_token"": ""江苏恒瑞医药股份有限公司"", ""official_applicant_field"": ""江苏恒瑞医药股份有限公司"", ""registry_evidence"": {""listed_issuer_legal_name"": ""江苏恒瑞医药股份有限公司"", ""security_code"": ""600276"", ""security_short_name"": ""恒瑞医药"", ""source_document_date"": ""2026-04-17"", ""source_kind"": ""SSE_OFFICIAL_ISSUER_DISCLOSURE"", ""source_url"": ""https://www.sse.com.cn/disclosure/listedinfo/announcement/c/new/2026-04-17/600276_20260417_XMOL.pdf""}, ""substring_matching_used"": false}"
临床试验默示许可,official:a0196d02073e15a933867149274d0c66,江苏恒瑞医药股份有限公司,SHR8554注射液,本品联合SHR0410拟临床用于术后急性中到重度疼痛的治疗,https://www.cde.org.cn/main/xxgk/listpage/4b5255eb0a84820cef4ca3e8b6bbe20c,FIRST_OBSERVED_SNAPSHOT_DATE,,,2026-09-30T17:29:59+08:00,CXHL2101402,1,,COMPLETE,a0196d02073e15a933867149274d0c66,600276.SH,EXACT_LISTED_ISSUER_LEGAL_NAME,WHOLE_FIELD_EXACT,江苏恒瑞医药股份有限公司,"{""affiliate_inference_used"": false, ""mapping_match_mode"": ""WHOLE_FIELD_EXACT"", ""matched_applicant_token"": ""江苏恒瑞医药股份有限公司"", ""official_applicant_field"": ""江苏恒瑞医药股份有限公司"", ""registry_evidence"": {""listed_issuer_legal_name"": ""江苏恒瑞医药股份有限公司"", ""security_code"": ""600276"", ""security_short_name"": ""恒瑞医药"", ""source_document_date"": ""2026-04-17"", ""source_kind"": ""SSE_OFFICIAL_ISSUER_DISCLOSURE"", ""source_url"": ""https://www.sse.com.cn/disclosure/listedinfo/announcement/c/new/2026-04-17/600276_20260417_XMOL.pdf""}, ""substring_matching_used"": false}"
临床试验默示许可,official:a0be973b485d31ce8b739ab868a39090,江苏恒瑞医药股份有限公司,甲磺酸阿帕替尼片,SHR-1701注射液联合甲磺酸阿帕替尼加或不加化疗治疗晚期恶性实体瘤患者。,https://www.cde.org.cn/main/xxgk/listpage/4b5255eb0a84820cef4ca3e8b6bbe20c,FIRST_OBSERVED_SNAPSHOT_DATE,,,2026-09-30T17:29:59+08:00,CXHL2101578,2.4,,COMPLETE,a0be973b485d31ce8b739ab868a39090,600276.SH,EXACT_LISTED_ISSUER_LEGAL_NAME,WHOLE_FIELD_EXACT,江苏恒瑞医药股份有限公司,"{""affiliate_inference_used"": false, ""mapping_match_mode"": ""WHOLE_FIELD_EXACT"", ""matched_applicant_token"": ""江苏恒瑞医药股份有限公司"", ""official_applicant_field"": ""江苏恒瑞医药股份有限公司"", ""registry_evidence"": {""listed_issuer_legal_name"": ""江苏恒瑞医药股份有限公司"", ""security_code"": ""600276"", ""security_short_name"": ""恒瑞医药"", ""source_document_date"": ""2026-04-17"", ""source_kind"": ""SSE_OFFICIAL_ISSUER_DISCLOSURE"", ""source_url"": ""https://www.sse.com.cn/disclosure/listedinfo/announcement/c/new/2026-04-17/600276_20260417_XMOL.pdf""}, ""substring_matching_used"": false}"
临床试验默示许可,official:a165ae71a579f31de5ce90fbf4e055ec,江苏恒瑞医药股份有限公司;江苏恒瑞医药股份有限公司,SHR0410注射液,急性、慢性疼痛和瘙痒,https://www.cde.org.cn/main/xxgk/listpage/4b5255eb0a84820cef4ca3e8b6bbe20c,FIRST_OBSERVED_SNAPSHOT_DATE,,,2026-09-30T17:29:59+08:00,CXHB2101124,1,,COMPLETE,a165ae71a579f31de5ce90fbf4e055ec,600276.SH,EXACT_APPLICANT_TOKEN_IN_OFFICIAL_MULTI_APPLICANT_FIELD,DELIMITED_APPLICANT_TOKEN_EXACT,江苏恒瑞医药股份有限公司,"{""affiliate_inference_used"": false, ""mapping_match_mode"": ""DELIMITED_APPLICANT_TOKEN_EXACT"", ""matched_applicant_token"": ""江苏恒瑞医药股份有限公司"", ""official_applicant_field"": ""江苏恒瑞医药股份有限公司;江苏恒瑞医药股份有限公司"", ""registry_evidence"": {""listed_issuer_legal_name"": ""江苏恒瑞医药股份有限公司"", ""security_code"": ""600276"", ""security_short_name"": ""恒瑞医药"", ""source_document_date"": ""2026-04-17"", ""source_kind"": ""SSE_OFFICIAL_ISSUER_DISCLOSURE"", ""source_url"": ""https://www.sse.com.cn/disclosure/listedinfo/announcement/c/new/2026-04-17/600276_20260417_XMOL.pdf""}, ""substring_matching_used"": false}"
临床试验默示许可,official:a172774e3204e3a87fefd76bc0555bee,江苏恒瑞医药股份有限公司,HRS5091片,慢性乙型肝炎,https://www.cde.org.cn/main/xxgk/listpage/4b5255eb0a84820cef4ca3e8b6bbe20c,FIRST_OBSERVED_SNAPSHOT_DATE,,,2026-09-30T17:29:59+08:00,CXHB2101008,化药1类,,COMPLETE,a172774e3204e3a87fefd76bc0555bee,600276.SH,EXACT_LISTED_ISSUER_LEGAL_NAME,WHOLE_FIELD_EXACT,江苏恒瑞医药股份有限公司,"{""affiliate_inference_used"": false, ""mapping_match_mode"": ""WHOLE_FIELD_EXACT"", ""matched_applicant_token"": ""江苏恒瑞医药股份有限公司"", ""official_applicant_field"": ""江苏恒瑞医药股份有限公司"", ""registry_evidence"": {""listed_issuer_legal_name"": ""江苏恒瑞医药股份有限公司"", ""security_code"": ""600276"", ""security_short_name"": ""恒瑞医药"", ""source_document_date"": ""2026-04-17"", ""source_kind"": ""SSE_OFFICIAL_ISSUER_DISCLOSURE"", ""source_url"": ""https://www.sse.com.cn/disclosure/listedinfo/announcement/c/new/2026-04-17/600276_20260417_XMOL.pdf""}, ""substring_matching_used"": false}"
临床试验默示许可,official:a1aa5da3499fb328a9189121cc3727f2,江苏恒瑞医药股份有限公司,SHR7280片,辅助生殖技术中，用于控制性超促排卵治疗的患者，防止提前排卵。,https://www.cde.org.cn/main/xxgk/listpage/4b5255eb0a84820cef4ca3e8b6bbe20c,FIRST_OBSERVED_SNAPSHOT_DATE,,,2026-09-30T17:29:59+08:00,CXHB2300162,1,,COMPLETE,a1aa5da3499fb328a9189121cc3727f2,600276.SH,EXACT_LISTED_ISSUER_LEGAL_NAME,WHOLE_FIELD_EXACT,江苏恒瑞医药股份有限公司,"{""affiliate_inference_used"": false, ""mapping_match_mode"": ""WHOLE_FIELD_EXACT"", ""matched_applicant_token"": ""江苏恒瑞医药股份有限公司"", ""official_applicant_field"": ""江苏恒瑞医药股份有限公司"", ""registry_evidence"": {""listed_issuer_legal_name"": ""江苏恒瑞医药股份有限公司"", ""security_code"": ""600276"", ""security_short_name"": ""恒瑞医药"", ""source_document_date"": ""2026-04-17"", ""source_kind"": ""SSE_OFFICIAL_ISSUER_DISCLOSURE"", ""source_url"": ""https://www.sse.com.cn/disclosure/listedinfo/announcement/c/new/2026-04-17/600276_20260417_XMOL.pdf""}, ""substring_matching_used"": false}"
临床试验默示许可,official:a1c48d32e5273889ad96ecff81715b0a,江苏恒瑞医药股份有限公司;成都盛迪医药有限公司,HRS-5041片,前列腺癌,https://www.cde.org.cn/main/xxgk/listpage/4b5255eb0a84820cef4ca3e8b6bbe20c,FIRST_OBSERVED_SNAPSHOT_DATE,,,2026-09-30T17:29:59+08:00,CXHL2300308,1,,COMPLETE,a1c48d32e5273889ad96ecff81715b0a,600276.SH,EXACT_APPLICANT_TOKEN_IN_OFFICIAL_MULTI_APPLICANT_FIELD,DELIMITED_APPLICANT_TOKEN_EXACT,江苏恒瑞医药股份有限公司,"{""affiliate_inference_used"": false, ""mapping_match_mode"": ""DELIMITED_APPLICANT_TOKEN_EXACT"", ""matched_applicant_token"": ""江苏恒瑞医药股份有限公司"", ""official_applicant_field"": ""江苏恒瑞医药股份有限公司;成都盛迪医药有限公司"", ""registry_evidence"": {""listed_issuer_legal_name"": ""江苏恒瑞医药股份有限公司"", ""security_code"": ""600276"", ""security_short_name"": ""恒瑞医药"", ""source_document_date"": ""2026-04-17"", ""source_kind"": ""SSE_OFFICIAL_ISSUER_DISCLOSURE"", ""source_url"": ""https://www.sse.com.cn/disclosure/listedinfo/announcement/c/new/2026-04-17/600276_20260417_XMOL.pdf""}, ""substring_matching_used"": false}"
临床试验默示许可,official:a1e48079875327acb979aaa1a8ff5135,上海恒瑞医药有限公司;江苏恒瑞医药股份有限公司,HRS-4642注射液,本品联合SHR-4375+阿得贝利单抗+贝伐珠单抗±SHR-8068用于实体瘤的治疗。,https://www.cde.org.cn/main/xxgk/listpage/4b5255eb0a84820cef4ca3e8b6bbe20c,FIRST_OBSERVED_SNAPSHOT_DATE,,,2026-09-30T17:29:59+08:00,CXHL2501052,1,,COMPLETE,a1e48079875327acb979aaa1a8ff5135,600276.SH,EXACT_APPLICANT_TOKEN_IN_OFFICIAL_MULTI_APPLICANT_FIELD,DELIMITED_APPLICANT_TOKEN_EXACT,江苏恒瑞医药股份有限公司,"{""affiliate_inference_used"": false, ""mapping_match_mode"": ""DELIMITED_APPLICANT_TOKEN_EXACT"", ""matched_applicant_token"": ""江苏恒瑞医药股份有限公司"", ""official_applicant_field"": ""上海恒瑞医药有限公司;江苏恒瑞医药股份有限公司"", ""registry_evidence"": {""listed_issuer_legal_name"": ""江苏恒瑞医药股份有限公司"", ""security_code"": ""600276"", ""security_short_name"": ""恒瑞医药"", ""source_document_date"": ""2026-04-17"", ""source_kind"": ""SSE_OFFICIAL_ISSUER_DISCLOSURE"", ""source_url"": ""https://www.sse.com.cn/disclosure/listedinfo/announcement/c/new/2026-04-17/600276_20260417_XMOL.pdf""}, ""substring_matching_used"": false}"
临床试验默示许可,official:a1e51a0858eac40a1edc1dbab22d4474,江苏恒瑞医药股份有限公司;江苏恒瑞医药股份有限公司;上海恒瑞医药有限公司,SHR6390片,本品拟联合苹果酸法米替尼胶囊治疗晚期实体瘤。,https://www.cde.org.cn/main/xxgk/listpage/4b5255eb0a84820cef4ca3e8b6bbe20c,FIRST_OBSERVED_SNAPSHOT_DATE,,,2026-09-30T17:29:59+08:00,CXHL2000087,1,,COMPLETE,a1e51a0858eac40a1edc1dbab22d4474,600276.SH,EXACT_APPLICANT_TOKEN_IN_OFFICIAL_MULTI_APPLICANT_FIELD,DELIMITED_APPLICANT_TOKEN_EXACT,江苏恒瑞医药股份有限公司,"{""affiliate_inference_used"": false, ""mapping_match_mode"": ""DELIMITED_APPLICANT_TOKEN_EXACT"", ""matched_applicant_token"": ""江苏恒瑞医药股份有限公司"", ""official_applicant_field"": ""江苏恒瑞医药股份有限公司;江苏恒瑞医药股份有限公司;上海恒瑞医药有限公司"", ""registry_evidence"": {""listed_issuer_legal_name"": ""江苏恒瑞医药股份有限公司"", ""security_code"": ""600276"", ""security_short_name"": ""恒瑞医药"", ""source_document_date"": ""2026-04-17"", ""source_kind"": ""SSE_OFFICIAL_ISSUER_DISCLOSURE"", ""source_url"": ""https://www.sse.com.cn/disclosure/listedinfo/announcement/c/new/2026-04-17/600276_20260417_XMOL.pdf""}, ""substring_matching_used"": false}"
临床试验默示许可,official:a235cf3c0d815a5ef58cba890de69728,江苏恒瑞医药股份有限公司,HR18042片,本品拟用于中度至重度急性疼痛的治疗。,https://www.cde.org.cn/main/xxgk/listpage/4b5255eb0a84820cef4ca3e8b6bbe20c,FIRST_OBSERVED_SNAPSHOT_DATE,,,2026-09-30T17:29:59+08:00,CXHB2200046,2.3,,COMPLETE,a235cf3c0d815a5ef58cba890de69728,600276.SH,EXACT_LISTED_ISSUER_LEGAL_NAME,WHOLE_FIELD_EXACT,江苏恒瑞医药股份有限公司,"{""affiliate_inference_used"": false, ""mapping_match_mode"": ""WHOLE_FIELD_EXACT"", ""matched_applicant_token"": ""江苏恒瑞医药股份有限公司"", ""official_applicant_field"": ""江苏恒瑞医药股份有限公司"", ""registry_evidence"": {""listed_issuer_legal_name"": ""江苏恒瑞医药股份有限公司"", ""security_code"": ""600276"", ""security_short_name"": ""恒瑞医药"", ""source_document_date"": ""2026-04-17"", ""source_kind"": ""SSE_OFFICIAL_ISSUER_DISCLOSURE"", ""source_url"": ""https://www.sse.com.cn/disclosure/listedinfo/announcement/c/new/2026-04-17/600276_20260417_XMOL.pdf""}, ""substring_matching_used"": false}"
临床试验默示许可,official:a28a1dcbaa71eab2ed35510d445e5aa2,上海恒瑞医药有限公司;江苏恒瑞医药股份有限公司;苏州盛迪亚生物医药有限公司,注射用SHR-A1811,拟用于HER2表达或突变的晚期实体瘤，具体适应症待临床试验确定,https://www.cde.org.cn/main/xxgk/listpage/4b5255eb0a84820cef4ca3e8b6bbe20c,FIRST_OBSERVED_SNAPSHOT_DATE,,,2026-09-30T17:29:59+08:00,CXSL2000087,1,,COMPLETE,a28a1dcbaa71eab2ed35510d445e5aa2,600276.SH,EXACT_APPLICANT_TOKEN_IN_OFFICIAL_MULTI_APPLICANT_FIELD,DELIMITED_APPLICANT_TOKEN_EXACT,江苏恒瑞医药股份有限公司,"{""affiliate_inference_used"": false, ""mapping_match_mode"": ""DELIMITED_APPLICANT_TOKEN_EXACT"", ""matched_applicant_token"": ""江苏恒瑞医药股份有限公司"", ""official_applicant_field"": ""上海恒瑞医药有限公司;江苏恒瑞医药股份有限公司;苏州盛迪亚生物医药有限公司"", ""registry_evidence"": {""listed_issuer_legal_name"": ""江苏恒瑞医药股份有限公司"", ""security_code"": ""600276"", ""security_short_name"": ""恒瑞医药"", ""source_document_date"": ""2026-04-17"", ""source_kind"": ""SSE_OFFICIAL_ISSUER_DISCLOSURE"", ""source_url"": ""https://www.sse.com.cn/disclosure/listedinfo/announcement/c/new/2026-04-17/600276_20260417_XMOL.pdf""}, ""substring_matching_used"": false}"
临床试验默示许可,official:a2d5148a461c8ab4bb369b944659a6da,江苏恒瑞医药股份有限公司;江苏恒瑞医药股份有限公司;上海恒瑞医药有限公司,苹果酸法米替尼胶囊,本品拟联合SHR6390片用于晚期实体瘤的治疗。,https://www.cde.org.cn/main/xxgk/listpage/4b5255eb0a84820cef4ca3e8b6bbe20c,FIRST_OBSERVED_SNAPSHOT_DATE,,,2026-09-30T17:29:59+08:00,CXHL2000084,1,,COMPLETE,a2d5148a461c8ab4bb369b944659a6da,600276.SH,EXACT_APPLICANT_TOKEN_IN_OFFICIAL_MULTI_APPLICANT_FIELD,DELIMITED_APPLICANT_TOKEN_EXACT,江苏恒瑞医药股份有限公司,"{""affiliate_inference_used"": false, ""mapping_match_mode"": ""DELIMITED_APPLICANT_TOKEN_EXACT"", ""matched_applicant_token"": ""江苏恒瑞医药股份有限公司"", ""official_applicant_field"": ""江苏恒瑞医药股份有限公司;江苏恒瑞医药股份有限公司;上海恒瑞医药有限公司"", ""registry_evidence"": {""listed_issuer_legal_name"": ""江苏恒瑞医药股份有限公司"", ""security_code"": ""600276"", ""security_short_name"": ""恒瑞医药"", ""source_document_date"": ""2026-04-17"", ""source_kind"": ""SSE_OFFICIAL_ISSUER_DISCLOSURE"", ""source_url"": ""https://www.sse.com.cn/disclosure/listedinfo/announcement/c/new/2026-04-17/600276_20260417_XMOL.pdf""}, ""substring_matching_used"": false}"
临床试验默示许可,official:a2dd3338ba161ba6f39a98dc396e0447,江苏恒瑞医药股份有限公司;江苏恒瑞医药股份有限公司;上海恒瑞医药有限公司,甲磺酸阿帕替尼片,本品拟联合氟唑帕利胶囊治疗复发性卵巢癌,https://www.cde.org.cn/main/xxgk/listpage/4b5255eb0a84820cef4ca3e8b6bbe20c,FIRST_OBSERVED_SNAPSHOT_DATE,,,2026-09-30T17:29:59+08:00,CXHL2000222,2.4,,COMPLETE,a2dd3338ba161ba6f39a98dc396e0447,600276.SH,EXACT_APPLICANT_TOKEN_IN_OFFICIAL_MULTI_APPLICANT_FIELD,DELIMITED_APPLICANT_TOKEN_EXACT,江苏恒瑞医药股份有限公司,"{""affiliate_inference_used"": false, ""mapping_match_mode"": ""DELIMITED_APPLICANT_TOKEN_EXACT"", ""matched_applicant_token"": ""江苏恒瑞医药股份有限公司"", ""official_applicant_field"": ""江苏恒瑞医药股份有限公司;江苏恒瑞医药股份有限公司;上海恒瑞医药有限公司"", ""registry_evidence"": {""listed_issuer_legal_name"": ""江苏恒瑞医药股份有限公司"", ""security_code"": ""600276"", ""security_short_name"": ""恒瑞医药"", ""source_document_date"": ""2026-04-17"", ""source_kind"": ""SSE_OFFICIAL_ISSUER_DISCLOSURE"", ""source_url"": ""https://www.sse.com.cn/disclosure/listedinfo/announcement/c/new/2026-04-17/600276_20260417_XMOL.pdf""}, ""substring_matching_used"": false}"
临床试验默示许可,official:a31017733cb5567c3df64e091f33d5bf,上海恒瑞医药有限公司;江苏恒瑞医药股份有限公司,HRS-4642注射液,HRS-4642联合HRS-6719±阿得贝利单抗±SHR-9839（sc）±化疗用于实体瘤的治疗,https://www.cde.org.cn/main/xxgk/listpage/4b5255eb0a84820cef4ca3e8b6bbe20c,FIRST_OBSERVED_SNAPSHOT_DATE,,,2026-09-30T17:29:59+08:00,CXHL2600230,1,,COMPLETE,a31017733cb5567c3df64e091f33d5bf,600276.SH,EXACT_APPLICANT_TOKEN_IN_OFFICIAL_MULTI_APPLICANT_FIELD,DELIMITED_APPLICANT_TOKEN_EXACT,江苏恒瑞医药股份有限公司,"{""affiliate_inference_used"": false, ""mapping_match_mode"": ""DELIMITED_APPLICANT_TOKEN_EXACT"", ""matched_applicant_token"": ""江苏恒瑞医药股份有限公司"", ""official_applicant_field"": ""上海恒瑞医药有限公司;江苏恒瑞医药股份有限公司"", ""registry_evidence"": {""listed_issuer_legal_name"": ""江苏恒瑞医药股份有限公司"", ""security_code"": ""600276"", ""security_short_name"": ""恒瑞医药"", ""source_document_date"": ""2026-04-17"", ""source_kind"": ""SSE_OFFICIAL_ISSUER_DISCLOSURE"", ""source_url"": ""https://www.sse.com.cn/disclosure/listedinfo/announcement/c/new/2026-04-17/600276_20260417_XMOL.pdf""}, ""substring_matching_used"": false}"
临床试验默示许可,official:a434093917d0e9b857120cfa18d6b099,江苏恒瑞医药股份有限公司;江苏恒瑞医药股份有限公司;上海恒瑞医药有限公司,SHR9549片,本品临床拟用于ER 阳性、HER2 阴性的乳腺癌的治疗。,https://www.cde.org.cn/main/xxgk/listpage/4b5255eb0a84820cef4ca3e8b6bbe20c,FIRST_OBSERVED_SNAPSHOT_DATE,,,2026-09-30T17:29:59+08:00,CXHB1800067,,,COMPLETE,a434093917d0e9b857120cfa18d6b099,600276.SH,EXACT_APPLICANT_TOKEN_IN_OFFICIAL_MULTI_APPLICANT_FIELD,DELIMITED_APPLICANT_TOKEN_EXACT,江苏恒瑞医药股份有限公司,"{""affiliate_inference_used"": false, ""mapping_match_mode"": ""DELIMITED_APPLICANT_TOKEN_EXACT"", ""matched_applicant_token"": ""江苏恒瑞医药股份有限公司"", ""official_applicant_field"": ""江苏恒瑞医药股份有限公司;江苏恒瑞医药股份有限公司;上海恒瑞医药有限公司"", ""registry_evidence"": {""listed_issuer_legal_name"": ""江苏恒瑞医药股份有限公司"", ""security_code"": ""600276"", ""security_short_name"": ""恒瑞医药"", ""source_document_date"": ""2026-04-17"", ""source_kind"": ""SSE_OFFICIAL_ISSUER_DISCLOSURE"", ""source_url"": ""https://www.sse.com.cn/disclosure/listedinfo/announcement/c/new/2026-04-17/600276_20260417_XMOL.pdf""}, ""substring_matching_used"": false}"
临床试验默示许可,official:a49e59c69566e33334cb5764dca60fcf,江苏恒瑞医药股份有限公司;江苏恒瑞医药股份有限公司;上海恒瑞医药有限公司,甲磺酸阿帕替尼片,本品拟联合注射用卡瑞利珠单抗用于经过一线系统化疗失败的晚期胃或胃食管结合部腺癌患者的治疗。,https://www.cde.org.cn/main/xxgk/listpage/4b5255eb0a84820cef4ca3e8b6bbe20c,FIRST_OBSERVED_SNAPSHOT_DATE,,,2026-09-30T17:29:59+08:00,CXHL2000009,2.4,,COMPLETE,a49e59c69566e33334cb5764dca60fcf,600276.SH,EXACT_APPLICANT_TOKEN_IN_OFFICIAL_MULTI_APPLICANT_FIELD,DELIMITED_APPLICANT_TOKEN_EXACT,江苏恒瑞医药股份有限公司,"{""affiliate_inference_used"": false, ""mapping_match_mode"": ""DELIMITED_APPLICANT_TOKEN_EXACT"", ""matched_applicant_token"": ""江苏恒瑞医药股份有限公司"", ""official_applicant_field"": ""江苏恒瑞医药股份有限公司;江苏恒瑞医药股份有限公司;上海恒瑞医药有限公司"", ""registry_evidence"": {""listed_issuer_legal_name"": ""江苏恒瑞医药股份有限公司"", ""security_code"": ""600276"", ""security_short_name"": ""恒瑞医药"", ""source_document_date"": ""2026-04-17"", ""source_kind"": ""SSE_OFFICIAL_ISSUER_DISCLOSURE"", ""source_url"": ""https://www.sse.com.cn/disclosure/listedinfo/announcement/c/new/2026-04-17/600276_20260417_XMOL.pdf""}, ""substring_matching_used"": false}"
临床试验默示许可,official:a4c07f8ce00f338570e45f96e8ea0534,江苏恒瑞医药股份有限公司;江苏恒瑞医药股份有限公司;苏州盛迪亚生物医药有限公司;中国药科大学,DDO-3055片,本品临床拟用于慢性肾病所致贫血（包括透析和非透析）的治疗,https://www.cde.org.cn/main/xxgk/listpage/4b5255eb0a84820cef4ca3e8b6bbe20c,FIRST_OBSERVED_SNAPSHOT_DATE,,,2026-09-30T17:29:59+08:00,CXHL1900065,1,,COMPLETE,a4c07f8ce00f338570e45f96e8ea0534,600276.SH,EXACT_APPLICANT_TOKEN_IN_OFFICIAL_MULTI_APPLICANT_FIELD,DELIMITED_APPLICANT_TOKEN_EXACT,江苏恒瑞医药股份有限公司,"{""affiliate_inference_used"": false, ""mapping_match_mode"": ""DELIMITED_APPLICANT_TOKEN_EXACT"", ""matched_applicant_token"": ""江苏恒瑞医药股份有限公司"", ""official_applicant_field"": ""江苏恒瑞医药股份有限公司;江苏恒瑞医药股份有限公司;苏州盛迪亚生物医药有限公司;中国药科大学"", ""registry_evidence"": {""listed_issuer_legal_name"": ""江苏恒瑞医药股份有限公司"", ""security_code"": ""600276"", ""security_short_name"": ""恒瑞医药"", ""source_document_date"": ""2026-04-17"", ""source_kind"": ""SSE_OFFICIAL_ISSUER_DISCLOSURE"", ""source_url"": ""https://www.sse.com.cn/disclosure/listedinfo/announcement/c/new/2026-04-17/600276_20260417_XMOL.pdf""}, ""substring_matching_used"": false}"
临床试验默示许可,official:a4d7c596fe330ab02ba85b28725c4351,江苏恒瑞医药股份有限公司,HRS-1167片,本品联合注射用SHR-A1921或联合贝伐珠单抗或联合醋酸阿比特龙片（I）及泼尼松/泼尼松龙（AA-P）治疗晚期实体瘤患者,https://www.cde.org.cn/main/xxgk/listpage/4b5255eb0a84820cef4ca3e8b6bbe20c,FIRST_OBSERVED_SNAPSHOT_DATE,,,2026-09-30T17:29:59+08:00,CXHL2301200,1,,COMPLETE,a4d7c596fe330ab02ba85b28725c4351,600276.SH,EXACT_LISTED_ISSUER_LEGAL_NAME,WHOLE_FIELD_EXACT,江苏恒瑞医药股份有限公司,"{""affiliate_inference_used"": false, ""mapping_match_mode"": ""WHOLE_FIELD_EXACT"", ""matched_applicant_token"": ""江苏恒瑞医药股份有限公司"", ""official_applicant_field"": ""江苏恒瑞医药股份有限公司"", ""registry_evidence"": {""listed_issuer_legal_name"": ""江苏恒瑞医药股份有限公司"", ""security_code"": ""600276"", ""security_short_name"": ""恒瑞医药"", ""source_document_date"": ""2026-04-17"", ""source_kind"": ""SSE_OFFICIAL_ISSUER_DISCLOSURE"", ""source_url"": ""https://www.sse.com.cn/disclosure/listedinfo/announcement/c/new/2026-04-17/600276_20260417_XMOL.pdf""}, ""substring_matching_used"": false}"
临床试验默示许可,official:a4e86e1bbe53421f5184cb03bb5310d1,江苏恒瑞医药股份有限公司;江苏恒瑞医药股份有限公司;上海恒瑞医药有限公司,甲磺酸阿帕替尼片,本品拟联合氟唑帕利胶囊治疗伴有BRCA1/2突变的HER2阴性转移性乳腺癌,https://www.cde.org.cn/main/xxgk/listpage/4b5255eb0a84820cef4ca3e8b6bbe20c,FIRST_OBSERVED_SNAPSHOT_DATE,,,2026-09-30T17:29:59+08:00,CXHL1900408,2.4,,COMPLETE,a4e86e1bbe53421f5184cb03bb5310d1,600276.SH,EXACT_APPLICANT_TOKEN_IN_OFFICIAL_MULTI_APPLICANT_FIELD,DELIMITED_APPLICANT_TOKEN_EXACT,江苏恒瑞医药股份有限公司,"{""affiliate_inference_used"": false, ""mapping_match_mode"": ""DELIMITED_APPLICANT_TOKEN_EXACT"", ""matched_applicant_token"": ""江苏恒瑞医药股份有限公司"", ""official_applicant_field"": ""江苏恒瑞医药股份有限公司;江苏恒瑞医药股份有限公司;上海恒瑞医药有限公司"", ""registry_evidence"": {""listed_issuer_legal_name"": ""江苏恒瑞医药股份有限公司"", ""security_code"": ""600276"", ""security_short_name"": ""恒瑞医药"", ""source_document_date"": ""2026-04-17"", ""source_kind"": ""SSE_OFFICIAL_ISSUER_DISCLOSURE"", ""source_url"": ""https://www.sse.com.cn/disclosure/listedinfo/announcement/c/new/2026-04-17/600276_20260417_XMOL.pdf""}, ""substring_matching_used"": false}"
临床试验默示许可,official:a524559e32a634a160c8c41c4e229840,江苏恒瑞医药股份有限公司,苹果酸法米替尼胶囊,本品联合SHR-A1811±阿得贝利单抗用于实体瘤的治疗。,https://www.cde.org.cn/main/xxgk/listpage/4b5255eb0a84820cef4ca3e8b6bbe20c,FIRST_OBSERVED_SNAPSHOT_DATE,,,2026-09-30T17:29:59+08:00,CXHL2500298,1,,COMPLETE,a524559e32a634a160c8c41c4e229840,600276.SH,EXACT_LISTED_ISSUER_LEGAL_NAME,WHOLE_FIELD_EXACT,江苏恒瑞医药股份有限公司,"{""affiliate_inference_used"": false, ""mapping_match_mode"": ""WHOLE_FIELD_EXACT"", ""matched_applicant_token"": ""江苏恒瑞医药股份有限公司"", ""official_applicant_field"": ""江苏恒瑞医药股份有限公司"", ""registry_evidence"": {""listed_issuer_legal_name"": ""江苏恒瑞医药股份有限公司"", ""security_code"": ""600276"", ""security_short_name"": ""恒瑞医药"", ""source_document_date"": ""2026-04-17"", ""source_kind"": ""SSE_OFFICIAL_ISSUER_DISCLOSURE"", ""source_url"": ""https://www.sse.com.cn/disclosure/listedinfo/announcement/c/new/2026-04-17/600276_20260417_XMOL.pdf""}, ""substring_matching_used"": false}"
临床试验默示许可,official:a5274d60d650a643bb4a66cc99a9ec4b,江苏恒瑞医药股份有限公司;江苏恒瑞医药股份有限公司,SHR3680片,转移性激素敏感性前列腺癌,https://www.cde.org.cn/main/xxgk/listpage/4b5255eb0a84820cef4ca3e8b6bbe20c,FIRST_OBSERVED_SNAPSHOT_DATE,,,2026-09-30T17:29:59+08:00,CXHL2100183,化学药品第1类,,COMPLETE,a5274d60d650a643bb4a66cc99a9ec4b,600276.SH,EXACT_APPLICANT_TOKEN_IN_OFFICIAL_MULTI_APPLICANT_FIELD,DELIMITED_APPLICANT_TOKEN_EXACT,江苏恒瑞医药股份有限公司,"{""affiliate_inference_used"": false, ""mapping_match_mode"": ""DELIMITED_APPLICANT_TOKEN_EXACT"", ""matched_applicant_token"": ""江苏恒瑞医药股份有限公司"", ""official_applicant_field"": ""江苏恒瑞医药股份有限公司;江苏恒瑞医药股份有限公司"", ""registry_evidence"": {""listed_issuer_legal_name"": ""江苏恒瑞医药股份有限公司"", ""security_code"": ""600276"", ""security_short_name"": ""恒瑞医药"", ""source_document_date"": ""2026-04-17"", ""source_kind"": ""SSE_OFFICIAL_ISSUER_DISCLOSURE"", ""source_url"": ""https://www.sse.com.cn/disclosure/listedinfo/announcement/c/new/2026-04-17/600276_20260417_XMOL.pdf""}, ""substring_matching_used"": false}"
临床试验默示许可,official:a69e4ffb245e3077e8c02d9fe48383e6,江苏恒瑞医药股份有限公司,HR091506片,用于长期治疗痛风患者的高尿酸血症。,https://www.cde.org.cn/main/xxgk/listpage/4b5255eb0a84820cef4ca3e8b6bbe20c,FIRST_OBSERVED_SNAPSHOT_DATE,,,2026-09-30T17:29:59+08:00,CXHB2100030,2.2,,COMPLETE,a69e4ffb245e3077e8c02d9fe48383e6,600276.SH,EXACT_LISTED_ISSUER_LEGAL_NAME,WHOLE_FIELD_EXACT,江苏恒瑞医药股份有限公司,"{""affiliate_inference_used"": false, ""mapping_match_mode"": ""WHOLE_FIELD_EXACT"", ""matched_applicant_token"": ""江苏恒瑞医药股份有限公司"", ""official_applicant_field"": ""江苏恒瑞医药股份有限公司"", ""registry_evidence"": {""listed_issuer_legal_name"": ""江苏恒瑞医药股份有限公司"", ""security_code"": ""600276"", ""security_short_name"": ""恒瑞医药"", ""source_document_date"": ""2026-04-17"", ""source_kind"": ""SSE_OFFICIAL_ISSUER_DISCLOSURE"", ""source_url"": ""https://www.sse.com.cn/disclosure/listedinfo/announcement/c/new/2026-04-17/600276_20260417_XMOL.pdf""}, ""substring_matching_used"": false}"
临床试验默示许可,official:a6b34b6405caa0fb8c33fe58312b658f,江苏恒瑞医药股份有限公司;江苏恒瑞医药股份有限公司;上海恒瑞医药有限公司,SHR-2042,本品可用于2型糖尿病及肥胖症的治疗,https://www.cde.org.cn/main/xxgk/listpage/4b5255eb0a84820cef4ca3e8b6bbe20c,FIRST_OBSERVED_SNAPSHOT_DATE,,,2026-09-30T17:29:59+08:00,CXHB1800102,,,COMPLETE,a6b34b6405caa0fb8c33fe58312b658f,600276.SH,EXACT_APPLICANT_TOKEN_IN_OFFICIAL_MULTI_APPLICANT_FIELD,DELIMITED_APPLICANT_TOKEN_EXACT,江苏恒瑞医药股份有限公司,"{""affiliate_inference_used"": false, ""mapping_match_mode"": ""DELIMITED_APPLICANT_TOKEN_EXACT"", ""matched_applicant_token"": ""江苏恒瑞医药股份有限公司"", ""official_applicant_field"": ""江苏恒瑞医药股份有限公司;江苏恒瑞医药股份有限公司;上海恒瑞医药有限公司"", ""registry_evidence"": {""listed_issuer_legal_name"": ""江苏恒瑞医药股份有限公司"", ""security_code"": ""600276"", ""security_short_name"": ""恒瑞医药"", ""source_document_date"": ""2026-04-17"", ""source_kind"": ""SSE_OFFICIAL_ISSUER_DISCLOSURE"", ""source_url"": ""https://www.sse.com.cn/disclosure/listedinfo/announcement/c/new/2026-04-17/600276_20260417_XMOL.pdf""}, ""substring_matching_used"": false}"
临床试验默示许可,official:a6d6bf7d96aba2ea8d332e598de2d498,江苏恒瑞医药股份有限公司;江苏恒瑞医药股份有限公司,海曲泊帕乙醇胺片,本品用于6岁及以上临床诊断为慢性原发免疫性血小板减少症（ITP）儿童和青少年患者。,https://www.cde.org.cn/main/xxgk/listpage/4b5255eb0a84820cef4ca3e8b6bbe20c,FIRST_OBSERVED_SNAPSHOT_DATE,,,2026-09-30T17:29:59+08:00,CXHL2000384,1,,COMPLETE,a6d6bf7d96aba2ea8d332e598de2d498,600276.SH,EXACT_APPLICANT_TOKEN_IN_OFFICIAL_MULTI_APPLICANT_FIELD,DELIMITED_APPLICANT_TOKEN_EXACT,江苏恒瑞医药股份有限公司,"{""affiliate_inference_used"": false, ""mapping_match_mode"": ""DELIMITED_APPLICANT_TOKEN_EXACT"", ""matched_applicant_token"": ""江苏恒瑞医药股份有限公司"", ""official_applicant_field"": ""江苏恒瑞医药股份有限公司;江苏恒瑞医药股份有限公司"", ""registry_evidence"": {""listed_issuer_legal_name"": ""江苏恒瑞医药股份有限公司"", ""security_code"": ""600276"", ""security_short_name"": ""恒瑞医药"", ""source_document_date"": ""2026-04-17"", ""source_kind"": ""SSE_OFFICIAL_ISSUER_DISCLOSURE"", ""source_url"": ""https://www.sse.com.cn/disclosure/listedinfo/announcement/c/new/2026-04-17/600276_20260417_XMOL.pdf""}, ""substring_matching_used"": false}"
临床试验默示许可,official:a6e7faba2d494190a0d01f624ad22283,江苏恒瑞医药股份有限公司;江苏恒瑞医药股份有限公司,马来酸吡咯替尼片,联合SHR-A1811治疗HER2异常非小细胞肺癌。,https://www.cde.org.cn/main/xxgk/listpage/4b5255eb0a84820cef4ca3e8b6bbe20c,FIRST_OBSERVED_SNAPSHOT_DATE,,,2026-09-30T17:29:59+08:00,CXHL2200278,2.4,,COMPLETE,a6e7faba2d494190a0d01f624ad22283,600276.SH,EXACT_APPLICANT_TOKEN_IN_OFFICIAL_MULTI_APPLICANT_FIELD,DELIMITED_APPLICANT_TOKEN_EXACT,江苏恒瑞医药股份有限公司,"{""affiliate_inference_used"": false, ""mapping_match_mode"": ""DELIMITED_APPLICANT_TOKEN_EXACT"", ""matched_applicant_token"": ""江苏恒瑞医药股份有限公司"", ""official_applicant_field"": ""江苏恒瑞医药股份有限公司;江苏恒瑞医药股份有限公司"", ""registry_evidence"": {""listed_issuer_legal_name"": ""江苏恒瑞医药股份有限公司"", ""security_code"": ""600276"", ""security_short_name"": ""恒瑞医药"", ""source_document_date"": ""2026-04-17"", ""source_kind"": ""SSE_OFFICIAL_ISSUER_DISCLOSURE"", ""source_url"": ""https://www.sse.com.cn/disclosure/listedinfo/announcement/c/new/2026-04-17/600276_20260417_XMOL.pdf""}, ""substring_matching_used"": false}"
临床试验默示许可,official:a764b5ce11dda7eb0ffce4527131561a,江苏恒瑞医药股份有限公司,HR19042胶囊,用于治疗原发性IgA肾病。,https://www.cde.org.cn/main/xxgk/listpage/4b5255eb0a84820cef4ca3e8b6bbe20c,FIRST_OBSERVED_SNAPSHOT_DATE,,,2026-09-30T17:29:59+08:00,CXHL2100013,2.2类,,COMPLETE,a764b5ce11dda7eb0ffce4527131561a,600276.SH,EXACT_LISTED_ISSUER_LEGAL_NAME,WHOLE_FIELD_EXACT,江苏恒瑞医药股份有限公司,"{""affiliate_inference_used"": false, ""mapping_match_mode"": ""WHOLE_FIELD_EXACT"", ""matched_applicant_token"": ""江苏恒瑞医药股份有限公司"", ""official_applicant_field"": ""江苏恒瑞医药股份有限公司"", ""registry_evidence"": {""listed_issuer_legal_name"": ""江苏恒瑞医药股份有限公司"", ""security_code"": ""600276"", ""security_short_name"": ""恒瑞医药"", ""source_document_date"": ""2026-04-17"", ""source_kind"": ""SSE_OFFICIAL_ISSUER_DISCLOSURE"", ""source_url"": ""https://www.sse.com.cn/disclosure/listedinfo/announcement/c/new/2026-04-17/600276_20260417_XMOL.pdf""}, ""substring_matching_used"": false}"
临床试验默示许可,official:a7cc9f9cac29abc53760b81d1bdf322f,上海恒瑞医药有限公司;江苏恒瑞医药股份有限公司,HRS-4642注射液,HRS-4642联合SHR-9839(sc)±化疗±阿得贝利单抗用于实体瘤的治疗,https://www.cde.org.cn/main/xxgk/listpage/4b5255eb0a84820cef4ca3e8b6bbe20c,FIRST_OBSERVED_SNAPSHOT_DATE,,,2026-09-30T17:29:59+08:00,CXHL2500827,1,,COMPLETE,a7cc9f9cac29abc53760b81d1bdf322f,600276.SH,EXACT_APPLICANT_TOKEN_IN_OFFICIAL_MULTI_APPLICANT_FIELD,DELIMITED_APPLICANT_TOKEN_EXACT,江苏恒瑞医药股份有限公司,"{""affiliate_inference_used"": false, ""mapping_match_mode"": ""DELIMITED_APPLICANT_TOKEN_EXACT"", ""matched_applicant_token"": ""江苏恒瑞医药股份有限公司"", ""official_applicant_field"": ""上海恒瑞医药有限公司;江苏恒瑞医药股份有限公司"", ""registry_evidence"": {""listed_issuer_legal_name"": ""江苏恒瑞医药股份有限公司"", ""security_code"": ""600276"", ""security_short_name"": ""恒瑞医药"", ""source_document_date"": ""2026-04-17"", ""source_kind"": ""SSE_OFFICIAL_ISSUER_DISCLOSURE"", ""source_url"": ""https://www.sse.com.cn/disclosure/listedinfo/announcement/c/new/2026-04-17/600276_20260417_XMOL.pdf""}, ""substring_matching_used"": false}"
临床试验默示许可,official:a84ed87104930931bd77ba279a28482c,江苏恒瑞医药股份有限公司;江苏恒瑞医药股份有限公司;上海恒瑞医药有限公司,苹果酸法米替尼胶囊,本品联合注射用卡瑞利珠单抗治疗晚期实体瘤。,https://www.cde.org.cn/main/xxgk/listpage/4b5255eb0a84820cef4ca3e8b6bbe20c,FIRST_OBSERVED_SNAPSHOT_DATE,,,2026-09-30T17:29:59+08:00,CXHL2000008,1,,COMPLETE,a84ed87104930931bd77ba279a28482c,600276.SH,EXACT_APPLICANT_TOKEN_IN_OFFICIAL_MULTI_APPLICANT_FIELD,DELIMITED_APPLICANT_TOKEN_EXACT,江苏恒瑞医药股份有限公司,"{""affiliate_inference_used"": false, ""mapping_match_mode"": ""DELIMITED_APPLICANT_TOKEN_EXACT"", ""matched_applicant_token"": ""江苏恒瑞医药股份有限公司"", ""official_applicant_field"": ""江苏恒瑞医药股份有限公司;江苏恒瑞医药股份有限公司;上海恒瑞医药有限公司"", ""registry_evidence"": {""listed_issuer_legal_name"": ""江苏恒瑞医药股份有限公司"", ""security_code"": ""600276"", ""security_short_name"": ""恒瑞医药"", ""source_document_date"": ""2026-04-17"", ""source_kind"": ""SSE_OFFICIAL_ISSUER_DISCLOSURE"", ""source_url"": ""https://www.sse.com.cn/disclosure/listedinfo/announcement/c/new/2026-04-17/600276_20260417_XMOL.pdf""}, ""substring_matching_used"": false}"
临床试验默示许可,official:a8cab08fcbed99ff6b3d18b25edb24c2,江苏恒瑞医药股份有限公司,苯磺顺阿曲库铵注射液,,https://www.cde.org.cn/main/xxgk/listpage/4b5255eb0a84820cef4ca3e8b6bbe20c,FIRST_OBSERVED_SNAPSHOT_DATE,,,2026-09-30T17:29:59+08:00,CYHS1800351,3,,COMPLETE,a8cab08fcbed99ff6b3d18b25edb24c2,600276.SH,EXACT_LISTED_ISSUER_LEGAL_NAME,WHOLE_FIELD_EXACT,江苏恒瑞医药股份有限公司,"{""affiliate_inference_used"": false, ""mapping_match_mode"": ""WHOLE_FIELD_EXACT"", ""matched_applicant_token"": ""江苏恒瑞医药股份有限公司"", ""official_applicant_field"": ""江苏恒瑞医药股份有限公司"", ""registry_evidence"": {""listed_issuer_legal_name"": ""江苏恒瑞医药股份有限公司"", ""security_code"": ""600276"", ""security_short_name"": ""恒瑞医药"", ""source_document_date"": ""2026-04-17"", ""source_kind"": ""SSE_OFFICIAL_ISSUER_DISCLOSURE"", ""source_url"": ""https://www.sse.com.cn/disclosure/listedinfo/announcement/c/new/2026-04-17/600276_20260417_XMOL.pdf""}, ""substring_matching_used"": false}"
临床试验默示许可,official:aa0736c9998857c9b55262eaeab30555,江苏恒瑞医药股份有限公司;江苏恒瑞医药股份有限公司,氟唑帕利胶囊,氟唑帕利胶囊联合甲磺酸阿帕替尼片用于晚期上皮性卵巢癌、输卵管癌或原发性腹膜癌在含铂化疗达到完全缓解或部分缓解后的维持治疗。,https://www.cde.org.cn/main/xxgk/listpage/4b5255eb0a84820cef4ca3e8b6bbe20c,FIRST_OBSERVED_SNAPSHOT_DATE,,,2026-09-30T17:29:59+08:00,CXHL1900380,1,,COMPLETE,aa0736c9998857c9b55262eaeab30555,600276.SH,EXACT_APPLICANT_TOKEN_IN_OFFICIAL_MULTI_APPLICANT_FIELD,DELIMITED_APPLICANT_TOKEN_EXACT,江苏恒瑞医药股份有限公司,"{""affiliate_inference_used"": false, ""mapping_match_mode"": ""DELIMITED_APPLICANT_TOKEN_EXACT"", ""matched_applicant_token"": ""江苏恒瑞医药股份有限公司"", ""official_applicant_field"": ""江苏恒瑞医药股份有限公司;江苏恒瑞医药股份有限公司"", ""registry_evidence"": {""listed_issuer_legal_name"": ""江苏恒瑞医药股份有限公司"", ""security_code"": ""600276"", ""security_short_name"": ""恒瑞医药"", ""source_document_date"": ""2026-04-17"", ""source_kind"": ""SSE_OFFICIAL_ISSUER_DISCLOSURE"", ""source_url"": ""https://www.sse.com.cn/disclosure/listedinfo/announcement/c/new/2026-04-17/600276_20260417_XMOL.pdf""}, ""substring_matching_used"": false}"
临床试验默示许可,official:aa891c1d357fade358ca1fa38b4c3e0a,江苏恒瑞医药股份有限公司;江苏恒瑞医药股份有限公司;上海恒瑞医药有限公司,甲磺酸阿帕替尼片,甲磺酸阿帕替尼与白蛋白紫杉醇和卡瑞利珠单抗联合，用于既往针对复发转移阶段未接受过系统性抗肿瘤治疗的无法手术切除的局部晚期或转移性三阴性乳腺癌,https://www.cde.org.cn/main/xxgk/listpage/4b5255eb0a84820cef4ca3e8b6bbe20c,FIRST_OBSERVED_SNAPSHOT_DATE,,,2026-09-30T17:29:59+08:00,CXHL1900337,2.4,,COMPLETE,aa891c1d357fade358ca1fa38b4c3e0a,600276.SH,EXACT_APPLICANT_TOKEN_IN_OFFICIAL_MULTI_APPLICANT_FIELD,DELIMITED_APPLICANT_TOKEN_EXACT,江苏恒瑞医药股份有限公司,"{""affiliate_inference_used"": false, ""mapping_match_mode"": ""DELIMITED_APPLICANT_TOKEN_EXACT"", ""matched_applicant_token"": ""江苏恒瑞医药股份有限公司"", ""official_applicant_field"": ""江苏恒瑞医药股份有限公司;江苏恒瑞医药股份有限公司;上海恒瑞医药有限公司"", ""registry_evidence"": {""listed_issuer_legal_name"": ""江苏恒瑞医药股份有限公司"", ""security_code"": ""600276"", ""security_short_name"": ""恒瑞医药"", ""source_document_date"": ""2026-04-17"", ""source_kind"": ""SSE_OFFICIAL_ISSUER_DISCLOSURE"", ""source_url"": ""https://www.sse.com.cn/disclosure/listedinfo/announcement/c/new/2026-04-17/600276_20260417_XMOL.pdf""}, ""substring_matching_used"": false}"
临床试验默示许可,official:aaa0ba7d16599131293adf32f1545164,江苏恒瑞医药股份有限公司,注射用HRS-8427,用于尿路感染。,https://www.cde.org.cn/main/xxgk/listpage/4b5255eb0a84820cef4ca3e8b6bbe20c,FIRST_OBSERVED_SNAPSHOT_DATE,,,2026-09-30T17:29:59+08:00,CXHL2200275,1,,COMPLETE,aaa0ba7d16599131293adf32f1545164,600276.SH,EXACT_LISTED_ISSUER_LEGAL_NAME,WHOLE_FIELD_EXACT,江苏恒瑞医药股份有限公司,"{""affiliate_inference_used"": false, ""mapping_match_mode"": ""WHOLE_FIELD_EXACT"", ""matched_applicant_token"": ""江苏恒瑞医药股份有限公司"", ""official_applicant_field"": ""江苏恒瑞医药股份有限公司"", ""registry_evidence"": {""listed_issuer_legal_name"": ""江苏恒瑞医药股份有限公司"", ""security_code"": ""600276"", ""security_short_name"": ""恒瑞医药"", ""source_document_date"": ""2026-04-17"", ""source_kind"": ""SSE_OFFICIAL_ISSUER_DISCLOSURE"", ""source_url"": ""https://www.sse.com.cn/disclosure/listedinfo/announcement/c/new/2026-04-17/600276_20260417_XMOL.pdf""}, ""substring_matching_used"": false}"
临床试验默示许可,official:aab683d60dc7708f751e07abad5236e6,成都盛迪医药有限公司;江苏恒瑞医药股份有限公司,HRS-5041片,本品联合HRS-2189用于恶性肿瘤的治疗。,https://www.cde.org.cn/main/xxgk/listpage/4b5255eb0a84820cef4ca3e8b6bbe20c,FIRST_OBSERVED_SNAPSHOT_DATE,,,2026-09-30T17:29:59+08:00,CXHL2400807,1,,COMPLETE,aab683d60dc7708f751e07abad5236e6,600276.SH,EXACT_APPLICANT_TOKEN_IN_OFFICIAL_MULTI_APPLICANT_FIELD,DELIMITED_APPLICANT_TOKEN_EXACT,江苏恒瑞医药股份有限公司,"{""affiliate_inference_used"": false, ""mapping_match_mode"": ""DELIMITED_APPLICANT_TOKEN_EXACT"", ""matched_applicant_token"": ""江苏恒瑞医药股份有限公司"", ""official_applicant_field"": ""成都盛迪医药有限公司;江苏恒瑞医药股份有限公司"", ""registry_evidence"": {""listed_issuer_legal_name"": ""江苏恒瑞医药股份有限公司"", ""security_code"": ""600276"", ""security_short_name"": ""恒瑞医药"", ""source_document_date"": ""2026-04-17"", ""source_kind"": ""SSE_OFFICIAL_ISSUER_DISCLOSURE"", ""source_url"": ""https://www.sse.com.cn/disclosure/listedinfo/announcement/c/new/2026-04-17/600276_20260417_XMOL.pdf""}, ""substring_matching_used"": false}"
临床试验默示许可,official:abf98c2e7075aab9cb9946ef3de0b002,江苏恒瑞医药股份有限公司;上海恒瑞医药有限公司;苏州盛迪亚生物医药有限公司;成都新越医药有限公司,HRS5091片,本品临床拟用于慢性乙型肝炎的治疗。,https://www.cde.org.cn/main/xxgk/listpage/4b5255eb0a84820cef4ca3e8b6bbe20c,FIRST_OBSERVED_SNAPSHOT_DATE,,,2026-09-30T17:29:59+08:00,CXHL2000148,1,,COMPLETE,abf98c2e7075aab9cb9946ef3de0b002,600276.SH,EXACT_APPLICANT_TOKEN_IN_OFFICIAL_MULTI_APPLICANT_FIELD,DELIMITED_APPLICANT_TOKEN_EXACT,江苏恒瑞医药股份有限公司,"{""affiliate_inference_used"": false, ""mapping_match_mode"": ""DELIMITED_APPLICANT_TOKEN_EXACT"", ""matched_applicant_token"": ""江苏恒瑞医药股份有限公司"", ""official_applicant_field"": ""江苏恒瑞医药股份有限公司;上海恒瑞医药有限公司;苏州盛迪亚生物医药有限公司;成都新越医药有限公司"", ""registry_evidence"": {""listed_issuer_legal_name"": ""江苏恒瑞医药股份有限公司"", ""security_code"": ""600276"", ""security_short_name"": ""恒瑞医药"", ""source_document_date"": ""2026-04-17"", ""source_kind"": ""SSE_OFFICIAL_ISSUER_DISCLOSURE"", ""source_url"": ""https://www.sse.com.cn/disclosure/listedinfo/announcement/c/new/2026-04-17/600276_20260417_XMOL.pdf""}, ""substring_matching_used"": false}"
临床试验默示许可,official:acd4b6d00519e618844f18c6667ce408,成都盛迪医药有限公司;江苏恒瑞医药股份有限公司,HRS-5041片,前列腺癌；HRS-5041片联合醋酸阿比特龙片（Ⅱ）和泼尼松片或联合多西他赛和泼尼松片或联合HRS-1167片或联合SHR2554片用于治疗晚期前列腺癌患者；联合HRS-2189用于恶性肿瘤的治疗；联合注射用HS-20093用于治疗晚期前列腺癌患者；联合HRS-6208用于实体瘤的治疗；联合或不联合注射用SHR4394联合或不联合二代AR抑制剂用于前列腺癌；联合HRS-4357用于治疗前列腺特异性膜抗原(PSMA)阳性的前列腺癌成人患者。,https://www.cde.org.cn/main/xxgk/listpage/4b5255eb0a84820cef4ca3e8b6bbe20c,FIRST_OBSERVED_SNAPSHOT_DATE,,,2026-09-30T17:29:59+08:00,CXHB2600059,1,,COMPLETE,acd4b6d00519e618844f18c6667ce408,600276.SH,EXACT_APPLICANT_TOKEN_IN_OFFICIAL_MULTI_APPLICANT_FIELD,DELIMITED_APPLICANT_TOKEN_EXACT,江苏恒瑞医药股份有限公司,"{""affiliate_inference_used"": false, ""mapping_match_mode"": ""DELIMITED_APPLICANT_TOKEN_EXACT"", ""matched_applicant_token"": ""江苏恒瑞医药股份有限公司"", ""official_applicant_field"": ""成都盛迪医药有限公司;江苏恒瑞医药股份有限公司"", ""registry_evidence"": {""listed_issuer_legal_name"": ""江苏恒瑞医药股份有限公司"", ""security_code"": ""600276"", ""security_short_name"": ""恒瑞医药"", ""source_document_date"": ""2026-04-17"", ""source_kind"": ""SSE_OFFICIAL_ISSUER_DISCLOSURE"", ""source_url"": ""https://www.sse.com.cn/disclosure/listedinfo/announcement/c/new/2026-04-17/600276_20260417_XMOL.pdf""}, ""substring_matching_used"": false}"
临床试验默示许可,official:ad4f2d9b04866b1ff6236e5a5a690c11,江苏恒瑞医药股份有限公司,羟乙磺酸达尔西利片,本品联合HRS1358片用于乳腺癌的治疗。,https://www.cde.org.cn/main/xxgk/listpage/4b5255eb0a84820cef4ca3e8b6bbe20c,FIRST_OBSERVED_SNAPSHOT_DATE,,,2026-09-30T17:29:59+08:00,CXHL2400408,2.4,,COMPLETE,ad4f2d9b04866b1ff6236e5a5a690c11,600276.SH,EXACT_LISTED_ISSUER_LEGAL_NAME,WHOLE_FIELD_EXACT,江苏恒瑞医药股份有限公司,"{""affiliate_inference_used"": false, ""mapping_match_mode"": ""WHOLE_FIELD_EXACT"", ""matched_applicant_token"": ""江苏恒瑞医药股份有限公司"", ""official_applicant_field"": ""江苏恒瑞医药股份有限公司"", ""registry_evidence"": {""listed_issuer_legal_name"": ""江苏恒瑞医药股份有限公司"", ""security_code"": ""600276"", ""security_short_name"": ""恒瑞医药"", ""source_document_date"": ""2026-04-17"", ""source_kind"": ""SSE_OFFICIAL_ISSUER_DISCLOSURE"", ""source_url"": ""https://www.sse.com.cn/disclosure/listedinfo/announcement/c/new/2026-04-17/600276_20260417_XMOL.pdf""}, ""substring_matching_used"": false}"
临床试验默示许可,official:ae87fa2f5c013f3738faed7aebdb4ea0,江苏恒瑞医药股份有限公司,HRS-7172片,携带RAS突变或扩增的实体瘤,https://www.cde.org.cn/main/xxgk/listpage/4b5255eb0a84820cef4ca3e8b6bbe20c,FIRST_OBSERVED_SNAPSHOT_DATE,,,2026-09-30T17:29:59+08:00,CXHL2500566,1,,COMPLETE,ae87fa2f5c013f3738faed7aebdb4ea0,600276.SH,EXACT_LISTED_ISSUER_LEGAL_NAME,WHOLE_FIELD_EXACT,江苏恒瑞医药股份有限公司,"{""affiliate_inference_used"": false, ""mapping_match_mode"": ""WHOLE_FIELD_EXACT"", ""matched_applicant_token"": ""江苏恒瑞医药股份有限公司"", ""official_applicant_field"": ""江苏恒瑞医药股份有限公司"", ""registry_evidence"": {""listed_issuer_legal_name"": ""江苏恒瑞医药股份有限公司"", ""security_code"": ""600276"", ""security_short_name"": ""恒瑞医药"", ""source_document_date"": ""2026-04-17"", ""source_kind"": ""SSE_OFFICIAL_ISSUER_DISCLOSURE"", ""source_url"": ""https://www.sse.com.cn/disclosure/listedinfo/announcement/c/new/2026-04-17/600276_20260417_XMOL.pdf""}, ""substring_matching_used"": false}"
临床试验默示许可,official:aeba50495b7764db43218608e15d7978,江苏恒瑞医药股份有限公司;江苏恒瑞医药股份有限公司,SHR1459片,本品联合YY-20394用于复发/难治B细胞非霍奇金淋巴瘤患者,https://www.cde.org.cn/main/xxgk/listpage/4b5255eb0a84820cef4ca3e8b6bbe20c,FIRST_OBSERVED_SNAPSHOT_DATE,,,2026-09-30T17:29:59+08:00,CXHL2100093,化学药品1类,,COMPLETE,aeba50495b7764db43218608e15d7978,600276.SH,EXACT_APPLICANT_TOKEN_IN_OFFICIAL_MULTI_APPLICANT_FIELD,DELIMITED_APPLICANT_TOKEN_EXACT,江苏恒瑞医药股份有限公司,"{""affiliate_inference_used"": false, ""mapping_match_mode"": ""DELIMITED_APPLICANT_TOKEN_EXACT"", ""matched_applicant_token"": ""江苏恒瑞医药股份有限公司"", ""official_applicant_field"": ""江苏恒瑞医药股份有限公司;江苏恒瑞医药股份有限公司"", ""registry_evidence"": {""listed_issuer_legal_name"": ""江苏恒瑞医药股份有限公司"", ""security_code"": ""600276"", ""security_short_name"": ""恒瑞医药"", ""source_document_date"": ""2026-04-17"", ""source_kind"": ""SSE_OFFICIAL_ISSUER_DISCLOSURE"", ""source_url"": ""https://www.sse.com.cn/disclosure/listedinfo/announcement/c/new/2026-04-17/600276_20260417_XMOL.pdf""}, ""substring_matching_used"": false}"
临床试验默示许可,official:aec39d1a3b768b285cba347d8a7aea1d,江苏恒瑞医药股份有限公司;江苏恒瑞医药股份有限公司,SHR2285片,预防或治疗动静脉血栓，以及降低介入治疗或体外循环引起的血栓栓塞风险。,https://www.cde.org.cn/main/xxgk/listpage/4b5255eb0a84820cef4ca3e8b6bbe20c,FIRST_OBSERVED_SNAPSHOT_DATE,,,2026-09-30T17:29:59+08:00,CXHL1800158,1,,COMPLETE,aec39d1a3b768b285cba347d8a7aea1d,600276.SH,EXACT_APPLICANT_TOKEN_IN_OFFICIAL_MULTI_APPLICANT_FIELD,DELIMITED_APPLICANT_TOKEN_EXACT,江苏恒瑞医药股份有限公司,"{""affiliate_inference_used"": false, ""mapping_match_mode"": ""DELIMITED_APPLICANT_TOKEN_EXACT"", ""matched_applicant_token"": ""江苏恒瑞医药股份有限公司"", ""official_applicant_field"": ""江苏恒瑞医药股份有限公司;江苏恒瑞医药股份有限公司"", ""registry_evidence"": {""listed_issuer_legal_name"": ""江苏恒瑞医药股份有限公司"", ""security_code"": ""600276"", ""security_short_name"": ""恒瑞医药"", ""source_document_date"": ""2026-04-17"", ""source_kind"": ""SSE_OFFICIAL_ISSUER_DISCLOSURE"", ""source_url"": ""https://www.sse.com.cn/disclosure/listedinfo/announcement/c/new/2026-04-17/600276_20260417_XMOL.pdf""}, ""substring_matching_used"": false}"
临床试验默示许可,official:af2e7a6313ee639762c201d4dd462458,上海恒瑞医药有限公司;江苏恒瑞医药股份有限公司;苏州盛迪亚生物医药有限公司,注射用SHR-1802,标准治疗失败的晚期恶性肿瘤,https://www.cde.org.cn/main/xxgk/listpage/4b5255eb0a84820cef4ca3e8b6bbe20c,FIRST_OBSERVED_SNAPSHOT_DATE,,,2026-09-30T17:29:59+08:00,CXSL1900090,1,,COMPLETE,af2e7a6313ee639762c201d4dd462458,600276.SH,EXACT_APPLICANT_TOKEN_IN_OFFICIAL_MULTI_APPLICANT_FIELD,DELIMITED_APPLICANT_TOKEN_EXACT,江苏恒瑞医药股份有限公司,"{""affiliate_inference_used"": false, ""mapping_match_mode"": ""DELIMITED_APPLICANT_TOKEN_EXACT"", ""matched_applicant_token"": ""江苏恒瑞医药股份有限公司"", ""official_applicant_field"": ""上海恒瑞医药有限公司;江苏恒瑞医药股份有限公司;苏州盛迪亚生物医药有限公司"", ""registry_evidence"": {""listed_issuer_legal_name"": ""江苏恒瑞医药股份有限公司"", ""security_code"": ""600276"", ""security_short_name"": ""恒瑞医药"", ""source_document_date"": ""2026-04-17"", ""source_kind"": ""SSE_OFFICIAL_ISSUER_DISCLOSURE"", ""source_url"": ""https://www.sse.com.cn/disclosure/listedinfo/announcement/c/new/2026-04-17/600276_20260417_XMOL.pdf""}, ""substring_matching_used"": false}"
临床试验默示许可,official:afc7b2b66eaf4b5cdec57d57aa0ba1b3,江苏恒瑞医药股份有限公司;江苏恒瑞医药股份有限公司;上海恒瑞医药有限公司,苹果酸法米替尼胶囊,本品拟联合SHR6390片用于晚期实体瘤的治疗。,https://www.cde.org.cn/main/xxgk/listpage/4b5255eb0a84820cef4ca3e8b6bbe20c,FIRST_OBSERVED_SNAPSHOT_DATE,,,2026-09-30T17:29:59+08:00,CXHL2000085,1,,COMPLETE,afc7b2b66eaf4b5cdec57d57aa0ba1b3,600276.SH,EXACT_APPLICANT_TOKEN_IN_OFFICIAL_MULTI_APPLICANT_FIELD,DELIMITED_APPLICANT_TOKEN_EXACT,江苏恒瑞医药股份有限公司,"{""affiliate_inference_used"": false, ""mapping_match_mode"": ""DELIMITED_APPLICANT_TOKEN_EXACT"", ""matched_applicant_token"": ""江苏恒瑞医药股份有限公司"", ""official_applicant_field"": ""江苏恒瑞医药股份有限公司;江苏恒瑞医药股份有限公司;上海恒瑞医药有限公司"", ""registry_evidence"": {""listed_issuer_legal_name"": ""江苏恒瑞医药股份有限公司"", ""security_code"": ""600276"", ""security_short_name"": ""恒瑞医药"", ""source_document_date"": ""2026-04-17"", ""source_kind"": ""SSE_OFFICIAL_ISSUER_DISCLOSURE"", ""source_url"": ""https://www.sse.com.cn/disclosure/listedinfo/announcement/c/new/2026-04-17/600276_20260417_XMOL.pdf""}, ""substring_matching_used"": false}"
临床试验默示许可,official:b0ec7a4c616230bbc35bc6304db89cdf,江苏恒瑞医药股份有限公司,HRS-6209片,拟用于治疗晚期恶性实体瘤。,https://www.cde.org.cn/main/xxgk/listpage/4b5255eb0a84820cef4ca3e8b6bbe20c,FIRST_OBSERVED_SNAPSHOT_DATE,,,2026-09-30T17:29:59+08:00,CXHL2300596,1,,COMPLETE,b0ec7a4c616230bbc35bc6304db89cdf,600276.SH,EXACT_LISTED_ISSUER_LEGAL_NAME,WHOLE_FIELD_EXACT,江苏恒瑞医药股份有限公司,"{""affiliate_inference_used"": false, ""mapping_match_mode"": ""WHOLE_FIELD_EXACT"", ""matched_applicant_token"": ""江苏恒瑞医药股份有限公司"", ""official_applicant_field"": ""江苏恒瑞医药股份有限公司"", ""registry_evidence"": {""listed_issuer_legal_name"": ""江苏恒瑞医药股份有限公司"", ""security_code"": ""600276"", ""security_short_name"": ""恒瑞医药"", ""source_document_date"": ""2026-04-17"", ""source_kind"": ""SSE_OFFICIAL_ISSUER_DISCLOSURE"", ""source_url"": ""https://www.sse.com.cn/disclosure/listedinfo/announcement/c/new/2026-04-17/600276_20260417_XMOL.pdf""}, ""substring_matching_used"": false}"
临床试验默示许可,official:b1829525a6426b9c8e20c1c04764b373,江苏恒瑞医药股份有限公司;江苏恒瑞医药股份有限公司,氟唑帕利胶囊,本品拟用于联合mFOLFIRINOX化疗并序贯氟唑帕利胶囊单药维持治疗晚期胰腺癌。,https://www.cde.org.cn/main/xxgk/listpage/4b5255eb0a84820cef4ca3e8b6bbe20c,FIRST_OBSERVED_SNAPSHOT_DATE,,,2026-09-30T17:29:59+08:00,CXHL2000015,1,,COMPLETE,b1829525a6426b9c8e20c1c04764b373,600276.SH,EXACT_APPLICANT_TOKEN_IN_OFFICIAL_MULTI_APPLICANT_FIELD,DELIMITED_APPLICANT_TOKEN_EXACT,江苏恒瑞医药股份有限公司,"{""affiliate_inference_used"": false, ""mapping_match_mode"": ""DELIMITED_APPLICANT_TOKEN_EXACT"", ""matched_applicant_token"": ""江苏恒瑞医药股份有限公司"", ""official_applicant_field"": ""江苏恒瑞医药股份有限公司;江苏恒瑞医药股份有限公司"", ""registry_evidence"": {""listed_issuer_legal_name"": ""江苏恒瑞医药股份有限公司"", ""security_code"": ""600276"", ""security_short_name"": ""恒瑞医药"", ""source_document_date"": ""2026-04-17"", ""source_kind"": ""SSE_OFFICIAL_ISSUER_DISCLOSURE"", ""source_url"": ""https://www.sse.com.cn/disclosure/listedinfo/announcement/c/new/2026-04-17/600276_20260417_XMOL.pdf""}, ""substring_matching_used"": false}"
临床试验默示许可,official:b1baade0813808f9f37a689a7fa8f71f,江苏恒瑞医药股份有限公司,SHR0302缓释片,系统性红斑狼疮,https://www.cde.org.cn/main/xxgk/listpage/4b5255eb0a84820cef4ca3e8b6bbe20c,FIRST_OBSERVED_SNAPSHOT_DATE,,,2026-09-30T17:29:59+08:00,CXHL2301026,1,,COMPLETE,b1baade0813808f9f37a689a7fa8f71f,600276.SH,EXACT_LISTED_ISSUER_LEGAL_NAME,WHOLE_FIELD_EXACT,江苏恒瑞医药股份有限公司,"{""affiliate_inference_used"": false, ""mapping_match_mode"": ""WHOLE_FIELD_EXACT"", ""matched_applicant_token"": ""江苏恒瑞医药股份有限公司"", ""official_applicant_field"": ""江苏恒瑞医药股份有限公司"", ""registry_evidence"": {""listed_issuer_legal_name"": ""江苏恒瑞医药股份有限公司"", ""security_code"": ""600276"", ""security_short_name"": ""恒瑞医药"", ""source_document_date"": ""2026-04-17"", ""source_kind"": ""SSE_OFFICIAL_ISSUER_DISCLOSURE"", ""source_url"": ""https://www.sse.com.cn/disclosure/listedinfo/announcement/c/new/2026-04-17/600276_20260417_XMOL.pdf""}, ""substring_matching_used"": false}"
临床试验默示许可,official:b1e02c6f32b0d385ada94c9e3a2780ac,江苏恒瑞医药股份有限公司;江苏恒瑞医药股份有限公司,SHR6390片,HR阳性、HER2阴性乳腺癌,https://www.cde.org.cn/main/xxgk/listpage/4b5255eb0a84820cef4ca3e8b6bbe20c,FIRST_OBSERVED_SNAPSHOT_DATE,,,2026-09-30T17:29:59+08:00,CXHB2101023,1,,COMPLETE,b1e02c6f32b0d385ada94c9e3a2780ac,600276.SH,EXACT_APPLICANT_TOKEN_IN_OFFICIAL_MULTI_APPLICANT_FIELD,DELIMITED_APPLICANT_TOKEN_EXACT,江苏恒瑞医药股份有限公司,"{""affiliate_inference_used"": false, ""mapping_match_mode"": ""DELIMITED_APPLICANT_TOKEN_EXACT"", ""matched_applicant_token"": ""江苏恒瑞医药股份有限公司"", ""official_applicant_field"": ""江苏恒瑞医药股份有限公司;江苏恒瑞医药股份有限公司"", ""registry_evidence"": {""listed_issuer_legal_name"": ""江苏恒瑞医药股份有限公司"", ""security_code"": ""600276"", ""security_short_name"": ""恒瑞医药"", ""source_document_date"": ""2026-04-17"", ""source_kind"": ""SSE_OFFICIAL_ISSUER_DISCLOSURE"", ""source_url"": ""https://www.sse.com.cn/disclosure/listedinfo/announcement/c/new/2026-04-17/600276_20260417_XMOL.pdf""}, ""substring_matching_used"": false}"
临床试验默示许可,official:b2bb82fdce731f689c009aa292ae3236,江苏恒瑞医药股份有限公司;江苏恒瑞医药股份有限公司;上海恒瑞医药有限公司,脯氨酸恒格列净片,本品联合厄贝沙坦治疗合并高血压的2型糖尿病肾病。,https://www.cde.org.cn/main/xxgk/listpage/4b5255eb0a84820cef4ca3e8b6bbe20c,FIRST_OBSERVED_SNAPSHOT_DATE,,,2026-09-30T17:29:59+08:00,CXHL2000232,1,,COMPLETE,b2bb82fdce731f689c009aa292ae3236,600276.SH,EXACT_APPLICANT_TOKEN_IN_OFFICIAL_MULTI_APPLICANT_FIELD,DELIMITED_APPLICANT_TOKEN_EXACT,江苏恒瑞医药股份有限公司,"{""affiliate_inference_used"": false, ""mapping_match_mode"": ""DELIMITED_APPLICANT_TOKEN_EXACT"", ""matched_applicant_token"": ""江苏恒瑞医药股份有限公司"", ""official_applicant_field"": ""江苏恒瑞医药股份有限公司;江苏恒瑞医药股份有限公司;上海恒瑞医药有限公司"", ""registry_evidence"": {""listed_issuer_legal_name"": ""江苏恒瑞医药股份有限公司"", ""security_code"": ""600276"", ""security_short_name"": ""恒瑞医药"", ""source_document_date"": ""2026-04-17"", ""source_kind"": ""SSE_OFFICIAL_ISSUER_DISCLOSURE"", ""source_url"": ""https://www.sse.com.cn/disclosure/listedinfo/announcement/c/new/2026-04-17/600276_20260417_XMOL.pdf""}, ""substring_matching_used"": false}"
临床试验默示许可,official:b30afec4b88d0f48f462ecfde51858e9,江苏恒瑞医药股份有限公司;江苏恒瑞医药股份有限公司,甲磺酸阿帕替尼片,转移性去势抵抗性前列腺癌,https://www.cde.org.cn/main/xxgk/listpage/4b5255eb0a84820cef4ca3e8b6bbe20c,FIRST_OBSERVED_SNAPSHOT_DATE,,,2026-09-30T17:29:59+08:00,CXHL2000622,化学药品第2.4类,,COMPLETE,b30afec4b88d0f48f462ecfde51858e9,600276.SH,EXACT_APPLICANT_TOKEN_IN_OFFICIAL_MULTI_APPLICANT_FIELD,DELIMITED_APPLICANT_TOKEN_EXACT,江苏恒瑞医药股份有限公司,"{""affiliate_inference_used"": false, ""mapping_match_mode"": ""DELIMITED_APPLICANT_TOKEN_EXACT"", ""matched_applicant_token"": ""江苏恒瑞医药股份有限公司"", ""official_applicant_field"": ""江苏恒瑞医药股份有限公司;江苏恒瑞医药股份有限公司"", ""registry_evidence"": {""listed_issuer_legal_name"": ""江苏恒瑞医药股份有限公司"", ""security_code"": ""600276"", ""security_short_name"": ""恒瑞医药"", ""source_document_date"": ""2026-04-17"", ""source_kind"": ""SSE_OFFICIAL_ISSUER_DISCLOSURE"", ""source_url"": ""https://www.sse.com.cn/disclosure/listedinfo/announcement/c/new/2026-04-17/600276_20260417_XMOL.pdf""}, ""substring_matching_used"": false}"
临床试验默示许可,official:b30d8b59658400c148e038a34c56cfeb,江苏恒瑞医药股份有限公司;江苏恒瑞医药股份有限公司;上海恒瑞医药有限公司,甲磺酸阿帕替尼片,本品拟联合注射用卡瑞利珠单抗用于一线治疗PD-L1表达阳性（TPS≥1%）且不伴有EGFR/ALK基因突变异常的复发或晚期非小细胞肺癌患者,https://www.cde.org.cn/main/xxgk/listpage/4b5255eb0a84820cef4ca3e8b6bbe20c,FIRST_OBSERVED_SNAPSHOT_DATE,,,2026-09-30T17:29:59+08:00,CXHL1900430,2.4,,COMPLETE,b30d8b59658400c148e038a34c56cfeb,600276.SH,EXACT_APPLICANT_TOKEN_IN_OFFICIAL_MULTI_APPLICANT_FIELD,DELIMITED_APPLICANT_TOKEN_EXACT,江苏恒瑞医药股份有限公司,"{""affiliate_inference_used"": false, ""mapping_match_mode"": ""DELIMITED_APPLICANT_TOKEN_EXACT"", ""matched_applicant_token"": ""江苏恒瑞医药股份有限公司"", ""official_applicant_field"": ""江苏恒瑞医药股份有限公司;江苏恒瑞医药股份有限公司;上海恒瑞医药有限公司"", ""registry_evidence"": {""listed_issuer_legal_name"": ""江苏恒瑞医药股份有限公司"", ""security_code"": ""600276"", ""security_short_name"": ""恒瑞医药"", ""source_document_date"": ""2026-04-17"", ""source_kind"": ""SSE_OFFICIAL_ISSUER_DISCLOSURE"", ""source_url"": ""https://www.sse.com.cn/disclosure/listedinfo/announcement/c/new/2026-04-17/600276_20260417_XMOL.pdf""}, ""substring_matching_used"": false}"
临床试验默示许可,official:b30fdfee343abae07c68ca1e68cb496b,成都盛迪医药有限公司;江苏恒瑞医药股份有限公司,HRS-5041片,本品联合HRS-2189用于恶性肿瘤的治疗。,https://www.cde.org.cn/main/xxgk/listpage/4b5255eb0a84820cef4ca3e8b6bbe20c,FIRST_OBSERVED_SNAPSHOT_DATE,,,2026-09-30T17:29:59+08:00,CXHL2400808,1,,COMPLETE,b30fdfee343abae07c68ca1e68cb496b,600276.SH,EXACT_APPLICANT_TOKEN_IN_OFFICIAL_MULTI_APPLICANT_FIELD,DELIMITED_APPLICANT_TOKEN_EXACT,江苏恒瑞医药股份有限公司,"{""affiliate_inference_used"": false, ""mapping_match_mode"": ""DELIMITED_APPLICANT_TOKEN_EXACT"", ""matched_applicant_token"": ""江苏恒瑞医药股份有限公司"", ""official_applicant_field"": ""成都盛迪医药有限公司;江苏恒瑞医药股份有限公司"", ""registry_evidence"": {""listed_issuer_legal_name"": ""江苏恒瑞医药股份有限公司"", ""security_code"": ""600276"", ""security_short_name"": ""恒瑞医药"", ""source_document_date"": ""2026-04-17"", ""source_kind"": ""SSE_OFFICIAL_ISSUER_DISCLOSURE"", ""source_url"": ""https://www.sse.com.cn/disclosure/listedinfo/announcement/c/new/2026-04-17/600276_20260417_XMOL.pdf""}, ""substring_matching_used"": false}"
临床试验默示许可,official:b330b2ca56b5bcc3d11d2fe577689814,江苏恒瑞医药股份有限公司;江苏恒瑞医药股份有限公司,SHR6390片,本品联合内分泌治疗用于HR阳性，HER2阴性的早期或局部晚期乳腺癌的辅助治疗。,https://www.cde.org.cn/main/xxgk/listpage/4b5255eb0a84820cef4ca3e8b6bbe20c,FIRST_OBSERVED_SNAPSHOT_DATE,,,2026-09-30T17:29:59+08:00,CXHL2000436,1,,COMPLETE,b330b2ca56b5bcc3d11d2fe577689814,600276.SH,EXACT_APPLICANT_TOKEN_IN_OFFICIAL_MULTI_APPLICANT_FIELD,DELIMITED_APPLICANT_TOKEN_EXACT,江苏恒瑞医药股份有限公司,"{""affiliate_inference_used"": false, ""mapping_match_mode"": ""DELIMITED_APPLICANT_TOKEN_EXACT"", ""matched_applicant_token"": ""江苏恒瑞医药股份有限公司"", ""official_applicant_field"": ""江苏恒瑞医药股份有限公司;江苏恒瑞医药股份有限公司"", ""registry_evidence"": {""listed_issuer_legal_name"": ""江苏恒瑞医药股份有限公司"", ""security_code"": ""600276"", ""security_short_name"": ""恒瑞医药"", ""source_document_date"": ""2026-04-17"", ""source_kind"": ""SSE_OFFICIAL_ISSUER_DISCLOSURE"", ""source_url"": ""https://www.sse.com.cn/disclosure/listedinfo/announcement/c/new/2026-04-17/600276_20260417_XMOL.pdf""}, ""substring_matching_used"": false}"
临床试验默示许可,official:b3ac9953159eecbbb7bc3c885ab26326,江苏恒瑞医药股份有限公司;江苏恒瑞医药股份有限公司,SHR3680片,本品与多西他赛化疗联合，治疗转移性去势抵抗性前列腺癌（mCRPC）。,https://www.cde.org.cn/main/xxgk/listpage/4b5255eb0a84820cef4ca3e8b6bbe20c,FIRST_OBSERVED_SNAPSHOT_DATE,,,2026-09-30T17:29:59+08:00,CXHL2000366,1,,COMPLETE,b3ac9953159eecbbb7bc3c885ab26326,600276.SH,EXACT_APPLICANT_TOKEN_IN_OFFICIAL_MULTI_APPLICANT_FIELD,DELIMITED_APPLICANT_TOKEN_EXACT,江苏恒瑞医药股份有限公司,"{""affiliate_inference_used"": false, ""mapping_match_mode"": ""DELIMITED_APPLICANT_TOKEN_EXACT"", ""matched_applicant_token"": ""江苏恒瑞医药股份有限公司"", ""official_applicant_field"": ""江苏恒瑞医药股份有限公司;江苏恒瑞医药股份有限公司"", ""registry_evidence"": {""listed_issuer_legal_name"": ""江苏恒瑞医药股份有限公司"", ""security_code"": ""600276"", ""security_short_name"": ""恒瑞医药"", ""source_document_date"": ""2026-04-17"", ""source_kind"": ""SSE_OFFICIAL_ISSUER_DISCLOSURE"", ""source_url"": ""https://www.sse.com.cn/disclosure/listedinfo/announcement/c/new/2026-04-17/600276_20260417_XMOL.pdf""}, ""substring_matching_used"": false}"
临床试验默示许可,official:b3ff8a6cc1369d8da4af2bec120dfd73,江苏恒瑞医药股份有限公司,HRS-3738片,本品联合含地塞米松的治疗方案用于复发难治的多发性骨髓瘤。,https://www.cde.org.cn/main/xxgk/listpage/4b5255eb0a84820cef4ca3e8b6bbe20c,FIRST_OBSERVED_SNAPSHOT_DATE,,,2026-09-30T17:29:59+08:00,CXHL2301137,化学药品:1类,,COMPLETE,b3ff8a6cc1369d8da4af2bec120dfd73,600276.SH,EXACT_LISTED_ISSUER_LEGAL_NAME,WHOLE_FIELD_EXACT,江苏恒瑞医药股份有限公司,"{""affiliate_inference_used"": false, ""mapping_match_mode"": ""WHOLE_FIELD_EXACT"", ""matched_applicant_token"": ""江苏恒瑞医药股份有限公司"", ""official_applicant_field"": ""江苏恒瑞医药股份有限公司"", ""registry_evidence"": {""listed_issuer_legal_name"": ""江苏恒瑞医药股份有限公司"", ""security_code"": ""600276"", ""security_short_name"": ""恒瑞医药"", ""source_document_date"": ""2026-04-17"", ""source_kind"": ""SSE_OFFICIAL_ISSUER_DISCLOSURE"", ""source_url"": ""https://www.sse.com.cn/disclosure/listedinfo/announcement/c/new/2026-04-17/600276_20260417_XMOL.pdf""}, ""substring_matching_used"": false}"
临床试验默示许可,official:b5218d106bf29ddf0232e55790bcbc50,江苏恒瑞医药股份有限公司;江苏恒瑞医药股份有限公司,苹果酸法米替尼胶囊,本品联合注射用卡瑞利珠单抗和注射用紫杉醇（白蛋白结合型）用于治疗晚期实体肿瘤患者。,https://www.cde.org.cn/main/xxgk/listpage/4b5255eb0a84820cef4ca3e8b6bbe20c,FIRST_OBSERVED_SNAPSHOT_DATE,,,2026-09-30T17:29:59+08:00,CXHL2101469,1,,COMPLETE,b5218d106bf29ddf0232e55790bcbc50,600276.SH,EXACT_APPLICANT_TOKEN_IN_OFFICIAL_MULTI_APPLICANT_FIELD,DELIMITED_APPLICANT_TOKEN_EXACT,江苏恒瑞医药股份有限公司,"{""affiliate_inference_used"": false, ""mapping_match_mode"": ""DELIMITED_APPLICANT_TOKEN_EXACT"", ""matched_applicant_token"": ""江苏恒瑞医药股份有限公司"", ""official_applicant_field"": ""江苏恒瑞医药股份有限公司;江苏恒瑞医药股份有限公司"", ""registry_evidence"": {""listed_issuer_legal_name"": ""江苏恒瑞医药股份有限公司"", ""security_code"": ""600276"", ""security_short_name"": ""恒瑞医药"", ""source_document_date"": ""2026-04-17"", ""source_kind"": ""SSE_OFFICIAL_ISSUER_DISCLOSURE"", ""source_url"": ""https://www.sse.com.cn/disclosure/listedinfo/announcement/c/new/2026-04-17/600276_20260417_XMOL.pdf""}, ""substring_matching_used"": false}"
临床试验默示许可,official:b538a427a8faf41004185d008a0c0547,江苏恒瑞医药股份有限公司,HRS-4508片,HRS-4508联合HRS-6209联合内分泌治疗±曲妥珠单抗±帕妥珠单抗用于乳腺癌的治疗,https://www.cde.org.cn/main/xxgk/listpage/4b5255eb0a84820cef4ca3e8b6bbe20c,FIRST_OBSERVED_SNAPSHOT_DATE,,,2026-09-30T17:29:59+08:00,CXHL2600633,1,,COMPLETE,b538a427a8faf41004185d008a0c0547,600276.SH,EXACT_LISTED_ISSUER_LEGAL_NAME,WHOLE_FIELD_EXACT,江苏恒瑞医药股份有限公司,"{""affiliate_inference_used"": false, ""mapping_match_mode"": ""WHOLE_FIELD_EXACT"", ""matched_applicant_token"": ""江苏恒瑞医药股份有限公司"", ""official_applicant_field"": ""江苏恒瑞医药股份有限公司"", ""registry_evidence"": {""listed_issuer_legal_name"": ""江苏恒瑞医药股份有限公司"", ""security_code"": ""600276"", ""security_short_name"": ""恒瑞医药"", ""source_document_date"": ""2026-04-17"", ""source_kind"": ""SSE_OFFICIAL_ISSUER_DISCLOSURE"", ""source_url"": ""https://www.sse.com.cn/disclosure/listedinfo/announcement/c/new/2026-04-17/600276_20260417_XMOL.pdf""}, ""substring_matching_used"": false}"
临床试验默示许可,official:b58679884a5de6ba293c0d04d919c2db,上海迈晋生物医药科技有限公司;江苏恒瑞医药股份有限公司,注射用SHR-9803,实体瘤,https://www.cde.org.cn/main/xxgk/listpage/4b5255eb0a84820cef4ca3e8b6bbe20c,FIRST_OBSERVED_SNAPSHOT_DATE,,,2026-09-30T17:29:59+08:00,CXSL2500026,1,,COMPLETE,b58679884a5de6ba293c0d04d919c2db,600276.SH,EXACT_APPLICANT_TOKEN_IN_OFFICIAL_MULTI_APPLICANT_FIELD,DELIMITED_APPLICANT_TOKEN_EXACT,江苏恒瑞医药股份有限公司,"{""affiliate_inference_used"": false, ""mapping_match_mode"": ""DELIMITED_APPLICANT_TOKEN_EXACT"", ""matched_applicant_token"": ""江苏恒瑞医药股份有限公司"", ""official_applicant_field"": ""上海迈晋生物医药科技有限公司;江苏恒瑞医药股份有限公司"", ""registry_evidence"": {""listed_issuer_legal_name"": ""江苏恒瑞医药股份有限公司"", ""security_code"": ""600276"", ""security_short_name"": ""恒瑞医药"", ""source_document_date"": ""2026-04-17"", ""source_kind"": ""SSE_OFFICIAL_ISSUER_DISCLOSURE"", ""source_url"": ""https://www.sse.com.cn/disclosure/listedinfo/announcement/c/new/2026-04-17/600276_20260417_XMOL.pdf""}, ""substring_matching_used"": false}"
临床试验默示许可,official:b5943e2579ec48e4363a95c382757643,江苏恒瑞医药股份有限公司,SHR4640片,本品适用原发性高尿酸血症的长期治疗，可与黄嘌呤氧化酶抑制剂联用。,https://www.cde.org.cn/main/xxgk/listpage/4b5255eb0a84820cef4ca3e8b6bbe20c,FIRST_OBSERVED_SNAPSHOT_DATE,,,2026-09-30T17:29:59+08:00,CXHL2200197,1,,COMPLETE,b5943e2579ec48e4363a95c382757643,600276.SH,EXACT_LISTED_ISSUER_LEGAL_NAME,WHOLE_FIELD_EXACT,江苏恒瑞医药股份有限公司,"{""affiliate_inference_used"": false, ""mapping_match_mode"": ""WHOLE_FIELD_EXACT"", ""matched_applicant_token"": ""江苏恒瑞医药股份有限公司"", ""official_applicant_field"": ""江苏恒瑞医药股份有限公司"", ""registry_evidence"": {""listed_issuer_legal_name"": ""江苏恒瑞医药股份有限公司"", ""security_code"": ""600276"", ""security_short_name"": ""恒瑞医药"", ""source_document_date"": ""2026-04-17"", ""source_kind"": ""SSE_OFFICIAL_ISSUER_DISCLOSURE"", ""source_url"": ""https://www.sse.com.cn/disclosure/listedinfo/announcement/c/new/2026-04-17/600276_20260417_XMOL.pdf""}, ""substring_matching_used"": false}"
临床试验默示许可,official:b5c0b103401ebce23d18d91a71d02298,江苏恒瑞医药股份有限公司,HRG2005吸入剂,本品适用于慢性阻塞性肺疾病（COPD）患者的维持治疗。,https://www.cde.org.cn/main/xxgk/listpage/4b5255eb0a84820cef4ca3e8b6bbe20c,FIRST_OBSERVED_SNAPSHOT_DATE,,,2026-09-30T17:29:59+08:00,CXHB2300017,2.3,,COMPLETE,b5c0b103401ebce23d18d91a71d02298,600276.SH,EXACT_LISTED_ISSUER_LEGAL_NAME,WHOLE_FIELD_EXACT,江苏恒瑞医药股份有限公司,"{""affiliate_inference_used"": false, ""mapping_match_mode"": ""WHOLE_FIELD_EXACT"", ""matched_applicant_token"": ""江苏恒瑞医药股份有限公司"", ""official_applicant_field"": ""江苏恒瑞医药股份有限公司"", ""registry_evidence"": {""listed_issuer_legal_name"": ""江苏恒瑞医药股份有限公司"", ""security_code"": ""600276"", ""security_short_name"": ""恒瑞医药"", ""source_document_date"": ""2026-04-17"", ""source_kind"": ""SSE_OFFICIAL_ISSUER_DISCLOSURE"", ""source_url"": ""https://www.sse.com.cn/disclosure/listedinfo/announcement/c/new/2026-04-17/600276_20260417_XMOL.pdf""}, ""substring_matching_used"": false}"
临床试验默示许可,official:b62d25787f47aff8e5dced610d77bdb3,江苏恒瑞医药股份有限公司;江苏恒瑞医药股份有限公司,马来酸吡咯替尼片,本品联合SHR-A1811用于 Her-2阳性的晚期实体瘤患者的治疗。,https://www.cde.org.cn/main/xxgk/listpage/4b5255eb0a84820cef4ca3e8b6bbe20c,FIRST_OBSERVED_SNAPSHOT_DATE,,,2026-09-30T17:29:59+08:00,CXHL2300388,2.4,,COMPLETE,b62d25787f47aff8e5dced610d77bdb3,600276.SH,EXACT_APPLICANT_TOKEN_IN_OFFICIAL_MULTI_APPLICANT_FIELD,DELIMITED_APPLICANT_TOKEN_EXACT,江苏恒瑞医药股份有限公司,"{""affiliate_inference_used"": false, ""mapping_match_mode"": ""DELIMITED_APPLICANT_TOKEN_EXACT"", ""matched_applicant_token"": ""江苏恒瑞医药股份有限公司"", ""official_applicant_field"": ""江苏恒瑞医药股份有限公司;江苏恒瑞医药股份有限公司"", ""registry_evidence"": {""listed_issuer_legal_name"": ""江苏恒瑞医药股份有限公司"", ""security_code"": ""600276"", ""security_short_name"": ""恒瑞医药"", ""source_document_date"": ""2026-04-17"", ""source_kind"": ""SSE_OFFICIAL_ISSUER_DISCLOSURE"", ""source_url"": ""https://www.sse.com.cn/disclosure/listedinfo/announcement/c/new/2026-04-17/600276_20260417_XMOL.pdf""}, ""substring_matching_used"": false}"
临床试验默示许可,official:b6e1f3faf471eafd3063718a8b57225f,江苏恒瑞医药股份有限公司;上海盛迪医药有限公司,HRS-9231注射液,本品用于全身各部位磁共振成像（MRI）检测和显示异常血管病变。,https://www.cde.org.cn/main/xxgk/listpage/4b5255eb0a84820cef4ca3e8b6bbe20c,FIRST_OBSERVED_SNAPSHOT_DATE,,,2026-09-30T17:29:59+08:00,CXHL2400059,1,,COMPLETE,b6e1f3faf471eafd3063718a8b57225f,600276.SH,EXACT_APPLICANT_TOKEN_IN_OFFICIAL_MULTI_APPLICANT_FIELD,DELIMITED_APPLICANT_TOKEN_EXACT,江苏恒瑞医药股份有限公司,"{""affiliate_inference_used"": false, ""mapping_match_mode"": ""DELIMITED_APPLICANT_TOKEN_EXACT"", ""matched_applicant_token"": ""江苏恒瑞医药股份有限公司"", ""official_applicant_field"": ""江苏恒瑞医药股份有限公司;上海盛迪医药有限公司"", ""registry_evidence"": {""listed_issuer_legal_name"": ""江苏恒瑞医药股份有限公司"", ""security_code"": ""600276"", ""security_short_name"": ""恒瑞医药"", ""source_document_date"": ""2026-04-17"", ""source_kind"": ""SSE_OFFICIAL_ISSUER_DISCLOSURE"", ""source_url"": ""https://www.sse.com.cn/disclosure/listedinfo/announcement/c/new/2026-04-17/600276_20260417_XMOL.pdf""}, ""substring_matching_used"": false}"
临床试验默示许可,official:b7c21208a86ba885e915ef89bc681965,江苏恒瑞医药股份有限公司,HRS-6093片,本品联合HRS-7172±阿得贝利单抗/SHR-4610，或联合HRS-7172±SHR-9839(sc)，或联合HRS-7172±化疗用于实体瘤,https://www.cde.org.cn/main/xxgk/listpage/4b5255eb0a84820cef4ca3e8b6bbe20c,FIRST_OBSERVED_SNAPSHOT_DATE,,,2026-09-30T17:29:59+08:00,CXHL2600581,1,,COMPLETE,b7c21208a86ba885e915ef89bc681965,600276.SH,EXACT_LISTED_ISSUER_LEGAL_NAME,WHOLE_FIELD_EXACT,江苏恒瑞医药股份有限公司,"{""affiliate_inference_used"": false, ""mapping_match_mode"": ""WHOLE_FIELD_EXACT"", ""matched_applicant_token"": ""江苏恒瑞医药股份有限公司"", ""official_applicant_field"": ""江苏恒瑞医药股份有限公司"", ""registry_evidence"": {""listed_issuer_legal_name"": ""江苏恒瑞医药股份有限公司"", ""security_code"": ""600276"", ""security_short_name"": ""恒瑞医药"", ""source_document_date"": ""2026-04-17"", ""source_kind"": ""SSE_OFFICIAL_ISSUER_DISCLOSURE"", ""source_url"": ""https://www.sse.com.cn/disclosure/listedinfo/announcement/c/new/2026-04-17/600276_20260417_XMOL.pdf""}, ""substring_matching_used"": false}"
临床试验默示许可,official:b82d1599336f0a404777b7bbb0437dd7,江苏恒瑞医药股份有限公司,马来酸茚达特罗吸入粉雾剂,本品为支气管扩张剂，适用于成人慢性阻塞性肺疾病(COPD)患者的维持治疗。,https://www.cde.org.cn/main/xxgk/listpage/4b5255eb0a84820cef4ca3e8b6bbe20c,FIRST_OBSERVED_SNAPSHOT_DATE,,,2026-09-30T17:29:59+08:00,CYHS1900067,4,,COMPLETE,b82d1599336f0a404777b7bbb0437dd7,600276.SH,EXACT_LISTED_ISSUER_LEGAL_NAME,WHOLE_FIELD_EXACT,江苏恒瑞医药股份有限公司,"{""affiliate_inference_used"": false, ""mapping_match_mode"": ""WHOLE_FIELD_EXACT"", ""matched_applicant_token"": ""江苏恒瑞医药股份有限公司"", ""official_applicant_field"": ""江苏恒瑞医药股份有限公司"", ""registry_evidence"": {""listed_issuer_legal_name"": ""江苏恒瑞医药股份有限公司"", ""security_code"": ""600276"", ""security_short_name"": ""恒瑞医药"", ""source_document_date"": ""2026-04-17"", ""source_kind"": ""SSE_OFFICIAL_ISSUER_DISCLOSURE"", ""source_url"": ""https://www.sse.com.cn/disclosure/listedinfo/announcement/c/new/2026-04-17/600276_20260417_XMOL.pdf""}, ""substring_matching_used"": false}"
临床试验默示许可,official:b865adb77de33276a096146976a102f0,成都盛迪医药有限公司;江苏恒瑞医药股份有限公司,HRS-5041片,前列腺癌 ；HRS-5041片联合醋酸阿比特龙片（Ⅱ）和泼尼松片或联合多西他赛和泼尼松片或联合HRS-1167片或联合SHR2554片用于治疗晚期前列腺癌患者；联合HRS-2189用于恶性肿瘤的治疗。,https://www.cde.org.cn/main/xxgk/listpage/4b5255eb0a84820cef4ca3e8b6bbe20c,FIRST_OBSERVED_SNAPSHOT_DATE,,,2026-09-30T17:29:59+08:00,CXHB2500006,1,,COMPLETE,b865adb77de33276a096146976a102f0,600276.SH,EXACT_APPLICANT_TOKEN_IN_OFFICIAL_MULTI_APPLICANT_FIELD,DELIMITED_APPLICANT_TOKEN_EXACT,江苏恒瑞医药股份有限公司,"{""affiliate_inference_used"": false, ""mapping_match_mode"": ""DELIMITED_APPLICANT_TOKEN_EXACT"", ""matched_applicant_token"": ""江苏恒瑞医药股份有限公司"", ""official_applicant_field"": ""成都盛迪医药有限公司;江苏恒瑞医药股份有限公司"", ""registry_evidence"": {""listed_issuer_legal_name"": ""江苏恒瑞医药股份有限公司"", ""security_code"": ""600276"", ""security_short_name"": ""恒瑞医药"", ""source_document_date"": ""2026-04-17"", ""source_kind"": ""SSE_OFFICIAL_ISSUER_DISCLOSURE"", ""source_url"": ""https://www.sse.com.cn/disclosure/listedinfo/announcement/c/new/2026-04-17/600276_20260417_XMOL.pdf""}, ""substring_matching_used"": false}"
临床试验默示许可,official:b92638ed9127987fbcb861ea28e7486a,江苏恒瑞医药股份有限公司,富马酸泰吉利定注射液,用于重症监护患者机械通气时的镇痛。,https://www.cde.org.cn/main/xxgk/listpage/4b5255eb0a84820cef4ca3e8b6bbe20c,FIRST_OBSERVED_SNAPSHOT_DATE,,,2026-09-30T17:29:59+08:00,CXHL2500912,2.4,,COMPLETE,b92638ed9127987fbcb861ea28e7486a,600276.SH,EXACT_LISTED_ISSUER_LEGAL_NAME,WHOLE_FIELD_EXACT,江苏恒瑞医药股份有限公司,"{""affiliate_inference_used"": false, ""mapping_match_mode"": ""WHOLE_FIELD_EXACT"", ""matched_applicant_token"": ""江苏恒瑞医药股份有限公司"", ""official_applicant_field"": ""江苏恒瑞医药股份有限公司"", ""registry_evidence"": {""listed_issuer_legal_name"": ""江苏恒瑞医药股份有限公司"", ""security_code"": ""600276"", ""security_short_name"": ""恒瑞医药"", ""source_document_date"": ""2026-04-17"", ""source_kind"": ""SSE_OFFICIAL_ISSUER_DISCLOSURE"", ""source_url"": ""https://www.sse.com.cn/disclosure/listedinfo/announcement/c/new/2026-04-17/600276_20260417_XMOL.pdf""}, ""substring_matching_used"": false}"
临床试验默示许可,official:b9a614308fe7a449a814c54be802385b,江苏恒瑞医药股份有限公司;江苏恒瑞医药股份有限公司;上海恒瑞医药有限公司,SHR2554片,联合卡瑞利珠单抗、苹果酸法米替尼用于晚期恶性肿瘤患者。,https://www.cde.org.cn/main/xxgk/listpage/4b5255eb0a84820cef4ca3e8b6bbe20c,FIRST_OBSERVED_SNAPSHOT_DATE,,,2026-09-30T17:29:59+08:00,CXHL2000092,1,,COMPLETE,b9a614308fe7a449a814c54be802385b,600276.SH,EXACT_APPLICANT_TOKEN_IN_OFFICIAL_MULTI_APPLICANT_FIELD,DELIMITED_APPLICANT_TOKEN_EXACT,江苏恒瑞医药股份有限公司,"{""affiliate_inference_used"": false, ""mapping_match_mode"": ""DELIMITED_APPLICANT_TOKEN_EXACT"", ""matched_applicant_token"": ""江苏恒瑞医药股份有限公司"", ""official_applicant_field"": ""江苏恒瑞医药股份有限公司;江苏恒瑞医药股份有限公司;上海恒瑞医药有限公司"", ""registry_evidence"": {""listed_issuer_legal_name"": ""江苏恒瑞医药股份有限公司"", ""security_code"": ""600276"", ""security_short_name"": ""恒瑞医药"", ""source_document_date"": ""2026-04-17"", ""source_kind"": ""SSE_OFFICIAL_ISSUER_DISCLOSURE"", ""source_url"": ""https://www.sse.com.cn/disclosure/listedinfo/announcement/c/new/2026-04-17/600276_20260417_XMOL.pdf""}, ""substring_matching_used"": false}"
临床试验默示许可,official:baccb6ea4350170164a8141548c32f2e,江苏恒瑞医药股份有限公司;江苏恒瑞医药股份有限公司,苹果酸法米替尼胶囊,本品联合注射用SHR-1802及注射用卡瑞利珠单抗用于治疗晚期实体瘤患者。,https://www.cde.org.cn/main/xxgk/listpage/4b5255eb0a84820cef4ca3e8b6bbe20c,FIRST_OBSERVED_SNAPSHOT_DATE,,,2026-09-30T17:29:59+08:00,CXHL2101494,1,,COMPLETE,baccb6ea4350170164a8141548c32f2e,600276.SH,EXACT_APPLICANT_TOKEN_IN_OFFICIAL_MULTI_APPLICANT_FIELD,DELIMITED_APPLICANT_TOKEN_EXACT,江苏恒瑞医药股份有限公司,"{""affiliate_inference_used"": false, ""mapping_match_mode"": ""DELIMITED_APPLICANT_TOKEN_EXACT"", ""matched_applicant_token"": ""江苏恒瑞医药股份有限公司"", ""official_applicant_field"": ""江苏恒瑞医药股份有限公司;江苏恒瑞医药股份有限公司"", ""registry_evidence"": {""listed_issuer_legal_name"": ""江苏恒瑞医药股份有限公司"", ""security_code"": ""600276"", ""security_short_name"": ""恒瑞医药"", ""source_document_date"": ""2026-04-17"", ""source_kind"": ""SSE_OFFICIAL_ISSUER_DISCLOSURE"", ""source_url"": ""https://www.sse.com.cn/disclosure/listedinfo/announcement/c/new/2026-04-17/600276_20260417_XMOL.pdf""}, ""substring_matching_used"": false}"
临床试验默示许可,official:baeb47e066a80f2499aa6f660d0f1a10,江苏恒瑞医药股份有限公司;江苏恒瑞医药股份有限公司,SHR2285片,适应症:预防或治疗动静脉血栓，以及降低介入治疗或体外循环引起的血栓栓塞风险。,https://www.cde.org.cn/main/xxgk/listpage/4b5255eb0a84820cef4ca3e8b6bbe20c,FIRST_OBSERVED_SNAPSHOT_DATE,,,2026-09-30T17:29:59+08:00,CXHB2000018,1类,,COMPLETE,baeb47e066a80f2499aa6f660d0f1a10,600276.SH,EXACT_APPLICANT_TOKEN_IN_OFFICIAL_MULTI_APPLICANT_FIELD,DELIMITED_APPLICANT_TOKEN_EXACT,江苏恒瑞医药股份有限公司,"{""affiliate_inference_used"": false, ""mapping_match_mode"": ""DELIMITED_APPLICANT_TOKEN_EXACT"", ""matched_applicant_token"": ""江苏恒瑞医药股份有限公司"", ""official_applicant_field"": ""江苏恒瑞医药股份有限公司;江苏恒瑞医药股份有限公司"", ""registry_evidence"": {""listed_issuer_legal_name"": ""江苏恒瑞医药股份有限公司"", ""security_code"": ""600276"", ""security_short_name"": ""恒瑞医药"", ""source_document_date"": ""2026-04-17"", ""source_kind"": ""SSE_OFFICIAL_ISSUER_DISCLOSURE"", ""source_url"": ""https://www.sse.com.cn/disclosure/listedinfo/announcement/c/new/2026-04-17/600276_20260417_XMOL.pdf""}, ""substring_matching_used"": false}"
临床试验默示许可,official:bb6905ca73de56cbc1488fa87390a6b4,江苏恒瑞医药股份有限公司;江苏恒瑞医药股份有限公司,苹果酸法米替尼胶囊,含铂类化疗和免疫检查点抑制剂治疗失败的晚期非小细胞肺癌,https://www.cde.org.cn/main/xxgk/listpage/4b5255eb0a84820cef4ca3e8b6bbe20c,FIRST_OBSERVED_SNAPSHOT_DATE,,,2026-09-30T17:29:59+08:00,CXHL2101375,化学药品1类,,COMPLETE,bb6905ca73de56cbc1488fa87390a6b4,600276.SH,EXACT_APPLICANT_TOKEN_IN_OFFICIAL_MULTI_APPLICANT_FIELD,DELIMITED_APPLICANT_TOKEN_EXACT,江苏恒瑞医药股份有限公司,"{""affiliate_inference_used"": false, ""mapping_match_mode"": ""DELIMITED_APPLICANT_TOKEN_EXACT"", ""matched_applicant_token"": ""江苏恒瑞医药股份有限公司"", ""official_applicant_field"": ""江苏恒瑞医药股份有限公司;江苏恒瑞医药股份有限公司"", ""registry_evidence"": {""listed_issuer_legal_name"": ""江苏恒瑞医药股份有限公司"", ""security_code"": ""600276"", ""security_short_name"": ""恒瑞医药"", ""source_document_date"": ""2026-04-17"", ""source_kind"": ""SSE_OFFICIAL_ISSUER_DISCLOSURE"", ""source_url"": ""https://www.sse.com.cn/disclosure/listedinfo/announcement/c/new/2026-04-17/600276_20260417_XMOL.pdf""}, ""substring_matching_used"": false}"
临床试验默示许可,official:be61a6fc3e49fc9c61cb5bf4263fa980,江苏恒瑞医药股份有限公司,HRS-6093片,HRS-6093联合阿得贝利单抗±化疗，或联合贝伐珠单抗±阿得贝利单抗，或联合阿得贝利单抗+SHR-8068±贝伐珠单抗，或联合SHR-9839 (sc)±阿得贝利单抗±化疗，或联合SHR-1826或FH-006±阿得贝利单抗，或联合西妥昔单抗±化疗，或联合化疗±贝伐珠单抗用于KRAS G12D突变实体瘤的治疗。,https://www.cde.org.cn/main/xxgk/listpage/4b5255eb0a84820cef4ca3e8b6bbe20c,FIRST_OBSERVED_SNAPSHOT_DATE,,,2026-09-30T17:29:59+08:00,CXHL2600139,1,,COMPLETE,be61a6fc3e49fc9c61cb5bf4263fa980,600276.SH,EXACT_LISTED_ISSUER_LEGAL_NAME,WHOLE_FIELD_EXACT,江苏恒瑞医药股份有限公司,"{""affiliate_inference_used"": false, ""mapping_match_mode"": ""WHOLE_FIELD_EXACT"", ""matched_applicant_token"": ""江苏恒瑞医药股份有限公司"", ""official_applicant_field"": ""江苏恒瑞医药股份有限公司"", ""registry_evidence"": {""listed_issuer_legal_name"": ""江苏恒瑞医药股份有限公司"", ""security_code"": ""600276"", ""security_short_name"": ""恒瑞医药"", ""source_document_date"": ""2026-04-17"", ""source_kind"": ""SSE_OFFICIAL_ISSUER_DISCLOSURE"", ""source_url"": ""https://www.sse.com.cn/disclosure/listedinfo/announcement/c/new/2026-04-17/600276_20260417_XMOL.pdf""}, ""substring_matching_used"": false}"
临床试验默示许可,official:be891a58739de19ec8ff620451af8a15,江苏恒瑞医药股份有限公司;江苏恒瑞医药股份有限公司,脯氨酸恒格列净,本品用于射血分数降低的慢性心力衰竭（NYHAⅡ-Ⅳ级，LVEF≤40％）成人患者，降低心血管死亡、心力衰竭住院或紧急心衰就诊的风险。,https://www.cde.org.cn/main/xxgk/listpage/4b5255eb0a84820cef4ca3e8b6bbe20c,FIRST_OBSERVED_SNAPSHOT_DATE,,,2026-09-30T17:29:59+08:00,CXHL2000389,1,,COMPLETE,be891a58739de19ec8ff620451af8a15,600276.SH,EXACT_APPLICANT_TOKEN_IN_OFFICIAL_MULTI_APPLICANT_FIELD,DELIMITED_APPLICANT_TOKEN_EXACT,江苏恒瑞医药股份有限公司,"{""affiliate_inference_used"": false, ""mapping_match_mode"": ""DELIMITED_APPLICANT_TOKEN_EXACT"", ""matched_applicant_token"": ""江苏恒瑞医药股份有限公司"", ""official_applicant_field"": ""江苏恒瑞医药股份有限公司;江苏恒瑞医药股份有限公司"", ""registry_evidence"": {""listed_issuer_legal_name"": ""江苏恒瑞医药股份有限公司"", ""security_code"": ""600276"", ""security_short_name"": ""恒瑞医药"", ""source_document_date"": ""2026-04-17"", ""source_kind"": ""SSE_OFFICIAL_ISSUER_DISCLOSURE"", ""source_url"": ""https://www.sse.com.cn/disclosure/listedinfo/announcement/c/new/2026-04-17/600276_20260417_XMOL.pdf""}, ""substring_matching_used"": false}"
临床试验默示许可,official:be9b71b7152a992a329f0f0c03496b14,江苏恒瑞医药股份有限公司;上海恒瑞医药有限公司,HRS-4642注射液,1.KRAS G12D突变的晚期实体瘤；2.本品联合西妥昔单抗或SHR-9839或SHR-A1921或SHR-A1904或化疗±贝伐珠单抗或阿得贝利单抗±化疗或伊立替康脂质体+化疗用于KRAS G12D突变的晚期实体瘤患者；3.HRS-4642联合SHR-1826用于实体瘤患者,https://www.cde.org.cn/main/xxgk/listpage/4b5255eb0a84820cef4ca3e8b6bbe20c,FIRST_OBSERVED_SNAPSHOT_DATE,,,2026-09-30T17:29:59+08:00,CXHB2500200,1,,COMPLETE,be9b71b7152a992a329f0f0c03496b14,600276.SH,EXACT_APPLICANT_TOKEN_IN_OFFICIAL_MULTI_APPLICANT_FIELD,DELIMITED_APPLICANT_TOKEN_EXACT,江苏恒瑞医药股份有限公司,"{""affiliate_inference_used"": false, ""mapping_match_mode"": ""DELIMITED_APPLICANT_TOKEN_EXACT"", ""matched_applicant_token"": ""江苏恒瑞医药股份有限公司"", ""official_applicant_field"": ""江苏恒瑞医药股份有限公司;上海恒瑞医药有限公司"", ""registry_evidence"": {""listed_issuer_legal_name"": ""江苏恒瑞医药股份有限公司"", ""security_code"": ""600276"", ""security_short_name"": ""恒瑞医药"", ""source_document_date"": ""2026-04-17"", ""source_kind"": ""SSE_OFFICIAL_ISSUER_DISCLOSURE"", ""source_url"": ""https://www.sse.com.cn/disclosure/listedinfo/announcement/c/new/2026-04-17/600276_20260417_XMOL.pdf""}, ""substring_matching_used"": false}"
临床试验默示许可,official:c01d53d6b197cf743b4745f39c4ae24a,江苏恒瑞医药股份有限公司,HRS-3738片,"多发性骨髓瘤(Multiple myeloma, MM)和非霍奇金淋巴瘤(Non-hodgkin lymphoma, NHL)",https://www.cde.org.cn/main/xxgk/listpage/4b5255eb0a84820cef4ca3e8b6bbe20c,FIRST_OBSERVED_SNAPSHOT_DATE,,,2026-09-30T17:29:59+08:00,CXHL2101572,化学药品1类,,COMPLETE,c01d53d6b197cf743b4745f39c4ae24a,600276.SH,EXACT_LISTED_ISSUER_LEGAL_NAME,WHOLE_FIELD_EXACT,江苏恒瑞医药股份有限公司,"{""affiliate_inference_used"": false, ""mapping_match_mode"": ""WHOLE_FIELD_EXACT"", ""matched_applicant_token"": ""江苏恒瑞医药股份有限公司"", ""official_applicant_field"": ""江苏恒瑞医药股份有限公司"", ""registry_evidence"": {""listed_issuer_legal_name"": ""江苏恒瑞医药股份有限公司"", ""security_code"": ""600276"", ""security_short_name"": ""恒瑞医药"", ""source_document_date"": ""2026-04-17"", ""source_kind"": ""SSE_OFFICIAL_ISSUER_DISCLOSURE"", ""source_url"": ""https://www.sse.com.cn/disclosure/listedinfo/announcement/c/new/2026-04-17/600276_20260417_XMOL.pdf""}, ""substring_matching_used"": false}"
临床试验默示许可,official:c03156232f61b494a254568993c7dac6,江苏恒瑞医药股份有限公司,瑞维鲁胺片,本品适用于根治性手术/放疗后高危局限性或高危生化复发前列腺癌患者。,https://www.cde.org.cn/main/xxgk/listpage/4b5255eb0a84820cef4ca3e8b6bbe20c,FIRST_OBSERVED_SNAPSHOT_DATE,,,2026-09-30T17:29:59+08:00,CXHL2600871,2.4,,COMPLETE,c03156232f61b494a254568993c7dac6,600276.SH,EXACT_LISTED_ISSUER_LEGAL_NAME,WHOLE_FIELD_EXACT,江苏恒瑞医药股份有限公司,"{""affiliate_inference_used"": false, ""mapping_match_mode"": ""WHOLE_FIELD_EXACT"", ""matched_applicant_token"": ""江苏恒瑞医药股份有限公司"", ""official_applicant_field"": ""江苏恒瑞医药股份有限公司"", ""registry_evidence"": {""listed_issuer_legal_name"": ""江苏恒瑞医药股份有限公司"", ""security_code"": ""600276"", ""security_short_name"": ""恒瑞医药"", ""source_document_date"": ""2026-04-17"", ""source_kind"": ""SSE_OFFICIAL_ISSUER_DISCLOSURE"", ""source_url"": ""https://www.sse.com.cn/disclosure/listedinfo/announcement/c/new/2026-04-17/600276_20260417_XMOL.pdf""}, ""substring_matching_used"": false}"
临床试验默示许可,official:c069a28af58d9c85fbc8d74c123836ca,上海恒瑞医药有限公司;江苏恒瑞医药股份有限公司;苏州盛迪亚生物医药有限公司,注射用SHR-1806,晚期恶性肿瘤,https://www.cde.org.cn/main/xxgk/listpage/4b5255eb0a84820cef4ca3e8b6bbe20c,FIRST_OBSERVED_SNAPSHOT_DATE,,,2026-09-30T17:29:59+08:00,CXSL2000092,1,,COMPLETE,c069a28af58d9c85fbc8d74c123836ca,600276.SH,EXACT_APPLICANT_TOKEN_IN_OFFICIAL_MULTI_APPLICANT_FIELD,DELIMITED_APPLICANT_TOKEN_EXACT,江苏恒瑞医药股份有限公司,"{""affiliate_inference_used"": false, ""mapping_match_mode"": ""DELIMITED_APPLICANT_TOKEN_EXACT"", ""matched_applicant_token"": ""江苏恒瑞医药股份有限公司"", ""official_applicant_field"": ""上海恒瑞医药有限公司;江苏恒瑞医药股份有限公司;苏州盛迪亚生物医药有限公司"", ""registry_evidence"": {""listed_issuer_legal_name"": ""江苏恒瑞医药股份有限公司"", ""security_code"": ""600276"", ""security_short_name"": ""恒瑞医药"", ""source_document_date"": ""2026-04-17"", ""source_kind"": ""SSE_OFFICIAL_ISSUER_DISCLOSURE"", ""source_url"": ""https://www.sse.com.cn/disclosure/listedinfo/announcement/c/new/2026-04-17/600276_20260417_XMOL.pdf""}, ""substring_matching_used"": false}"
临床试验默示许可,official:c0ca8eba5915d9bd97ce75ca24a91c46,江苏恒瑞医药股份有限公司;江苏恒瑞医药股份有限公司,INS068注射液,用于1型和2型糖尿病的治疗,https://www.cde.org.cn/main/xxgk/listpage/4b5255eb0a84820cef4ca3e8b6bbe20c,FIRST_OBSERVED_SNAPSHOT_DATE,,,2026-09-30T17:29:59+08:00,CXSB2100014,治疗用生物制品,,COMPLETE,c0ca8eba5915d9bd97ce75ca24a91c46,600276.SH,EXACT_APPLICANT_TOKEN_IN_OFFICIAL_MULTI_APPLICANT_FIELD,DELIMITED_APPLICANT_TOKEN_EXACT,江苏恒瑞医药股份有限公司,"{""affiliate_inference_used"": false, ""mapping_match_mode"": ""DELIMITED_APPLICANT_TOKEN_EXACT"", ""matched_applicant_token"": ""江苏恒瑞医药股份有限公司"", ""official_applicant_field"": ""江苏恒瑞医药股份有限公司;江苏恒瑞医药股份有限公司"", ""registry_evidence"": {""listed_issuer_legal_name"": ""江苏恒瑞医药股份有限公司"", ""security_code"": ""600276"", ""security_short_name"": ""恒瑞医药"", ""source_document_date"": ""2026-04-17"", ""source_kind"": ""SSE_OFFICIAL_ISSUER_DISCLOSURE"", ""source_url"": ""https://www.sse.com.cn/disclosure/listedinfo/announcement/c/new/2026-04-17/600276_20260417_XMOL.pdf""}, ""substring_matching_used"": false}"
临床试验默示许可,official:c215d9b3420ae8fa548a1946a382f8f0,江苏恒瑞医药股份有限公司;江苏恒瑞医药股份有限公司,苹果酸法米替尼胶囊,广泛期小细胞肺癌,https://www.cde.org.cn/main/xxgk/listpage/4b5255eb0a84820cef4ca3e8b6bbe20c,FIRST_OBSERVED_SNAPSHOT_DATE,,,2026-09-30T17:29:59+08:00,CXHL2000545,化学药品第1类,,COMPLETE,c215d9b3420ae8fa548a1946a382f8f0,600276.SH,EXACT_APPLICANT_TOKEN_IN_OFFICIAL_MULTI_APPLICANT_FIELD,DELIMITED_APPLICANT_TOKEN_EXACT,江苏恒瑞医药股份有限公司,"{""affiliate_inference_used"": false, ""mapping_match_mode"": ""DELIMITED_APPLICANT_TOKEN_EXACT"", ""matched_applicant_token"": ""江苏恒瑞医药股份有限公司"", ""official_applicant_field"": ""江苏恒瑞医药股份有限公司;江苏恒瑞医药股份有限公司"", ""registry_evidence"": {""listed_issuer_legal_name"": ""江苏恒瑞医药股份有限公司"", ""security_code"": ""600276"", ""security_short_name"": ""恒瑞医药"", ""source_document_date"": ""2026-04-17"", ""source_kind"": ""SSE_OFFICIAL_ISSUER_DISCLOSURE"", ""source_url"": ""https://www.sse.com.cn/disclosure/listedinfo/announcement/c/new/2026-04-17/600276_20260417_XMOL.pdf""}, ""substring_matching_used"": false}"
临床试验默示许可,official:c2487af24ed2b7366e4f698f4db77f07,江苏恒瑞医药股份有限公司,HRS-4508片,实体瘤,https://www.cde.org.cn/main/xxgk/listpage/4b5255eb0a84820cef4ca3e8b6bbe20c,FIRST_OBSERVED_SNAPSHOT_DATE,,,2026-09-30T17:29:59+08:00,CXHB2600072,1,,COMPLETE,c2487af24ed2b7366e4f698f4db77f07,600276.SH,EXACT_LISTED_ISSUER_LEGAL_NAME,WHOLE_FIELD_EXACT,江苏恒瑞医药股份有限公司,"{""affiliate_inference_used"": false, ""mapping_match_mode"": ""WHOLE_FIELD_EXACT"", ""matched_applicant_token"": ""江苏恒瑞医药股份有限公司"", ""official_applicant_field"": ""江苏恒瑞医药股份有限公司"", ""registry_evidence"": {""listed_issuer_legal_name"": ""江苏恒瑞医药股份有限公司"", ""security_code"": ""600276"", ""security_short_name"": ""恒瑞医药"", ""source_document_date"": ""2026-04-17"", ""source_kind"": ""SSE_OFFICIAL_ISSUER_DISCLOSURE"", ""source_url"": ""https://www.sse.com.cn/disclosure/listedinfo/announcement/c/new/2026-04-17/600276_20260417_XMOL.pdf""}, ""substring_matching_used"": false}"
临床试验默示许可,official:c27b0bc62060f413ea2ba780c18af4d8,江苏恒瑞医药股份有限公司,SHR-3167注射液,糖尿病,https://www.cde.org.cn/main/xxgk/listpage/4b5255eb0a84820cef4ca3e8b6bbe20c,FIRST_OBSERVED_SNAPSHOT_DATE,,,2026-09-30T17:29:59+08:00,CXSL2300216,1,,COMPLETE,c27b0bc62060f413ea2ba780c18af4d8,600276.SH,EXACT_LISTED_ISSUER_LEGAL_NAME,WHOLE_FIELD_EXACT,江苏恒瑞医药股份有限公司,"{""affiliate_inference_used"": false, ""mapping_match_mode"": ""WHOLE_FIELD_EXACT"", ""matched_applicant_token"": ""江苏恒瑞医药股份有限公司"", ""official_applicant_field"": ""江苏恒瑞医药股份有限公司"", ""registry_evidence"": {""listed_issuer_legal_name"": ""江苏恒瑞医药股份有限公司"", ""security_code"": ""600276"", ""security_short_name"": ""恒瑞医药"", ""source_document_date"": ""2026-04-17"", ""source_kind"": ""SSE_OFFICIAL_ISSUER_DISCLOSURE"", ""source_url"": ""https://www.sse.com.cn/disclosure/listedinfo/announcement/c/new/2026-04-17/600276_20260417_XMOL.pdf""}, ""substring_matching_used"": false}"
临床试验默示许可,official:c27fc94f9bc331078e8e6a9464019aab,江苏恒瑞医药股份有限公司;江苏恒瑞医药股份有限公司,SHR6390片,本品联合内分泌治疗用于HR阳性，HER2阴性的早期或局部晚期乳腺癌的辅助治疗。,https://www.cde.org.cn/main/xxgk/listpage/4b5255eb0a84820cef4ca3e8b6bbe20c,FIRST_OBSERVED_SNAPSHOT_DATE,,,2026-09-30T17:29:59+08:00,CXHL2000434,1,,COMPLETE,c27fc94f9bc331078e8e6a9464019aab,600276.SH,EXACT_APPLICANT_TOKEN_IN_OFFICIAL_MULTI_APPLICANT_FIELD,DELIMITED_APPLICANT_TOKEN_EXACT,江苏恒瑞医药股份有限公司,"{""affiliate_inference_used"": false, ""mapping_match_mode"": ""DELIMITED_APPLICANT_TOKEN_EXACT"", ""matched_applicant_token"": ""江苏恒瑞医药股份有限公司"", ""official_applicant_field"": ""江苏恒瑞医药股份有限公司;江苏恒瑞医药股份有限公司"", ""registry_evidence"": {""listed_issuer_legal_name"": ""江苏恒瑞医药股份有限公司"", ""security_code"": ""600276"", ""security_short_name"": ""恒瑞医药"", ""source_document_date"": ""2026-04-17"", ""source_kind"": ""SSE_OFFICIAL_ISSUER_DISCLOSURE"", ""source_url"": ""https://www.sse.com.cn/disclosure/listedinfo/announcement/c/new/2026-04-17/600276_20260417_XMOL.pdf""}, ""substring_matching_used"": false}"
临床试验默示许可,official:c2c56c692cda50ce2caada489c9c969a,江苏恒瑞医药股份有限公司;江苏恒瑞医药股份有限公司;上海恒瑞医药有限公司,SHR6390片,本品拟联合苹果酸法米替尼胶囊治疗晚期实体瘤。,https://www.cde.org.cn/main/xxgk/listpage/4b5255eb0a84820cef4ca3e8b6bbe20c,FIRST_OBSERVED_SNAPSHOT_DATE,,,2026-09-30T17:29:59+08:00,CXHL2000088,1,,COMPLETE,c2c56c692cda50ce2caada489c9c969a,600276.SH,EXACT_APPLICANT_TOKEN_IN_OFFICIAL_MULTI_APPLICANT_FIELD,DELIMITED_APPLICANT_TOKEN_EXACT,江苏恒瑞医药股份有限公司,"{""affiliate_inference_used"": false, ""mapping_match_mode"": ""DELIMITED_APPLICANT_TOKEN_EXACT"", ""matched_applicant_token"": ""江苏恒瑞医药股份有限公司"", ""official_applicant_field"": ""江苏恒瑞医药股份有限公司;江苏恒瑞医药股份有限公司;上海恒瑞医药有限公司"", ""registry_evidence"": {""listed_issuer_legal_name"": ""江苏恒瑞医药股份有限公司"", ""security_code"": ""600276"", ""security_short_name"": ""恒瑞医药"", ""source_document_date"": ""2026-04-17"", ""source_kind"": ""SSE_OFFICIAL_ISSUER_DISCLOSURE"", ""source_url"": ""https://www.sse.com.cn/disclosure/listedinfo/announcement/c/new/2026-04-17/600276_20260417_XMOL.pdf""}, ""substring_matching_used"": false}"
临床试验默示许可,official:c336728a055d0a0c2e2e92561999d781,江苏恒瑞医药股份有限公司,注射用HRS-9190,用于全身麻醉诱导期气管插管及维待术中骨骼肌松弛。,https://www.cde.org.cn/main/xxgk/listpage/4b5255eb0a84820cef4ca3e8b6bbe20c,FIRST_OBSERVED_SNAPSHOT_DATE,,,2026-09-30T17:29:59+08:00,CXHB2600159,1,,COMPLETE,c336728a055d0a0c2e2e92561999d781,600276.SH,EXACT_LISTED_ISSUER_LEGAL_NAME,WHOLE_FIELD_EXACT,江苏恒瑞医药股份有限公司,"{""affiliate_inference_used"": false, ""mapping_match_mode"": ""WHOLE_FIELD_EXACT"", ""matched_applicant_token"": ""江苏恒瑞医药股份有限公司"", ""official_applicant_field"": ""江苏恒瑞医药股份有限公司"", ""registry_evidence"": {""listed_issuer_legal_name"": ""江苏恒瑞医药股份有限公司"", ""security_code"": ""600276"", ""security_short_name"": ""恒瑞医药"", ""source_document_date"": ""2026-04-17"", ""source_kind"": ""SSE_OFFICIAL_ISSUER_DISCLOSURE"", ""source_url"": ""https://www.sse.com.cn/disclosure/listedinfo/announcement/c/new/2026-04-17/600276_20260417_XMOL.pdf""}, ""substring_matching_used"": false}"
临床试验默示许可,official:c51b185a892641a52fa53ea1de12f696,江苏恒瑞医药股份有限公司,羟乙磺酸达尔西利片,本品联合HRS8807片用于乳腺癌的治疗。,https://www.cde.org.cn/main/xxgk/listpage/4b5255eb0a84820cef4ca3e8b6bbe20c,FIRST_OBSERVED_SNAPSHOT_DATE,,,2026-09-30T17:29:59+08:00,CXHL2400089,2.4,,COMPLETE,c51b185a892641a52fa53ea1de12f696,600276.SH,EXACT_LISTED_ISSUER_LEGAL_NAME,WHOLE_FIELD_EXACT,江苏恒瑞医药股份有限公司,"{""affiliate_inference_used"": false, ""mapping_match_mode"": ""WHOLE_FIELD_EXACT"", ""matched_applicant_token"": ""江苏恒瑞医药股份有限公司"", ""official_applicant_field"": ""江苏恒瑞医药股份有限公司"", ""registry_evidence"": {""listed_issuer_legal_name"": ""江苏恒瑞医药股份有限公司"", ""security_code"": ""600276"", ""security_short_name"": ""恒瑞医药"", ""source_document_date"": ""2026-04-17"", ""source_kind"": ""SSE_OFFICIAL_ISSUER_DISCLOSURE"", ""source_url"": ""https://www.sse.com.cn/disclosure/listedinfo/announcement/c/new/2026-04-17/600276_20260417_XMOL.pdf""}, ""substring_matching_used"": false}"
临床试验默示许可,official:c76aff2ac77afbd0533712e28525a02e,江苏恒瑞医药股份有限公司;江苏恒瑞医药股份有限公司;上海恒瑞医药有限公司;成都盛迪医药有限公司,SHR7280片,本品临床拟用于雌激素依赖性疾病，如子宫内膜异位症。,https://www.cde.org.cn/main/xxgk/listpage/4b5255eb0a84820cef4ca3e8b6bbe20c,FIRST_OBSERVED_SNAPSHOT_DATE,,,2026-09-30T17:29:59+08:00,CYHB2001100,1,,COMPLETE,c76aff2ac77afbd0533712e28525a02e,600276.SH,EXACT_APPLICANT_TOKEN_IN_OFFICIAL_MULTI_APPLICANT_FIELD,DELIMITED_APPLICANT_TOKEN_EXACT,江苏恒瑞医药股份有限公司,"{""affiliate_inference_used"": false, ""mapping_match_mode"": ""DELIMITED_APPLICANT_TOKEN_EXACT"", ""matched_applicant_token"": ""江苏恒瑞医药股份有限公司"", ""official_applicant_field"": ""江苏恒瑞医药股份有限公司;江苏恒瑞医药股份有限公司;上海恒瑞医药有限公司;成都盛迪医药有限公司"", ""registry_evidence"": {""listed_issuer_legal_name"": ""江苏恒瑞医药股份有限公司"", ""security_code"": ""600276"", ""security_short_name"": ""恒瑞医药"", ""source_document_date"": ""2026-04-17"", ""source_kind"": ""SSE_OFFICIAL_ISSUER_DISCLOSURE"", ""source_url"": ""https://www.sse.com.cn/disclosure/listedinfo/announcement/c/new/2026-04-17/600276_20260417_XMOL.pdf""}, ""substring_matching_used"": false}"
临床试验默示许可,official:c789baf49bc72053445012919fc85dcb,江苏恒瑞医药股份有限公司;江苏恒瑞医药股份有限公司;上海恒瑞医药有限公司,SHR6390片,本品拟联合氟维司群用于HR阳性，HER2阴性的经内分泌治疗后进展的复发或转移性乳腺癌的治疗。,https://www.cde.org.cn/main/xxgk/listpage/4b5255eb0a84820cef4ca3e8b6bbe20c,FIRST_OBSERVED_SNAPSHOT_DATE,,,2026-09-30T17:29:59+08:00,CXHL1900244,1,,COMPLETE,c789baf49bc72053445012919fc85dcb,600276.SH,EXACT_APPLICANT_TOKEN_IN_OFFICIAL_MULTI_APPLICANT_FIELD,DELIMITED_APPLICANT_TOKEN_EXACT,江苏恒瑞医药股份有限公司,"{""affiliate_inference_used"": false, ""mapping_match_mode"": ""DELIMITED_APPLICANT_TOKEN_EXACT"", ""matched_applicant_token"": ""江苏恒瑞医药股份有限公司"", ""official_applicant_field"": ""江苏恒瑞医药股份有限公司;江苏恒瑞医药股份有限公司;上海恒瑞医药有限公司"", ""registry_evidence"": {""listed_issuer_legal_name"": ""江苏恒瑞医药股份有限公司"", ""security_code"": ""600276"", ""security_short_name"": ""恒瑞医药"", ""source_document_date"": ""2026-04-17"", ""source_kind"": ""SSE_OFFICIAL_ISSUER_DISCLOSURE"", ""source_url"": ""https://www.sse.com.cn/disclosure/listedinfo/announcement/c/new/2026-04-17/600276_20260417_XMOL.pdf""}, ""substring_matching_used"": false}"
临床试验默示许可,official:c7a008d147494a140d3009f2581b8113,福建盛迪医药有限公司;江苏恒瑞医药股份有限公司,ω-3 鱼油中长链脂肪乳/氨基酸（16）/葡萄糖（30%）注射液,本品适用于口服或肠内营养无法进行、不足或存在禁忌的中重度分解代谢的成人患者，以肠外营养形式提供能量、必需脂肪酸（包含ω-3和ω-6脂肪酸）、氨基酸、电解质和液体。,https://www.cde.org.cn/main/xxgk/listpage/4b5255eb0a84820cef4ca3e8b6bbe20c,FIRST_OBSERVED_SNAPSHOT_DATE,,,2026-09-30T17:29:59+08:00,CYHL2200086,3,,COMPLETE,c7a008d147494a140d3009f2581b8113,600276.SH,EXACT_APPLICANT_TOKEN_IN_OFFICIAL_MULTI_APPLICANT_FIELD,DELIMITED_APPLICANT_TOKEN_EXACT,江苏恒瑞医药股份有限公司,"{""affiliate_inference_used"": false, ""mapping_match_mode"": ""DELIMITED_APPLICANT_TOKEN_EXACT"", ""matched_applicant_token"": ""江苏恒瑞医药股份有限公司"", ""official_applicant_field"": ""福建盛迪医药有限公司;江苏恒瑞医药股份有限公司"", ""registry_evidence"": {""listed_issuer_legal_name"": ""江苏恒瑞医药股份有限公司"", ""security_code"": ""600276"", ""security_short_name"": ""恒瑞医药"", ""source_document_date"": ""2026-04-17"", ""source_kind"": ""SSE_OFFICIAL_ISSUER_DISCLOSURE"", ""source_url"": ""https://www.sse.com.cn/disclosure/listedinfo/announcement/c/new/2026-04-17/600276_20260417_XMOL.pdf""}, ""substring_matching_used"": false}"
临床试验默示许可,official:c7b082b0294baabd65138c71c78bd35e,江苏恒瑞医药股份有限公司;江苏恒瑞医药股份有限公司,氟唑帕利胶囊,本品联合mFOLFIRINOX化疗用于胰腺癌新辅助和辅助化疗。,https://www.cde.org.cn/main/xxgk/listpage/4b5255eb0a84820cef4ca3e8b6bbe20c,FIRST_OBSERVED_SNAPSHOT_DATE,,,2026-09-30T17:29:59+08:00,CXHL2000352,1,,COMPLETE,c7b082b0294baabd65138c71c78bd35e,600276.SH,EXACT_APPLICANT_TOKEN_IN_OFFICIAL_MULTI_APPLICANT_FIELD,DELIMITED_APPLICANT_TOKEN_EXACT,江苏恒瑞医药股份有限公司,"{""affiliate_inference_used"": false, ""mapping_match_mode"": ""DELIMITED_APPLICANT_TOKEN_EXACT"", ""matched_applicant_token"": ""江苏恒瑞医药股份有限公司"", ""official_applicant_field"": ""江苏恒瑞医药股份有限公司;江苏恒瑞医药股份有限公司"", ""registry_evidence"": {""listed_issuer_legal_name"": ""江苏恒瑞医药股份有限公司"", ""security_code"": ""600276"", ""security_short_name"": ""恒瑞医药"", ""source_document_date"": ""2026-04-17"", ""source_kind"": ""SSE_OFFICIAL_ISSUER_DISCLOSURE"", ""source_url"": ""https://www.sse.com.cn/disclosure/listedinfo/announcement/c/new/2026-04-17/600276_20260417_XMOL.pdf""}, ""substring_matching_used"": false}"
临床试验默示许可,official:c7cb6e54f557db10eea7eb7984bce11e,江苏恒瑞医药股份有限公司;江苏恒瑞医药股份有限公司;上海恒瑞医药有限公司,苹果酸法米替尼胶囊,本品联合注射用卡瑞利珠单抗、SHR2554片治疗晚期恶性肿瘤。,https://www.cde.org.cn/main/xxgk/listpage/4b5255eb0a84820cef4ca3e8b6bbe20c,FIRST_OBSERVED_SNAPSHOT_DATE,,,2026-09-30T17:29:59+08:00,CXHL2000089,1,,COMPLETE,c7cb6e54f557db10eea7eb7984bce11e,600276.SH,EXACT_APPLICANT_TOKEN_IN_OFFICIAL_MULTI_APPLICANT_FIELD,DELIMITED_APPLICANT_TOKEN_EXACT,江苏恒瑞医药股份有限公司,"{""affiliate_inference_used"": false, ""mapping_match_mode"": ""DELIMITED_APPLICANT_TOKEN_EXACT"", ""matched_applicant_token"": ""江苏恒瑞医药股份有限公司"", ""official_applicant_field"": ""江苏恒瑞医药股份有限公司;江苏恒瑞医药股份有限公司;上海恒瑞医药有限公司"", ""registry_evidence"": {""listed_issuer_legal_name"": ""江苏恒瑞医药股份有限公司"", ""security_code"": ""600276"", ""security_short_name"": ""恒瑞医药"", ""source_document_date"": ""2026-04-17"", ""source_kind"": ""SSE_OFFICIAL_ISSUER_DISCLOSURE"", ""source_url"": ""https://www.sse.com.cn/disclosure/listedinfo/announcement/c/new/2026-04-17/600276_20260417_XMOL.pdf""}, ""substring_matching_used"": false}"
临床试验默示许可,official:c7ff143d3c5207b3095956127ce53406,江苏恒瑞医药股份有限公司,SHR2554片,拟用于联合CHOP/CHOEP或CD20为基础的治疗用于成熟淋巴细胞肿瘤,https://www.cde.org.cn/main/xxgk/listpage/4b5255eb0a84820cef4ca3e8b6bbe20c,FIRST_OBSERVED_SNAPSHOT_DATE,,,2026-09-30T17:29:59+08:00,CXHL2301008,化学药品:1类,,COMPLETE,c7ff143d3c5207b3095956127ce53406,600276.SH,EXACT_LISTED_ISSUER_LEGAL_NAME,WHOLE_FIELD_EXACT,江苏恒瑞医药股份有限公司,"{""affiliate_inference_used"": false, ""mapping_match_mode"": ""WHOLE_FIELD_EXACT"", ""matched_applicant_token"": ""江苏恒瑞医药股份有限公司"", ""official_applicant_field"": ""江苏恒瑞医药股份有限公司"", ""registry_evidence"": {""listed_issuer_legal_name"": ""江苏恒瑞医药股份有限公司"", ""security_code"": ""600276"", ""security_short_name"": ""恒瑞医药"", ""source_document_date"": ""2026-04-17"", ""source_kind"": ""SSE_OFFICIAL_ISSUER_DISCLOSURE"", ""source_url"": ""https://www.sse.com.cn/disclosure/listedinfo/announcement/c/new/2026-04-17/600276_20260417_XMOL.pdf""}, ""substring_matching_used"": false}"
临床试验默示许可,official:c833cc98f6ec5ce3ac5ed0a62d46f840,江苏恒瑞医药股份有限公司;江苏恒瑞医药股份有限公司;上海恒瑞医药有限公司,甲磺酸阿帕替尼片,甲磺酸阿帕替尼片联合氟唑帕利胶囊用于晚期上皮性卵巢癌、输卵管癌或原发性腹膜癌在含铂化疗达到完全缓解或部分缓解后的维持治疗。,https://www.cde.org.cn/main/xxgk/listpage/4b5255eb0a84820cef4ca3e8b6bbe20c,FIRST_OBSERVED_SNAPSHOT_DATE,,,2026-09-30T17:29:59+08:00,CXHL1900378,2.4,,COMPLETE,c833cc98f6ec5ce3ac5ed0a62d46f840,600276.SH,EXACT_APPLICANT_TOKEN_IN_OFFICIAL_MULTI_APPLICANT_FIELD,DELIMITED_APPLICANT_TOKEN_EXACT,江苏恒瑞医药股份有限公司,"{""affiliate_inference_used"": false, ""mapping_match_mode"": ""DELIMITED_APPLICANT_TOKEN_EXACT"", ""matched_applicant_token"": ""江苏恒瑞医药股份有限公司"", ""official_applicant_field"": ""江苏恒瑞医药股份有限公司;江苏恒瑞医药股份有限公司;上海恒瑞医药有限公司"", ""registry_evidence"": {""listed_issuer_legal_name"": ""江苏恒瑞医药股份有限公司"", ""security_code"": ""600276"", ""security_short_name"": ""恒瑞医药"", ""source_document_date"": ""2026-04-17"", ""source_kind"": ""SSE_OFFICIAL_ISSUER_DISCLOSURE"", ""source_url"": ""https://www.sse.com.cn/disclosure/listedinfo/announcement/c/new/2026-04-17/600276_20260417_XMOL.pdf""}, ""substring_matching_used"": false}"
临床试验默示许可,official:c8372ac87b91b74dbb6de79d0a894e30,江苏恒瑞医药股份有限公司;江苏恒瑞医药股份有限公司,SHR6390片,HR阳性、HER2阴性乳腺癌,https://www.cde.org.cn/main/xxgk/listpage/4b5255eb0a84820cef4ca3e8b6bbe20c,FIRST_OBSERVED_SNAPSHOT_DATE,,,2026-09-30T17:29:59+08:00,CXHB2101024,1,,COMPLETE,c8372ac87b91b74dbb6de79d0a894e30,600276.SH,EXACT_APPLICANT_TOKEN_IN_OFFICIAL_MULTI_APPLICANT_FIELD,DELIMITED_APPLICANT_TOKEN_EXACT,江苏恒瑞医药股份有限公司,"{""affiliate_inference_used"": false, ""mapping_match_mode"": ""DELIMITED_APPLICANT_TOKEN_EXACT"", ""matched_applicant_token"": ""江苏恒瑞医药股份有限公司"", ""official_applicant_field"": ""江苏恒瑞医药股份有限公司;江苏恒瑞医药股份有限公司"", ""registry_evidence"": {""listed_issuer_legal_name"": ""江苏恒瑞医药股份有限公司"", ""security_code"": ""600276"", ""security_short_name"": ""恒瑞医药"", ""source_document_date"": ""2026-04-17"", ""source_kind"": ""SSE_OFFICIAL_ISSUER_DISCLOSURE"", ""source_url"": ""https://www.sse.com.cn/disclosure/listedinfo/announcement/c/new/2026-04-17/600276_20260417_XMOL.pdf""}, ""substring_matching_used"": false}"
临床试验默示许可,official:c8377b0834174e6c1e990983cecacaba,江苏恒瑞医药股份有限公司,羟乙磺酸达尔西利片,本品联合HRS-8080片用于乳腺癌的治疗,https://www.cde.org.cn/main/xxgk/listpage/4b5255eb0a84820cef4ca3e8b6bbe20c,FIRST_OBSERVED_SNAPSHOT_DATE,,,2026-09-30T17:29:59+08:00,CXHL2300937,2.4,,COMPLETE,c8377b0834174e6c1e990983cecacaba,600276.SH,EXACT_LISTED_ISSUER_LEGAL_NAME,WHOLE_FIELD_EXACT,江苏恒瑞医药股份有限公司,"{""affiliate_inference_used"": false, ""mapping_match_mode"": ""WHOLE_FIELD_EXACT"", ""matched_applicant_token"": ""江苏恒瑞医药股份有限公司"", ""official_applicant_field"": ""江苏恒瑞医药股份有限公司"", ""registry_evidence"": {""listed_issuer_legal_name"": ""江苏恒瑞医药股份有限公司"", ""security_code"": ""600276"", ""security_short_name"": ""恒瑞医药"", ""source_document_date"": ""2026-04-17"", ""source_kind"": ""SSE_OFFICIAL_ISSUER_DISCLOSURE"", ""source_url"": ""https://www.sse.com.cn/disclosure/listedinfo/announcement/c/new/2026-04-17/600276_20260417_XMOL.pdf""}, ""substring_matching_used"": false}"
临床试验默示许可,official:c8f21809e8e0956b240e3420db8e412b,江苏恒瑞医药股份有限公司,SHR-3167注射液,糖尿病,https://www.cde.org.cn/main/xxgk/listpage/4b5255eb0a84820cef4ca3e8b6bbe20c,FIRST_OBSERVED_SNAPSHOT_DATE,,,2026-09-30T17:29:59+08:00,CXSB2500252,1,,COMPLETE,c8f21809e8e0956b240e3420db8e412b,600276.SH,EXACT_LISTED_ISSUER_LEGAL_NAME,WHOLE_FIELD_EXACT,江苏恒瑞医药股份有限公司,"{""affiliate_inference_used"": false, ""mapping_match_mode"": ""WHOLE_FIELD_EXACT"", ""matched_applicant_token"": ""江苏恒瑞医药股份有限公司"", ""official_applicant_field"": ""江苏恒瑞医药股份有限公司"", ""registry_evidence"": {""listed_issuer_legal_name"": ""江苏恒瑞医药股份有限公司"", ""security_code"": ""600276"", ""security_short_name"": ""恒瑞医药"", ""source_document_date"": ""2026-04-17"", ""source_kind"": ""SSE_OFFICIAL_ISSUER_DISCLOSURE"", ""source_url"": ""https://www.sse.com.cn/disclosure/listedinfo/announcement/c/new/2026-04-17/600276_20260417_XMOL.pdf""}, ""substring_matching_used"": false}"
临床试验默示许可,official:c90200120b704d86a19c868d3be3bc51,江苏恒瑞医药股份有限公司,HRS-1167片,本品联合HRS-5041片用于治疗晚期前列腺癌患者。,https://www.cde.org.cn/main/xxgk/listpage/4b5255eb0a84820cef4ca3e8b6bbe20c,FIRST_OBSERVED_SNAPSHOT_DATE,,,2026-09-30T17:29:59+08:00,CXHL2400542,1,,COMPLETE,c90200120b704d86a19c868d3be3bc51,600276.SH,EXACT_LISTED_ISSUER_LEGAL_NAME,WHOLE_FIELD_EXACT,江苏恒瑞医药股份有限公司,"{""affiliate_inference_used"": false, ""mapping_match_mode"": ""WHOLE_FIELD_EXACT"", ""matched_applicant_token"": ""江苏恒瑞医药股份有限公司"", ""official_applicant_field"": ""江苏恒瑞医药股份有限公司"", ""registry_evidence"": {""listed_issuer_legal_name"": ""江苏恒瑞医药股份有限公司"", ""security_code"": ""600276"", ""security_short_name"": ""恒瑞医药"", ""source_document_date"": ""2026-04-17"", ""source_kind"": ""SSE_OFFICIAL_ISSUER_DISCLOSURE"", ""source_url"": ""https://www.sse.com.cn/disclosure/listedinfo/announcement/c/new/2026-04-17/600276_20260417_XMOL.pdf""}, ""substring_matching_used"": false}"
临床试验默示许可,official:c9277fd62ae6a074a62a1cd35a91968b,江苏恒瑞医药股份有限公司,SHR0302口服溶液,拟用于移植物抗宿主病的治疗。,https://www.cde.org.cn/main/xxgk/listpage/4b5255eb0a84820cef4ca3e8b6bbe20c,FIRST_OBSERVED_SNAPSHOT_DATE,,,2026-09-30T17:29:59+08:00,CXHB2300279,1,,COMPLETE,c9277fd62ae6a074a62a1cd35a91968b,600276.SH,EXACT_LISTED_ISSUER_LEGAL_NAME,WHOLE_FIELD_EXACT,江苏恒瑞医药股份有限公司,"{""affiliate_inference_used"": false, ""mapping_match_mode"": ""WHOLE_FIELD_EXACT"", ""matched_applicant_token"": ""江苏恒瑞医药股份有限公司"", ""official_applicant_field"": ""江苏恒瑞医药股份有限公司"", ""registry_evidence"": {""listed_issuer_legal_name"": ""江苏恒瑞医药股份有限公司"", ""security_code"": ""600276"", ""security_short_name"": ""恒瑞医药"", ""source_document_date"": ""2026-04-17"", ""source_kind"": ""SSE_OFFICIAL_ISSUER_DISCLOSURE"", ""source_url"": ""https://www.sse.com.cn/disclosure/listedinfo/announcement/c/new/2026-04-17/600276_20260417_XMOL.pdf""}, ""substring_matching_used"": false}"
临床试验默示许可,official:c99ba4cee75d70cdaaba39c241059520,江苏恒瑞医药股份有限公司;江苏恒瑞医药股份有限公司,脯氨酸恒格列净,本品在饮食和运动基础上，与盐酸二甲双胍和磷酸瑞格列汀联合用于治疗2型糖尿病。,https://www.cde.org.cn/main/xxgk/listpage/4b5255eb0a84820cef4ca3e8b6bbe20c,FIRST_OBSERVED_SNAPSHOT_DATE,,,2026-09-30T17:29:59+08:00,CXHL2000392,1,,COMPLETE,c99ba4cee75d70cdaaba39c241059520,600276.SH,EXACT_APPLICANT_TOKEN_IN_OFFICIAL_MULTI_APPLICANT_FIELD,DELIMITED_APPLICANT_TOKEN_EXACT,江苏恒瑞医药股份有限公司,"{""affiliate_inference_used"": false, ""mapping_match_mode"": ""DELIMITED_APPLICANT_TOKEN_EXACT"", ""matched_applicant_token"": ""江苏恒瑞医药股份有限公司"", ""official_applicant_field"": ""江苏恒瑞医药股份有限公司;江苏恒瑞医药股份有限公司"", ""registry_evidence"": {""listed_issuer_legal_name"": ""江苏恒瑞医药股份有限公司"", ""security_code"": ""600276"", ""security_short_name"": ""恒瑞医药"", ""source_document_date"": ""2026-04-17"", ""source_kind"": ""SSE_OFFICIAL_ISSUER_DISCLOSURE"", ""source_url"": ""https://www.sse.com.cn/disclosure/listedinfo/announcement/c/new/2026-04-17/600276_20260417_XMOL.pdf""}, ""substring_matching_used"": false}"
临床试验默示许可,official:ca4f5819e3ed880317d36862309a7a94,江苏恒瑞医药股份有限公司,SHR-3167注射液,糖尿病,https://www.cde.org.cn/main/xxgk/listpage/4b5255eb0a84820cef4ca3e8b6bbe20c,FIRST_OBSERVED_SNAPSHOT_DATE,,,2026-09-30T17:29:59+08:00,CXSB2500249,1,,COMPLETE,ca4f5819e3ed880317d36862309a7a94,600276.SH,EXACT_LISTED_ISSUER_LEGAL_NAME,WHOLE_FIELD_EXACT,江苏恒瑞医药股份有限公司,"{""affiliate_inference_used"": false, ""mapping_match_mode"": ""WHOLE_FIELD_EXACT"", ""matched_applicant_token"": ""江苏恒瑞医药股份有限公司"", ""official_applicant_field"": ""江苏恒瑞医药股份有限公司"", ""registry_evidence"": {""listed_issuer_legal_name"": ""江苏恒瑞医药股份有限公司"", ""security_code"": ""600276"", ""security_short_name"": ""恒瑞医药"", ""source_document_date"": ""2026-04-17"", ""source_kind"": ""SSE_OFFICIAL_ISSUER_DISCLOSURE"", ""source_url"": ""https://www.sse.com.cn/disclosure/listedinfo/announcement/c/new/2026-04-17/600276_20260417_XMOL.pdf""}, ""substring_matching_used"": false}"
临床试验默示许可,official:cb3c4f403de0bf8e8cdefa282b5e40c3,江苏恒瑞医药股份有限公司;江苏恒瑞医药股份有限公司;上海恒瑞医药有限公司,马来酸吡咯替尼片,本品联合曲妥珠单抗及多西他赛，拟用于治疗表皮生长因子受体2（HER2）阳性早期或局部晚期乳腺癌患者的新辅助治疗。,https://www.cde.org.cn/main/xxgk/listpage/4b5255eb0a84820cef4ca3e8b6bbe20c,FIRST_OBSERVED_SNAPSHOT_DATE,,,2026-09-30T17:29:59+08:00,CXHL1900297,2.4,,COMPLETE,cb3c4f403de0bf8e8cdefa282b5e40c3,600276.SH,EXACT_APPLICANT_TOKEN_IN_OFFICIAL_MULTI_APPLICANT_FIELD,DELIMITED_APPLICANT_TOKEN_EXACT,江苏恒瑞医药股份有限公司,"{""affiliate_inference_used"": false, ""mapping_match_mode"": ""DELIMITED_APPLICANT_TOKEN_EXACT"", ""matched_applicant_token"": ""江苏恒瑞医药股份有限公司"", ""official_applicant_field"": ""江苏恒瑞医药股份有限公司;江苏恒瑞医药股份有限公司;上海恒瑞医药有限公司"", ""registry_evidence"": {""listed_issuer_legal_name"": ""江苏恒瑞医药股份有限公司"", ""security_code"": ""600276"", ""security_short_name"": ""恒瑞医药"", ""source_document_date"": ""2026-04-17"", ""source_kind"": ""SSE_OFFICIAL_ISSUER_DISCLOSURE"", ""source_url"": ""https://www.sse.com.cn/disclosure/listedinfo/announcement/c/new/2026-04-17/600276_20260417_XMOL.pdf""}, ""substring_matching_used"": false}"
临床试验默示许可,official:cc3745cb404283a78dc55dcc635d3355,江苏恒瑞医药股份有限公司;江苏恒瑞医药股份有限公司,SHR2285片,预防或治疗动静脉血栓，以及降低介入治疗或体外循环引起的血栓栓塞风险,https://www.cde.org.cn/main/xxgk/listpage/4b5255eb0a84820cef4ca3e8b6bbe20c,FIRST_OBSERVED_SNAPSHOT_DATE,,,2026-09-30T17:29:59+08:00,CXHB1900013,,,COMPLETE,cc3745cb404283a78dc55dcc635d3355,600276.SH,EXACT_APPLICANT_TOKEN_IN_OFFICIAL_MULTI_APPLICANT_FIELD,DELIMITED_APPLICANT_TOKEN_EXACT,江苏恒瑞医药股份有限公司,"{""affiliate_inference_used"": false, ""mapping_match_mode"": ""DELIMITED_APPLICANT_TOKEN_EXACT"", ""matched_applicant_token"": ""江苏恒瑞医药股份有限公司"", ""official_applicant_field"": ""江苏恒瑞医药股份有限公司;江苏恒瑞医药股份有限公司"", ""registry_evidence"": {""listed_issuer_legal_name"": ""江苏恒瑞医药股份有限公司"", ""security_code"": ""600276"", ""security_short_name"": ""恒瑞医药"", ""source_document_date"": ""2026-04-17"", ""source_kind"": ""SSE_OFFICIAL_ISSUER_DISCLOSURE"", ""source_url"": ""https://www.sse.com.cn/disclosure/listedinfo/announcement/c/new/2026-04-17/600276_20260417_XMOL.pdf""}, ""substring_matching_used"": false}"
临床试验默示许可,official:cc4e3afae7c76ba4cc032ba70fd39ca9,江苏恒瑞医药股份有限公司;江苏恒瑞医药股份有限公司,马来酸吡咯替尼片,本品单药拟用于HER2突变的、既往接受过标准化疗的晚期非小细胞肺腺癌患者的治疗。,https://www.cde.org.cn/main/xxgk/listpage/4b5255eb0a84820cef4ca3e8b6bbe20c,FIRST_OBSERVED_SNAPSHOT_DATE,,,2026-09-30T17:29:59+08:00,CXHB2000074,2.4,,COMPLETE,cc4e3afae7c76ba4cc032ba70fd39ca9,600276.SH,EXACT_APPLICANT_TOKEN_IN_OFFICIAL_MULTI_APPLICANT_FIELD,DELIMITED_APPLICANT_TOKEN_EXACT,江苏恒瑞医药股份有限公司,"{""affiliate_inference_used"": false, ""mapping_match_mode"": ""DELIMITED_APPLICANT_TOKEN_EXACT"", ""matched_applicant_token"": ""江苏恒瑞医药股份有限公司"", ""official_applicant_field"": ""江苏恒瑞医药股份有限公司;江苏恒瑞医药股份有限公司"", ""registry_evidence"": {""listed_issuer_legal_name"": ""江苏恒瑞医药股份有限公司"", ""security_code"": ""600276"", ""security_short_name"": ""恒瑞医药"", ""source_document_date"": ""2026-04-17"", ""source_kind"": ""SSE_OFFICIAL_ISSUER_DISCLOSURE"", ""source_url"": ""https://www.sse.com.cn/disclosure/listedinfo/announcement/c/new/2026-04-17/600276_20260417_XMOL.pdf""}, ""substring_matching_used"": false}"
临床试验默示许可,official:cc85e735aad10265000ba321a4223d6b,江苏恒瑞医药股份有限公司,甲磺酸阿帕替尼片,本品联合SHR-1701及标准化疗用于局部晚期不可切除或转移性胃癌或胃食管结合部癌患者。,https://www.cde.org.cn/main/xxgk/listpage/4b5255eb0a84820cef4ca3e8b6bbe20c,FIRST_OBSERVED_SNAPSHOT_DATE,,,2026-09-30T17:29:59+08:00,CXHL2101423,2.4,,COMPLETE,cc85e735aad10265000ba321a4223d6b,600276.SH,EXACT_LISTED_ISSUER_LEGAL_NAME,WHOLE_FIELD_EXACT,江苏恒瑞医药股份有限公司,"{""affiliate_inference_used"": false, ""mapping_match_mode"": ""WHOLE_FIELD_EXACT"", ""matched_applicant_token"": ""江苏恒瑞医药股份有限公司"", ""official_applicant_field"": ""江苏恒瑞医药股份有限公司"", ""registry_evidence"": {""listed_issuer_legal_name"": ""江苏恒瑞医药股份有限公司"", ""security_code"": ""600276"", ""security_short_name"": ""恒瑞医药"", ""source_document_date"": ""2026-04-17"", ""source_kind"": ""SSE_OFFICIAL_ISSUER_DISCLOSURE"", ""source_url"": ""https://www.sse.com.cn/disclosure/listedinfo/announcement/c/new/2026-04-17/600276_20260417_XMOL.pdf""}, ""substring_matching_used"": false}"
临床试验默示许可,official:cd0d5bf7c55885a64a76b529d4a4cadf,江苏恒瑞医药股份有限公司;江苏恒瑞医药股份有限公司;上海恒瑞医药有限公司,苹果酸法米替尼胶囊,本品单药用于治疗经过伊马替尼治疗失败的晚期胃肠道间质瘤。,https://www.cde.org.cn/main/xxgk/listpage/4b5255eb0a84820cef4ca3e8b6bbe20c,FIRST_OBSERVED_SNAPSHOT_DATE,,,2026-09-30T17:29:59+08:00,CXHL2000271,1,,COMPLETE,cd0d5bf7c55885a64a76b529d4a4cadf,600276.SH,EXACT_APPLICANT_TOKEN_IN_OFFICIAL_MULTI_APPLICANT_FIELD,DELIMITED_APPLICANT_TOKEN_EXACT,江苏恒瑞医药股份有限公司,"{""affiliate_inference_used"": false, ""mapping_match_mode"": ""DELIMITED_APPLICANT_TOKEN_EXACT"", ""matched_applicant_token"": ""江苏恒瑞医药股份有限公司"", ""official_applicant_field"": ""江苏恒瑞医药股份有限公司;江苏恒瑞医药股份有限公司;上海恒瑞医药有限公司"", ""registry_evidence"": {""listed_issuer_legal_name"": ""江苏恒瑞医药股份有限公司"", ""security_code"": ""600276"", ""security_short_name"": ""恒瑞医药"", ""source_document_date"": ""2026-04-17"", ""source_kind"": ""SSE_OFFICIAL_ISSUER_DISCLOSURE"", ""source_url"": ""https://www.sse.com.cn/disclosure/listedinfo/announcement/c/new/2026-04-17/600276_20260417_XMOL.pdf""}, ""substring_matching_used"": false}"
临床试验默示许可,official:cd631c75fc0290394b42d1d12e03d347,江苏恒瑞医药股份有限公司,SHR-3167注射液,糖尿病,https://www.cde.org.cn/main/xxgk/listpage/4b5255eb0a84820cef4ca3e8b6bbe20c,FIRST_OBSERVED_SNAPSHOT_DATE,,,2026-09-30T17:29:59+08:00,CXSB2500251,1,,COMPLETE,cd631c75fc0290394b42d1d12e03d347,600276.SH,EXACT_LISTED_ISSUER_LEGAL_NAME,WHOLE_FIELD_EXACT,江苏恒瑞医药股份有限公司,"{""affiliate_inference_used"": false, ""mapping_match_mode"": ""WHOLE_FIELD_EXACT"", ""matched_applicant_token"": ""江苏恒瑞医药股份有限公司"", ""official_applicant_field"": ""江苏恒瑞医药股份有限公司"", ""registry_evidence"": {""listed_issuer_legal_name"": ""江苏恒瑞医药股份有限公司"", ""security_code"": ""600276"", ""security_short_name"": ""恒瑞医药"", ""source_document_date"": ""2026-04-17"", ""source_kind"": ""SSE_OFFICIAL_ISSUER_DISCLOSURE"", ""source_url"": ""https://www.sse.com.cn/disclosure/listedinfo/announcement/c/new/2026-04-17/600276_20260417_XMOL.pdf""}, ""substring_matching_used"": false}"
临床试验默示许可,official:ce0a31cdd54fd864364c6a2ac9cdcfc7,江苏恒瑞医药股份有限公司;上海迈晋生物医药科技有限公司,注射用SHR-9803,本品联合阿得贝利单抗±贝伐珠单抗±化疗治疗实体瘤,https://www.cde.org.cn/main/xxgk/listpage/4b5255eb0a84820cef4ca3e8b6bbe20c,FIRST_OBSERVED_SNAPSHOT_DATE,,,2026-09-30T17:29:59+08:00,CXSL2501078,1,,COMPLETE,ce0a31cdd54fd864364c6a2ac9cdcfc7,600276.SH,EXACT_APPLICANT_TOKEN_IN_OFFICIAL_MULTI_APPLICANT_FIELD,DELIMITED_APPLICANT_TOKEN_EXACT,江苏恒瑞医药股份有限公司,"{""affiliate_inference_used"": false, ""mapping_match_mode"": ""DELIMITED_APPLICANT_TOKEN_EXACT"", ""matched_applicant_token"": ""江苏恒瑞医药股份有限公司"", ""official_applicant_field"": ""江苏恒瑞医药股份有限公司;上海迈晋生物医药科技有限公司"", ""registry_evidence"": {""listed_issuer_legal_name"": ""江苏恒瑞医药股份有限公司"", ""security_code"": ""600276"", ""security_short_name"": ""恒瑞医药"", ""source_document_date"": ""2026-04-17"", ""source_kind"": ""SSE_OFFICIAL_ISSUER_DISCLOSURE"", ""source_url"": ""https://www.sse.com.cn/disclosure/listedinfo/announcement/c/new/2026-04-17/600276_20260417_XMOL.pdf""}, ""substring_matching_used"": false}"
临床试验默示许可,official:ce0fd78d9f98028b77dca0ee5e7c9d84,江苏恒瑞医药股份有限公司,HRS-1167片,晚期实体肿瘤,https://www.cde.org.cn/main/xxgk/listpage/4b5255eb0a84820cef4ca3e8b6bbe20c,FIRST_OBSERVED_SNAPSHOT_DATE,,,2026-09-30T17:29:59+08:00,CXHB2300114,1,,COMPLETE,ce0fd78d9f98028b77dca0ee5e7c9d84,600276.SH,EXACT_LISTED_ISSUER_LEGAL_NAME,WHOLE_FIELD_EXACT,江苏恒瑞医药股份有限公司,"{""affiliate_inference_used"": false, ""mapping_match_mode"": ""WHOLE_FIELD_EXACT"", ""matched_applicant_token"": ""江苏恒瑞医药股份有限公司"", ""official_applicant_field"": ""江苏恒瑞医药股份有限公司"", ""registry_evidence"": {""listed_issuer_legal_name"": ""江苏恒瑞医药股份有限公司"", ""security_code"": ""600276"", ""security_short_name"": ""恒瑞医药"", ""source_document_date"": ""2026-04-17"", ""source_kind"": ""SSE_OFFICIAL_ISSUER_DISCLOSURE"", ""source_url"": ""https://www.sse.com.cn/disclosure/listedinfo/announcement/c/new/2026-04-17/600276_20260417_XMOL.pdf""}, ""substring_matching_used"": false}"
临床试验默示许可,official:ce5e60c6c377ce57e5c37968377d1277,江苏恒瑞医药股份有限公司,SHR2554片,本品拟用于恶性肿瘤的治疗。,https://www.cde.org.cn/main/xxgk/listpage/4b5255eb0a84820cef4ca3e8b6bbe20c,FIRST_OBSERVED_SNAPSHOT_DATE,,,2026-09-30T17:29:59+08:00,CXHB2101128,1,,COMPLETE,ce5e60c6c377ce57e5c37968377d1277,600276.SH,EXACT_LISTED_ISSUER_LEGAL_NAME,WHOLE_FIELD_EXACT,江苏恒瑞医药股份有限公司,"{""affiliate_inference_used"": false, ""mapping_match_mode"": ""WHOLE_FIELD_EXACT"", ""matched_applicant_token"": ""江苏恒瑞医药股份有限公司"", ""official_applicant_field"": ""江苏恒瑞医药股份有限公司"", ""registry_evidence"": {""listed_issuer_legal_name"": ""江苏恒瑞医药股份有限公司"", ""security_code"": ""600276"", ""security_short_name"": ""恒瑞医药"", ""source_document_date"": ""2026-04-17"", ""source_kind"": ""SSE_OFFICIAL_ISSUER_DISCLOSURE"", ""source_url"": ""https://www.sse.com.cn/disclosure/listedinfo/announcement/c/new/2026-04-17/600276_20260417_XMOL.pdf""}, ""substring_matching_used"": false}"
临床试验默示许可,official:cecddb2aff675778ac10d9a5b26dcf2f,江苏恒瑞医药股份有限公司;上海恒瑞医药有限公司,HRS-7172片,本品联合HRS-4642\HRS-6093\HRS-7058\SHR-1826\FH-006\SHR-8068\贝伐珠单抗±化疗±阿得贝利单抗\ SHR-4610±SHR-9839(sc)，或联合阿得贝利单抗\SHR-4610±SHR-9839(sc) ±SHR-8068±贝伐珠单抗，或联合阿得贝利单抗\SHR-4610\SHR-9839(sc)\贝伐珠单抗\西妥昔单抗\尼妥珠单抗±尼妥珠单抗±化疗，或联合阿得贝利单抗+SHR-8068\贝伐珠单抗±化疗，或联合化疗+阿得贝利单抗\SHR-4610+贝伐珠单抗±SHR-8068，或联合其他标准治疗用于实体瘤的治疗,https://www.cde.org.cn/main/xxgk/listpage/4b5255eb0a84820cef4ca3e8b6bbe20c,FIRST_OBSERVED_SNAPSHOT_DATE,,,2026-09-30T17:29:59+08:00,CXHL2600588,化学药品:1类,,COMPLETE,cecddb2aff675778ac10d9a5b26dcf2f,600276.SH,EXACT_APPLICANT_TOKEN_IN_OFFICIAL_MULTI_APPLICANT_FIELD,DELIMITED_APPLICANT_TOKEN_EXACT,江苏恒瑞医药股份有限公司,"{""affiliate_inference_used"": false, ""mapping_match_mode"": ""DELIMITED_APPLICANT_TOKEN_EXACT"", ""matched_applicant_token"": ""江苏恒瑞医药股份有限公司"", ""official_applicant_field"": ""江苏恒瑞医药股份有限公司;上海恒瑞医药有限公司"", ""registry_evidence"": {""listed_issuer_legal_name"": ""江苏恒瑞医药股份有限公司"", ""security_code"": ""600276"", ""security_short_name"": ""恒瑞医药"", ""source_document_date"": ""2026-04-17"", ""source_kind"": ""SSE_OFFICIAL_ISSUER_DISCLOSURE"", ""source_url"": ""https://www.sse.com.cn/disclosure/listedinfo/announcement/c/new/2026-04-17/600276_20260417_XMOL.pdf""}, ""substring_matching_used"": false}"
临床试验默示许可,official:cf0336cae940e0ebc2d9db405eccd6ac,江苏恒瑞医药股份有限公司;江苏恒瑞医药股份有限公司;上海恒瑞医药有限公司,甲磺酸阿帕替尼片,甲磺酸阿帕替尼片联合依托泊苷胶囊治疗含铂方案治疗失败的复发性卵巢癌。,https://www.cde.org.cn/main/xxgk/listpage/4b5255eb0a84820cef4ca3e8b6bbe20c,FIRST_OBSERVED_SNAPSHOT_DATE,,,2026-09-30T17:29:59+08:00,CXHL1900287,2.4,,COMPLETE,cf0336cae940e0ebc2d9db405eccd6ac,600276.SH,EXACT_APPLICANT_TOKEN_IN_OFFICIAL_MULTI_APPLICANT_FIELD,DELIMITED_APPLICANT_TOKEN_EXACT,江苏恒瑞医药股份有限公司,"{""affiliate_inference_used"": false, ""mapping_match_mode"": ""DELIMITED_APPLICANT_TOKEN_EXACT"", ""matched_applicant_token"": ""江苏恒瑞医药股份有限公司"", ""official_applicant_field"": ""江苏恒瑞医药股份有限公司;江苏恒瑞医药股份有限公司;上海恒瑞医药有限公司"", ""registry_evidence"": {""listed_issuer_legal_name"": ""江苏恒瑞医药股份有限公司"", ""security_code"": ""600276"", ""security_short_name"": ""恒瑞医药"", ""source_document_date"": ""2026-04-17"", ""source_kind"": ""SSE_OFFICIAL_ISSUER_DISCLOSURE"", ""source_url"": ""https://www.sse.com.cn/disclosure/listedinfo/announcement/c/new/2026-04-17/600276_20260417_XMOL.pdf""}, ""substring_matching_used"": false}"
临床试验默示许可,official:cf3b8ebffe09218126f60b7998f16df4,江苏恒瑞医药股份有限公司,SHR0302口服溶液,拟用于移植物抗宿主病的治疗。,https://www.cde.org.cn/main/xxgk/listpage/4b5255eb0a84820cef4ca3e8b6bbe20c,FIRST_OBSERVED_SNAPSHOT_DATE,,,2026-09-30T17:29:59+08:00,CXHB2300280,1,,COMPLETE,cf3b8ebffe09218126f60b7998f16df4,600276.SH,EXACT_LISTED_ISSUER_LEGAL_NAME,WHOLE_FIELD_EXACT,江苏恒瑞医药股份有限公司,"{""affiliate_inference_used"": false, ""mapping_match_mode"": ""WHOLE_FIELD_EXACT"", ""matched_applicant_token"": ""江苏恒瑞医药股份有限公司"", ""official_applicant_field"": ""江苏恒瑞医药股份有限公司"", ""registry_evidence"": {""listed_issuer_legal_name"": ""江苏恒瑞医药股份有限公司"", ""security_code"": ""600276"", ""security_short_name"": ""恒瑞医药"", ""source_document_date"": ""2026-04-17"", ""source_kind"": ""SSE_OFFICIAL_ISSUER_DISCLOSURE"", ""source_url"": ""https://www.sse.com.cn/disclosure/listedinfo/announcement/c/new/2026-04-17/600276_20260417_XMOL.pdf""}, ""substring_matching_used"": false}"
临床试验默示许可,official:cf4ae0efc9e8d9d7cf79a018f21deb08,江苏恒瑞医药股份有限公司;江苏恒瑞医药股份有限公司,SHR1459片,本品拟联合利妥昔单抗、环磷酰胺、多柔比星、长春新碱、泼尼松（R-CHOP）治疗初诊非生发中心样弥漫性大B细胞淋巴瘤（non-GCB DLBCL）。,https://www.cde.org.cn/main/xxgk/listpage/4b5255eb0a84820cef4ca3e8b6bbe20c,FIRST_OBSERVED_SNAPSHOT_DATE,,,2026-09-30T17:29:59+08:00,CXHL2101558,化学药品1类,,COMPLETE,cf4ae0efc9e8d9d7cf79a018f21deb08,600276.SH,EXACT_APPLICANT_TOKEN_IN_OFFICIAL_MULTI_APPLICANT_FIELD,DELIMITED_APPLICANT_TOKEN_EXACT,江苏恒瑞医药股份有限公司,"{""affiliate_inference_used"": false, ""mapping_match_mode"": ""DELIMITED_APPLICANT_TOKEN_EXACT"", ""matched_applicant_token"": ""江苏恒瑞医药股份有限公司"", ""official_applicant_field"": ""江苏恒瑞医药股份有限公司;江苏恒瑞医药股份有限公司"", ""registry_evidence"": {""listed_issuer_legal_name"": ""江苏恒瑞医药股份有限公司"", ""security_code"": ""600276"", ""security_short_name"": ""恒瑞医药"", ""source_document_date"": ""2026-04-17"", ""source_kind"": ""SSE_OFFICIAL_ISSUER_DISCLOSURE"", ""source_url"": ""https://www.sse.com.cn/disclosure/listedinfo/announcement/c/new/2026-04-17/600276_20260417_XMOL.pdf""}, ""substring_matching_used"": false}"
临床试验默示许可,official:cfbae4543bb8131df80c92540da35157,江苏恒瑞医药股份有限公司;江苏恒瑞医药股份有限公司,SHR7280片,本品用于前列腺癌的治疗,https://www.cde.org.cn/main/xxgk/listpage/4b5255eb0a84820cef4ca3e8b6bbe20c,FIRST_OBSERVED_SNAPSHOT_DATE,,,2026-09-30T17:29:59+08:00,CXHL2101045,化学药品注册分类1,,COMPLETE,cfbae4543bb8131df80c92540da35157,600276.SH,EXACT_APPLICANT_TOKEN_IN_OFFICIAL_MULTI_APPLICANT_FIELD,DELIMITED_APPLICANT_TOKEN_EXACT,江苏恒瑞医药股份有限公司,"{""affiliate_inference_used"": false, ""mapping_match_mode"": ""DELIMITED_APPLICANT_TOKEN_EXACT"", ""matched_applicant_token"": ""江苏恒瑞医药股份有限公司"", ""official_applicant_field"": ""江苏恒瑞医药股份有限公司;江苏恒瑞医药股份有限公司"", ""registry_evidence"": {""listed_issuer_legal_name"": ""江苏恒瑞医药股份有限公司"", ""security_code"": ""600276"", ""security_short_name"": ""恒瑞医药"", ""source_document_date"": ""2026-04-17"", ""source_kind"": ""SSE_OFFICIAL_ISSUER_DISCLOSURE"", ""source_url"": ""https://www.sse.com.cn/disclosure/listedinfo/announcement/c/new/2026-04-17/600276_20260417_XMOL.pdf""}, ""substring_matching_used"": false}"
临床试验默示许可,official:cff7f555d38e3b9add4d72c8f6d88d3e,江苏恒瑞医药股份有限公司;江苏恒瑞医药股份有限公司;上海恒瑞医药有限公司,苹果酸法米替尼胶囊,本品单药用于治疗经过伊马替尼治疗失败的晚期胃肠道间质瘤。,https://www.cde.org.cn/main/xxgk/listpage/4b5255eb0a84820cef4ca3e8b6bbe20c,FIRST_OBSERVED_SNAPSHOT_DATE,,,2026-09-30T17:29:59+08:00,CXHL2000272,1,,COMPLETE,cff7f555d38e3b9add4d72c8f6d88d3e,600276.SH,EXACT_APPLICANT_TOKEN_IN_OFFICIAL_MULTI_APPLICANT_FIELD,DELIMITED_APPLICANT_TOKEN_EXACT,江苏恒瑞医药股份有限公司,"{""affiliate_inference_used"": false, ""mapping_match_mode"": ""DELIMITED_APPLICANT_TOKEN_EXACT"", ""matched_applicant_token"": ""江苏恒瑞医药股份有限公司"", ""official_applicant_field"": ""江苏恒瑞医药股份有限公司;江苏恒瑞医药股份有限公司;上海恒瑞医药有限公司"", ""registry_evidence"": {""listed_issuer_legal_name"": ""江苏恒瑞医药股份有限公司"", ""security_code"": ""600276"", ""security_short_name"": ""恒瑞医药"", ""source_document_date"": ""2026-04-17"", ""source_kind"": ""SSE_OFFICIAL_ISSUER_DISCLOSURE"", ""source_url"": ""https://www.sse.com.cn/disclosure/listedinfo/announcement/c/new/2026-04-17/600276_20260417_XMOL.pdf""}, ""substring_matching_used"": false}"
临床试验默示许可,official:d05195da1cb1230acd85b9d0b373e7e7,江苏恒瑞医药股份有限公司,HRS-6209胶囊,本品联合HRS-2189+HRS-8080、或联合HRS-2189+HRS-1358、或联合HRS-2189+氟维司群用于恶性肿瘤的治疗。,https://www.cde.org.cn/main/xxgk/listpage/4b5255eb0a84820cef4ca3e8b6bbe20c,FIRST_OBSERVED_SNAPSHOT_DATE,,,2026-09-30T17:29:59+08:00,CXHL2400828,1,,COMPLETE,d05195da1cb1230acd85b9d0b373e7e7,600276.SH,EXACT_LISTED_ISSUER_LEGAL_NAME,WHOLE_FIELD_EXACT,江苏恒瑞医药股份有限公司,"{""affiliate_inference_used"": false, ""mapping_match_mode"": ""WHOLE_FIELD_EXACT"", ""matched_applicant_token"": ""江苏恒瑞医药股份有限公司"", ""official_applicant_field"": ""江苏恒瑞医药股份有限公司"", ""registry_evidence"": {""listed_issuer_legal_name"": ""江苏恒瑞医药股份有限公司"", ""security_code"": ""600276"", ""security_short_name"": ""恒瑞医药"", ""source_document_date"": ""2026-04-17"", ""source_kind"": ""SSE_OFFICIAL_ISSUER_DISCLOSURE"", ""source_url"": ""https://www.sse.com.cn/disclosure/listedinfo/announcement/c/new/2026-04-17/600276_20260417_XMOL.pdf""}, ""substring_matching_used"": false}"
临床试验默示许可,official:d0b597c7b54f8166418c660e27129aa1,江苏恒瑞医药股份有限公司;江苏恒瑞医药股份有限公司,SHR3680片,前列腺癌,https://www.cde.org.cn/main/xxgk/listpage/4b5255eb0a84820cef4ca3e8b6bbe20c,FIRST_OBSERVED_SNAPSHOT_DATE,,,2026-09-30T17:29:59+08:00,CXHB2101040,化学药品第1类,,COMPLETE,d0b597c7b54f8166418c660e27129aa1,600276.SH,EXACT_APPLICANT_TOKEN_IN_OFFICIAL_MULTI_APPLICANT_FIELD,DELIMITED_APPLICANT_TOKEN_EXACT,江苏恒瑞医药股份有限公司,"{""affiliate_inference_used"": false, ""mapping_match_mode"": ""DELIMITED_APPLICANT_TOKEN_EXACT"", ""matched_applicant_token"": ""江苏恒瑞医药股份有限公司"", ""official_applicant_field"": ""江苏恒瑞医药股份有限公司;江苏恒瑞医药股份有限公司"", ""registry_evidence"": {""listed_issuer_legal_name"": ""江苏恒瑞医药股份有限公司"", ""security_code"": ""600276"", ""security_short_name"": ""恒瑞医药"", ""source_document_date"": ""2026-04-17"", ""source_kind"": ""SSE_OFFICIAL_ISSUER_DISCLOSURE"", ""source_url"": ""https://www.sse.com.cn/disclosure/listedinfo/announcement/c/new/2026-04-17/600276_20260417_XMOL.pdf""}, ""substring_matching_used"": false}"
临床试验默示许可,official:d0e0ad0ace1d47738d02352fe1c3da1c,江苏恒瑞医药股份有限公司;江苏恒瑞医药股份有限公司,INS068注射液,用于1型和2型糖尿病的治疗,https://www.cde.org.cn/main/xxgk/listpage/4b5255eb0a84820cef4ca3e8b6bbe20c,FIRST_OBSERVED_SNAPSHOT_DATE,,,2026-09-30T17:29:59+08:00,CXSB2000171,1,,COMPLETE,d0e0ad0ace1d47738d02352fe1c3da1c,600276.SH,EXACT_APPLICANT_TOKEN_IN_OFFICIAL_MULTI_APPLICANT_FIELD,DELIMITED_APPLICANT_TOKEN_EXACT,江苏恒瑞医药股份有限公司,"{""affiliate_inference_used"": false, ""mapping_match_mode"": ""DELIMITED_APPLICANT_TOKEN_EXACT"", ""matched_applicant_token"": ""江苏恒瑞医药股份有限公司"", ""official_applicant_field"": ""江苏恒瑞医药股份有限公司;江苏恒瑞医药股份有限公司"", ""registry_evidence"": {""listed_issuer_legal_name"": ""江苏恒瑞医药股份有限公司"", ""security_code"": ""600276"", ""security_short_name"": ""恒瑞医药"", ""source_document_date"": ""2026-04-17"", ""source_kind"": ""SSE_OFFICIAL_ISSUER_DISCLOSURE"", ""source_url"": ""https://www.sse.com.cn/disclosure/listedinfo/announcement/c/new/2026-04-17/600276_20260417_XMOL.pdf""}, ""substring_matching_used"": false}"
临床试验默示许可,official:d114ba179ce328d1a23a174c6af48448,江苏恒瑞医药股份有限公司;江苏恒瑞医药股份有限公司,HR011408注射液,用于治疗成人糖尿病,https://www.cde.org.cn/main/xxgk/listpage/4b5255eb0a84820cef4ca3e8b6bbe20c,FIRST_OBSERVED_SNAPSHOT_DATE,,,2026-09-30T17:29:59+08:00,CXSB2101068,2.1,,COMPLETE,d114ba179ce328d1a23a174c6af48448,600276.SH,EXACT_APPLICANT_TOKEN_IN_OFFICIAL_MULTI_APPLICANT_FIELD,DELIMITED_APPLICANT_TOKEN_EXACT,江苏恒瑞医药股份有限公司,"{""affiliate_inference_used"": false, ""mapping_match_mode"": ""DELIMITED_APPLICANT_TOKEN_EXACT"", ""matched_applicant_token"": ""江苏恒瑞医药股份有限公司"", ""official_applicant_field"": ""江苏恒瑞医药股份有限公司;江苏恒瑞医药股份有限公司"", ""registry_evidence"": {""listed_issuer_legal_name"": ""江苏恒瑞医药股份有限公司"", ""security_code"": ""600276"", ""security_short_name"": ""恒瑞医药"", ""source_document_date"": ""2026-04-17"", ""source_kind"": ""SSE_OFFICIAL_ISSUER_DISCLOSURE"", ""source_url"": ""https://www.sse.com.cn/disclosure/listedinfo/announcement/c/new/2026-04-17/600276_20260417_XMOL.pdf""}, ""substring_matching_used"": false}"
临床试验默示许可,official:d187ba6abf856300edefd0a23fcf8025,福建盛迪医药有限公司;江苏恒瑞医药股份有限公司;北京拓界生物医药科技有限公司,HRS-4729注射液,2型糖尿病,https://www.cde.org.cn/main/xxgk/listpage/4b5255eb0a84820cef4ca3e8b6bbe20c,FIRST_OBSERVED_SNAPSHOT_DATE,,,2026-09-30T17:29:59+08:00,CXHL2600578,1,,COMPLETE,d187ba6abf856300edefd0a23fcf8025,600276.SH,EXACT_APPLICANT_TOKEN_IN_OFFICIAL_MULTI_APPLICANT_FIELD,DELIMITED_APPLICANT_TOKEN_EXACT,江苏恒瑞医药股份有限公司,"{""affiliate_inference_used"": false, ""mapping_match_mode"": ""DELIMITED_APPLICANT_TOKEN_EXACT"", ""matched_applicant_token"": ""江苏恒瑞医药股份有限公司"", ""official_applicant_field"": ""福建盛迪医药有限公司;江苏恒瑞医药股份有限公司;北京拓界生物医药科技有限公司"", ""registry_evidence"": {""listed_issuer_legal_name"": ""江苏恒瑞医药股份有限公司"", ""security_code"": ""600276"", ""security_short_name"": ""恒瑞医药"", ""source_document_date"": ""2026-04-17"", ""source_kind"": ""SSE_OFFICIAL_ISSUER_DISCLOSURE"", ""source_url"": ""https://www.sse.com.cn/disclosure/listedinfo/announcement/c/new/2026-04-17/600276_20260417_XMOL.pdf""}, ""substring_matching_used"": false}"
临床试验默示许可,official:d25e5e71bc4cb49d3d037e502d43b8a9,江苏恒瑞医药股份有限公司;江苏恒瑞医药股份有限公司;上海恒瑞医药有限公司,SHR1459片,联合SHR2554片用于标准治疗失败或无标准治疗可用的复发/难治（R/R）B细胞非霍奇金淋巴瘤的治疗。,https://www.cde.org.cn/main/xxgk/listpage/4b5255eb0a84820cef4ca3e8b6bbe20c,FIRST_OBSERVED_SNAPSHOT_DATE,,,2026-09-30T17:29:59+08:00,CXHL1900189,1,,COMPLETE,d25e5e71bc4cb49d3d037e502d43b8a9,600276.SH,EXACT_APPLICANT_TOKEN_IN_OFFICIAL_MULTI_APPLICANT_FIELD,DELIMITED_APPLICANT_TOKEN_EXACT,江苏恒瑞医药股份有限公司,"{""affiliate_inference_used"": false, ""mapping_match_mode"": ""DELIMITED_APPLICANT_TOKEN_EXACT"", ""matched_applicant_token"": ""江苏恒瑞医药股份有限公司"", ""official_applicant_field"": ""江苏恒瑞医药股份有限公司;江苏恒瑞医药股份有限公司;上海恒瑞医药有限公司"", ""registry_evidence"": {""listed_issuer_legal_name"": ""江苏恒瑞医药股份有限公司"", ""security_code"": ""600276"", ""security_short_name"": ""恒瑞医药"", ""source_document_date"": ""2026-04-17"", ""source_kind"": ""SSE_OFFICIAL_ISSUER_DISCLOSURE"", ""source_url"": ""https://www.sse.com.cn/disclosure/listedinfo/announcement/c/new/2026-04-17/600276_20260417_XMOL.pdf""}, ""substring_matching_used"": false}"
临床试验默示许可,official:d28347ff8df6c189cebce0732d704fdb,上海恒瑞医药有限公司;江苏恒瑞医药股份有限公司,HRS-4642注射液,本品联合HRS-7172±SHR-9839(sc)，或联合HRS-7172+阿得贝利单抗，或联合HRS-7172±化疗用于实体瘤的治疗。,https://www.cde.org.cn/main/xxgk/listpage/4b5255eb0a84820cef4ca3e8b6bbe20c,FIRST_OBSERVED_SNAPSHOT_DATE,,,2026-09-30T17:29:59+08:00,CXHL2600585,化学药品:1类,,COMPLETE,d28347ff8df6c189cebce0732d704fdb,600276.SH,EXACT_APPLICANT_TOKEN_IN_OFFICIAL_MULTI_APPLICANT_FIELD,DELIMITED_APPLICANT_TOKEN_EXACT,江苏恒瑞医药股份有限公司,"{""affiliate_inference_used"": false, ""mapping_match_mode"": ""DELIMITED_APPLICANT_TOKEN_EXACT"", ""matched_applicant_token"": ""江苏恒瑞医药股份有限公司"", ""official_applicant_field"": ""上海恒瑞医药有限公司;江苏恒瑞医药股份有限公司"", ""registry_evidence"": {""listed_issuer_legal_name"": ""江苏恒瑞医药股份有限公司"", ""security_code"": ""600276"", ""security_short_name"": ""恒瑞医药"", ""source_document_date"": ""2026-04-17"", ""source_kind"": ""SSE_OFFICIAL_ISSUER_DISCLOSURE"", ""source_url"": ""https://www.sse.com.cn/disclosure/listedinfo/announcement/c/new/2026-04-17/600276_20260417_XMOL.pdf""}, ""substring_matching_used"": false}"
临床试验默示许可,official:d29bda85b8d94a9c477480c6eeadeace,江苏恒瑞医药股份有限公司;江苏恒瑞医药股份有限公司,HR17031注射液,糖尿病,https://www.cde.org.cn/main/xxgk/listpage/4b5255eb0a84820cef4ca3e8b6bbe20c,FIRST_OBSERVED_SNAPSHOT_DATE,,,2026-09-30T17:29:59+08:00,CXSL2101090,治疗用生物制品1类,,COMPLETE,d29bda85b8d94a9c477480c6eeadeace,600276.SH,EXACT_APPLICANT_TOKEN_IN_OFFICIAL_MULTI_APPLICANT_FIELD,DELIMITED_APPLICANT_TOKEN_EXACT,江苏恒瑞医药股份有限公司,"{""affiliate_inference_used"": false, ""mapping_match_mode"": ""DELIMITED_APPLICANT_TOKEN_EXACT"", ""matched_applicant_token"": ""江苏恒瑞医药股份有限公司"", ""official_applicant_field"": ""江苏恒瑞医药股份有限公司;江苏恒瑞医药股份有限公司"", ""registry_evidence"": {""listed_issuer_legal_name"": ""江苏恒瑞医药股份有限公司"", ""security_code"": ""600276"", ""security_short_name"": ""恒瑞医药"", ""source_document_date"": ""2026-04-17"", ""source_kind"": ""SSE_OFFICIAL_ISSUER_DISCLOSURE"", ""source_url"": ""https://www.sse.com.cn/disclosure/listedinfo/announcement/c/new/2026-04-17/600276_20260417_XMOL.pdf""}, ""substring_matching_used"": false}"
临床试验默示许可,official:d3fe1cd9754dcdec6344abfe56b1e9c3,江苏恒瑞医药股份有限公司;江苏恒瑞医药股份有限公司;上海恒瑞医药有限公司,马来酸吡咯替尼片,本品单药拟用于表皮生长因子受体2（HER2）阳性早期或局部晚期乳腺癌患者经曲妥珠单抗辅助治疗后的延长阶段的辅助治疗。,https://www.cde.org.cn/main/xxgk/listpage/4b5255eb0a84820cef4ca3e8b6bbe20c,FIRST_OBSERVED_SNAPSHOT_DATE,,,2026-09-30T17:29:59+08:00,CXHB2000021,2.4,,COMPLETE,d3fe1cd9754dcdec6344abfe56b1e9c3,600276.SH,EXACT_APPLICANT_TOKEN_IN_OFFICIAL_MULTI_APPLICANT_FIELD,DELIMITED_APPLICANT_TOKEN_EXACT,江苏恒瑞医药股份有限公司,"{""affiliate_inference_used"": false, ""mapping_match_mode"": ""DELIMITED_APPLICANT_TOKEN_EXACT"", ""matched_applicant_token"": ""江苏恒瑞医药股份有限公司"", ""official_applicant_field"": ""江苏恒瑞医药股份有限公司;江苏恒瑞医药股份有限公司;上海恒瑞医药有限公司"", ""registry_evidence"": {""listed_issuer_legal_name"": ""江苏恒瑞医药股份有限公司"", ""security_code"": ""600276"", ""security_short_name"": ""恒瑞医药"", ""source_document_date"": ""2026-04-17"", ""source_kind"": ""SSE_OFFICIAL_ISSUER_DISCLOSURE"", ""source_url"": ""https://www.sse.com.cn/disclosure/listedinfo/announcement/c/new/2026-04-17/600276_20260417_XMOL.pdf""}, ""substring_matching_used"": false}"
临床试验默示许可,official:d42007ea655614ce876ddf963a1816a4,江苏恒瑞医药股份有限公司;江苏恒瑞医药股份有限公司,盐酸伊立替康脂质体注射液,SHR-1701联合伊立替康脂质体用于经PD-1/PD-L1单抗联合含铂化疗一线治疗失败的局部晚期或转移性食管鳞癌患者,https://www.cde.org.cn/main/xxgk/listpage/4b5255eb0a84820cef4ca3e8b6bbe20c,FIRST_OBSERVED_SNAPSHOT_DATE,,,2026-09-30T17:29:59+08:00,CXHL2101304,2.2,,COMPLETE,d42007ea655614ce876ddf963a1816a4,600276.SH,EXACT_APPLICANT_TOKEN_IN_OFFICIAL_MULTI_APPLICANT_FIELD,DELIMITED_APPLICANT_TOKEN_EXACT,江苏恒瑞医药股份有限公司,"{""affiliate_inference_used"": false, ""mapping_match_mode"": ""DELIMITED_APPLICANT_TOKEN_EXACT"", ""matched_applicant_token"": ""江苏恒瑞医药股份有限公司"", ""official_applicant_field"": ""江苏恒瑞医药股份有限公司;江苏恒瑞医药股份有限公司"", ""registry_evidence"": {""listed_issuer_legal_name"": ""江苏恒瑞医药股份有限公司"", ""security_code"": ""600276"", ""security_short_name"": ""恒瑞医药"", ""source_document_date"": ""2026-04-17"", ""source_kind"": ""SSE_OFFICIAL_ISSUER_DISCLOSURE"", ""source_url"": ""https://www.sse.com.cn/disclosure/listedinfo/announcement/c/new/2026-04-17/600276_20260417_XMOL.pdf""}, ""substring_matching_used"": false}"
临床试验默示许可,official:d445e3871491860589a26fe5038f97fa,江苏恒瑞医药股份有限公司,SHR0302片,银屑病关节炎,https://www.cde.org.cn/main/xxgk/listpage/4b5255eb0a84820cef4ca3e8b6bbe20c,FIRST_OBSERVED_SNAPSHOT_DATE,,,2026-09-30T17:29:59+08:00,CXHL2100160,化学药品注册分类1,,COMPLETE,d445e3871491860589a26fe5038f97fa,600276.SH,EXACT_LISTED_ISSUER_LEGAL_NAME,WHOLE_FIELD_EXACT,江苏恒瑞医药股份有限公司,"{""affiliate_inference_used"": false, ""mapping_match_mode"": ""WHOLE_FIELD_EXACT"", ""matched_applicant_token"": ""江苏恒瑞医药股份有限公司"", ""official_applicant_field"": ""江苏恒瑞医药股份有限公司"", ""registry_evidence"": {""listed_issuer_legal_name"": ""江苏恒瑞医药股份有限公司"", ""security_code"": ""600276"", ""security_short_name"": ""恒瑞医药"", ""source_document_date"": ""2026-04-17"", ""source_kind"": ""SSE_OFFICIAL_ISSUER_DISCLOSURE"", ""source_url"": ""https://www.sse.com.cn/disclosure/listedinfo/announcement/c/new/2026-04-17/600276_20260417_XMOL.pdf""}, ""substring_matching_used"": false}"
临床试验默示许可,official:d479a008212d2c5aae18905b12fb4cf6,江苏恒瑞医药股份有限公司;上海甫弘生物医药有限公司,注射用FH-006,本品联合HRS-7172±阿得贝利单抗/SHR-4610用于实体瘤的治疗。,https://www.cde.org.cn/main/xxgk/listpage/4b5255eb0a84820cef4ca3e8b6bbe20c,FIRST_OBSERVED_SNAPSHOT_DATE,,,2026-09-30T17:29:59+08:00,CXSL2600536,治疗用生物制品:1类,,COMPLETE,d479a008212d2c5aae18905b12fb4cf6,600276.SH,EXACT_APPLICANT_TOKEN_IN_OFFICIAL_MULTI_APPLICANT_FIELD,DELIMITED_APPLICANT_TOKEN_EXACT,江苏恒瑞医药股份有限公司,"{""affiliate_inference_used"": false, ""mapping_match_mode"": ""DELIMITED_APPLICANT_TOKEN_EXACT"", ""matched_applicant_token"": ""江苏恒瑞医药股份有限公司"", ""official_applicant_field"": ""江苏恒瑞医药股份有限公司;上海甫弘生物医药有限公司"", ""registry_evidence"": {""listed_issuer_legal_name"": ""江苏恒瑞医药股份有限公司"", ""security_code"": ""600276"", ""security_short_name"": ""恒瑞医药"", ""source_document_date"": ""2026-04-17"", ""source_kind"": ""SSE_OFFICIAL_ISSUER_DISCLOSURE"", ""source_url"": ""https://www.sse.com.cn/disclosure/listedinfo/announcement/c/new/2026-04-17/600276_20260417_XMOL.pdf""}, ""substring_matching_used"": false}"
临床试验默示许可,official:d4b3bb701dd1ba29752afd704fe23963,江苏恒瑞医药股份有限公司,HR18042片,本品拟用于中度至重度急性疼痛的治疗。,https://www.cde.org.cn/main/xxgk/listpage/4b5255eb0a84820cef4ca3e8b6bbe20c,FIRST_OBSERVED_SNAPSHOT_DATE,,,2026-09-30T17:29:59+08:00,CXHB2200045,2.3,,COMPLETE,d4b3bb701dd1ba29752afd704fe23963,600276.SH,EXACT_LISTED_ISSUER_LEGAL_NAME,WHOLE_FIELD_EXACT,江苏恒瑞医药股份有限公司,"{""affiliate_inference_used"": false, ""mapping_match_mode"": ""WHOLE_FIELD_EXACT"", ""matched_applicant_token"": ""江苏恒瑞医药股份有限公司"", ""official_applicant_field"": ""江苏恒瑞医药股份有限公司"", ""registry_evidence"": {""listed_issuer_legal_name"": ""江苏恒瑞医药股份有限公司"", ""security_code"": ""600276"", ""security_short_name"": ""恒瑞医药"", ""source_document_date"": ""2026-04-17"", ""source_kind"": ""SSE_OFFICIAL_ISSUER_DISCLOSURE"", ""source_url"": ""https://www.sse.com.cn/disclosure/listedinfo/announcement/c/new/2026-04-17/600276_20260417_XMOL.pdf""}, ""substring_matching_used"": false}"
临床试验默示许可,official:d4d0426123f471bb0b148a73487f3616,江苏恒瑞医药股份有限公司;成都盛迪医药有限公司,HRS-5041片,本品联合HRS-4357用于治疗前列腺特异性膜抗原（PSMA）阳性的前列腺癌成人患者。,https://www.cde.org.cn/main/xxgk/listpage/4b5255eb0a84820cef4ca3e8b6bbe20c,FIRST_OBSERVED_SNAPSHOT_DATE,,,2026-09-30T17:29:59+08:00,CXHL2501128,1,,COMPLETE,d4d0426123f471bb0b148a73487f3616,600276.SH,EXACT_APPLICANT_TOKEN_IN_OFFICIAL_MULTI_APPLICANT_FIELD,DELIMITED_APPLICANT_TOKEN_EXACT,江苏恒瑞医药股份有限公司,"{""affiliate_inference_used"": false, ""mapping_match_mode"": ""DELIMITED_APPLICANT_TOKEN_EXACT"", ""matched_applicant_token"": ""江苏恒瑞医药股份有限公司"", ""official_applicant_field"": ""江苏恒瑞医药股份有限公司;成都盛迪医药有限公司"", ""registry_evidence"": {""listed_issuer_legal_name"": ""江苏恒瑞医药股份有限公司"", ""security_code"": ""600276"", ""security_short_name"": ""恒瑞医药"", ""source_document_date"": ""2026-04-17"", ""source_kind"": ""SSE_OFFICIAL_ISSUER_DISCLOSURE"", ""source_url"": ""https://www.sse.com.cn/disclosure/listedinfo/announcement/c/new/2026-04-17/600276_20260417_XMOL.pdf""}, ""substring_matching_used"": false}"
临床试验默示许可,official:d5a07f57309e2cf8edc8443e192aa110,江苏恒瑞医药股份有限公司;江苏恒瑞医药股份有限公司,布比卡因脂质体注射液,成人腹横肌平面阻滞产生术后区域镇痛。,https://www.cde.org.cn/main/xxgk/listpage/4b5255eb0a84820cef4ca3e8b6bbe20c,FIRST_OBSERVED_SNAPSHOT_DATE,,,2026-09-30T17:29:59+08:00,CXHL2300409,2.4,,COMPLETE,d5a07f57309e2cf8edc8443e192aa110,600276.SH,EXACT_APPLICANT_TOKEN_IN_OFFICIAL_MULTI_APPLICANT_FIELD,DELIMITED_APPLICANT_TOKEN_EXACT,江苏恒瑞医药股份有限公司,"{""affiliate_inference_used"": false, ""mapping_match_mode"": ""DELIMITED_APPLICANT_TOKEN_EXACT"", ""matched_applicant_token"": ""江苏恒瑞医药股份有限公司"", ""official_applicant_field"": ""江苏恒瑞医药股份有限公司;江苏恒瑞医药股份有限公司"", ""registry_evidence"": {""listed_issuer_legal_name"": ""江苏恒瑞医药股份有限公司"", ""security_code"": ""600276"", ""security_short_name"": ""恒瑞医药"", ""source_document_date"": ""2026-04-17"", ""source_kind"": ""SSE_OFFICIAL_ISSUER_DISCLOSURE"", ""source_url"": ""https://www.sse.com.cn/disclosure/listedinfo/announcement/c/new/2026-04-17/600276_20260417_XMOL.pdf""}, ""substring_matching_used"": false}"
临床试验默示许可,official:d729c7655c129e293dcf39a086f21561,江苏恒瑞医药股份有限公司;江苏恒瑞医药股份有限公司,HR011408注射液,用于治疗成人糖尿病,https://www.cde.org.cn/main/xxgk/listpage/4b5255eb0a84820cef4ca3e8b6bbe20c,FIRST_OBSERVED_SNAPSHOT_DATE,,,2026-09-30T17:29:59+08:00,CXSB2200066,2.1,,COMPLETE,d729c7655c129e293dcf39a086f21561,600276.SH,EXACT_APPLICANT_TOKEN_IN_OFFICIAL_MULTI_APPLICANT_FIELD,DELIMITED_APPLICANT_TOKEN_EXACT,江苏恒瑞医药股份有限公司,"{""affiliate_inference_used"": false, ""mapping_match_mode"": ""DELIMITED_APPLICANT_TOKEN_EXACT"", ""matched_applicant_token"": ""江苏恒瑞医药股份有限公司"", ""official_applicant_field"": ""江苏恒瑞医药股份有限公司;江苏恒瑞医药股份有限公司"", ""registry_evidence"": {""listed_issuer_legal_name"": ""江苏恒瑞医药股份有限公司"", ""security_code"": ""600276"", ""security_short_name"": ""恒瑞医药"", ""source_document_date"": ""2026-04-17"", ""source_kind"": ""SSE_OFFICIAL_ISSUER_DISCLOSURE"", ""source_url"": ""https://www.sse.com.cn/disclosure/listedinfo/announcement/c/new/2026-04-17/600276_20260417_XMOL.pdf""}, ""substring_matching_used"": false}"
临床试验默示许可,official:d734e5adb7a55f12bf1dc98f156e6900,江苏恒瑞医药股份有限公司,脯氨酸恒格列净片,用于治疗慢性肾脏病。,https://www.cde.org.cn/main/xxgk/listpage/4b5255eb0a84820cef4ca3e8b6bbe20c,FIRST_OBSERVED_SNAPSHOT_DATE,,,2026-09-30T17:29:59+08:00,CXHL2300992,2.4,,COMPLETE,d734e5adb7a55f12bf1dc98f156e6900,600276.SH,EXACT_LISTED_ISSUER_LEGAL_NAME,WHOLE_FIELD_EXACT,江苏恒瑞医药股份有限公司,"{""affiliate_inference_used"": false, ""mapping_match_mode"": ""WHOLE_FIELD_EXACT"", ""matched_applicant_token"": ""江苏恒瑞医药股份有限公司"", ""official_applicant_field"": ""江苏恒瑞医药股份有限公司"", ""registry_evidence"": {""listed_issuer_legal_name"": ""江苏恒瑞医药股份有限公司"", ""security_code"": ""600276"", ""security_short_name"": ""恒瑞医药"", ""source_document_date"": ""2026-04-17"", ""source_kind"": ""SSE_OFFICIAL_ISSUER_DISCLOSURE"", ""source_url"": ""https://www.sse.com.cn/disclosure/listedinfo/announcement/c/new/2026-04-17/600276_20260417_XMOL.pdf""}, ""substring_matching_used"": false}"
临床试验默示许可,official:d7763d78fd8938cfbd5ee8236c8e3000,江苏恒瑞医药股份有限公司,甲磺酸阿帕替尼片,胃癌或胃食管交界处癌,https://www.cde.org.cn/main/xxgk/listpage/4b5255eb0a84820cef4ca3e8b6bbe20c,FIRST_OBSERVED_SNAPSHOT_DATE,,,2026-09-30T17:29:59+08:00,CXHL2101083,2.4,,COMPLETE,d7763d78fd8938cfbd5ee8236c8e3000,600276.SH,EXACT_LISTED_ISSUER_LEGAL_NAME,WHOLE_FIELD_EXACT,江苏恒瑞医药股份有限公司,"{""affiliate_inference_used"": false, ""mapping_match_mode"": ""WHOLE_FIELD_EXACT"", ""matched_applicant_token"": ""江苏恒瑞医药股份有限公司"", ""official_applicant_field"": ""江苏恒瑞医药股份有限公司"", ""registry_evidence"": {""listed_issuer_legal_name"": ""江苏恒瑞医药股份有限公司"", ""security_code"": ""600276"", ""security_short_name"": ""恒瑞医药"", ""source_document_date"": ""2026-04-17"", ""source_kind"": ""SSE_OFFICIAL_ISSUER_DISCLOSURE"", ""source_url"": ""https://www.sse.com.cn/disclosure/listedinfo/announcement/c/new/2026-04-17/600276_20260417_XMOL.pdf""}, ""substring_matching_used"": false}"
临床试验默示许可,official:d80c74065fd505b13dec2a1b97bdc547,江苏恒瑞医药股份有限公司,HRS-2329片,携带RAS突变或扩增的实体瘤,https://www.cde.org.cn/main/xxgk/listpage/4b5255eb0a84820cef4ca3e8b6bbe20c,FIRST_OBSERVED_SNAPSHOT_DATE,,,2026-09-30T17:29:59+08:00,CXHB2600075,1,,COMPLETE,d80c74065fd505b13dec2a1b97bdc547,600276.SH,EXACT_LISTED_ISSUER_LEGAL_NAME,WHOLE_FIELD_EXACT,江苏恒瑞医药股份有限公司,"{""affiliate_inference_used"": false, ""mapping_match_mode"": ""WHOLE_FIELD_EXACT"", ""matched_applicant_token"": ""江苏恒瑞医药股份有限公司"", ""official_applicant_field"": ""江苏恒瑞医药股份有限公司"", ""registry_evidence"": {""listed_issuer_legal_name"": ""江苏恒瑞医药股份有限公司"", ""security_code"": ""600276"", ""security_short_name"": ""恒瑞医药"", ""source_document_date"": ""2026-04-17"", ""source_kind"": ""SSE_OFFICIAL_ISSUER_DISCLOSURE"", ""source_url"": ""https://www.sse.com.cn/disclosure/listedinfo/announcement/c/new/2026-04-17/600276_20260417_XMOL.pdf""}, ""substring_matching_used"": false}"
临床试验默示许可,official:d81e45483b924eed79f69bb0f34f8f60,江苏恒瑞医药股份有限公司;江苏恒瑞医药股份有限公司,SHR1459片,本品联合YY-20394用于复发/难治B细胞非霍奇金淋巴瘤患者,https://www.cde.org.cn/main/xxgk/listpage/4b5255eb0a84820cef4ca3e8b6bbe20c,FIRST_OBSERVED_SNAPSHOT_DATE,,,2026-09-30T17:29:59+08:00,CXHL2100094,化学药品1类,,COMPLETE,d81e45483b924eed79f69bb0f34f8f60,600276.SH,EXACT_APPLICANT_TOKEN_IN_OFFICIAL_MULTI_APPLICANT_FIELD,DELIMITED_APPLICANT_TOKEN_EXACT,江苏恒瑞医药股份有限公司,"{""affiliate_inference_used"": false, ""mapping_match_mode"": ""DELIMITED_APPLICANT_TOKEN_EXACT"", ""matched_applicant_token"": ""江苏恒瑞医药股份有限公司"", ""official_applicant_field"": ""江苏恒瑞医药股份有限公司;江苏恒瑞医药股份有限公司"", ""registry_evidence"": {""listed_issuer_legal_name"": ""江苏恒瑞医药股份有限公司"", ""security_code"": ""600276"", ""security_short_name"": ""恒瑞医药"", ""source_document_date"": ""2026-04-17"", ""source_kind"": ""SSE_OFFICIAL_ISSUER_DISCLOSURE"", ""source_url"": ""https://www.sse.com.cn/disclosure/listedinfo/announcement/c/new/2026-04-17/600276_20260417_XMOL.pdf""}, ""substring_matching_used"": false}"
临床试验默示许可,official:d83644566caac36d48e1a151008e3e9d,上海恒瑞医药有限公司;江苏恒瑞医药股份有限公司;苏州盛迪亚生物医药有限公司,SHR-1222注射液,骨质疏松症,https://www.cde.org.cn/main/xxgk/listpage/4b5255eb0a84820cef4ca3e8b6bbe20c,FIRST_OBSERVED_SNAPSHOT_DATE,,,2026-09-30T17:29:59+08:00,CXSL1800099,1,,COMPLETE,d83644566caac36d48e1a151008e3e9d,600276.SH,EXACT_APPLICANT_TOKEN_IN_OFFICIAL_MULTI_APPLICANT_FIELD,DELIMITED_APPLICANT_TOKEN_EXACT,江苏恒瑞医药股份有限公司,"{""affiliate_inference_used"": false, ""mapping_match_mode"": ""DELIMITED_APPLICANT_TOKEN_EXACT"", ""matched_applicant_token"": ""江苏恒瑞医药股份有限公司"", ""official_applicant_field"": ""上海恒瑞医药有限公司;江苏恒瑞医药股份有限公司;苏州盛迪亚生物医药有限公司"", ""registry_evidence"": {""listed_issuer_legal_name"": ""江苏恒瑞医药股份有限公司"", ""security_code"": ""600276"", ""security_short_name"": ""恒瑞医药"", ""source_document_date"": ""2026-04-17"", ""source_kind"": ""SSE_OFFICIAL_ISSUER_DISCLOSURE"", ""source_url"": ""https://www.sse.com.cn/disclosure/listedinfo/announcement/c/new/2026-04-17/600276_20260417_XMOL.pdf""}, ""substring_matching_used"": false}"
临床试验默示许可,official:d8b4c56dd5aa90c31d9c20e58ed0a732,苏州盛迪亚生物医药有限公司;苏州盛迪亚生物医药有限公司;江苏恒瑞医药股份有限公司;上海恒瑞医药有限公司,注射用卡瑞利珠单抗,注射用卡瑞利珠单抗联合FOLFOX4对比安慰剂联合FOLFOX4一线治疗晚期肝细胞癌患者。,https://www.cde.org.cn/main/xxgk/listpage/4b5255eb0a84820cef4ca3e8b6bbe20c,FIRST_OBSERVED_SNAPSHOT_DATE,,,2026-09-30T17:29:59+08:00,CXSL1900037,1,,COMPLETE,d8b4c56dd5aa90c31d9c20e58ed0a732,600276.SH,EXACT_APPLICANT_TOKEN_IN_OFFICIAL_MULTI_APPLICANT_FIELD,DELIMITED_APPLICANT_TOKEN_EXACT,江苏恒瑞医药股份有限公司,"{""affiliate_inference_used"": false, ""mapping_match_mode"": ""DELIMITED_APPLICANT_TOKEN_EXACT"", ""matched_applicant_token"": ""江苏恒瑞医药股份有限公司"", ""official_applicant_field"": ""苏州盛迪亚生物医药有限公司;苏州盛迪亚生物医药有限公司;江苏恒瑞医药股份有限公司;上海恒瑞医药有限公司"", ""registry_evidence"": {""listed_issuer_legal_name"": ""江苏恒瑞医药股份有限公司"", ""security_code"": ""600276"", ""security_short_name"": ""恒瑞医药"", ""source_document_date"": ""2026-04-17"", ""source_kind"": ""SSE_OFFICIAL_ISSUER_DISCLOSURE"", ""source_url"": ""https://www.sse.com.cn/disclosure/listedinfo/announcement/c/new/2026-04-17/600276_20260417_XMOL.pdf""}, ""substring_matching_used"": false}"
临床试验默示许可,official:d93dbc06fb0ee6a5b918956acbbe45aa,江苏恒瑞医药股份有限公司;江苏恒瑞医药股份有限公司,氟唑帕利胶囊,本品拟用于实体廇的治疗。,https://www.cde.org.cn/main/xxgk/listpage/4b5255eb0a84820cef4ca3e8b6bbe20c,FIRST_OBSERVED_SNAPSHOT_DATE,,,2026-09-30T17:29:59+08:00,CXHB1800078,,,COMPLETE,d93dbc06fb0ee6a5b918956acbbe45aa,600276.SH,EXACT_APPLICANT_TOKEN_IN_OFFICIAL_MULTI_APPLICANT_FIELD,DELIMITED_APPLICANT_TOKEN_EXACT,江苏恒瑞医药股份有限公司,"{""affiliate_inference_used"": false, ""mapping_match_mode"": ""DELIMITED_APPLICANT_TOKEN_EXACT"", ""matched_applicant_token"": ""江苏恒瑞医药股份有限公司"", ""official_applicant_field"": ""江苏恒瑞医药股份有限公司;江苏恒瑞医药股份有限公司"", ""registry_evidence"": {""listed_issuer_legal_name"": ""江苏恒瑞医药股份有限公司"", ""security_code"": ""600276"", ""security_short_name"": ""恒瑞医药"", ""source_document_date"": ""2026-04-17"", ""source_kind"": ""SSE_OFFICIAL_ISSUER_DISCLOSURE"", ""source_url"": ""https://www.sse.com.cn/disclosure/listedinfo/announcement/c/new/2026-04-17/600276_20260417_XMOL.pdf""}, ""substring_matching_used"": false}"
临床试验默示许可,official:d9438c263ef8ecc7b30633f8e7b0b668,福建盛迪医药有限公司;江苏恒瑞医药股份有限公司;北京拓界生物医药科技有限公司,HRS-4729注射液,慢性肾脏病,https://www.cde.org.cn/main/xxgk/listpage/4b5255eb0a84820cef4ca3e8b6bbe20c,FIRST_OBSERVED_SNAPSHOT_DATE,,,2026-09-30T17:29:59+08:00,CXHL2600852,1,,COMPLETE,d9438c263ef8ecc7b30633f8e7b0b668,600276.SH,EXACT_APPLICANT_TOKEN_IN_OFFICIAL_MULTI_APPLICANT_FIELD,DELIMITED_APPLICANT_TOKEN_EXACT,江苏恒瑞医药股份有限公司,"{""affiliate_inference_used"": false, ""mapping_match_mode"": ""DELIMITED_APPLICANT_TOKEN_EXACT"", ""matched_applicant_token"": ""江苏恒瑞医药股份有限公司"", ""official_applicant_field"": ""福建盛迪医药有限公司;江苏恒瑞医药股份有限公司;北京拓界生物医药科技有限公司"", ""registry_evidence"": {""listed_issuer_legal_name"": ""江苏恒瑞医药股份有限公司"", ""security_code"": ""600276"", ""security_short_name"": ""恒瑞医药"", ""source_document_date"": ""2026-04-17"", ""source_kind"": ""SSE_OFFICIAL_ISSUER_DISCLOSURE"", ""source_url"": ""https://www.sse.com.cn/disclosure/listedinfo/announcement/c/new/2026-04-17/600276_20260417_XMOL.pdf""}, ""substring_matching_used"": false}"
临床试验默示许可,official:d9c0d2ed1dc40bf285005181a54dba1c,上海恒瑞医药有限公司;江苏恒瑞医药股份有限公司;苏州盛迪亚生物医药有限公司,SHR-1316注射液,SHR-1501联合SHR-1316用于标准治疗失败的晚期恶性肿瘤患者。,https://www.cde.org.cn/main/xxgk/listpage/4b5255eb0a84820cef4ca3e8b6bbe20c,FIRST_OBSERVED_SNAPSHOT_DATE,,,2026-09-30T17:29:59+08:00,CXSL1900046,1,,COMPLETE,d9c0d2ed1dc40bf285005181a54dba1c,600276.SH,EXACT_APPLICANT_TOKEN_IN_OFFICIAL_MULTI_APPLICANT_FIELD,DELIMITED_APPLICANT_TOKEN_EXACT,江苏恒瑞医药股份有限公司,"{""affiliate_inference_used"": false, ""mapping_match_mode"": ""DELIMITED_APPLICANT_TOKEN_EXACT"", ""matched_applicant_token"": ""江苏恒瑞医药股份有限公司"", ""official_applicant_field"": ""上海恒瑞医药有限公司;江苏恒瑞医药股份有限公司;苏州盛迪亚生物医药有限公司"", ""registry_evidence"": {""listed_issuer_legal_name"": ""江苏恒瑞医药股份有限公司"", ""security_code"": ""600276"", ""security_short_name"": ""恒瑞医药"", ""source_document_date"": ""2026-04-17"", ""source_kind"": ""SSE_OFFICIAL_ISSUER_DISCLOSURE"", ""source_url"": ""https://www.sse.com.cn/disclosure/listedinfo/announcement/c/new/2026-04-17/600276_20260417_XMOL.pdf""}, ""substring_matching_used"": false}"
临床试验默示许可,official:d9e0a9aad36876487e9be21fa29c4689,江苏恒瑞医药股份有限公司;江苏恒瑞医药股份有限公司,SHR2285片,适应症:预防或治疗动静脉血栓，以及降低介入治疗或体外循环引起的血栓栓塞风险。,https://www.cde.org.cn/main/xxgk/listpage/4b5255eb0a84820cef4ca3e8b6bbe20c,FIRST_OBSERVED_SNAPSHOT_DATE,,,2026-09-30T17:29:59+08:00,CXHB2000017,1类,,COMPLETE,d9e0a9aad36876487e9be21fa29c4689,600276.SH,EXACT_APPLICANT_TOKEN_IN_OFFICIAL_MULTI_APPLICANT_FIELD,DELIMITED_APPLICANT_TOKEN_EXACT,江苏恒瑞医药股份有限公司,"{""affiliate_inference_used"": false, ""mapping_match_mode"": ""DELIMITED_APPLICANT_TOKEN_EXACT"", ""matched_applicant_token"": ""江苏恒瑞医药股份有限公司"", ""official_applicant_field"": ""江苏恒瑞医药股份有限公司;江苏恒瑞医药股份有限公司"", ""registry_evidence"": {""listed_issuer_legal_name"": ""江苏恒瑞医药股份有限公司"", ""security_code"": ""600276"", ""security_short_name"": ""恒瑞医药"", ""source_document_date"": ""2026-04-17"", ""source_kind"": ""SSE_OFFICIAL_ISSUER_DISCLOSURE"", ""source_url"": ""https://www.sse.com.cn/disclosure/listedinfo/announcement/c/new/2026-04-17/600276_20260417_XMOL.pdf""}, ""substring_matching_used"": false}"
临床试验默示许可,official:da11a0c673d65250906224f1340c8c76,江苏恒瑞医药股份有限公司;江苏恒瑞医药股份有限公司,盐酸伊立替康脂质体注射液,本品用于既往经过含铂类方案治疗，且既往治疗线数不超过2线的局部晚期或转移性食管癌患者的治疗。,https://www.cde.org.cn/main/xxgk/listpage/4b5255eb0a84820cef4ca3e8b6bbe20c,FIRST_OBSERVED_SNAPSHOT_DATE,,,2026-09-30T17:29:59+08:00,CXHL2200080,2.2,,COMPLETE,da11a0c673d65250906224f1340c8c76,600276.SH,EXACT_APPLICANT_TOKEN_IN_OFFICIAL_MULTI_APPLICANT_FIELD,DELIMITED_APPLICANT_TOKEN_EXACT,江苏恒瑞医药股份有限公司,"{""affiliate_inference_used"": false, ""mapping_match_mode"": ""DELIMITED_APPLICANT_TOKEN_EXACT"", ""matched_applicant_token"": ""江苏恒瑞医药股份有限公司"", ""official_applicant_field"": ""江苏恒瑞医药股份有限公司;江苏恒瑞医药股份有限公司"", ""registry_evidence"": {""listed_issuer_legal_name"": ""江苏恒瑞医药股份有限公司"", ""security_code"": ""600276"", ""security_short_name"": ""恒瑞医药"", ""source_document_date"": ""2026-04-17"", ""source_kind"": ""SSE_OFFICIAL_ISSUER_DISCLOSURE"", ""source_url"": ""https://www.sse.com.cn/disclosure/listedinfo/announcement/c/new/2026-04-17/600276_20260417_XMOL.pdf""}, ""substring_matching_used"": false}"
临床试验默示许可,official:da416db8234a93197573e92490b5f583,上海恒瑞医药有限公司;江苏恒瑞医药股份有限公司,HRS2543片,晚期恶性肿瘤,https://www.cde.org.cn/main/xxgk/listpage/4b5255eb0a84820cef4ca3e8b6bbe20c,FIRST_OBSERVED_SNAPSHOT_DATE,,,2026-09-30T17:29:59+08:00,CXHL2100034,1,,COMPLETE,da416db8234a93197573e92490b5f583,600276.SH,EXACT_APPLICANT_TOKEN_IN_OFFICIAL_MULTI_APPLICANT_FIELD,DELIMITED_APPLICANT_TOKEN_EXACT,江苏恒瑞医药股份有限公司,"{""affiliate_inference_used"": false, ""mapping_match_mode"": ""DELIMITED_APPLICANT_TOKEN_EXACT"", ""matched_applicant_token"": ""江苏恒瑞医药股份有限公司"", ""official_applicant_field"": ""上海恒瑞医药有限公司;江苏恒瑞医药股份有限公司"", ""registry_evidence"": {""listed_issuer_legal_name"": ""江苏恒瑞医药股份有限公司"", ""security_code"": ""600276"", ""security_short_name"": ""恒瑞医药"", ""source_document_date"": ""2026-04-17"", ""source_kind"": ""SSE_OFFICIAL_ISSUER_DISCLOSURE"", ""source_url"": ""https://www.sse.com.cn/disclosure/listedinfo/announcement/c/new/2026-04-17/600276_20260417_XMOL.pdf""}, ""substring_matching_used"": false}"
临床试验默示许可,official:da6f0c9c3793af03966399d115a1e943,江苏恒瑞医药股份有限公司,HR17031注射液,配合饮食控制和运动，用于改善2型糖尿病患者的血糖控制。,https://www.cde.org.cn/main/xxgk/listpage/4b5255eb0a84820cef4ca3e8b6bbe20c,FIRST_OBSERVED_SNAPSHOT_DATE,,,2026-09-30T17:29:59+08:00,CXSB2300060,1,,COMPLETE,da6f0c9c3793af03966399d115a1e943,600276.SH,EXACT_LISTED_ISSUER_LEGAL_NAME,WHOLE_FIELD_EXACT,江苏恒瑞医药股份有限公司,"{""affiliate_inference_used"": false, ""mapping_match_mode"": ""WHOLE_FIELD_EXACT"", ""matched_applicant_token"": ""江苏恒瑞医药股份有限公司"", ""official_applicant_field"": ""江苏恒瑞医药股份有限公司"", ""registry_evidence"": {""listed_issuer_legal_name"": ""江苏恒瑞医药股份有限公司"", ""security_code"": ""600276"", ""security_short_name"": ""恒瑞医药"", ""source_document_date"": ""2026-04-17"", ""source_kind"": ""SSE_OFFICIAL_ISSUER_DISCLOSURE"", ""source_url"": ""https://www.sse.com.cn/disclosure/listedinfo/announcement/c/new/2026-04-17/600276_20260417_XMOL.pdf""}, ""substring_matching_used"": false}"
临床试验默示许可,official:da97f0c3e660322099f6bb47ff1a5bff,江苏恒瑞医药股份有限公司,SHR8554注射液,本品联合SHR0410拟临床用于术后急性中到重度疼痛的治疗,https://www.cde.org.cn/main/xxgk/listpage/4b5255eb0a84820cef4ca3e8b6bbe20c,FIRST_OBSERVED_SNAPSHOT_DATE,,,2026-09-30T17:29:59+08:00,CXHL2101403,1,,COMPLETE,da97f0c3e660322099f6bb47ff1a5bff,600276.SH,EXACT_LISTED_ISSUER_LEGAL_NAME,WHOLE_FIELD_EXACT,江苏恒瑞医药股份有限公司,"{""affiliate_inference_used"": false, ""mapping_match_mode"": ""WHOLE_FIELD_EXACT"", ""matched_applicant_token"": ""江苏恒瑞医药股份有限公司"", ""official_applicant_field"": ""江苏恒瑞医药股份有限公司"", ""registry_evidence"": {""listed_issuer_legal_name"": ""江苏恒瑞医药股份有限公司"", ""security_code"": ""600276"", ""security_short_name"": ""恒瑞医药"", ""source_document_date"": ""2026-04-17"", ""source_kind"": ""SSE_OFFICIAL_ISSUER_DISCLOSURE"", ""source_url"": ""https://www.sse.com.cn/disclosure/listedinfo/announcement/c/new/2026-04-17/600276_20260417_XMOL.pdf""}, ""substring_matching_used"": false}"
临床试验默示许可,official:dc6b202627a6b69ad1f6fd03dcffb9df,苏州盛迪亚生物医药有限公司;苏州盛迪亚生物医药有限公司;江苏恒瑞医药股份有限公司;上海恒瑞医药有限公司,注射用卡瑞利珠单抗,本品与白蛋白紫杉醇和阿帕替尼联合，用于既往针对复发转移阶段未接受过系统性抗肿瘤治疗的无法手术切除的局部晚期或转移性三阴性乳腺癌。,https://www.cde.org.cn/main/xxgk/listpage/4b5255eb0a84820cef4ca3e8b6bbe20c,FIRST_OBSERVED_SNAPSHOT_DATE,,,2026-09-30T17:29:59+08:00,CXSL1900123,1,,COMPLETE,dc6b202627a6b69ad1f6fd03dcffb9df,600276.SH,EXACT_APPLICANT_TOKEN_IN_OFFICIAL_MULTI_APPLICANT_FIELD,DELIMITED_APPLICANT_TOKEN_EXACT,江苏恒瑞医药股份有限公司,"{""affiliate_inference_used"": false, ""mapping_match_mode"": ""DELIMITED_APPLICANT_TOKEN_EXACT"", ""matched_applicant_token"": ""江苏恒瑞医药股份有限公司"", ""official_applicant_field"": ""苏州盛迪亚生物医药有限公司;苏州盛迪亚生物医药有限公司;江苏恒瑞医药股份有限公司;上海恒瑞医药有限公司"", ""registry_evidence"": {""listed_issuer_legal_name"": ""江苏恒瑞医药股份有限公司"", ""security_code"": ""600276"", ""security_short_name"": ""恒瑞医药"", ""source_document_date"": ""2026-04-17"", ""source_kind"": ""SSE_OFFICIAL_ISSUER_DISCLOSURE"", ""source_url"": ""https://www.sse.com.cn/disclosure/listedinfo/announcement/c/new/2026-04-17/600276_20260417_XMOL.pdf""}, ""substring_matching_used"": false}"
临床试验默示许可,official:dcbf54642774c24fbda0aa76106b90ac,江苏恒瑞医药股份有限公司,SHR-3167注射液,糖尿病,https://www.cde.org.cn/main/xxgk/listpage/4b5255eb0a84820cef4ca3e8b6bbe20c,FIRST_OBSERVED_SNAPSHOT_DATE,,,2026-09-30T17:29:59+08:00,CXSB2400087,1,,COMPLETE,dcbf54642774c24fbda0aa76106b90ac,600276.SH,EXACT_LISTED_ISSUER_LEGAL_NAME,WHOLE_FIELD_EXACT,江苏恒瑞医药股份有限公司,"{""affiliate_inference_used"": false, ""mapping_match_mode"": ""WHOLE_FIELD_EXACT"", ""matched_applicant_token"": ""江苏恒瑞医药股份有限公司"", ""official_applicant_field"": ""江苏恒瑞医药股份有限公司"", ""registry_evidence"": {""listed_issuer_legal_name"": ""江苏恒瑞医药股份有限公司"", ""security_code"": ""600276"", ""security_short_name"": ""恒瑞医药"", ""source_document_date"": ""2026-04-17"", ""source_kind"": ""SSE_OFFICIAL_ISSUER_DISCLOSURE"", ""source_url"": ""https://www.sse.com.cn/disclosure/listedinfo/announcement/c/new/2026-04-17/600276_20260417_XMOL.pdf""}, ""substring_matching_used"": false}"
临床试验默示许可,official:dcc4303137b364da844ecba4f334fbe4,上海恒瑞医药有限公司;江苏恒瑞医药股份有限公司;苏州盛迪亚生物医药有限公司,SHR-1316注射液,SHR-1704联合SHR-1316用于标准治疗失败的晚期恶性肿瘤患者。,https://www.cde.org.cn/main/xxgk/listpage/4b5255eb0a84820cef4ca3e8b6bbe20c,FIRST_OBSERVED_SNAPSHOT_DATE,,,2026-09-30T17:29:59+08:00,CXSL1900056,1,,COMPLETE,dcc4303137b364da844ecba4f334fbe4,600276.SH,EXACT_APPLICANT_TOKEN_IN_OFFICIAL_MULTI_APPLICANT_FIELD,DELIMITED_APPLICANT_TOKEN_EXACT,江苏恒瑞医药股份有限公司,"{""affiliate_inference_used"": false, ""mapping_match_mode"": ""DELIMITED_APPLICANT_TOKEN_EXACT"", ""matched_applicant_token"": ""江苏恒瑞医药股份有限公司"", ""official_applicant_field"": ""上海恒瑞医药有限公司;江苏恒瑞医药股份有限公司;苏州盛迪亚生物医药有限公司"", ""registry_evidence"": {""listed_issuer_legal_name"": ""江苏恒瑞医药股份有限公司"", ""security_code"": ""600276"", ""security_short_name"": ""恒瑞医药"", ""source_document_date"": ""2026-04-17"", ""source_kind"": ""SSE_OFFICIAL_ISSUER_DISCLOSURE"", ""source_url"": ""https://www.sse.com.cn/disclosure/listedinfo/announcement/c/new/2026-04-17/600276_20260417_XMOL.pdf""}, ""substring_matching_used"": false}"
临床试验默示许可,official:dcdd173486a963b16821a9b662779417,苏州盛迪亚生物医药有限公司;苏州盛迪亚生物医药有限公司;江苏恒瑞医药股份有限公司;上海恒瑞医药有限公司,注射用卡瑞利珠单抗,注射用卡瑞利珠单抗联合顺铂和吉西他滨一线治疗局部晚期复发或转移鼻咽癌。,https://www.cde.org.cn/main/xxgk/listpage/4b5255eb0a84820cef4ca3e8b6bbe20c,FIRST_OBSERVED_SNAPSHOT_DATE,,,2026-09-30T17:29:59+08:00,CXSL1900055,1,,COMPLETE,dcdd173486a963b16821a9b662779417,600276.SH,EXACT_APPLICANT_TOKEN_IN_OFFICIAL_MULTI_APPLICANT_FIELD,DELIMITED_APPLICANT_TOKEN_EXACT,江苏恒瑞医药股份有限公司,"{""affiliate_inference_used"": false, ""mapping_match_mode"": ""DELIMITED_APPLICANT_TOKEN_EXACT"", ""matched_applicant_token"": ""江苏恒瑞医药股份有限公司"", ""official_applicant_field"": ""苏州盛迪亚生物医药有限公司;苏州盛迪亚生物医药有限公司;江苏恒瑞医药股份有限公司;上海恒瑞医药有限公司"", ""registry_evidence"": {""listed_issuer_legal_name"": ""江苏恒瑞医药股份有限公司"", ""security_code"": ""600276"", ""security_short_name"": ""恒瑞医药"", ""source_document_date"": ""2026-04-17"", ""source_kind"": ""SSE_OFFICIAL_ISSUER_DISCLOSURE"", ""source_url"": ""https://www.sse.com.cn/disclosure/listedinfo/announcement/c/new/2026-04-17/600276_20260417_XMOL.pdf""}, ""substring_matching_used"": false}"
临床试验默示许可,official:dda5103e060257f3c610fe7a3c41b19c,江苏恒瑞医药股份有限公司;上海恒瑞医药有限公司;苏州盛迪亚生物医药有限公司;成都新越医药有限公司,HRS9950片,本品临床拟用于慢性乙型肝炎的治疗。,https://www.cde.org.cn/main/xxgk/listpage/4b5255eb0a84820cef4ca3e8b6bbe20c,FIRST_OBSERVED_SNAPSHOT_DATE,,,2026-09-30T17:29:59+08:00,CXHL2000150,1,,COMPLETE,dda5103e060257f3c610fe7a3c41b19c,600276.SH,EXACT_APPLICANT_TOKEN_IN_OFFICIAL_MULTI_APPLICANT_FIELD,DELIMITED_APPLICANT_TOKEN_EXACT,江苏恒瑞医药股份有限公司,"{""affiliate_inference_used"": false, ""mapping_match_mode"": ""DELIMITED_APPLICANT_TOKEN_EXACT"", ""matched_applicant_token"": ""江苏恒瑞医药股份有限公司"", ""official_applicant_field"": ""江苏恒瑞医药股份有限公司;上海恒瑞医药有限公司;苏州盛迪亚生物医药有限公司;成都新越医药有限公司"", ""registry_evidence"": {""listed_issuer_legal_name"": ""江苏恒瑞医药股份有限公司"", ""security_code"": ""600276"", ""security_short_name"": ""恒瑞医药"", ""source_document_date"": ""2026-04-17"", ""source_kind"": ""SSE_OFFICIAL_ISSUER_DISCLOSURE"", ""source_url"": ""https://www.sse.com.cn/disclosure/listedinfo/announcement/c/new/2026-04-17/600276_20260417_XMOL.pdf""}, ""substring_matching_used"": false}"
临床试验默示许可,official:de01481e1e05a6402505ee0c7df752fa,江苏恒瑞医药股份有限公司;江苏恒瑞医药股份有限公司;苏州盛迪亚生物医药有限公司;中国药科大学,DDO-3055片,本品临床拟用于慢性肾病所致贫血（包括透析和非透析）的治疗,https://www.cde.org.cn/main/xxgk/listpage/4b5255eb0a84820cef4ca3e8b6bbe20c,FIRST_OBSERVED_SNAPSHOT_DATE,,,2026-09-30T17:29:59+08:00,CXHL1900066,1,,COMPLETE,de01481e1e05a6402505ee0c7df752fa,600276.SH,EXACT_APPLICANT_TOKEN_IN_OFFICIAL_MULTI_APPLICANT_FIELD,DELIMITED_APPLICANT_TOKEN_EXACT,江苏恒瑞医药股份有限公司,"{""affiliate_inference_used"": false, ""mapping_match_mode"": ""DELIMITED_APPLICANT_TOKEN_EXACT"", ""matched_applicant_token"": ""江苏恒瑞医药股份有限公司"", ""official_applicant_field"": ""江苏恒瑞医药股份有限公司;江苏恒瑞医药股份有限公司;苏州盛迪亚生物医药有限公司;中国药科大学"", ""registry_evidence"": {""listed_issuer_legal_name"": ""江苏恒瑞医药股份有限公司"", ""security_code"": ""600276"", ""security_short_name"": ""恒瑞医药"", ""source_document_date"": ""2026-04-17"", ""source_kind"": ""SSE_OFFICIAL_ISSUER_DISCLOSURE"", ""source_url"": ""https://www.sse.com.cn/disclosure/listedinfo/announcement/c/new/2026-04-17/600276_20260417_XMOL.pdf""}, ""substring_matching_used"": false}"
临床试验默示许可,official:de53b177280f850db81ec76f37df1c7a,江苏恒瑞医药股份有限公司;江苏恒瑞医药股份有限公司;上海恒瑞医药有限公司,马来酸吡咯替尼片,本品单药拟用于HER2突变的、既往接受过标准化疗的晚期非小细胞肺腺癌患者的治疗。,https://www.cde.org.cn/main/xxgk/listpage/4b5255eb0a84820cef4ca3e8b6bbe20c,FIRST_OBSERVED_SNAPSHOT_DATE,,,2026-09-30T17:29:59+08:00,CXHL1900207,2.4,,COMPLETE,de53b177280f850db81ec76f37df1c7a,600276.SH,EXACT_APPLICANT_TOKEN_IN_OFFICIAL_MULTI_APPLICANT_FIELD,DELIMITED_APPLICANT_TOKEN_EXACT,江苏恒瑞医药股份有限公司,"{""affiliate_inference_used"": false, ""mapping_match_mode"": ""DELIMITED_APPLICANT_TOKEN_EXACT"", ""matched_applicant_token"": ""江苏恒瑞医药股份有限公司"", ""official_applicant_field"": ""江苏恒瑞医药股份有限公司;江苏恒瑞医药股份有限公司;上海恒瑞医药有限公司"", ""registry_evidence"": {""listed_issuer_legal_name"": ""江苏恒瑞医药股份有限公司"", ""security_code"": ""600276"", ""security_short_name"": ""恒瑞医药"", ""source_document_date"": ""2026-04-17"", ""source_kind"": ""SSE_OFFICIAL_ISSUER_DISCLOSURE"", ""source_url"": ""https://www.sse.com.cn/disclosure/listedinfo/announcement/c/new/2026-04-17/600276_20260417_XMOL.pdf""}, ""substring_matching_used"": false}"
临床试验默示许可,official:def8e8817550964d13470dbe6dde4de3,苏州盛迪亚生物医药有限公司;苏州盛迪亚生物医药有限公司;江苏恒瑞医药股份有限公司;上海恒瑞医药有限公司,注射用卡瑞利珠单抗,注射用卡瑞利珠单抗联合卡培他滨和奥沙利铂序贯卡瑞利珠单抗联合甲磺酸阿帕替尼治疗既往未接受过系统治疗的晚期或转移性胃癌（GC）或胃食管交界处癌（GEJ）。,https://www.cde.org.cn/main/xxgk/listpage/4b5255eb0a84820cef4ca3e8b6bbe20c,FIRST_OBSERVED_SNAPSHOT_DATE,,,2026-09-30T17:29:59+08:00,CXSL1900036,1,,COMPLETE,def8e8817550964d13470dbe6dde4de3,600276.SH,EXACT_APPLICANT_TOKEN_IN_OFFICIAL_MULTI_APPLICANT_FIELD,DELIMITED_APPLICANT_TOKEN_EXACT,江苏恒瑞医药股份有限公司,"{""affiliate_inference_used"": false, ""mapping_match_mode"": ""DELIMITED_APPLICANT_TOKEN_EXACT"", ""matched_applicant_token"": ""江苏恒瑞医药股份有限公司"", ""official_applicant_field"": ""苏州盛迪亚生物医药有限公司;苏州盛迪亚生物医药有限公司;江苏恒瑞医药股份有限公司;上海恒瑞医药有限公司"", ""registry_evidence"": {""listed_issuer_legal_name"": ""江苏恒瑞医药股份有限公司"", ""security_code"": ""600276"", ""security_short_name"": ""恒瑞医药"", ""source_document_date"": ""2026-04-17"", ""source_kind"": ""SSE_OFFICIAL_ISSUER_DISCLOSURE"", ""source_url"": ""https://www.sse.com.cn/disclosure/listedinfo/announcement/c/new/2026-04-17/600276_20260417_XMOL.pdf""}, ""substring_matching_used"": false}"
临床试验默示许可,official:defb94a123d5699ba0626a78b8e4c94e,江苏恒瑞医药股份有限公司,HRS-6093片,HRS-6093联合HRS-6719±阿得贝利单抗±化疗；或联合HRS-6719±SHR-9839(sc)±化疗用于实体瘤的治疗,https://www.cde.org.cn/main/xxgk/listpage/4b5255eb0a84820cef4ca3e8b6bbe20c,FIRST_OBSERVED_SNAPSHOT_DATE,,,2026-09-30T17:29:59+08:00,CXHL2600232,1,,COMPLETE,defb94a123d5699ba0626a78b8e4c94e,600276.SH,EXACT_LISTED_ISSUER_LEGAL_NAME,WHOLE_FIELD_EXACT,江苏恒瑞医药股份有限公司,"{""affiliate_inference_used"": false, ""mapping_match_mode"": ""WHOLE_FIELD_EXACT"", ""matched_applicant_token"": ""江苏恒瑞医药股份有限公司"", ""official_applicant_field"": ""江苏恒瑞医药股份有限公司"", ""registry_evidence"": {""listed_issuer_legal_name"": ""江苏恒瑞医药股份有限公司"", ""security_code"": ""600276"", ""security_short_name"": ""恒瑞医药"", ""source_document_date"": ""2026-04-17"", ""source_kind"": ""SSE_OFFICIAL_ISSUER_DISCLOSURE"", ""source_url"": ""https://www.sse.com.cn/disclosure/listedinfo/announcement/c/new/2026-04-17/600276_20260417_XMOL.pdf""}, ""substring_matching_used"": false}"
临床试验默示许可,official:e04270f77a1f87670212c9939cd582e4,江苏恒瑞医药股份有限公司,HRS7415片,晚期恶性肿瘤,https://www.cde.org.cn/main/xxgk/listpage/4b5255eb0a84820cef4ca3e8b6bbe20c,FIRST_OBSERVED_SNAPSHOT_DATE,,,2026-09-30T17:29:59+08:00,CXHL2101358,1,,COMPLETE,e04270f77a1f87670212c9939cd582e4,600276.SH,EXACT_LISTED_ISSUER_LEGAL_NAME,WHOLE_FIELD_EXACT,江苏恒瑞医药股份有限公司,"{""affiliate_inference_used"": false, ""mapping_match_mode"": ""WHOLE_FIELD_EXACT"", ""matched_applicant_token"": ""江苏恒瑞医药股份有限公司"", ""official_applicant_field"": ""江苏恒瑞医药股份有限公司"", ""registry_evidence"": {""listed_issuer_legal_name"": ""江苏恒瑞医药股份有限公司"", ""security_code"": ""600276"", ""security_short_name"": ""恒瑞医药"", ""source_document_date"": ""2026-04-17"", ""source_kind"": ""SSE_OFFICIAL_ISSUER_DISCLOSURE"", ""source_url"": ""https://www.sse.com.cn/disclosure/listedinfo/announcement/c/new/2026-04-17/600276_20260417_XMOL.pdf""}, ""substring_matching_used"": false}"
临床试验默示许可,official:e10502e061dc986cc361a1dbec70566c,江苏恒瑞医药股份有限公司,HRS-3738片,"多发性骨髓瘤(Multiple myeloma, MM)和非霍奇金淋巴瘤(Non-hodgkin lymphoma, NHL)",https://www.cde.org.cn/main/xxgk/listpage/4b5255eb0a84820cef4ca3e8b6bbe20c,FIRST_OBSERVED_SNAPSHOT_DATE,,,2026-09-30T17:29:59+08:00,CXHL2101570,化学药品1类,,COMPLETE,e10502e061dc986cc361a1dbec70566c,600276.SH,EXACT_LISTED_ISSUER_LEGAL_NAME,WHOLE_FIELD_EXACT,江苏恒瑞医药股份有限公司,"{""affiliate_inference_used"": false, ""mapping_match_mode"": ""WHOLE_FIELD_EXACT"", ""matched_applicant_token"": ""江苏恒瑞医药股份有限公司"", ""official_applicant_field"": ""江苏恒瑞医药股份有限公司"", ""registry_evidence"": {""listed_issuer_legal_name"": ""江苏恒瑞医药股份有限公司"", ""security_code"": ""600276"", ""security_short_name"": ""恒瑞医药"", ""source_document_date"": ""2026-04-17"", ""source_kind"": ""SSE_OFFICIAL_ISSUER_DISCLOSURE"", ""source_url"": ""https://www.sse.com.cn/disclosure/listedinfo/announcement/c/new/2026-04-17/600276_20260417_XMOL.pdf""}, ""substring_matching_used"": false}"
临床试验默示许可,official:e1683234183f9aa1ccf0824a2fa251bc,上海恒瑞医药有限公司;江苏恒瑞医药股份有限公司,HRS8807片,乳腺癌,https://www.cde.org.cn/main/xxgk/listpage/4b5255eb0a84820cef4ca3e8b6bbe20c,FIRST_OBSERVED_SNAPSHOT_DATE,,,2026-09-30T17:29:59+08:00,CXHL2100138,1,,COMPLETE,e1683234183f9aa1ccf0824a2fa251bc,600276.SH,EXACT_APPLICANT_TOKEN_IN_OFFICIAL_MULTI_APPLICANT_FIELD,DELIMITED_APPLICANT_TOKEN_EXACT,江苏恒瑞医药股份有限公司,"{""affiliate_inference_used"": false, ""mapping_match_mode"": ""DELIMITED_APPLICANT_TOKEN_EXACT"", ""matched_applicant_token"": ""江苏恒瑞医药股份有限公司"", ""official_applicant_field"": ""上海恒瑞医药有限公司;江苏恒瑞医药股份有限公司"", ""registry_evidence"": {""listed_issuer_legal_name"": ""江苏恒瑞医药股份有限公司"", ""security_code"": ""600276"", ""security_short_name"": ""恒瑞医药"", ""source_document_date"": ""2026-04-17"", ""source_kind"": ""SSE_OFFICIAL_ISSUER_DISCLOSURE"", ""source_url"": ""https://www.sse.com.cn/disclosure/listedinfo/announcement/c/new/2026-04-17/600276_20260417_XMOL.pdf""}, ""substring_matching_used"": false}"
临床试验默示许可,official:e1da4adac1ada8df6d4603726ebb5bc3,江苏恒瑞医药股份有限公司,门冬胰岛素注射液,用于治疗糖尿病。,https://www.cde.org.cn/main/xxgk/listpage/4b5255eb0a84820cef4ca3e8b6bbe20c,FIRST_OBSERVED_SNAPSHOT_DATE,,,2026-09-30T17:29:59+08:00,CXSL2400058,3.3,,COMPLETE,e1da4adac1ada8df6d4603726ebb5bc3,600276.SH,EXACT_LISTED_ISSUER_LEGAL_NAME,WHOLE_FIELD_EXACT,江苏恒瑞医药股份有限公司,"{""affiliate_inference_used"": false, ""mapping_match_mode"": ""WHOLE_FIELD_EXACT"", ""matched_applicant_token"": ""江苏恒瑞医药股份有限公司"", ""official_applicant_field"": ""江苏恒瑞医药股份有限公司"", ""registry_evidence"": {""listed_issuer_legal_name"": ""江苏恒瑞医药股份有限公司"", ""security_code"": ""600276"", ""security_short_name"": ""恒瑞医药"", ""source_document_date"": ""2026-04-17"", ""source_kind"": ""SSE_OFFICIAL_ISSUER_DISCLOSURE"", ""source_url"": ""https://www.sse.com.cn/disclosure/listedinfo/announcement/c/new/2026-04-17/600276_20260417_XMOL.pdf""}, ""substring_matching_used"": false}"
临床试验默示许可,official:e1fad037a34602f22e5bf700b698e92f,江苏恒瑞医药股份有限公司,瑞维鲁胺片,本品（二代AR抑制剂）联合或不联合注射用SHR-4394联合或不联合HRS-5041片用于前列腺癌。,https://www.cde.org.cn/main/xxgk/listpage/4b5255eb0a84820cef4ca3e8b6bbe20c,FIRST_OBSERVED_SNAPSHOT_DATE,,,2026-09-30T17:29:59+08:00,CXHL2501067,2.4,,COMPLETE,e1fad037a34602f22e5bf700b698e92f,600276.SH,EXACT_LISTED_ISSUER_LEGAL_NAME,WHOLE_FIELD_EXACT,江苏恒瑞医药股份有限公司,"{""affiliate_inference_used"": false, ""mapping_match_mode"": ""WHOLE_FIELD_EXACT"", ""matched_applicant_token"": ""江苏恒瑞医药股份有限公司"", ""official_applicant_field"": ""江苏恒瑞医药股份有限公司"", ""registry_evidence"": {""listed_issuer_legal_name"": ""江苏恒瑞医药股份有限公司"", ""security_code"": ""600276"", ""security_short_name"": ""恒瑞医药"", ""source_document_date"": ""2026-04-17"", ""source_kind"": ""SSE_OFFICIAL_ISSUER_DISCLOSURE"", ""source_url"": ""https://www.sse.com.cn/disclosure/listedinfo/announcement/c/new/2026-04-17/600276_20260417_XMOL.pdf""}, ""substring_matching_used"": false}"
临床试验默示许可,official:e22be88e668d4faa457e61a1cf92cc97,江苏恒瑞医药股份有限公司,HR091506片,适用于痛风患者高尿酸血症的长期治疗。不推荐用于无临床症状的高尿酸血症。,https://www.cde.org.cn/main/xxgk/listpage/4b5255eb0a84820cef4ca3e8b6bbe20c,FIRST_OBSERVED_SNAPSHOT_DATE,,,2026-09-30T17:29:59+08:00,CXHB2200005,2.2,,COMPLETE,e22be88e668d4faa457e61a1cf92cc97,600276.SH,EXACT_LISTED_ISSUER_LEGAL_NAME,WHOLE_FIELD_EXACT,江苏恒瑞医药股份有限公司,"{""affiliate_inference_used"": false, ""mapping_match_mode"": ""WHOLE_FIELD_EXACT"", ""matched_applicant_token"": ""江苏恒瑞医药股份有限公司"", ""official_applicant_field"": ""江苏恒瑞医药股份有限公司"", ""registry_evidence"": {""listed_issuer_legal_name"": ""江苏恒瑞医药股份有限公司"", ""security_code"": ""600276"", ""security_short_name"": ""恒瑞医药"", ""source_document_date"": ""2026-04-17"", ""source_kind"": ""SSE_OFFICIAL_ISSUER_DISCLOSURE"", ""source_url"": ""https://www.sse.com.cn/disclosure/listedinfo/announcement/c/new/2026-04-17/600276_20260417_XMOL.pdf""}, ""substring_matching_used"": false}"
临床试验默示许可,official:e22cdd59b8f7264a57e5ac01e479c676,江苏恒瑞医药股份有限公司,罂粟乙碘油注射液,1.用于碘缺乏病的治疗；2.淋巴造影；3.子宫输卵管造影。,https://www.cde.org.cn/main/xxgk/listpage/4b5255eb0a84820cef4ca3e8b6bbe20c,FIRST_OBSERVED_SNAPSHOT_DATE,,,2026-09-30T17:29:59+08:00,CYHB1900591,,,COMPLETE,e22cdd59b8f7264a57e5ac01e479c676,600276.SH,EXACT_LISTED_ISSUER_LEGAL_NAME,WHOLE_FIELD_EXACT,江苏恒瑞医药股份有限公司,"{""affiliate_inference_used"": false, ""mapping_match_mode"": ""WHOLE_FIELD_EXACT"", ""matched_applicant_token"": ""江苏恒瑞医药股份有限公司"", ""official_applicant_field"": ""江苏恒瑞医药股份有限公司"", ""registry_evidence"": {""listed_issuer_legal_name"": ""江苏恒瑞医药股份有限公司"", ""security_code"": ""600276"", ""security_short_name"": ""恒瑞医药"", ""source_document_date"": ""2026-04-17"", ""source_kind"": ""SSE_OFFICIAL_ISSUER_DISCLOSURE"", ""source_url"": ""https://www.sse.com.cn/disclosure/listedinfo/announcement/c/new/2026-04-17/600276_20260417_XMOL.pdf""}, ""substring_matching_used"": false}"
临床试验默示许可,official:e29b33965deb0a982f2eaddaa6e12b5c,江苏恒瑞医药股份有限公司;江苏恒瑞医药股份有限公司;上海恒瑞医药有限公司,苹果酸法米替尼胶囊,本品与注射用卡瑞利珠单抗联用治疗晚期泌尿系统肿瘤及妇科肿瘤。,https://www.cde.org.cn/main/xxgk/listpage/4b5255eb0a84820cef4ca3e8b6bbe20c,FIRST_OBSERVED_SNAPSHOT_DATE,,,2026-09-30T17:29:59+08:00,CXHL1900440,1,,COMPLETE,e29b33965deb0a982f2eaddaa6e12b5c,600276.SH,EXACT_APPLICANT_TOKEN_IN_OFFICIAL_MULTI_APPLICANT_FIELD,DELIMITED_APPLICANT_TOKEN_EXACT,江苏恒瑞医药股份有限公司,"{""affiliate_inference_used"": false, ""mapping_match_mode"": ""DELIMITED_APPLICANT_TOKEN_EXACT"", ""matched_applicant_token"": ""江苏恒瑞医药股份有限公司"", ""official_applicant_field"": ""江苏恒瑞医药股份有限公司;江苏恒瑞医药股份有限公司;上海恒瑞医药有限公司"", ""registry_evidence"": {""listed_issuer_legal_name"": ""江苏恒瑞医药股份有限公司"", ""security_code"": ""600276"", ""security_short_name"": ""恒瑞医药"", ""source_document_date"": ""2026-04-17"", ""source_kind"": ""SSE_OFFICIAL_ISSUER_DISCLOSURE"", ""source_url"": ""https://www.sse.com.cn/disclosure/listedinfo/announcement/c/new/2026-04-17/600276_20260417_XMOL.pdf""}, ""substring_matching_used"": false}"
临床试验默示许可,official:e3c9010a85b029ae35ae4019d23f0ecf,江苏恒瑞医药股份有限公司;江苏恒瑞医药股份有限公司;上海恒瑞医药有限公司,马来酸吡咯替尼片,本品单药拟用于HER2突变的、既往接受过标准化疗的晚期非小细胞肺腺癌患者的治疗。,https://www.cde.org.cn/main/xxgk/listpage/4b5255eb0a84820cef4ca3e8b6bbe20c,FIRST_OBSERVED_SNAPSHOT_DATE,,,2026-09-30T17:29:59+08:00,CXHL1900208,2.4,,COMPLETE,e3c9010a85b029ae35ae4019d23f0ecf,600276.SH,EXACT_APPLICANT_TOKEN_IN_OFFICIAL_MULTI_APPLICANT_FIELD,DELIMITED_APPLICANT_TOKEN_EXACT,江苏恒瑞医药股份有限公司,"{""affiliate_inference_used"": false, ""mapping_match_mode"": ""DELIMITED_APPLICANT_TOKEN_EXACT"", ""matched_applicant_token"": ""江苏恒瑞医药股份有限公司"", ""official_applicant_field"": ""江苏恒瑞医药股份有限公司;江苏恒瑞医药股份有限公司;上海恒瑞医药有限公司"", ""registry_evidence"": {""listed_issuer_legal_name"": ""江苏恒瑞医药股份有限公司"", ""security_code"": ""600276"", ""security_short_name"": ""恒瑞医药"", ""source_document_date"": ""2026-04-17"", ""source_kind"": ""SSE_OFFICIAL_ISSUER_DISCLOSURE"", ""source_url"": ""https://www.sse.com.cn/disclosure/listedinfo/announcement/c/new/2026-04-17/600276_20260417_XMOL.pdf""}, ""substring_matching_used"": false}"
临床试验默示许可,official:e4102ede5fd5fe4f18d88b1a1eeb9c78,江苏恒瑞医药股份有限公司,海曲泊帕乙醇胺片,本品适用于计划接受有创性操作或手术的慢性肝病伴血小板减少症的成年患者。,https://www.cde.org.cn/main/xxgk/listpage/4b5255eb0a84820cef4ca3e8b6bbe20c,FIRST_OBSERVED_SNAPSHOT_DATE,,,2026-09-30T17:29:59+08:00,CXHL2400391,2.4,,COMPLETE,e4102ede5fd5fe4f18d88b1a1eeb9c78,600276.SH,EXACT_LISTED_ISSUER_LEGAL_NAME,WHOLE_FIELD_EXACT,江苏恒瑞医药股份有限公司,"{""affiliate_inference_used"": false, ""mapping_match_mode"": ""WHOLE_FIELD_EXACT"", ""matched_applicant_token"": ""江苏恒瑞医药股份有限公司"", ""official_applicant_field"": ""江苏恒瑞医药股份有限公司"", ""registry_evidence"": {""listed_issuer_legal_name"": ""江苏恒瑞医药股份有限公司"", ""security_code"": ""600276"", ""security_short_name"": ""恒瑞医药"", ""source_document_date"": ""2026-04-17"", ""source_kind"": ""SSE_OFFICIAL_ISSUER_DISCLOSURE"", ""source_url"": ""https://www.sse.com.cn/disclosure/listedinfo/announcement/c/new/2026-04-17/600276_20260417_XMOL.pdf""}, ""substring_matching_used"": false}"
临床试验默示许可,official:e49dc9091842ccc22031291ed8e25260,江苏恒瑞医药股份有限公司;江苏恒瑞医药股份有限公司,艾氟洛芬贴剂,本品用于骨关节炎的镇痛、消炎。,https://www.cde.org.cn/main/xxgk/listpage/4b5255eb0a84820cef4ca3e8b6bbe20c,FIRST_OBSERVED_SNAPSHOT_DATE,,,2026-09-30T17:29:59+08:00,CYHL2300045,3,,COMPLETE,e49dc9091842ccc22031291ed8e25260,600276.SH,EXACT_APPLICANT_TOKEN_IN_OFFICIAL_MULTI_APPLICANT_FIELD,DELIMITED_APPLICANT_TOKEN_EXACT,江苏恒瑞医药股份有限公司,"{""affiliate_inference_used"": false, ""mapping_match_mode"": ""DELIMITED_APPLICANT_TOKEN_EXACT"", ""matched_applicant_token"": ""江苏恒瑞医药股份有限公司"", ""official_applicant_field"": ""江苏恒瑞医药股份有限公司;江苏恒瑞医药股份有限公司"", ""registry_evidence"": {""listed_issuer_legal_name"": ""江苏恒瑞医药股份有限公司"", ""security_code"": ""600276"", ""security_short_name"": ""恒瑞医药"", ""source_document_date"": ""2026-04-17"", ""source_kind"": ""SSE_OFFICIAL_ISSUER_DISCLOSURE"", ""source_url"": ""https://www.sse.com.cn/disclosure/listedinfo/announcement/c/new/2026-04-17/600276_20260417_XMOL.pdf""}, ""substring_matching_used"": false}"
临床试验默示许可,official:e5369d38b6e1d521db44cce82f53f130,江苏恒瑞医药股份有限公司;江苏恒瑞医药股份有限公司;上海恒瑞医药有限公司,SHR1459片,本品拟用于B细胞淋巴瘤和类风湿性关节炎的治疗。,https://www.cde.org.cn/main/xxgk/listpage/4b5255eb0a84820cef4ca3e8b6bbe20c,FIRST_OBSERVED_SNAPSHOT_DATE,,,2026-09-30T17:29:59+08:00,CXHB2000010,化学药品1类,,COMPLETE,e5369d38b6e1d521db44cce82f53f130,600276.SH,EXACT_APPLICANT_TOKEN_IN_OFFICIAL_MULTI_APPLICANT_FIELD,DELIMITED_APPLICANT_TOKEN_EXACT,江苏恒瑞医药股份有限公司,"{""affiliate_inference_used"": false, ""mapping_match_mode"": ""DELIMITED_APPLICANT_TOKEN_EXACT"", ""matched_applicant_token"": ""江苏恒瑞医药股份有限公司"", ""official_applicant_field"": ""江苏恒瑞医药股份有限公司;江苏恒瑞医药股份有限公司;上海恒瑞医药有限公司"", ""registry_evidence"": {""listed_issuer_legal_name"": ""江苏恒瑞医药股份有限公司"", ""security_code"": ""600276"", ""security_short_name"": ""恒瑞医药"", ""source_document_date"": ""2026-04-17"", ""source_kind"": ""SSE_OFFICIAL_ISSUER_DISCLOSURE"", ""source_url"": ""https://www.sse.com.cn/disclosure/listedinfo/announcement/c/new/2026-04-17/600276_20260417_XMOL.pdf""}, ""substring_matching_used"": false}"
临床试验默示许可,official:e58dbbe04e595fef2c5c0c642516331d,苏州盛迪亚生物医药有限公司;苏州盛迪亚生物医药有限公司;江苏恒瑞医药股份有限公司;上海恒瑞医药有限公司,注射用卡瑞利珠单抗,注射用卡瑞利珠单抗拟联合甲磺酸阿帕替尼对比紫杉醇或伊立替康治疗一线化疗失败的晚期胃或胃食管结合部腺癌患者。,https://www.cde.org.cn/main/xxgk/listpage/4b5255eb0a84820cef4ca3e8b6bbe20c,FIRST_OBSERVED_SNAPSHOT_DATE,,,2026-09-30T17:29:59+08:00,CXSL2000007,1,,COMPLETE,e58dbbe04e595fef2c5c0c642516331d,600276.SH,EXACT_APPLICANT_TOKEN_IN_OFFICIAL_MULTI_APPLICANT_FIELD,DELIMITED_APPLICANT_TOKEN_EXACT,江苏恒瑞医药股份有限公司,"{""affiliate_inference_used"": false, ""mapping_match_mode"": ""DELIMITED_APPLICANT_TOKEN_EXACT"", ""matched_applicant_token"": ""江苏恒瑞医药股份有限公司"", ""official_applicant_field"": ""苏州盛迪亚生物医药有限公司;苏州盛迪亚生物医药有限公司;江苏恒瑞医药股份有限公司;上海恒瑞医药有限公司"", ""registry_evidence"": {""listed_issuer_legal_name"": ""江苏恒瑞医药股份有限公司"", ""security_code"": ""600276"", ""security_short_name"": ""恒瑞医药"", ""source_document_date"": ""2026-04-17"", ""source_kind"": ""SSE_OFFICIAL_ISSUER_DISCLOSURE"", ""source_url"": ""https://www.sse.com.cn/disclosure/listedinfo/announcement/c/new/2026-04-17/600276_20260417_XMOL.pdf""}, ""substring_matching_used"": false}"
临床试验默示许可,official:e5da9b5a7887021ba0edf0ffdb1695c8,江苏恒瑞医药股份有限公司;江苏恒瑞医药股份有限公司,SHR1459片,本品联合YY-20394用于复发/难治B细胞非霍奇金淋巴瘤患者,https://www.cde.org.cn/main/xxgk/listpage/4b5255eb0a84820cef4ca3e8b6bbe20c,FIRST_OBSERVED_SNAPSHOT_DATE,,,2026-09-30T17:29:59+08:00,CXHL2100092,化学药品1类,,COMPLETE,e5da9b5a7887021ba0edf0ffdb1695c8,600276.SH,EXACT_APPLICANT_TOKEN_IN_OFFICIAL_MULTI_APPLICANT_FIELD,DELIMITED_APPLICANT_TOKEN_EXACT,江苏恒瑞医药股份有限公司,"{""affiliate_inference_used"": false, ""mapping_match_mode"": ""DELIMITED_APPLICANT_TOKEN_EXACT"", ""matched_applicant_token"": ""江苏恒瑞医药股份有限公司"", ""official_applicant_field"": ""江苏恒瑞医药股份有限公司;江苏恒瑞医药股份有限公司"", ""registry_evidence"": {""listed_issuer_legal_name"": ""江苏恒瑞医药股份有限公司"", ""security_code"": ""600276"", ""security_short_name"": ""恒瑞医药"", ""source_document_date"": ""2026-04-17"", ""source_kind"": ""SSE_OFFICIAL_ISSUER_DISCLOSURE"", ""source_url"": ""https://www.sse.com.cn/disclosure/listedinfo/announcement/c/new/2026-04-17/600276_20260417_XMOL.pdf""}, ""substring_matching_used"": false}"
临床试验默示许可,official:e6244597645ca0edfd4cc76397c484f4,江苏恒瑞医药股份有限公司,HRS-6209胶囊,晚期恶性实体瘤,https://www.cde.org.cn/main/xxgk/listpage/4b5255eb0a84820cef4ca3e8b6bbe20c,FIRST_OBSERVED_SNAPSHOT_DATE,,,2026-09-30T17:29:59+08:00,CXHL2200381,1,,COMPLETE,e6244597645ca0edfd4cc76397c484f4,600276.SH,EXACT_LISTED_ISSUER_LEGAL_NAME,WHOLE_FIELD_EXACT,江苏恒瑞医药股份有限公司,"{""affiliate_inference_used"": false, ""mapping_match_mode"": ""WHOLE_FIELD_EXACT"", ""matched_applicant_token"": ""江苏恒瑞医药股份有限公司"", ""official_applicant_field"": ""江苏恒瑞医药股份有限公司"", ""registry_evidence"": {""listed_issuer_legal_name"": ""江苏恒瑞医药股份有限公司"", ""security_code"": ""600276"", ""security_short_name"": ""恒瑞医药"", ""source_document_date"": ""2026-04-17"", ""source_kind"": ""SSE_OFFICIAL_ISSUER_DISCLOSURE"", ""source_url"": ""https://www.sse.com.cn/disclosure/listedinfo/announcement/c/new/2026-04-17/600276_20260417_XMOL.pdf""}, ""substring_matching_used"": false}"
临床试验默示许可,official:e69d4b289392322cb823f4124c682b4b,江苏恒瑞医药股份有限公司,HRG2010胶囊,用于治疗帕金森病。,https://www.cde.org.cn/main/xxgk/listpage/4b5255eb0a84820cef4ca3e8b6bbe20c,FIRST_OBSERVED_SNAPSHOT_DATE,,,2026-09-30T17:29:59+08:00,CXHB2200165,2.2,,COMPLETE,e69d4b289392322cb823f4124c682b4b,600276.SH,EXACT_LISTED_ISSUER_LEGAL_NAME,WHOLE_FIELD_EXACT,江苏恒瑞医药股份有限公司,"{""affiliate_inference_used"": false, ""mapping_match_mode"": ""WHOLE_FIELD_EXACT"", ""matched_applicant_token"": ""江苏恒瑞医药股份有限公司"", ""official_applicant_field"": ""江苏恒瑞医药股份有限公司"", ""registry_evidence"": {""listed_issuer_legal_name"": ""江苏恒瑞医药股份有限公司"", ""security_code"": ""600276"", ""security_short_name"": ""恒瑞医药"", ""source_document_date"": ""2026-04-17"", ""source_kind"": ""SSE_OFFICIAL_ISSUER_DISCLOSURE"", ""source_url"": ""https://www.sse.com.cn/disclosure/listedinfo/announcement/c/new/2026-04-17/600276_20260417_XMOL.pdf""}, ""substring_matching_used"": false}"
临床试验默示许可,official:e6b4e1c81b78607501d7e00532f5f993,江苏恒瑞医药股份有限公司;江苏恒瑞医药股份有限公司,氟唑帕利胶囊,本品拟用于实体廇的治疗。,https://www.cde.org.cn/main/xxgk/listpage/4b5255eb0a84820cef4ca3e8b6bbe20c,FIRST_OBSERVED_SNAPSHOT_DATE,,,2026-09-30T17:29:59+08:00,CXHB1800081,,,COMPLETE,e6b4e1c81b78607501d7e00532f5f993,600276.SH,EXACT_APPLICANT_TOKEN_IN_OFFICIAL_MULTI_APPLICANT_FIELD,DELIMITED_APPLICANT_TOKEN_EXACT,江苏恒瑞医药股份有限公司,"{""affiliate_inference_used"": false, ""mapping_match_mode"": ""DELIMITED_APPLICANT_TOKEN_EXACT"", ""matched_applicant_token"": ""江苏恒瑞医药股份有限公司"", ""official_applicant_field"": ""江苏恒瑞医药股份有限公司;江苏恒瑞医药股份有限公司"", ""registry_evidence"": {""listed_issuer_legal_name"": ""江苏恒瑞医药股份有限公司"", ""security_code"": ""600276"", ""security_short_name"": ""恒瑞医药"", ""source_document_date"": ""2026-04-17"", ""source_kind"": ""SSE_OFFICIAL_ISSUER_DISCLOSURE"", ""source_url"": ""https://www.sse.com.cn/disclosure/listedinfo/announcement/c/new/2026-04-17/600276_20260417_XMOL.pdf""}, ""substring_matching_used"": false}"
临床试验默示许可,official:e70386f57599689e687fbddc61c63a15,上海恒瑞医药有限公司;江苏恒瑞医药股份有限公司,HRS8807片,乳腺癌,https://www.cde.org.cn/main/xxgk/listpage/4b5255eb0a84820cef4ca3e8b6bbe20c,FIRST_OBSERVED_SNAPSHOT_DATE,,,2026-09-30T17:29:59+08:00,CXHL2100139,1,,COMPLETE,e70386f57599689e687fbddc61c63a15,600276.SH,EXACT_APPLICANT_TOKEN_IN_OFFICIAL_MULTI_APPLICANT_FIELD,DELIMITED_APPLICANT_TOKEN_EXACT,江苏恒瑞医药股份有限公司,"{""affiliate_inference_used"": false, ""mapping_match_mode"": ""DELIMITED_APPLICANT_TOKEN_EXACT"", ""matched_applicant_token"": ""江苏恒瑞医药股份有限公司"", ""official_applicant_field"": ""上海恒瑞医药有限公司;江苏恒瑞医药股份有限公司"", ""registry_evidence"": {""listed_issuer_legal_name"": ""江苏恒瑞医药股份有限公司"", ""security_code"": ""600276"", ""security_short_name"": ""恒瑞医药"", ""source_document_date"": ""2026-04-17"", ""source_kind"": ""SSE_OFFICIAL_ISSUER_DISCLOSURE"", ""source_url"": ""https://www.sse.com.cn/disclosure/listedinfo/announcement/c/new/2026-04-17/600276_20260417_XMOL.pdf""}, ""substring_matching_used"": false}"
临床试验默示许可,official:e70952021a78d8d94430f7c30596f75a,江苏恒瑞医药股份有限公司;江苏恒瑞医药股份有限公司,脯氨酸恒格列净,本品在饮食和运动基础上，与盐酸二甲双胍和磷酸瑞格列汀联合用于治疗2型糖尿病。,https://www.cde.org.cn/main/xxgk/listpage/4b5255eb0a84820cef4ca3e8b6bbe20c,FIRST_OBSERVED_SNAPSHOT_DATE,,,2026-09-30T17:29:59+08:00,CXHL2000391,1,,COMPLETE,e70952021a78d8d94430f7c30596f75a,600276.SH,EXACT_APPLICANT_TOKEN_IN_OFFICIAL_MULTI_APPLICANT_FIELD,DELIMITED_APPLICANT_TOKEN_EXACT,江苏恒瑞医药股份有限公司,"{""affiliate_inference_used"": false, ""mapping_match_mode"": ""DELIMITED_APPLICANT_TOKEN_EXACT"", ""matched_applicant_token"": ""江苏恒瑞医药股份有限公司"", ""official_applicant_field"": ""江苏恒瑞医药股份有限公司;江苏恒瑞医药股份有限公司"", ""registry_evidence"": {""listed_issuer_legal_name"": ""江苏恒瑞医药股份有限公司"", ""security_code"": ""600276"", ""security_short_name"": ""恒瑞医药"", ""source_document_date"": ""2026-04-17"", ""source_kind"": ""SSE_OFFICIAL_ISSUER_DISCLOSURE"", ""source_url"": ""https://www.sse.com.cn/disclosure/listedinfo/announcement/c/new/2026-04-17/600276_20260417_XMOL.pdf""}, ""substring_matching_used"": false}"
临床试验默示许可,official:e738e195b5cba0f1b69914083902e59a,江苏恒瑞医药股份有限公司;苏州盛迪亚生物医药有限公司;成都盛迪医药有限公司,HR18042片,本品临床拟用于中度至重度急性疼痛的治疗。,https://www.cde.org.cn/main/xxgk/listpage/4b5255eb0a84820cef4ca3e8b6bbe20c,FIRST_OBSERVED_SNAPSHOT_DATE,,,2026-09-30T17:29:59+08:00,CXHL2000209,2.3,,COMPLETE,e738e195b5cba0f1b69914083902e59a,600276.SH,EXACT_APPLICANT_TOKEN_IN_OFFICIAL_MULTI_APPLICANT_FIELD,DELIMITED_APPLICANT_TOKEN_EXACT,江苏恒瑞医药股份有限公司,"{""affiliate_inference_used"": false, ""mapping_match_mode"": ""DELIMITED_APPLICANT_TOKEN_EXACT"", ""matched_applicant_token"": ""江苏恒瑞医药股份有限公司"", ""official_applicant_field"": ""江苏恒瑞医药股份有限公司;苏州盛迪亚生物医药有限公司;成都盛迪医药有限公司"", ""registry_evidence"": {""listed_issuer_legal_name"": ""江苏恒瑞医药股份有限公司"", ""security_code"": ""600276"", ""security_short_name"": ""恒瑞医药"", ""source_document_date"": ""2026-04-17"", ""source_kind"": ""SSE_OFFICIAL_ISSUER_DISCLOSURE"", ""source_url"": ""https://www.sse.com.cn/disclosure/listedinfo/announcement/c/new/2026-04-17/600276_20260417_XMOL.pdf""}, ""substring_matching_used"": false}"
临床试验默示许可,official:e73b2e8893c074e5efa297f0ab5616d2,江苏恒瑞医药股份有限公司,HRS-4642注射液,本品联合西妥昔单抗或SHR-9839或SHR-A1921或SHR-A1904或化疗±贝伐珠单抗或阿得贝利单抗±化疗或伊立替康脂质体+化疗用于KRAS G12D突变的晚期实体瘤患者。,https://www.cde.org.cn/main/xxgk/listpage/4b5255eb0a84820cef4ca3e8b6bbe20c,FIRST_OBSERVED_SNAPSHOT_DATE,,,2026-09-30T17:29:59+08:00,CXHL2400083,1,,COMPLETE,e73b2e8893c074e5efa297f0ab5616d2,600276.SH,EXACT_LISTED_ISSUER_LEGAL_NAME,WHOLE_FIELD_EXACT,江苏恒瑞医药股份有限公司,"{""affiliate_inference_used"": false, ""mapping_match_mode"": ""WHOLE_FIELD_EXACT"", ""matched_applicant_token"": ""江苏恒瑞医药股份有限公司"", ""official_applicant_field"": ""江苏恒瑞医药股份有限公司"", ""registry_evidence"": {""listed_issuer_legal_name"": ""江苏恒瑞医药股份有限公司"", ""security_code"": ""600276"", ""security_short_name"": ""恒瑞医药"", ""source_document_date"": ""2026-04-17"", ""source_kind"": ""SSE_OFFICIAL_ISSUER_DISCLOSURE"", ""source_url"": ""https://www.sse.com.cn/disclosure/listedinfo/announcement/c/new/2026-04-17/600276_20260417_XMOL.pdf""}, ""substring_matching_used"": false}"
临床试验默示许可,official:e75dee0639e6e391cb1c42c1a9b0922c,江苏恒瑞医药股份有限公司,HRS-1167片,本品联合醋酸阿比特龙片及醋酸泼尼松治疗转移性前列腺癌患者。,https://www.cde.org.cn/main/xxgk/listpage/4b5255eb0a84820cef4ca3e8b6bbe20c,FIRST_OBSERVED_SNAPSHOT_DATE,,,2026-09-30T17:29:59+08:00,CXHL2500109,1,,COMPLETE,e75dee0639e6e391cb1c42c1a9b0922c,600276.SH,EXACT_LISTED_ISSUER_LEGAL_NAME,WHOLE_FIELD_EXACT,江苏恒瑞医药股份有限公司,"{""affiliate_inference_used"": false, ""mapping_match_mode"": ""WHOLE_FIELD_EXACT"", ""matched_applicant_token"": ""江苏恒瑞医药股份有限公司"", ""official_applicant_field"": ""江苏恒瑞医药股份有限公司"", ""registry_evidence"": {""listed_issuer_legal_name"": ""江苏恒瑞医药股份有限公司"", ""security_code"": ""600276"", ""security_short_name"": ""恒瑞医药"", ""source_document_date"": ""2026-04-17"", ""source_kind"": ""SSE_OFFICIAL_ISSUER_DISCLOSURE"", ""source_url"": ""https://www.sse.com.cn/disclosure/listedinfo/announcement/c/new/2026-04-17/600276_20260417_XMOL.pdf""}, ""substring_matching_used"": false}"
临床试验默示许可,official:e7a0bcb1372ba1dfaffa43c98990f908,江苏恒瑞医药股份有限公司;江苏恒瑞医药股份有限公司,SHR7280片,辅助生殖技术中，用于控制性超促排卵治疗的患者，防止提前排卵。,https://www.cde.org.cn/main/xxgk/listpage/4b5255eb0a84820cef4ca3e8b6bbe20c,FIRST_OBSERVED_SNAPSHOT_DATE,,,2026-09-30T17:29:59+08:00,CXHL2101284,1,,COMPLETE,e7a0bcb1372ba1dfaffa43c98990f908,600276.SH,EXACT_APPLICANT_TOKEN_IN_OFFICIAL_MULTI_APPLICANT_FIELD,DELIMITED_APPLICANT_TOKEN_EXACT,江苏恒瑞医药股份有限公司,"{""affiliate_inference_used"": false, ""mapping_match_mode"": ""DELIMITED_APPLICANT_TOKEN_EXACT"", ""matched_applicant_token"": ""江苏恒瑞医药股份有限公司"", ""official_applicant_field"": ""江苏恒瑞医药股份有限公司;江苏恒瑞医药股份有限公司"", ""registry_evidence"": {""listed_issuer_legal_name"": ""江苏恒瑞医药股份有限公司"", ""security_code"": ""600276"", ""security_short_name"": ""恒瑞医药"", ""source_document_date"": ""2026-04-17"", ""source_kind"": ""SSE_OFFICIAL_ISSUER_DISCLOSURE"", ""source_url"": ""https://www.sse.com.cn/disclosure/listedinfo/announcement/c/new/2026-04-17/600276_20260417_XMOL.pdf""}, ""substring_matching_used"": false}"
临床试验默示许可,official:e7b2124e71bd636a604e831cbe923495,江苏恒瑞医药股份有限公司,苹果酸法米替尼胶囊,本品联合HRS-4642±阿得贝利单抗或SHR-1701±化疗±SHR-A2102用于KRAS G12D突变的实体瘤。,https://www.cde.org.cn/main/xxgk/listpage/4b5255eb0a84820cef4ca3e8b6bbe20c,FIRST_OBSERVED_SNAPSHOT_DATE,,,2026-09-30T17:29:59+08:00,CXHL2500828,2.4,,COMPLETE,e7b2124e71bd636a604e831cbe923495,600276.SH,EXACT_LISTED_ISSUER_LEGAL_NAME,WHOLE_FIELD_EXACT,江苏恒瑞医药股份有限公司,"{""affiliate_inference_used"": false, ""mapping_match_mode"": ""WHOLE_FIELD_EXACT"", ""matched_applicant_token"": ""江苏恒瑞医药股份有限公司"", ""official_applicant_field"": ""江苏恒瑞医药股份有限公司"", ""registry_evidence"": {""listed_issuer_legal_name"": ""江苏恒瑞医药股份有限公司"", ""security_code"": ""600276"", ""security_short_name"": ""恒瑞医药"", ""source_document_date"": ""2026-04-17"", ""source_kind"": ""SSE_OFFICIAL_ISSUER_DISCLOSURE"", ""source_url"": ""https://www.sse.com.cn/disclosure/listedinfo/announcement/c/new/2026-04-17/600276_20260417_XMOL.pdf""}, ""substring_matching_used"": false}"
临床试验默示许可,official:e7da2c7db428adc72036eeb1a6ff461e,上海恒瑞医药有限公司;江苏恒瑞医药股份有限公司,HRS-4642注射液,本品联合阿得贝利单抗或SHR-1701±贝伐珠单抗±SHR-8068±化疗±SHR-A2102±法米替尼，或联合SHR-7367±化疗±达尔西利±阿得贝利单抗，或联合SHR-A2102±SHR-7367±阿得贝利单抗，或联合法米替尼用于KRAS G12D突变的实体瘤,https://www.cde.org.cn/main/xxgk/listpage/4b5255eb0a84820cef4ca3e8b6bbe20c,FIRST_OBSERVED_SNAPSHOT_DATE,,,2026-09-30T17:29:59+08:00,CXHL2500821,1,,COMPLETE,e7da2c7db428adc72036eeb1a6ff461e,600276.SH,EXACT_APPLICANT_TOKEN_IN_OFFICIAL_MULTI_APPLICANT_FIELD,DELIMITED_APPLICANT_TOKEN_EXACT,江苏恒瑞医药股份有限公司,"{""affiliate_inference_used"": false, ""mapping_match_mode"": ""DELIMITED_APPLICANT_TOKEN_EXACT"", ""matched_applicant_token"": ""江苏恒瑞医药股份有限公司"", ""official_applicant_field"": ""上海恒瑞医药有限公司;江苏恒瑞医药股份有限公司"", ""registry_evidence"": {""listed_issuer_legal_name"": ""江苏恒瑞医药股份有限公司"", ""security_code"": ""600276"", ""security_short_name"": ""恒瑞医药"", ""source_document_date"": ""2026-04-17"", ""source_kind"": ""SSE_OFFICIAL_ISSUER_DISCLOSURE"", ""source_url"": ""https://www.sse.com.cn/disclosure/listedinfo/announcement/c/new/2026-04-17/600276_20260417_XMOL.pdf""}, ""substring_matching_used"": false}"
临床试验默示许可,official:e8ad45f26feeba51cd04c29c0f15abfe,江苏恒瑞医药股份有限公司;上海恒瑞医药有限公司;苏州盛迪亚生物医药有限公司,注射用SHR-4394,注射用SHR-4394联合或不联合HRS-5041片联合或不联合二代AR抑制剂联合或不联合醋酸阿比特龙片（II）联合或不联合泽美妥司他片用于前列腺癌。,https://www.cde.org.cn/main/xxgk/listpage/4b5255eb0a84820cef4ca3e8b6bbe20c,FIRST_OBSERVED_SNAPSHOT_DATE,,,2026-09-30T17:29:59+08:00,CXSL2500863,1,,COMPLETE,e8ad45f26feeba51cd04c29c0f15abfe,600276.SH,EXACT_APPLICANT_TOKEN_IN_OFFICIAL_MULTI_APPLICANT_FIELD,DELIMITED_APPLICANT_TOKEN_EXACT,江苏恒瑞医药股份有限公司,"{""affiliate_inference_used"": false, ""mapping_match_mode"": ""DELIMITED_APPLICANT_TOKEN_EXACT"", ""matched_applicant_token"": ""江苏恒瑞医药股份有限公司"", ""official_applicant_field"": ""江苏恒瑞医药股份有限公司;上海恒瑞医药有限公司;苏州盛迪亚生物医药有限公司"", ""registry_evidence"": {""listed_issuer_legal_name"": ""江苏恒瑞医药股份有限公司"", ""security_code"": ""600276"", ""security_short_name"": ""恒瑞医药"", ""source_document_date"": ""2026-04-17"", ""source_kind"": ""SSE_OFFICIAL_ISSUER_DISCLOSURE"", ""source_url"": ""https://www.sse.com.cn/disclosure/listedinfo/announcement/c/new/2026-04-17/600276_20260417_XMOL.pdf""}, ""substring_matching_used"": false}"
临床试验默示许可,official:e8bfba75d5e83e28c1767afefdc0054d,江苏恒瑞医药股份有限公司,甲磺酸阿帕替尼片,本品联合SHR-1701及标准化疗用于局部晚期不可切除或转移性胃癌或胃食管结合部癌患者。,https://www.cde.org.cn/main/xxgk/listpage/4b5255eb0a84820cef4ca3e8b6bbe20c,FIRST_OBSERVED_SNAPSHOT_DATE,,,2026-09-30T17:29:59+08:00,CXHL2101424,2.4,,COMPLETE,e8bfba75d5e83e28c1767afefdc0054d,600276.SH,EXACT_LISTED_ISSUER_LEGAL_NAME,WHOLE_FIELD_EXACT,江苏恒瑞医药股份有限公司,"{""affiliate_inference_used"": false, ""mapping_match_mode"": ""WHOLE_FIELD_EXACT"", ""matched_applicant_token"": ""江苏恒瑞医药股份有限公司"", ""official_applicant_field"": ""江苏恒瑞医药股份有限公司"", ""registry_evidence"": {""listed_issuer_legal_name"": ""江苏恒瑞医药股份有限公司"", ""security_code"": ""600276"", ""security_short_name"": ""恒瑞医药"", ""source_document_date"": ""2026-04-17"", ""source_kind"": ""SSE_OFFICIAL_ISSUER_DISCLOSURE"", ""source_url"": ""https://www.sse.com.cn/disclosure/listedinfo/announcement/c/new/2026-04-17/600276_20260417_XMOL.pdf""}, ""substring_matching_used"": false}"
临床试验默示许可,official:e8e1cca375dc0931b39b9dc371fa8ffd,福建盛迪医药有限公司;江苏恒瑞医药股份有限公司;北京拓界生物医药科技有限公司,HRS-4729注射液,超重或肥胖,https://www.cde.org.cn/main/xxgk/listpage/4b5255eb0a84820cef4ca3e8b6bbe20c,FIRST_OBSERVED_SNAPSHOT_DATE,,,2026-09-30T17:29:59+08:00,CXHL2401027,1,,COMPLETE,e8e1cca375dc0931b39b9dc371fa8ffd,600276.SH,EXACT_APPLICANT_TOKEN_IN_OFFICIAL_MULTI_APPLICANT_FIELD,DELIMITED_APPLICANT_TOKEN_EXACT,江苏恒瑞医药股份有限公司,"{""affiliate_inference_used"": false, ""mapping_match_mode"": ""DELIMITED_APPLICANT_TOKEN_EXACT"", ""matched_applicant_token"": ""江苏恒瑞医药股份有限公司"", ""official_applicant_field"": ""福建盛迪医药有限公司;江苏恒瑞医药股份有限公司;北京拓界生物医药科技有限公司"", ""registry_evidence"": {""listed_issuer_legal_name"": ""江苏恒瑞医药股份有限公司"", ""security_code"": ""600276"", ""security_short_name"": ""恒瑞医药"", ""source_document_date"": ""2026-04-17"", ""source_kind"": ""SSE_OFFICIAL_ISSUER_DISCLOSURE"", ""source_url"": ""https://www.sse.com.cn/disclosure/listedinfo/announcement/c/new/2026-04-17/600276_20260417_XMOL.pdf""}, ""substring_matching_used"": false}"
临床试验默示许可,official:e9ab0004c05291664cd7d1637d074ec7,江苏恒瑞医药股份有限公司;江苏恒瑞医药股份有限公司,SHR2150胶囊,拟用于HIV-1感染患者的治疗.,https://www.cde.org.cn/main/xxgk/listpage/4b5255eb0a84820cef4ca3e8b6bbe20c,FIRST_OBSERVED_SNAPSHOT_DATE,,,2026-09-30T17:29:59+08:00,CXHL2000581,1,,COMPLETE,e9ab0004c05291664cd7d1637d074ec7,600276.SH,EXACT_APPLICANT_TOKEN_IN_OFFICIAL_MULTI_APPLICANT_FIELD,DELIMITED_APPLICANT_TOKEN_EXACT,江苏恒瑞医药股份有限公司,"{""affiliate_inference_used"": false, ""mapping_match_mode"": ""DELIMITED_APPLICANT_TOKEN_EXACT"", ""matched_applicant_token"": ""江苏恒瑞医药股份有限公司"", ""official_applicant_field"": ""江苏恒瑞医药股份有限公司;江苏恒瑞医药股份有限公司"", ""registry_evidence"": {""listed_issuer_legal_name"": ""江苏恒瑞医药股份有限公司"", ""security_code"": ""600276"", ""security_short_name"": ""恒瑞医药"", ""source_document_date"": ""2026-04-17"", ""source_kind"": ""SSE_OFFICIAL_ISSUER_DISCLOSURE"", ""source_url"": ""https://www.sse.com.cn/disclosure/listedinfo/announcement/c/new/2026-04-17/600276_20260417_XMOL.pdf""}, ""substring_matching_used"": false}"
临床试验默示许可,official:ea144a0857ae800d8531908d8e311d48,上海恒瑞医药有限公司;江苏恒瑞医药股份有限公司;苏州盛迪亚生物医药有限公司,SHR-1701注射液,既往未接受过系统性治疗或者胸部放射治疗的、病理组织学或细胞学证实的不可切除的III期非小细胞肺癌患者。,https://www.cde.org.cn/main/xxgk/listpage/4b5255eb0a84820cef4ca3e8b6bbe20c,FIRST_OBSERVED_SNAPSHOT_DATE,,,2026-09-30T17:29:59+08:00,CXSL2000163,治疗性生物制品,,COMPLETE,ea144a0857ae800d8531908d8e311d48,600276.SH,EXACT_APPLICANT_TOKEN_IN_OFFICIAL_MULTI_APPLICANT_FIELD,DELIMITED_APPLICANT_TOKEN_EXACT,江苏恒瑞医药股份有限公司,"{""affiliate_inference_used"": false, ""mapping_match_mode"": ""DELIMITED_APPLICANT_TOKEN_EXACT"", ""matched_applicant_token"": ""江苏恒瑞医药股份有限公司"", ""official_applicant_field"": ""上海恒瑞医药有限公司;江苏恒瑞医药股份有限公司;苏州盛迪亚生物医药有限公司"", ""registry_evidence"": {""listed_issuer_legal_name"": ""江苏恒瑞医药股份有限公司"", ""security_code"": ""600276"", ""security_short_name"": ""恒瑞医药"", ""source_document_date"": ""2026-04-17"", ""source_kind"": ""SSE_OFFICIAL_ISSUER_DISCLOSURE"", ""source_url"": ""https://www.sse.com.cn/disclosure/listedinfo/announcement/c/new/2026-04-17/600276_20260417_XMOL.pdf""}, ""substring_matching_used"": false}"
临床试验默示许可,official:eabe80e6d8d90236c7fde1c5ff8f8999,江苏恒瑞医药股份有限公司;江苏恒瑞医药股份有限公司,SHR2554片,本品拟用于恶性肿瘤的治疗。,https://www.cde.org.cn/main/xxgk/listpage/4b5255eb0a84820cef4ca3e8b6bbe20c,FIRST_OBSERVED_SNAPSHOT_DATE,,,2026-09-30T17:29:59+08:00,CXHB2000120,化学药品1类,,COMPLETE,eabe80e6d8d90236c7fde1c5ff8f8999,600276.SH,EXACT_APPLICANT_TOKEN_IN_OFFICIAL_MULTI_APPLICANT_FIELD,DELIMITED_APPLICANT_TOKEN_EXACT,江苏恒瑞医药股份有限公司,"{""affiliate_inference_used"": false, ""mapping_match_mode"": ""DELIMITED_APPLICANT_TOKEN_EXACT"", ""matched_applicant_token"": ""江苏恒瑞医药股份有限公司"", ""official_applicant_field"": ""江苏恒瑞医药股份有限公司;江苏恒瑞医药股份有限公司"", ""registry_evidence"": {""listed_issuer_legal_name"": ""江苏恒瑞医药股份有限公司"", ""security_code"": ""600276"", ""security_short_name"": ""恒瑞医药"", ""source_document_date"": ""2026-04-17"", ""source_kind"": ""SSE_OFFICIAL_ISSUER_DISCLOSURE"", ""source_url"": ""https://www.sse.com.cn/disclosure/listedinfo/announcement/c/new/2026-04-17/600276_20260417_XMOL.pdf""}, ""substring_matching_used"": false}"
临床试验默示许可,official:eb13940e2adb01c734fc8b9c59169586,福建盛迪医药有限公司;江苏恒瑞医药股份有限公司;北京拓界生物医药科技有限公司,HRS-4729注射液,代谢相关脂肪性肝病/代谢相关脂肪性肝炎。,https://www.cde.org.cn/main/xxgk/listpage/4b5255eb0a84820cef4ca3e8b6bbe20c,FIRST_OBSERVED_SNAPSHOT_DATE,,,2026-09-30T17:29:59+08:00,CXHL2500559,1,,COMPLETE,eb13940e2adb01c734fc8b9c59169586,600276.SH,EXACT_APPLICANT_TOKEN_IN_OFFICIAL_MULTI_APPLICANT_FIELD,DELIMITED_APPLICANT_TOKEN_EXACT,江苏恒瑞医药股份有限公司,"{""affiliate_inference_used"": false, ""mapping_match_mode"": ""DELIMITED_APPLICANT_TOKEN_EXACT"", ""matched_applicant_token"": ""江苏恒瑞医药股份有限公司"", ""official_applicant_field"": ""福建盛迪医药有限公司;江苏恒瑞医药股份有限公司;北京拓界生物医药科技有限公司"", ""registry_evidence"": {""listed_issuer_legal_name"": ""江苏恒瑞医药股份有限公司"", ""security_code"": ""600276"", ""security_short_name"": ""恒瑞医药"", ""source_document_date"": ""2026-04-17"", ""source_kind"": ""SSE_OFFICIAL_ISSUER_DISCLOSURE"", ""source_url"": ""https://www.sse.com.cn/disclosure/listedinfo/announcement/c/new/2026-04-17/600276_20260417_XMOL.pdf""}, ""substring_matching_used"": false}"
临床试验默示许可,official:ebd3a3d9dcf5601f40af421ce28e3a79,江苏恒瑞医药股份有限公司;江苏恒瑞医药股份有限公司,苹果酸法米替尼胶囊,PD-L1表达阳性（TPS≥1%）且不伴有EGFR/ALK基因突变异常的复发性或转移性非小细胞肺癌,https://www.cde.org.cn/main/xxgk/listpage/4b5255eb0a84820cef4ca3e8b6bbe20c,FIRST_OBSERVED_SNAPSHOT_DATE,,,2026-09-30T17:29:59+08:00,CXHL2101391,化学药品1类,,COMPLETE,ebd3a3d9dcf5601f40af421ce28e3a79,600276.SH,EXACT_APPLICANT_TOKEN_IN_OFFICIAL_MULTI_APPLICANT_FIELD,DELIMITED_APPLICANT_TOKEN_EXACT,江苏恒瑞医药股份有限公司,"{""affiliate_inference_used"": false, ""mapping_match_mode"": ""DELIMITED_APPLICANT_TOKEN_EXACT"", ""matched_applicant_token"": ""江苏恒瑞医药股份有限公司"", ""official_applicant_field"": ""江苏恒瑞医药股份有限公司;江苏恒瑞医药股份有限公司"", ""registry_evidence"": {""listed_issuer_legal_name"": ""江苏恒瑞医药股份有限公司"", ""security_code"": ""600276"", ""security_short_name"": ""恒瑞医药"", ""source_document_date"": ""2026-04-17"", ""source_kind"": ""SSE_OFFICIAL_ISSUER_DISCLOSURE"", ""source_url"": ""https://www.sse.com.cn/disclosure/listedinfo/announcement/c/new/2026-04-17/600276_20260417_XMOL.pdf""}, ""substring_matching_used"": false}"
临床试验默示许可,official:ec188a78751c22b1d0874bdcfc1af471,苏州盛迪亚生物医药有限公司;苏州盛迪亚生物医药有限公司;江苏恒瑞医药股份有限公司;上海恒瑞医药有限公司,注射用卡瑞利珠单抗,卡瑞利珠单抗联合甲磺酸阿帕替尼片治疗未接受过系统治疗的无法根治的晚期肝细胞癌（HCC）患者。,https://www.cde.org.cn/main/xxgk/listpage/4b5255eb0a84820cef4ca3e8b6bbe20c,FIRST_OBSERVED_SNAPSHOT_DATE,,,2026-09-30T17:29:59+08:00,CXSL1900009,1,,COMPLETE,ec188a78751c22b1d0874bdcfc1af471,600276.SH,EXACT_APPLICANT_TOKEN_IN_OFFICIAL_MULTI_APPLICANT_FIELD,DELIMITED_APPLICANT_TOKEN_EXACT,江苏恒瑞医药股份有限公司,"{""affiliate_inference_used"": false, ""mapping_match_mode"": ""DELIMITED_APPLICANT_TOKEN_EXACT"", ""matched_applicant_token"": ""江苏恒瑞医药股份有限公司"", ""official_applicant_field"": ""苏州盛迪亚生物医药有限公司;苏州盛迪亚生物医药有限公司;江苏恒瑞医药股份有限公司;上海恒瑞医药有限公司"", ""registry_evidence"": {""listed_issuer_legal_name"": ""江苏恒瑞医药股份有限公司"", ""security_code"": ""600276"", ""security_short_name"": ""恒瑞医药"", ""source_document_date"": ""2026-04-17"", ""source_kind"": ""SSE_OFFICIAL_ISSUER_DISCLOSURE"", ""source_url"": ""https://www.sse.com.cn/disclosure/listedinfo/announcement/c/new/2026-04-17/600276_20260417_XMOL.pdf""}, ""substring_matching_used"": false}"
临床试验默示许可,official:ec3159c2fc4f02c92804d78c84d76473,江苏恒瑞医药股份有限公司,HRS-3738片,HRS-3738联合SHR-9539±CD38单抗±蛋白酶体抑制剂用于治疗多发性骨髓瘤。,https://www.cde.org.cn/main/xxgk/listpage/4b5255eb0a84820cef4ca3e8b6bbe20c,FIRST_OBSERVED_SNAPSHOT_DATE,,,2026-09-30T17:29:59+08:00,CXHL2501006,1,,COMPLETE,ec3159c2fc4f02c92804d78c84d76473,600276.SH,EXACT_LISTED_ISSUER_LEGAL_NAME,WHOLE_FIELD_EXACT,江苏恒瑞医药股份有限公司,"{""affiliate_inference_used"": false, ""mapping_match_mode"": ""WHOLE_FIELD_EXACT"", ""matched_applicant_token"": ""江苏恒瑞医药股份有限公司"", ""official_applicant_field"": ""江苏恒瑞医药股份有限公司"", ""registry_evidence"": {""listed_issuer_legal_name"": ""江苏恒瑞医药股份有限公司"", ""security_code"": ""600276"", ""security_short_name"": ""恒瑞医药"", ""source_document_date"": ""2026-04-17"", ""source_kind"": ""SSE_OFFICIAL_ISSUER_DISCLOSURE"", ""source_url"": ""https://www.sse.com.cn/disclosure/listedinfo/announcement/c/new/2026-04-17/600276_20260417_XMOL.pdf""}, ""substring_matching_used"": false}"
临床试验默示许可,official:ec3afea8d010a35c5fdb92defa21ad2f,江苏恒瑞医药股份有限公司,瑞维鲁胺片,本品（二代AR抑制剂）联合注射用HS-20093用于晚期前列腺癌患者。,https://www.cde.org.cn/main/xxgk/listpage/4b5255eb0a84820cef4ca3e8b6bbe20c,FIRST_OBSERVED_SNAPSHOT_DATE,,,2026-09-30T17:29:59+08:00,CXHL2500815,2.4,,COMPLETE,ec3afea8d010a35c5fdb92defa21ad2f,600276.SH,EXACT_LISTED_ISSUER_LEGAL_NAME,WHOLE_FIELD_EXACT,江苏恒瑞医药股份有限公司,"{""affiliate_inference_used"": false, ""mapping_match_mode"": ""WHOLE_FIELD_EXACT"", ""matched_applicant_token"": ""江苏恒瑞医药股份有限公司"", ""official_applicant_field"": ""江苏恒瑞医药股份有限公司"", ""registry_evidence"": {""listed_issuer_legal_name"": ""江苏恒瑞医药股份有限公司"", ""security_code"": ""600276"", ""security_short_name"": ""恒瑞医药"", ""source_document_date"": ""2026-04-17"", ""source_kind"": ""SSE_OFFICIAL_ISSUER_DISCLOSURE"", ""source_url"": ""https://www.sse.com.cn/disclosure/listedinfo/announcement/c/new/2026-04-17/600276_20260417_XMOL.pdf""}, ""substring_matching_used"": false}"
临床试验默示许可,official:ed9e9774fff4b3d5551b2a3c6836c497,江苏恒瑞医药股份有限公司,SHR2554片,本品拟用于恶性肿瘤的治疗。,https://www.cde.org.cn/main/xxgk/listpage/4b5255eb0a84820cef4ca3e8b6bbe20c,FIRST_OBSERVED_SNAPSHOT_DATE,,,2026-09-30T17:29:59+08:00,CXHB2101129,1,,COMPLETE,ed9e9774fff4b3d5551b2a3c6836c497,600276.SH,EXACT_LISTED_ISSUER_LEGAL_NAME,WHOLE_FIELD_EXACT,江苏恒瑞医药股份有限公司,"{""affiliate_inference_used"": false, ""mapping_match_mode"": ""WHOLE_FIELD_EXACT"", ""matched_applicant_token"": ""江苏恒瑞医药股份有限公司"", ""official_applicant_field"": ""江苏恒瑞医药股份有限公司"", ""registry_evidence"": {""listed_issuer_legal_name"": ""江苏恒瑞医药股份有限公司"", ""security_code"": ""600276"", ""security_short_name"": ""恒瑞医药"", ""source_document_date"": ""2026-04-17"", ""source_kind"": ""SSE_OFFICIAL_ISSUER_DISCLOSURE"", ""source_url"": ""https://www.sse.com.cn/disclosure/listedinfo/announcement/c/new/2026-04-17/600276_20260417_XMOL.pdf""}, ""substring_matching_used"": false}"
临床试验默示许可,official:ee6cb587fb45298390cb303b736c479d,江苏恒瑞医药股份有限公司,羟乙磺酸达尔西利片,1. 本品联合内分泌治疗用于HR阳性，HER2阴性的早期或局部晚期乳腺癌的辅助治疗。 2. 本品联合HRS-8080片用于乳腺癌的治疗。 3. 本品联合HRS8807片用于乳腺癌的治疗。 4.本品联合HRS1358片用于乳腺癌的治疗。,https://www.cde.org.cn/main/xxgk/listpage/4b5255eb0a84820cef4ca3e8b6bbe20c,FIRST_OBSERVED_SNAPSHOT_DATE,,,2026-09-30T17:29:59+08:00,CXHB2400245,1,,COMPLETE,ee6cb587fb45298390cb303b736c479d,600276.SH,EXACT_LISTED_ISSUER_LEGAL_NAME,WHOLE_FIELD_EXACT,江苏恒瑞医药股份有限公司,"{""affiliate_inference_used"": false, ""mapping_match_mode"": ""WHOLE_FIELD_EXACT"", ""matched_applicant_token"": ""江苏恒瑞医药股份有限公司"", ""official_applicant_field"": ""江苏恒瑞医药股份有限公司"", ""registry_evidence"": {""listed_issuer_legal_name"": ""江苏恒瑞医药股份有限公司"", ""security_code"": ""600276"", ""security_short_name"": ""恒瑞医药"", ""source_document_date"": ""2026-04-17"", ""source_kind"": ""SSE_OFFICIAL_ISSUER_DISCLOSURE"", ""source_url"": ""https://www.sse.com.cn/disclosure/listedinfo/announcement/c/new/2026-04-17/600276_20260417_XMOL.pdf""}, ""substring_matching_used"": false}"
临床试验默示许可,official:eeb462abbb3427d9f3055371cdd29ceb,苏州盛迪亚生物医药有限公司;苏州盛迪亚生物医药有限公司;江苏恒瑞医药股份有限公司;上海恒瑞医药有限公司,SHR-1316注射液,SHR-1316联合依托泊苷+铂类同步化放疗一线治疗局限期小细胞肺癌。,https://www.cde.org.cn/main/xxgk/listpage/4b5255eb0a84820cef4ca3e8b6bbe20c,FIRST_OBSERVED_SNAPSHOT_DATE,,,2026-09-30T17:29:59+08:00,CXSL2000099,1,,COMPLETE,eeb462abbb3427d9f3055371cdd29ceb,600276.SH,EXACT_APPLICANT_TOKEN_IN_OFFICIAL_MULTI_APPLICANT_FIELD,DELIMITED_APPLICANT_TOKEN_EXACT,江苏恒瑞医药股份有限公司,"{""affiliate_inference_used"": false, ""mapping_match_mode"": ""DELIMITED_APPLICANT_TOKEN_EXACT"", ""matched_applicant_token"": ""江苏恒瑞医药股份有限公司"", ""official_applicant_field"": ""苏州盛迪亚生物医药有限公司;苏州盛迪亚生物医药有限公司;江苏恒瑞医药股份有限公司;上海恒瑞医药有限公司"", ""registry_evidence"": {""listed_issuer_legal_name"": ""江苏恒瑞医药股份有限公司"", ""security_code"": ""600276"", ""security_short_name"": ""恒瑞医药"", ""source_document_date"": ""2026-04-17"", ""source_kind"": ""SSE_OFFICIAL_ISSUER_DISCLOSURE"", ""source_url"": ""https://www.sse.com.cn/disclosure/listedinfo/announcement/c/new/2026-04-17/600276_20260417_XMOL.pdf""}, ""substring_matching_used"": false}"
临床试验默示许可,official:efeeba3dc172518579c839f292c608cf,江苏恒瑞医药股份有限公司,SHR0302片,本品拟用于活动性放射学阴性中轴型脊柱关节炎的治疗。,https://www.cde.org.cn/main/xxgk/listpage/4b5255eb0a84820cef4ca3e8b6bbe20c,FIRST_OBSERVED_SNAPSHOT_DATE,,,2026-09-30T17:29:59+08:00,CXHL2101789,1,,COMPLETE,efeeba3dc172518579c839f292c608cf,600276.SH,EXACT_LISTED_ISSUER_LEGAL_NAME,WHOLE_FIELD_EXACT,江苏恒瑞医药股份有限公司,"{""affiliate_inference_used"": false, ""mapping_match_mode"": ""WHOLE_FIELD_EXACT"", ""matched_applicant_token"": ""江苏恒瑞医药股份有限公司"", ""official_applicant_field"": ""江苏恒瑞医药股份有限公司"", ""registry_evidence"": {""listed_issuer_legal_name"": ""江苏恒瑞医药股份有限公司"", ""security_code"": ""600276"", ""security_short_name"": ""恒瑞医药"", ""source_document_date"": ""2026-04-17"", ""source_kind"": ""SSE_OFFICIAL_ISSUER_DISCLOSURE"", ""source_url"": ""https://www.sse.com.cn/disclosure/listedinfo/announcement/c/new/2026-04-17/600276_20260417_XMOL.pdf""}, ""substring_matching_used"": false}"
临床试验默示许可,official:f05f05a643133f93ff47416653ee8724,江苏恒瑞医药股份有限公司,HRS-4642注射液,KRAS G12D突变的晚期实体瘤,https://www.cde.org.cn/main/xxgk/listpage/4b5255eb0a84820cef4ca3e8b6bbe20c,FIRST_OBSERVED_SNAPSHOT_DATE,,,2026-09-30T17:29:59+08:00,CXHB2300060,1,,COMPLETE,f05f05a643133f93ff47416653ee8724,600276.SH,EXACT_LISTED_ISSUER_LEGAL_NAME,WHOLE_FIELD_EXACT,江苏恒瑞医药股份有限公司,"{""affiliate_inference_used"": false, ""mapping_match_mode"": ""WHOLE_FIELD_EXACT"", ""matched_applicant_token"": ""江苏恒瑞医药股份有限公司"", ""official_applicant_field"": ""江苏恒瑞医药股份有限公司"", ""registry_evidence"": {""listed_issuer_legal_name"": ""江苏恒瑞医药股份有限公司"", ""security_code"": ""600276"", ""security_short_name"": ""恒瑞医药"", ""source_document_date"": ""2026-04-17"", ""source_kind"": ""SSE_OFFICIAL_ISSUER_DISCLOSURE"", ""source_url"": ""https://www.sse.com.cn/disclosure/listedinfo/announcement/c/new/2026-04-17/600276_20260417_XMOL.pdf""}, ""substring_matching_used"": false}"
临床试验默示许可,official:f0850f6d08932cccb61f9b916a6de67b,江苏恒瑞医药股份有限公司;江苏恒瑞医药股份有限公司,SHR7280片,辅助生殖技术中，用于控制性超促排卵治疗的患者，防止提前排卵。,https://www.cde.org.cn/main/xxgk/listpage/4b5255eb0a84820cef4ca3e8b6bbe20c,FIRST_OBSERVED_SNAPSHOT_DATE,,,2026-09-30T17:29:59+08:00,CXHL2101283,1,,COMPLETE,f0850f6d08932cccb61f9b916a6de67b,600276.SH,EXACT_APPLICANT_TOKEN_IN_OFFICIAL_MULTI_APPLICANT_FIELD,DELIMITED_APPLICANT_TOKEN_EXACT,江苏恒瑞医药股份有限公司,"{""affiliate_inference_used"": false, ""mapping_match_mode"": ""DELIMITED_APPLICANT_TOKEN_EXACT"", ""matched_applicant_token"": ""江苏恒瑞医药股份有限公司"", ""official_applicant_field"": ""江苏恒瑞医药股份有限公司;江苏恒瑞医药股份有限公司"", ""registry_evidence"": {""listed_issuer_legal_name"": ""江苏恒瑞医药股份有限公司"", ""security_code"": ""600276"", ""security_short_name"": ""恒瑞医药"", ""source_document_date"": ""2026-04-17"", ""source_kind"": ""SSE_OFFICIAL_ISSUER_DISCLOSURE"", ""source_url"": ""https://www.sse.com.cn/disclosure/listedinfo/announcement/c/new/2026-04-17/600276_20260417_XMOL.pdf""}, ""substring_matching_used"": false}"
临床试验默示许可,official:f108eefcf86c045617144e1fa16affae,江苏恒瑞医药股份有限公司,HRS-1167片,晚期实体肿瘤,https://www.cde.org.cn/main/xxgk/listpage/4b5255eb0a84820cef4ca3e8b6bbe20c,FIRST_OBSERVED_SNAPSHOT_DATE,,,2026-09-30T17:29:59+08:00,CXHL2200277,1,,COMPLETE,f108eefcf86c045617144e1fa16affae,600276.SH,EXACT_LISTED_ISSUER_LEGAL_NAME,WHOLE_FIELD_EXACT,江苏恒瑞医药股份有限公司,"{""affiliate_inference_used"": false, ""mapping_match_mode"": ""WHOLE_FIELD_EXACT"", ""matched_applicant_token"": ""江苏恒瑞医药股份有限公司"", ""official_applicant_field"": ""江苏恒瑞医药股份有限公司"", ""registry_evidence"": {""listed_issuer_legal_name"": ""江苏恒瑞医药股份有限公司"", ""security_code"": ""600276"", ""security_short_name"": ""恒瑞医药"", ""source_document_date"": ""2026-04-17"", ""source_kind"": ""SSE_OFFICIAL_ISSUER_DISCLOSURE"", ""source_url"": ""https://www.sse.com.cn/disclosure/listedinfo/announcement/c/new/2026-04-17/600276_20260417_XMOL.pdf""}, ""substring_matching_used"": false}"
临床试验默示许可,official:f17abc52312d67ed66b7be351fb7322c,江苏恒瑞医药股份有限公司;江苏恒瑞医药股份有限公司,海曲泊帕乙醇胺片,本品联合环孢素适用于初治非重型再生障碍性贫血（NSAA）患者。,https://www.cde.org.cn/main/xxgk/listpage/4b5255eb0a84820cef4ca3e8b6bbe20c,FIRST_OBSERVED_SNAPSHOT_DATE,,,2026-09-30T17:29:59+08:00,CXHL2200964,化学药品:2.4类,,COMPLETE,f17abc52312d67ed66b7be351fb7322c,600276.SH,EXACT_APPLICANT_TOKEN_IN_OFFICIAL_MULTI_APPLICANT_FIELD,DELIMITED_APPLICANT_TOKEN_EXACT,江苏恒瑞医药股份有限公司,"{""affiliate_inference_used"": false, ""mapping_match_mode"": ""DELIMITED_APPLICANT_TOKEN_EXACT"", ""matched_applicant_token"": ""江苏恒瑞医药股份有限公司"", ""official_applicant_field"": ""江苏恒瑞医药股份有限公司;江苏恒瑞医药股份有限公司"", ""registry_evidence"": {""listed_issuer_legal_name"": ""江苏恒瑞医药股份有限公司"", ""security_code"": ""600276"", ""security_short_name"": ""恒瑞医药"", ""source_document_date"": ""2026-04-17"", ""source_kind"": ""SSE_OFFICIAL_ISSUER_DISCLOSURE"", ""source_url"": ""https://www.sse.com.cn/disclosure/listedinfo/announcement/c/new/2026-04-17/600276_20260417_XMOL.pdf""}, ""substring_matching_used"": false}"
临床试验默示许可,official:f1d068f84267ae065c428f7fa4e25aa8,江苏恒瑞医药股份有限公司,羟乙磺酸达尔西利片,本品联合HRS8807片用于乳腺癌的治疗。,https://www.cde.org.cn/main/xxgk/listpage/4b5255eb0a84820cef4ca3e8b6bbe20c,FIRST_OBSERVED_SNAPSHOT_DATE,,,2026-09-30T17:29:59+08:00,CXHL2400092,2.4,,COMPLETE,f1d068f84267ae065c428f7fa4e25aa8,600276.SH,EXACT_LISTED_ISSUER_LEGAL_NAME,WHOLE_FIELD_EXACT,江苏恒瑞医药股份有限公司,"{""affiliate_inference_used"": false, ""mapping_match_mode"": ""WHOLE_FIELD_EXACT"", ""matched_applicant_token"": ""江苏恒瑞医药股份有限公司"", ""official_applicant_field"": ""江苏恒瑞医药股份有限公司"", ""registry_evidence"": {""listed_issuer_legal_name"": ""江苏恒瑞医药股份有限公司"", ""security_code"": ""600276"", ""security_short_name"": ""恒瑞医药"", ""source_document_date"": ""2026-04-17"", ""source_kind"": ""SSE_OFFICIAL_ISSUER_DISCLOSURE"", ""source_url"": ""https://www.sse.com.cn/disclosure/listedinfo/announcement/c/new/2026-04-17/600276_20260417_XMOL.pdf""}, ""substring_matching_used"": false}"
临床试验默示许可,official:f1e061e7c49bc6ffedc832e91b7d0579,江苏恒瑞医药股份有限公司,注射用SHR-1916,晚期恶性肿瘤,https://www.cde.org.cn/main/xxgk/listpage/4b5255eb0a84820cef4ca3e8b6bbe20c,FIRST_OBSERVED_SNAPSHOT_DATE,,,2026-09-30T17:29:59+08:00,CXSL2000292,1,,COMPLETE,f1e061e7c49bc6ffedc832e91b7d0579,600276.SH,EXACT_LISTED_ISSUER_LEGAL_NAME,WHOLE_FIELD_EXACT,江苏恒瑞医药股份有限公司,"{""affiliate_inference_used"": false, ""mapping_match_mode"": ""WHOLE_FIELD_EXACT"", ""matched_applicant_token"": ""江苏恒瑞医药股份有限公司"", ""official_applicant_field"": ""江苏恒瑞医药股份有限公司"", ""registry_evidence"": {""listed_issuer_legal_name"": ""江苏恒瑞医药股份有限公司"", ""security_code"": ""600276"", ""security_short_name"": ""恒瑞医药"", ""source_document_date"": ""2026-04-17"", ""source_kind"": ""SSE_OFFICIAL_ISSUER_DISCLOSURE"", ""source_url"": ""https://www.sse.com.cn/disclosure/listedinfo/announcement/c/new/2026-04-17/600276_20260417_XMOL.pdf""}, ""substring_matching_used"": false}"
临床试验默示许可,official:f22369b0f2cb89d95ea2818ea7a39c54,江苏恒瑞医药股份有限公司,HRS-7525片,本品拟用于治疗实体瘤患者。,https://www.cde.org.cn/main/xxgk/listpage/4b5255eb0a84820cef4ca3e8b6bbe20c,FIRST_OBSERVED_SNAPSHOT_DATE,,,2026-09-30T17:29:59+08:00,CXHL2600319,1,,COMPLETE,f22369b0f2cb89d95ea2818ea7a39c54,600276.SH,EXACT_LISTED_ISSUER_LEGAL_NAME,WHOLE_FIELD_EXACT,江苏恒瑞医药股份有限公司,"{""affiliate_inference_used"": false, ""mapping_match_mode"": ""WHOLE_FIELD_EXACT"", ""matched_applicant_token"": ""江苏恒瑞医药股份有限公司"", ""official_applicant_field"": ""江苏恒瑞医药股份有限公司"", ""registry_evidence"": {""listed_issuer_legal_name"": ""江苏恒瑞医药股份有限公司"", ""security_code"": ""600276"", ""security_short_name"": ""恒瑞医药"", ""source_document_date"": ""2026-04-17"", ""source_kind"": ""SSE_OFFICIAL_ISSUER_DISCLOSURE"", ""source_url"": ""https://www.sse.com.cn/disclosure/listedinfo/announcement/c/new/2026-04-17/600276_20260417_XMOL.pdf""}, ""substring_matching_used"": false}"
临床试验默示许可,official:f259d53a650e0ee176bd21736827b4ca,江苏恒瑞医药股份有限公司;上海甫弘生物医药有限公司,注射用FH-006,实体瘤,https://www.cde.org.cn/main/xxgk/listpage/4b5255eb0a84820cef4ca3e8b6bbe20c,FIRST_OBSERVED_SNAPSHOT_DATE,,,2026-09-30T17:29:59+08:00,CXSB2600114,1,,COMPLETE,f259d53a650e0ee176bd21736827b4ca,600276.SH,EXACT_APPLICANT_TOKEN_IN_OFFICIAL_MULTI_APPLICANT_FIELD,DELIMITED_APPLICANT_TOKEN_EXACT,江苏恒瑞医药股份有限公司,"{""affiliate_inference_used"": false, ""mapping_match_mode"": ""DELIMITED_APPLICANT_TOKEN_EXACT"", ""matched_applicant_token"": ""江苏恒瑞医药股份有限公司"", ""official_applicant_field"": ""江苏恒瑞医药股份有限公司;上海甫弘生物医药有限公司"", ""registry_evidence"": {""listed_issuer_legal_name"": ""江苏恒瑞医药股份有限公司"", ""security_code"": ""600276"", ""security_short_name"": ""恒瑞医药"", ""source_document_date"": ""2026-04-17"", ""source_kind"": ""SSE_OFFICIAL_ISSUER_DISCLOSURE"", ""source_url"": ""https://www.sse.com.cn/disclosure/listedinfo/announcement/c/new/2026-04-17/600276_20260417_XMOL.pdf""}, ""substring_matching_used"": false}"
临床试验默示许可,official:f26e2a2da45f21b3e53bedc212505ed8,江苏恒瑞医药股份有限公司;江苏恒瑞医药股份有限公司,苹果酸法米替尼胶囊,含铂类化疗和免疫检查点抑制剂治疗失败的晚期非小细胞肺癌,https://www.cde.org.cn/main/xxgk/listpage/4b5255eb0a84820cef4ca3e8b6bbe20c,FIRST_OBSERVED_SNAPSHOT_DATE,,,2026-09-30T17:29:59+08:00,CXHL2101374,化学药品1类,,COMPLETE,f26e2a2da45f21b3e53bedc212505ed8,600276.SH,EXACT_APPLICANT_TOKEN_IN_OFFICIAL_MULTI_APPLICANT_FIELD,DELIMITED_APPLICANT_TOKEN_EXACT,江苏恒瑞医药股份有限公司,"{""affiliate_inference_used"": false, ""mapping_match_mode"": ""DELIMITED_APPLICANT_TOKEN_EXACT"", ""matched_applicant_token"": ""江苏恒瑞医药股份有限公司"", ""official_applicant_field"": ""江苏恒瑞医药股份有限公司;江苏恒瑞医药股份有限公司"", ""registry_evidence"": {""listed_issuer_legal_name"": ""江苏恒瑞医药股份有限公司"", ""security_code"": ""600276"", ""security_short_name"": ""恒瑞医药"", ""source_document_date"": ""2026-04-17"", ""source_kind"": ""SSE_OFFICIAL_ISSUER_DISCLOSURE"", ""source_url"": ""https://www.sse.com.cn/disclosure/listedinfo/announcement/c/new/2026-04-17/600276_20260417_XMOL.pdf""}, ""substring_matching_used"": false}"
临床试验默示许可,official:f4144f14aef0989a25de8dc749820b4a,江苏恒瑞医药股份有限公司,HRS-1167片,本品联合注射用SHR-A1921或联合贝伐珠单抗或联合醋酸阿比特龙片（I）及泼尼松/泼尼松龙（AA-P）治疗晚期实体瘤患者,https://www.cde.org.cn/main/xxgk/listpage/4b5255eb0a84820cef4ca3e8b6bbe20c,FIRST_OBSERVED_SNAPSHOT_DATE,,,2026-09-30T17:29:59+08:00,CXHL2301201,1,,COMPLETE,f4144f14aef0989a25de8dc749820b4a,600276.SH,EXACT_LISTED_ISSUER_LEGAL_NAME,WHOLE_FIELD_EXACT,江苏恒瑞医药股份有限公司,"{""affiliate_inference_used"": false, ""mapping_match_mode"": ""WHOLE_FIELD_EXACT"", ""matched_applicant_token"": ""江苏恒瑞医药股份有限公司"", ""official_applicant_field"": ""江苏恒瑞医药股份有限公司"", ""registry_evidence"": {""listed_issuer_legal_name"": ""江苏恒瑞医药股份有限公司"", ""security_code"": ""600276"", ""security_short_name"": ""恒瑞医药"", ""source_document_date"": ""2026-04-17"", ""source_kind"": ""SSE_OFFICIAL_ISSUER_DISCLOSURE"", ""source_url"": ""https://www.sse.com.cn/disclosure/listedinfo/announcement/c/new/2026-04-17/600276_20260417_XMOL.pdf""}, ""substring_matching_used"": false}"
临床试验默示许可,official:f455c726316672ed3e41d35877ec19a5,江苏恒瑞医药股份有限公司,HRS-2329片,携带RAS突变或扩增的实体瘤,https://www.cde.org.cn/main/xxgk/listpage/4b5255eb0a84820cef4ca3e8b6bbe20c,FIRST_OBSERVED_SNAPSHOT_DATE,,,2026-09-30T17:29:59+08:00,CXHL2500684,1,,COMPLETE,f455c726316672ed3e41d35877ec19a5,600276.SH,EXACT_LISTED_ISSUER_LEGAL_NAME,WHOLE_FIELD_EXACT,江苏恒瑞医药股份有限公司,"{""affiliate_inference_used"": false, ""mapping_match_mode"": ""WHOLE_FIELD_EXACT"", ""matched_applicant_token"": ""江苏恒瑞医药股份有限公司"", ""official_applicant_field"": ""江苏恒瑞医药股份有限公司"", ""registry_evidence"": {""listed_issuer_legal_name"": ""江苏恒瑞医药股份有限公司"", ""security_code"": ""600276"", ""security_short_name"": ""恒瑞医药"", ""source_document_date"": ""2026-04-17"", ""source_kind"": ""SSE_OFFICIAL_ISSUER_DISCLOSURE"", ""source_url"": ""https://www.sse.com.cn/disclosure/listedinfo/announcement/c/new/2026-04-17/600276_20260417_XMOL.pdf""}, ""substring_matching_used"": false}"
临床试验默示许可,official:f47ef6d5037dfcd637fe2b7ec9099b0b,上海盛迪医药有限公司;江苏恒瑞医药股份有限公司,HRS-9231注射液,本品用于全身各部位磁共振成像（MRI）检测和显示异常血管病变。,https://www.cde.org.cn/main/xxgk/listpage/4b5255eb0a84820cef4ca3e8b6bbe20c,FIRST_OBSERVED_SNAPSHOT_DATE,,,2026-09-30T17:29:59+08:00,CXHB2500100,1,,COMPLETE,f47ef6d5037dfcd637fe2b7ec9099b0b,600276.SH,EXACT_APPLICANT_TOKEN_IN_OFFICIAL_MULTI_APPLICANT_FIELD,DELIMITED_APPLICANT_TOKEN_EXACT,江苏恒瑞医药股份有限公司,"{""affiliate_inference_used"": false, ""mapping_match_mode"": ""DELIMITED_APPLICANT_TOKEN_EXACT"", ""matched_applicant_token"": ""江苏恒瑞医药股份有限公司"", ""official_applicant_field"": ""上海盛迪医药有限公司;江苏恒瑞医药股份有限公司"", ""registry_evidence"": {""listed_issuer_legal_name"": ""江苏恒瑞医药股份有限公司"", ""security_code"": ""600276"", ""security_short_name"": ""恒瑞医药"", ""source_document_date"": ""2026-04-17"", ""source_kind"": ""SSE_OFFICIAL_ISSUER_DISCLOSURE"", ""source_url"": ""https://www.sse.com.cn/disclosure/listedinfo/announcement/c/new/2026-04-17/600276_20260417_XMOL.pdf""}, ""substring_matching_used"": false}"
临床试验默示许可,official:f4f5c33294f939eddb792a7c59705381,江苏恒瑞医药股份有限公司;江苏恒瑞医药股份有限公司;上海恒瑞医药有限公司,SHR0302片,本品拟用于活动性强直性脊柱炎的治疗。,https://www.cde.org.cn/main/xxgk/listpage/4b5255eb0a84820cef4ca3e8b6bbe20c,FIRST_OBSERVED_SNAPSHOT_DATE,,,2026-09-30T17:29:59+08:00,CXHL2000052,1,,COMPLETE,f4f5c33294f939eddb792a7c59705381,600276.SH,EXACT_APPLICANT_TOKEN_IN_OFFICIAL_MULTI_APPLICANT_FIELD,DELIMITED_APPLICANT_TOKEN_EXACT,江苏恒瑞医药股份有限公司,"{""affiliate_inference_used"": false, ""mapping_match_mode"": ""DELIMITED_APPLICANT_TOKEN_EXACT"", ""matched_applicant_token"": ""江苏恒瑞医药股份有限公司"", ""official_applicant_field"": ""江苏恒瑞医药股份有限公司;江苏恒瑞医药股份有限公司;上海恒瑞医药有限公司"", ""registry_evidence"": {""listed_issuer_legal_name"": ""江苏恒瑞医药股份有限公司"", ""security_code"": ""600276"", ""security_short_name"": ""恒瑞医药"", ""source_document_date"": ""2026-04-17"", ""source_kind"": ""SSE_OFFICIAL_ISSUER_DISCLOSURE"", ""source_url"": ""https://www.sse.com.cn/disclosure/listedinfo/announcement/c/new/2026-04-17/600276_20260417_XMOL.pdf""}, ""substring_matching_used"": false}"
临床试验默示许可,official:f677a0e711ce05b01dbdb9fd7d4ba515,江苏恒瑞医药股份有限公司,SHR0302片,本品拟用于活动性放射学阴性中轴型脊柱关节炎的治疗。,https://www.cde.org.cn/main/xxgk/listpage/4b5255eb0a84820cef4ca3e8b6bbe20c,FIRST_OBSERVED_SNAPSHOT_DATE,,,2026-09-30T17:29:59+08:00,CXHL2101790,1,,COMPLETE,f677a0e711ce05b01dbdb9fd7d4ba515,600276.SH,EXACT_LISTED_ISSUER_LEGAL_NAME,WHOLE_FIELD_EXACT,江苏恒瑞医药股份有限公司,"{""affiliate_inference_used"": false, ""mapping_match_mode"": ""WHOLE_FIELD_EXACT"", ""matched_applicant_token"": ""江苏恒瑞医药股份有限公司"", ""official_applicant_field"": ""江苏恒瑞医药股份有限公司"", ""registry_evidence"": {""listed_issuer_legal_name"": ""江苏恒瑞医药股份有限公司"", ""security_code"": ""600276"", ""security_short_name"": ""恒瑞医药"", ""source_document_date"": ""2026-04-17"", ""source_kind"": ""SSE_OFFICIAL_ISSUER_DISCLOSURE"", ""source_url"": ""https://www.sse.com.cn/disclosure/listedinfo/announcement/c/new/2026-04-17/600276_20260417_XMOL.pdf""}, ""substring_matching_used"": false}"
临床试验默示许可,official:f778b3ae42abea5237f8912f40d0c999,江苏恒瑞医药股份有限公司,HR19042胶囊,用于治疗活动性自身免疫性肝炎,https://www.cde.org.cn/main/xxgk/listpage/4b5255eb0a84820cef4ca3e8b6bbe20c,FIRST_OBSERVED_SNAPSHOT_DATE,,,2026-09-30T17:29:59+08:00,CXHL2200136,2.2,,COMPLETE,f778b3ae42abea5237f8912f40d0c999,600276.SH,EXACT_LISTED_ISSUER_LEGAL_NAME,WHOLE_FIELD_EXACT,江苏恒瑞医药股份有限公司,"{""affiliate_inference_used"": false, ""mapping_match_mode"": ""WHOLE_FIELD_EXACT"", ""matched_applicant_token"": ""江苏恒瑞医药股份有限公司"", ""official_applicant_field"": ""江苏恒瑞医药股份有限公司"", ""registry_evidence"": {""listed_issuer_legal_name"": ""江苏恒瑞医药股份有限公司"", ""security_code"": ""600276"", ""security_short_name"": ""恒瑞医药"", ""source_document_date"": ""2026-04-17"", ""source_kind"": ""SSE_OFFICIAL_ISSUER_DISCLOSURE"", ""source_url"": ""https://www.sse.com.cn/disclosure/listedinfo/announcement/c/new/2026-04-17/600276_20260417_XMOL.pdf""}, ""substring_matching_used"": false}"
临床试验默示许可,official:f7b6948fd595c02b118dc6674a2728d7,江苏恒瑞医药股份有限公司;成都盛迪医药有限公司,HRS-5041片,前列腺癌,https://www.cde.org.cn/main/xxgk/listpage/4b5255eb0a84820cef4ca3e8b6bbe20c,FIRST_OBSERVED_SNAPSHOT_DATE,,,2026-09-30T17:29:59+08:00,CXHL2300309,1,,COMPLETE,f7b6948fd595c02b118dc6674a2728d7,600276.SH,EXACT_APPLICANT_TOKEN_IN_OFFICIAL_MULTI_APPLICANT_FIELD,DELIMITED_APPLICANT_TOKEN_EXACT,江苏恒瑞医药股份有限公司,"{""affiliate_inference_used"": false, ""mapping_match_mode"": ""DELIMITED_APPLICANT_TOKEN_EXACT"", ""matched_applicant_token"": ""江苏恒瑞医药股份有限公司"", ""official_applicant_field"": ""江苏恒瑞医药股份有限公司;成都盛迪医药有限公司"", ""registry_evidence"": {""listed_issuer_legal_name"": ""江苏恒瑞医药股份有限公司"", ""security_code"": ""600276"", ""security_short_name"": ""恒瑞医药"", ""source_document_date"": ""2026-04-17"", ""source_kind"": ""SSE_OFFICIAL_ISSUER_DISCLOSURE"", ""source_url"": ""https://www.sse.com.cn/disclosure/listedinfo/announcement/c/new/2026-04-17/600276_20260417_XMOL.pdf""}, ""substring_matching_used"": false}"
临床试验默示许可,official:f7d871c2f994d9de49b80e6eb564f42a,江苏恒瑞医药股份有限公司,HRS-6093片,本品临床拟用于治疗携带KRASG12D突变的实体瘤。,https://www.cde.org.cn/main/xxgk/listpage/4b5255eb0a84820cef4ca3e8b6bbe20c,FIRST_OBSERVED_SNAPSHOT_DATE,,,2026-09-30T17:29:59+08:00,CXHL2500550,1,,COMPLETE,f7d871c2f994d9de49b80e6eb564f42a,600276.SH,EXACT_LISTED_ISSUER_LEGAL_NAME,WHOLE_FIELD_EXACT,江苏恒瑞医药股份有限公司,"{""affiliate_inference_used"": false, ""mapping_match_mode"": ""WHOLE_FIELD_EXACT"", ""matched_applicant_token"": ""江苏恒瑞医药股份有限公司"", ""official_applicant_field"": ""江苏恒瑞医药股份有限公司"", ""registry_evidence"": {""listed_issuer_legal_name"": ""江苏恒瑞医药股份有限公司"", ""security_code"": ""600276"", ""security_short_name"": ""恒瑞医药"", ""source_document_date"": ""2026-04-17"", ""source_kind"": ""SSE_OFFICIAL_ISSUER_DISCLOSURE"", ""source_url"": ""https://www.sse.com.cn/disclosure/listedinfo/announcement/c/new/2026-04-17/600276_20260417_XMOL.pdf""}, ""substring_matching_used"": false}"
临床试验默示许可,official:f803274b84444ecd83f159df5c152a1d,江苏恒瑞医药股份有限公司,SHR0302片,银屑病关节炎,https://www.cde.org.cn/main/xxgk/listpage/4b5255eb0a84820cef4ca3e8b6bbe20c,FIRST_OBSERVED_SNAPSHOT_DATE,,,2026-09-30T17:29:59+08:00,CXHL2100159,化学药品注册分类1,,COMPLETE,f803274b84444ecd83f159df5c152a1d,600276.SH,EXACT_LISTED_ISSUER_LEGAL_NAME,WHOLE_FIELD_EXACT,江苏恒瑞医药股份有限公司,"{""affiliate_inference_used"": false, ""mapping_match_mode"": ""WHOLE_FIELD_EXACT"", ""matched_applicant_token"": ""江苏恒瑞医药股份有限公司"", ""official_applicant_field"": ""江苏恒瑞医药股份有限公司"", ""registry_evidence"": {""listed_issuer_legal_name"": ""江苏恒瑞医药股份有限公司"", ""security_code"": ""600276"", ""security_short_name"": ""恒瑞医药"", ""source_document_date"": ""2026-04-17"", ""source_kind"": ""SSE_OFFICIAL_ISSUER_DISCLOSURE"", ""source_url"": ""https://www.sse.com.cn/disclosure/listedinfo/announcement/c/new/2026-04-17/600276_20260417_XMOL.pdf""}, ""substring_matching_used"": false}"
临床试验默示许可,official:f8194a3b8fc4a3087f09b0afaa2608c2,江苏恒瑞医药股份有限公司;江苏恒瑞医药股份有限公司,INS068注射液,本品拟用于1型和2型糖尿病的治疗。,https://www.cde.org.cn/main/xxgk/listpage/4b5255eb0a84820cef4ca3e8b6bbe20c,FIRST_OBSERVED_SNAPSHOT_DATE,,,2026-09-30T17:29:59+08:00,CXSB2000039,1,,COMPLETE,f8194a3b8fc4a3087f09b0afaa2608c2,600276.SH,EXACT_APPLICANT_TOKEN_IN_OFFICIAL_MULTI_APPLICANT_FIELD,DELIMITED_APPLICANT_TOKEN_EXACT,江苏恒瑞医药股份有限公司,"{""affiliate_inference_used"": false, ""mapping_match_mode"": ""DELIMITED_APPLICANT_TOKEN_EXACT"", ""matched_applicant_token"": ""江苏恒瑞医药股份有限公司"", ""official_applicant_field"": ""江苏恒瑞医药股份有限公司;江苏恒瑞医药股份有限公司"", ""registry_evidence"": {""listed_issuer_legal_name"": ""江苏恒瑞医药股份有限公司"", ""security_code"": ""600276"", ""security_short_name"": ""恒瑞医药"", ""source_document_date"": ""2026-04-17"", ""source_kind"": ""SSE_OFFICIAL_ISSUER_DISCLOSURE"", ""source_url"": ""https://www.sse.com.cn/disclosure/listedinfo/announcement/c/new/2026-04-17/600276_20260417_XMOL.pdf""}, ""substring_matching_used"": false}"
临床试验默示许可,official:f82be61ccd86be89357371946432c257,江苏恒瑞医药股份有限公司,HRS-4508片,实体瘤。,https://www.cde.org.cn/main/xxgk/listpage/4b5255eb0a84820cef4ca3e8b6bbe20c,FIRST_OBSERVED_SNAPSHOT_DATE,,,2026-09-30T17:29:59+08:00,CXHL2400465,1,,COMPLETE,f82be61ccd86be89357371946432c257,600276.SH,EXACT_LISTED_ISSUER_LEGAL_NAME,WHOLE_FIELD_EXACT,江苏恒瑞医药股份有限公司,"{""affiliate_inference_used"": false, ""mapping_match_mode"": ""WHOLE_FIELD_EXACT"", ""matched_applicant_token"": ""江苏恒瑞医药股份有限公司"", ""official_applicant_field"": ""江苏恒瑞医药股份有限公司"", ""registry_evidence"": {""listed_issuer_legal_name"": ""江苏恒瑞医药股份有限公司"", ""security_code"": ""600276"", ""security_short_name"": ""恒瑞医药"", ""source_document_date"": ""2026-04-17"", ""source_kind"": ""SSE_OFFICIAL_ISSUER_DISCLOSURE"", ""source_url"": ""https://www.sse.com.cn/disclosure/listedinfo/announcement/c/new/2026-04-17/600276_20260417_XMOL.pdf""}, ""substring_matching_used"": false}"
临床试验默示许可,official:f82c156ff33ec374916d127a70504eae,江苏恒瑞医药股份有限公司;江苏恒瑞医药股份有限公司,马来酸吡咯替尼片,本品联合SHR-A1811用于 Her-2阳性的晚期实体瘤患者的治疗。,https://www.cde.org.cn/main/xxgk/listpage/4b5255eb0a84820cef4ca3e8b6bbe20c,FIRST_OBSERVED_SNAPSHOT_DATE,,,2026-09-30T17:29:59+08:00,CXHL2300389,2.4,,COMPLETE,f82c156ff33ec374916d127a70504eae,600276.SH,EXACT_APPLICANT_TOKEN_IN_OFFICIAL_MULTI_APPLICANT_FIELD,DELIMITED_APPLICANT_TOKEN_EXACT,江苏恒瑞医药股份有限公司,"{""affiliate_inference_used"": false, ""mapping_match_mode"": ""DELIMITED_APPLICANT_TOKEN_EXACT"", ""matched_applicant_token"": ""江苏恒瑞医药股份有限公司"", ""official_applicant_field"": ""江苏恒瑞医药股份有限公司;江苏恒瑞医药股份有限公司"", ""registry_evidence"": {""listed_issuer_legal_name"": ""江苏恒瑞医药股份有限公司"", ""security_code"": ""600276"", ""security_short_name"": ""恒瑞医药"", ""source_document_date"": ""2026-04-17"", ""source_kind"": ""SSE_OFFICIAL_ISSUER_DISCLOSURE"", ""source_url"": ""https://www.sse.com.cn/disclosure/listedinfo/announcement/c/new/2026-04-17/600276_20260417_XMOL.pdf""}, ""substring_matching_used"": false}"
临床试验默示许可,official:f82c6141e8e915223eda7599c283f68b,江苏恒瑞医药股份有限公司;江苏恒瑞医药股份有限公司;上海恒瑞医药有限公司,盐酸伊立替康脂质体注射液,联合PD-L1抗体（SHR-1316）和5-氟尿嘧啶用于一线治疗晚期食管鳞癌。,https://www.cde.org.cn/main/xxgk/listpage/4b5255eb0a84820cef4ca3e8b6bbe20c,FIRST_OBSERVED_SNAPSHOT_DATE,,,2026-09-30T17:29:59+08:00,CXHL1900220,2.2;2.4,,COMPLETE,f82c6141e8e915223eda7599c283f68b,600276.SH,EXACT_APPLICANT_TOKEN_IN_OFFICIAL_MULTI_APPLICANT_FIELD,DELIMITED_APPLICANT_TOKEN_EXACT,江苏恒瑞医药股份有限公司,"{""affiliate_inference_used"": false, ""mapping_match_mode"": ""DELIMITED_APPLICANT_TOKEN_EXACT"", ""matched_applicant_token"": ""江苏恒瑞医药股份有限公司"", ""official_applicant_field"": ""江苏恒瑞医药股份有限公司;江苏恒瑞医药股份有限公司;上海恒瑞医药有限公司"", ""registry_evidence"": {""listed_issuer_legal_name"": ""江苏恒瑞医药股份有限公司"", ""security_code"": ""600276"", ""security_short_name"": ""恒瑞医药"", ""source_document_date"": ""2026-04-17"", ""source_kind"": ""SSE_OFFICIAL_ISSUER_DISCLOSURE"", ""source_url"": ""https://www.sse.com.cn/disclosure/listedinfo/announcement/c/new/2026-04-17/600276_20260417_XMOL.pdf""}, ""substring_matching_used"": false}"
临床试验默示许可,official:f8c476a6b06eeb595c1e0774c8dc2832,苏州盛迪亚生物医药有限公司;苏州盛迪亚生物医药有限公司;江苏恒瑞医药股份有限公司;上海恒瑞医药有限公司,SHR-1316注射液,SHR-1316联合氟唑帕利治疗既往接受含铂化疗方案且疾病进展的小细胞肺癌。,https://www.cde.org.cn/main/xxgk/listpage/4b5255eb0a84820cef4ca3e8b6bbe20c,FIRST_OBSERVED_SNAPSHOT_DATE,,,2026-09-30T17:29:59+08:00,CXSL1900106,1,,COMPLETE,f8c476a6b06eeb595c1e0774c8dc2832,600276.SH,EXACT_APPLICANT_TOKEN_IN_OFFICIAL_MULTI_APPLICANT_FIELD,DELIMITED_APPLICANT_TOKEN_EXACT,江苏恒瑞医药股份有限公司,"{""affiliate_inference_used"": false, ""mapping_match_mode"": ""DELIMITED_APPLICANT_TOKEN_EXACT"", ""matched_applicant_token"": ""江苏恒瑞医药股份有限公司"", ""official_applicant_field"": ""苏州盛迪亚生物医药有限公司;苏州盛迪亚生物医药有限公司;江苏恒瑞医药股份有限公司;上海恒瑞医药有限公司"", ""registry_evidence"": {""listed_issuer_legal_name"": ""江苏恒瑞医药股份有限公司"", ""security_code"": ""600276"", ""security_short_name"": ""恒瑞医药"", ""source_document_date"": ""2026-04-17"", ""source_kind"": ""SSE_OFFICIAL_ISSUER_DISCLOSURE"", ""source_url"": ""https://www.sse.com.cn/disclosure/listedinfo/announcement/c/new/2026-04-17/600276_20260417_XMOL.pdf""}, ""substring_matching_used"": false}"
临床试验默示许可,official:f97a81ef237572d4a920fa01d4626120,江苏恒瑞医药股份有限公司;江苏恒瑞医药股份有限公司;上海恒瑞医药有限公司,SHR6390片,本品拟联合来曲唑/阿那曲唑用于HR阳性，HER2阴性的经内分泌治疗后进展的复发或转移性乳腺癌的治疗。,https://www.cde.org.cn/main/xxgk/listpage/4b5255eb0a84820cef4ca3e8b6bbe20c,FIRST_OBSERVED_SNAPSHOT_DATE,,,2026-09-30T17:29:59+08:00,CXHL1900239,1,,COMPLETE,f97a81ef237572d4a920fa01d4626120,600276.SH,EXACT_APPLICANT_TOKEN_IN_OFFICIAL_MULTI_APPLICANT_FIELD,DELIMITED_APPLICANT_TOKEN_EXACT,江苏恒瑞医药股份有限公司,"{""affiliate_inference_used"": false, ""mapping_match_mode"": ""DELIMITED_APPLICANT_TOKEN_EXACT"", ""matched_applicant_token"": ""江苏恒瑞医药股份有限公司"", ""official_applicant_field"": ""江苏恒瑞医药股份有限公司;江苏恒瑞医药股份有限公司;上海恒瑞医药有限公司"", ""registry_evidence"": {""listed_issuer_legal_name"": ""江苏恒瑞医药股份有限公司"", ""security_code"": ""600276"", ""security_short_name"": ""恒瑞医药"", ""source_document_date"": ""2026-04-17"", ""source_kind"": ""SSE_OFFICIAL_ISSUER_DISCLOSURE"", ""source_url"": ""https://www.sse.com.cn/disclosure/listedinfo/announcement/c/new/2026-04-17/600276_20260417_XMOL.pdf""}, ""substring_matching_used"": false}"
临床试验默示许可,official:fa322e171cb0c7d0c47de8e944b7e29b,江苏恒瑞医药股份有限公司;江苏恒瑞医药股份有限公司,硫酸氢伊伐布雷定缓释片,慢性心力衰竭,https://www.cde.org.cn/main/xxgk/listpage/4b5255eb0a84820cef4ca3e8b6bbe20c,FIRST_OBSERVED_SNAPSHOT_DATE,,,2026-09-30T17:29:59+08:00,CXHL2100044,2类,,COMPLETE,fa322e171cb0c7d0c47de8e944b7e29b,600276.SH,EXACT_APPLICANT_TOKEN_IN_OFFICIAL_MULTI_APPLICANT_FIELD,DELIMITED_APPLICANT_TOKEN_EXACT,江苏恒瑞医药股份有限公司,"{""affiliate_inference_used"": false, ""mapping_match_mode"": ""DELIMITED_APPLICANT_TOKEN_EXACT"", ""matched_applicant_token"": ""江苏恒瑞医药股份有限公司"", ""official_applicant_field"": ""江苏恒瑞医药股份有限公司;江苏恒瑞医药股份有限公司"", ""registry_evidence"": {""listed_issuer_legal_name"": ""江苏恒瑞医药股份有限公司"", ""security_code"": ""600276"", ""security_short_name"": ""恒瑞医药"", ""source_document_date"": ""2026-04-17"", ""source_kind"": ""SSE_OFFICIAL_ISSUER_DISCLOSURE"", ""source_url"": ""https://www.sse.com.cn/disclosure/listedinfo/announcement/c/new/2026-04-17/600276_20260417_XMOL.pdf""}, ""substring_matching_used"": false}"
临床试验默示许可,official:fa4399bdbb7ce42acac78fdf1d3afe81,江苏恒瑞医药股份有限公司,硫酸艾玛昔替尼片,本品单药或联合SHR0302碱凝胶用于治疗白癜风。,https://www.cde.org.cn/main/xxgk/listpage/4b5255eb0a84820cef4ca3e8b6bbe20c,FIRST_OBSERVED_SNAPSHOT_DATE,,,2026-09-30T17:29:59+08:00,CXHL2500931,2.4,,COMPLETE,fa4399bdbb7ce42acac78fdf1d3afe81,600276.SH,EXACT_LISTED_ISSUER_LEGAL_NAME,WHOLE_FIELD_EXACT,江苏恒瑞医药股份有限公司,"{""affiliate_inference_used"": false, ""mapping_match_mode"": ""WHOLE_FIELD_EXACT"", ""matched_applicant_token"": ""江苏恒瑞医药股份有限公司"", ""official_applicant_field"": ""江苏恒瑞医药股份有限公司"", ""registry_evidence"": {""listed_issuer_legal_name"": ""江苏恒瑞医药股份有限公司"", ""security_code"": ""600276"", ""security_short_name"": ""恒瑞医药"", ""source_document_date"": ""2026-04-17"", ""source_kind"": ""SSE_OFFICIAL_ISSUER_DISCLOSURE"", ""source_url"": ""https://www.sse.com.cn/disclosure/listedinfo/announcement/c/new/2026-04-17/600276_20260417_XMOL.pdf""}, ""substring_matching_used"": false}"
临床试验默示许可,official:fa8a59a165d4eb9e5ded6cf60a8c95e2,江苏恒瑞医药股份有限公司;江苏恒瑞医药股份有限公司,注射用甲苯磺酸瑞马唑仑,本品拟用于ICU机械通气镇静,https://www.cde.org.cn/main/xxgk/listpage/4b5255eb0a84820cef4ca3e8b6bbe20c,FIRST_OBSERVED_SNAPSHOT_DATE,,,2026-09-30T17:29:59+08:00,CXHL2000213,2.4,,COMPLETE,fa8a59a165d4eb9e5ded6cf60a8c95e2,600276.SH,EXACT_APPLICANT_TOKEN_IN_OFFICIAL_MULTI_APPLICANT_FIELD,DELIMITED_APPLICANT_TOKEN_EXACT,江苏恒瑞医药股份有限公司,"{""affiliate_inference_used"": false, ""mapping_match_mode"": ""DELIMITED_APPLICANT_TOKEN_EXACT"", ""matched_applicant_token"": ""江苏恒瑞医药股份有限公司"", ""official_applicant_field"": ""江苏恒瑞医药股份有限公司;江苏恒瑞医药股份有限公司"", ""registry_evidence"": {""listed_issuer_legal_name"": ""江苏恒瑞医药股份有限公司"", ""security_code"": ""600276"", ""security_short_name"": ""恒瑞医药"", ""source_document_date"": ""2026-04-17"", ""source_kind"": ""SSE_OFFICIAL_ISSUER_DISCLOSURE"", ""source_url"": ""https://www.sse.com.cn/disclosure/listedinfo/announcement/c/new/2026-04-17/600276_20260417_XMOL.pdf""}, ""substring_matching_used"": false}"
临床试验默示许可,official:fb2e95b085aa0ee98e5e25af1918d54b,江苏恒瑞医药股份有限公司,注射用甲苯磺酸瑞马唑仑,本品适用于重症监护期间机械通气时的镇静。,https://www.cde.org.cn/main/xxgk/listpage/4b5255eb0a84820cef4ca3e8b6bbe20c,FIRST_OBSERVED_SNAPSHOT_DATE,,,2026-09-30T17:29:59+08:00,CXHB2300138,化学药品,,COMPLETE,fb2e95b085aa0ee98e5e25af1918d54b,600276.SH,EXACT_LISTED_ISSUER_LEGAL_NAME,WHOLE_FIELD_EXACT,江苏恒瑞医药股份有限公司,"{""affiliate_inference_used"": false, ""mapping_match_mode"": ""WHOLE_FIELD_EXACT"", ""matched_applicant_token"": ""江苏恒瑞医药股份有限公司"", ""official_applicant_field"": ""江苏恒瑞医药股份有限公司"", ""registry_evidence"": {""listed_issuer_legal_name"": ""江苏恒瑞医药股份有限公司"", ""security_code"": ""600276"", ""security_short_name"": ""恒瑞医药"", ""source_document_date"": ""2026-04-17"", ""source_kind"": ""SSE_OFFICIAL_ISSUER_DISCLOSURE"", ""source_url"": ""https://www.sse.com.cn/disclosure/listedinfo/announcement/c/new/2026-04-17/600276_20260417_XMOL.pdf""}, ""substring_matching_used"": false}"
临床试验默示许可,official:fb8b113063b0bd4aa8ab07ad2754b8c0,苏州盛迪亚生物医药有限公司;苏州盛迪亚生物医药有限公司;江苏恒瑞医药股份有限公司;上海恒瑞医药有限公司,注射用卡瑞利珠单抗,卡瑞利珠单抗联合培美曲塞加卡铂一线治疗晚期或转移性非鳞癌非小细胞肺癌。,https://www.cde.org.cn/main/xxgk/listpage/4b5255eb0a84820cef4ca3e8b6bbe20c,FIRST_OBSERVED_SNAPSHOT_DATE,,,2026-09-30T17:29:59+08:00,CXSL1900030,1,,COMPLETE,fb8b113063b0bd4aa8ab07ad2754b8c0,600276.SH,EXACT_APPLICANT_TOKEN_IN_OFFICIAL_MULTI_APPLICANT_FIELD,DELIMITED_APPLICANT_TOKEN_EXACT,江苏恒瑞医药股份有限公司,"{""affiliate_inference_used"": false, ""mapping_match_mode"": ""DELIMITED_APPLICANT_TOKEN_EXACT"", ""matched_applicant_token"": ""江苏恒瑞医药股份有限公司"", ""official_applicant_field"": ""苏州盛迪亚生物医药有限公司;苏州盛迪亚生物医药有限公司;江苏恒瑞医药股份有限公司;上海恒瑞医药有限公司"", ""registry_evidence"": {""listed_issuer_legal_name"": ""江苏恒瑞医药股份有限公司"", ""security_code"": ""600276"", ""security_short_name"": ""恒瑞医药"", ""source_document_date"": ""2026-04-17"", ""source_kind"": ""SSE_OFFICIAL_ISSUER_DISCLOSURE"", ""source_url"": ""https://www.sse.com.cn/disclosure/listedinfo/announcement/c/new/2026-04-17/600276_20260417_XMOL.pdf""}, ""substring_matching_used"": false}"
临床试验默示许可,official:fc5666ec1118766e7b82137caa3e0285,江苏恒瑞医药股份有限公司;江苏恒瑞医药股份有限公司,硫培非格司亭注射液,本品适用于成年非髓性恶性肿瘤患者在接受容易引起发热性中性粒细胞减少症的骨髓抑制性抗癌药物治疗时，降低以发热性中性粒细胞减少症为表现的感染发生率。,https://www.cde.org.cn/main/xxgk/listpage/4b5255eb0a84820cef4ca3e8b6bbe20c,FIRST_OBSERVED_SNAPSHOT_DATE,,,2026-09-30T17:29:59+08:00,CXSB2200022,治疗用生物制品,,COMPLETE,fc5666ec1118766e7b82137caa3e0285,600276.SH,EXACT_APPLICANT_TOKEN_IN_OFFICIAL_MULTI_APPLICANT_FIELD,DELIMITED_APPLICANT_TOKEN_EXACT,江苏恒瑞医药股份有限公司,"{""affiliate_inference_used"": false, ""mapping_match_mode"": ""DELIMITED_APPLICANT_TOKEN_EXACT"", ""matched_applicant_token"": ""江苏恒瑞医药股份有限公司"", ""official_applicant_field"": ""江苏恒瑞医药股份有限公司;江苏恒瑞医药股份有限公司"", ""registry_evidence"": {""listed_issuer_legal_name"": ""江苏恒瑞医药股份有限公司"", ""security_code"": ""600276"", ""security_short_name"": ""恒瑞医药"", ""source_document_date"": ""2026-04-17"", ""source_kind"": ""SSE_OFFICIAL_ISSUER_DISCLOSURE"", ""source_url"": ""https://www.sse.com.cn/disclosure/listedinfo/announcement/c/new/2026-04-17/600276_20260417_XMOL.pdf""}, ""substring_matching_used"": false}"
临床试验默示许可,official:fca9cd9439160ad9c0be0974b82fefdd,江苏恒瑞医药股份有限公司,HRS-6209胶囊,本品联合HRS-6208+HRS-8080，或联合HRS-6208+HRS-1358，或联合HRS-6208+氟维司群，或联合HRS-6208+芳香化酶抑制剂用于实体瘤的治疗。,https://www.cde.org.cn/main/xxgk/listpage/4b5255eb0a84820cef4ca3e8b6bbe20c,FIRST_OBSERVED_SNAPSHOT_DATE,,,2026-09-30T17:29:59+08:00,CXHL2501005,1,,COMPLETE,fca9cd9439160ad9c0be0974b82fefdd,600276.SH,EXACT_LISTED_ISSUER_LEGAL_NAME,WHOLE_FIELD_EXACT,江苏恒瑞医药股份有限公司,"{""affiliate_inference_used"": false, ""mapping_match_mode"": ""WHOLE_FIELD_EXACT"", ""matched_applicant_token"": ""江苏恒瑞医药股份有限公司"", ""official_applicant_field"": ""江苏恒瑞医药股份有限公司"", ""registry_evidence"": {""listed_issuer_legal_name"": ""江苏恒瑞医药股份有限公司"", ""security_code"": ""600276"", ""security_short_name"": ""恒瑞医药"", ""source_document_date"": ""2026-04-17"", ""source_kind"": ""SSE_OFFICIAL_ISSUER_DISCLOSURE"", ""source_url"": ""https://www.sse.com.cn/disclosure/listedinfo/announcement/c/new/2026-04-17/600276_20260417_XMOL.pdf""}, ""substring_matching_used"": false}"
临床试验默示许可,official:fd0268fbfed79884efb286d048005f02,江苏恒瑞医药股份有限公司;江苏恒瑞医药股份有限公司,苹果酸法米替尼胶囊,晚期实体瘤,https://www.cde.org.cn/main/xxgk/listpage/4b5255eb0a84820cef4ca3e8b6bbe20c,FIRST_OBSERVED_SNAPSHOT_DATE,,,2026-09-30T17:29:59+08:00,CXHB2000145,化学药品第1类,,COMPLETE,fd0268fbfed79884efb286d048005f02,600276.SH,EXACT_APPLICANT_TOKEN_IN_OFFICIAL_MULTI_APPLICANT_FIELD,DELIMITED_APPLICANT_TOKEN_EXACT,江苏恒瑞医药股份有限公司,"{""affiliate_inference_used"": false, ""mapping_match_mode"": ""DELIMITED_APPLICANT_TOKEN_EXACT"", ""matched_applicant_token"": ""江苏恒瑞医药股份有限公司"", ""official_applicant_field"": ""江苏恒瑞医药股份有限公司;江苏恒瑞医药股份有限公司"", ""registry_evidence"": {""listed_issuer_legal_name"": ""江苏恒瑞医药股份有限公司"", ""security_code"": ""600276"", ""security_short_name"": ""恒瑞医药"", ""source_document_date"": ""2026-04-17"", ""source_kind"": ""SSE_OFFICIAL_ISSUER_DISCLOSURE"", ""source_url"": ""https://www.sse.com.cn/disclosure/listedinfo/announcement/c/new/2026-04-17/600276_20260417_XMOL.pdf""}, ""substring_matching_used"": false}"
临床试验默示许可,official:fd399505feb8a8712504c5b2cd788af9,江苏恒瑞医药股份有限公司,HRS-6093片,HRS-6093联合HRS-6719±阿得贝利单抗±化疗；或联合HRS-6719±SHR-9839(sc)±化疗用于实体瘤的治疗,https://www.cde.org.cn/main/xxgk/listpage/4b5255eb0a84820cef4ca3e8b6bbe20c,FIRST_OBSERVED_SNAPSHOT_DATE,,,2026-09-30T17:29:59+08:00,CXHL2600231,1,,COMPLETE,fd399505feb8a8712504c5b2cd788af9,600276.SH,EXACT_LISTED_ISSUER_LEGAL_NAME,WHOLE_FIELD_EXACT,江苏恒瑞医药股份有限公司,"{""affiliate_inference_used"": false, ""mapping_match_mode"": ""WHOLE_FIELD_EXACT"", ""matched_applicant_token"": ""江苏恒瑞医药股份有限公司"", ""official_applicant_field"": ""江苏恒瑞医药股份有限公司"", ""registry_evidence"": {""listed_issuer_legal_name"": ""江苏恒瑞医药股份有限公司"", ""security_code"": ""600276"", ""security_short_name"": ""恒瑞医药"", ""source_document_date"": ""2026-04-17"", ""source_kind"": ""SSE_OFFICIAL_ISSUER_DISCLOSURE"", ""source_url"": ""https://www.sse.com.cn/disclosure/listedinfo/announcement/c/new/2026-04-17/600276_20260417_XMOL.pdf""}, ""substring_matching_used"": false}"
临床试验默示许可,official:fd77b1234386f3ad20a1e6e64762bc66,江苏恒瑞医药股份有限公司;江苏恒瑞医药股份有限公司,氟唑帕利胶囊,氟唑帕利胶囊联合贝伐珠单抗注射液用于转移性结直肠癌。,https://www.cde.org.cn/main/xxgk/listpage/4b5255eb0a84820cef4ca3e8b6bbe20c,FIRST_OBSERVED_SNAPSHOT_DATE,,,2026-09-30T17:29:59+08:00,CXHL2101303,2.4,,COMPLETE,fd77b1234386f3ad20a1e6e64762bc66,600276.SH,EXACT_APPLICANT_TOKEN_IN_OFFICIAL_MULTI_APPLICANT_FIELD,DELIMITED_APPLICANT_TOKEN_EXACT,江苏恒瑞医药股份有限公司,"{""affiliate_inference_used"": false, ""mapping_match_mode"": ""DELIMITED_APPLICANT_TOKEN_EXACT"", ""matched_applicant_token"": ""江苏恒瑞医药股份有限公司"", ""official_applicant_field"": ""江苏恒瑞医药股份有限公司;江苏恒瑞医药股份有限公司"", ""registry_evidence"": {""listed_issuer_legal_name"": ""江苏恒瑞医药股份有限公司"", ""security_code"": ""600276"", ""security_short_name"": ""恒瑞医药"", ""source_document_date"": ""2026-04-17"", ""source_kind"": ""SSE_OFFICIAL_ISSUER_DISCLOSURE"", ""source_url"": ""https://www.sse.com.cn/disclosure/listedinfo/announcement/c/new/2026-04-17/600276_20260417_XMOL.pdf""}, ""substring_matching_used"": false}"
临床试验默示许可,official:fd8249ca3ba0f82693e93178e8f5918d,苏州盛迪亚生物医药有限公司;苏州盛迪亚生物医药有限公司;江苏恒瑞医药股份有限公司;上海恒瑞医药有限公司,注射用卡瑞利珠单抗,注射用卡瑞利珠单抗联合苹果酸法米替尼胶囊、培美曲塞和卡铂，用于既往未接受过系统治疗的EGFR/ALK野生型的晚期或转移性非鳞癌非小细胞肺癌。,https://www.cde.org.cn/main/xxgk/listpage/4b5255eb0a84820cef4ca3e8b6bbe20c,FIRST_OBSERVED_SNAPSHOT_DATE,,,2026-09-30T17:29:59+08:00,CXSL2000188,1,,COMPLETE,fd8249ca3ba0f82693e93178e8f5918d,600276.SH,EXACT_APPLICANT_TOKEN_IN_OFFICIAL_MULTI_APPLICANT_FIELD,DELIMITED_APPLICANT_TOKEN_EXACT,江苏恒瑞医药股份有限公司,"{""affiliate_inference_used"": false, ""mapping_match_mode"": ""DELIMITED_APPLICANT_TOKEN_EXACT"", ""matched_applicant_token"": ""江苏恒瑞医药股份有限公司"", ""official_applicant_field"": ""苏州盛迪亚生物医药有限公司;苏州盛迪亚生物医药有限公司;江苏恒瑞医药股份有限公司;上海恒瑞医药有限公司"", ""registry_evidence"": {""listed_issuer_legal_name"": ""江苏恒瑞医药股份有限公司"", ""security_code"": ""600276"", ""security_short_name"": ""恒瑞医药"", ""source_document_date"": ""2026-04-17"", ""source_kind"": ""SSE_OFFICIAL_ISSUER_DISCLOSURE"", ""source_url"": ""https://www.sse.com.cn/disclosure/listedinfo/announcement/c/new/2026-04-17/600276_20260417_XMOL.pdf""}, ""substring_matching_used"": false}"
临床试验默示许可,official:fd97479753da2eaec5fcbf680bfd123c,江苏恒瑞医药股份有限公司,SHR0410注射液,用于术后急性中到重度疼痛的治疗。,https://www.cde.org.cn/main/xxgk/listpage/4b5255eb0a84820cef4ca3e8b6bbe20c,FIRST_OBSERVED_SNAPSHOT_DATE,,,2026-09-30T17:29:59+08:00,CXHL2101401,1,,COMPLETE,fd97479753da2eaec5fcbf680bfd123c,600276.SH,EXACT_LISTED_ISSUER_LEGAL_NAME,WHOLE_FIELD_EXACT,江苏恒瑞医药股份有限公司,"{""affiliate_inference_used"": false, ""mapping_match_mode"": ""WHOLE_FIELD_EXACT"", ""matched_applicant_token"": ""江苏恒瑞医药股份有限公司"", ""official_applicant_field"": ""江苏恒瑞医药股份有限公司"", ""registry_evidence"": {""listed_issuer_legal_name"": ""江苏恒瑞医药股份有限公司"", ""security_code"": ""600276"", ""security_short_name"": ""恒瑞医药"", ""source_document_date"": ""2026-04-17"", ""source_kind"": ""SSE_OFFICIAL_ISSUER_DISCLOSURE"", ""source_url"": ""https://www.sse.com.cn/disclosure/listedinfo/announcement/c/new/2026-04-17/600276_20260417_XMOL.pdf""}, ""substring_matching_used"": false}"
临床试验默示许可,official:fd9a6901a13b9a288aae965d50d045c3,江苏恒瑞医药股份有限公司;江苏恒瑞医药股份有限公司,硫培非格司亭注射液,本品适用于成年非髓性恶性肿瘤患者在接受容易引起发热性中性粒细胞减少症的骨髓抑制性抗癌药物治疗时，降低以发热性中性粒细胞减少症为表现的感染发生率。,https://www.cde.org.cn/main/xxgk/listpage/4b5255eb0a84820cef4ca3e8b6bbe20c,FIRST_OBSERVED_SNAPSHOT_DATE,,,2026-09-30T17:29:59+08:00,CYSB2300015,治疗用生物制品,,COMPLETE,fd9a6901a13b9a288aae965d50d045c3,600276.SH,EXACT_APPLICANT_TOKEN_IN_OFFICIAL_MULTI_APPLICANT_FIELD,DELIMITED_APPLICANT_TOKEN_EXACT,江苏恒瑞医药股份有限公司,"{""affiliate_inference_used"": false, ""mapping_match_mode"": ""DELIMITED_APPLICANT_TOKEN_EXACT"", ""matched_applicant_token"": ""江苏恒瑞医药股份有限公司"", ""official_applicant_field"": ""江苏恒瑞医药股份有限公司;江苏恒瑞医药股份有限公司"", ""registry_evidence"": {""listed_issuer_legal_name"": ""江苏恒瑞医药股份有限公司"", ""security_code"": ""600276"", ""security_short_name"": ""恒瑞医药"", ""source_document_date"": ""2026-04-17"", ""source_kind"": ""SSE_OFFICIAL_ISSUER_DISCLOSURE"", ""source_url"": ""https://www.sse.com.cn/disclosure/listedinfo/announcement/c/new/2026-04-17/600276_20260417_XMOL.pdf""}, ""substring_matching_used"": false}"
临床试验默示许可,official:fda34f29e414173fd5c0b75c34661db0,江苏恒瑞医药股份有限公司;江苏恒瑞医药股份有限公司,SHR6390片,本品联合内分泌治疗用于HR阳性，HER2阴性的早期或局部晚期乳腺癌的辅助治疗。,https://www.cde.org.cn/main/xxgk/listpage/4b5255eb0a84820cef4ca3e8b6bbe20c,FIRST_OBSERVED_SNAPSHOT_DATE,,,2026-09-30T17:29:59+08:00,CXHL2000435,1,,COMPLETE,fda34f29e414173fd5c0b75c34661db0,600276.SH,EXACT_APPLICANT_TOKEN_IN_OFFICIAL_MULTI_APPLICANT_FIELD,DELIMITED_APPLICANT_TOKEN_EXACT,江苏恒瑞医药股份有限公司,"{""affiliate_inference_used"": false, ""mapping_match_mode"": ""DELIMITED_APPLICANT_TOKEN_EXACT"", ""matched_applicant_token"": ""江苏恒瑞医药股份有限公司"", ""official_applicant_field"": ""江苏恒瑞医药股份有限公司;江苏恒瑞医药股份有限公司"", ""registry_evidence"": {""listed_issuer_legal_name"": ""江苏恒瑞医药股份有限公司"", ""security_code"": ""600276"", ""security_short_name"": ""恒瑞医药"", ""source_document_date"": ""2026-04-17"", ""source_kind"": ""SSE_OFFICIAL_ISSUER_DISCLOSURE"", ""source_url"": ""https://www.sse.com.cn/disclosure/listedinfo/announcement/c/new/2026-04-17/600276_20260417_XMOL.pdf""}, ""substring_matching_used"": false}"
临床试验默示许可,official:fdb0d4e8c037af7f16eeeea4138f7ca1,江苏恒瑞医药股份有限公司,HRS5091片,慢性乙型肝炎。,https://www.cde.org.cn/main/xxgk/listpage/4b5255eb0a84820cef4ca3e8b6bbe20c,FIRST_OBSERVED_SNAPSHOT_DATE,,,2026-09-30T17:29:59+08:00,CXHB2101010,化药1类,,COMPLETE,fdb0d4e8c037af7f16eeeea4138f7ca1,600276.SH,EXACT_LISTED_ISSUER_LEGAL_NAME,WHOLE_FIELD_EXACT,江苏恒瑞医药股份有限公司,"{""affiliate_inference_used"": false, ""mapping_match_mode"": ""WHOLE_FIELD_EXACT"", ""matched_applicant_token"": ""江苏恒瑞医药股份有限公司"", ""official_applicant_field"": ""江苏恒瑞医药股份有限公司"", ""registry_evidence"": {""listed_issuer_legal_name"": ""江苏恒瑞医药股份有限公司"", ""security_code"": ""600276"", ""security_short_name"": ""恒瑞医药"", ""source_document_date"": ""2026-04-17"", ""source_kind"": ""SSE_OFFICIAL_ISSUER_DISCLOSURE"", ""source_url"": ""https://www.sse.com.cn/disclosure/listedinfo/announcement/c/new/2026-04-17/600276_20260417_XMOL.pdf""}, ""substring_matching_used"": false}"
临床试验默示许可,official:fdbef1e30e3b4211e4d434ea788e83c2,江苏恒瑞医药股份有限公司;江苏恒瑞医药股份有限公司;上海恒瑞医药有限公司,马来酸吡咯替尼片,本品单药用于HER2外显子20突变的、既往含铂化疗失败的晚期非鳞状非小细胞肺癌患者的治疗。,https://www.cde.org.cn/main/xxgk/listpage/4b5255eb0a84820cef4ca3e8b6bbe20c,FIRST_OBSERVED_SNAPSHOT_DATE,,,2026-09-30T17:29:59+08:00,CXHB2000015,2.4,,COMPLETE,fdbef1e30e3b4211e4d434ea788e83c2,600276.SH,EXACT_APPLICANT_TOKEN_IN_OFFICIAL_MULTI_APPLICANT_FIELD,DELIMITED_APPLICANT_TOKEN_EXACT,江苏恒瑞医药股份有限公司,"{""affiliate_inference_used"": false, ""mapping_match_mode"": ""DELIMITED_APPLICANT_TOKEN_EXACT"", ""matched_applicant_token"": ""江苏恒瑞医药股份有限公司"", ""official_applicant_field"": ""江苏恒瑞医药股份有限公司;江苏恒瑞医药股份有限公司;上海恒瑞医药有限公司"", ""registry_evidence"": {""listed_issuer_legal_name"": ""江苏恒瑞医药股份有限公司"", ""security_code"": ""600276"", ""security_short_name"": ""恒瑞医药"", ""source_document_date"": ""2026-04-17"", ""source_kind"": ""SSE_OFFICIAL_ISSUER_DISCLOSURE"", ""source_url"": ""https://www.sse.com.cn/disclosure/listedinfo/announcement/c/new/2026-04-17/600276_20260417_XMOL.pdf""}, ""substring_matching_used"": false}"
临床试验默示许可,official:fe8612038018a4a75c54f707a3122ddc,江苏恒瑞医药股份有限公司,羟乙磺酸达尔西利片,本品联合RP903片和氟维司群用于复发或转移性乳腺癌患者,https://www.cde.org.cn/main/xxgk/listpage/4b5255eb0a84820cef4ca3e8b6bbe20c,FIRST_OBSERVED_SNAPSHOT_DATE,,,2026-09-30T17:29:59+08:00,CXHL2600109,2.4,,COMPLETE,fe8612038018a4a75c54f707a3122ddc,600276.SH,EXACT_LISTED_ISSUER_LEGAL_NAME,WHOLE_FIELD_EXACT,江苏恒瑞医药股份有限公司,"{""affiliate_inference_used"": false, ""mapping_match_mode"": ""WHOLE_FIELD_EXACT"", ""matched_applicant_token"": ""江苏恒瑞医药股份有限公司"", ""official_applicant_field"": ""江苏恒瑞医药股份有限公司"", ""registry_evidence"": {""listed_issuer_legal_name"": ""江苏恒瑞医药股份有限公司"", ""security_code"": ""600276"", ""security_short_name"": ""恒瑞医药"", ""source_document_date"": ""2026-04-17"", ""source_kind"": ""SSE_OFFICIAL_ISSUER_DISCLOSURE"", ""source_url"": ""https://www.sse.com.cn/disclosure/listedinfo/announcement/c/new/2026-04-17/600276_20260417_XMOL.pdf""}, ""substring_matching_used"": false}"
临床试验默示许可,official:fea5d97aec998b9a81885e14828ce754,江苏恒瑞医药股份有限公司,甲磺酸阿帕替尼片,卡瑞利珠单抗和阿帕替尼联合经肝动脉化疗栓塞术用于不可切除肝细胞癌患者的治疗。,https://www.cde.org.cn/main/xxgk/listpage/4b5255eb0a84820cef4ca3e8b6bbe20c,FIRST_OBSERVED_SNAPSHOT_DATE,,,2026-09-30T17:29:59+08:00,CXHL2101607,2.4,,COMPLETE,fea5d97aec998b9a81885e14828ce754,600276.SH,EXACT_LISTED_ISSUER_LEGAL_NAME,WHOLE_FIELD_EXACT,江苏恒瑞医药股份有限公司,"{""affiliate_inference_used"": false, ""mapping_match_mode"": ""WHOLE_FIELD_EXACT"", ""matched_applicant_token"": ""江苏恒瑞医药股份有限公司"", ""official_applicant_field"": ""江苏恒瑞医药股份有限公司"", ""registry_evidence"": {""listed_issuer_legal_name"": ""江苏恒瑞医药股份有限公司"", ""security_code"": ""600276"", ""security_short_name"": ""恒瑞医药"", ""source_document_date"": ""2026-04-17"", ""source_kind"": ""SSE_OFFICIAL_ISSUER_DISCLOSURE"", ""source_url"": ""https://www.sse.com.cn/disclosure/listedinfo/announcement/c/new/2026-04-17/600276_20260417_XMOL.pdf""}, ""substring_matching_used"": false}"
临床试验默示许可,official:ff1d2fb66add4db1bc560219299bfd79,江苏恒瑞医药股份有限公司;瑞石生物医药有限公司,SHR0302片,本品拟用于中重度溃疡性结肠炎的治疗。,https://www.cde.org.cn/main/xxgk/listpage/4b5255eb0a84820cef4ca3e8b6bbe20c,FIRST_OBSERVED_SNAPSHOT_DATE,,,2026-09-30T17:29:59+08:00,CXHL1800149,1,,COMPLETE,ff1d2fb66add4db1bc560219299bfd79,600276.SH,EXACT_APPLICANT_TOKEN_IN_OFFICIAL_MULTI_APPLICANT_FIELD,DELIMITED_APPLICANT_TOKEN_EXACT,江苏恒瑞医药股份有限公司,"{""affiliate_inference_used"": false, ""mapping_match_mode"": ""DELIMITED_APPLICANT_TOKEN_EXACT"", ""matched_applicant_token"": ""江苏恒瑞医药股份有限公司"", ""official_applicant_field"": ""江苏恒瑞医药股份有限公司;瑞石生物医药有限公司"", ""registry_evidence"": {""listed_issuer_legal_name"": ""江苏恒瑞医药股份有限公司"", ""security_code"": ""600276"", ""security_short_name"": ""恒瑞医药"", ""source_document_date"": ""2026-04-17"", ""source_kind"": ""SSE_OFFICIAL_ISSUER_DISCLOSURE"", ""source_url"": ""https://www.sse.com.cn/disclosure/listedinfo/announcement/c/new/2026-04-17/600276_20260417_XMOL.pdf""}, ""substring_matching_used"": false}"
临床试验默示许可,official:ffdc7dca0f812a7cd9dd5a5ae7ddb115,江苏恒瑞医药股份有限公司;江苏恒瑞医药股份有限公司;上海恒瑞医药有限公司,苹果酸法米替尼胶囊,本品单药用于治疗经过伊马替尼治疗失败的晚期胃肠道间质瘤。,https://www.cde.org.cn/main/xxgk/listpage/4b5255eb0a84820cef4ca3e8b6bbe20c,FIRST_OBSERVED_SNAPSHOT_DATE,,,2026-09-30T17:29:59+08:00,CXHL2000273,1,,COMPLETE,ffdc7dca0f812a7cd9dd5a5ae7ddb115,600276.SH,EXACT_APPLICANT_TOKEN_IN_OFFICIAL_MULTI_APPLICANT_FIELD,DELIMITED_APPLICANT_TOKEN_EXACT,江苏恒瑞医药股份有限公司,"{""affiliate_inference_used"": false, ""mapping_match_mode"": ""DELIMITED_APPLICANT_TOKEN_EXACT"", ""matched_applicant_token"": ""江苏恒瑞医药股份有限公司"", ""official_applicant_field"": ""江苏恒瑞医药股份有限公司;江苏恒瑞医药股份有限公司;上海恒瑞医药有限公司"", ""registry_evidence"": {""listed_issuer_legal_name"": ""江苏恒瑞医药股份有限公司"", ""security_code"": ""600276"", ""security_short_name"": ""恒瑞医药"", ""source_document_date"": ""2026-04-17"", ""source_kind"": ""SSE_OFFICIAL_ISSUER_DISCLOSURE"", ""source_url"": ""https://www.sse.com.cn/disclosure/listedinfo/announcement/c/new/2026-04-17/600276_20260417_XMOL.pdf""}, ""substring_matching_used"": false}"
纳入优先审评品种名单,official:3cc45b396497b598341ce3af000490e5,江苏恒瑞医药股份有限公司,磺达肝癸钠注射液,,https://www.cde.org.cn/main/xxgk/listpage/2f78f372d351c6851af7431c7710a731,PUBLICATION_DATE_EXPLICIT,2016-10-10,,,CYHS1300223,,已纳入,COMPLETE,3cc45b396497b598341ce3af000490e5,600276.SH,EXACT_LISTED_ISSUER_LEGAL_NAME,WHOLE_FIELD_EXACT,江苏恒瑞医药股份有限公司,"{""affiliate_inference_used"": false, ""mapping_match_mode"": ""WHOLE_FIELD_EXACT"", ""matched_applicant_token"": ""江苏恒瑞医药股份有限公司"", ""official_applicant_field"": ""江苏恒瑞医药股份有限公司"", ""registry_evidence"": {""listed_issuer_legal_name"": ""江苏恒瑞医药股份有限公司"", ""security_code"": ""600276"", ""security_short_name"": ""恒瑞医药"", ""source_document_date"": ""2026-04-17"", ""source_kind"": ""SSE_OFFICIAL_ISSUER_DISCLOSURE"", ""source_url"": ""https://www.sse.com.cn/disclosure/listedinfo/announcement/c/new/2026-04-17/600276_20260417_XMOL.pdf""}, ""substring_matching_used"": false}"
纳入优先审评品种名单,official:4216a7ab5417e8640e7a1d5a6d97bfc3,江苏恒瑞医药股份有限公司,注射用醋酸卡泊芬净,,https://www.cde.org.cn/main/xxgk/listpage/2f78f372d351c6851af7431c7710a731,PUBLICATION_DATE_EXPLICIT,2016-10-10,,,CYHS1201509,,已纳入,COMPLETE,4216a7ab5417e8640e7a1d5a6d97bfc3,600276.SH,EXACT_LISTED_ISSUER_LEGAL_NAME,WHOLE_FIELD_EXACT,江苏恒瑞医药股份有限公司,"{""affiliate_inference_used"": false, ""mapping_match_mode"": ""WHOLE_FIELD_EXACT"", ""matched_applicant_token"": ""江苏恒瑞医药股份有限公司"", ""official_applicant_field"": ""江苏恒瑞医药股份有限公司"", ""registry_evidence"": {""listed_issuer_legal_name"": ""江苏恒瑞医药股份有限公司"", ""security_code"": ""600276"", ""security_short_name"": ""恒瑞医药"", ""source_document_date"": ""2026-04-17"", ""source_kind"": ""SSE_OFFICIAL_ISSUER_DISCLOSURE"", ""source_url"": ""https://www.sse.com.cn/disclosure/listedinfo/announcement/c/new/2026-04-17/600276_20260417_XMOL.pdf""}, ""substring_matching_used"": false}"
纳入优先审评品种名单,official:4ed7291657db83e62db690c991262e1f,;江苏恒瑞医药股份有限公司;上海恒瑞医药有限公司,盐酸右美托咪定鼻喷剂,,https://www.cde.org.cn/main/xxgk/listpage/2f78f372d351c6851af7431c7710a731,PUBLICATION_DATE_EXPLICIT,2016-10-10,,,CXHL1502031,,已纳入,COMPLETE,4ed7291657db83e62db690c991262e1f,600276.SH,EXACT_APPLICANT_TOKEN_IN_OFFICIAL_MULTI_APPLICANT_FIELD,DELIMITED_APPLICANT_TOKEN_EXACT,江苏恒瑞医药股份有限公司,"{""affiliate_inference_used"": false, ""mapping_match_mode"": ""DELIMITED_APPLICANT_TOKEN_EXACT"", ""matched_applicant_token"": ""江苏恒瑞医药股份有限公司"", ""official_applicant_field"": "";江苏恒瑞医药股份有限公司;上海恒瑞医药有限公司"", ""registry_evidence"": {""listed_issuer_legal_name"": ""江苏恒瑞医药股份有限公司"", ""security_code"": ""600276"", ""security_short_name"": ""恒瑞医药"", ""source_document_date"": ""2026-04-17"", ""source_kind"": ""SSE_OFFICIAL_ISSUER_DISCLOSURE"", ""source_url"": ""https://www.sse.com.cn/disclosure/listedinfo/announcement/c/new/2026-04-17/600276_20260417_XMOL.pdf""}, ""substring_matching_used"": false}"
纳入优先审评品种名单,official:545cf855a50574699b46b26bcb165f32,江苏恒瑞医药股份有限公司,钆布醇注射液,,https://www.cde.org.cn/main/xxgk/listpage/2f78f372d351c6851af7431c7710a731,PUBLICATION_DATE_EXPLICIT,2016-10-10,,,CYHS1200814,,已纳入,COMPLETE,545cf855a50574699b46b26bcb165f32,600276.SH,EXACT_LISTED_ISSUER_LEGAL_NAME,WHOLE_FIELD_EXACT,江苏恒瑞医药股份有限公司,"{""affiliate_inference_used"": false, ""mapping_match_mode"": ""WHOLE_FIELD_EXACT"", ""matched_applicant_token"": ""江苏恒瑞医药股份有限公司"", ""official_applicant_field"": ""江苏恒瑞医药股份有限公司"", ""registry_evidence"": {""listed_issuer_legal_name"": ""江苏恒瑞医药股份有限公司"", ""security_code"": ""600276"", ""security_short_name"": ""恒瑞医药"", ""source_document_date"": ""2026-04-17"", ""source_kind"": ""SSE_OFFICIAL_ISSUER_DISCLOSURE"", ""source_url"": ""https://www.sse.com.cn/disclosure/listedinfo/announcement/c/new/2026-04-17/600276_20260417_XMOL.pdf""}, ""substring_matching_used"": false}"
纳入优先审评品种名单,official:c4a5baf061eb9ef77ad7c5e3c035a75c,江苏恒瑞医药股份有限公司,帕立骨化醇注射液,,https://www.cde.org.cn/main/xxgk/listpage/2f78f372d351c6851af7431c7710a731,PUBLICATION_DATE_EXPLICIT,2016-10-10,,,CYHS1301372,,已纳入,COMPLETE,c4a5baf061eb9ef77ad7c5e3c035a75c,600276.SH,EXACT_LISTED_ISSUER_LEGAL_NAME,WHOLE_FIELD_EXACT,江苏恒瑞医药股份有限公司,"{""affiliate_inference_used"": false, ""mapping_match_mode"": ""WHOLE_FIELD_EXACT"", ""matched_applicant_token"": ""江苏恒瑞医药股份有限公司"", ""official_applicant_field"": ""江苏恒瑞医药股份有限公司"", ""registry_evidence"": {""listed_issuer_legal_name"": ""江苏恒瑞医药股份有限公司"", ""security_code"": ""600276"", ""security_short_name"": ""恒瑞医药"", ""source_document_date"": ""2026-04-17"", ""source_kind"": ""SSE_OFFICIAL_ISSUER_DISCLOSURE"", ""source_url"": ""https://www.sse.com.cn/disclosure/listedinfo/announcement/c/new/2026-04-17/600276_20260417_XMOL.pdf""}, ""substring_matching_used"": false}"
纳入优先审评品种名单,official:ca252ce6ba80c4d8042b5859bce986f4,江苏盛迪医药有限公司;江苏恒瑞医药股份有限公司,醋酸卡泊芬净,,https://www.cde.org.cn/main/xxgk/listpage/2f78f372d351c6851af7431c7710a731,PUBLICATION_DATE_EXPLICIT,2016-10-10,,,CXHS1200312,,已纳入,COMPLETE,ca252ce6ba80c4d8042b5859bce986f4,600276.SH,EXACT_APPLICANT_TOKEN_IN_OFFICIAL_MULTI_APPLICANT_FIELD,DELIMITED_APPLICANT_TOKEN_EXACT,江苏恒瑞医药股份有限公司,"{""affiliate_inference_used"": false, ""mapping_match_mode"": ""DELIMITED_APPLICANT_TOKEN_EXACT"", ""matched_applicant_token"": ""江苏恒瑞医药股份有限公司"", ""official_applicant_field"": ""江苏盛迪医药有限公司;江苏恒瑞医药股份有限公司"", ""registry_evidence"": {""listed_issuer_legal_name"": ""江苏恒瑞医药股份有限公司"", ""security_code"": ""600276"", ""security_short_name"": ""恒瑞医药"", ""source_document_date"": ""2026-04-17"", ""source_kind"": ""SSE_OFFICIAL_ISSUER_DISCLOSURE"", ""source_url"": ""https://www.sse.com.cn/disclosure/listedinfo/announcement/c/new/2026-04-17/600276_20260417_XMOL.pdf""}, ""substring_matching_used"": false}"
纳入优先审评品种名单,official:c041d77f010ad437c91832ccb8c100b6,江苏恒瑞医药股份有限公司,苯磺顺阿曲库铵注射液,本品用于手术和其他操作以及重症监护治疗。作为全麻的辅助用药或在重症监护病房(ICU)起镇静作用，它可以松弛骨骼肌，使气管插管和机械通气易于进行。,https://www.cde.org.cn/main/xxgk/listpage/2f78f372d351c6851af7431c7710a731,PUBLICATION_DATE_EXPLICIT,2017-04-14,,,CYHS1400315,,已纳入,COMPLETE,c041d77f010ad437c91832ccb8c100b6,600276.SH,EXACT_LISTED_ISSUER_LEGAL_NAME,WHOLE_FIELD_EXACT,江苏恒瑞医药股份有限公司,"{""affiliate_inference_used"": false, ""mapping_match_mode"": ""WHOLE_FIELD_EXACT"", ""matched_applicant_token"": ""江苏恒瑞医药股份有限公司"", ""official_applicant_field"": ""江苏恒瑞医药股份有限公司"", ""registry_evidence"": {""listed_issuer_legal_name"": ""江苏恒瑞医药股份有限公司"", ""security_code"": ""600276"", ""security_short_name"": ""恒瑞医药"", ""source_document_date"": ""2026-04-17"", ""source_kind"": ""SSE_OFFICIAL_ISSUER_DISCLOSURE"", ""source_url"": ""https://www.sse.com.cn/disclosure/listedinfo/announcement/c/new/2026-04-17/600276_20260417_XMOL.pdf""}, ""substring_matching_used"": false}"
纳入优先审评品种名单,official:db67911cad53ea805ee39c683644c96f,江苏恒瑞医药股份有限公司,注射用紫杉醇（白蛋白结合型）,本品适用于联合化疗治疗失败的转移性乳腺癌或辅助化疗后6个月内复发的乳腺癌,https://www.cde.org.cn/main/xxgk/listpage/2f78f372d351c6851af7431c7710a731,PUBLICATION_DATE_EXPLICIT,2017-06-20,,,CYHS1790004,,已纳入,COMPLETE,db67911cad53ea805ee39c683644c96f,600276.SH,EXACT_LISTED_ISSUER_LEGAL_NAME,WHOLE_FIELD_EXACT,江苏恒瑞医药股份有限公司,"{""affiliate_inference_used"": false, ""mapping_match_mode"": ""WHOLE_FIELD_EXACT"", ""matched_applicant_token"": ""江苏恒瑞医药股份有限公司"", ""official_applicant_field"": ""江苏恒瑞医药股份有限公司"", ""registry_evidence"": {""listed_issuer_legal_name"": ""江苏恒瑞医药股份有限公司"", ""security_code"": ""600276"", ""security_short_name"": ""恒瑞医药"", ""source_document_date"": ""2026-04-17"", ""source_kind"": ""SSE_OFFICIAL_ISSUER_DISCLOSURE"", ""source_url"": ""https://www.sse.com.cn/disclosure/listedinfo/announcement/c/new/2026-04-17/600276_20260417_XMOL.pdf""}, ""substring_matching_used"": false}"
纳入优先审评品种名单,official:6b3360f065771de62ba9b21e6308d594,江苏恒瑞医药股份有限公司,地氟烷,用于住院和门诊成年患者麻醉诱导和/或维持,https://www.cde.org.cn/main/xxgk/listpage/2f78f372d351c6851af7431c7710a731,PUBLICATION_DATE_EXPLICIT,2017-07-11,,,CXHL1401444,,已纳入,COMPLETE,6b3360f065771de62ba9b21e6308d594,600276.SH,EXACT_LISTED_ISSUER_LEGAL_NAME,WHOLE_FIELD_EXACT,江苏恒瑞医药股份有限公司,"{""affiliate_inference_used"": false, ""mapping_match_mode"": ""WHOLE_FIELD_EXACT"", ""matched_applicant_token"": ""江苏恒瑞医药股份有限公司"", ""official_applicant_field"": ""江苏恒瑞医药股份有限公司"", ""registry_evidence"": {""listed_issuer_legal_name"": ""江苏恒瑞医药股份有限公司"", ""security_code"": ""600276"", ""security_short_name"": ""恒瑞医药"", ""source_document_date"": ""2026-04-17"", ""source_kind"": ""SSE_OFFICIAL_ISSUER_DISCLOSURE"", ""source_url"": ""https://www.sse.com.cn/disclosure/listedinfo/announcement/c/new/2026-04-17/600276_20260417_XMOL.pdf""}, ""substring_matching_used"": false}"
纳入优先审评品种名单,official:ab44b5bf7e7cc25a802608b17e4d68d3,江苏恒瑞医药股份有限公司,注射用替莫唑胺,用于新诊断的多形性胶质母细胞瘤和复发的间变性星型细胞瘤的治疗。,https://www.cde.org.cn/main/xxgk/listpage/2f78f372d351c6851af7431c7710a731,PUBLICATION_DATE_EXPLICIT,2017-09-04,,,CYHS1700055,,已纳入,COMPLETE,ab44b5bf7e7cc25a802608b17e4d68d3,600276.SH,EXACT_LISTED_ISSUER_LEGAL_NAME,WHOLE_FIELD_EXACT,江苏恒瑞医药股份有限公司,"{""affiliate_inference_used"": false, ""mapping_match_mode"": ""WHOLE_FIELD_EXACT"", ""matched_applicant_token"": ""江苏恒瑞医药股份有限公司"", ""official_applicant_field"": ""江苏恒瑞医药股份有限公司"", ""registry_evidence"": {""listed_issuer_legal_name"": ""江苏恒瑞医药股份有限公司"", ""security_code"": ""600276"", ""security_short_name"": ""恒瑞医药"", ""source_document_date"": ""2026-04-17"", ""source_kind"": ""SSE_OFFICIAL_ISSUER_DISCLOSURE"", ""source_url"": ""https://www.sse.com.cn/disclosure/listedinfo/announcement/c/new/2026-04-17/600276_20260417_XMOL.pdf""}, ""substring_matching_used"": false}"
纳入优先审评品种名单,official:4499b641b439691f9ed233856f83e16a,江苏恒瑞医药股份有限公司,马来酸吡咯替尼片,本品联合卡培他滨，适用于既往经过曲妥珠单抗联合蒽环类或紫杉类治疗；或仅接受化疗药物治疗，出现疾病进展，并且HER2表达阳性的晚期或转移性乳腺癌成人患者的治疗。,https://www.cde.org.cn/main/xxgk/listpage/2f78f372d351c6851af7431c7710a731,PUBLICATION_DATE_EXPLICIT,2017-09-26,,,CXHS1700014,,已纳入,COMPLETE,4499b641b439691f9ed233856f83e16a,600276.SH,EXACT_LISTED_ISSUER_LEGAL_NAME,WHOLE_FIELD_EXACT,江苏恒瑞医药股份有限公司,"{""affiliate_inference_used"": false, ""mapping_match_mode"": ""WHOLE_FIELD_EXACT"", ""matched_applicant_token"": ""江苏恒瑞医药股份有限公司"", ""official_applicant_field"": ""江苏恒瑞医药股份有限公司"", ""registry_evidence"": {""listed_issuer_legal_name"": ""江苏恒瑞医药股份有限公司"", ""security_code"": ""600276"", ""security_short_name"": ""恒瑞医药"", ""source_document_date"": ""2026-04-17"", ""source_kind"": ""SSE_OFFICIAL_ISSUER_DISCLOSURE"", ""source_url"": ""https://www.sse.com.cn/disclosure/listedinfo/announcement/c/new/2026-04-17/600276_20260417_XMOL.pdf""}, ""substring_matching_used"": false}"
纳入优先审评品种名单,official:62e45c29751872c9acf2500f258969e9,江苏恒瑞医药股份有限公司,马来酸吡咯替尼片,本品联合卡培他滨，适用于既往经过曲妥珠单抗联合蒽环类或紫杉类治疗；或仅接受化疗药物治疗，出现疾病进展，并且HER2表达阳性的晚期或转移性乳腺癌成人患者的治疗。,https://www.cde.org.cn/main/xxgk/listpage/2f78f372d351c6851af7431c7710a731,PUBLICATION_DATE_EXPLICIT,2017-09-26,,,CXHS1700013,,已纳入,COMPLETE,62e45c29751872c9acf2500f258969e9,600276.SH,EXACT_LISTED_ISSUER_LEGAL_NAME,WHOLE_FIELD_EXACT,江苏恒瑞医药股份有限公司,"{""affiliate_inference_used"": false, ""mapping_match_mode"": ""WHOLE_FIELD_EXACT"", ""matched_applicant_token"": ""江苏恒瑞医药股份有限公司"", ""official_applicant_field"": ""江苏恒瑞医药股份有限公司"", ""registry_evidence"": {""listed_issuer_legal_name"": ""江苏恒瑞医药股份有限公司"", ""security_code"": ""600276"", ""security_short_name"": ""恒瑞医药"", ""source_document_date"": ""2026-04-17"", ""source_kind"": ""SSE_OFFICIAL_ISSUER_DISCLOSURE"", ""source_url"": ""https://www.sse.com.cn/disclosure/listedinfo/announcement/c/new/2026-04-17/600276_20260417_XMOL.pdf""}, ""substring_matching_used"": false}"
纳入优先审评品种名单,official:87615e4e6a7af170de9739fd97abccf3,江苏恒瑞医药股份有限公司,马来酸吡咯替尼,本品联合卡培他滨，适用于既往经过曲妥珠单抗联合蒽环类或紫杉类治疗；或仅接受化疗药物治疗，出现疾病进展，并且HER2表达阳性的晚期或转移性乳腺癌成人患者的治疗。,https://www.cde.org.cn/main/xxgk/listpage/2f78f372d351c6851af7431c7710a731,PUBLICATION_DATE_EXPLICIT,2017-09-26,,,CXHS1700012,,已纳入,COMPLETE,87615e4e6a7af170de9739fd97abccf3,600276.SH,EXACT_LISTED_ISSUER_LEGAL_NAME,WHOLE_FIELD_EXACT,江苏恒瑞医药股份有限公司,"{""affiliate_inference_used"": false, ""mapping_match_mode"": ""WHOLE_FIELD_EXACT"", ""matched_applicant_token"": ""江苏恒瑞医药股份有限公司"", ""official_applicant_field"": ""江苏恒瑞医药股份有限公司"", ""registry_evidence"": {""listed_issuer_legal_name"": ""江苏恒瑞医药股份有限公司"", ""security_code"": ""600276"", ""security_short_name"": ""恒瑞医药"", ""source_document_date"": ""2026-04-17"", ""source_kind"": ""SSE_OFFICIAL_ISSUER_DISCLOSURE"", ""source_url"": ""https://www.sse.com.cn/disclosure/listedinfo/announcement/c/new/2026-04-17/600276_20260417_XMOL.pdf""}, ""substring_matching_used"": false}"
纳入优先审评品种名单,official:69b765d507ef7293d5785bc1fc1913e7,江苏恒瑞医药股份有限公司,阿齐沙坦片,高血压,https://www.cde.org.cn/main/xxgk/listpage/2f78f372d351c6851af7431c7710a731,PUBLICATION_DATE_EXPLICIT,2017-12-18,,,CYHS1700170,,已纳入,COMPLETE,69b765d507ef7293d5785bc1fc1913e7,600276.SH,EXACT_LISTED_ISSUER_LEGAL_NAME,WHOLE_FIELD_EXACT,江苏恒瑞医药股份有限公司,"{""affiliate_inference_used"": false, ""mapping_match_mode"": ""WHOLE_FIELD_EXACT"", ""matched_applicant_token"": ""江苏恒瑞医药股份有限公司"", ""official_applicant_field"": ""江苏恒瑞医药股份有限公司"", ""registry_evidence"": {""listed_issuer_legal_name"": ""江苏恒瑞医药股份有限公司"", ""security_code"": ""600276"", ""security_short_name"": ""恒瑞医药"", ""source_document_date"": ""2026-04-17"", ""source_kind"": ""SSE_OFFICIAL_ISSUER_DISCLOSURE"", ""source_url"": ""https://www.sse.com.cn/disclosure/listedinfo/announcement/c/new/2026-04-17/600276_20260417_XMOL.pdf""}, ""substring_matching_used"": false}"
纳入优先审评品种名单,official:73c5c176e8635b08cce36ed63a24c2f6,江苏恒瑞医药股份有限公司,阿齐沙坦片,高血压,https://www.cde.org.cn/main/xxgk/listpage/2f78f372d351c6851af7431c7710a731,PUBLICATION_DATE_EXPLICIT,2017-12-18,,,CYHS1700171,,已纳入,COMPLETE,73c5c176e8635b08cce36ed63a24c2f6,600276.SH,EXACT_LISTED_ISSUER_LEGAL_NAME,WHOLE_FIELD_EXACT,江苏恒瑞医药股份有限公司,"{""affiliate_inference_used"": false, ""mapping_match_mode"": ""WHOLE_FIELD_EXACT"", ""matched_applicant_token"": ""江苏恒瑞医药股份有限公司"", ""official_applicant_field"": ""江苏恒瑞医药股份有限公司"", ""registry_evidence"": {""listed_issuer_legal_name"": ""江苏恒瑞医药股份有限公司"", ""security_code"": ""600276"", ""security_short_name"": ""恒瑞医药"", ""source_document_date"": ""2026-04-17"", ""source_kind"": ""SSE_OFFICIAL_ISSUER_DISCLOSURE"", ""source_url"": ""https://www.sse.com.cn/disclosure/listedinfo/announcement/c/new/2026-04-17/600276_20260417_XMOL.pdf""}, ""substring_matching_used"": false}"
纳入优先审评品种名单,official:bf9d4cbb5ecd2c41833f9f28965746fa,江苏恒瑞医药股份有限公司,塞来昔布胶囊,1)用于缓解骨关节炎的症状和体征。 2)用于缓解成人类风湿关节炎的症状和体征。 3)用于治疗成人急性疼痛。 4)作为常规疗法(如：内镜监测，手术)的一项辅助治疗，可减少家族性腺瘤息肉(FAP)患者的腺瘤性结直肠息肉的数目。,https://www.cde.org.cn/main/xxgk/listpage/2f78f372d351c6851af7431c7710a731,PUBLICATION_DATE_EXPLICIT,2018-01-29,,,CYHS1700234,,已纳入,COMPLETE,bf9d4cbb5ecd2c41833f9f28965746fa,600276.SH,EXACT_LISTED_ISSUER_LEGAL_NAME,WHOLE_FIELD_EXACT,江苏恒瑞医药股份有限公司,"{""affiliate_inference_used"": false, ""mapping_match_mode"": ""WHOLE_FIELD_EXACT"", ""matched_applicant_token"": ""江苏恒瑞医药股份有限公司"", ""official_applicant_field"": ""江苏恒瑞医药股份有限公司"", ""registry_evidence"": {""listed_issuer_legal_name"": ""江苏恒瑞医药股份有限公司"", ""security_code"": ""600276"", ""security_short_name"": ""恒瑞医药"", ""source_document_date"": ""2026-04-17"", ""source_kind"": ""SSE_OFFICIAL_ISSUER_DISCLOSURE"", ""source_url"": ""https://www.sse.com.cn/disclosure/listedinfo/announcement/c/new/2026-04-17/600276_20260417_XMOL.pdf""}, ""substring_matching_used"": false}"
纳入优先审评品种名单,official:0b440727c1eb2782d6b2caecf778477d,江苏恒瑞医药股份有限公司,注射用卡瑞利珠单抗,本品单药用于既往接受过至少二线系统性治疗（含自体造血干细胞移植）的复发/难治性经典型霍奇金淋巴瘤患者的治疗。,https://www.cde.org.cn/main/xxgk/listpage/2f78f372d351c6851af7431c7710a731,PUBLICATION_DATE_EXPLICIT,2018-04-23,,,CXSS1800009,,已纳入,COMPLETE,0b440727c1eb2782d6b2caecf778477d,600276.SH,EXACT_LISTED_ISSUER_LEGAL_NAME,WHOLE_FIELD_EXACT,江苏恒瑞医药股份有限公司,"{""affiliate_inference_used"": false, ""mapping_match_mode"": ""WHOLE_FIELD_EXACT"", ""matched_applicant_token"": ""江苏恒瑞医药股份有限公司"", ""official_applicant_field"": ""江苏恒瑞医药股份有限公司"", ""registry_evidence"": {""listed_issuer_legal_name"": ""江苏恒瑞医药股份有限公司"", ""security_code"": ""600276"", ""security_short_name"": ""恒瑞医药"", ""source_document_date"": ""2026-04-17"", ""source_kind"": ""SSE_OFFICIAL_ISSUER_DISCLOSURE"", ""source_url"": ""https://www.sse.com.cn/disclosure/listedinfo/announcement/c/new/2026-04-17/600276_20260417_XMOL.pdf""}, ""substring_matching_used"": false}"
纳入优先审评品种名单,official:9282ba6524d8502a5a80fc52a5da3a66,江苏恒瑞医药股份有限公司,甲苯磺酸瑞马唑仑,用于常规胃镜诊断和治疗时的镇静,https://www.cde.org.cn/main/xxgk/listpage/2f78f372d351c6851af7431c7710a731,PUBLICATION_DATE_EXPLICIT,2018-04-23,,,CXHS1800001,,已纳入,COMPLETE,9282ba6524d8502a5a80fc52a5da3a66,600276.SH,EXACT_LISTED_ISSUER_LEGAL_NAME,WHOLE_FIELD_EXACT,江苏恒瑞医药股份有限公司,"{""affiliate_inference_used"": false, ""mapping_match_mode"": ""WHOLE_FIELD_EXACT"", ""matched_applicant_token"": ""江苏恒瑞医药股份有限公司"", ""official_applicant_field"": ""江苏恒瑞医药股份有限公司"", ""registry_evidence"": {""listed_issuer_legal_name"": ""江苏恒瑞医药股份有限公司"", ""security_code"": ""600276"", ""security_short_name"": ""恒瑞医药"", ""source_document_date"": ""2026-04-17"", ""source_kind"": ""SSE_OFFICIAL_ISSUER_DISCLOSURE"", ""source_url"": ""https://www.sse.com.cn/disclosure/listedinfo/announcement/c/new/2026-04-17/600276_20260417_XMOL.pdf""}, ""substring_matching_used"": false}"
纳入优先审评品种名单,official:f3d94401a9ddd014e385f80595908fe7,江苏恒瑞医药股份有限公司,注射用甲苯磺酸瑞马唑仑,用于常规胃镜诊断和治疗时的镇静,https://www.cde.org.cn/main/xxgk/listpage/2f78f372d351c6851af7431c7710a731,PUBLICATION_DATE_EXPLICIT,2018-04-23,,,CXHS1800002,,已纳入,COMPLETE,f3d94401a9ddd014e385f80595908fe7,600276.SH,EXACT_LISTED_ISSUER_LEGAL_NAME,WHOLE_FIELD_EXACT,江苏恒瑞医药股份有限公司,"{""affiliate_inference_used"": false, ""mapping_match_mode"": ""WHOLE_FIELD_EXACT"", ""matched_applicant_token"": ""江苏恒瑞医药股份有限公司"", ""official_applicant_field"": ""江苏恒瑞医药股份有限公司"", ""registry_evidence"": {""listed_issuer_legal_name"": ""江苏恒瑞医药股份有限公司"", ""security_code"": ""600276"", ""security_short_name"": ""恒瑞医药"", ""source_document_date"": ""2026-04-17"", ""source_kind"": ""SSE_OFFICIAL_ISSUER_DISCLOSURE"", ""source_url"": ""https://www.sse.com.cn/disclosure/listedinfo/announcement/c/new/2026-04-17/600276_20260417_XMOL.pdf""}, ""substring_matching_used"": false}"
纳入优先审评品种名单,official:2bd9ad645e4c35c17e6ee34072cfcd59,江苏恒瑞医药股份有限公司,昂丹司琼口溶膜,预防高致吐性化疗、中度致吐化疗、放疗和手术后恶心呕吐,https://www.cde.org.cn/main/xxgk/listpage/2f78f372d351c6851af7431c7710a731,PUBLICATION_DATE_EXPLICIT,2018-06-05,,,CYHS1700443,,已纳入,COMPLETE,2bd9ad645e4c35c17e6ee34072cfcd59,600276.SH,EXACT_LISTED_ISSUER_LEGAL_NAME,WHOLE_FIELD_EXACT,江苏恒瑞医药股份有限公司,"{""affiliate_inference_used"": false, ""mapping_match_mode"": ""WHOLE_FIELD_EXACT"", ""matched_applicant_token"": ""江苏恒瑞医药股份有限公司"", ""official_applicant_field"": ""江苏恒瑞医药股份有限公司"", ""registry_evidence"": {""listed_issuer_legal_name"": ""江苏恒瑞医药股份有限公司"", ""security_code"": ""600276"", ""security_short_name"": ""恒瑞医药"", ""source_document_date"": ""2026-04-17"", ""source_kind"": ""SSE_OFFICIAL_ISSUER_DISCLOSURE"", ""source_url"": ""https://www.sse.com.cn/disclosure/listedinfo/announcement/c/new/2026-04-17/600276_20260417_XMOL.pdf""}, ""substring_matching_used"": false}"
纳入优先审评品种名单,official:4d48387343de718a376fe361325ee346,江苏恒瑞医药股份有限公司,昂丹司琼口溶膜,预防高致吐性化疗、中度致吐化疗、放疗和手术后恶心呕吐,https://www.cde.org.cn/main/xxgk/listpage/2f78f372d351c6851af7431c7710a731,PUBLICATION_DATE_EXPLICIT,2018-06-05,,,CYHS1700444,,已纳入,COMPLETE,4d48387343de718a376fe361325ee346,600276.SH,EXACT_LISTED_ISSUER_LEGAL_NAME,WHOLE_FIELD_EXACT,江苏恒瑞医药股份有限公司,"{""affiliate_inference_used"": false, ""mapping_match_mode"": ""WHOLE_FIELD_EXACT"", ""matched_applicant_token"": ""江苏恒瑞医药股份有限公司"", ""official_applicant_field"": ""江苏恒瑞医药股份有限公司"", ""registry_evidence"": {""listed_issuer_legal_name"": ""江苏恒瑞医药股份有限公司"", ""security_code"": ""600276"", ""security_short_name"": ""恒瑞医药"", ""source_document_date"": ""2026-04-17"", ""source_kind"": ""SSE_OFFICIAL_ISSUER_DISCLOSURE"", ""source_url"": ""https://www.sse.com.cn/disclosure/listedinfo/announcement/c/new/2026-04-17/600276_20260417_XMOL.pdf""}, ""substring_matching_used"": false}"
纳入优先审评品种名单,official:c5c55fa859f067f2a993e1e246a3da6e,江苏恒瑞医药股份有限公司,盐酸艾司氯胺酮注射液,-尽可能与安眠药联合用于诱导和实施全身麻醉 -用于局部麻醉的补充 -在急救护理中用于麻醉和镇痛 -如果其他具体措施均未成功，本品可在哮喘持续状态进行气管插管时结合肌肉松弛剂使用 -用于插管时的镇痛 提示：在儿童外科以及紧急医疗中，大多数情况下可单独使用本品；对于其他适应症，推荐与安眠药联合使用。,https://www.cde.org.cn/main/xxgk/listpage/2f78f372d351c6851af7431c7710a731,PUBLICATION_DATE_EXPLICIT,2018-08-09,,,CYHS1700658,,已纳入,COMPLETE,c5c55fa859f067f2a993e1e246a3da6e,600276.SH,EXACT_LISTED_ISSUER_LEGAL_NAME,WHOLE_FIELD_EXACT,江苏恒瑞医药股份有限公司,"{""affiliate_inference_used"": false, ""mapping_match_mode"": ""WHOLE_FIELD_EXACT"", ""matched_applicant_token"": ""江苏恒瑞医药股份有限公司"", ""official_applicant_field"": ""江苏恒瑞医药股份有限公司"", ""registry_evidence"": {""listed_issuer_legal_name"": ""江苏恒瑞医药股份有限公司"", ""security_code"": ""600276"", ""security_short_name"": ""恒瑞医药"", ""source_document_date"": ""2026-04-17"", ""source_kind"": ""SSE_OFFICIAL_ISSUER_DISCLOSURE"", ""source_url"": ""https://www.sse.com.cn/disclosure/listedinfo/announcement/c/new/2026-04-17/600276_20260417_XMOL.pdf""}, ""substring_matching_used"": false}"
纳入优先审评品种名单,official:2beb1ba84b4439f1bb4fa51188720d32,江苏恒瑞医药股份有限公司,格隆溴铵注射液,当逆转非去极化肌肉松弛剂诱导的神经肌肉阻滞时，本品可拮抗胆碱能药物如新斯的明的外周毒蕈碱作用(如心动过缓)。,https://www.cde.org.cn/main/xxgk/listpage/2f78f372d351c6851af7431c7710a731,PUBLICATION_DATE_EXPLICIT,2018-09-11,,,CYHS1800093,,已纳入,COMPLETE,2beb1ba84b4439f1bb4fa51188720d32,600276.SH,EXACT_LISTED_ISSUER_LEGAL_NAME,WHOLE_FIELD_EXACT,江苏恒瑞医药股份有限公司,"{""affiliate_inference_used"": false, ""mapping_match_mode"": ""WHOLE_FIELD_EXACT"", ""matched_applicant_token"": ""江苏恒瑞医药股份有限公司"", ""official_applicant_field"": ""江苏恒瑞医药股份有限公司"", ""registry_evidence"": {""listed_issuer_legal_name"": ""江苏恒瑞医药股份有限公司"", ""security_code"": ""600276"", ""security_short_name"": ""恒瑞医药"", ""source_document_date"": ""2026-04-17"", ""source_kind"": ""SSE_OFFICIAL_ISSUER_DISCLOSURE"", ""source_url"": ""https://www.sse.com.cn/disclosure/listedinfo/announcement/c/new/2026-04-17/600276_20260417_XMOL.pdf""}, ""substring_matching_used"": false}"
纳入优先审评品种名单,official:e4f739a258221543f9badf7fdc836aad,江苏恒瑞医药股份有限公司,盐酸伊立替康注射液,本品适用于晚期大肠癌患者的治疗：与5-氟尿嘧啶和亚叶酸联合治疗既往未接受化疗的晚期大肠癌患者；作为单一用药，治疗经含5-氟尿嘧啶化疗方案治疗失败的患者。,https://www.cde.org.cn/main/xxgk/listpage/2f78f372d351c6851af7431c7710a731,PUBLICATION_DATE_EXPLICIT,2018-10-17,,,CYHS1800220,,已纳入,COMPLETE,e4f739a258221543f9badf7fdc836aad,600276.SH,EXACT_LISTED_ISSUER_LEGAL_NAME,WHOLE_FIELD_EXACT,江苏恒瑞医药股份有限公司,"{""affiliate_inference_used"": false, ""mapping_match_mode"": ""WHOLE_FIELD_EXACT"", ""matched_applicant_token"": ""江苏恒瑞医药股份有限公司"", ""official_applicant_field"": ""江苏恒瑞医药股份有限公司"", ""registry_evidence"": {""listed_issuer_legal_name"": ""江苏恒瑞医药股份有限公司"", ""security_code"": ""600276"", ""security_short_name"": ""恒瑞医药"", ""source_document_date"": ""2026-04-17"", ""source_kind"": ""SSE_OFFICIAL_ISSUER_DISCLOSURE"", ""source_url"": ""https://www.sse.com.cn/disclosure/listedinfo/announcement/c/new/2026-04-17/600276_20260417_XMOL.pdf""}, ""substring_matching_used"": false}"
纳入优先审评品种名单,official:01ba3fd2738c5a86a137a3e9d2570e3c,江苏恒瑞医药股份有限公司,苯磺顺阿曲库铵注射液,本品用于手术和其他操作以及重症监护治疗。作为全麻的辅助用药或在重症监护病房(ICU)起镇静作用，它可以松弛骨骼肌，使气管插管和机械通气易于进行。,https://www.cde.org.cn/main/xxgk/listpage/2f78f372d351c6851af7431c7710a731,PUBLICATION_DATE_EXPLICIT,2018-12-24,,,CYHS1800351,,已纳入,COMPLETE,01ba3fd2738c5a86a137a3e9d2570e3c,600276.SH,EXACT_LISTED_ISSUER_LEGAL_NAME,WHOLE_FIELD_EXACT,江苏恒瑞医药股份有限公司,"{""affiliate_inference_used"": false, ""mapping_match_mode"": ""WHOLE_FIELD_EXACT"", ""matched_applicant_token"": ""江苏恒瑞医药股份有限公司"", ""official_applicant_field"": ""江苏恒瑞医药股份有限公司"", ""registry_evidence"": {""listed_issuer_legal_name"": ""江苏恒瑞医药股份有限公司"", ""security_code"": ""600276"", ""security_short_name"": ""恒瑞医药"", ""source_document_date"": ""2026-04-17"", ""source_kind"": ""SSE_OFFICIAL_ISSUER_DISCLOSURE"", ""source_url"": ""https://www.sse.com.cn/disclosure/listedinfo/announcement/c/new/2026-04-17/600276_20260417_XMOL.pdf""}, ""substring_matching_used"": false}"
纳入优先审评品种名单,official:f2fc8a9ab6d519ad998ef4be8604f106,江苏恒瑞医药股份有限公司,注射用卡瑞利珠单抗,本品用于既往接受过标准系统性治疗（索拉非尼和/或以奥沙利铂为主的系统化疗）后疾病进展或不耐受的晚期肝细胞癌患者的治疗。,https://www.cde.org.cn/main/xxgk/listpage/2f78f372d351c6851af7431c7710a731,PUBLICATION_DATE_EXPLICIT,2019-05-31,,,CXSS1900023,,已纳入,COMPLETE,f2fc8a9ab6d519ad998ef4be8604f106,600276.SH,EXACT_LISTED_ISSUER_LEGAL_NAME,WHOLE_FIELD_EXACT,江苏恒瑞医药股份有限公司,"{""affiliate_inference_used"": false, ""mapping_match_mode"": ""WHOLE_FIELD_EXACT"", ""matched_applicant_token"": ""江苏恒瑞医药股份有限公司"", ""official_applicant_field"": ""江苏恒瑞医药股份有限公司"", ""registry_evidence"": {""listed_issuer_legal_name"": ""江苏恒瑞医药股份有限公司"", ""security_code"": ""600276"", ""security_short_name"": ""恒瑞医药"", ""source_document_date"": ""2026-04-17"", ""source_kind"": ""SSE_OFFICIAL_ISSUER_DISCLOSURE"", ""source_url"": ""https://www.sse.com.cn/disclosure/listedinfo/announcement/c/new/2026-04-17/600276_20260417_XMOL.pdf""}, ""substring_matching_used"": false}"
纳入优先审评品种名单,official:952d050dd358172f0c94db59a4375a85,江苏恒瑞医药股份有限公司,注射用甲苯磺酸瑞马唑仑,结肠镜检查时的镇静。,https://www.cde.org.cn/main/xxgk/listpage/2f78f372d351c6851af7431c7710a731,PUBLICATION_DATE_EXPLICIT,2019-08-05,,,CXHS1900013,,已纳入,COMPLETE,952d050dd358172f0c94db59a4375a85,600276.SH,EXACT_LISTED_ISSUER_LEGAL_NAME,WHOLE_FIELD_EXACT,江苏恒瑞医药股份有限公司,"{""affiliate_inference_used"": false, ""mapping_match_mode"": ""WHOLE_FIELD_EXACT"", ""matched_applicant_token"": ""江苏恒瑞医药股份有限公司"", ""official_applicant_field"": ""江苏恒瑞医药股份有限公司"", ""registry_evidence"": {""listed_issuer_legal_name"": ""江苏恒瑞医药股份有限公司"", ""security_code"": ""600276"", ""security_short_name"": ""恒瑞医药"", ""source_document_date"": ""2026-04-17"", ""source_kind"": ""SSE_OFFICIAL_ISSUER_DISCLOSURE"", ""source_url"": ""https://www.sse.com.cn/disclosure/listedinfo/announcement/c/new/2026-04-17/600276_20260417_XMOL.pdf""}, ""substring_matching_used"": false}"
纳入优先审评品种名单,official:42b869de769d344c436e7b0a69572157,江苏恒瑞医药股份有限公司,托伐普坦片,"1.低钠血症 用于治疗临床上明显的高容量性和正常容量性低钠血症(血清钠浓度小于125mEq/L,或低钠血症不明显但有症状并且限液治疗效果不佳),包括伴有心力衰竭.肝硬化以及抗利尿激素分泌异常综合征(SIADH)的患者. 重要限制事项 需要紧急升高血钠以预防或治疗严重神经系统症状的患者不应使用本品进行治疗. 尚未确定使用本品使血清钠浓度升高后对症状改善的益处. 2.心力衰竭引起的体液潴留 用于袢利尿剂等其他利尿剂治疗效果不理想的心力衰竭引起的体液潴留. 本品可与其他利尿剂（袢利尿剂.噻嗪类利尿剂.抗醛固酮制剂）合并应用.但没有与人心房利钠肽（hANP）合并应用的经验.",https://www.cde.org.cn/main/xxgk/listpage/2f78f372d351c6851af7431c7710a731,PUBLICATION_DATE_EXPLICIT,2019-09-03,,,CYHS1900287,,已纳入,COMPLETE,42b869de769d344c436e7b0a69572157,600276.SH,EXACT_LISTED_ISSUER_LEGAL_NAME,WHOLE_FIELD_EXACT,江苏恒瑞医药股份有限公司,"{""affiliate_inference_used"": false, ""mapping_match_mode"": ""WHOLE_FIELD_EXACT"", ""matched_applicant_token"": ""江苏恒瑞医药股份有限公司"", ""official_applicant_field"": ""江苏恒瑞医药股份有限公司"", ""registry_evidence"": {""listed_issuer_legal_name"": ""江苏恒瑞医药股份有限公司"", ""security_code"": ""600276"", ""security_short_name"": ""恒瑞医药"", ""source_document_date"": ""2026-04-17"", ""source_kind"": ""SSE_OFFICIAL_ISSUER_DISCLOSURE"", ""source_url"": ""https://www.sse.com.cn/disclosure/listedinfo/announcement/c/new/2026-04-17/600276_20260417_XMOL.pdf""}, ""substring_matching_used"": false}"
纳入优先审评品种名单,official:4c35ccb1aff1f22c1866eb9334795a53,江苏恒瑞医药股份有限公司,托伐普坦片,"1.低钠血症 用于治疗临床上明显的高容量性和正常容量性低钠血症(血清钠浓度小于125mEq/L,或低钠血症不明显但有症状并且限液治疗效果不佳),包括伴有心力衰竭.肝硬化以及抗利尿激素分泌异常综合征(SIADH)的患者. 重要限制事项 需要紧急升高血钠以预防或治疗严重神经系统症状的患者不应使用本品进行治疗. 尚未确定使用本品使血清钠浓度升高后对症状改善的益处. 2.心力衰竭引起的体液潴留 用于袢利尿剂等其他利尿剂治疗效果不理想的心力衰竭引起的体液潴留. 本品可与其他利尿剂（袢利尿剂.噻嗪类利尿剂.抗醛固酮制剂）合并应用.但没有与人心房利钠肽（hANP）合并应用的经验.",https://www.cde.org.cn/main/xxgk/listpage/2f78f372d351c6851af7431c7710a731,PUBLICATION_DATE_EXPLICIT,2019-09-03,,,CYHS1900288,,已纳入,COMPLETE,4c35ccb1aff1f22c1866eb9334795a53,600276.SH,EXACT_LISTED_ISSUER_LEGAL_NAME,WHOLE_FIELD_EXACT,江苏恒瑞医药股份有限公司,"{""affiliate_inference_used"": false, ""mapping_match_mode"": ""WHOLE_FIELD_EXACT"", ""matched_applicant_token"": ""江苏恒瑞医药股份有限公司"", ""official_applicant_field"": ""江苏恒瑞医药股份有限公司"", ""registry_evidence"": {""listed_issuer_legal_name"": ""江苏恒瑞医药股份有限公司"", ""security_code"": ""600276"", ""security_short_name"": ""恒瑞医药"", ""source_document_date"": ""2026-04-17"", ""source_kind"": ""SSE_OFFICIAL_ISSUER_DISCLOSURE"", ""source_url"": ""https://www.sse.com.cn/disclosure/listedinfo/announcement/c/new/2026-04-17/600276_20260417_XMOL.pdf""}, ""substring_matching_used"": false}"
纳入优先审评品种名单,official:3a81ceda1ddbd9a2c34cbc39a35b9b83,江苏恒瑞医药股份有限公司,注射用卡瑞利珠单抗,本品用于既往接受过一线标准化疗后疾病进展或不可耐受的局部晚期或转移性食管鳞癌患者的治疗。,https://www.cde.org.cn/main/xxgk/listpage/2f78f372d351c6851af7431c7710a731,PUBLICATION_DATE_EXPLICIT,2019-09-26,,,CXSS1900035,,已纳入,COMPLETE,3a81ceda1ddbd9a2c34cbc39a35b9b83,600276.SH,EXACT_LISTED_ISSUER_LEGAL_NAME,WHOLE_FIELD_EXACT,江苏恒瑞医药股份有限公司,"{""affiliate_inference_used"": false, ""mapping_match_mode"": ""WHOLE_FIELD_EXACT"", ""matched_applicant_token"": ""江苏恒瑞医药股份有限公司"", ""official_applicant_field"": ""江苏恒瑞医药股份有限公司"", ""registry_evidence"": {""listed_issuer_legal_name"": ""江苏恒瑞医药股份有限公司"", ""security_code"": ""600276"", ""security_short_name"": ""恒瑞医药"", ""source_document_date"": ""2026-04-17"", ""source_kind"": ""SSE_OFFICIAL_ISSUER_DISCLOSURE"", ""source_url"": ""https://www.sse.com.cn/disclosure/listedinfo/announcement/c/new/2026-04-17/600276_20260417_XMOL.pdf""}, ""substring_matching_used"": false}"
纳入优先审评品种名单,official:63389fba8b74b2e3b57d7e55c253e8f4,江苏恒瑞医药股份有限公司,注射用卡瑞利珠单抗,本品与培美曲塞和卡铂联合，用于既往未接受过系统治疗的EGFR/ALK野生型的晚期或者转移性非鳞癌非小细胞肺癌的治疗。,https://www.cde.org.cn/main/xxgk/listpage/2f78f372d351c6851af7431c7710a731,PUBLICATION_DATE_EXPLICIT,2019-09-26,,,CXSS1900034,,已纳入,COMPLETE,63389fba8b74b2e3b57d7e55c253e8f4,600276.SH,EXACT_LISTED_ISSUER_LEGAL_NAME,WHOLE_FIELD_EXACT,江苏恒瑞医药股份有限公司,"{""affiliate_inference_used"": false, ""mapping_match_mode"": ""WHOLE_FIELD_EXACT"", ""matched_applicant_token"": ""江苏恒瑞医药股份有限公司"", ""official_applicant_field"": ""江苏恒瑞医药股份有限公司"", ""registry_evidence"": {""listed_issuer_legal_name"": ""江苏恒瑞医药股份有限公司"", ""security_code"": ""600276"", ""security_short_name"": ""恒瑞医药"", ""source_document_date"": ""2026-04-17"", ""source_kind"": ""SSE_OFFICIAL_ISSUER_DISCLOSURE"", ""source_url"": ""https://www.sse.com.cn/disclosure/listedinfo/announcement/c/new/2026-04-17/600276_20260417_XMOL.pdf""}, ""substring_matching_used"": false}"
纳入优先审评品种名单,official:0b5445291a230aba64e1e3ab1819f862,江苏恒瑞医药股份有限公司,氟唑帕利胶囊,本品适用于治疗既往经过二线及以上化疗的伴有BRCA1/2致病性或疑似致病性突变的复发性卵巢癌。,https://www.cde.org.cn/main/xxgk/listpage/2f78f372d351c6851af7431c7710a731,PUBLICATION_DATE_EXPLICIT,2019-12-05,,,CXHS1900033,,已纳入,COMPLETE,0b5445291a230aba64e1e3ab1819f862,600276.SH,EXACT_LISTED_ISSUER_LEGAL_NAME,WHOLE_FIELD_EXACT,江苏恒瑞医药股份有限公司,"{""affiliate_inference_used"": false, ""mapping_match_mode"": ""WHOLE_FIELD_EXACT"", ""matched_applicant_token"": ""江苏恒瑞医药股份有限公司"", ""official_applicant_field"": ""江苏恒瑞医药股份有限公司"", ""registry_evidence"": {""listed_issuer_legal_name"": ""江苏恒瑞医药股份有限公司"", ""security_code"": ""600276"", ""security_short_name"": ""恒瑞医药"", ""source_document_date"": ""2026-04-17"", ""source_kind"": ""SSE_OFFICIAL_ISSUER_DISCLOSURE"", ""source_url"": ""https://www.sse.com.cn/disclosure/listedinfo/announcement/c/new/2026-04-17/600276_20260417_XMOL.pdf""}, ""substring_matching_used"": false}"
纳入优先审评品种名单,official:985ea032f637be3b63401c07d1427033,江苏恒瑞医药股份有限公司,海曲泊帕乙醇胺片,本品用于对免疫抑制治疗（IST）疗效不佳的重型再生障碍性贫血（SAA）患者的治疗。,https://www.cde.org.cn/main/xxgk/listpage/2f78f372d351c6851af7431c7710a731,PUBLICATION_DATE_EXPLICIT,2020-07-20,,,CXHS2000014,,已纳入,COMPLETE,985ea032f637be3b63401c07d1427033,600276.SH,EXACT_LISTED_ISSUER_LEGAL_NAME,WHOLE_FIELD_EXACT,江苏恒瑞医药股份有限公司,"{""affiliate_inference_used"": false, ""mapping_match_mode"": ""WHOLE_FIELD_EXACT"", ""matched_applicant_token"": ""江苏恒瑞医药股份有限公司"", ""official_applicant_field"": ""江苏恒瑞医药股份有限公司"", ""registry_evidence"": {""listed_issuer_legal_name"": ""江苏恒瑞医药股份有限公司"", ""security_code"": ""600276"", ""security_short_name"": ""恒瑞医药"", ""source_document_date"": ""2026-04-17"", ""source_kind"": ""SSE_OFFICIAL_ISSUER_DISCLOSURE"", ""source_url"": ""https://www.sse.com.cn/disclosure/listedinfo/announcement/c/new/2026-04-17/600276_20260417_XMOL.pdf""}, ""substring_matching_used"": false}"
纳入优先审评品种名单,official:f70be8c77ea8d01cd52c6223b0b67cfc,江苏恒瑞医药股份有限公司,海曲泊帕乙醇胺片,本品用于对免疫抑制治疗（IST）疗效不佳的重型再生障碍性贫血（SAA）患者的治疗。,https://www.cde.org.cn/main/xxgk/listpage/2f78f372d351c6851af7431c7710a731,PUBLICATION_DATE_EXPLICIT,2020-07-20,,,CXHS2000015,,已纳入,COMPLETE,f70be8c77ea8d01cd52c6223b0b67cfc,600276.SH,EXACT_LISTED_ISSUER_LEGAL_NAME,WHOLE_FIELD_EXACT,江苏恒瑞医药股份有限公司,"{""affiliate_inference_used"": false, ""mapping_match_mode"": ""WHOLE_FIELD_EXACT"", ""matched_applicant_token"": ""江苏恒瑞医药股份有限公司"", ""official_applicant_field"": ""江苏恒瑞医药股份有限公司"", ""registry_evidence"": {""listed_issuer_legal_name"": ""江苏恒瑞医药股份有限公司"", ""security_code"": ""600276"", ""security_short_name"": ""恒瑞医药"", ""source_document_date"": ""2026-04-17"", ""source_kind"": ""SSE_OFFICIAL_ISSUER_DISCLOSURE"", ""source_url"": ""https://www.sse.com.cn/disclosure/listedinfo/announcement/c/new/2026-04-17/600276_20260417_XMOL.pdf""}, ""substring_matching_used"": false}"
纳入优先审评品种名单,official:fa8a59a165d4eb9e5ded6cf60a8c95e2,江苏恒瑞医药股份有限公司,氟唑帕利胶囊,本品用于铂敏感的复发性上皮性卵巢癌、输卵管癌或原发性腹膜癌在含铂化疗达到完全缓解或部分缓解后的维持治疗。,https://www.cde.org.cn/main/xxgk/listpage/2f78f372d351c6851af7431c7710a731,PUBLICATION_DATE_EXPLICIT,2021-01-08,,,CXHS2000046,,已纳入,COMPLETE,fa8a59a165d4eb9e5ded6cf60a8c95e2,600276.SH,EXACT_LISTED_ISSUER_LEGAL_NAME,WHOLE_FIELD_EXACT,江苏恒瑞医药股份有限公司,"{""affiliate_inference_used"": false, ""mapping_match_mode"": ""WHOLE_FIELD_EXACT"", ""matched_applicant_token"": ""江苏恒瑞医药股份有限公司"", ""official_applicant_field"": ""江苏恒瑞医药股份有限公司"", ""registry_evidence"": {""listed_issuer_legal_name"": ""江苏恒瑞医药股份有限公司"", ""security_code"": ""600276"", ""security_short_name"": ""恒瑞医药"", ""source_document_date"": ""2026-04-17"", ""source_kind"": ""SSE_OFFICIAL_ISSUER_DISCLOSURE"", ""source_url"": ""https://www.sse.com.cn/disclosure/listedinfo/announcement/c/new/2026-04-17/600276_20260417_XMOL.pdf""}, ""substring_matching_used"": false}"
纳入优先审评品种名单,official:6e2f2d6ad867207e1ec415ecce87149a,江苏恒瑞医药股份有限公司,SHR6390片,本品拟联合氟维司群用于激素受体（HR）阳性，人表皮生长因子受体2（HER2）阴性的经内分泌治疗后进展的复发或转移性乳腺癌的治疗。,https://www.cde.org.cn/main/xxgk/listpage/2f78f372d351c6851af7431c7710a731,PUBLICATION_DATE_EXPLICIT,2021-04-21,,,CXHS2101006,,已纳入,COMPLETE,6e2f2d6ad867207e1ec415ecce87149a,600276.SH,EXACT_LISTED_ISSUER_LEGAL_NAME,WHOLE_FIELD_EXACT,江苏恒瑞医药股份有限公司,"{""affiliate_inference_used"": false, ""mapping_match_mode"": ""WHOLE_FIELD_EXACT"", ""matched_applicant_token"": ""江苏恒瑞医药股份有限公司"", ""official_applicant_field"": ""江苏恒瑞医药股份有限公司"", ""registry_evidence"": {""listed_issuer_legal_name"": ""江苏恒瑞医药股份有限公司"", ""security_code"": ""600276"", ""security_short_name"": ""恒瑞医药"", ""source_document_date"": ""2026-04-17"", ""source_kind"": ""SSE_OFFICIAL_ISSUER_DISCLOSURE"", ""source_url"": ""https://www.sse.com.cn/disclosure/listedinfo/announcement/c/new/2026-04-17/600276_20260417_XMOL.pdf""}, ""substring_matching_used"": false}"
纳入优先审评品种名单,official:3b1ee35042417d311c9117bb11eaa3b5,江苏恒瑞医药股份有限公司,SHR6390片,本品拟联合氟维司群用于激素受体（HR）阳性，人表皮生长因子受体2（HER2）阴性的经内分泌治疗后进展的复发或转移性乳腺癌的治疗。,https://www.cde.org.cn/main/xxgk/listpage/2f78f372d351c6851af7431c7710a731,PUBLICATION_DATE_EXPLICIT,2021-05-10,,,CXHS2101008,,已纳入,COMPLETE,3b1ee35042417d311c9117bb11eaa3b5,600276.SH,EXACT_LISTED_ISSUER_LEGAL_NAME,WHOLE_FIELD_EXACT,江苏恒瑞医药股份有限公司,"{""affiliate_inference_used"": false, ""mapping_match_mode"": ""WHOLE_FIELD_EXACT"", ""matched_applicant_token"": ""江苏恒瑞医药股份有限公司"", ""official_applicant_field"": ""江苏恒瑞医药股份有限公司"", ""registry_evidence"": {""listed_issuer_legal_name"": ""江苏恒瑞医药股份有限公司"", ""security_code"": ""600276"", ""security_short_name"": ""恒瑞医药"", ""source_document_date"": ""2026-04-17"", ""source_kind"": ""SSE_OFFICIAL_ISSUER_DISCLOSURE"", ""source_url"": ""https://www.sse.com.cn/disclosure/listedinfo/announcement/c/new/2026-04-17/600276_20260417_XMOL.pdf""}, ""substring_matching_used"": false}"
纳入优先审评品种名单,official:f028b4d75cdbe1daca463e852eb82830,江苏恒瑞医药股份有限公司,SHR6390片,本品拟联合氟维司群用于激素受体（HR）阳性，人表皮生长因子受体2（HER2）阴性的经内分泌治疗后进展的复发或转移性乳腺癌的治疗。,https://www.cde.org.cn/main/xxgk/listpage/2f78f372d351c6851af7431c7710a731,PUBLICATION_DATE_EXPLICIT,2021-05-10,,,CXHS2101007,,已纳入,COMPLETE,f028b4d75cdbe1daca463e852eb82830,600276.SH,EXACT_LISTED_ISSUER_LEGAL_NAME,WHOLE_FIELD_EXACT,江苏恒瑞医药股份有限公司,"{""affiliate_inference_used"": false, ""mapping_match_mode"": ""WHOLE_FIELD_EXACT"", ""matched_applicant_token"": ""江苏恒瑞医药股份有限公司"", ""official_applicant_field"": ""江苏恒瑞医药股份有限公司"", ""registry_evidence"": {""listed_issuer_legal_name"": ""江苏恒瑞医药股份有限公司"", ""security_code"": ""600276"", ""security_short_name"": ""恒瑞医药"", ""source_document_date"": ""2026-04-17"", ""source_kind"": ""SSE_OFFICIAL_ISSUER_DISCLOSURE"", ""source_url"": ""https://www.sse.com.cn/disclosure/listedinfo/announcement/c/new/2026-04-17/600276_20260417_XMOL.pdf""}, ""substring_matching_used"": false}"
纳入优先审评品种名单,official:118a17eaa51e8957c2f26ec5e7ab435f,江苏恒瑞医药股份有限公司,马来酸吡咯替尼片,本品联合曲妥珠单抗及多西他赛，适用于治疗表皮生长因子受体2（HER2）阳性早期或局部晚期乳腺癌患者的新辅助治疗,https://www.cde.org.cn/main/xxgk/listpage/2f78f372d351c6851af7431c7710a731,PUBLICATION_DATE_EXPLICIT,2021-09-24,,,CXHS2101040,,已纳入,COMPLETE,118a17eaa51e8957c2f26ec5e7ab435f,600276.SH,EXACT_LISTED_ISSUER_LEGAL_NAME,WHOLE_FIELD_EXACT,江苏恒瑞医药股份有限公司,"{""affiliate_inference_used"": false, ""mapping_match_mode"": ""WHOLE_FIELD_EXACT"", ""matched_applicant_token"": ""江苏恒瑞医药股份有限公司"", ""official_applicant_field"": ""江苏恒瑞医药股份有限公司"", ""registry_evidence"": {""listed_issuer_legal_name"": ""江苏恒瑞医药股份有限公司"", ""security_code"": ""600276"", ""security_short_name"": ""恒瑞医药"", ""source_document_date"": ""2026-04-17"", ""source_kind"": ""SSE_OFFICIAL_ISSUER_DISCLOSURE"", ""source_url"": ""https://www.sse.com.cn/disclosure/listedinfo/announcement/c/new/2026-04-17/600276_20260417_XMOL.pdf""}, ""substring_matching_used"": false}"
纳入优先审评品种名单,official:e1602903bd8d473dfe3910a02f0acc2b,江苏恒瑞医药股份有限公司,马来酸吡咯替尼片,本品联合曲妥珠单抗及多西他赛，适用于治疗表皮生长因子受体2（HER2）阳性早期或局部晚期乳腺癌患者的新辅助治疗,https://www.cde.org.cn/main/xxgk/listpage/2f78f372d351c6851af7431c7710a731,PUBLICATION_DATE_EXPLICIT,2021-09-24,,,CXHS2101041,,已纳入,COMPLETE,e1602903bd8d473dfe3910a02f0acc2b,600276.SH,EXACT_LISTED_ISSUER_LEGAL_NAME,WHOLE_FIELD_EXACT,江苏恒瑞医药股份有限公司,"{""affiliate_inference_used"": false, ""mapping_match_mode"": ""WHOLE_FIELD_EXACT"", ""matched_applicant_token"": ""江苏恒瑞医药股份有限公司"", ""official_applicant_field"": ""江苏恒瑞医药股份有限公司"", ""registry_evidence"": {""listed_issuer_legal_name"": ""江苏恒瑞医药股份有限公司"", ""security_code"": ""600276"", ""security_short_name"": ""恒瑞医药"", ""source_document_date"": ""2026-04-17"", ""source_kind"": ""SSE_OFFICIAL_ISSUER_DISCLOSURE"", ""source_url"": ""https://www.sse.com.cn/disclosure/listedinfo/announcement/c/new/2026-04-17/600276_20260417_XMOL.pdf""}, ""substring_matching_used"": false}"
纳入优先审评品种名单,official:0601ac4b81eeefbf963fab4e700c729a,江苏恒瑞医药股份有限公司,环磷酰胺胶囊,环磷酰胺胶囊适用于治疗： 恶性淋巴瘤(Ann Arbor分期III期和IV期)，霍奇金淋巴瘤，淋巴细胞性淋巴瘤(结节性或弥漫性)，混合细胞型淋巴瘤，组织细胞性淋巴瘤，伯基特淋巴瘤 多发性骨髓瘤 白血病：慢性淋巴细胞性白血病，慢性粒细胞性白血病(急性原始细胞危象通常无效)，急性髓性和单核细胞性白血病，急性淋巴细胞性(干细胞)白血病(缓解期间给予环磷酰胺可有效延长缓解期) 蕈样真菌病(晚期) 成神经细胞瘤(弥散性疾病) 卵巢腺癌 视网膜母细胞瘤 乳腺癌,https://www.cde.org.cn/main/xxgk/listpage/2f78f372d351c6851af7431c7710a731,PUBLICATION_DATE_EXPLICIT,2021-10-12,,,CYHS2101811,,已纳入,COMPLETE,0601ac4b81eeefbf963fab4e700c729a,600276.SH,EXACT_LISTED_ISSUER_LEGAL_NAME,WHOLE_FIELD_EXACT,江苏恒瑞医药股份有限公司,"{""affiliate_inference_used"": false, ""mapping_match_mode"": ""WHOLE_FIELD_EXACT"", ""matched_applicant_token"": ""江苏恒瑞医药股份有限公司"", ""official_applicant_field"": ""江苏恒瑞医药股份有限公司"", ""registry_evidence"": {""listed_issuer_legal_name"": ""江苏恒瑞医药股份有限公司"", ""security_code"": ""600276"", ""security_short_name"": ""恒瑞医药"", ""source_document_date"": ""2026-04-17"", ""source_kind"": ""SSE_OFFICIAL_ISSUER_DISCLOSURE"", ""source_url"": ""https://www.sse.com.cn/disclosure/listedinfo/announcement/c/new/2026-04-17/600276_20260417_XMOL.pdf""}, ""substring_matching_used"": false}"
纳入优先审评品种名单,official:abc69c4db158eb5d4f5e813544c225fd,江苏恒瑞医药股份有限公司,SHR3680片,本品适用于治疗高瘤负荷的转移性激素敏感性前列腺癌（mHSPC）患者。,https://www.cde.org.cn/main/xxgk/listpage/2f78f372d351c6851af7431c7710a731,PUBLICATION_DATE_EXPLICIT,2021-10-28,,,CXHS2101050,,已纳入,COMPLETE,abc69c4db158eb5d4f5e813544c225fd,600276.SH,EXACT_LISTED_ISSUER_LEGAL_NAME,WHOLE_FIELD_EXACT,江苏恒瑞医药股份有限公司,"{""affiliate_inference_used"": false, ""mapping_match_mode"": ""WHOLE_FIELD_EXACT"", ""matched_applicant_token"": ""江苏恒瑞医药股份有限公司"", ""official_applicant_field"": ""江苏恒瑞医药股份有限公司"", ""registry_evidence"": {""listed_issuer_legal_name"": ""江苏恒瑞医药股份有限公司"", ""security_code"": ""600276"", ""security_short_name"": ""恒瑞医药"", ""source_document_date"": ""2026-04-17"", ""source_kind"": ""SSE_OFFICIAL_ISSUER_DISCLOSURE"", ""source_url"": ""https://www.sse.com.cn/disclosure/listedinfo/announcement/c/new/2026-04-17/600276_20260417_XMOL.pdf""}, ""substring_matching_used"": false}"
纳入优先审评品种名单,official:129a091cc028f8ede0c0c0072006c7d7,江苏恒瑞医药股份有限公司,马来酸吡咯替尼片,马来酸吡咯替尼片与曲妥珠单抗和多西他赛联合，用于治疗表皮生长因子受体2（HER2）阳性、晚期阶段未接受过抗HER2治疗的复发或转移性乳腺癌患者,https://www.cde.org.cn/main/xxgk/listpage/2f78f372d351c6851af7431c7710a731,PUBLICATION_DATE_EXPLICIT,2022-11-15,,,CXHS2200052,,已纳入,COMPLETE,129a091cc028f8ede0c0c0072006c7d7,600276.SH,EXACT_LISTED_ISSUER_LEGAL_NAME,WHOLE_FIELD_EXACT,江苏恒瑞医药股份有限公司,"{""affiliate_inference_used"": false, ""mapping_match_mode"": ""WHOLE_FIELD_EXACT"", ""matched_applicant_token"": ""江苏恒瑞医药股份有限公司"", ""official_applicant_field"": ""江苏恒瑞医药股份有限公司"", ""registry_evidence"": {""listed_issuer_legal_name"": ""江苏恒瑞医药股份有限公司"", ""security_code"": ""600276"", ""security_short_name"": ""恒瑞医药"", ""source_document_date"": ""2026-04-17"", ""source_kind"": ""SSE_OFFICIAL_ISSUER_DISCLOSURE"", ""source_url"": ""https://www.sse.com.cn/disclosure/listedinfo/announcement/c/new/2026-04-17/600276_20260417_XMOL.pdf""}, ""substring_matching_used"": false}"
纳入优先审评品种名单,official:e56fe318faf61125b4b7dbc372e4b7ca,江苏恒瑞医药股份有限公司,马来酸吡咯替尼片,马来酸吡咯替尼片与曲妥珠单抗和多西他赛联合，用于治疗表皮生长因子受体2（HER2）阳性、晚期阶段未接受过抗HER2治疗的复发或转移性乳腺癌患者,https://www.cde.org.cn/main/xxgk/listpage/2f78f372d351c6851af7431c7710a731,PUBLICATION_DATE_EXPLICIT,2022-11-15,,,CXHS2200053,,已纳入,COMPLETE,e56fe318faf61125b4b7dbc372e4b7ca,600276.SH,EXACT_LISTED_ISSUER_LEGAL_NAME,WHOLE_FIELD_EXACT,江苏恒瑞医药股份有限公司,"{""affiliate_inference_used"": false, ""mapping_match_mode"": ""WHOLE_FIELD_EXACT"", ""matched_applicant_token"": ""江苏恒瑞医药股份有限公司"", ""official_applicant_field"": ""江苏恒瑞医药股份有限公司"", ""registry_evidence"": {""listed_issuer_legal_name"": ""江苏恒瑞医药股份有限公司"", ""security_code"": ""600276"", ""security_short_name"": ""恒瑞医药"", ""source_document_date"": ""2026-04-17"", ""source_kind"": ""SSE_OFFICIAL_ISSUER_DISCLOSURE"", ""source_url"": ""https://www.sse.com.cn/disclosure/listedinfo/announcement/c/new/2026-04-17/600276_20260417_XMOL.pdf""}, ""substring_matching_used"": false}"
纳入优先审评品种名单,official:0f4bfe8a9ec5c12c6bbf289397b056c2,江苏恒瑞医药股份有限公司,甲磺酸阿帕替尼片,本品联合氟唑帕利用于伴有胚系BRCA突变（gBRCAm）的HER2阴性乳腺癌的治疗。,https://www.cde.org.cn/main/xxgk/listpage/2f78f372d351c6851af7431c7710a731,PUBLICATION_DATE_EXPLICIT,2024-04-19,,,CXHS2400031,,已纳入,COMPLETE,0f4bfe8a9ec5c12c6bbf289397b056c2,600276.SH,EXACT_LISTED_ISSUER_LEGAL_NAME,WHOLE_FIELD_EXACT,江苏恒瑞医药股份有限公司,"{""affiliate_inference_used"": false, ""mapping_match_mode"": ""WHOLE_FIELD_EXACT"", ""matched_applicant_token"": ""江苏恒瑞医药股份有限公司"", ""official_applicant_field"": ""江苏恒瑞医药股份有限公司"", ""registry_evidence"": {""listed_issuer_legal_name"": ""江苏恒瑞医药股份有限公司"", ""security_code"": ""600276"", ""security_short_name"": ""恒瑞医药"", ""source_document_date"": ""2026-04-17"", ""source_kind"": ""SSE_OFFICIAL_ISSUER_DISCLOSURE"", ""source_url"": ""https://www.sse.com.cn/disclosure/listedinfo/announcement/c/new/2026-04-17/600276_20260417_XMOL.pdf""}, ""substring_matching_used"": false}"
纳入优先审评品种名单,official:26ac7914092cdb7a274347c4cbb5a5d1,江苏恒瑞医药股份有限公司,氟唑帕利胶囊,本品单药或联合甲磺酸阿帕替尼用于伴有胚系BRCA突变（gBRCAm）的HER2阴性乳腺癌患者的治疗,https://www.cde.org.cn/main/xxgk/listpage/2f78f372d351c6851af7431c7710a731,PUBLICATION_DATE_EXPLICIT,2024-04-19,,,CXHS2400032,,已纳入,COMPLETE,26ac7914092cdb7a274347c4cbb5a5d1,600276.SH,EXACT_LISTED_ISSUER_LEGAL_NAME,WHOLE_FIELD_EXACT,江苏恒瑞医药股份有限公司,"{""affiliate_inference_used"": false, ""mapping_match_mode"": ""WHOLE_FIELD_EXACT"", ""matched_applicant_token"": ""江苏恒瑞医药股份有限公司"", ""official_applicant_field"": ""江苏恒瑞医药股份有限公司"", ""registry_evidence"": {""listed_issuer_legal_name"": ""江苏恒瑞医药股份有限公司"", ""security_code"": ""600276"", ""security_short_name"": ""恒瑞医药"", ""source_document_date"": ""2026-04-17"", ""source_kind"": ""SSE_OFFICIAL_ISSUER_DISCLOSURE"", ""source_url"": ""https://www.sse.com.cn/disclosure/listedinfo/announcement/c/new/2026-04-17/600276_20260417_XMOL.pdf""}, ""substring_matching_used"": false}"
纳入优先审评品种名单,official:b44888ae3ad32435a8dc8edb8896c8a1,江苏恒瑞医药股份有限公司,甲磺酸阿帕替尼片,本品联合氟唑帕利用于伴有胚系BRCA突变（gBRCAm）的HER2阴性乳腺癌的治疗。,https://www.cde.org.cn/main/xxgk/listpage/2f78f372d351c6851af7431c7710a731,PUBLICATION_DATE_EXPLICIT,2024-04-19,,,CXHS2400030,,已纳入,COMPLETE,b44888ae3ad32435a8dc8edb8896c8a1,600276.SH,EXACT_LISTED_ISSUER_LEGAL_NAME,WHOLE_FIELD_EXACT,江苏恒瑞医药股份有限公司,"{""affiliate_inference_used"": false, ""mapping_match_mode"": ""WHOLE_FIELD_EXACT"", ""matched_applicant_token"": ""江苏恒瑞医药股份有限公司"", ""official_applicant_field"": ""江苏恒瑞医药股份有限公司"", ""registry_evidence"": {""listed_issuer_legal_name"": ""江苏恒瑞医药股份有限公司"", ""security_code"": ""600276"", ""security_short_name"": ""恒瑞医药"", ""source_document_date"": ""2026-04-17"", ""source_kind"": ""SSE_OFFICIAL_ISSUER_DISCLOSURE"", ""source_url"": ""https://www.sse.com.cn/disclosure/listedinfo/announcement/c/new/2026-04-17/600276_20260417_XMOL.pdf""}, ""substring_matching_used"": false}"
纳入优先审评品种名单,official:37c50c2c5f98806794d7727fecccfcec,江苏恒瑞医药股份有限公司,SHR2554片,本品用于既往接受过至少1线系统性治疗的复发或难治外周T细胞淋巴瘤。,https://www.cde.org.cn/main/xxgk/listpage/2f78f372d351c6851af7431c7710a731,PUBLICATION_DATE_EXPLICIT,2024-10-11,,,CXHS2400102,,已纳入,COMPLETE,37c50c2c5f98806794d7727fecccfcec,600276.SH,EXACT_LISTED_ISSUER_LEGAL_NAME,WHOLE_FIELD_EXACT,江苏恒瑞医药股份有限公司,"{""affiliate_inference_used"": false, ""mapping_match_mode"": ""WHOLE_FIELD_EXACT"", ""matched_applicant_token"": ""江苏恒瑞医药股份有限公司"", ""official_applicant_field"": ""江苏恒瑞医药股份有限公司"", ""registry_evidence"": {""listed_issuer_legal_name"": ""江苏恒瑞医药股份有限公司"", ""security_code"": ""600276"", ""security_short_name"": ""恒瑞医药"", ""source_document_date"": ""2026-04-17"", ""source_kind"": ""SSE_OFFICIAL_ISSUER_DISCLOSURE"", ""source_url"": ""https://www.sse.com.cn/disclosure/listedinfo/announcement/c/new/2026-04-17/600276_20260417_XMOL.pdf""}, ""substring_matching_used"": false}"
纳入突破性治疗品种名单,official:1e0a362d64015ebcbf32d6949acbba11,江苏恒瑞医药股份有限公司;江苏恒瑞医药股份有限公司;上海恒瑞医药有限公司,苹果酸法米替尼胶囊,注射用卡瑞利珠单抗联合苹果酸法米替尼胶囊治疗经过一线级以上治疗失败的复发转移性宫颈癌,https://www.cde.org.cn/main/xxgk/listpage/da6efd086c099b7fc949121166f0130c,PUBLICATION_DATE_EXPLICIT,2020-11-23,,,CXHL1900440,1,已纳入,COMPLETE,1e0a362d64015ebcbf32d6949acbba11,600276.SH,EXACT_APPLICANT_TOKEN_IN_OFFICIAL_MULTI_APPLICANT_FIELD,DELIMITED_APPLICANT_TOKEN_EXACT,江苏恒瑞医药股份有限公司,"{""affiliate_inference_used"": false, ""mapping_match_mode"": ""DELIMITED_APPLICANT_TOKEN_EXACT"", ""matched_applicant_token"": ""江苏恒瑞医药股份有限公司"", ""official_applicant_field"": ""江苏恒瑞医药股份有限公司;江苏恒瑞医药股份有限公司;上海恒瑞医药有限公司"", ""registry_evidence"": {""listed_issuer_legal_name"": ""江苏恒瑞医药股份有限公司"", ""security_code"": ""600276"", ""security_short_name"": ""恒瑞医药"", ""source_document_date"": ""2026-04-17"", ""source_kind"": ""SSE_OFFICIAL_ISSUER_DISCLOSURE"", ""source_url"": ""https://www.sse.com.cn/disclosure/listedinfo/announcement/c/new/2026-04-17/600276_20260417_XMOL.pdf""}, ""substring_matching_used"": false}"
纳入突破性治疗品种名单,official:545cf855a50574699b46b26bcb165f32,苏州盛迪亚生物医药有限公司;苏州盛迪亚生物医药有限公司;江苏恒瑞医药股份有限公司;上海恒瑞医药有限公司,注射用卡瑞利珠单抗,注射用卡瑞利珠单抗联合苹果酸法米替尼胶囊治疗经过一线级以上治疗失败的复发转移性宫颈癌,https://www.cde.org.cn/main/xxgk/listpage/da6efd086c099b7fc949121166f0130c,PUBLICATION_DATE_EXPLICIT,2020-11-23,,,CXSL2000003,1,已纳入,COMPLETE,545cf855a50574699b46b26bcb165f32,600276.SH,EXACT_APPLICANT_TOKEN_IN_OFFICIAL_MULTI_APPLICANT_FIELD,DELIMITED_APPLICANT_TOKEN_EXACT,江苏恒瑞医药股份有限公司,"{""affiliate_inference_used"": false, ""mapping_match_mode"": ""DELIMITED_APPLICANT_TOKEN_EXACT"", ""matched_applicant_token"": ""江苏恒瑞医药股份有限公司"", ""official_applicant_field"": ""苏州盛迪亚生物医药有限公司;苏州盛迪亚生物医药有限公司;江苏恒瑞医药股份有限公司;上海恒瑞医药有限公司"", ""registry_evidence"": {""listed_issuer_legal_name"": ""江苏恒瑞医药股份有限公司"", ""security_code"": ""600276"", ""security_short_name"": ""恒瑞医药"", ""source_document_date"": ""2026-04-17"", ""source_kind"": ""SSE_OFFICIAL_ISSUER_DISCLOSURE"", ""source_url"": ""https://www.sse.com.cn/disclosure/listedinfo/announcement/c/new/2026-04-17/600276_20260417_XMOL.pdf""}, ""substring_matching_used"": false}"
纳入突破性治疗品种名单,official:43c28bd3a5d4eda90ad09d82c1c9d017,江苏恒瑞医药股份有限公司;江苏恒瑞医药股份有限公司;上海恒瑞医药有限公司,SHR6390片,SHR6390片联合氟维司群用于经内分泌治疗后进展的激素受体（HR）阳性、人表皮生长因子受体2（HER2）阴性的复发或转移性乳腺癌的治疗,https://www.cde.org.cn/main/xxgk/listpage/da6efd086c099b7fc949121166f0130c,PUBLICATION_DATE_EXPLICIT,2021-03-17,,,CXHL1900242,1,已纳入,COMPLETE,43c28bd3a5d4eda90ad09d82c1c9d017,600276.SH,EXACT_APPLICANT_TOKEN_IN_OFFICIAL_MULTI_APPLICANT_FIELD,DELIMITED_APPLICANT_TOKEN_EXACT,江苏恒瑞医药股份有限公司,"{""affiliate_inference_used"": false, ""mapping_match_mode"": ""DELIMITED_APPLICANT_TOKEN_EXACT"", ""matched_applicant_token"": ""江苏恒瑞医药股份有限公司"", ""official_applicant_field"": ""江苏恒瑞医药股份有限公司;江苏恒瑞医药股份有限公司;上海恒瑞医药有限公司"", ""registry_evidence"": {""listed_issuer_legal_name"": ""江苏恒瑞医药股份有限公司"", ""security_code"": ""600276"", ""security_short_name"": ""恒瑞医药"", ""source_document_date"": ""2026-04-17"", ""source_kind"": ""SSE_OFFICIAL_ISSUER_DISCLOSURE"", ""source_url"": ""https://www.sse.com.cn/disclosure/listedinfo/announcement/c/new/2026-04-17/600276_20260417_XMOL.pdf""}, ""substring_matching_used"": false}"
纳入突破性治疗品种名单,official:e22cdd59b8f7264a57e5ac01e479c676,江苏恒瑞医药股份有限公司;江苏恒瑞医药股份有限公司,SHR3680片,本品适用于治疗高瘤负荷的转移性激素敏感性前列腺癌患者。,https://www.cde.org.cn/main/xxgk/listpage/da6efd086c099b7fc949121166f0130c,PUBLICATION_DATE_EXPLICIT,2021-08-26,,,CXHL2000409,1,已纳入,COMPLETE,e22cdd59b8f7264a57e5ac01e479c676,600276.SH,EXACT_APPLICANT_TOKEN_IN_OFFICIAL_MULTI_APPLICANT_FIELD,DELIMITED_APPLICANT_TOKEN_EXACT,江苏恒瑞医药股份有限公司,"{""affiliate_inference_used"": false, ""mapping_match_mode"": ""DELIMITED_APPLICANT_TOKEN_EXACT"", ""matched_applicant_token"": ""江苏恒瑞医药股份有限公司"", ""official_applicant_field"": ""江苏恒瑞医药股份有限公司;江苏恒瑞医药股份有限公司"", ""registry_evidence"": {""listed_issuer_legal_name"": ""江苏恒瑞医药股份有限公司"", ""security_code"": ""600276"", ""security_short_name"": ""恒瑞医药"", ""source_document_date"": ""2026-04-17"", ""source_kind"": ""SSE_OFFICIAL_ISSUER_DISCLOSURE"", ""source_url"": ""https://www.sse.com.cn/disclosure/listedinfo/announcement/c/new/2026-04-17/600276_20260417_XMOL.pdf""}, ""substring_matching_used"": false}"
纳入突破性治疗品种名单,official:523c979b395256332cb74cd37b6e0e45,江苏恒瑞医药股份有限公司;江苏恒瑞医药股份有限公司;上海恒瑞医药有限公司,苹果酸法米替尼胶囊,注射用卡瑞利珠单抗联合苹果酸法米替尼胶囊一线治疗肿瘤细胞PD-L1表达阳性（TPS≥1%）且不伴有EGFR/ALK基因异常的复发性或转移性非小细胞肺癌,https://www.cde.org.cn/main/xxgk/listpage/da6efd086c099b7fc949121166f0130c,PUBLICATION_DATE_EXPLICIT,2022-10-20,,,CXHL2000008,1,已纳入,COMPLETE,523c979b395256332cb74cd37b6e0e45,600276.SH,EXACT_APPLICANT_TOKEN_IN_OFFICIAL_MULTI_APPLICANT_FIELD,DELIMITED_APPLICANT_TOKEN_EXACT,江苏恒瑞医药股份有限公司,"{""affiliate_inference_used"": false, ""mapping_match_mode"": ""DELIMITED_APPLICANT_TOKEN_EXACT"", ""matched_applicant_token"": ""江苏恒瑞医药股份有限公司"", ""official_applicant_field"": ""江苏恒瑞医药股份有限公司;江苏恒瑞医药股份有限公司;上海恒瑞医药有限公司"", ""registry_evidence"": {""listed_issuer_legal_name"": ""江苏恒瑞医药股份有限公司"", ""security_code"": ""600276"", ""security_short_name"": ""恒瑞医药"", ""source_document_date"": ""2026-04-17"", ""source_kind"": ""SSE_OFFICIAL_ISSUER_DISCLOSURE"", ""source_url"": ""https://www.sse.com.cn/disclosure/listedinfo/announcement/c/new/2026-04-17/600276_20260417_XMOL.pdf""}, ""substring_matching_used"": false}"
纳入突破性治疗品种名单,official:d8c80f8b1c04df67f3dfc44e781464b8,苏州盛迪亚生物医药有限公司;苏州盛迪亚生物医药有限公司;江苏恒瑞医药股份有限公司;上海恒瑞医药有限公司,注射用卡瑞利珠单抗,注射用卡瑞利珠单抗联合苹果酸法米替尼胶囊一线治疗肿瘤细胞PD-L1表达阳性（TPS≥1%）且不伴有EGFR/ALK基因异常的复发性或转移性非小细胞肺癌,https://www.cde.org.cn/main/xxgk/listpage/da6efd086c099b7fc949121166f0130c,PUBLICATION_DATE_EXPLICIT,2022-10-20,,,CXSL2000006,1,已纳入,COMPLETE,d8c80f8b1c04df67f3dfc44e781464b8,600276.SH,EXACT_APPLICANT_TOKEN_IN_OFFICIAL_MULTI_APPLICANT_FIELD,DELIMITED_APPLICANT_TOKEN_EXACT,江苏恒瑞医药股份有限公司,"{""affiliate_inference_used"": false, ""mapping_match_mode"": ""DELIMITED_APPLICANT_TOKEN_EXACT"", ""matched_applicant_token"": ""江苏恒瑞医药股份有限公司"", ""official_applicant_field"": ""苏州盛迪亚生物医药有限公司;苏州盛迪亚生物医药有限公司;江苏恒瑞医药股份有限公司;上海恒瑞医药有限公司"", ""registry_evidence"": {""listed_issuer_legal_name"": ""江苏恒瑞医药股份有限公司"", ""security_code"": ""600276"", ""security_short_name"": ""恒瑞医药"", ""source_document_date"": ""2026-04-17"", ""source_kind"": ""SSE_OFFICIAL_ISSUER_DISCLOSURE"", ""source_url"": ""https://www.sse.com.cn/disclosure/listedinfo/announcement/c/new/2026-04-17/600276_20260417_XMOL.pdf""}, ""substring_matching_used"": false}"
纳入突破性治疗品种名单,official:e0f4c850a315258d0455af52c0becea3,江苏恒瑞医药股份有限公司;江苏恒瑞医药股份有限公司;上海恒瑞医药有限公司,苹果酸法米替尼胶囊,注射用卡瑞利珠单抗联合苹果酸法米替尼胶囊一线治疗肿瘤细胞PD-L1表达阳性（TPS≥1%）且不伴有EGFR/ALK基因异常的复发性或转移性非小细胞肺癌,https://www.cde.org.cn/main/xxgk/listpage/da6efd086c099b7fc949121166f0130c,PUBLICATION_DATE_EXPLICIT,2022-10-20,,,CXHL2000007,1,已纳入,COMPLETE,e0f4c850a315258d0455af52c0becea3,600276.SH,EXACT_APPLICANT_TOKEN_IN_OFFICIAL_MULTI_APPLICANT_FIELD,DELIMITED_APPLICANT_TOKEN_EXACT,江苏恒瑞医药股份有限公司,"{""affiliate_inference_used"": false, ""mapping_match_mode"": ""DELIMITED_APPLICANT_TOKEN_EXACT"", ""matched_applicant_token"": ""江苏恒瑞医药股份有限公司"", ""official_applicant_field"": ""江苏恒瑞医药股份有限公司;江苏恒瑞医药股份有限公司;上海恒瑞医药有限公司"", ""registry_evidence"": {""listed_issuer_legal_name"": ""江苏恒瑞医药股份有限公司"", ""security_code"": ""600276"", ""security_short_name"": ""恒瑞医药"", ""source_document_date"": ""2026-04-17"", ""source_kind"": ""SSE_OFFICIAL_ISSUER_DISCLOSURE"", ""source_url"": ""https://www.sse.com.cn/disclosure/listedinfo/announcement/c/new/2026-04-17/600276_20260417_XMOL.pdf""}, ""substring_matching_used"": false}"
纳入突破性治疗品种名单,official:628fab219966aa11e8c462908535c647,江苏恒瑞医药股份有限公司;江苏恒瑞医药股份有限公司;上海恒瑞医药有限公司,马来酸吡咯替尼片,马来酸吡咯替尼片与曲妥珠单抗和多西他赛联合，用于治疗表皮生长因子受体2（HER2）阳性、晚期阶段未接受过抗HER2治疗的复发或转移性乳腺癌患者,https://www.cde.org.cn/main/xxgk/listpage/da6efd086c099b7fc949121166f0130c,PUBLICATION_DATE_EXPLICIT,2022-11-03,,,CXHL1100291,1.1,已纳入,COMPLETE,628fab219966aa11e8c462908535c647,600276.SH,EXACT_APPLICANT_TOKEN_IN_OFFICIAL_MULTI_APPLICANT_FIELD,DELIMITED_APPLICANT_TOKEN_EXACT,江苏恒瑞医药股份有限公司,"{""affiliate_inference_used"": false, ""mapping_match_mode"": ""DELIMITED_APPLICANT_TOKEN_EXACT"", ""matched_applicant_token"": ""江苏恒瑞医药股份有限公司"", ""official_applicant_field"": ""江苏恒瑞医药股份有限公司;江苏恒瑞医药股份有限公司;上海恒瑞医药有限公司"", ""registry_evidence"": {""listed_issuer_legal_name"": ""江苏恒瑞医药股份有限公司"", ""security_code"": ""600276"", ""security_short_name"": ""恒瑞医药"", ""source_document_date"": ""2026-04-17"", ""source_kind"": ""SSE_OFFICIAL_ISSUER_DISCLOSURE"", ""source_url"": ""https://www.sse.com.cn/disclosure/listedinfo/announcement/c/new/2026-04-17/600276_20260417_XMOL.pdf""}, ""substring_matching_used"": false}"
纳入突破性治疗品种名单,official:f0bdd32fe6e9fccd2b08e945777726ec,江苏恒瑞医药股份有限公司;江苏恒瑞医药股份有限公司;上海恒瑞医药有限公司,马来酸吡咯替尼片,马来酸吡咯替尼片与曲妥珠单抗和多西他赛联合，用于治疗表皮生长因子受体2（HER2）阳性、晚期阶段未接受过抗HER2治疗的复发或转移性乳腺癌患者,https://www.cde.org.cn/main/xxgk/listpage/da6efd086c099b7fc949121166f0130c,PUBLICATION_DATE_EXPLICIT,2022-11-03,,,CXHL1100290,1.1,已纳入,COMPLETE,f0bdd32fe6e9fccd2b08e945777726ec,600276.SH,EXACT_APPLICANT_TOKEN_IN_OFFICIAL_MULTI_APPLICANT_FIELD,DELIMITED_APPLICANT_TOKEN_EXACT,江苏恒瑞医药股份有限公司,"{""affiliate_inference_used"": false, ""mapping_match_mode"": ""DELIMITED_APPLICANT_TOKEN_EXACT"", ""matched_applicant_token"": ""江苏恒瑞医药股份有限公司"", ""official_applicant_field"": ""江苏恒瑞医药股份有限公司;江苏恒瑞医药股份有限公司;上海恒瑞医药有限公司"", ""registry_evidence"": {""listed_issuer_legal_name"": ""江苏恒瑞医药股份有限公司"", ""security_code"": ""600276"", ""security_short_name"": ""恒瑞医药"", ""source_document_date"": ""2026-04-17"", ""source_kind"": ""SSE_OFFICIAL_ISSUER_DISCLOSURE"", ""source_url"": ""https://www.sse.com.cn/disclosure/listedinfo/announcement/c/new/2026-04-17/600276_20260417_XMOL.pdf""}, ""substring_matching_used"": false}"
纳入突破性治疗品种名单,official:081014dd6ccec4c1e051423a6fe0e6f9,江苏恒瑞医药股份有限公司;江苏恒瑞医药股份有限公司;上海恒瑞医药有限公司,SHR2554片,复发或难治的外周T细胞淋巴瘤患者,https://www.cde.org.cn/main/xxgk/listpage/da6efd086c099b7fc949121166f0130c,PUBLICATION_DATE_EXPLICIT,2023-01-16,,,CXHL1700267,1,已纳入,COMPLETE,081014dd6ccec4c1e051423a6fe0e6f9,600276.SH,EXACT_APPLICANT_TOKEN_IN_OFFICIAL_MULTI_APPLICANT_FIELD,DELIMITED_APPLICANT_TOKEN_EXACT,江苏恒瑞医药股份有限公司,"{""affiliate_inference_used"": false, ""mapping_match_mode"": ""DELIMITED_APPLICANT_TOKEN_EXACT"", ""matched_applicant_token"": ""江苏恒瑞医药股份有限公司"", ""official_applicant_field"": ""江苏恒瑞医药股份有限公司;江苏恒瑞医药股份有限公司;上海恒瑞医药有限公司"", ""registry_evidence"": {""listed_issuer_legal_name"": ""江苏恒瑞医药股份有限公司"", ""security_code"": ""600276"", ""security_short_name"": ""恒瑞医药"", ""source_document_date"": ""2026-04-17"", ""source_kind"": ""SSE_OFFICIAL_ISSUER_DISCLOSURE"", ""source_url"": ""https://www.sse.com.cn/disclosure/listedinfo/announcement/c/new/2026-04-17/600276_20260417_XMOL.pdf""}, ""substring_matching_used"": false}"
纳入突破性治疗品种名单,official:1e4ce94f54719bb758fa2f4bef3ca902,江苏恒瑞医药股份有限公司;江苏恒瑞医药股份有限公司;上海恒瑞医药有限公司,SHR2554片,复发或难治的外周T细胞淋巴瘤患者,https://www.cde.org.cn/main/xxgk/listpage/da6efd086c099b7fc949121166f0130c,PUBLICATION_DATE_EXPLICIT,2023-01-16,,,CXHL1700266,1,已纳入,COMPLETE,1e4ce94f54719bb758fa2f4bef3ca902,600276.SH,EXACT_APPLICANT_TOKEN_IN_OFFICIAL_MULTI_APPLICANT_FIELD,DELIMITED_APPLICANT_TOKEN_EXACT,江苏恒瑞医药股份有限公司,"{""affiliate_inference_used"": false, ""mapping_match_mode"": ""DELIMITED_APPLICANT_TOKEN_EXACT"", ""matched_applicant_token"": ""江苏恒瑞医药股份有限公司"", ""official_applicant_field"": ""江苏恒瑞医药股份有限公司;江苏恒瑞医药股份有限公司;上海恒瑞医药有限公司"", ""registry_evidence"": {""listed_issuer_legal_name"": ""江苏恒瑞医药股份有限公司"", ""security_code"": ""600276"", ""security_short_name"": ""恒瑞医药"", ""source_document_date"": ""2026-04-17"", ""source_kind"": ""SSE_OFFICIAL_ISSUER_DISCLOSURE"", ""source_url"": ""https://www.sse.com.cn/disclosure/listedinfo/announcement/c/new/2026-04-17/600276_20260417_XMOL.pdf""}, ""substring_matching_used"": false}"
纳入突破性治疗品种名单,official:2c49e4fa9304c5d0781f04d5f155a7e5,上海恒瑞医药有限公司;江苏恒瑞医药股份有限公司;苏州盛迪亚生物医药有限公司,注射用SHR-A1811,注射用SHR-A1811用于人表皮生长因子受体2（HER2）阳性的复发或转移性乳腺癌患者,https://www.cde.org.cn/main/xxgk/listpage/da6efd086c099b7fc949121166f0130c,PUBLICATION_DATE_EXPLICIT,2023-02-10,,,CXSL2000087,1,已纳入,COMPLETE,2c49e4fa9304c5d0781f04d5f155a7e5,600276.SH,EXACT_APPLICANT_TOKEN_IN_OFFICIAL_MULTI_APPLICANT_FIELD,DELIMITED_APPLICANT_TOKEN_EXACT,江苏恒瑞医药股份有限公司,"{""affiliate_inference_used"": false, ""mapping_match_mode"": ""DELIMITED_APPLICANT_TOKEN_EXACT"", ""matched_applicant_token"": ""江苏恒瑞医药股份有限公司"", ""official_applicant_field"": ""上海恒瑞医药有限公司;江苏恒瑞医药股份有限公司;苏州盛迪亚生物医药有限公司"", ""registry_evidence"": {""listed_issuer_legal_name"": ""江苏恒瑞医药股份有限公司"", ""security_code"": ""600276"", ""security_short_name"": ""恒瑞医药"", ""source_document_date"": ""2026-04-17"", ""source_kind"": ""SSE_OFFICIAL_ISSUER_DISCLOSURE"", ""source_url"": ""https://www.sse.com.cn/disclosure/listedinfo/announcement/c/new/2026-04-17/600276_20260417_XMOL.pdf""}, ""substring_matching_used"": false}"
纳入突破性治疗品种名单,official:c148c8d470a2be43b947b5a94e95a4a0,上海恒瑞医药有限公司;江苏恒瑞医药股份有限公司;苏州盛迪亚生物医药有限公司,注射用SHR-A1811,注射用SHR-A1811用于人表皮生长因子受体2（HER2）低表达的复发或转移性乳腺癌。,https://www.cde.org.cn/main/xxgk/listpage/da6efd086c099b7fc949121166f0130c,PUBLICATION_DATE_EXPLICIT,2023-02-10,,,CXSL2000087,1,已纳入,COMPLETE,c148c8d470a2be43b947b5a94e95a4a0,600276.SH,EXACT_APPLICANT_TOKEN_IN_OFFICIAL_MULTI_APPLICANT_FIELD,DELIMITED_APPLICANT_TOKEN_EXACT,江苏恒瑞医药股份有限公司,"{""affiliate_inference_used"": false, ""mapping_match_mode"": ""DELIMITED_APPLICANT_TOKEN_EXACT"", ""matched_applicant_token"": ""江苏恒瑞医药股份有限公司"", ""official_applicant_field"": ""上海恒瑞医药有限公司;江苏恒瑞医药股份有限公司;苏州盛迪亚生物医药有限公司"", ""registry_evidence"": {""listed_issuer_legal_name"": ""江苏恒瑞医药股份有限公司"", ""security_code"": ""600276"", ""security_short_name"": ""恒瑞医药"", ""source_document_date"": ""2026-04-17"", ""source_kind"": ""SSE_OFFICIAL_ISSUER_DISCLOSURE"", ""source_url"": ""https://www.sse.com.cn/disclosure/listedinfo/announcement/c/new/2026-04-17/600276_20260417_XMOL.pdf""}, ""substring_matching_used"": false}"
纳入突破性治疗品种名单,official:071736bd870a71a483a58273bb4b43b7,上海恒瑞医药有限公司;江苏恒瑞医药股份有限公司;苏州盛迪亚生物医药有限公司,注射用SHR-A1811,注射用SHR-A1811单药治疗既往含铂化疗失败的HER2突变的晚期非小细胞肺癌患者,https://www.cde.org.cn/main/xxgk/listpage/da6efd086c099b7fc949121166f0130c,PUBLICATION_DATE_EXPLICIT,2023-03-16,,,CXSL2000087,1,已纳入,COMPLETE,071736bd870a71a483a58273bb4b43b7,600276.SH,EXACT_APPLICANT_TOKEN_IN_OFFICIAL_MULTI_APPLICANT_FIELD,DELIMITED_APPLICANT_TOKEN_EXACT,江苏恒瑞医药股份有限公司,"{""affiliate_inference_used"": false, ""mapping_match_mode"": ""DELIMITED_APPLICANT_TOKEN_EXACT"", ""matched_applicant_token"": ""江苏恒瑞医药股份有限公司"", ""official_applicant_field"": ""上海恒瑞医药有限公司;江苏恒瑞医药股份有限公司;苏州盛迪亚生物医药有限公司"", ""registry_evidence"": {""listed_issuer_legal_name"": ""江苏恒瑞医药股份有限公司"", ""security_code"": ""600276"", ""security_short_name"": ""恒瑞医药"", ""source_document_date"": ""2026-04-17"", ""source_kind"": ""SSE_OFFICIAL_ISSUER_DISCLOSURE"", ""source_url"": ""https://www.sse.com.cn/disclosure/listedinfo/announcement/c/new/2026-04-17/600276_20260417_XMOL.pdf""}, ""substring_matching_used"": false}"
纳入突破性治疗品种名单,official:5485ad189171463732d1e966bd9cea17,上海恒瑞医药有限公司;江苏恒瑞医药股份有限公司;苏州盛迪亚生物医药有限公司,注射用SHR-A1811,注射用SHR-A1811单药治疗既往经奥沙利铂、氟尿嘧啶和伊立替康治疗失败、HER2阳性结直肠癌,https://www.cde.org.cn/main/xxgk/listpage/da6efd086c099b7fc949121166f0130c,PUBLICATION_DATE_EXPLICIT,2023-09-05,,,CXSL2000087,1,已纳入,COMPLETE,5485ad189171463732d1e966bd9cea17,600276.SH,EXACT_APPLICANT_TOKEN_IN_OFFICIAL_MULTI_APPLICANT_FIELD,DELIMITED_APPLICANT_TOKEN_EXACT,江苏恒瑞医药股份有限公司,"{""affiliate_inference_used"": false, ""mapping_match_mode"": ""DELIMITED_APPLICANT_TOKEN_EXACT"", ""matched_applicant_token"": ""江苏恒瑞医药股份有限公司"", ""official_applicant_field"": ""上海恒瑞医药有限公司;江苏恒瑞医药股份有限公司;苏州盛迪亚生物医药有限公司"", ""registry_evidence"": {""listed_issuer_legal_name"": ""江苏恒瑞医药股份有限公司"", ""security_code"": ""600276"", ""security_short_name"": ""恒瑞医药"", ""source_document_date"": ""2026-04-17"", ""source_kind"": ""SSE_OFFICIAL_ISSUER_DISCLOSURE"", ""source_url"": ""https://www.sse.com.cn/disclosure/listedinfo/announcement/c/new/2026-04-17/600276_20260417_XMOL.pdf""}, ""substring_matching_used"": false}"
纳入突破性治疗品种名单,official:21d938704abf6f594074ff20b8d193fb,上海恒瑞医药有限公司;江苏恒瑞医药股份有限公司;苏州盛迪亚生物医药有限公司,注射用SHR-A1811,既往至少一线抗HER2治疗失败的HER2阳性晚期胃癌或胃食管结合部腺癌患者,https://www.cde.org.cn/main/xxgk/listpage/da6efd086c099b7fc949121166f0130c,PUBLICATION_DATE_EXPLICIT,2024-02-01,,,CXSL2000087,1,已纳入,COMPLETE,21d938704abf6f594074ff20b8d193fb,600276.SH,EXACT_APPLICANT_TOKEN_IN_OFFICIAL_MULTI_APPLICANT_FIELD,DELIMITED_APPLICANT_TOKEN_EXACT,江苏恒瑞医药股份有限公司,"{""affiliate_inference_used"": false, ""mapping_match_mode"": ""DELIMITED_APPLICANT_TOKEN_EXACT"", ""matched_applicant_token"": ""江苏恒瑞医药股份有限公司"", ""official_applicant_field"": ""上海恒瑞医药有限公司;江苏恒瑞医药股份有限公司;苏州盛迪亚生物医药有限公司"", ""registry_evidence"": {""listed_issuer_legal_name"": ""江苏恒瑞医药股份有限公司"", ""security_code"": ""600276"", ""security_short_name"": ""恒瑞医药"", ""source_document_date"": ""2026-04-17"", ""source_kind"": ""SSE_OFFICIAL_ISSUER_DISCLOSURE"", ""source_url"": ""https://www.sse.com.cn/disclosure/listedinfo/announcement/c/new/2026-04-17/600276_20260417_XMOL.pdf""}, ""substring_matching_used"": false}"
纳入突破性治疗品种名单,official:2965cdf31fc4e9d0987b12265953fc87,江苏恒瑞医药股份有限公司;江苏恒瑞医药股份有限公司,氟唑帕利胶囊,氟唑帕利单药或联合阿帕替尼治疗gBRCA突变的HER2阴性乳腺癌。,https://www.cde.org.cn/main/xxgk/listpage/da6efd086c099b7fc949121166f0130c,PUBLICATION_DATE_EXPLICIT,2024-03-25,,,CXHL1900407,1,已纳入,COMPLETE,2965cdf31fc4e9d0987b12265953fc87,600276.SH,EXACT_APPLICANT_TOKEN_IN_OFFICIAL_MULTI_APPLICANT_FIELD,DELIMITED_APPLICANT_TOKEN_EXACT,江苏恒瑞医药股份有限公司,"{""affiliate_inference_used"": false, ""mapping_match_mode"": ""DELIMITED_APPLICANT_TOKEN_EXACT"", ""matched_applicant_token"": ""江苏恒瑞医药股份有限公司"", ""official_applicant_field"": ""江苏恒瑞医药股份有限公司;江苏恒瑞医药股份有限公司"", ""registry_evidence"": {""listed_issuer_legal_name"": ""江苏恒瑞医药股份有限公司"", ""security_code"": ""600276"", ""security_short_name"": ""恒瑞医药"", ""source_document_date"": ""2026-04-17"", ""source_kind"": ""SSE_OFFICIAL_ISSUER_DISCLOSURE"", ""source_url"": ""https://www.sse.com.cn/disclosure/listedinfo/announcement/c/new/2026-04-17/600276_20260417_XMOL.pdf""}, ""substring_matching_used"": false}"
纳入突破性治疗品种名单,official:362cdd324026a05e11e3639d30ed9f10,江苏恒瑞医药股份有限公司;江苏恒瑞医药股份有限公司;上海恒瑞医药有限公司,甲磺酸阿帕替尼片,阿帕替尼联合氟唑帕利治疗gBRCA突变的HER2阴性乳腺癌。,https://www.cde.org.cn/main/xxgk/listpage/da6efd086c099b7fc949121166f0130c,PUBLICATION_DATE_EXPLICIT,2024-03-25,,,CXHL1900408,2.4,已纳入,COMPLETE,362cdd324026a05e11e3639d30ed9f10,600276.SH,EXACT_APPLICANT_TOKEN_IN_OFFICIAL_MULTI_APPLICANT_FIELD,DELIMITED_APPLICANT_TOKEN_EXACT,江苏恒瑞医药股份有限公司,"{""affiliate_inference_used"": false, ""mapping_match_mode"": ""DELIMITED_APPLICANT_TOKEN_EXACT"", ""matched_applicant_token"": ""江苏恒瑞医药股份有限公司"", ""official_applicant_field"": ""江苏恒瑞医药股份有限公司;江苏恒瑞医药股份有限公司;上海恒瑞医药有限公司"", ""registry_evidence"": {""listed_issuer_legal_name"": ""江苏恒瑞医药股份有限公司"", ""security_code"": ""600276"", ""security_short_name"": ""恒瑞医药"", ""source_document_date"": ""2026-04-17"", ""source_kind"": ""SSE_OFFICIAL_ISSUER_DISCLOSURE"", ""source_url"": ""https://www.sse.com.cn/disclosure/listedinfo/announcement/c/new/2026-04-17/600276_20260417_XMOL.pdf""}, ""substring_matching_used"": false}"
纳入突破性治疗品种名单,official:423f31b7c6e6fbbfc12622b61b98cd75,江苏恒瑞医药股份有限公司;江苏恒瑞医药股份有限公司;上海恒瑞医药有限公司,甲磺酸阿帕替尼片,阿帕替尼联合氟唑帕利治疗gBRCA突变的HER2阴性乳腺癌。,https://www.cde.org.cn/main/xxgk/listpage/da6efd086c099b7fc949121166f0130c,PUBLICATION_DATE_EXPLICIT,2024-03-25,,,CXHL1900409,2.4,已纳入,COMPLETE,423f31b7c6e6fbbfc12622b61b98cd75,600276.SH,EXACT_APPLICANT_TOKEN_IN_OFFICIAL_MULTI_APPLICANT_FIELD,DELIMITED_APPLICANT_TOKEN_EXACT,江苏恒瑞医药股份有限公司,"{""affiliate_inference_used"": false, ""mapping_match_mode"": ""DELIMITED_APPLICANT_TOKEN_EXACT"", ""matched_applicant_token"": ""江苏恒瑞医药股份有限公司"", ""official_applicant_field"": ""江苏恒瑞医药股份有限公司;江苏恒瑞医药股份有限公司;上海恒瑞医药有限公司"", ""registry_evidence"": {""listed_issuer_legal_name"": ""江苏恒瑞医药股份有限公司"", ""security_code"": ""600276"", ""security_short_name"": ""恒瑞医药"", ""source_document_date"": ""2026-04-17"", ""source_kind"": ""SSE_OFFICIAL_ISSUER_DISCLOSURE"", ""source_url"": ""https://www.sse.com.cn/disclosure/listedinfo/announcement/c/new/2026-04-17/600276_20260417_XMOL.pdf""}, ""substring_matching_used"": false}"
纳入突破性治疗品种名单,official:e5227911f8bdef539beb101bd4d250a1,上海恒瑞医药有限公司;江苏恒瑞医药股份有限公司;苏州盛迪亚生物医药有限公司,注射用SHR-A1811,注射用SHR-A1811用于既往接受过一种或一种以上治疗方案的HER2阳性不可切除或转移性胆道癌患者。,https://www.cde.org.cn/main/xxgk/listpage/da6efd086c099b7fc949121166f0130c,PUBLICATION_DATE_EXPLICIT,2024-05-31,,,CXSL2000087,1,已纳入,COMPLETE,e5227911f8bdef539beb101bd4d250a1,600276.SH,EXACT_APPLICANT_TOKEN_IN_OFFICIAL_MULTI_APPLICANT_FIELD,DELIMITED_APPLICANT_TOKEN_EXACT,江苏恒瑞医药股份有限公司,"{""affiliate_inference_used"": false, ""mapping_match_mode"": ""DELIMITED_APPLICANT_TOKEN_EXACT"", ""matched_applicant_token"": ""江苏恒瑞医药股份有限公司"", ""official_applicant_field"": ""上海恒瑞医药有限公司;江苏恒瑞医药股份有限公司;苏州盛迪亚生物医药有限公司"", ""registry_evidence"": {""listed_issuer_legal_name"": ""江苏恒瑞医药股份有限公司"", ""security_code"": ""600276"", ""security_short_name"": ""恒瑞医药"", ""source_document_date"": ""2026-04-17"", ""source_kind"": ""SSE_OFFICIAL_ISSUER_DISCLOSURE"", ""source_url"": ""https://www.sse.com.cn/disclosure/listedinfo/announcement/c/new/2026-04-17/600276_20260417_XMOL.pdf""}, ""substring_matching_used"": false}"
纳入突破性治疗品种名单,official:6eeb061b9f20cb026e460dc0758d1a96,江苏恒瑞医药股份有限公司,HR19042胶囊,活动性自身免疫性肝炎,https://www.cde.org.cn/main/xxgk/listpage/da6efd086c099b7fc949121166f0130c,PUBLICATION_DATE_EXPLICIT,2024-09-29,,,CXHL2200136,2.2,已纳入,COMPLETE,6eeb061b9f20cb026e460dc0758d1a96,600276.SH,EXACT_LISTED_ISSUER_LEGAL_NAME,WHOLE_FIELD_EXACT,江苏恒瑞医药股份有限公司,"{""affiliate_inference_used"": false, ""mapping_match_mode"": ""WHOLE_FIELD_EXACT"", ""matched_applicant_token"": ""江苏恒瑞医药股份有限公司"", ""official_applicant_field"": ""江苏恒瑞医药股份有限公司"", ""registry_evidence"": {""listed_issuer_legal_name"": ""江苏恒瑞医药股份有限公司"", ""security_code"": ""600276"", ""security_short_name"": ""恒瑞医药"", ""source_document_date"": ""2026-04-17"", ""source_kind"": ""SSE_OFFICIAL_ISSUER_DISCLOSURE"", ""source_url"": ""https://www.sse.com.cn/disclosure/listedinfo/announcement/c/new/2026-04-17/600276_20260417_XMOL.pdf""}, ""substring_matching_used"": false}"
纳入突破性治疗品种名单,official:97fedcfd02d4957c1de33a0b5cf3431d,上海恒瑞医药有限公司;江苏恒瑞医药股份有限公司;苏州盛迪亚生物医药有限公司,注射用SHR-A1811,注射用SHR-A1811治疗HER2表达的铂耐药复发上皮性卵巢癌、输卵管癌或原发性腹膜癌。,https://www.cde.org.cn/main/xxgk/listpage/da6efd086c099b7fc949121166f0130c,PUBLICATION_DATE_EXPLICIT,2024-12-13,,,CXSL2000087,1,已纳入,COMPLETE,97fedcfd02d4957c1de33a0b5cf3431d,600276.SH,EXACT_APPLICANT_TOKEN_IN_OFFICIAL_MULTI_APPLICANT_FIELD,DELIMITED_APPLICANT_TOKEN_EXACT,江苏恒瑞医药股份有限公司,"{""affiliate_inference_used"": false, ""mapping_match_mode"": ""DELIMITED_APPLICANT_TOKEN_EXACT"", ""matched_applicant_token"": ""江苏恒瑞医药股份有限公司"", ""official_applicant_field"": ""上海恒瑞医药有限公司;江苏恒瑞医药股份有限公司;苏州盛迪亚生物医药有限公司"", ""registry_evidence"": {""listed_issuer_legal_name"": ""江苏恒瑞医药股份有限公司"", ""security_code"": ""600276"", ""security_short_name"": ""恒瑞医药"", ""source_document_date"": ""2026-04-17"", ""source_kind"": ""SSE_OFFICIAL_ISSUER_DISCLOSURE"", ""source_url"": ""https://www.sse.com.cn/disclosure/listedinfo/announcement/c/new/2026-04-17/600276_20260417_XMOL.pdf""}, ""substring_matching_used"": false}"
纳入突破性治疗品种名单,official:a95325c2098dd9eff9d374156d3fcd8a,上海恒瑞医药有限公司;江苏恒瑞医药股份有限公司;苏州盛迪亚生物医药有限公司,注射用SHR-A1811,注射用SHR-A1811用于既往接受含铂化疗及免疫检查点抑制剂治疗失败的HER2表达（IHC≥1+）的复发或转移性宫颈癌,https://www.cde.org.cn/main/xxgk/listpage/da6efd086c099b7fc949121166f0130c,PUBLICATION_DATE_EXPLICIT,2025-03-19,,,CXSL2000087,1,已纳入,COMPLETE,a95325c2098dd9eff9d374156d3fcd8a,600276.SH,EXACT_APPLICANT_TOKEN_IN_OFFICIAL_MULTI_APPLICANT_FIELD,DELIMITED_APPLICANT_TOKEN_EXACT,江苏恒瑞医药股份有限公司,"{""affiliate_inference_used"": false, ""mapping_match_mode"": ""DELIMITED_APPLICANT_TOKEN_EXACT"", ""matched_applicant_token"": ""江苏恒瑞医药股份有限公司"", ""official_applicant_field"": ""上海恒瑞医药有限公司;江苏恒瑞医药股份有限公司;苏州盛迪亚生物医药有限公司"", ""registry_evidence"": {""listed_issuer_legal_name"": ""江苏恒瑞医药股份有限公司"", ""security_code"": ""600276"", ""security_short_name"": ""恒瑞医药"", ""source_document_date"": ""2026-04-17"", ""source_kind"": ""SSE_OFFICIAL_ISSUER_DISCLOSURE"", ""source_url"": ""https://www.sse.com.cn/disclosure/listedinfo/announcement/c/new/2026-04-17/600276_20260417_XMOL.pdf""}, ""substring_matching_used"": false}"
纳入突破性治疗品种名单,official:a62461efb5360333797abf95e40b8fae,江苏恒瑞医药股份有限公司;江苏恒瑞医药股份有限公司,HRS-4642注射液,本品联合吉西他滨和紫杉醇（白蛋白结合型）用于携带KRAS G12D突变的晚期或转移性胰腺癌的一线治疗,https://www.cde.org.cn/main/xxgk/listpage/da6efd086c099b7fc949121166f0130c,PUBLICATION_DATE_EXPLICIT,2026-01-29,,,CXHL2400083,1,已纳入,COMPLETE,a62461efb5360333797abf95e40b8fae,600276.SH,EXACT_APPLICANT_TOKEN_IN_OFFICIAL_MULTI_APPLICANT_FIELD,DELIMITED_APPLICANT_TOKEN_EXACT,江苏恒瑞医药股份有限公司,"{""affiliate_inference_used"": false, ""mapping_match_mode"": ""DELIMITED_APPLICANT_TOKEN_EXACT"", ""matched_applicant_token"": ""江苏恒瑞医药股份有限公司"", ""official_applicant_field"": ""江苏恒瑞医药股份有限公司;江苏恒瑞医药股份有限公司"", ""registry_evidence"": {""listed_issuer_legal_name"": ""江苏恒瑞医药股份有限公司"", ""security_code"": ""600276"", ""security_short_name"": ""恒瑞医药"", ""source_document_date"": ""2026-04-17"", ""source_kind"": ""SSE_OFFICIAL_ISSUER_DISCLOSURE"", ""source_url"": ""https://www.sse.com.cn/disclosure/listedinfo/announcement/c/new/2026-04-17/600276_20260417_XMOL.pdf""}, ""substring_matching_used"": false}"
纳入突破性治疗品种名单,official:e1e9a2e76ac75e028b2f9b9469ee7966,上海恒瑞医药有限公司;江苏恒瑞医药股份有限公司;苏州盛迪亚生物医药有限公司,注射用SHR-A1811,HER2（ERBB2）激活突变的局部晚期或转移性非小细胞肺癌患者的一线治疗,https://www.cde.org.cn/main/xxgk/listpage/da6efd086c099b7fc949121166f0130c,PUBLICATION_DATE_EXPLICIT,2026-02-03,,,CXSL2000087,1,已纳入,COMPLETE,e1e9a2e76ac75e028b2f9b9469ee7966,600276.SH,EXACT_APPLICANT_TOKEN_IN_OFFICIAL_MULTI_APPLICANT_FIELD,DELIMITED_APPLICANT_TOKEN_EXACT,江苏恒瑞医药股份有限公司,"{""affiliate_inference_used"": false, ""mapping_match_mode"": ""DELIMITED_APPLICANT_TOKEN_EXACT"", ""matched_applicant_token"": ""江苏恒瑞医药股份有限公司"", ""official_applicant_field"": ""上海恒瑞医药有限公司;江苏恒瑞医药股份有限公司;苏州盛迪亚生物医药有限公司"", ""registry_evidence"": {""listed_issuer_legal_name"": ""江苏恒瑞医药股份有限公司"", ""security_code"": ""600276"", ""security_short_name"": ""恒瑞医药"", ""source_document_date"": ""2026-04-17"", ""source_kind"": ""SSE_OFFICIAL_ISSUER_DISCLOSURE"", ""source_url"": ""https://www.sse.com.cn/disclosure/listedinfo/announcement/c/new/2026-04-17/600276_20260417_XMOL.pdf""}, ""substring_matching_used"": false}"
附条件批准品种,conditional:3ee51f907d66de8c43862a3b14133e6e66421afc6c8a829b6b4653a8250309c6,江苏恒瑞医药股份有限公司,氟唑帕利胶囊,适用于既往经过二线及以上化疗的伴有胚系BRCA突变(gBRCAm)的铂敏感复发性卵巢癌、输卵管癌或原发性腹膜癌患者的治疗。,https://www.cde.org.cn/main/xxgk/listpage/c8d79e513a6df98adf05893281ace198,OFFICIAL_APPROVAL_DATE_EXPLICIT,,2020-12-11,,,,已常规批准,COMPLETE,,600276.SH,EXACT_LISTED_ISSUER_LEGAL_NAME,WHOLE_FIELD_EXACT,江苏恒瑞医药股份有限公司,"{""affiliate_inference_used"": false, ""mapping_match_mode"": ""WHOLE_FIELD_EXACT"", ""matched_applicant_token"": ""江苏恒瑞医药股份有限公司"", ""official_applicant_field"": ""江苏恒瑞医药股份有限公司"", ""registry_evidence"": {""listed_issuer_legal_name"": ""江苏恒瑞医药股份有限公司"", ""security_code"": ""600276"", ""security_short_name"": ""恒瑞医药"", ""source_document_date"": ""2026-04-17"", ""source_kind"": ""SSE_OFFICIAL_ISSUER_DISCLOSURE"", ""source_url"": ""https://www.sse.com.cn/disclosure/listedinfo/announcement/c/new/2026-04-17/600276_20260417_XMOL.pdf""}, ""substring_matching_used"": false}"
附条件批准品种,conditional:920ca118dabf88eb4779c4b14456f519ab6db64309b6fdd06b5e70011ba80cba,江苏恒瑞医药股份有限公司,海曲泊帕乙醇胺片,本品适用于对免疫抑制治疗（IST）疗效不佳的重型再生障碍性贫血（SAA）成人患者。,https://www.cde.org.cn/main/xxgk/listpage/c8d79e513a6df98adf05893281ace198,OFFICIAL_APPROVAL_DATE_EXPLICIT,,2021-06-16,,,,已常规批准,COMPLETE,,600276.SH,EXACT_LISTED_ISSUER_LEGAL_NAME,WHOLE_FIELD_EXACT,江苏恒瑞医药股份有限公司,"{""affiliate_inference_used"": false, ""mapping_match_mode"": ""WHOLE_FIELD_EXACT"", ""matched_applicant_token"": ""江苏恒瑞医药股份有限公司"", ""official_applicant_field"": ""江苏恒瑞医药股份有限公司"", ""registry_evidence"": {""listed_issuer_legal_name"": ""江苏恒瑞医药股份有限公司"", ""security_code"": ""600276"", ""security_short_name"": ""恒瑞医药"", ""source_document_date"": ""2026-04-17"", ""source_kind"": ""SSE_OFFICIAL_ISSUER_DISCLOSURE"", ""source_url"": ""https://www.sse.com.cn/disclosure/listedinfo/announcement/c/new/2026-04-17/600276_20260417_XMOL.pdf""}, ""substring_matching_used"": false}"
附条件批准品种,conditional:c08c62687989c51925a278706f3005dc19ddd5bc8689cb0864914b6a0375a106,江苏恒瑞医药股份有限公司,马来酸吡咯替尼片,本品与曲妥珠单抗和多西他赛联合，用于表皮生长因子受体2（HER2）阳性早期或局部晚期乳腺癌患者的新辅助治疗。,https://www.cde.org.cn/main/xxgk/listpage/c8d79e513a6df98adf05893281ace198,OFFICIAL_APPROVAL_DATE_EXPLICIT,,2022-05-31,,,,所附条件研究进行中,COMPLETE,,600276.SH,EXACT_LISTED_ISSUER_LEGAL_NAME,WHOLE_FIELD_EXACT,江苏恒瑞医药股份有限公司,"{""affiliate_inference_used"": false, ""mapping_match_mode"": ""WHOLE_FIELD_EXACT"", ""matched_applicant_token"": ""江苏恒瑞医药股份有限公司"", ""official_applicant_field"": ""江苏恒瑞医药股份有限公司"", ""registry_evidence"": {""listed_issuer_legal_name"": ""江苏恒瑞医药股份有限公司"", ""security_code"": ""600276"", ""security_short_name"": ""恒瑞医药"", ""source_document_date"": ""2026-04-17"", ""source_kind"": ""SSE_OFFICIAL_ISSUER_DISCLOSURE"", ""source_url"": ""https://www.sse.com.cn/disclosure/listedinfo/announcement/c/new/2026-04-17/600276_20260417_XMOL.pdf""}, ""substring_matching_used"": false}"
附条件批准品种,conditional:21f85b306ead51fb1e5e867e26362c414e4144e8a8f3f36360aaf88ce898184e,江苏恒瑞医药股份有限公司,瑞维鲁胺片,本品适用于治疗高瘤负荷的转移性激素敏感性前列腺癌（mHSPC）患者。,https://www.cde.org.cn/main/xxgk/listpage/c8d79e513a6df98adf05893281ace198,OFFICIAL_APPROVAL_DATE_EXPLICIT,,2022-06-28,,,,已常规批准,COMPLETE,,600276.SH,EXACT_LISTED_ISSUER_LEGAL_NAME,WHOLE_FIELD_EXACT,江苏恒瑞医药股份有限公司,"{""affiliate_inference_used"": false, ""mapping_match_mode"": ""WHOLE_FIELD_EXACT"", ""matched_applicant_token"": ""江苏恒瑞医药股份有限公司"", ""official_applicant_field"": ""江苏恒瑞医药股份有限公司"", ""registry_evidence"": {""listed_issuer_legal_name"": ""江苏恒瑞医药股份有限公司"", ""security_code"": ""600276"", ""security_short_name"": ""恒瑞医药"", ""source_document_date"": ""2026-04-17"", ""source_kind"": ""SSE_OFFICIAL_ISSUER_DISCLOSURE"", ""source_url"": ""https://www.sse.com.cn/disclosure/listedinfo/announcement/c/new/2026-04-17/600276_20260417_XMOL.pdf""}, ""substring_matching_used"": false}"
附条件批准品种,conditional:a77314703d329467971b1fc206ab815980edb954bdbbf2fc9665defae3f00660,江苏恒瑞医药股份有限公司,苹果酸法米替尼胶囊,本品联合注射用卡瑞利珠单抗用于既往接受含铂化疗治疗失败但未接受过贝伐珠单抗治疗的复发或转移性宫颈癌患者。,https://www.cde.org.cn/main/xxgk/listpage/c8d79e513a6df98adf05893281ace198,OFFICIAL_APPROVAL_DATE_EXPLICIT,,2025-05-27,,,,已申报补充申请,COMPLETE,,600276.SH,EXACT_LISTED_ISSUER_LEGAL_NAME,WHOLE_FIELD_EXACT,江苏恒瑞医药股份有限公司,"{""affiliate_inference_used"": false, ""mapping_match_mode"": ""WHOLE_FIELD_EXACT"", ""matched_applicant_token"": ""江苏恒瑞医药股份有限公司"", ""official_applicant_field"": ""江苏恒瑞医药股份有限公司"", ""registry_evidence"": {""listed_issuer_legal_name"": ""江苏恒瑞医药股份有限公司"", ""security_code"": ""600276"", ""security_short_name"": ""恒瑞医药"", ""source_document_date"": ""2026-04-17"", ""source_kind"": ""SSE_OFFICIAL_ISSUER_DISCLOSURE"", ""source_url"": ""https://www.sse.com.cn/disclosure/listedinfo/announcement/c/new/2026-04-17/600276_20260417_XMOL.pdf""}, ""substring_matching_used"": false}"
附条件批准品种,conditional:2ecc74c68825d06832a09690e1fb4c3e77af9c042d5dea599116858a4bc56bec,江苏恒瑞医药股份有限公司,泽美妥司他片,本品用于既往接受过至少1线系统性治疗的复发或难治外周T细胞淋巴瘤成人患者。,https://www.cde.org.cn/main/xxgk/listpage/c8d79e513a6df98adf05893281ace198,OFFICIAL_APPROVAL_DATE_EXPLICIT,,2025-08-26,,,,所附条件研究进行中,COMPLETE,,600276.SH,EXACT_LISTED_ISSUER_LEGAL_NAME,WHOLE_FIELD_EXACT,江苏恒瑞医药股份有限公司,"{""affiliate_inference_used"": false, ""mapping_match_mode"": ""WHOLE_FIELD_EXACT"", ""matched_applicant_token"": ""江苏恒瑞医药股份有限公司"", ""official_applicant_field"": ""江苏恒瑞医药股份有限公司"", ""registry_evidence"": {""listed_issuer_legal_name"": ""江苏恒瑞医药股份有限公司"", ""security_code"": ""600276"", ""security_short_name"": ""恒瑞医药"", ""source_document_date"": ""2026-04-17"", ""source_kind"": ""SSE_OFFICIAL_ISSUER_DISCLOSURE"", ""source_url"": ""https://www.sse.com.cn/disclosure/listedinfo/announcement/c/new/2026-04-17/600276_20260417_XMOL.pdf""}, ""substring_matching_used"": false}"
