event_id,entity_id,domain_id,event_family,event_type,event_date,evidence_available_date,source_identity,provider,document_id,revision_id,title,source_url_identity,classification_basis,provenance,ingestion_identity,availability_state,direction_classified,predictive_weight_assigned,outcome_read,membership_effective_start,membership_effective_end,membership_source_scope,membership_source_identity,membership_source_reference,pit_member_at_evidence_available_date
idkpi:454dd41c1ae3860b51be1c50b99df82729e81892a65af1346363abe7d69a337d,600276.SH,INNOVATION_DRUG,CLINICAL_REGULATORY,CDE_PRIORITY_REVIEW_INCLUDED,2019-05-31,2019-06-03,NMPA_CDE_PUBLISHED_NOTICE_ARCHIVE,NMPA_OR_CDE,official:f2fc8a9ab6d519ad998ef4be8604f106,OFFICIAL_SNAPSHOT:official:f2fc8a9ab6d519ad998ef4be8604f106,纳入优先审评品种名单:注射用卡瑞利珠单抗:本品用于既往接受过标准系统性治疗（索拉非尼和/或以奥沙利铂为主的系统化疗）后疾病进展或不耐受的晚期肝细胞癌患者的治疗。,https://www.cde.org.cn/main/xxgk/listpage/2f78f372d351c6851af7431c7710a731,OFFICIAL_CDE_CATEGORY_NO_DIRECTION,"{""applicant"": ""江苏恒瑞医药股份有限公司"", ""approval_date"": null, ""availability_basis"": ""PUBLICATION_DATE_EXPLICIT"", ""availability_rule"": ""DATE_ONLY_NEXT_TRADE_DATE"", ""category"": ""纳入优先审评品种名单"", ""date_only_source_timestamp_delayed_to_next_real_trading_date"": true, ""direction_classified"": false, ""drug_name"": ""注射用卡瑞利珠单抗"", ""entity_mapping_basis"": ""EXACT_LISTED_ISSUER_LEGAL_NAME"", ""first_observed_snapshot_only"": false, ""forward_or_historical_outcome_read"": false, ""historical_reconstruction_allowed"": true, ""indication"": ""本品用于既往接受过标准系统性治疗（索拉非尼和/或以奥沙利铂为主的系统化疗）后疾病进展或不耐受的晚期肝细胞癌患者的治疗。"", ""official_source_url"": ""https://www.cde.org.cn/main/xxgk/listpage/2f78f372d351c6851af7431c7710a731"", ""predictive_weight_assigned"": false, ""publication_date"": ""2019-05-31"", ""snapshot_captured_at"": null, ""source_identity"": ""NMPA_CDE_PUBLISHED_NOTICE_ARCHIVE""}",454dd41c1ae3860b51be1c50b99df82729e81892a65af1346363abe7d69a337d,HISTORICAL_RECONSTRUCTABLE,False,False,False,2019-04-22,2023-12-31,DESIGN_2019_2023_QUALIFIED,VERSIONED_QUALIFIED_DESIGN_UNIVERSE,data/reference/sector_931152_design_universe.csv,True
idkpi:86e9cca678d02f49a5ae608f4afb187573d9517752c3bb3e1d5eacf504c4eca2,300357.SZ,INNOVATION_DRUG,CLINICAL_REGULATORY,CDE_PRIORITY_REVIEW_INCLUDED,2019-08-05,2019-08-06,NMPA_CDE_PUBLISHED_NOTICE_ARCHIVE,NMPA_OR_CDE,official:2fbbd647a535f23a2e3d56199c7d3619,OFFICIAL_SNAPSHOT:official:2fbbd647a535f23a2e3d56199c7d3619,纳入优先审评品种名单:黄花蒿花粉变应原舌下滴剂:用于蒿属花粉过敏引起的变应性鼻炎（合并或不合并结膜炎、哮喘）的脱敏治疗,https://www.cde.org.cn/main/xxgk/listpage/2f78f372d351c6851af7431c7710a731,OFFICIAL_CDE_CATEGORY_NO_DIRECTION,"{""applicant"": ""浙江我武生物科技股份有限公司"", ""approval_date"": null, ""availability_basis"": ""PUBLICATION_DATE_EXPLICIT"", ""availability_rule"": ""DATE_ONLY_NEXT_TRADE_DATE"", ""category"": ""纳入优先审评品种名单"", ""date_only_source_timestamp_delayed_to_next_real_trading_date"": true, ""direction_classified"": false, ""drug_name"": ""黄花蒿花粉变应原舌下滴剂"", ""entity_mapping_basis"": ""EXACT_LISTED_ISSUER_LEGAL_NAME"", ""first_observed_snapshot_only"": false, ""forward_or_historical_outcome_read"": false, ""historical_reconstruction_allowed"": true, ""indication"": ""用于蒿属花粉过敏引起的变应性鼻炎（合并或不合并结膜炎、哮喘）的脱敏治疗"", ""official_source_url"": ""https://www.cde.org.cn/main/xxgk/listpage/2f78f372d351c6851af7431c7710a731"", ""predictive_weight_assigned"": false, ""publication_date"": ""2019-08-05"", ""snapshot_captured_at"": null, ""source_identity"": ""NMPA_CDE_PUBLISHED_NOTICE_ARCHIVE""}",86e9cca678d02f49a5ae608f4afb187573d9517752c3bb3e1d5eacf504c4eca2,HISTORICAL_RECONSTRUCTABLE,False,False,False,2019-04-22,2023-12-31,DESIGN_2019_2023_QUALIFIED,VERSIONED_QUALIFIED_DESIGN_UNIVERSE,data/reference/sector_931152_design_universe.csv,True
idkpi:16b299a5cb5c4f6c796b3fcc9383d5247de1588a100130687a740a94be159e77,600276.SH,INNOVATION_DRUG,CLINICAL_REGULATORY,CDE_PRIORITY_REVIEW_INCLUDED,2019-08-05,2019-08-06,NMPA_CDE_PUBLISHED_NOTICE_ARCHIVE,NMPA_OR_CDE,official:952d050dd358172f0c94db59a4375a85,OFFICIAL_SNAPSHOT:official:952d050dd358172f0c94db59a4375a85,纳入优先审评品种名单:注射用甲苯磺酸瑞马唑仑:结肠镜检查时的镇静。,https://www.cde.org.cn/main/xxgk/listpage/2f78f372d351c6851af7431c7710a731,OFFICIAL_CDE_CATEGORY_NO_DIRECTION,"{""applicant"": ""江苏恒瑞医药股份有限公司"", ""approval_date"": null, ""availability_basis"": ""PUBLICATION_DATE_EXPLICIT"", ""availability_rule"": ""DATE_ONLY_NEXT_TRADE_DATE"", ""category"": ""纳入优先审评品种名单"", ""date_only_source_timestamp_delayed_to_next_real_trading_date"": true, ""direction_classified"": false, ""drug_name"": ""注射用甲苯磺酸瑞马唑仑"", ""entity_mapping_basis"": ""EXACT_LISTED_ISSUER_LEGAL_NAME"", ""first_observed_snapshot_only"": false, ""forward_or_historical_outcome_read"": false, ""historical_reconstruction_allowed"": true, ""indication"": ""结肠镜检查时的镇静。"", ""official_source_url"": ""https://www.cde.org.cn/main/xxgk/listpage/2f78f372d351c6851af7431c7710a731"", ""predictive_weight_assigned"": false, ""publication_date"": ""2019-08-05"", ""snapshot_captured_at"": null, ""source_identity"": ""NMPA_CDE_PUBLISHED_NOTICE_ARCHIVE""}",16b299a5cb5c4f6c796b3fcc9383d5247de1588a100130687a740a94be159e77,HISTORICAL_RECONSTRUCTABLE,False,False,False,2019-04-22,2023-12-31,DESIGN_2019_2023_QUALIFIED,VERSIONED_QUALIFIED_DESIGN_UNIVERSE,data/reference/sector_931152_design_universe.csv,True
idkpi:3f5a8f3fb954f7f77e3b66f6738b6b5f70acedc0ed06ec8fd115c0130e99f0e7,600276.SH,INNOVATION_DRUG,CLINICAL_REGULATORY,CDE_PRIORITY_REVIEW_INCLUDED,2019-09-03,2019-09-04,NMPA_CDE_PUBLISHED_NOTICE_ARCHIVE,NMPA_OR_CDE,official:42b869de769d344c436e7b0a69572157,OFFICIAL_SNAPSHOT:official:42b869de769d344c436e7b0a69572157,"纳入优先审评品种名单:托伐普坦片:1.低钠血症 用于治疗临床上明显的高容量性和正常容量性低钠血症(血清钠浓度小于125mEq/L,或低钠血症不明显但有症状并且限液治疗效果不佳),包括伴有心力衰竭.肝硬化以及抗利尿激素分泌异常综合征(SIADH)的患者. 重要限制事项 需要紧急升高血钠以预防或治疗严重神经系统症状的患者不应使用本品进行治疗. 尚未确定使用本品使血清钠浓度升高后对症状改善的益处. 2.心力衰竭引起的体液潴留 用于袢利尿剂等其他利尿剂治疗效果不理想的心力衰竭引起的体液潴留. 本品可与其他利尿剂（袢利尿剂.噻嗪类利尿剂.抗醛固酮制剂）合并应用.但没有与人心房利钠肽（hANP）合并应用的经验.",https://www.cde.org.cn/main/xxgk/listpage/2f78f372d351c6851af7431c7710a731,OFFICIAL_CDE_CATEGORY_NO_DIRECTION,"{""applicant"": ""江苏恒瑞医药股份有限公司"", ""approval_date"": null, ""availability_basis"": ""PUBLICATION_DATE_EXPLICIT"", ""availability_rule"": ""DATE_ONLY_NEXT_TRADE_DATE"", ""category"": ""纳入优先审评品种名单"", ""date_only_source_timestamp_delayed_to_next_real_trading_date"": true, ""direction_classified"": false, ""drug_name"": ""托伐普坦片"", ""entity_mapping_basis"": ""EXACT_LISTED_ISSUER_LEGAL_NAME"", ""first_observed_snapshot_only"": false, ""forward_or_historical_outcome_read"": false, ""historical_reconstruction_allowed"": true, ""indication"": ""1.低钠血症 用于治疗临床上明显的高容量性和正常容量性低钠血症(血清钠浓度小于125mEq/L,或低钠血症不明显但有症状并且限液治疗效果不佳),包括伴有心力衰竭.肝硬化以及抗利尿激素分泌异常综合征(SIADH)的患者. 重要限制事项 需要紧急升高血钠以预防或治疗严重神经系统症状的患者不应使用本品进行治疗. 尚未确定使用本品使血清钠浓度升高后对症状改善的益处. 2.心力衰竭引起的体液潴留 用于袢利尿剂等其他利尿剂治疗效果不理想的心力衰竭引起的体液潴留. 本品可与其他利尿剂（袢利尿剂.噻嗪类利尿剂.抗醛固酮制剂）合并应用.但没有与人心房利钠肽（hANP）合并应用的经验."", ""official_source_url"": ""https://www.cde.org.cn/main/xxgk/listpage/2f78f372d351c6851af7431c7710a731"", ""predictive_weight_assigned"": false, ""publication_date"": ""2019-09-03"", ""snapshot_captured_at"": null, ""source_identity"": ""NMPA_CDE_PUBLISHED_NOTICE_ARCHIVE""}",3f5a8f3fb954f7f77e3b66f6738b6b5f70acedc0ed06ec8fd115c0130e99f0e7,HISTORICAL_RECONSTRUCTABLE,False,False,False,2019-04-22,2023-12-31,DESIGN_2019_2023_QUALIFIED,VERSIONED_QUALIFIED_DESIGN_UNIVERSE,data/reference/sector_931152_design_universe.csv,True
idkpi:e79adcde24f598a16cf2571245c7ceb78d9d494695f49458317109f1df388b13,600276.SH,INNOVATION_DRUG,CLINICAL_REGULATORY,CDE_PRIORITY_REVIEW_INCLUDED,2019-09-03,2019-09-04,NMPA_CDE_PUBLISHED_NOTICE_ARCHIVE,NMPA_OR_CDE,official:4c35ccb1aff1f22c1866eb9334795a53,OFFICIAL_SNAPSHOT:official:4c35ccb1aff1f22c1866eb9334795a53,"纳入优先审评品种名单:托伐普坦片:1.低钠血症 用于治疗临床上明显的高容量性和正常容量性低钠血症(血清钠浓度小于125mEq/L,或低钠血症不明显但有症状并且限液治疗效果不佳),包括伴有心力衰竭.肝硬化以及抗利尿激素分泌异常综合征(SIADH)的患者. 重要限制事项 需要紧急升高血钠以预防或治疗严重神经系统症状的患者不应使用本品进行治疗. 尚未确定使用本品使血清钠浓度升高后对症状改善的益处. 2.心力衰竭引起的体液潴留 用于袢利尿剂等其他利尿剂治疗效果不理想的心力衰竭引起的体液潴留. 本品可与其他利尿剂（袢利尿剂.噻嗪类利尿剂.抗醛固酮制剂）合并应用.但没有与人心房利钠肽（hANP）合并应用的经验.",https://www.cde.org.cn/main/xxgk/listpage/2f78f372d351c6851af7431c7710a731,OFFICIAL_CDE_CATEGORY_NO_DIRECTION,"{""applicant"": ""江苏恒瑞医药股份有限公司"", ""approval_date"": null, ""availability_basis"": ""PUBLICATION_DATE_EXPLICIT"", ""availability_rule"": ""DATE_ONLY_NEXT_TRADE_DATE"", ""category"": ""纳入优先审评品种名单"", ""date_only_source_timestamp_delayed_to_next_real_trading_date"": true, ""direction_classified"": false, ""drug_name"": ""托伐普坦片"", ""entity_mapping_basis"": ""EXACT_LISTED_ISSUER_LEGAL_NAME"", ""first_observed_snapshot_only"": false, ""forward_or_historical_outcome_read"": false, ""historical_reconstruction_allowed"": true, ""indication"": ""1.低钠血症 用于治疗临床上明显的高容量性和正常容量性低钠血症(血清钠浓度小于125mEq/L,或低钠血症不明显但有症状并且限液治疗效果不佳),包括伴有心力衰竭.肝硬化以及抗利尿激素分泌异常综合征(SIADH)的患者. 重要限制事项 需要紧急升高血钠以预防或治疗严重神经系统症状的患者不应使用本品进行治疗. 尚未确定使用本品使血清钠浓度升高后对症状改善的益处. 2.心力衰竭引起的体液潴留 用于袢利尿剂等其他利尿剂治疗效果不理想的心力衰竭引起的体液潴留. 本品可与其他利尿剂（袢利尿剂.噻嗪类利尿剂.抗醛固酮制剂）合并应用.但没有与人心房利钠肽（hANP）合并应用的经验."", ""official_source_url"": ""https://www.cde.org.cn/main/xxgk/listpage/2f78f372d351c6851af7431c7710a731"", ""predictive_weight_assigned"": false, ""publication_date"": ""2019-09-03"", ""snapshot_captured_at"": null, ""source_identity"": ""NMPA_CDE_PUBLISHED_NOTICE_ARCHIVE""}",e79adcde24f598a16cf2571245c7ceb78d9d494695f49458317109f1df388b13,HISTORICAL_RECONSTRUCTABLE,False,False,False,2019-04-22,2023-12-31,DESIGN_2019_2023_QUALIFIED,VERSIONED_QUALIFIED_DESIGN_UNIVERSE,data/reference/sector_931152_design_universe.csv,True
idkpi:191ac1460aea75babb9de5dc2db24c684db199bab09e8cbbb7dd03be79bcb353,300347.SZ,INNOVATION_DRUG,CLINICAL_REGULATORY,CDE_PRIORITY_REVIEW_INCLUDED,2019-09-16,2019-09-17,NMPA_CDE_PUBLISHED_NOTICE_ARCHIVE,NMPA_OR_CDE,official:5aeb60ee8da21bf5f38604169889cc6e,OFFICIAL_SNAPSHOT:official:5aeb60ee8da21bf5f38604169889cc6e,纳入优先审评品种名单:注射用重组人凝血因子VIII:A型血友病,https://www.cde.org.cn/main/xxgk/listpage/2f78f372d351c6851af7431c7710a731,OFFICIAL_CDE_CATEGORY_NO_DIRECTION,"{""applicant"": ""杭州泰格医药科技股份有限公司"", ""approval_date"": null, ""availability_basis"": ""PUBLICATION_DATE_EXPLICIT"", ""availability_rule"": ""DATE_ONLY_NEXT_TRADE_DATE"", ""category"": ""纳入优先审评品种名单"", ""date_only_source_timestamp_delayed_to_next_real_trading_date"": true, ""direction_classified"": false, ""drug_name"": ""注射用重组人凝血因子VIII"", ""entity_mapping_basis"": ""EXACT_LISTED_ISSUER_LEGAL_NAME"", ""first_observed_snapshot_only"": false, ""forward_or_historical_outcome_read"": false, ""historical_reconstruction_allowed"": true, ""indication"": ""A型血友病"", ""official_source_url"": ""https://www.cde.org.cn/main/xxgk/listpage/2f78f372d351c6851af7431c7710a731"", ""predictive_weight_assigned"": false, ""publication_date"": ""2019-09-16"", ""snapshot_captured_at"": null, ""source_identity"": ""NMPA_CDE_PUBLISHED_NOTICE_ARCHIVE""}",191ac1460aea75babb9de5dc2db24c684db199bab09e8cbbb7dd03be79bcb353,HISTORICAL_RECONSTRUCTABLE,False,False,False,2019-04-22,2023-12-31,DESIGN_2019_2023_QUALIFIED,VERSIONED_QUALIFIED_DESIGN_UNIVERSE,data/reference/sector_931152_design_universe.csv,True
idkpi:f7a5361ba94f3cfa8710eefe7ebf27cafa595f72f6f5183746680ce734402f83,300347.SZ,INNOVATION_DRUG,CLINICAL_REGULATORY,CDE_PRIORITY_REVIEW_INCLUDED,2019-09-16,2019-09-17,NMPA_CDE_PUBLISHED_NOTICE_ARCHIVE,NMPA_OR_CDE,official:8a95f1b60f757a62e528e032728491dc,OFFICIAL_SNAPSHOT:official:8a95f1b60f757a62e528e032728491dc,纳入优先审评品种名单:注射用重组人凝血因子VIII:A型血友病,https://www.cde.org.cn/main/xxgk/listpage/2f78f372d351c6851af7431c7710a731,OFFICIAL_CDE_CATEGORY_NO_DIRECTION,"{""applicant"": ""杭州泰格医药科技股份有限公司"", ""approval_date"": null, ""availability_basis"": ""PUBLICATION_DATE_EXPLICIT"", ""availability_rule"": ""DATE_ONLY_NEXT_TRADE_DATE"", ""category"": ""纳入优先审评品种名单"", ""date_only_source_timestamp_delayed_to_next_real_trading_date"": true, ""direction_classified"": false, ""drug_name"": ""注射用重组人凝血因子VIII"", ""entity_mapping_basis"": ""EXACT_LISTED_ISSUER_LEGAL_NAME"", ""first_observed_snapshot_only"": false, ""forward_or_historical_outcome_read"": false, ""historical_reconstruction_allowed"": true, ""indication"": ""A型血友病"", ""official_source_url"": ""https://www.cde.org.cn/main/xxgk/listpage/2f78f372d351c6851af7431c7710a731"", ""predictive_weight_assigned"": false, ""publication_date"": ""2019-09-16"", ""snapshot_captured_at"": null, ""source_identity"": ""NMPA_CDE_PUBLISHED_NOTICE_ARCHIVE""}",f7a5361ba94f3cfa8710eefe7ebf27cafa595f72f6f5183746680ce734402f83,HISTORICAL_RECONSTRUCTABLE,False,False,False,2019-04-22,2023-12-31,DESIGN_2019_2023_QUALIFIED,VERSIONED_QUALIFIED_DESIGN_UNIVERSE,data/reference/sector_931152_design_universe.csv,True
idkpi:39ebf90f7443fa32fff11c409fdb7a770f85a44c6b05f27c20408bafb2e7417d,600276.SH,INNOVATION_DRUG,CLINICAL_REGULATORY,CDE_PRIORITY_REVIEW_INCLUDED,2019-09-26,2019-09-27,NMPA_CDE_PUBLISHED_NOTICE_ARCHIVE,NMPA_OR_CDE,official:3a81ceda1ddbd9a2c34cbc39a35b9b83,OFFICIAL_SNAPSHOT:official:3a81ceda1ddbd9a2c34cbc39a35b9b83,纳入优先审评品种名单:注射用卡瑞利珠单抗:本品用于既往接受过一线标准化疗后疾病进展或不可耐受的局部晚期或转移性食管鳞癌患者的治疗。,https://www.cde.org.cn/main/xxgk/listpage/2f78f372d351c6851af7431c7710a731,OFFICIAL_CDE_CATEGORY_NO_DIRECTION,"{""applicant"": ""江苏恒瑞医药股份有限公司"", ""approval_date"": null, ""availability_basis"": ""PUBLICATION_DATE_EXPLICIT"", ""availability_rule"": ""DATE_ONLY_NEXT_TRADE_DATE"", ""category"": ""纳入优先审评品种名单"", ""date_only_source_timestamp_delayed_to_next_real_trading_date"": true, ""direction_classified"": false, ""drug_name"": ""注射用卡瑞利珠单抗"", ""entity_mapping_basis"": ""EXACT_LISTED_ISSUER_LEGAL_NAME"", ""first_observed_snapshot_only"": false, ""forward_or_historical_outcome_read"": false, ""historical_reconstruction_allowed"": true, ""indication"": ""本品用于既往接受过一线标准化疗后疾病进展或不可耐受的局部晚期或转移性食管鳞癌患者的治疗。"", ""official_source_url"": ""https://www.cde.org.cn/main/xxgk/listpage/2f78f372d351c6851af7431c7710a731"", ""predictive_weight_assigned"": false, ""publication_date"": ""2019-09-26"", ""snapshot_captured_at"": null, ""source_identity"": ""NMPA_CDE_PUBLISHED_NOTICE_ARCHIVE""}",39ebf90f7443fa32fff11c409fdb7a770f85a44c6b05f27c20408bafb2e7417d,HISTORICAL_RECONSTRUCTABLE,False,False,False,2019-04-22,2023-12-31,DESIGN_2019_2023_QUALIFIED,VERSIONED_QUALIFIED_DESIGN_UNIVERSE,data/reference/sector_931152_design_universe.csv,True
idkpi:d0243abec4170c7bff86c7bd0228385f190706d8754d4767a486d6226e4ca074,600276.SH,INNOVATION_DRUG,CLINICAL_REGULATORY,CDE_PRIORITY_REVIEW_INCLUDED,2019-09-26,2019-09-27,NMPA_CDE_PUBLISHED_NOTICE_ARCHIVE,NMPA_OR_CDE,official:63389fba8b74b2e3b57d7e55c253e8f4,OFFICIAL_SNAPSHOT:official:63389fba8b74b2e3b57d7e55c253e8f4,纳入优先审评品种名单:注射用卡瑞利珠单抗:本品与培美曲塞和卡铂联合，用于既往未接受过系统治疗的EGFR/ALK野生型的晚期或者转移性非鳞癌非小细胞肺癌的治疗。,https://www.cde.org.cn/main/xxgk/listpage/2f78f372d351c6851af7431c7710a731,OFFICIAL_CDE_CATEGORY_NO_DIRECTION,"{""applicant"": ""江苏恒瑞医药股份有限公司"", ""approval_date"": null, ""availability_basis"": ""PUBLICATION_DATE_EXPLICIT"", ""availability_rule"": ""DATE_ONLY_NEXT_TRADE_DATE"", ""category"": ""纳入优先审评品种名单"", ""date_only_source_timestamp_delayed_to_next_real_trading_date"": true, ""direction_classified"": false, ""drug_name"": ""注射用卡瑞利珠单抗"", ""entity_mapping_basis"": ""EXACT_LISTED_ISSUER_LEGAL_NAME"", ""first_observed_snapshot_only"": false, ""forward_or_historical_outcome_read"": false, ""historical_reconstruction_allowed"": true, ""indication"": ""本品与培美曲塞和卡铂联合，用于既往未接受过系统治疗的EGFR/ALK野生型的晚期或者转移性非鳞癌非小细胞肺癌的治疗。"", ""official_source_url"": ""https://www.cde.org.cn/main/xxgk/listpage/2f78f372d351c6851af7431c7710a731"", ""predictive_weight_assigned"": false, ""publication_date"": ""2019-09-26"", ""snapshot_captured_at"": null, ""source_identity"": ""NMPA_CDE_PUBLISHED_NOTICE_ARCHIVE""}",d0243abec4170c7bff86c7bd0228385f190706d8754d4767a486d6226e4ca074,HISTORICAL_RECONSTRUCTABLE,False,False,False,2019-04-22,2023-12-31,DESIGN_2019_2023_QUALIFIED,VERSIONED_QUALIFIED_DESIGN_UNIVERSE,data/reference/sector_931152_design_universe.csv,True
idkpi:0654f834cc17d636ce4b43506497b792775f2f335a3b6cf85836243f8859aa28,600521.SH,INNOVATION_DRUG,CLINICAL_REGULATORY,CDE_PRIORITY_REVIEW_INCLUDED,2019-09-29,2019-09-30,NMPA_CDE_PUBLISHED_NOTICE_ARCHIVE,NMPA_OR_CDE,official:3e759a030e9505e4627364508ccb9b42,OFFICIAL_SNAPSHOT:official:3e759a030e9505e4627364508ccb9b42,纳入优先审评品种名单:利伐沙班片:1.用于择期髋关节或膝关节置换手术成年患者，以预防静脉血栓形成（VTE）。 2.用于治疗成人深静脉血栓形成（DVT），降低急性DVT后DVT复发和肺栓塞（PE）的风险。 3.用于具有一种或多种危险因素（例如：充血性心力衰竭、高血压、年龄≥75岁、糖尿病、卒中或短暂性脑缺血发作病史）的非瓣膜性房颤成年患者，以降低卒中和全身性栓塞的风险。 在使用华法林治疗控制良好的条件下，与华法林相比，利伐沙班在降低卒中及全身性栓塞风险方面的相对有效性的数据有限。,https://www.cde.org.cn/main/xxgk/listpage/2f78f372d351c6851af7431c7710a731,OFFICIAL_CDE_CATEGORY_NO_DIRECTION,"{""applicant"": ""浙江华海药业股份有限公司"", ""approval_date"": null, ""availability_basis"": ""PUBLICATION_DATE_EXPLICIT"", ""availability_rule"": ""DATE_ONLY_NEXT_TRADE_DATE"", ""category"": ""纳入优先审评品种名单"", ""date_only_source_timestamp_delayed_to_next_real_trading_date"": true, ""direction_classified"": false, ""drug_name"": ""利伐沙班片"", ""entity_mapping_basis"": ""EXACT_LISTED_ISSUER_LEGAL_NAME"", ""first_observed_snapshot_only"": false, ""forward_or_historical_outcome_read"": false, ""historical_reconstruction_allowed"": true, ""indication"": ""1.用于择期髋关节或膝关节置换手术成年患者，以预防静脉血栓形成（VTE）。 2.用于治疗成人深静脉血栓形成（DVT），降低急性DVT后DVT复发和肺栓塞（PE）的风险。 3.用于具有一种或多种危险因素（例如：充血性心力衰竭、高血压、年龄≥75岁、糖尿病、卒中或短暂性脑缺血发作病史）的非瓣膜性房颤成年患者，以降低卒中和全身性栓塞的风险。 在使用华法林治疗控制良好的条件下，与华法林相比，利伐沙班在降低卒中及全身性栓塞风险方面的相对有效性的数据有限。"", ""official_source_url"": ""https://www.cde.org.cn/main/xxgk/listpage/2f78f372d351c6851af7431c7710a731"", ""predictive_weight_assigned"": false, ""publication_date"": ""2019-09-29"", ""snapshot_captured_at"": null, ""source_identity"": ""NMPA_CDE_PUBLISHED_NOTICE_ARCHIVE""}",0654f834cc17d636ce4b43506497b792775f2f335a3b6cf85836243f8859aa28,HISTORICAL_RECONSTRUCTABLE,False,False,False,2019-04-22,2019-12-15,DESIGN_2019_2023_QUALIFIED,VERSIONED_QUALIFIED_DESIGN_UNIVERSE,data/reference/sector_931152_design_universe.csv,True
idkpi:94653ce5e7b38200be08226c14efd8c5ec8646bb42a38e1757d2418e7d4c2546,600521.SH,INNOVATION_DRUG,CLINICAL_REGULATORY,CDE_PRIORITY_REVIEW_INCLUDED,2019-09-29,2019-09-30,NMPA_CDE_PUBLISHED_NOTICE_ARCHIVE,NMPA_OR_CDE,official:2782ac365dd8d3f6feca0ea49e8a22ae,OFFICIAL_SNAPSHOT:official:2782ac365dd8d3f6feca0ea49e8a22ae,纳入优先审评品种名单:利伐沙班片:1.用于择期髋关节或膝关节置换手术成年患者，以预防静脉血栓形成（VTE）。 2.用于治疗成人深静脉血栓形成（DVT），降低急性DVT后DVT复发和肺栓塞（PE）的风险。 3.用于具有一种或多种危险因素（例如：充血性心力衰竭、高血压、年龄≥75岁、糖尿病、卒中或短暂性脑缺血发作病史）的非瓣膜性房颤成年患者，以降低卒中和全身性栓塞的风险。 在使用华法林治疗控制良好的条件下，与华法林相比，利伐沙班在降低卒中及全身性栓塞风险方面的相对有效性的数据有限。,https://www.cde.org.cn/main/xxgk/listpage/2f78f372d351c6851af7431c7710a731,OFFICIAL_CDE_CATEGORY_NO_DIRECTION,"{""applicant"": ""浙江华海药业股份有限公司"", ""approval_date"": null, ""availability_basis"": ""PUBLICATION_DATE_EXPLICIT"", ""availability_rule"": ""DATE_ONLY_NEXT_TRADE_DATE"", ""category"": ""纳入优先审评品种名单"", ""date_only_source_timestamp_delayed_to_next_real_trading_date"": true, ""direction_classified"": false, ""drug_name"": ""利伐沙班片"", ""entity_mapping_basis"": ""EXACT_LISTED_ISSUER_LEGAL_NAME"", ""first_observed_snapshot_only"": false, ""forward_or_historical_outcome_read"": false, ""historical_reconstruction_allowed"": true, ""indication"": ""1.用于择期髋关节或膝关节置换手术成年患者，以预防静脉血栓形成（VTE）。 2.用于治疗成人深静脉血栓形成（DVT），降低急性DVT后DVT复发和肺栓塞（PE）的风险。 3.用于具有一种或多种危险因素（例如：充血性心力衰竭、高血压、年龄≥75岁、糖尿病、卒中或短暂性脑缺血发作病史）的非瓣膜性房颤成年患者，以降低卒中和全身性栓塞的风险。 在使用华法林治疗控制良好的条件下，与华法林相比，利伐沙班在降低卒中及全身性栓塞风险方面的相对有效性的数据有限。"", ""official_source_url"": ""https://www.cde.org.cn/main/xxgk/listpage/2f78f372d351c6851af7431c7710a731"", ""predictive_weight_assigned"": false, ""publication_date"": ""2019-09-29"", ""snapshot_captured_at"": null, ""source_identity"": ""NMPA_CDE_PUBLISHED_NOTICE_ARCHIVE""}",94653ce5e7b38200be08226c14efd8c5ec8646bb42a38e1757d2418e7d4c2546,HISTORICAL_RECONSTRUCTABLE,False,False,False,2019-04-22,2019-12-15,DESIGN_2019_2023_QUALIFIED,VERSIONED_QUALIFIED_DESIGN_UNIVERSE,data/reference/sector_931152_design_universe.csv,True
idkpi:d11a6eb4ee9657cc5021ddbfb8abc88f65c0479feed90c96489edeb55a4e9e74,600521.SH,INNOVATION_DRUG,CLINICAL_REGULATORY,CDE_PRIORITY_REVIEW_INCLUDED,2019-09-29,2019-09-30,NMPA_CDE_PUBLISHED_NOTICE_ARCHIVE,NMPA_OR_CDE,official:b25527ef71e1f3835bc4a64b09efe386,OFFICIAL_SNAPSHOT:official:b25527ef71e1f3835bc4a64b09efe386,纳入优先审评品种名单:利伐沙班片:1.用于择期髋关节或膝关节置换手术成年患者，以预防静脉血栓形成（VTE）。 2.用于治疗成人深静脉血栓形成（DVT），降低急性DVT后DVT复发和肺栓塞（PE）的风险。 3.用于具有一种或多种危险因素（例如：充血性心力衰竭、高血压、年龄≥75岁、糖尿病、卒中或短暂性脑缺血发作病史）的非瓣膜性房颤成年患者，以降低卒中和全身性栓塞的风险。 在使用华法林治疗控制良好的条件下，与华法林相比，利伐沙班在降低卒中及全身性栓塞风险方面的相对有效性的数据有限。,https://www.cde.org.cn/main/xxgk/listpage/2f78f372d351c6851af7431c7710a731,OFFICIAL_CDE_CATEGORY_NO_DIRECTION,"{""applicant"": ""浙江华海药业股份有限公司"", ""approval_date"": null, ""availability_basis"": ""PUBLICATION_DATE_EXPLICIT"", ""availability_rule"": ""DATE_ONLY_NEXT_TRADE_DATE"", ""category"": ""纳入优先审评品种名单"", ""date_only_source_timestamp_delayed_to_next_real_trading_date"": true, ""direction_classified"": false, ""drug_name"": ""利伐沙班片"", ""entity_mapping_basis"": ""EXACT_LISTED_ISSUER_LEGAL_NAME"", ""first_observed_snapshot_only"": false, ""forward_or_historical_outcome_read"": false, ""historical_reconstruction_allowed"": true, ""indication"": ""1.用于择期髋关节或膝关节置换手术成年患者，以预防静脉血栓形成（VTE）。 2.用于治疗成人深静脉血栓形成（DVT），降低急性DVT后DVT复发和肺栓塞（PE）的风险。 3.用于具有一种或多种危险因素（例如：充血性心力衰竭、高血压、年龄≥75岁、糖尿病、卒中或短暂性脑缺血发作病史）的非瓣膜性房颤成年患者，以降低卒中和全身性栓塞的风险。 在使用华法林治疗控制良好的条件下，与华法林相比，利伐沙班在降低卒中及全身性栓塞风险方面的相对有效性的数据有限。"", ""official_source_url"": ""https://www.cde.org.cn/main/xxgk/listpage/2f78f372d351c6851af7431c7710a731"", ""predictive_weight_assigned"": false, ""publication_date"": ""2019-09-29"", ""snapshot_captured_at"": null, ""source_identity"": ""NMPA_CDE_PUBLISHED_NOTICE_ARCHIVE""}",d11a6eb4ee9657cc5021ddbfb8abc88f65c0479feed90c96489edeb55a4e9e74,HISTORICAL_RECONSTRUCTABLE,False,False,False,2019-04-22,2019-12-15,DESIGN_2019_2023_QUALIFIED,VERSIONED_QUALIFIED_DESIGN_UNIVERSE,data/reference/sector_931152_design_universe.csv,True
idkpi:85d39cbb80b359e6c04f050187d7292f36bfe374ddf6ae14db8cac86f4138623,600276.SH,INNOVATION_DRUG,CLINICAL_REGULATORY,CDE_PRIORITY_REVIEW_INCLUDED,2019-12-05,2019-12-06,NMPA_CDE_PUBLISHED_NOTICE_ARCHIVE,NMPA_OR_CDE,official:0b5445291a230aba64e1e3ab1819f862,OFFICIAL_SNAPSHOT:official:0b5445291a230aba64e1e3ab1819f862,纳入优先审评品种名单:氟唑帕利胶囊:本品适用于治疗既往经过二线及以上化疗的伴有BRCA1/2致病性或疑似致病性突变的复发性卵巢癌。,https://www.cde.org.cn/main/xxgk/listpage/2f78f372d351c6851af7431c7710a731,OFFICIAL_CDE_CATEGORY_NO_DIRECTION,"{""applicant"": ""江苏恒瑞医药股份有限公司"", ""approval_date"": null, ""availability_basis"": ""PUBLICATION_DATE_EXPLICIT"", ""availability_rule"": ""DATE_ONLY_NEXT_TRADE_DATE"", ""category"": ""纳入优先审评品种名单"", ""date_only_source_timestamp_delayed_to_next_real_trading_date"": true, ""direction_classified"": false, ""drug_name"": ""氟唑帕利胶囊"", ""entity_mapping_basis"": ""EXACT_LISTED_ISSUER_LEGAL_NAME"", ""first_observed_snapshot_only"": false, ""forward_or_historical_outcome_read"": false, ""historical_reconstruction_allowed"": true, ""indication"": ""本品适用于治疗既往经过二线及以上化疗的伴有BRCA1/2致病性或疑似致病性突变的复发性卵巢癌。"", ""official_source_url"": ""https://www.cde.org.cn/main/xxgk/listpage/2f78f372d351c6851af7431c7710a731"", ""predictive_weight_assigned"": false, ""publication_date"": ""2019-12-05"", ""snapshot_captured_at"": null, ""source_identity"": ""NMPA_CDE_PUBLISHED_NOTICE_ARCHIVE""}",85d39cbb80b359e6c04f050187d7292f36bfe374ddf6ae14db8cac86f4138623,HISTORICAL_RECONSTRUCTABLE,False,False,False,2019-04-22,2023-12-31,DESIGN_2019_2023_QUALIFIED,VERSIONED_QUALIFIED_DESIGN_UNIVERSE,data/reference/sector_931152_design_universe.csv,True
idkpi:337df8abd9777be4b3537c179b39893047930aa99a3315588f28d48b7da97cb5,600276.SH,INNOVATION_DRUG,CLINICAL_REGULATORY,CDE_PRIORITY_REVIEW_INCLUDED,2020-07-20,2020-07-21,NMPA_CDE_PUBLISHED_NOTICE_ARCHIVE,NMPA_OR_CDE,official:f70be8c77ea8d01cd52c6223b0b67cfc,OFFICIAL_SNAPSHOT:official:f70be8c77ea8d01cd52c6223b0b67cfc,纳入优先审评品种名单:海曲泊帕乙醇胺片:本品用于对免疫抑制治疗（IST）疗效不佳的重型再生障碍性贫血（SAA）患者的治疗。,https://www.cde.org.cn/main/xxgk/listpage/2f78f372d351c6851af7431c7710a731,OFFICIAL_CDE_CATEGORY_NO_DIRECTION,"{""applicant"": ""江苏恒瑞医药股份有限公司"", ""approval_date"": null, ""availability_basis"": ""PUBLICATION_DATE_EXPLICIT"", ""availability_rule"": ""DATE_ONLY_NEXT_TRADE_DATE"", ""category"": ""纳入优先审评品种名单"", ""date_only_source_timestamp_delayed_to_next_real_trading_date"": true, ""direction_classified"": false, ""drug_name"": ""海曲泊帕乙醇胺片"", ""entity_mapping_basis"": ""EXACT_LISTED_ISSUER_LEGAL_NAME"", ""first_observed_snapshot_only"": false, ""forward_or_historical_outcome_read"": false, ""historical_reconstruction_allowed"": true, ""indication"": ""本品用于对免疫抑制治疗（IST）疗效不佳的重型再生障碍性贫血（SAA）患者的治疗。"", ""official_source_url"": ""https://www.cde.org.cn/main/xxgk/listpage/2f78f372d351c6851af7431c7710a731"", ""predictive_weight_assigned"": false, ""publication_date"": ""2020-07-20"", ""snapshot_captured_at"": null, ""source_identity"": ""NMPA_CDE_PUBLISHED_NOTICE_ARCHIVE""}",337df8abd9777be4b3537c179b39893047930aa99a3315588f28d48b7da97cb5,HISTORICAL_RECONSTRUCTABLE,False,False,False,2019-04-22,2023-12-31,DESIGN_2019_2023_QUALIFIED,VERSIONED_QUALIFIED_DESIGN_UNIVERSE,data/reference/sector_931152_design_universe.csv,True
idkpi:a9e170b7bf255b2732b1899efded9fbebc235d2dd92fa11186d4ddcb26d61591,600276.SH,INNOVATION_DRUG,CLINICAL_REGULATORY,CDE_PRIORITY_REVIEW_INCLUDED,2020-07-20,2020-07-21,NMPA_CDE_PUBLISHED_NOTICE_ARCHIVE,NMPA_OR_CDE,official:985ea032f637be3b63401c07d1427033,OFFICIAL_SNAPSHOT:official:985ea032f637be3b63401c07d1427033,纳入优先审评品种名单:海曲泊帕乙醇胺片:本品用于对免疫抑制治疗（IST）疗效不佳的重型再生障碍性贫血（SAA）患者的治疗。,https://www.cde.org.cn/main/xxgk/listpage/2f78f372d351c6851af7431c7710a731,OFFICIAL_CDE_CATEGORY_NO_DIRECTION,"{""applicant"": ""江苏恒瑞医药股份有限公司"", ""approval_date"": null, ""availability_basis"": ""PUBLICATION_DATE_EXPLICIT"", ""availability_rule"": ""DATE_ONLY_NEXT_TRADE_DATE"", ""category"": ""纳入优先审评品种名单"", ""date_only_source_timestamp_delayed_to_next_real_trading_date"": true, ""direction_classified"": false, ""drug_name"": ""海曲泊帕乙醇胺片"", ""entity_mapping_basis"": ""EXACT_LISTED_ISSUER_LEGAL_NAME"", ""first_observed_snapshot_only"": false, ""forward_or_historical_outcome_read"": false, ""historical_reconstruction_allowed"": true, ""indication"": ""本品用于对免疫抑制治疗（IST）疗效不佳的重型再生障碍性贫血（SAA）患者的治疗。"", ""official_source_url"": ""https://www.cde.org.cn/main/xxgk/listpage/2f78f372d351c6851af7431c7710a731"", ""predictive_weight_assigned"": false, ""publication_date"": ""2020-07-20"", ""snapshot_captured_at"": null, ""source_identity"": ""NMPA_CDE_PUBLISHED_NOTICE_ARCHIVE""}",a9e170b7bf255b2732b1899efded9fbebc235d2dd92fa11186d4ddcb26d61591,HISTORICAL_RECONSTRUCTABLE,False,False,False,2019-04-22,2023-12-31,DESIGN_2019_2023_QUALIFIED,VERSIONED_QUALIFIED_DESIGN_UNIVERSE,data/reference/sector_931152_design_universe.csv,True
idkpi:1b51ffbb83c0cf6bd66c6bda707596700c857d599aa7434d8ded6e193a2082eb,300558.SZ,INNOVATION_DRUG,CLINICAL_REGULATORY,CDE_PRIORITY_REVIEW_INCLUDED,2020-10-12,2020-10-13,NMPA_CDE_PUBLISHED_NOTICE_ARCHIVE,NMPA_OR_CDE,official:200e283c7df2520bb84e07633f0770d5,OFFICIAL_SNAPSHOT:official:200e283c7df2520bb84e07633f0770d5,纳入优先审评品种名单:盐酸埃克替尼片:本品单药适用于II-IIIA期伴有表皮生长因子受体（EGFR）基因敏感突变非小细胞肺癌（NSCLC）术后辅助治疗。,https://www.cde.org.cn/main/xxgk/listpage/2f78f372d351c6851af7431c7710a731,OFFICIAL_CDE_CATEGORY_NO_DIRECTION,"{""applicant"": ""贝达药业股份有限公司"", ""approval_date"": null, ""availability_basis"": ""PUBLICATION_DATE_EXPLICIT"", ""availability_rule"": ""DATE_ONLY_NEXT_TRADE_DATE"", ""category"": ""纳入优先审评品种名单"", ""date_only_source_timestamp_delayed_to_next_real_trading_date"": true, ""direction_classified"": false, ""drug_name"": ""盐酸埃克替尼片"", ""entity_mapping_basis"": ""EXACT_LISTED_ISSUER_LEGAL_NAME"", ""first_observed_snapshot_only"": false, ""forward_or_historical_outcome_read"": false, ""historical_reconstruction_allowed"": true, ""indication"": ""本品单药适用于II-IIIA期伴有表皮生长因子受体（EGFR）基因敏感突变非小细胞肺癌（NSCLC）术后辅助治疗。"", ""official_source_url"": ""https://www.cde.org.cn/main/xxgk/listpage/2f78f372d351c6851af7431c7710a731"", ""predictive_weight_assigned"": false, ""publication_date"": ""2020-10-12"", ""snapshot_captured_at"": null, ""source_identity"": ""NMPA_CDE_PUBLISHED_NOTICE_ARCHIVE""}",1b51ffbb83c0cf6bd66c6bda707596700c857d599aa7434d8ded6e193a2082eb,HISTORICAL_RECONSTRUCTABLE,False,False,False,2019-04-22,2023-12-31,DESIGN_2019_2023_QUALIFIED,VERSIONED_QUALIFIED_DESIGN_UNIVERSE,data/reference/sector_931152_design_universe.csv,True
idkpi:8e72f00919c56c1f195637e203e89dca3b7b1b40dc987780633e2bb06a62e3cd,300558.SZ,INNOVATION_DRUG,CLINICAL_REGULATORY,CDE_CONDITIONAL_APPROVAL,2020-11-17,2020-11-18,NMPA_CDE_PUBLISHED_NOTICE_ARCHIVE,NMPA_OR_CDE,conditional:f4b1a00fd3e4c506e142720b23a5e1a5146507d4ba2de1f3a341231177053e97,OFFICIAL_SNAPSHOT:conditional:f4b1a00fd3e4c506e142720b23a5e1a5146507d4ba2de1f3a341231177053e97,附条件批准品种:盐酸恩沙替尼胶囊:适用于此前接受过克唑替尼治疗后进展的或者对克唑替尼不耐受的间变性淋巴瘤激酶（ALK）阳性的局部晚期或转移性非小细胞肺癌（NSCLC）患者的治疗。,https://www.cde.org.cn/main/xxgk/listpage/c8d79e513a6df98adf05893281ace198,OFFICIAL_CDE_CATEGORY_NO_DIRECTION,"{""applicant"": ""贝达药业股份有限公司"", ""approval_date"": ""2020-11-17"", ""availability_basis"": ""OFFICIAL_APPROVAL_DATE_EXPLICIT"", ""availability_rule"": ""DATE_ONLY_NEXT_TRADE_DATE"", ""category"": ""附条件批准品种"", ""date_only_source_timestamp_delayed_to_next_real_trading_date"": true, ""direction_classified"": false, ""drug_name"": ""盐酸恩沙替尼胶囊"", ""entity_mapping_basis"": ""EXACT_LISTED_ISSUER_LEGAL_NAME"", ""first_observed_snapshot_only"": false, ""forward_or_historical_outcome_read"": false, ""historical_reconstruction_allowed"": true, ""indication"": ""适用于此前接受过克唑替尼治疗后进展的或者对克唑替尼不耐受的间变性淋巴瘤激酶（ALK）阳性的局部晚期或转移性非小细胞肺癌（NSCLC）患者的治疗。"", ""official_source_url"": ""https://www.cde.org.cn/main/xxgk/listpage/c8d79e513a6df98adf05893281ace198"", ""predictive_weight_assigned"": false, ""publication_date"": null, ""snapshot_captured_at"": null, ""source_identity"": ""NMPA_CDE_PUBLISHED_NOTICE_ARCHIVE""}",8e72f00919c56c1f195637e203e89dca3b7b1b40dc987780633e2bb06a62e3cd,HISTORICAL_RECONSTRUCTABLE,False,False,False,2019-04-22,2023-12-31,DESIGN_2019_2023_QUALIFIED,VERSIONED_QUALIFIED_DESIGN_UNIVERSE,data/reference/sector_931152_design_universe.csv,True
idkpi:84432300cffddd415bcacf8870f06fd804900ed32a738d61a5db63e1ac9d2199,600276.SH,INNOVATION_DRUG,CLINICAL_REGULATORY,CDE_BREAKTHROUGH_THERAPY_INCLUDED,2020-11-23,2020-11-24,NMPA_CDE_PUBLISHED_NOTICE_ARCHIVE,NMPA_OR_CDE,official:545cf855a50574699b46b26bcb165f32,OFFICIAL_SNAPSHOT:official:545cf855a50574699b46b26bcb165f32,纳入突破性治疗品种名单:注射用卡瑞利珠单抗:注射用卡瑞利珠单抗联合苹果酸法米替尼胶囊治疗经过一线级以上治疗失败的复发转移性宫颈癌,https://www.cde.org.cn/main/xxgk/listpage/da6efd086c099b7fc949121166f0130c,OFFICIAL_CDE_CATEGORY_NO_DIRECTION,"{""applicant"": ""苏州盛迪亚生物医药有限公司;苏州盛迪亚生物医药有限公司;江苏恒瑞医药股份有限公司;上海恒瑞医药有限公司"", ""approval_date"": null, ""availability_basis"": ""PUBLICATION_DATE_EXPLICIT"", ""availability_rule"": ""DATE_ONLY_NEXT_TRADE_DATE"", ""category"": ""纳入突破性治疗品种名单"", ""date_only_source_timestamp_delayed_to_next_real_trading_date"": true, ""direction_classified"": false, ""drug_name"": ""注射用卡瑞利珠单抗"", ""entity_mapping_basis"": ""EXACT_APPLICANT_TOKEN_IN_OFFICIAL_MULTI_APPLICANT_FIELD"", ""first_observed_snapshot_only"": false, ""forward_or_historical_outcome_read"": false, ""historical_reconstruction_allowed"": true, ""indication"": ""注射用卡瑞利珠单抗联合苹果酸法米替尼胶囊治疗经过一线级以上治疗失败的复发转移性宫颈癌"", ""official_source_url"": ""https://www.cde.org.cn/main/xxgk/listpage/da6efd086c099b7fc949121166f0130c"", ""predictive_weight_assigned"": false, ""publication_date"": ""2020-11-23"", ""snapshot_captured_at"": null, ""source_identity"": ""NMPA_CDE_PUBLISHED_NOTICE_ARCHIVE""}",84432300cffddd415bcacf8870f06fd804900ed32a738d61a5db63e1ac9d2199,HISTORICAL_RECONSTRUCTABLE,False,False,False,2019-04-22,2023-12-31,DESIGN_2019_2023_QUALIFIED,VERSIONED_QUALIFIED_DESIGN_UNIVERSE,data/reference/sector_931152_design_universe.csv,True
idkpi:faac47c438134cee227868074821f7dbcb8f0fd28813ac6af05364e4076a93cf,600276.SH,INNOVATION_DRUG,CLINICAL_REGULATORY,CDE_BREAKTHROUGH_THERAPY_INCLUDED,2020-11-23,2020-11-24,NMPA_CDE_PUBLISHED_NOTICE_ARCHIVE,NMPA_OR_CDE,official:1e0a362d64015ebcbf32d6949acbba11,OFFICIAL_SNAPSHOT:official:1e0a362d64015ebcbf32d6949acbba11,纳入突破性治疗品种名单:苹果酸法米替尼胶囊:注射用卡瑞利珠单抗联合苹果酸法米替尼胶囊治疗经过一线级以上治疗失败的复发转移性宫颈癌,https://www.cde.org.cn/main/xxgk/listpage/da6efd086c099b7fc949121166f0130c,OFFICIAL_CDE_CATEGORY_NO_DIRECTION,"{""applicant"": ""江苏恒瑞医药股份有限公司;江苏恒瑞医药股份有限公司;上海恒瑞医药有限公司"", ""approval_date"": null, ""availability_basis"": ""PUBLICATION_DATE_EXPLICIT"", ""availability_rule"": ""DATE_ONLY_NEXT_TRADE_DATE"", ""category"": ""纳入突破性治疗品种名单"", ""date_only_source_timestamp_delayed_to_next_real_trading_date"": true, ""direction_classified"": false, ""drug_name"": ""苹果酸法米替尼胶囊"", ""entity_mapping_basis"": ""EXACT_APPLICANT_TOKEN_IN_OFFICIAL_MULTI_APPLICANT_FIELD"", ""first_observed_snapshot_only"": false, ""forward_or_historical_outcome_read"": false, ""historical_reconstruction_allowed"": true, ""indication"": ""注射用卡瑞利珠单抗联合苹果酸法米替尼胶囊治疗经过一线级以上治疗失败的复发转移性宫颈癌"", ""official_source_url"": ""https://www.cde.org.cn/main/xxgk/listpage/da6efd086c099b7fc949121166f0130c"", ""predictive_weight_assigned"": false, ""publication_date"": ""2020-11-23"", ""snapshot_captured_at"": null, ""source_identity"": ""NMPA_CDE_PUBLISHED_NOTICE_ARCHIVE""}",faac47c438134cee227868074821f7dbcb8f0fd28813ac6af05364e4076a93cf,HISTORICAL_RECONSTRUCTABLE,False,False,False,2019-04-22,2023-12-31,DESIGN_2019_2023_QUALIFIED,VERSIONED_QUALIFIED_DESIGN_UNIVERSE,data/reference/sector_931152_design_universe.csv,True
idkpi:60f9b4a68ec5808016d379475118831c27e1440d19d054fa039952e4652b5175,600267.SH,INNOVATION_DRUG,CLINICAL_REGULATORY,CDE_PRIORITY_REVIEW_INCLUDED,2020-12-11,2020-12-14,NMPA_CDE_PUBLISHED_NOTICE_ARCHIVE,NMPA_OR_CDE,official:5212c48717e0083894804195709c3be6,OFFICIAL_SNAPSHOT:official:5212c48717e0083894804195709c3be6,纳入优先审评品种名单:海泽麦布片:降血脂药物，用于治疗原发性高胆固醇血症。,https://www.cde.org.cn/main/xxgk/listpage/2f78f372d351c6851af7431c7710a731,OFFICIAL_CDE_CATEGORY_NO_DIRECTION,"{""applicant"": ""浙江海正药业股份有限公司"", ""approval_date"": null, ""availability_basis"": ""PUBLICATION_DATE_EXPLICIT"", ""availability_rule"": ""DATE_ONLY_NEXT_TRADE_DATE"", ""category"": ""纳入优先审评品种名单"", ""date_only_source_timestamp_delayed_to_next_real_trading_date"": true, ""direction_classified"": false, ""drug_name"": ""海泽麦布片"", ""entity_mapping_basis"": ""EXACT_LISTED_ISSUER_LEGAL_NAME"", ""first_observed_snapshot_only"": false, ""forward_or_historical_outcome_read"": false, ""historical_reconstruction_allowed"": true, ""indication"": ""降血脂药物，用于治疗原发性高胆固醇血症。"", ""official_source_url"": ""https://www.cde.org.cn/main/xxgk/listpage/2f78f372d351c6851af7431c7710a731"", ""predictive_weight_assigned"": false, ""publication_date"": ""2020-12-11"", ""snapshot_captured_at"": null, ""source_identity"": ""NMPA_CDE_PUBLISHED_NOTICE_ARCHIVE""}",60f9b4a68ec5808016d379475118831c27e1440d19d054fa039952e4652b5175,HISTORICAL_RECONSTRUCTABLE,False,False,False,2019-04-22,2023-12-31,DESIGN_2019_2023_QUALIFIED,VERSIONED_QUALIFIED_DESIGN_UNIVERSE,data/reference/sector_931152_design_universe.csv,True
idkpi:691987428569caef63b8b3d4949f1a3c32e832146ab3b8a8b223b489046a8330,600267.SH,INNOVATION_DRUG,CLINICAL_REGULATORY,CDE_PRIORITY_REVIEW_INCLUDED,2020-12-11,2020-12-14,NMPA_CDE_PUBLISHED_NOTICE_ARCHIVE,NMPA_OR_CDE,official:f206f5d24c2576639d1aa36147e06864,OFFICIAL_SNAPSHOT:official:f206f5d24c2576639d1aa36147e06864,纳入优先审评品种名单:海泽麦布:降血脂药物，用于治疗原发性高胆固醇血症。,https://www.cde.org.cn/main/xxgk/listpage/2f78f372d351c6851af7431c7710a731,OFFICIAL_CDE_CATEGORY_NO_DIRECTION,"{""applicant"": ""浙江海正药业股份有限公司"", ""approval_date"": null, ""availability_basis"": ""PUBLICATION_DATE_EXPLICIT"", ""availability_rule"": ""DATE_ONLY_NEXT_TRADE_DATE"", ""category"": ""纳入优先审评品种名单"", ""date_only_source_timestamp_delayed_to_next_real_trading_date"": true, ""direction_classified"": false, ""drug_name"": ""海泽麦布"", ""entity_mapping_basis"": ""EXACT_LISTED_ISSUER_LEGAL_NAME"", ""first_observed_snapshot_only"": false, ""forward_or_historical_outcome_read"": false, ""historical_reconstruction_allowed"": true, ""indication"": ""降血脂药物，用于治疗原发性高胆固醇血症。"", ""official_source_url"": ""https://www.cde.org.cn/main/xxgk/listpage/2f78f372d351c6851af7431c7710a731"", ""predictive_weight_assigned"": false, ""publication_date"": ""2020-12-11"", ""snapshot_captured_at"": null, ""source_identity"": ""NMPA_CDE_PUBLISHED_NOTICE_ARCHIVE""}",691987428569caef63b8b3d4949f1a3c32e832146ab3b8a8b223b489046a8330,HISTORICAL_RECONSTRUCTABLE,False,False,False,2019-04-22,2023-12-31,DESIGN_2019_2023_QUALIFIED,VERSIONED_QUALIFIED_DESIGN_UNIVERSE,data/reference/sector_931152_design_universe.csv,True
idkpi:8b0a005123604fd44102b6ec072c0eb35444e11b0a7070892fdc3a4101165788,600276.SH,INNOVATION_DRUG,CLINICAL_REGULATORY,CDE_CONDITIONAL_APPROVAL,2020-12-11,2020-12-14,NMPA_CDE_PUBLISHED_NOTICE_ARCHIVE,NMPA_OR_CDE,conditional:3ee51f907d66de8c43862a3b14133e6e66421afc6c8a829b6b4653a8250309c6,OFFICIAL_SNAPSHOT:conditional:3ee51f907d66de8c43862a3b14133e6e66421afc6c8a829b6b4653a8250309c6,附条件批准品种:氟唑帕利胶囊:适用于既往经过二线及以上化疗的伴有胚系BRCA突变(gBRCAm)的铂敏感复发性卵巢癌、输卵管癌或原发性腹膜癌患者的治疗。,https://www.cde.org.cn/main/xxgk/listpage/c8d79e513a6df98adf05893281ace198,OFFICIAL_CDE_CATEGORY_NO_DIRECTION,"{""applicant"": ""江苏恒瑞医药股份有限公司"", ""approval_date"": ""2020-12-11"", ""availability_basis"": ""OFFICIAL_APPROVAL_DATE_EXPLICIT"", ""availability_rule"": ""DATE_ONLY_NEXT_TRADE_DATE"", ""category"": ""附条件批准品种"", ""date_only_source_timestamp_delayed_to_next_real_trading_date"": true, ""direction_classified"": false, ""drug_name"": ""氟唑帕利胶囊"", ""entity_mapping_basis"": ""EXACT_LISTED_ISSUER_LEGAL_NAME"", ""first_observed_snapshot_only"": false, ""forward_or_historical_outcome_read"": false, ""historical_reconstruction_allowed"": true, ""indication"": ""适用于既往经过二线及以上化疗的伴有胚系BRCA突变(gBRCAm)的铂敏感复发性卵巢癌、输卵管癌或原发性腹膜癌患者的治疗。"", ""official_source_url"": ""https://www.cde.org.cn/main/xxgk/listpage/c8d79e513a6df98adf05893281ace198"", ""predictive_weight_assigned"": false, ""publication_date"": null, ""snapshot_captured_at"": null, ""source_identity"": ""NMPA_CDE_PUBLISHED_NOTICE_ARCHIVE""}",8b0a005123604fd44102b6ec072c0eb35444e11b0a7070892fdc3a4101165788,HISTORICAL_RECONSTRUCTABLE,False,False,False,2019-04-22,2023-12-31,DESIGN_2019_2023_QUALIFIED,VERSIONED_QUALIFIED_DESIGN_UNIVERSE,data/reference/sector_931152_design_universe.csv,True
idkpi:49c1b01df2f9276ed0d1d360537f559a42e6adfc04f046533312bedd1b19e325,600276.SH,INNOVATION_DRUG,CLINICAL_REGULATORY,CDE_PRIORITY_REVIEW_INCLUDED,2021-01-08,2021-01-11,NMPA_CDE_PUBLISHED_NOTICE_ARCHIVE,NMPA_OR_CDE,official:fa8a59a165d4eb9e5ded6cf60a8c95e2,OFFICIAL_SNAPSHOT:official:fa8a59a165d4eb9e5ded6cf60a8c95e2,纳入优先审评品种名单:氟唑帕利胶囊:本品用于铂敏感的复发性上皮性卵巢癌、输卵管癌或原发性腹膜癌在含铂化疗达到完全缓解或部分缓解后的维持治疗。,https://www.cde.org.cn/main/xxgk/listpage/2f78f372d351c6851af7431c7710a731,OFFICIAL_CDE_CATEGORY_NO_DIRECTION,"{""applicant"": ""江苏恒瑞医药股份有限公司"", ""approval_date"": null, ""availability_basis"": ""PUBLICATION_DATE_EXPLICIT"", ""availability_rule"": ""DATE_ONLY_NEXT_TRADE_DATE"", ""category"": ""纳入优先审评品种名单"", ""date_only_source_timestamp_delayed_to_next_real_trading_date"": true, ""direction_classified"": false, ""drug_name"": ""氟唑帕利胶囊"", ""entity_mapping_basis"": ""EXACT_LISTED_ISSUER_LEGAL_NAME"", ""first_observed_snapshot_only"": false, ""forward_or_historical_outcome_read"": false, ""historical_reconstruction_allowed"": true, ""indication"": ""本品用于铂敏感的复发性上皮性卵巢癌、输卵管癌或原发性腹膜癌在含铂化疗达到完全缓解或部分缓解后的维持治疗。"", ""official_source_url"": ""https://www.cde.org.cn/main/xxgk/listpage/2f78f372d351c6851af7431c7710a731"", ""predictive_weight_assigned"": false, ""publication_date"": ""2021-01-08"", ""snapshot_captured_at"": null, ""source_identity"": ""NMPA_CDE_PUBLISHED_NOTICE_ARCHIVE""}",49c1b01df2f9276ed0d1d360537f559a42e6adfc04f046533312bedd1b19e325,HISTORICAL_RECONSTRUCTABLE,False,False,False,2019-04-22,2023-12-31,DESIGN_2019_2023_QUALIFIED,VERSIONED_QUALIFIED_DESIGN_UNIVERSE,data/reference/sector_931152_design_universe.csv,True
idkpi:b1189bc90d218a00daee00e7822da457ed1b3d06e48515f7574c5646e386b869,600276.SH,INNOVATION_DRUG,CLINICAL_REGULATORY,CDE_BREAKTHROUGH_THERAPY_INCLUDED,2021-03-17,2021-03-18,NMPA_CDE_PUBLISHED_NOTICE_ARCHIVE,NMPA_OR_CDE,official:43c28bd3a5d4eda90ad09d82c1c9d017,OFFICIAL_SNAPSHOT:official:43c28bd3a5d4eda90ad09d82c1c9d017,纳入突破性治疗品种名单:SHR6390片:SHR6390片联合氟维司群用于经内分泌治疗后进展的激素受体（HR）阳性、人表皮生长因子受体2（HER2）阴性的复发或转移性乳腺癌的治疗,https://www.cde.org.cn/main/xxgk/listpage/da6efd086c099b7fc949121166f0130c,OFFICIAL_CDE_CATEGORY_NO_DIRECTION,"{""applicant"": ""江苏恒瑞医药股份有限公司;江苏恒瑞医药股份有限公司;上海恒瑞医药有限公司"", ""approval_date"": null, ""availability_basis"": ""PUBLICATION_DATE_EXPLICIT"", ""availability_rule"": ""DATE_ONLY_NEXT_TRADE_DATE"", ""category"": ""纳入突破性治疗品种名单"", ""date_only_source_timestamp_delayed_to_next_real_trading_date"": true, ""direction_classified"": false, ""drug_name"": ""SHR6390片"", ""entity_mapping_basis"": ""EXACT_APPLICANT_TOKEN_IN_OFFICIAL_MULTI_APPLICANT_FIELD"", ""first_observed_snapshot_only"": false, ""forward_or_historical_outcome_read"": false, ""historical_reconstruction_allowed"": true, ""indication"": ""SHR6390片联合氟维司群用于经内分泌治疗后进展的激素受体（HR）阳性、人表皮生长因子受体2（HER2）阴性的复发或转移性乳腺癌的治疗"", ""official_source_url"": ""https://www.cde.org.cn/main/xxgk/listpage/da6efd086c099b7fc949121166f0130c"", ""predictive_weight_assigned"": false, ""publication_date"": ""2021-03-17"", ""snapshot_captured_at"": null, ""source_identity"": ""NMPA_CDE_PUBLISHED_NOTICE_ARCHIVE""}",b1189bc90d218a00daee00e7822da457ed1b3d06e48515f7574c5646e386b869,HISTORICAL_RECONSTRUCTABLE,False,False,False,2019-04-22,2023-12-31,DESIGN_2019_2023_QUALIFIED,VERSIONED_QUALIFIED_DESIGN_UNIVERSE,data/reference/sector_931152_design_universe.csv,True
idkpi:86fcb26be8f15a23f6d3e0b2a91e34523719ee1deeb3e13d9819d8b27763a5b2,600276.SH,INNOVATION_DRUG,CLINICAL_REGULATORY,CDE_PRIORITY_REVIEW_INCLUDED,2021-04-21,2021-04-22,NMPA_CDE_PUBLISHED_NOTICE_ARCHIVE,NMPA_OR_CDE,official:6e2f2d6ad867207e1ec415ecce87149a,OFFICIAL_SNAPSHOT:official:6e2f2d6ad867207e1ec415ecce87149a,纳入优先审评品种名单:SHR6390片:本品拟联合氟维司群用于激素受体（HR）阳性，人表皮生长因子受体2（HER2）阴性的经内分泌治疗后进展的复发或转移性乳腺癌的治疗。,https://www.cde.org.cn/main/xxgk/listpage/2f78f372d351c6851af7431c7710a731,OFFICIAL_CDE_CATEGORY_NO_DIRECTION,"{""applicant"": ""江苏恒瑞医药股份有限公司"", ""approval_date"": null, ""availability_basis"": ""PUBLICATION_DATE_EXPLICIT"", ""availability_rule"": ""DATE_ONLY_NEXT_TRADE_DATE"", ""category"": ""纳入优先审评品种名单"", ""date_only_source_timestamp_delayed_to_next_real_trading_date"": true, ""direction_classified"": false, ""drug_name"": ""SHR6390片"", ""entity_mapping_basis"": ""EXACT_LISTED_ISSUER_LEGAL_NAME"", ""first_observed_snapshot_only"": false, ""forward_or_historical_outcome_read"": false, ""historical_reconstruction_allowed"": true, ""indication"": ""本品拟联合氟维司群用于激素受体（HR）阳性，人表皮生长因子受体2（HER2）阴性的经内分泌治疗后进展的复发或转移性乳腺癌的治疗。"", ""official_source_url"": ""https://www.cde.org.cn/main/xxgk/listpage/2f78f372d351c6851af7431c7710a731"", ""predictive_weight_assigned"": false, ""publication_date"": ""2021-04-21"", ""snapshot_captured_at"": null, ""source_identity"": ""NMPA_CDE_PUBLISHED_NOTICE_ARCHIVE""}",86fcb26be8f15a23f6d3e0b2a91e34523719ee1deeb3e13d9819d8b27763a5b2,HISTORICAL_RECONSTRUCTABLE,False,False,False,2019-04-22,2023-12-31,DESIGN_2019_2023_QUALIFIED,VERSIONED_QUALIFIED_DESIGN_UNIVERSE,data/reference/sector_931152_design_universe.csv,True
idkpi:4676e654f330a51e5d82bd2f679dea90f1e082c4fbe8a94d5e8fcf5e4c07a8bd,600276.SH,INNOVATION_DRUG,CLINICAL_REGULATORY,CDE_PRIORITY_REVIEW_INCLUDED,2021-05-10,2021-05-11,NMPA_CDE_PUBLISHED_NOTICE_ARCHIVE,NMPA_OR_CDE,official:f028b4d75cdbe1daca463e852eb82830,OFFICIAL_SNAPSHOT:official:f028b4d75cdbe1daca463e852eb82830,纳入优先审评品种名单:SHR6390片:本品拟联合氟维司群用于激素受体（HR）阳性，人表皮生长因子受体2（HER2）阴性的经内分泌治疗后进展的复发或转移性乳腺癌的治疗。,https://www.cde.org.cn/main/xxgk/listpage/2f78f372d351c6851af7431c7710a731,OFFICIAL_CDE_CATEGORY_NO_DIRECTION,"{""applicant"": ""江苏恒瑞医药股份有限公司"", ""approval_date"": null, ""availability_basis"": ""PUBLICATION_DATE_EXPLICIT"", ""availability_rule"": ""DATE_ONLY_NEXT_TRADE_DATE"", ""category"": ""纳入优先审评品种名单"", ""date_only_source_timestamp_delayed_to_next_real_trading_date"": true, ""direction_classified"": false, ""drug_name"": ""SHR6390片"", ""entity_mapping_basis"": ""EXACT_LISTED_ISSUER_LEGAL_NAME"", ""first_observed_snapshot_only"": false, ""forward_or_historical_outcome_read"": false, ""historical_reconstruction_allowed"": true, ""indication"": ""本品拟联合氟维司群用于激素受体（HR）阳性，人表皮生长因子受体2（HER2）阴性的经内分泌治疗后进展的复发或转移性乳腺癌的治疗。"", ""official_source_url"": ""https://www.cde.org.cn/main/xxgk/listpage/2f78f372d351c6851af7431c7710a731"", ""predictive_weight_assigned"": false, ""publication_date"": ""2021-05-10"", ""snapshot_captured_at"": null, ""source_identity"": ""NMPA_CDE_PUBLISHED_NOTICE_ARCHIVE""}",4676e654f330a51e5d82bd2f679dea90f1e082c4fbe8a94d5e8fcf5e4c07a8bd,HISTORICAL_RECONSTRUCTABLE,False,False,False,2019-04-22,2023-12-31,DESIGN_2019_2023_QUALIFIED,VERSIONED_QUALIFIED_DESIGN_UNIVERSE,data/reference/sector_931152_design_universe.csv,True
idkpi:a7e4696f8e0452b00337c332d19a8e259aa7c4389deb8db0006169e6cd51d099,600276.SH,INNOVATION_DRUG,CLINICAL_REGULATORY,CDE_PRIORITY_REVIEW_INCLUDED,2021-05-10,2021-05-11,NMPA_CDE_PUBLISHED_NOTICE_ARCHIVE,NMPA_OR_CDE,official:3b1ee35042417d311c9117bb11eaa3b5,OFFICIAL_SNAPSHOT:official:3b1ee35042417d311c9117bb11eaa3b5,纳入优先审评品种名单:SHR6390片:本品拟联合氟维司群用于激素受体（HR）阳性，人表皮生长因子受体2（HER2）阴性的经内分泌治疗后进展的复发或转移性乳腺癌的治疗。,https://www.cde.org.cn/main/xxgk/listpage/2f78f372d351c6851af7431c7710a731,OFFICIAL_CDE_CATEGORY_NO_DIRECTION,"{""applicant"": ""江苏恒瑞医药股份有限公司"", ""approval_date"": null, ""availability_basis"": ""PUBLICATION_DATE_EXPLICIT"", ""availability_rule"": ""DATE_ONLY_NEXT_TRADE_DATE"", ""category"": ""纳入优先审评品种名单"", ""date_only_source_timestamp_delayed_to_next_real_trading_date"": true, ""direction_classified"": false, ""drug_name"": ""SHR6390片"", ""entity_mapping_basis"": ""EXACT_LISTED_ISSUER_LEGAL_NAME"", ""first_observed_snapshot_only"": false, ""forward_or_historical_outcome_read"": false, ""historical_reconstruction_allowed"": true, ""indication"": ""本品拟联合氟维司群用于激素受体（HR）阳性，人表皮生长因子受体2（HER2）阴性的经内分泌治疗后进展的复发或转移性乳腺癌的治疗。"", ""official_source_url"": ""https://www.cde.org.cn/main/xxgk/listpage/2f78f372d351c6851af7431c7710a731"", ""predictive_weight_assigned"": false, ""publication_date"": ""2021-05-10"", ""snapshot_captured_at"": null, ""source_identity"": ""NMPA_CDE_PUBLISHED_NOTICE_ARCHIVE""}",a7e4696f8e0452b00337c332d19a8e259aa7c4389deb8db0006169e6cd51d099,HISTORICAL_RECONSTRUCTABLE,False,False,False,2019-04-22,2023-12-31,DESIGN_2019_2023_QUALIFIED,VERSIONED_QUALIFIED_DESIGN_UNIVERSE,data/reference/sector_931152_design_universe.csv,True
idkpi:6129b4699da08efc1e27fdadfe0c35d795b5246d3f0a8182bcb8c5e931974ba9,600216.SH,INNOVATION_DRUG,CLINICAL_REGULATORY,CDE_BREAKTHROUGH_THERAPY_INCLUDED,2021-05-18,2021-05-19,NMPA_CDE_PUBLISHED_NOTICE_ARCHIVE,NMPA_OR_CDE,official:30af29a44c2a8aae116148f8c5df42b0,OFFICIAL_SNAPSHOT:official:30af29a44c2a8aae116148f8c5df42b0,纳入突破性治疗品种名单:注射用重组人源化抗HER2单抗-AS269偶联物（ARX788）:HER2阳性晚期乳腺癌二线治疗,https://www.cde.org.cn/main/xxgk/listpage/da6efd086c099b7fc949121166f0130c,OFFICIAL_CDE_CATEGORY_NO_DIRECTION,"{""applicant"": ""浙江医药股份有限公司;浙江新码生物医药有限公司"", ""approval_date"": null, ""availability_basis"": ""PUBLICATION_DATE_EXPLICIT"", ""availability_rule"": ""DATE_ONLY_NEXT_TRADE_DATE"", ""category"": ""纳入突破性治疗品种名单"", ""date_only_source_timestamp_delayed_to_next_real_trading_date"": true, ""direction_classified"": false, ""drug_name"": ""注射用重组人源化抗HER2单抗-AS269偶联物（ARX788）"", ""entity_mapping_basis"": ""EXACT_APPLICANT_TOKEN_IN_OFFICIAL_MULTI_APPLICANT_FIELD"", ""first_observed_snapshot_only"": false, ""forward_or_historical_outcome_read"": false, ""historical_reconstruction_allowed"": true, ""indication"": ""HER2阳性晚期乳腺癌二线治疗"", ""official_source_url"": ""https://www.cde.org.cn/main/xxgk/listpage/da6efd086c099b7fc949121166f0130c"", ""predictive_weight_assigned"": false, ""publication_date"": ""2021-05-18"", ""snapshot_captured_at"": null, ""source_identity"": ""NMPA_CDE_PUBLISHED_NOTICE_ARCHIVE""}",6129b4699da08efc1e27fdadfe0c35d795b5246d3f0a8182bcb8c5e931974ba9,HISTORICAL_RECONSTRUCTABLE,False,False,False,2019-04-22,2023-12-31,DESIGN_2019_2023_QUALIFIED,VERSIONED_QUALIFIED_DESIGN_UNIVERSE,data/reference/sector_931152_design_universe.csv,True
idkpi:d7d259b49ff661ac0bf68fbea7bced3205dcf5d8ab777d5f8135391f36160ed5,600276.SH,INNOVATION_DRUG,CLINICAL_REGULATORY,CDE_CONDITIONAL_APPROVAL,2021-06-16,2021-06-17,NMPA_CDE_PUBLISHED_NOTICE_ARCHIVE,NMPA_OR_CDE,conditional:920ca118dabf88eb4779c4b14456f519ab6db64309b6fdd06b5e70011ba80cba,OFFICIAL_SNAPSHOT:conditional:920ca118dabf88eb4779c4b14456f519ab6db64309b6fdd06b5e70011ba80cba,附条件批准品种:海曲泊帕乙醇胺片:本品适用于对免疫抑制治疗（IST）疗效不佳的重型再生障碍性贫血（SAA）成人患者。,https://www.cde.org.cn/main/xxgk/listpage/c8d79e513a6df98adf05893281ace198,OFFICIAL_CDE_CATEGORY_NO_DIRECTION,"{""applicant"": ""江苏恒瑞医药股份有限公司"", ""approval_date"": ""2021-06-16"", ""availability_basis"": ""OFFICIAL_APPROVAL_DATE_EXPLICIT"", ""availability_rule"": ""DATE_ONLY_NEXT_TRADE_DATE"", ""category"": ""附条件批准品种"", ""date_only_source_timestamp_delayed_to_next_real_trading_date"": true, ""direction_classified"": false, ""drug_name"": ""海曲泊帕乙醇胺片"", ""entity_mapping_basis"": ""EXACT_LISTED_ISSUER_LEGAL_NAME"", ""first_observed_snapshot_only"": false, ""forward_or_historical_outcome_read"": false, ""historical_reconstruction_allowed"": true, ""indication"": ""本品适用于对免疫抑制治疗（IST）疗效不佳的重型再生障碍性贫血（SAA）成人患者。"", ""official_source_url"": ""https://www.cde.org.cn/main/xxgk/listpage/c8d79e513a6df98adf05893281ace198"", ""predictive_weight_assigned"": false, ""publication_date"": null, ""snapshot_captured_at"": null, ""source_identity"": ""NMPA_CDE_PUBLISHED_NOTICE_ARCHIVE""}",d7d259b49ff661ac0bf68fbea7bced3205dcf5d8ab777d5f8135391f36160ed5,HISTORICAL_RECONSTRUCTABLE,False,False,False,2019-04-22,2023-12-31,DESIGN_2019_2023_QUALIFIED,VERSIONED_QUALIFIED_DESIGN_UNIVERSE,data/reference/sector_931152_design_universe.csv,True
idkpi:7210e2fd06b76a45c5521af2b0c29d62d5c92bc561240d18825a9ceec3553fb8,300558.SZ,INNOVATION_DRUG,CLINICAL_REGULATORY,CDE_PRIORITY_REVIEW_INCLUDED,2021-07-23,2021-07-26,NMPA_CDE_PUBLISHED_NOTICE_ARCHIVE,NMPA_OR_CDE,official:7af7a09f5dd44cf34c704758020f0019,OFFICIAL_SNAPSHOT:official:7af7a09f5dd44cf34c704758020f0019,纳入优先审评品种名单:盐酸恩沙替尼胶囊:适用于间变性淋巴瘤激酶（ALK）阳性的局部晚期或转移性非小细胞肺癌（NSCLC）患者的治疗。,https://www.cde.org.cn/main/xxgk/listpage/2f78f372d351c6851af7431c7710a731,OFFICIAL_CDE_CATEGORY_NO_DIRECTION,"{""applicant"": ""贝达药业股份有限公司"", ""approval_date"": null, ""availability_basis"": ""PUBLICATION_DATE_EXPLICIT"", ""availability_rule"": ""DATE_ONLY_NEXT_TRADE_DATE"", ""category"": ""纳入优先审评品种名单"", ""date_only_source_timestamp_delayed_to_next_real_trading_date"": true, ""direction_classified"": false, ""drug_name"": ""盐酸恩沙替尼胶囊"", ""entity_mapping_basis"": ""EXACT_LISTED_ISSUER_LEGAL_NAME"", ""first_observed_snapshot_only"": false, ""forward_or_historical_outcome_read"": false, ""historical_reconstruction_allowed"": true, ""indication"": ""适用于间变性淋巴瘤激酶（ALK）阳性的局部晚期或转移性非小细胞肺癌（NSCLC）患者的治疗。"", ""official_source_url"": ""https://www.cde.org.cn/main/xxgk/listpage/2f78f372d351c6851af7431c7710a731"", ""predictive_weight_assigned"": false, ""publication_date"": ""2021-07-23"", ""snapshot_captured_at"": null, ""source_identity"": ""NMPA_CDE_PUBLISHED_NOTICE_ARCHIVE""}",7210e2fd06b76a45c5521af2b0c29d62d5c92bc561240d18825a9ceec3553fb8,HISTORICAL_RECONSTRUCTABLE,False,False,False,2019-04-22,2023-12-31,DESIGN_2019_2023_QUALIFIED,VERSIONED_QUALIFIED_DESIGN_UNIVERSE,data/reference/sector_931152_design_universe.csv,True
idkpi:99a7559194b4e0384094e99cdb33077fbe53877775d7a7579c6a976df6d12b1a,300558.SZ,INNOVATION_DRUG,CLINICAL_REGULATORY,CDE_PRIORITY_REVIEW_INCLUDED,2021-07-23,2021-07-26,NMPA_CDE_PUBLISHED_NOTICE_ARCHIVE,NMPA_OR_CDE,official:6d6930eebad4b04de3e61a5f0a5d423a,OFFICIAL_SNAPSHOT:official:6d6930eebad4b04de3e61a5f0a5d423a,纳入优先审评品种名单:盐酸恩沙替尼胶囊:适用于间变性淋巴瘤激酶（ALK）阳性的局部晚期或转移性非小细胞肺癌（NSCLC）患者的治疗。,https://www.cde.org.cn/main/xxgk/listpage/2f78f372d351c6851af7431c7710a731,OFFICIAL_CDE_CATEGORY_NO_DIRECTION,"{""applicant"": ""贝达药业股份有限公司"", ""approval_date"": null, ""availability_basis"": ""PUBLICATION_DATE_EXPLICIT"", ""availability_rule"": ""DATE_ONLY_NEXT_TRADE_DATE"", ""category"": ""纳入优先审评品种名单"", ""date_only_source_timestamp_delayed_to_next_real_trading_date"": true, ""direction_classified"": false, ""drug_name"": ""盐酸恩沙替尼胶囊"", ""entity_mapping_basis"": ""EXACT_LISTED_ISSUER_LEGAL_NAME"", ""first_observed_snapshot_only"": false, ""forward_or_historical_outcome_read"": false, ""historical_reconstruction_allowed"": true, ""indication"": ""适用于间变性淋巴瘤激酶（ALK）阳性的局部晚期或转移性非小细胞肺癌（NSCLC）患者的治疗。"", ""official_source_url"": ""https://www.cde.org.cn/main/xxgk/listpage/2f78f372d351c6851af7431c7710a731"", ""predictive_weight_assigned"": false, ""publication_date"": ""2021-07-23"", ""snapshot_captured_at"": null, ""source_identity"": ""NMPA_CDE_PUBLISHED_NOTICE_ARCHIVE""}",99a7559194b4e0384094e99cdb33077fbe53877775d7a7579c6a976df6d12b1a,HISTORICAL_RECONSTRUCTABLE,False,False,False,2019-04-22,2023-12-31,DESIGN_2019_2023_QUALIFIED,VERSIONED_QUALIFIED_DESIGN_UNIVERSE,data/reference/sector_931152_design_universe.csv,True
idkpi:92f13f52380ce786a43a1da47f3c0777e5d614ab678f40898cbbdaba33125731,300347.SZ,INNOVATION_DRUG,CLINICAL_REGULATORY,CDE_PRIORITY_REVIEW_INCLUDED,2021-08-09,2021-08-10,NMPA_CDE_PUBLISHED_NOTICE_ARCHIVE,NMPA_OR_CDE,official:5a88f63fe6bcd7084f9839e83a6b8165,OFFICIAL_SNAPSHOT:official:5a88f63fe6bcd7084f9839e83a6b8165,纳入优先审评品种名单:维托拉生注射液:肌营养蛋白的基因缺失经验明可通过53号外显子跳跃治疗的杜氏肌营养不良。,https://www.cde.org.cn/main/xxgk/listpage/2f78f372d351c6851af7431c7710a731,OFFICIAL_CDE_CATEGORY_NO_DIRECTION,"{""applicant"": ""杭州泰格医药科技股份有限公司"", ""approval_date"": null, ""availability_basis"": ""PUBLICATION_DATE_EXPLICIT"", ""availability_rule"": ""DATE_ONLY_NEXT_TRADE_DATE"", ""category"": ""纳入优先审评品种名单"", ""date_only_source_timestamp_delayed_to_next_real_trading_date"": true, ""direction_classified"": false, ""drug_name"": ""维托拉生注射液"", ""entity_mapping_basis"": ""EXACT_LISTED_ISSUER_LEGAL_NAME"", ""first_observed_snapshot_only"": false, ""forward_or_historical_outcome_read"": false, ""historical_reconstruction_allowed"": true, ""indication"": ""肌营养蛋白的基因缺失经验明可通过53号外显子跳跃治疗的杜氏肌营养不良。"", ""official_source_url"": ""https://www.cde.org.cn/main/xxgk/listpage/2f78f372d351c6851af7431c7710a731"", ""predictive_weight_assigned"": false, ""publication_date"": ""2021-08-09"", ""snapshot_captured_at"": null, ""source_identity"": ""NMPA_CDE_PUBLISHED_NOTICE_ARCHIVE""}",92f13f52380ce786a43a1da47f3c0777e5d614ab678f40898cbbdaba33125731,HISTORICAL_RECONSTRUCTABLE,False,False,False,2019-04-22,2023-12-31,DESIGN_2019_2023_QUALIFIED,VERSIONED_QUALIFIED_DESIGN_UNIVERSE,data/reference/sector_931152_design_universe.csv,True
idkpi:c0cfa4f9ffee3cab789f4a3b1e88d5bfb5915dff9a2d9b1e9a32aabb4a3e5a92,600276.SH,INNOVATION_DRUG,CLINICAL_REGULATORY,CDE_BREAKTHROUGH_THERAPY_INCLUDED,2021-08-26,2021-08-27,NMPA_CDE_PUBLISHED_NOTICE_ARCHIVE,NMPA_OR_CDE,official:e22cdd59b8f7264a57e5ac01e479c676,OFFICIAL_SNAPSHOT:official:e22cdd59b8f7264a57e5ac01e479c676,纳入突破性治疗品种名单:SHR3680片:本品适用于治疗高瘤负荷的转移性激素敏感性前列腺癌患者。,https://www.cde.org.cn/main/xxgk/listpage/da6efd086c099b7fc949121166f0130c,OFFICIAL_CDE_CATEGORY_NO_DIRECTION,"{""applicant"": ""江苏恒瑞医药股份有限公司;江苏恒瑞医药股份有限公司"", ""approval_date"": null, ""availability_basis"": ""PUBLICATION_DATE_EXPLICIT"", ""availability_rule"": ""DATE_ONLY_NEXT_TRADE_DATE"", ""category"": ""纳入突破性治疗品种名单"", ""date_only_source_timestamp_delayed_to_next_real_trading_date"": true, ""direction_classified"": false, ""drug_name"": ""SHR3680片"", ""entity_mapping_basis"": ""EXACT_APPLICANT_TOKEN_IN_OFFICIAL_MULTI_APPLICANT_FIELD"", ""first_observed_snapshot_only"": false, ""forward_or_historical_outcome_read"": false, ""historical_reconstruction_allowed"": true, ""indication"": ""本品适用于治疗高瘤负荷的转移性激素敏感性前列腺癌患者。"", ""official_source_url"": ""https://www.cde.org.cn/main/xxgk/listpage/da6efd086c099b7fc949121166f0130c"", ""predictive_weight_assigned"": false, ""publication_date"": ""2021-08-26"", ""snapshot_captured_at"": null, ""source_identity"": ""NMPA_CDE_PUBLISHED_NOTICE_ARCHIVE""}",c0cfa4f9ffee3cab789f4a3b1e88d5bfb5915dff9a2d9b1e9a32aabb4a3e5a92,HISTORICAL_RECONSTRUCTABLE,False,False,False,2019-04-22,2023-12-31,DESIGN_2019_2023_QUALIFIED,VERSIONED_QUALIFIED_DESIGN_UNIVERSE,data/reference/sector_931152_design_universe.csv,True
idkpi:7d826833bcc8314eb04f8efd2dbbe99a2723883e66d6486aae95f93aa06a6f33,300347.SZ,INNOVATION_DRUG,CLINICAL_REGULATORY,CDE_BREAKTHROUGH_THERAPY_INCLUDED,2021-09-03,2021-09-06,NMPA_CDE_PUBLISHED_NOTICE_ARCHIVE,NMPA_OR_CDE,official:8cee51ec61c99b192cb7c58d6c48946f,OFFICIAL_SNAPSHOT:official:8cee51ec61c99b192cb7c58d6c48946f,纳入突破性治疗品种名单:FPA144注射液:本品与mFOLFOX6 (氟尿嘧啶、亚叶酸和奥沙利铂) 联合用于一线治疗FGFR2b过表达 (免疫组织化学法检测至少10%肿瘤细胞过表达FGFR2b)、人表皮生长因子受体（HER2）阴性局部晚期或转移性胃和胃食管结合部癌（GEJ）患者。,https://www.cde.org.cn/main/xxgk/listpage/da6efd086c099b7fc949121166f0130c,OFFICIAL_CDE_CATEGORY_NO_DIRECTION,"{""applicant"": ""Five Prime Therapeutics, Inc.;Patheon Manufacturing Services LLC;杭州泰格医药科技股份有限公司"", ""approval_date"": null, ""availability_basis"": ""PUBLICATION_DATE_EXPLICIT"", ""availability_rule"": ""DATE_ONLY_NEXT_TRADE_DATE"", ""category"": ""纳入突破性治疗品种名单"", ""date_only_source_timestamp_delayed_to_next_real_trading_date"": true, ""direction_classified"": false, ""drug_name"": ""FPA144注射液"", ""entity_mapping_basis"": ""EXACT_APPLICANT_TOKEN_IN_OFFICIAL_MULTI_APPLICANT_FIELD"", ""first_observed_snapshot_only"": false, ""forward_or_historical_outcome_read"": false, ""historical_reconstruction_allowed"": true, ""indication"": ""本品与mFOLFOX6 (氟尿嘧啶、亚叶酸和奥沙利铂) 联合用于一线治疗FGFR2b过表达 (免疫组织化学法检测至少10%肿瘤细胞过表达FGFR2b)、人表皮生长因子受体（HER2）阴性局部晚期或转移性胃和胃食管结合部癌（GEJ）患者。"", ""official_source_url"": ""https://www.cde.org.cn/main/xxgk/listpage/da6efd086c099b7fc949121166f0130c"", ""predictive_weight_assigned"": false, ""publication_date"": ""2021-09-03"", ""snapshot_captured_at"": null, ""source_identity"": ""NMPA_CDE_PUBLISHED_NOTICE_ARCHIVE""}",7d826833bcc8314eb04f8efd2dbbe99a2723883e66d6486aae95f93aa06a6f33,HISTORICAL_RECONSTRUCTABLE,False,False,False,2019-04-22,2023-12-31,DESIGN_2019_2023_QUALIFIED,VERSIONED_QUALIFIED_DESIGN_UNIVERSE,data/reference/sector_931152_design_universe.csv,True
idkpi:33de1d29b789b2699459f967c068c0a78e3ea9ce726ebf6f1811081a3aaf4271,600276.SH,INNOVATION_DRUG,CLINICAL_REGULATORY,CDE_PRIORITY_REVIEW_INCLUDED,2021-09-24,2021-09-27,NMPA_CDE_PUBLISHED_NOTICE_ARCHIVE,NMPA_OR_CDE,official:118a17eaa51e8957c2f26ec5e7ab435f,OFFICIAL_SNAPSHOT:official:118a17eaa51e8957c2f26ec5e7ab435f,纳入优先审评品种名单:马来酸吡咯替尼片:本品联合曲妥珠单抗及多西他赛，适用于治疗表皮生长因子受体2（HER2）阳性早期或局部晚期乳腺癌患者的新辅助治疗,https://www.cde.org.cn/main/xxgk/listpage/2f78f372d351c6851af7431c7710a731,OFFICIAL_CDE_CATEGORY_NO_DIRECTION,"{""applicant"": ""江苏恒瑞医药股份有限公司"", ""approval_date"": null, ""availability_basis"": ""PUBLICATION_DATE_EXPLICIT"", ""availability_rule"": ""DATE_ONLY_NEXT_TRADE_DATE"", ""category"": ""纳入优先审评品种名单"", ""date_only_source_timestamp_delayed_to_next_real_trading_date"": true, ""direction_classified"": false, ""drug_name"": ""马来酸吡咯替尼片"", ""entity_mapping_basis"": ""EXACT_LISTED_ISSUER_LEGAL_NAME"", ""first_observed_snapshot_only"": false, ""forward_or_historical_outcome_read"": false, ""historical_reconstruction_allowed"": true, ""indication"": ""本品联合曲妥珠单抗及多西他赛，适用于治疗表皮生长因子受体2（HER2）阳性早期或局部晚期乳腺癌患者的新辅助治疗"", ""official_source_url"": ""https://www.cde.org.cn/main/xxgk/listpage/2f78f372d351c6851af7431c7710a731"", ""predictive_weight_assigned"": false, ""publication_date"": ""2021-09-24"", ""snapshot_captured_at"": null, ""source_identity"": ""NMPA_CDE_PUBLISHED_NOTICE_ARCHIVE""}",33de1d29b789b2699459f967c068c0a78e3ea9ce726ebf6f1811081a3aaf4271,HISTORICAL_RECONSTRUCTABLE,False,False,False,2019-04-22,2023-12-31,DESIGN_2019_2023_QUALIFIED,VERSIONED_QUALIFIED_DESIGN_UNIVERSE,data/reference/sector_931152_design_universe.csv,True
idkpi:e476d2acc9d52d594cf452fde6648a3cc568b2a12228e52aee225b9d2ac511c2,600276.SH,INNOVATION_DRUG,CLINICAL_REGULATORY,CDE_PRIORITY_REVIEW_INCLUDED,2021-09-24,2021-09-27,NMPA_CDE_PUBLISHED_NOTICE_ARCHIVE,NMPA_OR_CDE,official:e1602903bd8d473dfe3910a02f0acc2b,OFFICIAL_SNAPSHOT:official:e1602903bd8d473dfe3910a02f0acc2b,纳入优先审评品种名单:马来酸吡咯替尼片:本品联合曲妥珠单抗及多西他赛，适用于治疗表皮生长因子受体2（HER2）阳性早期或局部晚期乳腺癌患者的新辅助治疗,https://www.cde.org.cn/main/xxgk/listpage/2f78f372d351c6851af7431c7710a731,OFFICIAL_CDE_CATEGORY_NO_DIRECTION,"{""applicant"": ""江苏恒瑞医药股份有限公司"", ""approval_date"": null, ""availability_basis"": ""PUBLICATION_DATE_EXPLICIT"", ""availability_rule"": ""DATE_ONLY_NEXT_TRADE_DATE"", ""category"": ""纳入优先审评品种名单"", ""date_only_source_timestamp_delayed_to_next_real_trading_date"": true, ""direction_classified"": false, ""drug_name"": ""马来酸吡咯替尼片"", ""entity_mapping_basis"": ""EXACT_LISTED_ISSUER_LEGAL_NAME"", ""first_observed_snapshot_only"": false, ""forward_or_historical_outcome_read"": false, ""historical_reconstruction_allowed"": true, ""indication"": ""本品联合曲妥珠单抗及多西他赛，适用于治疗表皮生长因子受体2（HER2）阳性早期或局部晚期乳腺癌患者的新辅助治疗"", ""official_source_url"": ""https://www.cde.org.cn/main/xxgk/listpage/2f78f372d351c6851af7431c7710a731"", ""predictive_weight_assigned"": false, ""publication_date"": ""2021-09-24"", ""snapshot_captured_at"": null, ""source_identity"": ""NMPA_CDE_PUBLISHED_NOTICE_ARCHIVE""}",e476d2acc9d52d594cf452fde6648a3cc568b2a12228e52aee225b9d2ac511c2,HISTORICAL_RECONSTRUCTABLE,False,False,False,2019-04-22,2023-12-31,DESIGN_2019_2023_QUALIFIED,VERSIONED_QUALIFIED_DESIGN_UNIVERSE,data/reference/sector_931152_design_universe.csv,True
idkpi:c87c88abf8375911dc2d3b350b8f792b094b37616c4ba1343fb88a7a0cf105c0,600276.SH,INNOVATION_DRUG,CLINICAL_REGULATORY,CDE_PRIORITY_REVIEW_INCLUDED,2021-10-12,2021-10-13,NMPA_CDE_PUBLISHED_NOTICE_ARCHIVE,NMPA_OR_CDE,official:0601ac4b81eeefbf963fab4e700c729a,OFFICIAL_SNAPSHOT:official:0601ac4b81eeefbf963fab4e700c729a,纳入优先审评品种名单:环磷酰胺胶囊:环磷酰胺胶囊适用于治疗： 恶性淋巴瘤(Ann Arbor分期III期和IV期)，霍奇金淋巴瘤，淋巴细胞性淋巴瘤(结节性或弥漫性)，混合细胞型淋巴瘤，组织细胞性淋巴瘤，伯基特淋巴瘤 多发性骨髓瘤 白血病：慢性淋巴细胞性白血病，慢性粒细胞性白血病(急性原始细胞危象通常无效)，急性髓性和单核细胞性白血病，急性淋巴细胞性(干细胞)白血病(缓解期间给予环磷酰胺可有效延长缓解期) 蕈样真菌病(晚期) 成神经细胞瘤(弥散性疾病) 卵巢腺癌 视网膜母细胞瘤 乳腺癌,https://www.cde.org.cn/main/xxgk/listpage/2f78f372d351c6851af7431c7710a731,OFFICIAL_CDE_CATEGORY_NO_DIRECTION,"{""applicant"": ""江苏恒瑞医药股份有限公司"", ""approval_date"": null, ""availability_basis"": ""PUBLICATION_DATE_EXPLICIT"", ""availability_rule"": ""DATE_ONLY_NEXT_TRADE_DATE"", ""category"": ""纳入优先审评品种名单"", ""date_only_source_timestamp_delayed_to_next_real_trading_date"": true, ""direction_classified"": false, ""drug_name"": ""环磷酰胺胶囊"", ""entity_mapping_basis"": ""EXACT_LISTED_ISSUER_LEGAL_NAME"", ""first_observed_snapshot_only"": false, ""forward_or_historical_outcome_read"": false, ""historical_reconstruction_allowed"": true, ""indication"": ""环磷酰胺胶囊适用于治疗： 恶性淋巴瘤(Ann Arbor分期III期和IV期)，霍奇金淋巴瘤，淋巴细胞性淋巴瘤(结节性或弥漫性)，混合细胞型淋巴瘤，组织细胞性淋巴瘤，伯基特淋巴瘤 多发性骨髓瘤 白血病：慢性淋巴细胞性白血病，慢性粒细胞性白血病(急性原始细胞危象通常无效)，急性髓性和单核细胞性白血病，急性淋巴细胞性(干细胞)白血病(缓解期间给予环磷酰胺可有效延长缓解期) 蕈样真菌病(晚期) 成神经细胞瘤(弥散性疾病) 卵巢腺癌 视网膜母细胞瘤 乳腺癌"", ""official_source_url"": ""https://www.cde.org.cn/main/xxgk/listpage/2f78f372d351c6851af7431c7710a731"", ""predictive_weight_assigned"": false, ""publication_date"": ""2021-10-12"", ""snapshot_captured_at"": null, ""source_identity"": ""NMPA_CDE_PUBLISHED_NOTICE_ARCHIVE""}",c87c88abf8375911dc2d3b350b8f792b094b37616c4ba1343fb88a7a0cf105c0,HISTORICAL_RECONSTRUCTABLE,False,False,False,2019-04-22,2023-12-31,DESIGN_2019_2023_QUALIFIED,VERSIONED_QUALIFIED_DESIGN_UNIVERSE,data/reference/sector_931152_design_universe.csv,True
idkpi:e6280300e22ff64fa59b2c78d8250bbbe5723c85a98374edefb7ad4ac0226496,600276.SH,INNOVATION_DRUG,CLINICAL_REGULATORY,CDE_PRIORITY_REVIEW_INCLUDED,2021-10-28,2021-10-29,NMPA_CDE_PUBLISHED_NOTICE_ARCHIVE,NMPA_OR_CDE,official:abc69c4db158eb5d4f5e813544c225fd,OFFICIAL_SNAPSHOT:official:abc69c4db158eb5d4f5e813544c225fd,纳入优先审评品种名单:SHR3680片:本品适用于治疗高瘤负荷的转移性激素敏感性前列腺癌（mHSPC）患者。,https://www.cde.org.cn/main/xxgk/listpage/2f78f372d351c6851af7431c7710a731,OFFICIAL_CDE_CATEGORY_NO_DIRECTION,"{""applicant"": ""江苏恒瑞医药股份有限公司"", ""approval_date"": null, ""availability_basis"": ""PUBLICATION_DATE_EXPLICIT"", ""availability_rule"": ""DATE_ONLY_NEXT_TRADE_DATE"", ""category"": ""纳入优先审评品种名单"", ""date_only_source_timestamp_delayed_to_next_real_trading_date"": true, ""direction_classified"": false, ""drug_name"": ""SHR3680片"", ""entity_mapping_basis"": ""EXACT_LISTED_ISSUER_LEGAL_NAME"", ""first_observed_snapshot_only"": false, ""forward_or_historical_outcome_read"": false, ""historical_reconstruction_allowed"": true, ""indication"": ""本品适用于治疗高瘤负荷的转移性激素敏感性前列腺癌（mHSPC）患者。"", ""official_source_url"": ""https://www.cde.org.cn/main/xxgk/listpage/2f78f372d351c6851af7431c7710a731"", ""predictive_weight_assigned"": false, ""publication_date"": ""2021-10-28"", ""snapshot_captured_at"": null, ""source_identity"": ""NMPA_CDE_PUBLISHED_NOTICE_ARCHIVE""}",e6280300e22ff64fa59b2c78d8250bbbe5723c85a98374edefb7ad4ac0226496,HISTORICAL_RECONSTRUCTABLE,False,False,False,2019-04-22,2023-12-31,DESIGN_2019_2023_QUALIFIED,VERSIONED_QUALIFIED_DESIGN_UNIVERSE,data/reference/sector_931152_design_universe.csv,True
idkpi:59d38539d69f14f6147eb34b99df635b4c76dddb3318bd11e9dfea77809a9369,300347.SZ,INNOVATION_DRUG,CLINICAL_REGULATORY,CDE_PRIORITY_REVIEW_INCLUDED,2022-03-24,2022-03-25,NMPA_CDE_PUBLISHED_NOTICE_ARCHIVE,NMPA_OR_CDE,official:ddbddcfe071bb8f8e9dc5330b899afa7,OFFICIAL_SNAPSHOT:official:ddbddcfe071bb8f8e9dc5330b899afa7,纳入优先审评品种名单:蔗糖氢氧化氧铁咀嚼片:高磷血症。用于接受血液透析（HD）或腹膜透析（PD）的成人慢性肾脏病（CKD）患者高磷血症的治 疗。用于12岁及以上CKD 4-5期（定义为肾小球滤过率<30 mL/min/1.73 m2）或接受透析的CKD儿科 患者高磷血症的治疗。,https://www.cde.org.cn/main/xxgk/listpage/2f78f372d351c6851af7431c7710a731,OFFICIAL_CDE_CATEGORY_NO_DIRECTION,"{""applicant"": ""杭州泰格医药科技股份有限公司"", ""approval_date"": null, ""availability_basis"": ""PUBLICATION_DATE_EXPLICIT"", ""availability_rule"": ""DATE_ONLY_NEXT_TRADE_DATE"", ""category"": ""纳入优先审评品种名单"", ""date_only_source_timestamp_delayed_to_next_real_trading_date"": true, ""direction_classified"": false, ""drug_name"": ""蔗糖氢氧化氧铁咀嚼片"", ""entity_mapping_basis"": ""EXACT_LISTED_ISSUER_LEGAL_NAME"", ""first_observed_snapshot_only"": false, ""forward_or_historical_outcome_read"": false, ""historical_reconstruction_allowed"": true, ""indication"": ""高磷血症。用于接受血液透析（HD）或腹膜透析（PD）的成人慢性肾脏病（CKD）患者高磷血症的治 疗。用于12岁及以上CKD 4-5期（定义为肾小球滤过率<30 mL/min/1.73 m2）或接受透析的CKD儿科 患者高磷血症的治疗。"", ""official_source_url"": ""https://www.cde.org.cn/main/xxgk/listpage/2f78f372d351c6851af7431c7710a731"", ""predictive_weight_assigned"": false, ""publication_date"": ""2022-03-24"", ""snapshot_captured_at"": null, ""source_identity"": ""NMPA_CDE_PUBLISHED_NOTICE_ARCHIVE""}",59d38539d69f14f6147eb34b99df635b4c76dddb3318bd11e9dfea77809a9369,HISTORICAL_RECONSTRUCTABLE,False,False,False,2019-04-22,2023-12-31,DESIGN_2019_2023_QUALIFIED,VERSIONED_QUALIFIED_DESIGN_UNIVERSE,data/reference/sector_931152_design_universe.csv,True
idkpi:03d75d7194a47f96ef0e819735c88f411ed1e4e1c812a7fa8bbd3a63f20bebff,600276.SH,INNOVATION_DRUG,CLINICAL_REGULATORY,CDE_CONDITIONAL_APPROVAL,2022-05-31,2022-06-01,NMPA_CDE_PUBLISHED_NOTICE_ARCHIVE,NMPA_OR_CDE,conditional:c08c62687989c51925a278706f3005dc19ddd5bc8689cb0864914b6a0375a106,OFFICIAL_SNAPSHOT:conditional:c08c62687989c51925a278706f3005dc19ddd5bc8689cb0864914b6a0375a106,附条件批准品种:马来酸吡咯替尼片:本品与曲妥珠单抗和多西他赛联合，用于表皮生长因子受体2（HER2）阳性早期或局部晚期乳腺癌患者的新辅助治疗。,https://www.cde.org.cn/main/xxgk/listpage/c8d79e513a6df98adf05893281ace198,OFFICIAL_CDE_CATEGORY_NO_DIRECTION,"{""applicant"": ""江苏恒瑞医药股份有限公司"", ""approval_date"": ""2022-05-31"", ""availability_basis"": ""OFFICIAL_APPROVAL_DATE_EXPLICIT"", ""availability_rule"": ""DATE_ONLY_NEXT_TRADE_DATE"", ""category"": ""附条件批准品种"", ""date_only_source_timestamp_delayed_to_next_real_trading_date"": true, ""direction_classified"": false, ""drug_name"": ""马来酸吡咯替尼片"", ""entity_mapping_basis"": ""EXACT_LISTED_ISSUER_LEGAL_NAME"", ""first_observed_snapshot_only"": false, ""forward_or_historical_outcome_read"": false, ""historical_reconstruction_allowed"": true, ""indication"": ""本品与曲妥珠单抗和多西他赛联合，用于表皮生长因子受体2（HER2）阳性早期或局部晚期乳腺癌患者的新辅助治疗。"", ""official_source_url"": ""https://www.cde.org.cn/main/xxgk/listpage/c8d79e513a6df98adf05893281ace198"", ""predictive_weight_assigned"": false, ""publication_date"": null, ""snapshot_captured_at"": null, ""source_identity"": ""NMPA_CDE_PUBLISHED_NOTICE_ARCHIVE""}",03d75d7194a47f96ef0e819735c88f411ed1e4e1c812a7fa8bbd3a63f20bebff,HISTORICAL_RECONSTRUCTABLE,False,False,False,2019-04-22,2023-12-31,DESIGN_2019_2023_QUALIFIED,VERSIONED_QUALIFIED_DESIGN_UNIVERSE,data/reference/sector_931152_design_universe.csv,True
idkpi:1a11a2c5c02cfa09f945f69b8551af15cbf4e19e0b2008b8906839ce678c9d1c,600276.SH,INNOVATION_DRUG,CLINICAL_REGULATORY,CDE_CONDITIONAL_APPROVAL,2022-06-28,2022-06-29,NMPA_CDE_PUBLISHED_NOTICE_ARCHIVE,NMPA_OR_CDE,conditional:21f85b306ead51fb1e5e867e26362c414e4144e8a8f3f36360aaf88ce898184e,OFFICIAL_SNAPSHOT:conditional:21f85b306ead51fb1e5e867e26362c414e4144e8a8f3f36360aaf88ce898184e,附条件批准品种:瑞维鲁胺片:本品适用于治疗高瘤负荷的转移性激素敏感性前列腺癌（mHSPC）患者。,https://www.cde.org.cn/main/xxgk/listpage/c8d79e513a6df98adf05893281ace198,OFFICIAL_CDE_CATEGORY_NO_DIRECTION,"{""applicant"": ""江苏恒瑞医药股份有限公司"", ""approval_date"": ""2022-06-28"", ""availability_basis"": ""OFFICIAL_APPROVAL_DATE_EXPLICIT"", ""availability_rule"": ""DATE_ONLY_NEXT_TRADE_DATE"", ""category"": ""附条件批准品种"", ""date_only_source_timestamp_delayed_to_next_real_trading_date"": true, ""direction_classified"": false, ""drug_name"": ""瑞维鲁胺片"", ""entity_mapping_basis"": ""EXACT_LISTED_ISSUER_LEGAL_NAME"", ""first_observed_snapshot_only"": false, ""forward_or_historical_outcome_read"": false, ""historical_reconstruction_allowed"": true, ""indication"": ""本品适用于治疗高瘤负荷的转移性激素敏感性前列腺癌（mHSPC）患者。"", ""official_source_url"": ""https://www.cde.org.cn/main/xxgk/listpage/c8d79e513a6df98adf05893281ace198"", ""predictive_weight_assigned"": false, ""publication_date"": null, ""snapshot_captured_at"": null, ""source_identity"": ""NMPA_CDE_PUBLISHED_NOTICE_ARCHIVE""}",1a11a2c5c02cfa09f945f69b8551af15cbf4e19e0b2008b8906839ce678c9d1c,HISTORICAL_RECONSTRUCTABLE,False,False,False,2019-04-22,2023-12-31,DESIGN_2019_2023_QUALIFIED,VERSIONED_QUALIFIED_DESIGN_UNIVERSE,data/reference/sector_931152_design_universe.csv,True
idkpi:18c4be237e6fb2312733c37d2eb02253c5eadce6518cf94a99c996d8e85c16f6,600276.SH,INNOVATION_DRUG,CLINICAL_REGULATORY,CDE_BREAKTHROUGH_THERAPY_INCLUDED,2022-10-20,2022-10-21,NMPA_CDE_PUBLISHED_NOTICE_ARCHIVE,NMPA_OR_CDE,official:e0f4c850a315258d0455af52c0becea3,OFFICIAL_SNAPSHOT:official:e0f4c850a315258d0455af52c0becea3,纳入突破性治疗品种名单:苹果酸法米替尼胶囊:注射用卡瑞利珠单抗联合苹果酸法米替尼胶囊一线治疗肿瘤细胞PD-L1表达阳性（TPS≥1%）且不伴有EGFR/ALK基因异常的复发性或转移性非小细胞肺癌,https://www.cde.org.cn/main/xxgk/listpage/da6efd086c099b7fc949121166f0130c,OFFICIAL_CDE_CATEGORY_NO_DIRECTION,"{""applicant"": ""江苏恒瑞医药股份有限公司;江苏恒瑞医药股份有限公司;上海恒瑞医药有限公司"", ""approval_date"": null, ""availability_basis"": ""PUBLICATION_DATE_EXPLICIT"", ""availability_rule"": ""DATE_ONLY_NEXT_TRADE_DATE"", ""category"": ""纳入突破性治疗品种名单"", ""date_only_source_timestamp_delayed_to_next_real_trading_date"": true, ""direction_classified"": false, ""drug_name"": ""苹果酸法米替尼胶囊"", ""entity_mapping_basis"": ""EXACT_APPLICANT_TOKEN_IN_OFFICIAL_MULTI_APPLICANT_FIELD"", ""first_observed_snapshot_only"": false, ""forward_or_historical_outcome_read"": false, ""historical_reconstruction_allowed"": true, ""indication"": ""注射用卡瑞利珠单抗联合苹果酸法米替尼胶囊一线治疗肿瘤细胞PD-L1表达阳性（TPS≥1%）且不伴有EGFR/ALK基因异常的复发性或转移性非小细胞肺癌"", ""official_source_url"": ""https://www.cde.org.cn/main/xxgk/listpage/da6efd086c099b7fc949121166f0130c"", ""predictive_weight_assigned"": false, ""publication_date"": ""2022-10-20"", ""snapshot_captured_at"": null, ""source_identity"": ""NMPA_CDE_PUBLISHED_NOTICE_ARCHIVE""}",18c4be237e6fb2312733c37d2eb02253c5eadce6518cf94a99c996d8e85c16f6,HISTORICAL_RECONSTRUCTABLE,False,False,False,2019-04-22,2023-12-31,DESIGN_2019_2023_QUALIFIED,VERSIONED_QUALIFIED_DESIGN_UNIVERSE,data/reference/sector_931152_design_universe.csv,True
idkpi:25fb8b0fd964c5fc9da03515df19e402b2a63e1929b09069527e4f4e583bb51e,600276.SH,INNOVATION_DRUG,CLINICAL_REGULATORY,CDE_BREAKTHROUGH_THERAPY_INCLUDED,2022-10-20,2022-10-21,NMPA_CDE_PUBLISHED_NOTICE_ARCHIVE,NMPA_OR_CDE,official:523c979b395256332cb74cd37b6e0e45,OFFICIAL_SNAPSHOT:official:523c979b395256332cb74cd37b6e0e45,纳入突破性治疗品种名单:苹果酸法米替尼胶囊:注射用卡瑞利珠单抗联合苹果酸法米替尼胶囊一线治疗肿瘤细胞PD-L1表达阳性（TPS≥1%）且不伴有EGFR/ALK基因异常的复发性或转移性非小细胞肺癌,https://www.cde.org.cn/main/xxgk/listpage/da6efd086c099b7fc949121166f0130c,OFFICIAL_CDE_CATEGORY_NO_DIRECTION,"{""applicant"": ""江苏恒瑞医药股份有限公司;江苏恒瑞医药股份有限公司;上海恒瑞医药有限公司"", ""approval_date"": null, ""availability_basis"": ""PUBLICATION_DATE_EXPLICIT"", ""availability_rule"": ""DATE_ONLY_NEXT_TRADE_DATE"", ""category"": ""纳入突破性治疗品种名单"", ""date_only_source_timestamp_delayed_to_next_real_trading_date"": true, ""direction_classified"": false, ""drug_name"": ""苹果酸法米替尼胶囊"", ""entity_mapping_basis"": ""EXACT_APPLICANT_TOKEN_IN_OFFICIAL_MULTI_APPLICANT_FIELD"", ""first_observed_snapshot_only"": false, ""forward_or_historical_outcome_read"": false, ""historical_reconstruction_allowed"": true, ""indication"": ""注射用卡瑞利珠单抗联合苹果酸法米替尼胶囊一线治疗肿瘤细胞PD-L1表达阳性（TPS≥1%）且不伴有EGFR/ALK基因异常的复发性或转移性非小细胞肺癌"", ""official_source_url"": ""https://www.cde.org.cn/main/xxgk/listpage/da6efd086c099b7fc949121166f0130c"", ""predictive_weight_assigned"": false, ""publication_date"": ""2022-10-20"", ""snapshot_captured_at"": null, ""source_identity"": ""NMPA_CDE_PUBLISHED_NOTICE_ARCHIVE""}",25fb8b0fd964c5fc9da03515df19e402b2a63e1929b09069527e4f4e583bb51e,HISTORICAL_RECONSTRUCTABLE,False,False,False,2019-04-22,2023-12-31,DESIGN_2019_2023_QUALIFIED,VERSIONED_QUALIFIED_DESIGN_UNIVERSE,data/reference/sector_931152_design_universe.csv,True
idkpi:57f3108aa6669db41aa7ea1cc97202506d08f2c37c2a58cc74bdf3265bb7dc50,600276.SH,INNOVATION_DRUG,CLINICAL_REGULATORY,CDE_BREAKTHROUGH_THERAPY_INCLUDED,2022-10-20,2022-10-21,NMPA_CDE_PUBLISHED_NOTICE_ARCHIVE,NMPA_OR_CDE,official:d8c80f8b1c04df67f3dfc44e781464b8,OFFICIAL_SNAPSHOT:official:d8c80f8b1c04df67f3dfc44e781464b8,纳入突破性治疗品种名单:注射用卡瑞利珠单抗:注射用卡瑞利珠单抗联合苹果酸法米替尼胶囊一线治疗肿瘤细胞PD-L1表达阳性（TPS≥1%）且不伴有EGFR/ALK基因异常的复发性或转移性非小细胞肺癌,https://www.cde.org.cn/main/xxgk/listpage/da6efd086c099b7fc949121166f0130c,OFFICIAL_CDE_CATEGORY_NO_DIRECTION,"{""applicant"": ""苏州盛迪亚生物医药有限公司;苏州盛迪亚生物医药有限公司;江苏恒瑞医药股份有限公司;上海恒瑞医药有限公司"", ""approval_date"": null, ""availability_basis"": ""PUBLICATION_DATE_EXPLICIT"", ""availability_rule"": ""DATE_ONLY_NEXT_TRADE_DATE"", ""category"": ""纳入突破性治疗品种名单"", ""date_only_source_timestamp_delayed_to_next_real_trading_date"": true, ""direction_classified"": false, ""drug_name"": ""注射用卡瑞利珠单抗"", ""entity_mapping_basis"": ""EXACT_APPLICANT_TOKEN_IN_OFFICIAL_MULTI_APPLICANT_FIELD"", ""first_observed_snapshot_only"": false, ""forward_or_historical_outcome_read"": false, ""historical_reconstruction_allowed"": true, ""indication"": ""注射用卡瑞利珠单抗联合苹果酸法米替尼胶囊一线治疗肿瘤细胞PD-L1表达阳性（TPS≥1%）且不伴有EGFR/ALK基因异常的复发性或转移性非小细胞肺癌"", ""official_source_url"": ""https://www.cde.org.cn/main/xxgk/listpage/da6efd086c099b7fc949121166f0130c"", ""predictive_weight_assigned"": false, ""publication_date"": ""2022-10-20"", ""snapshot_captured_at"": null, ""source_identity"": ""NMPA_CDE_PUBLISHED_NOTICE_ARCHIVE""}",57f3108aa6669db41aa7ea1cc97202506d08f2c37c2a58cc74bdf3265bb7dc50,HISTORICAL_RECONSTRUCTABLE,False,False,False,2019-04-22,2023-12-31,DESIGN_2019_2023_QUALIFIED,VERSIONED_QUALIFIED_DESIGN_UNIVERSE,data/reference/sector_931152_design_universe.csv,True
idkpi:1822d3405844e7a7f8e43cee2691c5deefedfeaafa62c34d74ea346778489111,600276.SH,INNOVATION_DRUG,CLINICAL_REGULATORY,CDE_BREAKTHROUGH_THERAPY_INCLUDED,2022-11-03,2022-11-04,NMPA_CDE_PUBLISHED_NOTICE_ARCHIVE,NMPA_OR_CDE,official:f0bdd32fe6e9fccd2b08e945777726ec,OFFICIAL_SNAPSHOT:official:f0bdd32fe6e9fccd2b08e945777726ec,纳入突破性治疗品种名单:马来酸吡咯替尼片:马来酸吡咯替尼片与曲妥珠单抗和多西他赛联合，用于治疗表皮生长因子受体2（HER2）阳性、晚期阶段未接受过抗HER2治疗的复发或转移性乳腺癌患者,https://www.cde.org.cn/main/xxgk/listpage/da6efd086c099b7fc949121166f0130c,OFFICIAL_CDE_CATEGORY_NO_DIRECTION,"{""applicant"": ""江苏恒瑞医药股份有限公司;江苏恒瑞医药股份有限公司;上海恒瑞医药有限公司"", ""approval_date"": null, ""availability_basis"": ""PUBLICATION_DATE_EXPLICIT"", ""availability_rule"": ""DATE_ONLY_NEXT_TRADE_DATE"", ""category"": ""纳入突破性治疗品种名单"", ""date_only_source_timestamp_delayed_to_next_real_trading_date"": true, ""direction_classified"": false, ""drug_name"": ""马来酸吡咯替尼片"", ""entity_mapping_basis"": ""EXACT_APPLICANT_TOKEN_IN_OFFICIAL_MULTI_APPLICANT_FIELD"", ""first_observed_snapshot_only"": false, ""forward_or_historical_outcome_read"": false, ""historical_reconstruction_allowed"": true, ""indication"": ""马来酸吡咯替尼片与曲妥珠单抗和多西他赛联合，用于治疗表皮生长因子受体2（HER2）阳性、晚期阶段未接受过抗HER2治疗的复发或转移性乳腺癌患者"", ""official_source_url"": ""https://www.cde.org.cn/main/xxgk/listpage/da6efd086c099b7fc949121166f0130c"", ""predictive_weight_assigned"": false, ""publication_date"": ""2022-11-03"", ""snapshot_captured_at"": null, ""source_identity"": ""NMPA_CDE_PUBLISHED_NOTICE_ARCHIVE""}",1822d3405844e7a7f8e43cee2691c5deefedfeaafa62c34d74ea346778489111,HISTORICAL_RECONSTRUCTABLE,False,False,False,2019-04-22,2023-12-31,DESIGN_2019_2023_QUALIFIED,VERSIONED_QUALIFIED_DESIGN_UNIVERSE,data/reference/sector_931152_design_universe.csv,True
idkpi:d8616061b4619daa9f1856b1e5689d19fe43294f318f0268f89e7efc74161cf3,600276.SH,INNOVATION_DRUG,CLINICAL_REGULATORY,CDE_BREAKTHROUGH_THERAPY_INCLUDED,2022-11-03,2022-11-04,NMPA_CDE_PUBLISHED_NOTICE_ARCHIVE,NMPA_OR_CDE,official:628fab219966aa11e8c462908535c647,OFFICIAL_SNAPSHOT:official:628fab219966aa11e8c462908535c647,纳入突破性治疗品种名单:马来酸吡咯替尼片:马来酸吡咯替尼片与曲妥珠单抗和多西他赛联合，用于治疗表皮生长因子受体2（HER2）阳性、晚期阶段未接受过抗HER2治疗的复发或转移性乳腺癌患者,https://www.cde.org.cn/main/xxgk/listpage/da6efd086c099b7fc949121166f0130c,OFFICIAL_CDE_CATEGORY_NO_DIRECTION,"{""applicant"": ""江苏恒瑞医药股份有限公司;江苏恒瑞医药股份有限公司;上海恒瑞医药有限公司"", ""approval_date"": null, ""availability_basis"": ""PUBLICATION_DATE_EXPLICIT"", ""availability_rule"": ""DATE_ONLY_NEXT_TRADE_DATE"", ""category"": ""纳入突破性治疗品种名单"", ""date_only_source_timestamp_delayed_to_next_real_trading_date"": true, ""direction_classified"": false, ""drug_name"": ""马来酸吡咯替尼片"", ""entity_mapping_basis"": ""EXACT_APPLICANT_TOKEN_IN_OFFICIAL_MULTI_APPLICANT_FIELD"", ""first_observed_snapshot_only"": false, ""forward_or_historical_outcome_read"": false, ""historical_reconstruction_allowed"": true, ""indication"": ""马来酸吡咯替尼片与曲妥珠单抗和多西他赛联合，用于治疗表皮生长因子受体2（HER2）阳性、晚期阶段未接受过抗HER2治疗的复发或转移性乳腺癌患者"", ""official_source_url"": ""https://www.cde.org.cn/main/xxgk/listpage/da6efd086c099b7fc949121166f0130c"", ""predictive_weight_assigned"": false, ""publication_date"": ""2022-11-03"", ""snapshot_captured_at"": null, ""source_identity"": ""NMPA_CDE_PUBLISHED_NOTICE_ARCHIVE""}",d8616061b4619daa9f1856b1e5689d19fe43294f318f0268f89e7efc74161cf3,HISTORICAL_RECONSTRUCTABLE,False,False,False,2019-04-22,2023-12-31,DESIGN_2019_2023_QUALIFIED,VERSIONED_QUALIFIED_DESIGN_UNIVERSE,data/reference/sector_931152_design_universe.csv,True
idkpi:89a2687e1dbfd2a804c40421f64b450fd698d961360d9c0c79390eb3bdeec394,600276.SH,INNOVATION_DRUG,CLINICAL_REGULATORY,CDE_PRIORITY_REVIEW_INCLUDED,2022-11-15,2022-11-16,NMPA_CDE_PUBLISHED_NOTICE_ARCHIVE,NMPA_OR_CDE,official:129a091cc028f8ede0c0c0072006c7d7,OFFICIAL_SNAPSHOT:official:129a091cc028f8ede0c0c0072006c7d7,纳入优先审评品种名单:马来酸吡咯替尼片:马来酸吡咯替尼片与曲妥珠单抗和多西他赛联合，用于治疗表皮生长因子受体2（HER2）阳性、晚期阶段未接受过抗HER2治疗的复发或转移性乳腺癌患者,https://www.cde.org.cn/main/xxgk/listpage/2f78f372d351c6851af7431c7710a731,OFFICIAL_CDE_CATEGORY_NO_DIRECTION,"{""applicant"": ""江苏恒瑞医药股份有限公司"", ""approval_date"": null, ""availability_basis"": ""PUBLICATION_DATE_EXPLICIT"", ""availability_rule"": ""DATE_ONLY_NEXT_TRADE_DATE"", ""category"": ""纳入优先审评品种名单"", ""date_only_source_timestamp_delayed_to_next_real_trading_date"": true, ""direction_classified"": false, ""drug_name"": ""马来酸吡咯替尼片"", ""entity_mapping_basis"": ""EXACT_LISTED_ISSUER_LEGAL_NAME"", ""first_observed_snapshot_only"": false, ""forward_or_historical_outcome_read"": false, ""historical_reconstruction_allowed"": true, ""indication"": ""马来酸吡咯替尼片与曲妥珠单抗和多西他赛联合，用于治疗表皮生长因子受体2（HER2）阳性、晚期阶段未接受过抗HER2治疗的复发或转移性乳腺癌患者"", ""official_source_url"": ""https://www.cde.org.cn/main/xxgk/listpage/2f78f372d351c6851af7431c7710a731"", ""predictive_weight_assigned"": false, ""publication_date"": ""2022-11-15"", ""snapshot_captured_at"": null, ""source_identity"": ""NMPA_CDE_PUBLISHED_NOTICE_ARCHIVE""}",89a2687e1dbfd2a804c40421f64b450fd698d961360d9c0c79390eb3bdeec394,HISTORICAL_RECONSTRUCTABLE,False,False,False,2019-04-22,2023-12-31,DESIGN_2019_2023_QUALIFIED,VERSIONED_QUALIFIED_DESIGN_UNIVERSE,data/reference/sector_931152_design_universe.csv,True
idkpi:da0d998b9e5e09585f17af85061ceff60d28ab447abe8f5b8dd28095c473d541,600276.SH,INNOVATION_DRUG,CLINICAL_REGULATORY,CDE_PRIORITY_REVIEW_INCLUDED,2022-11-15,2022-11-16,NMPA_CDE_PUBLISHED_NOTICE_ARCHIVE,NMPA_OR_CDE,official:e56fe318faf61125b4b7dbc372e4b7ca,OFFICIAL_SNAPSHOT:official:e56fe318faf61125b4b7dbc372e4b7ca,纳入优先审评品种名单:马来酸吡咯替尼片:马来酸吡咯替尼片与曲妥珠单抗和多西他赛联合，用于治疗表皮生长因子受体2（HER2）阳性、晚期阶段未接受过抗HER2治疗的复发或转移性乳腺癌患者,https://www.cde.org.cn/main/xxgk/listpage/2f78f372d351c6851af7431c7710a731,OFFICIAL_CDE_CATEGORY_NO_DIRECTION,"{""applicant"": ""江苏恒瑞医药股份有限公司"", ""approval_date"": null, ""availability_basis"": ""PUBLICATION_DATE_EXPLICIT"", ""availability_rule"": ""DATE_ONLY_NEXT_TRADE_DATE"", ""category"": ""纳入优先审评品种名单"", ""date_only_source_timestamp_delayed_to_next_real_trading_date"": true, ""direction_classified"": false, ""drug_name"": ""马来酸吡咯替尼片"", ""entity_mapping_basis"": ""EXACT_LISTED_ISSUER_LEGAL_NAME"", ""first_observed_snapshot_only"": false, ""forward_or_historical_outcome_read"": false, ""historical_reconstruction_allowed"": true, ""indication"": ""马来酸吡咯替尼片与曲妥珠单抗和多西他赛联合，用于治疗表皮生长因子受体2（HER2）阳性、晚期阶段未接受过抗HER2治疗的复发或转移性乳腺癌患者"", ""official_source_url"": ""https://www.cde.org.cn/main/xxgk/listpage/2f78f372d351c6851af7431c7710a731"", ""predictive_weight_assigned"": false, ""publication_date"": ""2022-11-15"", ""snapshot_captured_at"": null, ""source_identity"": ""NMPA_CDE_PUBLISHED_NOTICE_ARCHIVE""}",da0d998b9e5e09585f17af85061ceff60d28ab447abe8f5b8dd28095c473d541,HISTORICAL_RECONSTRUCTABLE,False,False,False,2019-04-22,2023-12-31,DESIGN_2019_2023_QUALIFIED,VERSIONED_QUALIFIED_DESIGN_UNIVERSE,data/reference/sector_931152_design_universe.csv,True
idkpi:14560501440d46a7cd862c302357ca9a5a34c40acfede9d3950b77e629bf0c2d,600276.SH,INNOVATION_DRUG,CLINICAL_REGULATORY,CDE_BREAKTHROUGH_THERAPY_INCLUDED,2023-01-16,2023-01-17,NMPA_CDE_PUBLISHED_NOTICE_ARCHIVE,NMPA_OR_CDE,official:1e4ce94f54719bb758fa2f4bef3ca902,OFFICIAL_SNAPSHOT:official:1e4ce94f54719bb758fa2f4bef3ca902,纳入突破性治疗品种名单:SHR2554片:复发或难治的外周T细胞淋巴瘤患者,https://www.cde.org.cn/main/xxgk/listpage/da6efd086c099b7fc949121166f0130c,OFFICIAL_CDE_CATEGORY_NO_DIRECTION,"{""applicant"": ""江苏恒瑞医药股份有限公司;江苏恒瑞医药股份有限公司;上海恒瑞医药有限公司"", ""approval_date"": null, ""availability_basis"": ""PUBLICATION_DATE_EXPLICIT"", ""availability_rule"": ""DATE_ONLY_NEXT_TRADE_DATE"", ""category"": ""纳入突破性治疗品种名单"", ""date_only_source_timestamp_delayed_to_next_real_trading_date"": true, ""direction_classified"": false, ""drug_name"": ""SHR2554片"", ""entity_mapping_basis"": ""EXACT_APPLICANT_TOKEN_IN_OFFICIAL_MULTI_APPLICANT_FIELD"", ""first_observed_snapshot_only"": false, ""forward_or_historical_outcome_read"": false, ""historical_reconstruction_allowed"": true, ""indication"": ""复发或难治的外周T细胞淋巴瘤患者"", ""official_source_url"": ""https://www.cde.org.cn/main/xxgk/listpage/da6efd086c099b7fc949121166f0130c"", ""predictive_weight_assigned"": false, ""publication_date"": ""2023-01-16"", ""snapshot_captured_at"": null, ""source_identity"": ""NMPA_CDE_PUBLISHED_NOTICE_ARCHIVE""}",14560501440d46a7cd862c302357ca9a5a34c40acfede9d3950b77e629bf0c2d,HISTORICAL_RECONSTRUCTABLE,False,False,False,2019-04-22,2023-12-31,DESIGN_2019_2023_QUALIFIED,VERSIONED_QUALIFIED_DESIGN_UNIVERSE,data/reference/sector_931152_design_universe.csv,True
idkpi:a3d440ce19fdb4264fe18b980db82179c5f201997a370796841f537e6a3a8c71,600276.SH,INNOVATION_DRUG,CLINICAL_REGULATORY,CDE_BREAKTHROUGH_THERAPY_INCLUDED,2023-01-16,2023-01-17,NMPA_CDE_PUBLISHED_NOTICE_ARCHIVE,NMPA_OR_CDE,official:081014dd6ccec4c1e051423a6fe0e6f9,OFFICIAL_SNAPSHOT:official:081014dd6ccec4c1e051423a6fe0e6f9,纳入突破性治疗品种名单:SHR2554片:复发或难治的外周T细胞淋巴瘤患者,https://www.cde.org.cn/main/xxgk/listpage/da6efd086c099b7fc949121166f0130c,OFFICIAL_CDE_CATEGORY_NO_DIRECTION,"{""applicant"": ""江苏恒瑞医药股份有限公司;江苏恒瑞医药股份有限公司;上海恒瑞医药有限公司"", ""approval_date"": null, ""availability_basis"": ""PUBLICATION_DATE_EXPLICIT"", ""availability_rule"": ""DATE_ONLY_NEXT_TRADE_DATE"", ""category"": ""纳入突破性治疗品种名单"", ""date_only_source_timestamp_delayed_to_next_real_trading_date"": true, ""direction_classified"": false, ""drug_name"": ""SHR2554片"", ""entity_mapping_basis"": ""EXACT_APPLICANT_TOKEN_IN_OFFICIAL_MULTI_APPLICANT_FIELD"", ""first_observed_snapshot_only"": false, ""forward_or_historical_outcome_read"": false, ""historical_reconstruction_allowed"": true, ""indication"": ""复发或难治的外周T细胞淋巴瘤患者"", ""official_source_url"": ""https://www.cde.org.cn/main/xxgk/listpage/da6efd086c099b7fc949121166f0130c"", ""predictive_weight_assigned"": false, ""publication_date"": ""2023-01-16"", ""snapshot_captured_at"": null, ""source_identity"": ""NMPA_CDE_PUBLISHED_NOTICE_ARCHIVE""}",a3d440ce19fdb4264fe18b980db82179c5f201997a370796841f537e6a3a8c71,HISTORICAL_RECONSTRUCTABLE,False,False,False,2019-04-22,2023-12-31,DESIGN_2019_2023_QUALIFIED,VERSIONED_QUALIFIED_DESIGN_UNIVERSE,data/reference/sector_931152_design_universe.csv,True
idkpi:532c4a182332298391da25dc9f4b365667041ee96581f0031f1c8550cef0e82b,600276.SH,INNOVATION_DRUG,CLINICAL_REGULATORY,CDE_BREAKTHROUGH_THERAPY_INCLUDED,2023-02-10,2023-02-13,NMPA_CDE_PUBLISHED_NOTICE_ARCHIVE,NMPA_OR_CDE,official:2c49e4fa9304c5d0781f04d5f155a7e5,OFFICIAL_SNAPSHOT:official:2c49e4fa9304c5d0781f04d5f155a7e5,纳入突破性治疗品种名单:注射用SHR-A1811:注射用SHR-A1811用于人表皮生长因子受体2（HER2）阳性的复发或转移性乳腺癌患者,https://www.cde.org.cn/main/xxgk/listpage/da6efd086c099b7fc949121166f0130c,OFFICIAL_CDE_CATEGORY_NO_DIRECTION,"{""applicant"": ""上海恒瑞医药有限公司;江苏恒瑞医药股份有限公司;苏州盛迪亚生物医药有限公司"", ""approval_date"": null, ""availability_basis"": ""PUBLICATION_DATE_EXPLICIT"", ""availability_rule"": ""DATE_ONLY_NEXT_TRADE_DATE"", ""category"": ""纳入突破性治疗品种名单"", ""date_only_source_timestamp_delayed_to_next_real_trading_date"": true, ""direction_classified"": false, ""drug_name"": ""注射用SHR-A1811"", ""entity_mapping_basis"": ""EXACT_APPLICANT_TOKEN_IN_OFFICIAL_MULTI_APPLICANT_FIELD"", ""first_observed_snapshot_only"": false, ""forward_or_historical_outcome_read"": false, ""historical_reconstruction_allowed"": true, ""indication"": ""注射用SHR-A1811用于人表皮生长因子受体2（HER2）阳性的复发或转移性乳腺癌患者"", ""official_source_url"": ""https://www.cde.org.cn/main/xxgk/listpage/da6efd086c099b7fc949121166f0130c"", ""predictive_weight_assigned"": false, ""publication_date"": ""2023-02-10"", ""snapshot_captured_at"": null, ""source_identity"": ""NMPA_CDE_PUBLISHED_NOTICE_ARCHIVE""}",532c4a182332298391da25dc9f4b365667041ee96581f0031f1c8550cef0e82b,HISTORICAL_RECONSTRUCTABLE,False,False,False,2019-04-22,2023-12-31,DESIGN_2019_2023_QUALIFIED,VERSIONED_QUALIFIED_DESIGN_UNIVERSE,data/reference/sector_931152_design_universe.csv,True
idkpi:e8f044e40c03acf6e660d01062e93441574877b893d32b2d6db214bb32582e8a,600276.SH,INNOVATION_DRUG,CLINICAL_REGULATORY,CDE_BREAKTHROUGH_THERAPY_INCLUDED,2023-02-10,2023-02-13,NMPA_CDE_PUBLISHED_NOTICE_ARCHIVE,NMPA_OR_CDE,official:c148c8d470a2be43b947b5a94e95a4a0,OFFICIAL_SNAPSHOT:official:c148c8d470a2be43b947b5a94e95a4a0,纳入突破性治疗品种名单:注射用SHR-A1811:注射用SHR-A1811用于人表皮生长因子受体2（HER2）低表达的复发或转移性乳腺癌。,https://www.cde.org.cn/main/xxgk/listpage/da6efd086c099b7fc949121166f0130c,OFFICIAL_CDE_CATEGORY_NO_DIRECTION,"{""applicant"": ""上海恒瑞医药有限公司;江苏恒瑞医药股份有限公司;苏州盛迪亚生物医药有限公司"", ""approval_date"": null, ""availability_basis"": ""PUBLICATION_DATE_EXPLICIT"", ""availability_rule"": ""DATE_ONLY_NEXT_TRADE_DATE"", ""category"": ""纳入突破性治疗品种名单"", ""date_only_source_timestamp_delayed_to_next_real_trading_date"": true, ""direction_classified"": false, ""drug_name"": ""注射用SHR-A1811"", ""entity_mapping_basis"": ""EXACT_APPLICANT_TOKEN_IN_OFFICIAL_MULTI_APPLICANT_FIELD"", ""first_observed_snapshot_only"": false, ""forward_or_historical_outcome_read"": false, ""historical_reconstruction_allowed"": true, ""indication"": ""注射用SHR-A1811用于人表皮生长因子受体2（HER2）低表达的复发或转移性乳腺癌。"", ""official_source_url"": ""https://www.cde.org.cn/main/xxgk/listpage/da6efd086c099b7fc949121166f0130c"", ""predictive_weight_assigned"": false, ""publication_date"": ""2023-02-10"", ""snapshot_captured_at"": null, ""source_identity"": ""NMPA_CDE_PUBLISHED_NOTICE_ARCHIVE""}",e8f044e40c03acf6e660d01062e93441574877b893d32b2d6db214bb32582e8a,HISTORICAL_RECONSTRUCTABLE,False,False,False,2019-04-22,2023-12-31,DESIGN_2019_2023_QUALIFIED,VERSIONED_QUALIFIED_DESIGN_UNIVERSE,data/reference/sector_931152_design_universe.csv,True
idkpi:9f425bf6ca29d28568601fa036f2412156fdb5cd88922f344fdc41423afce70e,600276.SH,INNOVATION_DRUG,CLINICAL_REGULATORY,CDE_BREAKTHROUGH_THERAPY_INCLUDED,2023-03-16,2023-03-17,NMPA_CDE_PUBLISHED_NOTICE_ARCHIVE,NMPA_OR_CDE,official:071736bd870a71a483a58273bb4b43b7,OFFICIAL_SNAPSHOT:official:071736bd870a71a483a58273bb4b43b7,纳入突破性治疗品种名单:注射用SHR-A1811:注射用SHR-A1811单药治疗既往含铂化疗失败的HER2突变的晚期非小细胞肺癌患者,https://www.cde.org.cn/main/xxgk/listpage/da6efd086c099b7fc949121166f0130c,OFFICIAL_CDE_CATEGORY_NO_DIRECTION,"{""applicant"": ""上海恒瑞医药有限公司;江苏恒瑞医药股份有限公司;苏州盛迪亚生物医药有限公司"", ""approval_date"": null, ""availability_basis"": ""PUBLICATION_DATE_EXPLICIT"", ""availability_rule"": ""DATE_ONLY_NEXT_TRADE_DATE"", ""category"": ""纳入突破性治疗品种名单"", ""date_only_source_timestamp_delayed_to_next_real_trading_date"": true, ""direction_classified"": false, ""drug_name"": ""注射用SHR-A1811"", ""entity_mapping_basis"": ""EXACT_APPLICANT_TOKEN_IN_OFFICIAL_MULTI_APPLICANT_FIELD"", ""first_observed_snapshot_only"": false, ""forward_or_historical_outcome_read"": false, ""historical_reconstruction_allowed"": true, ""indication"": ""注射用SHR-A1811单药治疗既往含铂化疗失败的HER2突变的晚期非小细胞肺癌患者"", ""official_source_url"": ""https://www.cde.org.cn/main/xxgk/listpage/da6efd086c099b7fc949121166f0130c"", ""predictive_weight_assigned"": false, ""publication_date"": ""2023-03-16"", ""snapshot_captured_at"": null, ""source_identity"": ""NMPA_CDE_PUBLISHED_NOTICE_ARCHIVE""}",9f425bf6ca29d28568601fa036f2412156fdb5cd88922f344fdc41423afce70e,HISTORICAL_RECONSTRUCTABLE,False,False,False,2019-04-22,2023-12-31,DESIGN_2019_2023_QUALIFIED,VERSIONED_QUALIFIED_DESIGN_UNIVERSE,data/reference/sector_931152_design_universe.csv,True
idkpi:c7e685cb1202bdfaa09cd877101cfe93cc28e3e6413a9c0ca3b7a9a231470fde,688321.SH,INNOVATION_DRUG,CLINICAL_REGULATORY,CDE_PRIORITY_REVIEW_INCLUDED,2023-07-19,2023-07-20,NMPA_CDE_PUBLISHED_NOTICE_ARCHIVE,NMPA_OR_CDE,official:276533f641dc70d654a0a5645137954f,OFFICIAL_SNAPSHOT:official:276533f641dc70d654a0a5645137954f,纳入优先审评品种名单:西达本胺片:联合R-CHOP（利妥昔单抗、环磷酰胺、阿霉素、长春新碱和强的松）用于既往未经治疗的MYC和BCL2表达阳性的弥漫大B细胞淋巴瘤（DLBCL）患者。本适应症是基于一项随机、双盲、安慰剂对照、多中心III期试验的完全缓解率（CRR）终结果及无事件生存期（EFS）期中分析结果所给予的附条件批准。,https://www.cde.org.cn/main/xxgk/listpage/2f78f372d351c6851af7431c7710a731,OFFICIAL_CDE_CATEGORY_NO_DIRECTION,"{""applicant"": ""深圳微芯生物科技股份有限公司"", ""approval_date"": null, ""availability_basis"": ""PUBLICATION_DATE_EXPLICIT"", ""availability_rule"": ""DATE_ONLY_NEXT_TRADE_DATE"", ""category"": ""纳入优先审评品种名单"", ""date_only_source_timestamp_delayed_to_next_real_trading_date"": true, ""direction_classified"": false, ""drug_name"": ""西达本胺片"", ""entity_mapping_basis"": ""EXACT_LISTED_ISSUER_LEGAL_NAME"", ""first_observed_snapshot_only"": false, ""forward_or_historical_outcome_read"": false, ""historical_reconstruction_allowed"": true, ""indication"": ""联合R-CHOP（利妥昔单抗、环磷酰胺、阿霉素、长春新碱和强的松）用于既往未经治疗的MYC和BCL2表达阳性的弥漫大B细胞淋巴瘤（DLBCL）患者。本适应症是基于一项随机、双盲、安慰剂对照、多中心III期试验的完全缓解率（CRR）终结果及无事件生存期（EFS）期中分析结果所给予的附条件批准。"", ""official_source_url"": ""https://www.cde.org.cn/main/xxgk/listpage/2f78f372d351c6851af7431c7710a731"", ""predictive_weight_assigned"": false, ""publication_date"": ""2023-07-19"", ""snapshot_captured_at"": null, ""source_identity"": ""NMPA_CDE_PUBLISHED_NOTICE_ARCHIVE""}",c7e685cb1202bdfaa09cd877101cfe93cc28e3e6413a9c0ca3b7a9a231470fde,HISTORICAL_RECONSTRUCTABLE,False,False,False,2020-12-14,2023-12-10,DESIGN_2019_2023_QUALIFIED,VERSIONED_QUALIFIED_DESIGN_UNIVERSE,data/reference/sector_931152_design_universe.csv,True
idkpi:010df9beb06035cd2c3976cbd627a05025455c377a18207456bd1d9edb483f54,600276.SH,INNOVATION_DRUG,CLINICAL_REGULATORY,CDE_BREAKTHROUGH_THERAPY_INCLUDED,2023-09-05,2023-09-06,NMPA_CDE_PUBLISHED_NOTICE_ARCHIVE,NMPA_OR_CDE,official:5485ad189171463732d1e966bd9cea17,OFFICIAL_SNAPSHOT:official:5485ad189171463732d1e966bd9cea17,纳入突破性治疗品种名单:注射用SHR-A1811:注射用SHR-A1811单药治疗既往经奥沙利铂、氟尿嘧啶和伊立替康治疗失败、HER2阳性结直肠癌,https://www.cde.org.cn/main/xxgk/listpage/da6efd086c099b7fc949121166f0130c,OFFICIAL_CDE_CATEGORY_NO_DIRECTION,"{""applicant"": ""上海恒瑞医药有限公司;江苏恒瑞医药股份有限公司;苏州盛迪亚生物医药有限公司"", ""approval_date"": null, ""availability_basis"": ""PUBLICATION_DATE_EXPLICIT"", ""availability_rule"": ""DATE_ONLY_NEXT_TRADE_DATE"", ""category"": ""纳入突破性治疗品种名单"", ""date_only_source_timestamp_delayed_to_next_real_trading_date"": true, ""direction_classified"": false, ""drug_name"": ""注射用SHR-A1811"", ""entity_mapping_basis"": ""EXACT_APPLICANT_TOKEN_IN_OFFICIAL_MULTI_APPLICANT_FIELD"", ""first_observed_snapshot_only"": false, ""forward_or_historical_outcome_read"": false, ""historical_reconstruction_allowed"": true, ""indication"": ""注射用SHR-A1811单药治疗既往经奥沙利铂、氟尿嘧啶和伊立替康治疗失败、HER2阳性结直肠癌"", ""official_source_url"": ""https://www.cde.org.cn/main/xxgk/listpage/da6efd086c099b7fc949121166f0130c"", ""predictive_weight_assigned"": false, ""publication_date"": ""2023-09-05"", ""snapshot_captured_at"": null, ""source_identity"": ""NMPA_CDE_PUBLISHED_NOTICE_ARCHIVE""}",010df9beb06035cd2c3976cbd627a05025455c377a18207456bd1d9edb483f54,HISTORICAL_RECONSTRUCTABLE,False,False,False,2019-04-22,2023-12-31,DESIGN_2019_2023_QUALIFIED,VERSIONED_QUALIFIED_DESIGN_UNIVERSE,data/reference/sector_931152_design_universe.csv,True
idkpi:301d22a47d0e5703c561a6b3474906495fea42458989c29919ea29b1682a6b0e,688578.SH,INNOVATION_DRUG,CLINICAL_REGULATORY,CDE_BREAKTHROUGH_THERAPY_INCLUDED,2024-01-08,2024-01-09,NMPA_CDE_PUBLISHED_NOTICE_ARCHIVE,NMPA_OR_CDE,official:6175d6a48315604e1c1e8fd18816cb94,OFFICIAL_SNAPSHOT:official:6175d6a48315604e1c1e8fd18816cb94,纳入突破性治疗品种名单:甲磺酸伏美替尼片:本品适用于具有表皮生长因子受体（EGFR）20外显子插入突变的局部晚期或转移性非小细胞肺癌（NSCLC）成人患者的一线治疗。,https://www.cde.org.cn/main/xxgk/listpage/da6efd086c099b7fc949121166f0130c,OFFICIAL_CDE_CATEGORY_NO_DIRECTION,"{""applicant"": ""上海艾力斯医药科技股份有限公司"", ""approval_date"": null, ""availability_basis"": ""PUBLICATION_DATE_EXPLICIT"", ""availability_rule"": ""DATE_ONLY_NEXT_TRADE_DATE"", ""category"": ""纳入突破性治疗品种名单"", ""date_only_source_timestamp_delayed_to_next_real_trading_date"": true, ""direction_classified"": false, ""drug_name"": ""甲磺酸伏美替尼片"", ""entity_mapping_basis"": ""EXACT_LISTED_ISSUER_LEGAL_NAME"", ""first_observed_snapshot_only"": false, ""forward_or_historical_outcome_read"": false, ""historical_reconstruction_allowed"": true, ""indication"": ""本品适用于具有表皮生长因子受体（EGFR）20外显子插入突变的局部晚期或转移性非小细胞肺癌（NSCLC）成人患者的一线治疗。"", ""official_source_url"": ""https://www.cde.org.cn/main/xxgk/listpage/da6efd086c099b7fc949121166f0130c"", ""predictive_weight_assigned"": false, ""publication_date"": ""2024-01-08"", ""snapshot_captured_at"": null, ""source_identity"": ""NMPA_CDE_PUBLISHED_NOTICE_ARCHIVE""}",301d22a47d0e5703c561a6b3474906495fea42458989c29919ea29b1682a6b0e,HISTORICAL_RECONSTRUCTABLE,False,False,False,2024-01-01,2026-09-11,OOS_2024_2026_QUALIFIED_INPUT,IMMUTABLE_931152_OOS_INPUT_ARTIFACT,931152-oos-inputs-v1/holdout_universe.csv,True
idkpi:34ae1fcd29fabebc6139ec47ac5bb7be00b6f94f19d67d68cdebf7492492c080,600276.SH,INNOVATION_DRUG,CLINICAL_REGULATORY,CDE_BREAKTHROUGH_THERAPY_INCLUDED,2024-02-01,2024-02-02,NMPA_CDE_PUBLISHED_NOTICE_ARCHIVE,NMPA_OR_CDE,official:21d938704abf6f594074ff20b8d193fb,OFFICIAL_SNAPSHOT:official:21d938704abf6f594074ff20b8d193fb,纳入突破性治疗品种名单:注射用SHR-A1811:既往至少一线抗HER2治疗失败的HER2阳性晚期胃癌或胃食管结合部腺癌患者,https://www.cde.org.cn/main/xxgk/listpage/da6efd086c099b7fc949121166f0130c,OFFICIAL_CDE_CATEGORY_NO_DIRECTION,"{""applicant"": ""上海恒瑞医药有限公司;江苏恒瑞医药股份有限公司;苏州盛迪亚生物医药有限公司"", ""approval_date"": null, ""availability_basis"": ""PUBLICATION_DATE_EXPLICIT"", ""availability_rule"": ""DATE_ONLY_NEXT_TRADE_DATE"", ""category"": ""纳入突破性治疗品种名单"", ""date_only_source_timestamp_delayed_to_next_real_trading_date"": true, ""direction_classified"": false, ""drug_name"": ""注射用SHR-A1811"", ""entity_mapping_basis"": ""EXACT_APPLICANT_TOKEN_IN_OFFICIAL_MULTI_APPLICANT_FIELD"", ""first_observed_snapshot_only"": false, ""forward_or_historical_outcome_read"": false, ""historical_reconstruction_allowed"": true, ""indication"": ""既往至少一线抗HER2治疗失败的HER2阳性晚期胃癌或胃食管结合部腺癌患者"", ""official_source_url"": ""https://www.cde.org.cn/main/xxgk/listpage/da6efd086c099b7fc949121166f0130c"", ""predictive_weight_assigned"": false, ""publication_date"": ""2024-02-01"", ""snapshot_captured_at"": null, ""source_identity"": ""NMPA_CDE_PUBLISHED_NOTICE_ARCHIVE""}",34ae1fcd29fabebc6139ec47ac5bb7be00b6f94f19d67d68cdebf7492492c080,HISTORICAL_RECONSTRUCTABLE,False,False,False,2024-01-01,2026-09-11,OOS_2024_2026_QUALIFIED_INPUT,IMMUTABLE_931152_OOS_INPUT_ARTIFACT,931152-oos-inputs-v1/holdout_universe.csv,True
idkpi:59b3cde89fe04a8eb60fe74093f8f630e20f28fb127c50314f30c61ff4e7e01c,600276.SH,INNOVATION_DRUG,CLINICAL_REGULATORY,CDE_BREAKTHROUGH_THERAPY_INCLUDED,2024-03-25,2024-03-26,NMPA_CDE_PUBLISHED_NOTICE_ARCHIVE,NMPA_OR_CDE,official:2965cdf31fc4e9d0987b12265953fc87,OFFICIAL_SNAPSHOT:official:2965cdf31fc4e9d0987b12265953fc87,纳入突破性治疗品种名单:氟唑帕利胶囊:氟唑帕利单药或联合阿帕替尼治疗gBRCA突变的HER2阴性乳腺癌。,https://www.cde.org.cn/main/xxgk/listpage/da6efd086c099b7fc949121166f0130c,OFFICIAL_CDE_CATEGORY_NO_DIRECTION,"{""applicant"": ""江苏恒瑞医药股份有限公司;江苏恒瑞医药股份有限公司"", ""approval_date"": null, ""availability_basis"": ""PUBLICATION_DATE_EXPLICIT"", ""availability_rule"": ""DATE_ONLY_NEXT_TRADE_DATE"", ""category"": ""纳入突破性治疗品种名单"", ""date_only_source_timestamp_delayed_to_next_real_trading_date"": true, ""direction_classified"": false, ""drug_name"": ""氟唑帕利胶囊"", ""entity_mapping_basis"": ""EXACT_APPLICANT_TOKEN_IN_OFFICIAL_MULTI_APPLICANT_FIELD"", ""first_observed_snapshot_only"": false, ""forward_or_historical_outcome_read"": false, ""historical_reconstruction_allowed"": true, ""indication"": ""氟唑帕利单药或联合阿帕替尼治疗gBRCA突变的HER2阴性乳腺癌。"", ""official_source_url"": ""https://www.cde.org.cn/main/xxgk/listpage/da6efd086c099b7fc949121166f0130c"", ""predictive_weight_assigned"": false, ""publication_date"": ""2024-03-25"", ""snapshot_captured_at"": null, ""source_identity"": ""NMPA_CDE_PUBLISHED_NOTICE_ARCHIVE""}",59b3cde89fe04a8eb60fe74093f8f630e20f28fb127c50314f30c61ff4e7e01c,HISTORICAL_RECONSTRUCTABLE,False,False,False,2024-01-01,2026-09-11,OOS_2024_2026_QUALIFIED_INPUT,IMMUTABLE_931152_OOS_INPUT_ARTIFACT,931152-oos-inputs-v1/holdout_universe.csv,True
idkpi:6e83722334b1804af8776f16eddf9658a4105bbf26bba5a390e329a0cff4ff4c,600276.SH,INNOVATION_DRUG,CLINICAL_REGULATORY,CDE_BREAKTHROUGH_THERAPY_INCLUDED,2024-03-25,2024-03-26,NMPA_CDE_PUBLISHED_NOTICE_ARCHIVE,NMPA_OR_CDE,official:423f31b7c6e6fbbfc12622b61b98cd75,OFFICIAL_SNAPSHOT:official:423f31b7c6e6fbbfc12622b61b98cd75,纳入突破性治疗品种名单:甲磺酸阿帕替尼片:阿帕替尼联合氟唑帕利治疗gBRCA突变的HER2阴性乳腺癌。,https://www.cde.org.cn/main/xxgk/listpage/da6efd086c099b7fc949121166f0130c,OFFICIAL_CDE_CATEGORY_NO_DIRECTION,"{""applicant"": ""江苏恒瑞医药股份有限公司;江苏恒瑞医药股份有限公司;上海恒瑞医药有限公司"", ""approval_date"": null, ""availability_basis"": ""PUBLICATION_DATE_EXPLICIT"", ""availability_rule"": ""DATE_ONLY_NEXT_TRADE_DATE"", ""category"": ""纳入突破性治疗品种名单"", ""date_only_source_timestamp_delayed_to_next_real_trading_date"": true, ""direction_classified"": false, ""drug_name"": ""甲磺酸阿帕替尼片"", ""entity_mapping_basis"": ""EXACT_APPLICANT_TOKEN_IN_OFFICIAL_MULTI_APPLICANT_FIELD"", ""first_observed_snapshot_only"": false, ""forward_or_historical_outcome_read"": false, ""historical_reconstruction_allowed"": true, ""indication"": ""阿帕替尼联合氟唑帕利治疗gBRCA突变的HER2阴性乳腺癌。"", ""official_source_url"": ""https://www.cde.org.cn/main/xxgk/listpage/da6efd086c099b7fc949121166f0130c"", ""predictive_weight_assigned"": false, ""publication_date"": ""2024-03-25"", ""snapshot_captured_at"": null, ""source_identity"": ""NMPA_CDE_PUBLISHED_NOTICE_ARCHIVE""}",6e83722334b1804af8776f16eddf9658a4105bbf26bba5a390e329a0cff4ff4c,HISTORICAL_RECONSTRUCTABLE,False,False,False,2024-01-01,2026-09-11,OOS_2024_2026_QUALIFIED_INPUT,IMMUTABLE_931152_OOS_INPUT_ARTIFACT,931152-oos-inputs-v1/holdout_universe.csv,True
idkpi:81fa8758a36533044665fcde1773c01d15e99b17225f3ad491194fb33833972a,600276.SH,INNOVATION_DRUG,CLINICAL_REGULATORY,CDE_BREAKTHROUGH_THERAPY_INCLUDED,2024-03-25,2024-03-26,NMPA_CDE_PUBLISHED_NOTICE_ARCHIVE,NMPA_OR_CDE,official:362cdd324026a05e11e3639d30ed9f10,OFFICIAL_SNAPSHOT:official:362cdd324026a05e11e3639d30ed9f10,纳入突破性治疗品种名单:甲磺酸阿帕替尼片:阿帕替尼联合氟唑帕利治疗gBRCA突变的HER2阴性乳腺癌。,https://www.cde.org.cn/main/xxgk/listpage/da6efd086c099b7fc949121166f0130c,OFFICIAL_CDE_CATEGORY_NO_DIRECTION,"{""applicant"": ""江苏恒瑞医药股份有限公司;江苏恒瑞医药股份有限公司;上海恒瑞医药有限公司"", ""approval_date"": null, ""availability_basis"": ""PUBLICATION_DATE_EXPLICIT"", ""availability_rule"": ""DATE_ONLY_NEXT_TRADE_DATE"", ""category"": ""纳入突破性治疗品种名单"", ""date_only_source_timestamp_delayed_to_next_real_trading_date"": true, ""direction_classified"": false, ""drug_name"": ""甲磺酸阿帕替尼片"", ""entity_mapping_basis"": ""EXACT_APPLICANT_TOKEN_IN_OFFICIAL_MULTI_APPLICANT_FIELD"", ""first_observed_snapshot_only"": false, ""forward_or_historical_outcome_read"": false, ""historical_reconstruction_allowed"": true, ""indication"": ""阿帕替尼联合氟唑帕利治疗gBRCA突变的HER2阴性乳腺癌。"", ""official_source_url"": ""https://www.cde.org.cn/main/xxgk/listpage/da6efd086c099b7fc949121166f0130c"", ""predictive_weight_assigned"": false, ""publication_date"": ""2024-03-25"", ""snapshot_captured_at"": null, ""source_identity"": ""NMPA_CDE_PUBLISHED_NOTICE_ARCHIVE""}",81fa8758a36533044665fcde1773c01d15e99b17225f3ad491194fb33833972a,HISTORICAL_RECONSTRUCTABLE,False,False,False,2024-01-01,2026-09-11,OOS_2024_2026_QUALIFIED_INPUT,IMMUTABLE_931152_OOS_INPUT_ARTIFACT,931152-oos-inputs-v1/holdout_universe.csv,True
idkpi:31a2a50360f1451a964d7c280d5b8dd0409c34c25e07457148cbacc12d5864df,600276.SH,INNOVATION_DRUG,CLINICAL_REGULATORY,CDE_PRIORITY_REVIEW_INCLUDED,2024-04-19,2024-04-22,NMPA_CDE_PUBLISHED_NOTICE_ARCHIVE,NMPA_OR_CDE,official:b44888ae3ad32435a8dc8edb8896c8a1,OFFICIAL_SNAPSHOT:official:b44888ae3ad32435a8dc8edb8896c8a1,纳入优先审评品种名单:甲磺酸阿帕替尼片:本品联合氟唑帕利用于伴有胚系BRCA突变（gBRCAm）的HER2阴性乳腺癌的治疗。,https://www.cde.org.cn/main/xxgk/listpage/2f78f372d351c6851af7431c7710a731,OFFICIAL_CDE_CATEGORY_NO_DIRECTION,"{""applicant"": ""江苏恒瑞医药股份有限公司"", ""approval_date"": null, ""availability_basis"": ""PUBLICATION_DATE_EXPLICIT"", ""availability_rule"": ""DATE_ONLY_NEXT_TRADE_DATE"", ""category"": ""纳入优先审评品种名单"", ""date_only_source_timestamp_delayed_to_next_real_trading_date"": true, ""direction_classified"": false, ""drug_name"": ""甲磺酸阿帕替尼片"", ""entity_mapping_basis"": ""EXACT_LISTED_ISSUER_LEGAL_NAME"", ""first_observed_snapshot_only"": false, ""forward_or_historical_outcome_read"": false, ""historical_reconstruction_allowed"": true, ""indication"": ""本品联合氟唑帕利用于伴有胚系BRCA突变（gBRCAm）的HER2阴性乳腺癌的治疗。"", ""official_source_url"": ""https://www.cde.org.cn/main/xxgk/listpage/2f78f372d351c6851af7431c7710a731"", ""predictive_weight_assigned"": false, ""publication_date"": ""2024-04-19"", ""snapshot_captured_at"": null, ""source_identity"": ""NMPA_CDE_PUBLISHED_NOTICE_ARCHIVE""}",31a2a50360f1451a964d7c280d5b8dd0409c34c25e07457148cbacc12d5864df,HISTORICAL_RECONSTRUCTABLE,False,False,False,2024-01-01,2026-09-11,OOS_2024_2026_QUALIFIED_INPUT,IMMUTABLE_931152_OOS_INPUT_ARTIFACT,931152-oos-inputs-v1/holdout_universe.csv,True
idkpi:53518e460bbbdcaa8f4a287d211b371d86649cd553533ef6e601ed64a10c546d,600276.SH,INNOVATION_DRUG,CLINICAL_REGULATORY,CDE_PRIORITY_REVIEW_INCLUDED,2024-04-19,2024-04-22,NMPA_CDE_PUBLISHED_NOTICE_ARCHIVE,NMPA_OR_CDE,official:0f4bfe8a9ec5c12c6bbf289397b056c2,OFFICIAL_SNAPSHOT:official:0f4bfe8a9ec5c12c6bbf289397b056c2,纳入优先审评品种名单:甲磺酸阿帕替尼片:本品联合氟唑帕利用于伴有胚系BRCA突变（gBRCAm）的HER2阴性乳腺癌的治疗。,https://www.cde.org.cn/main/xxgk/listpage/2f78f372d351c6851af7431c7710a731,OFFICIAL_CDE_CATEGORY_NO_DIRECTION,"{""applicant"": ""江苏恒瑞医药股份有限公司"", ""approval_date"": null, ""availability_basis"": ""PUBLICATION_DATE_EXPLICIT"", ""availability_rule"": ""DATE_ONLY_NEXT_TRADE_DATE"", ""category"": ""纳入优先审评品种名单"", ""date_only_source_timestamp_delayed_to_next_real_trading_date"": true, ""direction_classified"": false, ""drug_name"": ""甲磺酸阿帕替尼片"", ""entity_mapping_basis"": ""EXACT_LISTED_ISSUER_LEGAL_NAME"", ""first_observed_snapshot_only"": false, ""forward_or_historical_outcome_read"": false, ""historical_reconstruction_allowed"": true, ""indication"": ""本品联合氟唑帕利用于伴有胚系BRCA突变（gBRCAm）的HER2阴性乳腺癌的治疗。"", ""official_source_url"": ""https://www.cde.org.cn/main/xxgk/listpage/2f78f372d351c6851af7431c7710a731"", ""predictive_weight_assigned"": false, ""publication_date"": ""2024-04-19"", ""snapshot_captured_at"": null, ""source_identity"": ""NMPA_CDE_PUBLISHED_NOTICE_ARCHIVE""}",53518e460bbbdcaa8f4a287d211b371d86649cd553533ef6e601ed64a10c546d,HISTORICAL_RECONSTRUCTABLE,False,False,False,2024-01-01,2026-09-11,OOS_2024_2026_QUALIFIED_INPUT,IMMUTABLE_931152_OOS_INPUT_ARTIFACT,931152-oos-inputs-v1/holdout_universe.csv,True
idkpi:601c5c63a9e856f248ef22c1e5eacfee7b9b123518eb6feceafd15e829fc34a6,600276.SH,INNOVATION_DRUG,CLINICAL_REGULATORY,CDE_PRIORITY_REVIEW_INCLUDED,2024-04-19,2024-04-22,NMPA_CDE_PUBLISHED_NOTICE_ARCHIVE,NMPA_OR_CDE,official:26ac7914092cdb7a274347c4cbb5a5d1,OFFICIAL_SNAPSHOT:official:26ac7914092cdb7a274347c4cbb5a5d1,纳入优先审评品种名单:氟唑帕利胶囊:本品单药或联合甲磺酸阿帕替尼用于伴有胚系BRCA突变（gBRCAm）的HER2阴性乳腺癌患者的治疗,https://www.cde.org.cn/main/xxgk/listpage/2f78f372d351c6851af7431c7710a731,OFFICIAL_CDE_CATEGORY_NO_DIRECTION,"{""applicant"": ""江苏恒瑞医药股份有限公司"", ""approval_date"": null, ""availability_basis"": ""PUBLICATION_DATE_EXPLICIT"", ""availability_rule"": ""DATE_ONLY_NEXT_TRADE_DATE"", ""category"": ""纳入优先审评品种名单"", ""date_only_source_timestamp_delayed_to_next_real_trading_date"": true, ""direction_classified"": false, ""drug_name"": ""氟唑帕利胶囊"", ""entity_mapping_basis"": ""EXACT_LISTED_ISSUER_LEGAL_NAME"", ""first_observed_snapshot_only"": false, ""forward_or_historical_outcome_read"": false, ""historical_reconstruction_allowed"": true, ""indication"": ""本品单药或联合甲磺酸阿帕替尼用于伴有胚系BRCA突变（gBRCAm）的HER2阴性乳腺癌患者的治疗"", ""official_source_url"": ""https://www.cde.org.cn/main/xxgk/listpage/2f78f372d351c6851af7431c7710a731"", ""predictive_weight_assigned"": false, ""publication_date"": ""2024-04-19"", ""snapshot_captured_at"": null, ""source_identity"": ""NMPA_CDE_PUBLISHED_NOTICE_ARCHIVE""}",601c5c63a9e856f248ef22c1e5eacfee7b9b123518eb6feceafd15e829fc34a6,HISTORICAL_RECONSTRUCTABLE,False,False,False,2024-01-01,2026-09-11,OOS_2024_2026_QUALIFIED_INPUT,IMMUTABLE_931152_OOS_INPUT_ARTIFACT,931152-oos-inputs-v1/holdout_universe.csv,True
idkpi:a49926cd69bd4d995de64930b49c98292667f133bd1408751840dc6b57e1e925,600276.SH,INNOVATION_DRUG,CLINICAL_REGULATORY,CDE_BREAKTHROUGH_THERAPY_INCLUDED,2024-05-31,2024-06-03,NMPA_CDE_PUBLISHED_NOTICE_ARCHIVE,NMPA_OR_CDE,official:e5227911f8bdef539beb101bd4d250a1,OFFICIAL_SNAPSHOT:official:e5227911f8bdef539beb101bd4d250a1,纳入突破性治疗品种名单:注射用SHR-A1811:注射用SHR-A1811用于既往接受过一种或一种以上治疗方案的HER2阳性不可切除或转移性胆道癌患者。,https://www.cde.org.cn/main/xxgk/listpage/da6efd086c099b7fc949121166f0130c,OFFICIAL_CDE_CATEGORY_NO_DIRECTION,"{""applicant"": ""上海恒瑞医药有限公司;江苏恒瑞医药股份有限公司;苏州盛迪亚生物医药有限公司"", ""approval_date"": null, ""availability_basis"": ""PUBLICATION_DATE_EXPLICIT"", ""availability_rule"": ""DATE_ONLY_NEXT_TRADE_DATE"", ""category"": ""纳入突破性治疗品种名单"", ""date_only_source_timestamp_delayed_to_next_real_trading_date"": true, ""direction_classified"": false, ""drug_name"": ""注射用SHR-A1811"", ""entity_mapping_basis"": ""EXACT_APPLICANT_TOKEN_IN_OFFICIAL_MULTI_APPLICANT_FIELD"", ""first_observed_snapshot_only"": false, ""forward_or_historical_outcome_read"": false, ""historical_reconstruction_allowed"": true, ""indication"": ""注射用SHR-A1811用于既往接受过一种或一种以上治疗方案的HER2阳性不可切除或转移性胆道癌患者。"", ""official_source_url"": ""https://www.cde.org.cn/main/xxgk/listpage/da6efd086c099b7fc949121166f0130c"", ""predictive_weight_assigned"": false, ""publication_date"": ""2024-05-31"", ""snapshot_captured_at"": null, ""source_identity"": ""NMPA_CDE_PUBLISHED_NOTICE_ARCHIVE""}",a49926cd69bd4d995de64930b49c98292667f133bd1408751840dc6b57e1e925,HISTORICAL_RECONSTRUCTABLE,False,False,False,2024-01-01,2026-09-11,OOS_2024_2026_QUALIFIED_INPUT,IMMUTABLE_931152_OOS_INPUT_ARTIFACT,931152-oos-inputs-v1/holdout_universe.csv,True
idkpi:5c987b039f022af16a55fde591039fb856142ef9273c9ae2ab63334042618a03,002653.SZ,INNOVATION_DRUG,CLINICAL_REGULATORY,CDE_BREAKTHROUGH_THERAPY_INCLUDED,2024-09-09,2024-09-10,NMPA_CDE_PUBLISHED_NOTICE_ARCHIVE,NMPA_OR_CDE,official:d7577fe5df5029c3e2a525cb6ebbc2a0,OFFICIAL_SNAPSHOT:official:d7577fe5df5029c3e2a525cb6ebbc2a0,纳入突破性治疗品种名单:HSK31858片:非囊性纤维化支气管扩张,https://www.cde.org.cn/main/xxgk/listpage/da6efd086c099b7fc949121166f0130c,OFFICIAL_CDE_CATEGORY_NO_DIRECTION,"{""applicant"": ""海思科医药集团股份有限公司"", ""approval_date"": null, ""availability_basis"": ""PUBLICATION_DATE_EXPLICIT"", ""availability_rule"": ""DATE_ONLY_NEXT_TRADE_DATE"", ""category"": ""纳入突破性治疗品种名单"", ""date_only_source_timestamp_delayed_to_next_real_trading_date"": true, ""direction_classified"": false, ""drug_name"": ""HSK31858片"", ""entity_mapping_basis"": ""EXACT_LISTED_ISSUER_LEGAL_NAME"", ""first_observed_snapshot_only"": false, ""forward_or_historical_outcome_read"": false, ""historical_reconstruction_allowed"": true, ""indication"": ""非囊性纤维化支气管扩张"", ""official_source_url"": ""https://www.cde.org.cn/main/xxgk/listpage/da6efd086c099b7fc949121166f0130c"", ""predictive_weight_assigned"": false, ""publication_date"": ""2024-09-09"", ""snapshot_captured_at"": null, ""source_identity"": ""NMPA_CDE_PUBLISHED_NOTICE_ARCHIVE""}",5c987b039f022af16a55fde591039fb856142ef9273c9ae2ab63334042618a03,HISTORICAL_RECONSTRUCTABLE,False,False,False,2024-01-01,2026-09-11,OOS_2024_2026_QUALIFIED_INPUT,IMMUTABLE_931152_OOS_INPUT_ARTIFACT,931152-oos-inputs-v1/holdout_universe.csv,True
idkpi:f5a244c163802e33837c7f9996ceaac7e7fdd27e66288aebaba5cbab0e490ea2,600276.SH,INNOVATION_DRUG,CLINICAL_REGULATORY,CDE_BREAKTHROUGH_THERAPY_INCLUDED,2024-09-29,2024-09-30,NMPA_CDE_PUBLISHED_NOTICE_ARCHIVE,NMPA_OR_CDE,official:6eeb061b9f20cb026e460dc0758d1a96,OFFICIAL_SNAPSHOT:official:6eeb061b9f20cb026e460dc0758d1a96,纳入突破性治疗品种名单:HR19042胶囊:活动性自身免疫性肝炎,https://www.cde.org.cn/main/xxgk/listpage/da6efd086c099b7fc949121166f0130c,OFFICIAL_CDE_CATEGORY_NO_DIRECTION,"{""applicant"": ""江苏恒瑞医药股份有限公司"", ""approval_date"": null, ""availability_basis"": ""PUBLICATION_DATE_EXPLICIT"", ""availability_rule"": ""DATE_ONLY_NEXT_TRADE_DATE"", ""category"": ""纳入突破性治疗品种名单"", ""date_only_source_timestamp_delayed_to_next_real_trading_date"": true, ""direction_classified"": false, ""drug_name"": ""HR19042胶囊"", ""entity_mapping_basis"": ""EXACT_LISTED_ISSUER_LEGAL_NAME"", ""first_observed_snapshot_only"": false, ""forward_or_historical_outcome_read"": false, ""historical_reconstruction_allowed"": true, ""indication"": ""活动性自身免疫性肝炎"", ""official_source_url"": ""https://www.cde.org.cn/main/xxgk/listpage/da6efd086c099b7fc949121166f0130c"", ""predictive_weight_assigned"": false, ""publication_date"": ""2024-09-29"", ""snapshot_captured_at"": null, ""source_identity"": ""NMPA_CDE_PUBLISHED_NOTICE_ARCHIVE""}",f5a244c163802e33837c7f9996ceaac7e7fdd27e66288aebaba5cbab0e490ea2,HISTORICAL_RECONSTRUCTABLE,False,False,False,2024-01-01,2026-09-11,OOS_2024_2026_QUALIFIED_INPUT,IMMUTABLE_931152_OOS_INPUT_ARTIFACT,931152-oos-inputs-v1/holdout_universe.csv,True
idkpi:406878988b4e350d424cb92c67cc3e66e58d72cdfc32d87513d2b811617f485e,600276.SH,INNOVATION_DRUG,CLINICAL_REGULATORY,CDE_PRIORITY_REVIEW_INCLUDED,2024-10-11,2024-10-14,NMPA_CDE_PUBLISHED_NOTICE_ARCHIVE,NMPA_OR_CDE,official:37c50c2c5f98806794d7727fecccfcec,OFFICIAL_SNAPSHOT:official:37c50c2c5f98806794d7727fecccfcec,纳入优先审评品种名单:SHR2554片:本品用于既往接受过至少1线系统性治疗的复发或难治外周T细胞淋巴瘤。,https://www.cde.org.cn/main/xxgk/listpage/2f78f372d351c6851af7431c7710a731,OFFICIAL_CDE_CATEGORY_NO_DIRECTION,"{""applicant"": ""江苏恒瑞医药股份有限公司"", ""approval_date"": null, ""availability_basis"": ""PUBLICATION_DATE_EXPLICIT"", ""availability_rule"": ""DATE_ONLY_NEXT_TRADE_DATE"", ""category"": ""纳入优先审评品种名单"", ""date_only_source_timestamp_delayed_to_next_real_trading_date"": true, ""direction_classified"": false, ""drug_name"": ""SHR2554片"", ""entity_mapping_basis"": ""EXACT_LISTED_ISSUER_LEGAL_NAME"", ""first_observed_snapshot_only"": false, ""forward_or_historical_outcome_read"": false, ""historical_reconstruction_allowed"": true, ""indication"": ""本品用于既往接受过至少1线系统性治疗的复发或难治外周T细胞淋巴瘤。"", ""official_source_url"": ""https://www.cde.org.cn/main/xxgk/listpage/2f78f372d351c6851af7431c7710a731"", ""predictive_weight_assigned"": false, ""publication_date"": ""2024-10-11"", ""snapshot_captured_at"": null, ""source_identity"": ""NMPA_CDE_PUBLISHED_NOTICE_ARCHIVE""}",406878988b4e350d424cb92c67cc3e66e58d72cdfc32d87513d2b811617f485e,HISTORICAL_RECONSTRUCTABLE,False,False,False,2024-01-01,2026-09-11,OOS_2024_2026_QUALIFIED_INPUT,IMMUTABLE_931152_OOS_INPUT_ARTIFACT,931152-oos-inputs-v1/holdout_universe.csv,True
idkpi:55f6d410b4e6c70f0f0b6f7816f399b0435c9b5cec603a474f82bd11e6f4fa0f,600276.SH,INNOVATION_DRUG,CLINICAL_REGULATORY,CDE_BREAKTHROUGH_THERAPY_INCLUDED,2024-12-13,2024-12-16,NMPA_CDE_PUBLISHED_NOTICE_ARCHIVE,NMPA_OR_CDE,official:97fedcfd02d4957c1de33a0b5cf3431d,OFFICIAL_SNAPSHOT:official:97fedcfd02d4957c1de33a0b5cf3431d,纳入突破性治疗品种名单:注射用SHR-A1811:注射用SHR-A1811治疗HER2表达的铂耐药复发上皮性卵巢癌、输卵管癌或原发性腹膜癌。,https://www.cde.org.cn/main/xxgk/listpage/da6efd086c099b7fc949121166f0130c,OFFICIAL_CDE_CATEGORY_NO_DIRECTION,"{""applicant"": ""上海恒瑞医药有限公司;江苏恒瑞医药股份有限公司;苏州盛迪亚生物医药有限公司"", ""approval_date"": null, ""availability_basis"": ""PUBLICATION_DATE_EXPLICIT"", ""availability_rule"": ""DATE_ONLY_NEXT_TRADE_DATE"", ""category"": ""纳入突破性治疗品种名单"", ""date_only_source_timestamp_delayed_to_next_real_trading_date"": true, ""direction_classified"": false, ""drug_name"": ""注射用SHR-A1811"", ""entity_mapping_basis"": ""EXACT_APPLICANT_TOKEN_IN_OFFICIAL_MULTI_APPLICANT_FIELD"", ""first_observed_snapshot_only"": false, ""forward_or_historical_outcome_read"": false, ""historical_reconstruction_allowed"": true, ""indication"": ""注射用SHR-A1811治疗HER2表达的铂耐药复发上皮性卵巢癌、输卵管癌或原发性腹膜癌。"", ""official_source_url"": ""https://www.cde.org.cn/main/xxgk/listpage/da6efd086c099b7fc949121166f0130c"", ""predictive_weight_assigned"": false, ""publication_date"": ""2024-12-13"", ""snapshot_captured_at"": null, ""source_identity"": ""NMPA_CDE_PUBLISHED_NOTICE_ARCHIVE""}",55f6d410b4e6c70f0f0b6f7816f399b0435c9b5cec603a474f82bd11e6f4fa0f,HISTORICAL_RECONSTRUCTABLE,False,False,False,2024-01-01,2026-09-11,OOS_2024_2026_QUALIFIED_INPUT,IMMUTABLE_931152_OOS_INPUT_ARTIFACT,931152-oos-inputs-v1/holdout_universe.csv,True
idkpi:a88f5f04bfdcbe51ca00e1d323e5e507773d6436415adfc25e49227507cff811,600276.SH,INNOVATION_DRUG,CLINICAL_REGULATORY,CDE_BREAKTHROUGH_THERAPY_INCLUDED,2025-03-19,2025-03-20,NMPA_CDE_PUBLISHED_NOTICE_ARCHIVE,NMPA_OR_CDE,official:a95325c2098dd9eff9d374156d3fcd8a,OFFICIAL_SNAPSHOT:official:a95325c2098dd9eff9d374156d3fcd8a,纳入突破性治疗品种名单:注射用SHR-A1811:注射用SHR-A1811用于既往接受含铂化疗及免疫检查点抑制剂治疗失败的HER2表达（IHC≥1+）的复发或转移性宫颈癌,https://www.cde.org.cn/main/xxgk/listpage/da6efd086c099b7fc949121166f0130c,OFFICIAL_CDE_CATEGORY_NO_DIRECTION,"{""applicant"": ""上海恒瑞医药有限公司;江苏恒瑞医药股份有限公司;苏州盛迪亚生物医药有限公司"", ""approval_date"": null, ""availability_basis"": ""PUBLICATION_DATE_EXPLICIT"", ""availability_rule"": ""DATE_ONLY_NEXT_TRADE_DATE"", ""category"": ""纳入突破性治疗品种名单"", ""date_only_source_timestamp_delayed_to_next_real_trading_date"": true, ""direction_classified"": false, ""drug_name"": ""注射用SHR-A1811"", ""entity_mapping_basis"": ""EXACT_APPLICANT_TOKEN_IN_OFFICIAL_MULTI_APPLICANT_FIELD"", ""first_observed_snapshot_only"": false, ""forward_or_historical_outcome_read"": false, ""historical_reconstruction_allowed"": true, ""indication"": ""注射用SHR-A1811用于既往接受含铂化疗及免疫检查点抑制剂治疗失败的HER2表达（IHC≥1+）的复发或转移性宫颈癌"", ""official_source_url"": ""https://www.cde.org.cn/main/xxgk/listpage/da6efd086c099b7fc949121166f0130c"", ""predictive_weight_assigned"": false, ""publication_date"": ""2025-03-19"", ""snapshot_captured_at"": null, ""source_identity"": ""NMPA_CDE_PUBLISHED_NOTICE_ARCHIVE""}",a88f5f04bfdcbe51ca00e1d323e5e507773d6436415adfc25e49227507cff811,HISTORICAL_RECONSTRUCTABLE,False,False,False,2024-01-01,2026-09-11,OOS_2024_2026_QUALIFIED_INPUT,IMMUTABLE_931152_OOS_INPUT_ARTIFACT,931152-oos-inputs-v1/holdout_universe.csv,True
idkpi:63cf5d4dc6b64c8e653c18c0936c9b101125d07171dcda90d51e2fc99d22c093,688578.SH,INNOVATION_DRUG,CLINICAL_REGULATORY,CDE_CONDITIONAL_APPROVAL,2025-05-20,2025-05-21,NMPA_CDE_PUBLISHED_NOTICE_ARCHIVE,NMPA_OR_CDE,conditional:bd713579e652bff6c59862d31592036034c1a669607936621f5e3855f941ef30,OFFICIAL_SNAPSHOT:conditional:bd713579e652bff6c59862d31592036034c1a669607936621f5e3855f941ef30,附条件批准品种:枸橼酸戈来雷塞片:本品适用于至少接受过一种系统性治疗的鼠类肉瘤病毒癌基因（KRAS）G12C突变型的晚期非小细胞肺癌（NSCLC）成人患者。,https://www.cde.org.cn/main/xxgk/listpage/c8d79e513a6df98adf05893281ace198,OFFICIAL_CDE_CATEGORY_NO_DIRECTION,"{""applicant"": ""上海艾力斯医药科技股份有限公司"", ""approval_date"": ""2025-05-20"", ""availability_basis"": ""OFFICIAL_APPROVAL_DATE_EXPLICIT"", ""availability_rule"": ""DATE_ONLY_NEXT_TRADE_DATE"", ""category"": ""附条件批准品种"", ""date_only_source_timestamp_delayed_to_next_real_trading_date"": true, ""direction_classified"": false, ""drug_name"": ""枸橼酸戈来雷塞片"", ""entity_mapping_basis"": ""EXACT_LISTED_ISSUER_LEGAL_NAME"", ""first_observed_snapshot_only"": false, ""forward_or_historical_outcome_read"": false, ""historical_reconstruction_allowed"": true, ""indication"": ""本品适用于至少接受过一种系统性治疗的鼠类肉瘤病毒癌基因（KRAS）G12C突变型的晚期非小细胞肺癌（NSCLC）成人患者。"", ""official_source_url"": ""https://www.cde.org.cn/main/xxgk/listpage/c8d79e513a6df98adf05893281ace198"", ""predictive_weight_assigned"": false, ""publication_date"": null, ""snapshot_captured_at"": null, ""source_identity"": ""NMPA_CDE_PUBLISHED_NOTICE_ARCHIVE""}",63cf5d4dc6b64c8e653c18c0936c9b101125d07171dcda90d51e2fc99d22c093,HISTORICAL_RECONSTRUCTABLE,False,False,False,2024-01-01,2026-09-11,OOS_2024_2026_QUALIFIED_INPUT,IMMUTABLE_931152_OOS_INPUT_ARTIFACT,931152-oos-inputs-v1/holdout_universe.csv,True
idkpi:09322407594f44684f05a21a9dc5c2f70b4a1c61dbb2e19da9cf9dfe2c1878f8,600276.SH,INNOVATION_DRUG,CLINICAL_REGULATORY,CDE_CONDITIONAL_APPROVAL,2025-05-27,2025-05-28,NMPA_CDE_PUBLISHED_NOTICE_ARCHIVE,NMPA_OR_CDE,conditional:a77314703d329467971b1fc206ab815980edb954bdbbf2fc9665defae3f00660,OFFICIAL_SNAPSHOT:conditional:a77314703d329467971b1fc206ab815980edb954bdbbf2fc9665defae3f00660,附条件批准品种:苹果酸法米替尼胶囊:本品联合注射用卡瑞利珠单抗用于既往接受含铂化疗治疗失败但未接受过贝伐珠单抗治疗的复发或转移性宫颈癌患者。,https://www.cde.org.cn/main/xxgk/listpage/c8d79e513a6df98adf05893281ace198,OFFICIAL_CDE_CATEGORY_NO_DIRECTION,"{""applicant"": ""江苏恒瑞医药股份有限公司"", ""approval_date"": ""2025-05-27"", ""availability_basis"": ""OFFICIAL_APPROVAL_DATE_EXPLICIT"", ""availability_rule"": ""DATE_ONLY_NEXT_TRADE_DATE"", ""category"": ""附条件批准品种"", ""date_only_source_timestamp_delayed_to_next_real_trading_date"": true, ""direction_classified"": false, ""drug_name"": ""苹果酸法米替尼胶囊"", ""entity_mapping_basis"": ""EXACT_LISTED_ISSUER_LEGAL_NAME"", ""first_observed_snapshot_only"": false, ""forward_or_historical_outcome_read"": false, ""historical_reconstruction_allowed"": true, ""indication"": ""本品联合注射用卡瑞利珠单抗用于既往接受含铂化疗治疗失败但未接受过贝伐珠单抗治疗的复发或转移性宫颈癌患者。"", ""official_source_url"": ""https://www.cde.org.cn/main/xxgk/listpage/c8d79e513a6df98adf05893281ace198"", ""predictive_weight_assigned"": false, ""publication_date"": null, ""snapshot_captured_at"": null, ""source_identity"": ""NMPA_CDE_PUBLISHED_NOTICE_ARCHIVE""}",09322407594f44684f05a21a9dc5c2f70b4a1c61dbb2e19da9cf9dfe2c1878f8,HISTORICAL_RECONSTRUCTABLE,False,False,False,2024-01-01,2026-09-11,OOS_2024_2026_QUALIFIED_INPUT,IMMUTABLE_931152_OOS_INPUT_ARTIFACT,931152-oos-inputs-v1/holdout_universe.csv,True
idkpi:6940d5c8e7ac85cfff53db305ded0185d66723968918a053676a7f6bc2640f57,688578.SH,INNOVATION_DRUG,CLINICAL_REGULATORY,CDE_PRIORITY_REVIEW_INCLUDED,2025-07-08,2025-07-09,NMPA_CDE_PUBLISHED_NOTICE_ARCHIVE,NMPA_OR_CDE,official:511bab5d73e78bda8bbb7748579bf27b,OFFICIAL_SNAPSHOT:official:511bab5d73e78bda8bbb7748579bf27b,纳入优先审评品种名单:甲磺酸伏美替尼片:既往经含铂化疗治疗时或治疗后出现疾病进展，或不耐受含铂化疗，并且经检测确认存在表皮生长因子受体（EGFR）20外显子插入突变的局部晚期或转移性NSCLC成人患者的治疗。本适应症是基于一项单臂临床试验结果获得的附条件批准。适应症的完全批准将取决于确证性临床试验的临床获益。,https://www.cde.org.cn/main/xxgk/listpage/2f78f372d351c6851af7431c7710a731,OFFICIAL_CDE_CATEGORY_NO_DIRECTION,"{""applicant"": ""上海艾力斯医药科技股份有限公司"", ""approval_date"": null, ""availability_basis"": ""PUBLICATION_DATE_EXPLICIT"", ""availability_rule"": ""DATE_ONLY_NEXT_TRADE_DATE"", ""category"": ""纳入优先审评品种名单"", ""date_only_source_timestamp_delayed_to_next_real_trading_date"": true, ""direction_classified"": false, ""drug_name"": ""甲磺酸伏美替尼片"", ""entity_mapping_basis"": ""EXACT_LISTED_ISSUER_LEGAL_NAME"", ""first_observed_snapshot_only"": false, ""forward_or_historical_outcome_read"": false, ""historical_reconstruction_allowed"": true, ""indication"": ""既往经含铂化疗治疗时或治疗后出现疾病进展，或不耐受含铂化疗，并且经检测确认存在表皮生长因子受体（EGFR）20外显子插入突变的局部晚期或转移性NSCLC成人患者的治疗。本适应症是基于一项单臂临床试验结果获得的附条件批准。适应症的完全批准将取决于确证性临床试验的临床获益。"", ""official_source_url"": ""https://www.cde.org.cn/main/xxgk/listpage/2f78f372d351c6851af7431c7710a731"", ""predictive_weight_assigned"": false, ""publication_date"": ""2025-07-08"", ""snapshot_captured_at"": null, ""source_identity"": ""NMPA_CDE_PUBLISHED_NOTICE_ARCHIVE""}",6940d5c8e7ac85cfff53db305ded0185d66723968918a053676a7f6bc2640f57,HISTORICAL_RECONSTRUCTABLE,False,False,False,2024-01-01,2026-09-11,OOS_2024_2026_QUALIFIED_INPUT,IMMUTABLE_931152_OOS_INPUT_ARTIFACT,931152-oos-inputs-v1/holdout_universe.csv,True
idkpi:1149051b0ca5056dd28e77f6ecf03ca9bb35bb77db6c024f738f973aad353a9b,688266.SH,INNOVATION_DRUG,CLINICAL_REGULATORY,CDE_BREAKTHROUGH_THERAPY_INCLUDED,2025-07-09,2025-07-10,NMPA_CDE_PUBLISHED_NOTICE_ARCHIVE,NMPA_OR_CDE,official:39cd7cc21cd2723afcc692ec6864bda6,OFFICIAL_SNAPSHOT:official:39cd7cc21cd2723afcc692ec6864bda6,纳入突破性治疗品种名单:注射用ZG006:ZG006单药治疗既往经含铂化疗及至少1种其它系统治疗后（三线及以上）复发或进展的晚期小细胞肺癌患者,https://www.cde.org.cn/main/xxgk/listpage/da6efd086c099b7fc949121166f0130c,OFFICIAL_CDE_CATEGORY_NO_DIRECTION,"{""applicant"": ""苏州泽璟生物制药股份有限公司"", ""approval_date"": null, ""availability_basis"": ""PUBLICATION_DATE_EXPLICIT"", ""availability_rule"": ""DATE_ONLY_NEXT_TRADE_DATE"", ""category"": ""纳入突破性治疗品种名单"", ""date_only_source_timestamp_delayed_to_next_real_trading_date"": true, ""direction_classified"": false, ""drug_name"": ""注射用ZG006"", ""entity_mapping_basis"": ""EXACT_LISTED_ISSUER_LEGAL_NAME"", ""first_observed_snapshot_only"": false, ""forward_or_historical_outcome_read"": false, ""historical_reconstruction_allowed"": true, ""indication"": ""ZG006单药治疗既往经含铂化疗及至少1种其它系统治疗后（三线及以上）复发或进展的晚期小细胞肺癌患者"", ""official_source_url"": ""https://www.cde.org.cn/main/xxgk/listpage/da6efd086c099b7fc949121166f0130c"", ""predictive_weight_assigned"": false, ""publication_date"": ""2025-07-09"", ""snapshot_captured_at"": null, ""source_identity"": ""NMPA_CDE_PUBLISHED_NOTICE_ARCHIVE""}",1149051b0ca5056dd28e77f6ecf03ca9bb35bb77db6c024f738f973aad353a9b,HISTORICAL_RECONSTRUCTABLE,False,False,False,2024-01-01,2026-09-11,OOS_2024_2026_QUALIFIED_INPUT,IMMUTABLE_931152_OOS_INPUT_ARTIFACT,931152-oos-inputs-v1/holdout_universe.csv,True
idkpi:880cdffc8d63470c1bec243cb3296787f713898272cf2e2c29a7591c54e2f256,600276.SH,INNOVATION_DRUG,CLINICAL_REGULATORY,CDE_CONDITIONAL_APPROVAL,2025-08-26,2025-08-27,NMPA_CDE_PUBLISHED_NOTICE_ARCHIVE,NMPA_OR_CDE,conditional:2ecc74c68825d06832a09690e1fb4c3e77af9c042d5dea599116858a4bc56bec,OFFICIAL_SNAPSHOT:conditional:2ecc74c68825d06832a09690e1fb4c3e77af9c042d5dea599116858a4bc56bec,附条件批准品种:泽美妥司他片:本品用于既往接受过至少1线系统性治疗的复发或难治外周T细胞淋巴瘤成人患者。,https://www.cde.org.cn/main/xxgk/listpage/c8d79e513a6df98adf05893281ace198,OFFICIAL_CDE_CATEGORY_NO_DIRECTION,"{""applicant"": ""江苏恒瑞医药股份有限公司"", ""approval_date"": ""2025-08-26"", ""availability_basis"": ""OFFICIAL_APPROVAL_DATE_EXPLICIT"", ""availability_rule"": ""DATE_ONLY_NEXT_TRADE_DATE"", ""category"": ""附条件批准品种"", ""date_only_source_timestamp_delayed_to_next_real_trading_date"": true, ""direction_classified"": false, ""drug_name"": ""泽美妥司他片"", ""entity_mapping_basis"": ""EXACT_LISTED_ISSUER_LEGAL_NAME"", ""first_observed_snapshot_only"": false, ""forward_or_historical_outcome_read"": false, ""historical_reconstruction_allowed"": true, ""indication"": ""本品用于既往接受过至少1线系统性治疗的复发或难治外周T细胞淋巴瘤成人患者。"", ""official_source_url"": ""https://www.cde.org.cn/main/xxgk/listpage/c8d79e513a6df98adf05893281ace198"", ""predictive_weight_assigned"": false, ""publication_date"": null, ""snapshot_captured_at"": null, ""source_identity"": ""NMPA_CDE_PUBLISHED_NOTICE_ARCHIVE""}",880cdffc8d63470c1bec243cb3296787f713898272cf2e2c29a7591c54e2f256,HISTORICAL_RECONSTRUCTABLE,False,False,False,2024-01-01,2026-09-11,OOS_2024_2026_QUALIFIED_INPUT,IMMUTABLE_931152_OOS_INPUT_ARTIFACT,931152-oos-inputs-v1/holdout_universe.csv,True
idkpi:2ddcf9deb1ce59aede217441bd9fcb16e519e7fb74a37995f82fde1d011a8345,688266.SH,INNOVATION_DRUG,CLINICAL_REGULATORY,CDE_BREAKTHROUGH_THERAPY_INCLUDED,2025-11-24,2025-11-25,NMPA_CDE_PUBLISHED_NOTICE_ARCHIVE,NMPA_OR_CDE,official:3fc423fa1a127cb4c7d6f9efc407cccd,OFFICIAL_SNAPSHOT:official:3fc423fa1a127cb4c7d6f9efc407cccd,纳入突破性治疗品种名单:注射用ZG006:ZG006单药治疗既往至少经含铂方案治疗后复发或进展的DLL3阳性（≥50%的肿瘤细胞DLL3任意强度染色）的晚期神经内分泌癌患者,https://www.cde.org.cn/main/xxgk/listpage/da6efd086c099b7fc949121166f0130c,OFFICIAL_CDE_CATEGORY_NO_DIRECTION,"{""applicant"": ""苏州泽璟生物制药股份有限公司"", ""approval_date"": null, ""availability_basis"": ""PUBLICATION_DATE_EXPLICIT"", ""availability_rule"": ""DATE_ONLY_NEXT_TRADE_DATE"", ""category"": ""纳入突破性治疗品种名单"", ""date_only_source_timestamp_delayed_to_next_real_trading_date"": true, ""direction_classified"": false, ""drug_name"": ""注射用ZG006"", ""entity_mapping_basis"": ""EXACT_LISTED_ISSUER_LEGAL_NAME"", ""first_observed_snapshot_only"": false, ""forward_or_historical_outcome_read"": false, ""historical_reconstruction_allowed"": true, ""indication"": ""ZG006单药治疗既往至少经含铂方案治疗后复发或进展的DLL3阳性（≥50%的肿瘤细胞DLL3任意强度染色）的晚期神经内分泌癌患者"", ""official_source_url"": ""https://www.cde.org.cn/main/xxgk/listpage/da6efd086c099b7fc949121166f0130c"", ""predictive_weight_assigned"": false, ""publication_date"": ""2025-11-24"", ""snapshot_captured_at"": null, ""source_identity"": ""NMPA_CDE_PUBLISHED_NOTICE_ARCHIVE""}",2ddcf9deb1ce59aede217441bd9fcb16e519e7fb74a37995f82fde1d011a8345,HISTORICAL_RECONSTRUCTABLE,False,False,False,2024-01-01,2026-09-11,OOS_2024_2026_QUALIFIED_INPUT,IMMUTABLE_931152_OOS_INPUT_ARTIFACT,931152-oos-inputs-v1/holdout_universe.csv,True
idkpi:80802fe1935f4e26b2dddba5b2c55ab91ca6def9e782cf6048be86baeda24260,688578.SH,INNOVATION_DRUG,CLINICAL_REGULATORY,CDE_BREAKTHROUGH_THERAPY_INCLUDED,2025-12-25,2025-12-26,NMPA_CDE_PUBLISHED_NOTICE_ARCHIVE,NMPA_OR_CDE,official:01ff895b19eeb3579a4db506eac15bc1,OFFICIAL_SNAPSHOT:official:01ff895b19eeb3579a4db506eac15bc1,纳入突破性治疗品种名单:甲磺酸伏美替尼片:本品适用于具有表皮生长因子受体（EGFR）PACC突变的局部晚期或转移性非小细胞肺癌（NSCLC）成人患者的一线治疗。,https://www.cde.org.cn/main/xxgk/listpage/da6efd086c099b7fc949121166f0130c,OFFICIAL_CDE_CATEGORY_NO_DIRECTION,"{""applicant"": ""上海艾力斯医药科技股份有限公司"", ""approval_date"": null, ""availability_basis"": ""PUBLICATION_DATE_EXPLICIT"", ""availability_rule"": ""DATE_ONLY_NEXT_TRADE_DATE"", ""category"": ""纳入突破性治疗品种名单"", ""date_only_source_timestamp_delayed_to_next_real_trading_date"": true, ""direction_classified"": false, ""drug_name"": ""甲磺酸伏美替尼片"", ""entity_mapping_basis"": ""EXACT_LISTED_ISSUER_LEGAL_NAME"", ""first_observed_snapshot_only"": false, ""forward_or_historical_outcome_read"": false, ""historical_reconstruction_allowed"": true, ""indication"": ""本品适用于具有表皮生长因子受体（EGFR）PACC突变的局部晚期或转移性非小细胞肺癌（NSCLC）成人患者的一线治疗。"", ""official_source_url"": ""https://www.cde.org.cn/main/xxgk/listpage/da6efd086c099b7fc949121166f0130c"", ""predictive_weight_assigned"": false, ""publication_date"": ""2025-12-25"", ""snapshot_captured_at"": null, ""source_identity"": ""NMPA_CDE_PUBLISHED_NOTICE_ARCHIVE""}",80802fe1935f4e26b2dddba5b2c55ab91ca6def9e782cf6048be86baeda24260,HISTORICAL_RECONSTRUCTABLE,False,False,False,2024-01-01,2026-09-11,OOS_2024_2026_QUALIFIED_INPUT,IMMUTABLE_931152_OOS_INPUT_ARTIFACT,931152-oos-inputs-v1/holdout_universe.csv,True
idkpi:0e3c540670fff58d3a2bfdc570dd44ececb4c37a41c8a6a076f7eaea84e102c3,600276.SH,INNOVATION_DRUG,CLINICAL_REGULATORY,CDE_BREAKTHROUGH_THERAPY_INCLUDED,2026-01-29,2026-01-30,NMPA_CDE_PUBLISHED_NOTICE_ARCHIVE,NMPA_OR_CDE,official:a62461efb5360333797abf95e40b8fae,OFFICIAL_SNAPSHOT:official:a62461efb5360333797abf95e40b8fae,纳入突破性治疗品种名单:HRS-4642注射液:本品联合吉西他滨和紫杉醇（白蛋白结合型）用于携带KRAS G12D突变的晚期或转移性胰腺癌的一线治疗,https://www.cde.org.cn/main/xxgk/listpage/da6efd086c099b7fc949121166f0130c,OFFICIAL_CDE_CATEGORY_NO_DIRECTION,"{""applicant"": ""江苏恒瑞医药股份有限公司;江苏恒瑞医药股份有限公司"", ""approval_date"": null, ""availability_basis"": ""PUBLICATION_DATE_EXPLICIT"", ""availability_rule"": ""DATE_ONLY_NEXT_TRADE_DATE"", ""category"": ""纳入突破性治疗品种名单"", ""date_only_source_timestamp_delayed_to_next_real_trading_date"": true, ""direction_classified"": false, ""drug_name"": ""HRS-4642注射液"", ""entity_mapping_basis"": ""EXACT_APPLICANT_TOKEN_IN_OFFICIAL_MULTI_APPLICANT_FIELD"", ""first_observed_snapshot_only"": false, ""forward_or_historical_outcome_read"": false, ""historical_reconstruction_allowed"": true, ""indication"": ""本品联合吉西他滨和紫杉醇（白蛋白结合型）用于携带KRAS G12D突变的晚期或转移性胰腺癌的一线治疗"", ""official_source_url"": ""https://www.cde.org.cn/main/xxgk/listpage/da6efd086c099b7fc949121166f0130c"", ""predictive_weight_assigned"": false, ""publication_date"": ""2026-01-29"", ""snapshot_captured_at"": null, ""source_identity"": ""NMPA_CDE_PUBLISHED_NOTICE_ARCHIVE""}",0e3c540670fff58d3a2bfdc570dd44ececb4c37a41c8a6a076f7eaea84e102c3,HISTORICAL_RECONSTRUCTABLE,False,False,False,2024-01-01,2026-09-11,OOS_2024_2026_QUALIFIED_INPUT,IMMUTABLE_931152_OOS_INPUT_ARTIFACT,931152-oos-inputs-v1/holdout_universe.csv,True
idkpi:23d203fd0735315bea6451467f8dc80f4099ea06db89c1ec81faa4c703a788b2,688578.SH,INNOVATION_DRUG,CLINICAL_REGULATORY,CDE_CONDITIONAL_APPROVAL,2026-02-02,2026-02-03,NMPA_CDE_PUBLISHED_NOTICE_ARCHIVE,NMPA_OR_CDE,conditional:b938c5844774aa8cf0302c2a4834c9dca50d90b51908fab99ade07afde9aecaf,OFFICIAL_SNAPSHOT:conditional:b938c5844774aa8cf0302c2a4834c9dca50d90b51908fab99ade07afde9aecaf,附条件批准品种:甲磺酸伏美替尼片:既往经含铂化疗治疗时或治疗后出现疾病进展，或不耐受含铂化疗，并且经检测确认存在表皮生长因子受体（EGFR）20号外显子插入突变的局部晚期或转移性NSCLC的成人患者。,https://www.cde.org.cn/main/xxgk/listpage/c8d79e513a6df98adf05893281ace198,OFFICIAL_CDE_CATEGORY_NO_DIRECTION,"{""applicant"": ""上海艾力斯医药科技股份有限公司"", ""approval_date"": ""2026-02-02"", ""availability_basis"": ""OFFICIAL_APPROVAL_DATE_EXPLICIT"", ""availability_rule"": ""DATE_ONLY_NEXT_TRADE_DATE"", ""category"": ""附条件批准品种"", ""date_only_source_timestamp_delayed_to_next_real_trading_date"": true, ""direction_classified"": false, ""drug_name"": ""甲磺酸伏美替尼片"", ""entity_mapping_basis"": ""EXACT_LISTED_ISSUER_LEGAL_NAME"", ""first_observed_snapshot_only"": false, ""forward_or_historical_outcome_read"": false, ""historical_reconstruction_allowed"": true, ""indication"": ""既往经含铂化疗治疗时或治疗后出现疾病进展，或不耐受含铂化疗，并且经检测确认存在表皮生长因子受体（EGFR）20号外显子插入突变的局部晚期或转移性NSCLC的成人患者。"", ""official_source_url"": ""https://www.cde.org.cn/main/xxgk/listpage/c8d79e513a6df98adf05893281ace198"", ""predictive_weight_assigned"": false, ""publication_date"": null, ""snapshot_captured_at"": null, ""source_identity"": ""NMPA_CDE_PUBLISHED_NOTICE_ARCHIVE""}",23d203fd0735315bea6451467f8dc80f4099ea06db89c1ec81faa4c703a788b2,HISTORICAL_RECONSTRUCTABLE,False,False,False,2024-01-01,2026-09-11,OOS_2024_2026_QUALIFIED_INPUT,IMMUTABLE_931152_OOS_INPUT_ARTIFACT,931152-oos-inputs-v1/holdout_universe.csv,True
idkpi:0fb65cddd56cab31b0c2b1fb09540d5cfb03e4bd72c82b9d514044f860974de2,300759.SZ,INNOVATION_DRUG,CLINICAL_REGULATORY,CDE_BREAKTHROUGH_THERAPY_INCLUDED,2026-02-03,2026-02-04,NMPA_CDE_PUBLISHED_NOTICE_ARCHIVE,NMPA_OR_CDE,official:f3cf9c1cab588a292dd30e08acc9ab5b,OFFICIAL_SNAPSHOT:official:f3cf9c1cab588a292dd30e08acc9ab5b,纳入突破性治疗品种名单:WSD0922-FU片:一线经第三代表皮生长因子受体酪氨酸激酶抑制剂（EGFR-TKI）治疗后疾病进展并具有EGFR C797S （EGFR基因中第797氨基酸位点的半胱氨酸被丝氨酸替代）基因突变的局部晚期或转移性非小细胞肺癌（NSCLC）,https://www.cde.org.cn/main/xxgk/listpage/da6efd086c099b7fc949121166f0130c,OFFICIAL_CDE_CATEGORY_NO_DIRECTION,"{""applicant"": ""威尚（上海）生物医药有限公司;康龙化成（北京）新药技术股份有限公司"", ""approval_date"": null, ""availability_basis"": ""PUBLICATION_DATE_EXPLICIT"", ""availability_rule"": ""DATE_ONLY_NEXT_TRADE_DATE"", ""category"": ""纳入突破性治疗品种名单"", ""date_only_source_timestamp_delayed_to_next_real_trading_date"": true, ""direction_classified"": false, ""drug_name"": ""WSD0922-FU片"", ""entity_mapping_basis"": ""EXACT_APPLICANT_TOKEN_IN_OFFICIAL_MULTI_APPLICANT_FIELD"", ""first_observed_snapshot_only"": false, ""forward_or_historical_outcome_read"": false, ""historical_reconstruction_allowed"": true, ""indication"": ""一线经第三代表皮生长因子受体酪氨酸激酶抑制剂（EGFR-TKI）治疗后疾病进展并具有EGFR C797S （EGFR基因中第797氨基酸位点的半胱氨酸被丝氨酸替代）基因突变的局部晚期或转移性非小细胞肺癌（NSCLC）"", ""official_source_url"": ""https://www.cde.org.cn/main/xxgk/listpage/da6efd086c099b7fc949121166f0130c"", ""predictive_weight_assigned"": false, ""publication_date"": ""2026-02-03"", ""snapshot_captured_at"": null, ""source_identity"": ""NMPA_CDE_PUBLISHED_NOTICE_ARCHIVE""}",0fb65cddd56cab31b0c2b1fb09540d5cfb03e4bd72c82b9d514044f860974de2,HISTORICAL_RECONSTRUCTABLE,False,False,False,2024-01-01,2026-09-11,OOS_2024_2026_QUALIFIED_INPUT,IMMUTABLE_931152_OOS_INPUT_ARTIFACT,931152-oos-inputs-v1/holdout_universe.csv,True
idkpi:fcf0b45926d3eac86f846e418de4fbc4825356c012b46e575cd1b79b21fc86aa,600276.SH,INNOVATION_DRUG,CLINICAL_REGULATORY,CDE_BREAKTHROUGH_THERAPY_INCLUDED,2026-02-03,2026-02-04,NMPA_CDE_PUBLISHED_NOTICE_ARCHIVE,NMPA_OR_CDE,official:e1e9a2e76ac75e028b2f9b9469ee7966,OFFICIAL_SNAPSHOT:official:e1e9a2e76ac75e028b2f9b9469ee7966,纳入突破性治疗品种名单:注射用SHR-A1811:HER2（ERBB2）激活突变的局部晚期或转移性非小细胞肺癌患者的一线治疗,https://www.cde.org.cn/main/xxgk/listpage/da6efd086c099b7fc949121166f0130c,OFFICIAL_CDE_CATEGORY_NO_DIRECTION,"{""applicant"": ""上海恒瑞医药有限公司;江苏恒瑞医药股份有限公司;苏州盛迪亚生物医药有限公司"", ""approval_date"": null, ""availability_basis"": ""PUBLICATION_DATE_EXPLICIT"", ""availability_rule"": ""DATE_ONLY_NEXT_TRADE_DATE"", ""category"": ""纳入突破性治疗品种名单"", ""date_only_source_timestamp_delayed_to_next_real_trading_date"": true, ""direction_classified"": false, ""drug_name"": ""注射用SHR-A1811"", ""entity_mapping_basis"": ""EXACT_APPLICANT_TOKEN_IN_OFFICIAL_MULTI_APPLICANT_FIELD"", ""first_observed_snapshot_only"": false, ""forward_or_historical_outcome_read"": false, ""historical_reconstruction_allowed"": true, ""indication"": ""HER2（ERBB2）激活突变的局部晚期或转移性非小细胞肺癌患者的一线治疗"", ""official_source_url"": ""https://www.cde.org.cn/main/xxgk/listpage/da6efd086c099b7fc949121166f0130c"", ""predictive_weight_assigned"": false, ""publication_date"": ""2026-02-03"", ""snapshot_captured_at"": null, ""source_identity"": ""NMPA_CDE_PUBLISHED_NOTICE_ARCHIVE""}",fcf0b45926d3eac86f846e418de4fbc4825356c012b46e575cd1b79b21fc86aa,HISTORICAL_RECONSTRUCTABLE,False,False,False,2024-01-01,2026-09-11,OOS_2024_2026_QUALIFIED_INPUT,IMMUTABLE_931152_OOS_INPUT_ARTIFACT,931152-oos-inputs-v1/holdout_universe.csv,True
idkpi:941c1ac45ab89c431100c7eb1eb2f31c9e339850b8313e122cd5a03eb30df90f,002653.SZ,INNOVATION_DRUG,CLINICAL_REGULATORY,CDE_BREAKTHROUGH_THERAPY_INCLUDED,2026-03-04,2026-03-05,NMPA_CDE_PUBLISHED_NOTICE_ARCHIVE,NMPA_OR_CDE,official:d02a4786b4ccb600d7dae858a8144c28,OFFICIAL_SNAPSHOT:official:d02a4786b4ccb600d7dae858a8144c28,纳入突破性治疗品种名单:HSK31679片:非酒精性脂肪肝炎,https://www.cde.org.cn/main/xxgk/listpage/da6efd086c099b7fc949121166f0130c,OFFICIAL_CDE_CATEGORY_NO_DIRECTION,"{""applicant"": ""海思科医药集团股份有限公司"", ""approval_date"": null, ""availability_basis"": ""PUBLICATION_DATE_EXPLICIT"", ""availability_rule"": ""DATE_ONLY_NEXT_TRADE_DATE"", ""category"": ""纳入突破性治疗品种名单"", ""date_only_source_timestamp_delayed_to_next_real_trading_date"": true, ""direction_classified"": false, ""drug_name"": ""HSK31679片"", ""entity_mapping_basis"": ""EXACT_LISTED_ISSUER_LEGAL_NAME"", ""first_observed_snapshot_only"": false, ""forward_or_historical_outcome_read"": false, ""historical_reconstruction_allowed"": true, ""indication"": ""非酒精性脂肪肝炎"", ""official_source_url"": ""https://www.cde.org.cn/main/xxgk/listpage/da6efd086c099b7fc949121166f0130c"", ""predictive_weight_assigned"": false, ""publication_date"": ""2026-03-04"", ""snapshot_captured_at"": null, ""source_identity"": ""NMPA_CDE_PUBLISHED_NOTICE_ARCHIVE""}",941c1ac45ab89c431100c7eb1eb2f31c9e339850b8313e122cd5a03eb30df90f,HISTORICAL_RECONSTRUCTABLE,False,False,False,2024-01-01,2026-09-11,OOS_2024_2026_QUALIFIED_INPUT,IMMUTABLE_931152_OOS_INPUT_ARTIFACT,931152-oos-inputs-v1/holdout_universe.csv,True
idkpi:b901604ffce51a5d8a2fa38a71e5a6ef11b81418b3ac5a360224306b28642293,300347.SZ,INNOVATION_DRUG,CLINICAL_REGULATORY,CDE_PRIORITY_REVIEW_INCLUDED,2026-03-30,2026-03-31,NMPA_CDE_PUBLISHED_NOTICE_ARCHIVE,NMPA_OR_CDE,official:0e17806432d51167838c5cacdafd7e2c,OFFICIAL_SNAPSHOT:official:0e17806432d51167838c5cacdafd7e2c,纳入优先审评品种名单:塞匹蝶呤散剂:用于治疗成人和儿童苯丙酮尿症（PKU）患者的高苯丙氨酸血症（HPA）。,https://www.cde.org.cn/main/xxgk/listpage/2f78f372d351c6851af7431c7710a731,OFFICIAL_CDE_CATEGORY_NO_DIRECTION,"{""applicant"": ""杭州泰格医药科技股份有限公司"", ""approval_date"": null, ""availability_basis"": ""PUBLICATION_DATE_EXPLICIT"", ""availability_rule"": ""DATE_ONLY_NEXT_TRADE_DATE"", ""category"": ""纳入优先审评品种名单"", ""date_only_source_timestamp_delayed_to_next_real_trading_date"": true, ""direction_classified"": false, ""drug_name"": ""塞匹蝶呤散剂"", ""entity_mapping_basis"": ""EXACT_LISTED_ISSUER_LEGAL_NAME"", ""first_observed_snapshot_only"": false, ""forward_or_historical_outcome_read"": false, ""historical_reconstruction_allowed"": true, ""indication"": ""用于治疗成人和儿童苯丙酮尿症（PKU）患者的高苯丙氨酸血症（HPA）。"", ""official_source_url"": ""https://www.cde.org.cn/main/xxgk/listpage/2f78f372d351c6851af7431c7710a731"", ""predictive_weight_assigned"": false, ""publication_date"": ""2026-03-30"", ""snapshot_captured_at"": null, ""source_identity"": ""NMPA_CDE_PUBLISHED_NOTICE_ARCHIVE""}",b901604ffce51a5d8a2fa38a71e5a6ef11b81418b3ac5a360224306b28642293,HISTORICAL_RECONSTRUCTABLE,False,False,False,2024-01-01,2026-09-11,OOS_2024_2026_QUALIFIED_INPUT,IMMUTABLE_931152_OOS_INPUT_ARTIFACT,931152-oos-inputs-v1/holdout_universe.csv,True
idkpi:d9ff53ba8546eba99ded17ad3f37c6491d01adb6bf5ea084ad6f9509e5c816d2,300347.SZ,INNOVATION_DRUG,CLINICAL_REGULATORY,CDE_PRIORITY_REVIEW_INCLUDED,2026-03-30,2026-03-31,NMPA_CDE_PUBLISHED_NOTICE_ARCHIVE,NMPA_OR_CDE,official:24aa987a0db18211e88b1236d28217e1,OFFICIAL_SNAPSHOT:official:24aa987a0db18211e88b1236d28217e1,纳入优先审评品种名单:塞匹蝶呤散剂:用于治疗成人和儿童苯丙酮尿症（PKU）患者的高苯丙氨酸血症（HPA）。,https://www.cde.org.cn/main/xxgk/listpage/2f78f372d351c6851af7431c7710a731,OFFICIAL_CDE_CATEGORY_NO_DIRECTION,"{""applicant"": ""杭州泰格医药科技股份有限公司"", ""approval_date"": null, ""availability_basis"": ""PUBLICATION_DATE_EXPLICIT"", ""availability_rule"": ""DATE_ONLY_NEXT_TRADE_DATE"", ""category"": ""纳入优先审评品种名单"", ""date_only_source_timestamp_delayed_to_next_real_trading_date"": true, ""direction_classified"": false, ""drug_name"": ""塞匹蝶呤散剂"", ""entity_mapping_basis"": ""EXACT_LISTED_ISSUER_LEGAL_NAME"", ""first_observed_snapshot_only"": false, ""forward_or_historical_outcome_read"": false, ""historical_reconstruction_allowed"": true, ""indication"": ""用于治疗成人和儿童苯丙酮尿症（PKU）患者的高苯丙氨酸血症（HPA）。"", ""official_source_url"": ""https://www.cde.org.cn/main/xxgk/listpage/2f78f372d351c6851af7431c7710a731"", ""predictive_weight_assigned"": false, ""publication_date"": ""2026-03-30"", ""snapshot_captured_at"": null, ""source_identity"": ""NMPA_CDE_PUBLISHED_NOTICE_ARCHIVE""}",d9ff53ba8546eba99ded17ad3f37c6491d01adb6bf5ea084ad6f9509e5c816d2,HISTORICAL_RECONSTRUCTABLE,False,False,False,2024-01-01,2026-09-11,OOS_2024_2026_QUALIFIED_INPUT,IMMUTABLE_931152_OOS_INPUT_ARTIFACT,931152-oos-inputs-v1/holdout_universe.csv,True
idkpi:cddef93d5bfc4ca9023b2a2183476b7dd1784bee7c9e006c0ee1c6a4ab2abf22,688578.SH,INNOVATION_DRUG,CLINICAL_REGULATORY,CDE_BREAKTHROUGH_THERAPY_INCLUDED,2026-04-28,2026-04-29,NMPA_CDE_PUBLISHED_NOTICE_ARCHIVE,NMPA_OR_CDE,official:696e213a40e15d6161986dfd5ef19cac,OFFICIAL_SNAPSHOT:official:696e213a40e15d6161986dfd5ef19cac,纳入突破性治疗品种名单:AST24082胶囊(JAB-3312胶囊):枸橼酸戈来雷塞片联合AST24082胶囊（JAB-3312胶囊）用于治疗携带鼠类肉瘤病毒癌基因（KRAS）G12C 突变型、PD-L1<50%局部晚期或转移性非鳞状非小细胞肺癌患者的一线治疗。,https://www.cde.org.cn/main/xxgk/listpage/da6efd086c099b7fc949121166f0130c,OFFICIAL_CDE_CATEGORY_NO_DIRECTION,"{""applicant"": ""上海艾力斯医药科技股份有限公司"", ""approval_date"": null, ""availability_basis"": ""PUBLICATION_DATE_EXPLICIT"", ""availability_rule"": ""DATE_ONLY_NEXT_TRADE_DATE"", ""category"": ""纳入突破性治疗品种名单"", ""date_only_source_timestamp_delayed_to_next_real_trading_date"": true, ""direction_classified"": false, ""drug_name"": ""AST24082胶囊(JAB-3312胶囊)"", ""entity_mapping_basis"": ""EXACT_LISTED_ISSUER_LEGAL_NAME"", ""first_observed_snapshot_only"": false, ""forward_or_historical_outcome_read"": false, ""historical_reconstruction_allowed"": true, ""indication"": ""枸橼酸戈来雷塞片联合AST24082胶囊（JAB-3312胶囊）用于治疗携带鼠类肉瘤病毒癌基因（KRAS）G12C 突变型、PD-L1<50%局部晚期或转移性非鳞状非小细胞肺癌患者的一线治疗。"", ""official_source_url"": ""https://www.cde.org.cn/main/xxgk/listpage/da6efd086c099b7fc949121166f0130c"", ""predictive_weight_assigned"": false, ""publication_date"": ""2026-04-28"", ""snapshot_captured_at"": null, ""source_identity"": ""NMPA_CDE_PUBLISHED_NOTICE_ARCHIVE""}",cddef93d5bfc4ca9023b2a2183476b7dd1784bee7c9e006c0ee1c6a4ab2abf22,HISTORICAL_RECONSTRUCTABLE,False,False,False,2024-01-01,2026-09-11,OOS_2024_2026_QUALIFIED_INPUT,IMMUTABLE_931152_OOS_INPUT_ARTIFACT,931152-oos-inputs-v1/holdout_universe.csv,True
idkpi:fbba3bdf7d07885640039c77fdc8d31589f7a74ff66732e81c1003f71fc42a59,002653.SZ,INNOVATION_DRUG,CLINICAL_REGULATORY,CDE_PRIORITY_REVIEW_INCLUDED,2026-05-09,2026-05-11,NMPA_CDE_PUBLISHED_NOTICE_ARCHIVE,NMPA_OR_CDE,official:62fc86f1580c89a8ee8ffcc0dd211ef5,OFFICIAL_SNAPSHOT:official:62fc86f1580c89a8ee8ffcc0dd211ef5,纳入优先审评品种名单:苯磺酸克利加巴林胶囊:神经病理性疼痛,https://www.cde.org.cn/main/xxgk/listpage/2f78f372d351c6851af7431c7710a731,OFFICIAL_CDE_CATEGORY_NO_DIRECTION,"{""applicant"": ""海思科医药集团股份有限公司"", ""approval_date"": null, ""availability_basis"": ""PUBLICATION_DATE_EXPLICIT"", ""availability_rule"": ""DATE_ONLY_NEXT_TRADE_DATE"", ""category"": ""纳入优先审评品种名单"", ""date_only_source_timestamp_delayed_to_next_real_trading_date"": true, ""direction_classified"": false, ""drug_name"": ""苯磺酸克利加巴林胶囊"", ""entity_mapping_basis"": ""EXACT_LISTED_ISSUER_LEGAL_NAME"", ""first_observed_snapshot_only"": false, ""forward_or_historical_outcome_read"": false, ""historical_reconstruction_allowed"": true, ""indication"": ""神经病理性疼痛"", ""official_source_url"": ""https://www.cde.org.cn/main/xxgk/listpage/2f78f372d351c6851af7431c7710a731"", ""predictive_weight_assigned"": false, ""publication_date"": ""2026-05-09"", ""snapshot_captured_at"": null, ""source_identity"": ""NMPA_CDE_PUBLISHED_NOTICE_ARCHIVE""}",fbba3bdf7d07885640039c77fdc8d31589f7a74ff66732e81c1003f71fc42a59,HISTORICAL_RECONSTRUCTABLE,False,False,False,2024-01-01,2026-09-11,OOS_2024_2026_QUALIFIED_INPUT,IMMUTABLE_931152_OOS_INPUT_ARTIFACT,931152-oos-inputs-v1/holdout_universe.csv,True
