symbol,name,latest,prev_close,timestamp,market_prefix
600000,浦发银行,9.48,9.18,15:34:59,sh
600004,白云机场,7.76,7.61,15:34:59,sh
600006,东风股份,5.73,5.58,15:34:59,sh
600007,中国国贸,20.5,20.35,15:34:59,sh
600008,首创环保,2.73,2.71,15:34:59,sh
600009,上海机场,22.58,22.38,15:34:59,sh
600010,包钢股份,2.09,2.08,15:34:59,sh
600011,华能国际,7.04,6.95,15:34:59,sh
600012,皖通高速,15.58,15.47,15:00:00,sh
600015,华夏银行,6.27,6.21,15:34:59,sh
600016,民生银行,3.51,3.47,15:34:59,sh
600017,日照港,2.83,2.81,15:34:59,sh
600018,上港集团,5.45,5.43,15:34:59,sh
600019,宝钢股份,5.93,5.85,15:34:59,sh
600020,中原高速,3.87,3.83,15:34:59,sh
600021,上海电力,13.25,12.78,15:34:59,sh
600022,山东钢铁,1.31,1.3,15:34:59,sh
600023,浙能电力,5.22,5.18,15:34:59,sh
600025,华能水电,9.89,9.78,15:34:59,sh
600026,中远海能,20.56,20.27,15:34:59,sh
600027,华电国际,4.95,4.86,15:34:59,sh
600028,XD中国石,5.28,5.18,15:34:59,sh
600029,南方航空,4.92,4.84,15:34:59,sh
600030,中信证券,25.86,25.82,15:34:59,sh
600031,三一重工,17.49,17.06,15:34:59,sh
600032,浙江新能,7.7,8.17,15:34:59,sh
600033,福建高速,3.67,3.62,15:34:59,sh
600035,楚天高速,3.74,3.68,15:34:59,sh
600036,招商银行,41.26,40.51,15:34:59,sh
600037,歌华有线,7.07,7.06,15:00:00,sh
600038,中直股份,27.06,26.6,15:00:00,sh
600039,四川路桥,8.73,8.69,15:34:59,sh
600048,保利发展,5.77,5.84,15:34:59,sh
600050,中国联通,4.23,4.17,15:34:59,sh
600051,宁波联合,6.38,6.39,15:00:00,sh
600052,东望时代,3.82,3.8,15:00:00,sh
600053,*ST九鼎,7.77,7.69,15:00:00,sh
600054,黄山旅游,10.5,10.53,15:34:59,sh
600055,万东医疗,10.6,10.42,15:00:00,sh
600056,中国医药,8.88,8.78,15:34:59,sh
600057,厦门象屿,6.11,6.0,15:34:59,sh
600058,五矿发展,8.52,8.56,15:34:59,sh
600059,古越龙山,12.27,11.15,15:34:59,sh
600060,海信视像,27.45,27.23,15:00:00,sh
600061,国投资本,6.19,6.15,15:34:59,sh
600062,华润双鹤,16.24,15.92,15:34:59,sh
600063,皖维高新,5.34,5.35,15:34:59,sh
600064,南京高科,8.04,7.75,15:34:59,sh
600066,宇通客车,26.72,26.34,15:34:59,sh
600067,冠城新材,2.66,2.62,15:34:59,sh
600071,凤凰光学,16.28,16.24,15:34:59,sh
600072,中船科技,9.7,8.82,15:34:59,sh
600073,光明肉业,5.53,5.48,15:00:00,sh
600075,新疆天业,4.59,4.52,15:00:00,sh
600076,康欣新材,2.13,2.14,15:34:59,sh
600078,澄星股份,9.79,9.78,15:34:59,sh
600079,ST人福,19.17,18.83,15:34:59,sh
600080,ST金花,4.61,4.64,15:00:00,sh
600081,东风科技,11.89,10.81,15:34:59,sh
600082,ST海泰,3.32,3.35,15:00:00,sh
600084,*ST尼雅,4.45,4.38,15:00:00,sh
600085,同仁堂,23.74,23.3,15:34:59,sh
600088,中视传媒,13.36,13.34,15:34:59,sh
600089,特变电工,17.32,17.15,15:34:59,sh
600094,大名城,4.19,4.13,15:34:59,sh
600095,湘财股份,8.73,8.86,15:34:59,sh
600096,云天化,27.86,27.32,15:34:59,sh
600097,开创国际,9.25,9.29,15:34:59,sh
600098,广州发展,6.32,6.2,15:34:59,sh
600099,林海股份,9.4,9.41,15:00:00,sh
600100,同方股份,6.52,6.51,15:34:59,sh
600101,明星电力,7.83,7.78,15:34:59,sh
600103,青山纸业,3.4,3.41,15:34:59,sh
600104,上汽集团,10.88,10.71,15:34:59,sh
600105,永鼎股份,36.26,37.0,15:34:59,sh
600106,重庆路桥,4.51,4.45,15:34:59,sh
600107,*ST尔雅,5.62,5.64,15:00:00,sh
600108,亚盛集团,3.97,3.87,15:34:59,sh
600109,国金证券,8.13,8.08,15:00:00,sh
600110,诺德股份,10.87,11.18,15:34:59,sh
600111,北方稀土,35.3,35.41,15:34:59,sh
600113,浙江东日,27.99,27.86,15:34:59,sh
600114,东睦股份,25.43,25.37,15:34:59,sh
600115,中国东航,3.4,3.32,15:34:59,sh
600116,三峡水利,6.15,6.08,15:34:59,sh
600117,西宁特钢,2.17,2.16,15:34:59,sh
600118,中国卫星,55.03,55.27,15:34:59,sh
600119,*ST长投,4.74,4.78,15:00:00,sh
600120,浙江东方,4.65,4.63,15:34:59,sh
600121,郑州煤电,5.34,5.33,15:34:59,sh
600123,兰花科创,6.86,6.81,15:34:59,sh
600125,铁龙物流,5.27,5.22,15:34:59,sh
600126,杭钢股份,5.94,5.99,15:34:59,sh
600127,金健米业,13.14,13.36,15:34:59,sh
600128,苏豪弘业,8.66,8.64,15:00:00,sh
600129,太极集团,13.54,13.19,15:34:59,sh
600130,波导股份,4.56,4.59,15:00:00,sh
600131,国网信通,15.39,13.99,15:34:59,sh
600132,重庆啤酒,38.03,37.26,15:34:59,sh
600133,东湖高新,7.87,7.79,15:34:59,sh
600135,乐凯胶片,7.44,7.54,15:34:59,sh
600136,ST明诚,1.49,1.47,15:34:59,sh
600137,浪莎股份,18.03,18.26,15:00:00,sh
600138,中青旅,7.0,6.94,15:34:59,sh
600141,兴发集团,26.87,26.5,15:34:59,sh
600143,金发科技,12.76,12.74,15:34:59,sh
600148,长春一东,15.8,15.92,15:00:00,sh
600149,廊坊发展,5.18,5.14,15:34:59,sh
600150,中国船舶,39.1,38.95,15:34:59,sh
600151,航天机电,9.13,9.14,15:34:59,sh
600152,维科技术,8.48,8.32,15:34:59,sh
600153,建发股份,8.82,8.65,15:34:59,sh
600155,华创云信,5.92,5.92,15:34:59,sh
600156,华升股份,7.35,8.17,15:34:59,sh
600157,永泰能源,1.45,1.45,15:34:59,sh
600158,中体产业,6.93,6.98,15:34:59,sh
600159,大龙地产,2.81,2.83,15:00:00,sh
600160,巨化股份,33.13,33.1,15:34:59,sh
600161,天坛生物,12.59,12.12,15:34:59,sh
600162,香江控股,4.26,4.32,15:34:59,sh
600163,中闽能源,5.6,5.55,15:34:59,sh
600165,宁科生物,3.35,3.25,15:34:59,sh
600166,福田汽车,2.8,2.76,15:34:59,sh
600167,联美控股,5.65,5.52,15:00:00,sh
600168,武汉控股,4.41,4.38,15:34:59,sh
600169,ST太重,2.19,2.18,15:34:59,sh
600170,上海建工,2.24,2.21,15:34:59,sh
600171,上海贝岭,21.76,22.14,15:34:59,sh
600172,黄河旋风,14.12,14.9,15:34:59,sh
600173,卧龙新能,5.96,5.93,15:34:59,sh
600176,中国巨石,39.41,39.69,15:34:59,sh
600177,雅戈尔,8.38,8.33,15:34:59,sh
600178,东安动力,9.89,9.92,15:34:59,sh
600179,安通控股,4.35,4.35,15:34:59,sh
600180,*ST瑞茂,1.49,1.5,15:34:59,sh
600182,S佳通,12.4,12.52,15:00:00,sh
600183,生益科技,129.96,132.98,15:34:59,sh
600184,光电股份,17.85,18.12,15:34:59,sh
600185,珠免集团,4.8,4.77,15:34:59,sh
600186,莲花控股,11.46,11.57,15:34:59,sh
600187,*ST国中,1.24,1.24,15:34:59,sh
600188,兖矿能源,19.44,19.26,15:34:59,sh
600189,泉阳泉,8.95,9.01,15:34:59,sh
600191,华资实业,8.85,8.74,15:00:00,sh
600192,长城电工,7.19,7.25,15:34:59,sh
600195,中牧股份,6.73,6.64,15:34:59,sh
600196,复星医药,24.02,23.39,15:34:59,sh
600197,伊力特,9.32,9.18,15:34:59,sh
600198,大唐电信,7.21,7.27,15:34:59,sh
600199,金种子酒,7.0,6.89,15:34:59,sh
600201,生物股份,11.61,11.43,15:00:00,sh
600202,哈空调,5.18,5.24,15:34:59,sh
600203,福日电子,9.78,9.89,15:34:59,sh
600206,有研新材,46.62,49.7,15:34:59,sh
600207,安彩高科,5.26,5.48,15:34:59,sh
600208,衢州发展,2.91,2.9,15:34:59,sh
600210,紫江企业,6.36,6.26,15:34:59,sh
600211,西藏药业,36.35,35.76,15:34:59,sh
600212,绿能慧充,5.63,5.71,15:00:00,sh
600215,派斯林,6.23,6.31,15:00:00,sh
600216,浙江医药,12.43,12.18,15:34:59,sh
600217,中再资环,3.27,3.26,15:34:59,sh
600218,全柴动力,8.03,7.92,15:34:59,sh
600219,南山铝业,4.71,4.62,15:34:59,sh
600221,海航控股,1.22,1.21,15:34:59,sh
600222,太龙药业,7.89,7.87,15:34:59,sh
600223,福瑞达,5.74,5.66,15:34:59,sh
600226,亨通股份,5.15,5.32,15:34:59,sh
600227,赤天化,3.85,3.81,15:34:59,sh
600228,返利科技,10.12,10.18,15:34:59,sh
600229,城市传媒,5.75,5.85,15:00:00,sh
600230,沧州大化,13.15,13.18,15:34:59,sh
600231,凌钢股份,1.69,1.65,15:00:00,sh
600232,金鹰股份,6.66,6.81,15:34:59,sh
600233,圆通速递,17.79,18.0,15:34:59,sh
600234,科新发展,19.19,19.63,15:00:00,sh
600235,民丰特纸,5.97,5.96,15:00:00,sh
600236,桂冠电力,9.27,9.18,15:34:59,sh
600237,铜峰电子,8.55,9.03,15:34:59,sh
600238,ST椰岛,4.01,4.01,15:00:00,sh
600239,ST云城,1.44,1.43,15:00:00,sh
600241,时代万恒,9.72,8.84,15:34:59,sh
600243,*ST海华,3.64,3.64,15:34:59,sh
600246,万通发展,12.58,13.13,15:34:59,sh
600248,陕建股份,2.89,2.82,15:34:59,sh
600249,两面针,5.35,5.36,15:00:00,sh
600250,南京商旅,8.75,8.82,15:34:59,sh
600251,冠农股份,9.99,9.77,15:34:59,sh
600252,中恒集团,2.2,2.17,15:34:59,sh
600255,鑫科材料,3.35,3.38,15:34:59,sh
600256,广汇能源,6.67,6.68,15:34:59,sh
600257,大湖股份,5.5,5.45,15:34:59,sh
600258,首旅酒店,11.01,11.01,15:34:59,sh
600259,中稀有色,73.74,74.2,15:34:59,sh
600261,阳光照明,3.29,3.27,15:34:59,sh
600262,北方股份,14.52,14.53,15:00:00,sh
600265,*ST景谷,22.95,22.55,15:34:59,sh
600266,城建发展,4.42,4.48,15:34:59,sh
600267,海正药业,11.75,11.43,15:34:59,sh
600268,国电南自,10.09,9.99,15:34:59,sh
600269,赣粤高速,3.81,3.76,15:00:00,sh
600271,航天信息,6.64,6.65,15:34:59,sh
600272,开开实业,15.01,14.99,15:34:59,sh
600273,嘉化能源,6.2,6.13,15:00:00,sh
600276,恒瑞医药,47.2,45.62,15:34:59,sh
600278,东方创业,6.52,6.53,15:00:00,sh
600279,重庆港,4.32,4.27,15:34:59,sh
600280,中央商场,3.01,3.0,15:34:59,sh
600281,华阳新材,4.62,4.71,15:00:00,sh
600282,南钢股份,4.54,4.43,15:34:59,sh
600283,钱江水利,8.04,8.0,15:34:59,sh
600284,浦东建设,5.14,5.1,15:34:59,sh
600285,羚锐制药,18.98,18.69,15:34:59,sh
600287,苏豪时尚,5.02,5.03,15:00:00,sh
600288,大恒科技,10.36,10.51,15:34:59,sh
600289,ST信通,4.4,4.26,15:34:59,sh
600292,电投水电,11.42,11.13,15:34:59,sh
600293,三峡新材,3.93,3.93,15:35:55,sh
600295,鄂尔多斯,13.06,12.84,15:00:00,sh
600298,安琪酵母,37.47,37.3,15:00:00,sh
600299,安迪苏,8.21,8.07,15:34:59,sh
600300,维维股份,3.1,3.05,15:00:00,sh
600301,华锡有色,49.83,48.64,15:34:59,sh
600302,ST标准,6.76,6.77,15:34:59,sh
600303,曙光股份,3.11,3.06,15:34:59,sh
600305,恒顺醋业,6.74,6.67,15:34:59,sh
600307,酒钢宏兴,1.47,1.46,15:34:59,sh
600308,华泰股份,3.27,3.25,15:34:59,sh
600309,万华化学,68.9,67.66,15:34:59,sh
600310,广西能源,4.52,4.56,15:34:59,sh
600312,平高电气,20.29,19.95,15:34:59,sh
600313,农发种业,6.73,6.45,15:34:59,sh
600315,上海家化,18.38,17.7,15:34:59,sh
600316,洪都航空,33.41,32.84,15:34:59,sh
600318,新力金融,6.8,6.85,15:34:59,sh
600319,亚星化学,6.32,6.3,15:00:00,sh
600320,振华重工,4.07,4.02,15:34:59,sh
600322,津投城开,2.79,2.79,15:00:00,sh
600323,瀚蓝环境,29.48,29.14,15:00:00,sh
600325,华发股份,2.92,2.95,15:34:59,sh
600326,西藏天路,6.73,6.63,15:34:59,sh
600327,大东方,3.88,3.85,15:34:59,sh
600328,中盐化工,5.68,5.59,15:34:59,sh
600329,达仁堂,35.32,34.6,15:34:59,sh
600330,天通股份,26.9,27.84,15:34:59,sh
600331,宏达股份,11.56,11.65,15:34:59,sh
600332,白云山,19.72,19.4,15:34:59,sh
600333,长春燃气,6.82,6.73,15:34:59,sh
600335,国机汽车,5.26,5.21,15:34:59,sh
600336,澳柯玛,6.22,6.33,15:00:00,sh
600337,ST美克,3.82,3.7,15:34:59,sh
600338,西藏珠峰,12.0,11.93,15:34:59,sh
600339,中油工程,3.24,3.21,15:34:59,sh
600340,*ST华幸,1.3,1.37,15:34:59,sh
600343,航天动力,18.88,19.16,15:34:59,sh
600345,长江通信,48.79,47.06,15:34:59,sh
600346,恒力石化,16.07,15.91,15:34:59,sh
600348,华阳股份,8.88,8.72,15:34:59,sh
600350,山东高速,10.16,9.96,15:34:59,sh
600351,亚宝药业,6.82,6.7,15:34:59,sh
600352,浙江龙盛,12.59,12.1,15:34:59,sh
600353,旭光电子,28.68,29.3,15:34:59,sh
600354,敦煌种业,9.24,8.96,15:34:59,sh
600356,恒丰纸业,11.46,10.42,15:34:59,sh
600358,国旅联合,5.69,5.76,15:34:59,sh
600359,新农开发,7.4,7.25,15:34:59,sh
600360,华微电子,10.83,11.31,15:34:59,sh
600361,创新新材,3.49,3.47,15:34:59,sh
600362,江西铜业,41.8,41.74,15:34:59,sh
600363,ST联光,12.2,13.55,15:00:00,sh
600365,ST通葡,2.86,2.86,15:00:00,sh
600366,宁波韵升,10.71,10.76,15:34:59,sh
600367,红星发展,33.08,34.59,15:34:59,sh
600368,五洲交通,4.11,4.12,15:00:00,sh
600369,西南证券,3.92,3.91,15:00:00,sh
600370,*ST三房,1.37,1.45,15:34:59,sh
600371,万向德农,13.51,12.84,15:34:59,sh
600372,中航机载,11.25,11.15,15:34:59,sh
600373,中文传媒,7.51,7.54,15:34:59,sh
600375,汉马科技,3.73,3.66,15:34:59,sh
600376,首开股份,3.3,3.39,15:34:59,sh
600377,宁沪高速,13.0,12.93,15:34:59,sh
600378,昊华科技,41.2,41.75,15:34:59,sh
600379,宝光股份,13.94,14.18,15:34:59,sh
600380,健康元,10.16,9.9,15:34:59,sh
600381,*ST春天,4.2,4.13,15:00:00,sh
600382,广东明珠,5.64,5.57,15:00:00,sh
600383,金地集团,2.74,2.55,15:34:59,sh
600386,北巴传媒,3.54,3.55,15:00:00,sh
600388,紫金龙净,16.8,16.69,15:34:59,sh
600389,江山股份,17.89,17.48,15:34:59,sh
600390,五矿资本,4.85,4.79,15:34:59,sh
600391,航发科技,40.61,40.92,15:34:59,sh
600392,盛和资源,20.17,20.27,15:34:59,sh
600395,盘江股份,4.99,4.95,15:34:59,sh
600396,华电辽能,12.39,12.35,15:34:59,sh
600397,江钨装备,16.12,15.94,15:34:59,sh
600398,海澜之家,5.65,5.62,15:00:00,sh
600399,抚顺特钢,4.29,4.25,15:00:00,sh
600400,红豆股份,3.29,3.31,15:34:59,sh
600403,大有能源,7.02,7.05,15:34:59,sh
600405,动力源,4.94,5.02,15:34:59,sh
600406,国电南瑞,22.52,22.21,15:34:59,sh
600408,安泰集团,3.13,3.04,15:34:59,sh
600409,三友化工,6.16,6.05,15:34:59,sh
600410,华胜天成,14.18,14.59,15:34:59,sh
600415,小商品城,11.08,10.72,15:34:59,sh
600416,湘电股份,8.32,8.15,15:34:59,sh
600418,江淮汽车,27.47,26.04,15:34:59,sh
600419,天润乳业,8.94,8.77,15:34:59,sh
600420,国药现代,8.39,8.21,15:34:59,sh
600422,昆药集团,8.11,8.0,15:34:59,sh
600423,*ST柳化,2.67,2.64,15:00:00,sh
600425,青松建化,3.69,3.62,15:00:00,sh
600426,华鲁恒升,19.43,19.05,15:34:59,sh
600428,中远海特,10.71,10.42,15:34:59,sh
600429,三元股份,4.85,4.75,15:34:59,sh
600433,冠豪高新,3.26,3.24,15:00:00,sh
600435,北方导航,11.16,10.87,15:34:59,sh
600436,片仔癀,118.0,115.22,15:34:59,sh
600438,通威股份,11.52,11.07,15:34:59,sh
600439,ST瑞贝卡,1.84,1.84,15:34:59,sh
600444,国机通用,14.51,14.53,15:00:00,sh
600446,金证股份,10.41,10.39,15:34:59,sh
600448,华纺股份,3.1,3.11,15:34:59,sh
600449,宁夏建材,12.48,12.49,15:34:59,sh
600452,涪陵电力,8.78,8.73,15:34:59,sh
600455,博通股份,24.63,24.81,15:00:00,sh
600456,宝钛股份,24.63,24.58,15:34:59,sh
600458,时代新材,10.99,10.86,15:34:59,sh
600459,贵研铂业,18.02,18.02,15:34:59,sh
600460,士兰微,30.75,31.84,15:34:59,sh
600461,洪城环境,8.81,8.73,15:34:59,sh
600463,空港股份,8.37,8.41,15:00:00,sh
600467,好当家,2.44,2.42,15:34:59,sh
600468,百利电气,5.87,5.86,15:34:59,sh
600469,风神股份,4.94,4.9,15:00:00,sh
600470,六国化工,5.45,5.46,15:00:00,sh
600475,华光环能,13.97,14.3,15:34:59,sh
600476,*ST湘邮,9.92,9.9,15:00:00,sh
600477,杭萧钢构,2.43,2.41,15:34:59,sh
600478,科力远,4.54,4.49,15:34:59,sh
600479,千金药业,12.4,11.95,15:34:59,sh
600480,凌云股份,7.74,7.67,15:34:59,sh
600481,双良节能,4.03,3.91,15:34:59,sh
600482,中国动力,33.51,33.8,15:34:59,sh
600483,福能股份,11.02,10.83,15:34:59,sh
600486,XD扬农化,51.18,50.21,15:00:00,sh
600487,亨通光电,54.86,57.11,15:34:59,sh
600488,津药药业,6.69,6.9,15:34:59,sh
600489,中金黄金,21.9,21.59,15:34:59,sh
600490,鹏欣资源,6.8,6.7,15:34:59,sh
600491,ST龙元,1.57,1.55,15:34:59,sh
600493,凤竹纺织,6.51,6.57,15:00:00,sh
600495,晋西车轴,4.08,4.07,15:00:00,sh
600496,精工钢构,3.39,3.32,15:34:59,sh
600497,驰宏锌锗,8.96,8.93,15:34:59,sh
600498,烽火通信,35.7,36.28,15:34:59,sh
600499,科达制造,11.19,11.07,15:34:59,sh
600500,中化国际,5.08,5.01,15:34:59,sh
600501,航天晨光,14.45,14.49,15:00:00,sh
600502,安徽建工,4.23,4.16,15:34:59,sh
600503,华丽家族,2.53,2.47,15:34:59,sh
600505,西昌电力,10.43,10.29,15:34:59,sh
600506,统一股份,16.2,16.18,15:34:59,sh
600507,方大特钢,4.08,3.98,15:34:59,sh
600508,上海能源,10.58,10.45,15:34:59,sh
600509,天富能源,7.15,7.18,15:34:59,sh
600510,黑牡丹,6.4,6.54,15:00:00,sh
600511,国药股份,26.1,25.8,15:34:59,sh
600512,腾达建设,2.09,2.09,15:34:59,sh
600513,联环药业,15.09,14.81,15:34:59,sh
600515,海南机场,2.75,2.71,15:34:59,sh
600516,方大炭素,5.29,5.27,15:34:59,sh
600517,国网英大,4.94,4.85,15:00:00,sh
600518,康美药业,1.34,1.33,15:34:59,sh
600519,贵州茅台,1258.62,1235.58,15:34:59,sh
600520,三佳科技,24.31,25.03,15:34:59,sh
600521,华海药业,16.34,15.99,15:34:59,sh
600522,中天科技,31.13,31.33,15:34:59,sh
600523,贵航股份,11.83,11.81,15:00:00,sh
600525,长园集团,4.86,4.85,15:00:00,sh
600526,菲达环保,4.63,4.59,15:00:00,sh
600527,江南高纤,2.17,2.16,15:34:59,sh
600528,中铁工业,6.85,6.75,15:34:59,sh
600529,山东药玻,18.17,17.97,15:34:59,sh
600530,ST交昂,3.76,3.79,15:34:59,sh
600531,豫光金铅,11.11,11.12,15:34:59,sh
600533,栖霞建设,2.29,2.29,15:34:59,sh
600535,天士力,14.0,13.74,15:34:59,sh
600536,中国软件,30.64,30.98,15:34:59,sh
600537,*ST亿晶,2.11,2.11,15:34:59,sh
600538,国发股份,4.79,4.71,15:00:00,sh
600539,狮头股份,13.48,13.62,15:34:59,sh
600540,新赛股份,5.52,5.67,15:34:59,sh
600543,*ST莫高,4.07,4.07,15:00:00,sh
600545,卓郎智能,3.84,3.97,15:34:59,sh
600546,山煤国际,13.12,13.0,15:34:59,sh
600547,山东黄金,27.3,26.49,15:34:59,sh
600548,深高速,8.12,8.06,15:00:00,sh
600549,厦门钨业,44.11,43.75,15:34:59,sh
600550,保变电气,10.22,10.08,15:34:59,sh
600551,时代出版,7.98,7.87,15:34:59,sh
600552,凯盛科技,17.0,17.2,15:34:59,sh
600556,天下秀,4.57,4.65,15:34:59,sh
600557,康缘药业,12.3,12.1,15:34:59,sh
600558,大西洋,4.76,4.75,15:00:00,sh
600559,老白干酒,10.98,10.81,15:34:59,sh
600560,金自天正,11.46,11.55,15:00:00,sh
600561,江西长运,6.02,6.07,15:34:59,sh
600562,国睿科技,26.81,26.35,15:34:59,sh
600563,法拉电子,115.26,115.84,15:34:59,sh
600566,济川药业,25.63,24.87,15:34:59,sh
600567,山鹰国际,1.32,1.31,15:34:59,sh
600568,ST中珠,2.37,2.4,15:00:00,sh
600569,安阳钢铁,1.82,1.78,15:34:59,sh
600570,恒生电子,19.4,19.32,15:34:59,sh
600571,信雅达,10.21,10.28,15:00:00,sh
600572,康恩贝,4.31,4.24,15:34:59,sh
600573,惠泉啤酒,10.42,10.25,15:34:59,sh
600575,淮河能源,3.16,3.13,15:34:59,sh
600576,祥源文旅,5.3,5.32,15:34:59,sh
600577,精达股份,8.71,8.25,15:34:59,sh
600578,京能电力,5.21,5.15,15:34:59,sh
600579,中化装备,7.03,7.02,15:34:59,sh
600580,卧龙电驱,26.39,25.96,15:34:59,sh
600581,*ST八钢,2.47,2.45,15:34:59,sh
600582,天地科技,4.9,4.8,15:34:59,sh
600583,海油工程,6.62,6.53,15:34:59,sh
600584,长电科技,64.28,65.7,15:34:59,sh
600585,XD海螺水,17.51,16.85,15:34:59,sh
600586,金晶科技,3.99,3.95,15:00:00,sh
600587,新华医疗,13.02,12.82,15:34:59,sh
600588,用友网络,9.22,9.25,15:34:59,sh
600589,大位科技,7.35,7.53,15:34:59,sh
600590,泰豪科技,8.03,8.12,15:34:59,sh
600592,龙溪股份,16.2,14.73,15:34:59,sh
600593,大连圣亚,48.12,48.05,15:34:59,sh
600594,益佰制药,3.64,3.6,15:34:59,sh
600595,中孚实业,5.95,5.97,15:34:59,sh
600596,新安股份,10.59,10.46,15:34:59,sh
600597,光明乳业,6.93,6.8,15:34:59,sh
600598,北大荒,12.63,12.42,15:34:59,sh
600600,青岛啤酒,50.02,49.52,15:34:59,sh
600601,方正科技,13.2,13.72,15:34:59,sh
600602,云赛智联,16.05,16.21,15:34:59,sh
600603,广汇物流,4.81,4.8,15:34:59,sh
600604,市北高新,4.86,4.85,15:34:59,sh
600605,汇通能源,29.4,29.6,15:00:00,sh
600606,绿地控股,1.54,1.5,15:34:59,sh
600609,金杯汽车,3.62,3.59,15:34:59,sh
600610,中毅达,7.41,7.36,15:34:59,sh
600611,大众交通,4.29,4.31,15:34:59,sh
600612,老凤祥,31.37,30.79,15:34:59,sh
600613,神奇制药,8.19,8.11,15:34:59,sh
600615,鑫源智造,9.53,9.54,15:00:00,sh
600616,金枫酒业,5.27,5.02,15:34:59,sh
600617,国新能源,3.4,3.27,15:34:59,sh
600618,氯碱化工,9.66,9.52,15:34:59,sh
600619,海立股份,12.93,13.18,15:34:59,sh
600620,天宸股份,4.36,4.35,15:00:00,sh
600621,华鑫股份,13.37,13.45,15:34:59,sh
600622,光大嘉宝,2.56,2.52,15:34:59,sh
600623,华谊集团,8.49,8.42,15:00:00,sh
600624,ST复华,4.61,4.61,15:00:00,sh
600626,申达股份,3.77,3.75,15:00:00,sh
600628,新世界,6.36,6.29,15:00:00,sh
600629,华建集团,16.37,16.35,15:34:59,sh
600630,龙头股份,7.63,7.71,15:34:59,sh
600633,浙数文化,10.0,10.11,15:34:59,sh
600635,大众公用,4.45,4.4,15:34:59,sh
600637,东方明珠,8.69,8.8,15:34:59,sh
600638,新黄浦,5.3,5.23,15:34:59,sh
600639,浦东金桥,9.88,9.75,15:00:00,sh
600640,国脉文化,12.63,12.62,15:34:59,sh
600641,先导基电,48.57,48.76,15:34:59,sh
600642,申能股份,8.78,8.76,15:34:59,sh
600643,爱建集团,4.1,4.07,15:34:59,sh
600644,乐山电力,8.88,8.86,15:34:59,sh
600645,中源协和,19.41,18.74,15:34:59,sh
600648,外高桥,9.66,9.47,15:34:59,sh
600649,城投控股,4.06,4.13,15:34:59,sh
600650,锦江在线,10.22,10.22,15:34:59,sh
600651,飞乐音响,4.98,4.99,15:34:59,sh
600653,申华控股,1.68,1.71,15:34:59,sh
600654,中安科,3.02,3.05,15:34:59,sh
600655,豫园股份,4.66,4.54,15:34:59,sh
600657,信达地产,3.55,3.38,15:34:59,sh
600658,电子城,4.21,4.24,15:00:00,sh
600660,福耀玻璃,53.58,53.0,15:34:59,sh
600661,昂立教育,9.17,9.3,15:34:59,sh
600662,外服控股,4.26,4.19,15:00:00,sh
600663,陆家嘴,10.11,9.19,15:34:59,sh
600664,哈药股份,7.4,7.14,15:34:59,sh
600665,天地源,3.46,3.42,15:00:00,sh
600666,奥瑞德,3.16,3.2,15:34:59,sh
600667,太极实业,17.29,17.95,15:34:59,sh
600668,尖峰集团,7.46,7.39,15:00:00,sh
600671,天目药业,21.79,21.62,15:34:59,sh
600673,东阳光,30.37,30.44,15:34:59,sh
600674,川投能源,16.62,16.5,15:34:59,sh
600675,中华企业,2.52,2.49,15:34:59,sh
600676,久事动娱,6.6,6.65,15:00:00,sh
600678,ST金顶,5.78,5.75,15:00:00,sh
600679,上海凤凰,10.55,10.52,15:34:59,sh
600681,百川能源,3.52,3.48,15:34:59,sh
600682,南京新百,5.84,5.74,15:34:59,sh
600683,京投发展,8.95,9.25,15:34:59,sh
600684,珠江股份,3.64,3.66,15:34:59,sh
600685,中船防务,28.71,28.45,15:34:59,sh
600686,金龙汽车,11.25,11.26,15:34:59,sh
600688,上海石化,2.75,2.73,15:00:00,sh
600689,上海三毛,11.92,12.02,15:00:00,sh
600690,海尔智家,20.42,20.21,15:34:59,sh
600691,潞化科技,2.72,2.72,15:34:59,sh
600692,亚通股份,6.72,6.73,15:34:59,sh
600693,东百集团,9.32,9.12,15:34:59,sh
600694,大商股份,14.4,14.26,15:34:59,sh
600697,欧亚集团,11.43,11.36,15:34:59,sh
600698,湖南天雁,6.7,6.86,15:34:59,sh
600699,均胜电子,23.46,22.75,15:34:59,sh
600702,舍得酒业,32.71,31.76,15:34:59,sh
600703,三安光电,11.48,11.41,15:34:59,sh
600704,物产中大,4.87,4.78,15:34:59,sh
600706,曲江文旅,8.1,8.06,15:34:59,sh
600707,彩虹股份,10.08,9.57,15:34:59,sh
600708,光明地产,3.12,3.12,15:00:00,sh
600710,苏美达,11.28,11.1,15:34:59,sh
600711,盛屯矿业,10.14,10.29,15:34:59,sh
600712,南宁百货,5.39,5.4,15:34:59,sh
600713,南京医药,5.0,4.94,15:00:00,sh
600714,金瑞矿业,17.15,17.49,15:34:59,sh
600715,文投控股,1.64,1.65,15:34:59,sh
600716,凤凰股份,3.79,3.79,15:00:00,sh
600717,天津港,4.3,4.23,15:34:59,sh
600718,东软集团,7.91,7.9,15:34:59,sh
600719,大连热电,8.72,8.18,15:34:59,sh
600720,中交设计,5.19,5.12,15:00:00,sh
600721,百花医药,13.11,12.95,15:34:59,sh
600722,金牛化工,14.72,14.57,15:34:59,sh
600724,宁波富达,5.01,5.0,15:00:00,sh
600725,云维股份,3.27,3.27,15:00:00,sh
600726,华电能源,4.96,4.96,15:34:59,sh
600727,鲁北化工,7.49,7.43,15:34:59,sh
600728,佳都科技,4.45,4.47,15:34:59,sh
600729,重百集团,18.44,18.08,15:34:59,sh
600730,*ST高科,8.55,8.41,15:34:59,sh
600731,湖南海利,5.95,5.83,15:00:00,sh
600732,爱旭股份,11.57,10.88,15:34:59,sh
600733,北汽蓝谷,5.07,4.93,15:34:59,sh
600734,*ST实达,1.86,1.85,15:34:59,sh
600735,ST新华锦,6.65,6.51,15:34:59,sh
600736,苏州高新,6.57,6.53,15:34:59,sh
600737,中粮糖业,14.66,13.8,15:34:59,sh
600738,丽尚国潮,4.23,4.23,15:34:59,sh
600739,辽宁成大,10.21,10.08,15:00:00,sh
600740,山西焦化,3.76,3.7,15:34:59,sh
600741,华域汽车,15.38,15.18,15:34:59,sh
600742,XD富维股,7.67,7.55,15:34:59,sh
600743,华远控股,2.35,2.4,15:34:59,sh
600744,华银电力,6.06,6.0,15:34:59,sh
600745,*ST闻泰,16.43,16.51,15:34:59,sh
600746,江苏索普,6.88,6.76,15:34:59,sh
600748,上实发展,4.1,4.09,15:00:00,sh
600749,西藏旅游,12.65,12.76,15:34:59,sh
600750,华润江中,22.53,22.3,15:34:59,sh
600751,海航科技,2.91,2.86,15:00:00,sh
600753,ST海钦,13.01,13.73,15:34:59,sh
600754,锦江酒店,18.05,17.85,15:34:59,sh
600755,厦门国贸,5.68,5.69,15:34:59,sh
600756,浪潮软件,13.76,13.95,15:34:59,sh
600757,长江传媒,7.43,7.41,15:34:59,sh
600758,辽宁能源,3.75,3.77,15:34:59,sh
600759,ST洲际,2.25,2.2,15:34:59,sh
600760,中航沈飞,43.63,42.65,15:34:59,sh
600761,安徽合力,14.85,14.7,15:34:59,sh
600763,通策医疗,34.07,33.0,15:34:59,sh
600764,中国海防,18.39,18.3,15:34:59,sh
600765,中航重机,13.19,13.08,15:34:59,sh
600768,富邦新材,14.75,14.89,15:00:00,sh
600769,祥龙电业,14.82,14.56,15:34:59,sh
600770,综艺股份,6.36,6.18,15:34:59,sh
600771,广誉远,14.15,13.89,15:00:00,sh
600773,西藏城投,9.82,9.67,15:34:59,sh
600774,汉商集团,7.97,7.96,15:00:00,sh
600775,南京熊猫,9.26,9.29,15:34:59,sh
600776,东方通信,12.28,12.34,15:34:59,sh
600777,XD新潮能,4.0,3.99,15:34:59,sh
600778,友好集团,5.77,5.78,15:34:59,sh
600779,水井坊,26.18,25.73,15:34:59,sh
600780,通宝能源,6.13,6.1,15:34:59,sh
600782,新钢股份,2.7,2.66,15:34:59,sh
600783,鲁信创投,14.52,14.62,15:34:59,sh
600784,鲁银投资,7.0,7.06,15:34:59,sh
600785,新华百货,10.65,10.28,15:34:59,sh
600787,中储股份,4.62,4.57,15:34:59,sh
600789,鲁抗医药,7.85,7.63,15:34:59,sh
600790,轻纺城,3.68,3.65,15:34:59,sh
600791,京能置业,6.94,7.1,15:34:59,sh
600792,云煤能源,5.04,5.29,15:34:59,sh
600793,宜宾纸业,16.36,16.39,15:34:59,sh
600794,保税科技,3.19,3.19,15:34:59,sh
600795,国电电力,5.34,5.36,15:34:59,sh
600796,钱江生化,5.11,5.09,15:00:00,sh
600797,浙大网新,6.45,6.49,15:34:59,sh
600798,宁波海运,3.41,3.38,15:34:59,sh
600800,渤海化学,3.21,3.2,15:34:59,sh
600801,华新建材,23.8,23.8,15:00:00,sh
600802,福建水泥,7.24,6.94,15:34:59,sh
600803,新奥股份,19.2,18.39,15:34:59,sh
600805,悦达投资,4.63,4.63,15:34:59,sh
600807,济高发展,2.68,2.68,15:00:00,sh
600808,马钢股份,2.51,2.46,15:34:59,sh
600809,山西汾酒,115.6,111.5,15:34:59,sh
600810,神马股份,6.3,6.22,15:00:00,sh
600812,华北制药,4.98,4.84,15:34:59,sh
600814,杭州解百,6.93,6.87,15:34:59,sh
600815,厦工股份,3.82,3.77,15:34:59,sh
600816,建元信托,2.38,2.34,15:34:59,sh
600817,宇通重工,9.79,9.75,15:00:00,sh
600818,ST中路,9.31,9.17,15:34:59,sh
600819,耀皮玻璃,5.62,5.61,15:34:59,sh
600820,隧道股份,5.3,5.2,15:34:59,sh
600821,金开新能,5.68,5.7,15:34:59,sh
600822,上海物贸,8.92,9.18,15:34:59,sh
600824,益民集团,3.71,3.66,15:00:00,sh
600825,新华传媒,10.35,9.41,15:34:59,sh
600826,兰生股份,7.97,7.98,15:00:00,sh
600827,百联股份,7.94,7.76,15:34:59,sh
600828,茂业商业,4.33,4.28,15:34:59,sh
600829,人民同泰,9.43,9.33,15:34:59,sh
600830,香溢融通,8.38,8.36,15:34:59,sh
600831,广电网络,3.4,3.41,15:00:00,sh
600833,第一医药,10.48,10.56,15:00:00,sh
600834,XD申通地,7.65,7.69,15:00:00,sh
600835,上海机电,18.29,18.21,15:34:59,sh
600838,上海九百,8.18,8.15,15:34:59,sh
600839,四川长虹,6.42,6.41,15:34:59,sh
600841,动力新科,5.7,5.65,15:34:59,sh
600843,上工申贝,7.58,7.68,15:34:59,sh
600844,金煤科技,3.23,3.21,15:34:59,sh
600845,宝信软件,17.69,17.81,15:34:59,sh
600846,同济科技,10.66,10.68,15:00:00,sh
600847,万里股份,12.79,12.86,15:34:59,sh
600848,上海临港,9.05,8.7,15:34:59,sh
600850,电科数字,13.63,13.65,15:00:00,sh
600851,海欣股份,7.93,7.9,15:34:59,sh
600853,龙建股份,3.32,3.29,15:34:59,sh
600854,春兰股份,4.75,4.78,15:34:59,sh
600855,航天长峰,12.4,12.35,15:34:59,sh
600857,宁波中百,17.22,17.53,15:34:59,sh
600858,银座股份,4.95,4.94,15:34:59,sh
600859,王府井,9.84,9.68,15:34:59,sh
600860,京城股份,7.47,7.52,15:34:59,sh
600861,北京人力,12.83,12.69,15:34:59,sh
600862,中航高科,17.85,17.73,15:34:59,sh
600863,华能蒙电,4.72,4.68,15:34:59,sh
600864,哈投股份,5.62,5.63,15:34:59,sh
600865,百大集团,10.43,10.43,15:34:59,sh
600866,星湖科技,4.19,4.09,15:34:59,sh
600867,通化东宝,7.86,7.68,15:34:59,sh
600868,梅雁吉祥,2.77,2.78,15:34:59,sh
600869,远东股份,17.65,18.03,15:34:59,sh
600871,石化油服,2.1,2.09,15:34:59,sh
600872,中炬高新,17.24,16.84,15:34:59,sh
600873,梅花生物,7.48,7.24,15:34:59,sh
600874,创业环保,5.52,5.46,15:00:00,sh
600875,东方电气,23.04,22.97,15:34:59,sh
600876,凯盛新能,7.47,7.54,15:34:59,sh
600877,电科芯片,11.22,11.4,15:34:59,sh
600879,航天电子,13.55,13.66,15:34:59,sh
600880,博瑞传播,4.06,4.18,15:34:59,sh
600881,亚泰集团,1.85,1.84,15:34:59,sh
600882,妙可蓝多,19.31,18.71,15:34:59,sh
600883,博闻科技,8.16,8.21,15:00:00,sh
600884,杉杉股份,11.51,11.58,15:34:59,sh
600885,宏发股份,33.53,33.48,15:34:59,sh
600886,国投电力,15.24,15.15,15:34:59,sh
600887,伊利股份,27.3,27.24,15:34:59,sh
600888,新疆众和,9.78,9.67,15:34:59,sh
600889,*ST京化,13.32,13.17,15:00:00,sh
600892,大晟文化,4.1,4.16,15:34:59,sh
600893,航发动力,38.86,38.41,15:34:59,sh
600894,广日股份,7.65,7.66,15:34:59,sh
600895,张江高科,28.01,27.77,15:34:59,sh
600897,厦门空港,15.1,15.02,15:34:59,sh
600900,长江电力,28.54,28.38,15:34:59,sh
600901,江苏金租,6.94,6.85,15:34:59,sh
600903,贵州燃气,6.68,6.51,15:34:59,sh
600905,三峡能源,3.52,3.52,15:34:59,sh
600906,财达证券,6.29,6.27,15:34:59,sh
600908,无锡银行,5.9,5.84,15:34:59,sh
600909,华安证券,7.77,7.69,15:34:59,sh
600916,中国黄金,7.19,7.14,15:34:59,sh
600917,重庆燃气,4.84,4.79,15:34:59,sh
600918,中泰证券,5.42,5.39,15:34:59,sh
600919,江苏银行,12.38,12.16,15:34:59,sh
600925,苏能股份,4.18,4.1,15:34:59,sh
600926,杭州银行,17.11,16.81,15:34:59,sh
600927,永安期货,12.1,12.06,15:00:00,sh
600928,西安银行,3.55,3.48,15:34:59,sh
600929,雪天盐业,5.96,5.99,15:34:59,sh
600930,华电新能,3.88,3.82,15:34:59,sh
600933,爱柯迪,13.27,13.3,15:34:59,sh
600935,华塑股份,2.31,2.3,15:34:59,sh
600936,北投科技,4.24,4.25,15:34:59,sh
600938,中国海油,33.42,33.36,15:34:59,sh
600939,重庆建工,2.69,2.65,15:00:00,sh
600941,XD中国移,95.8,94.85,15:34:59,sh
600955,维远股份,12.36,12.28,15:34:59,sh
600956,新天绿能,7.09,7.02,15:34:59,sh
600958,东方证券,8.65,8.61,15:34:59,sh
600959,江苏有线,3.11,3.11,15:34:59,sh
600960,渤海汽车,3.9,3.89,15:00:00,sh
600961,株冶集团,22.56,22.59,15:34:59,sh
600962,国投中鲁,26.03,25.24,15:34:59,sh
600963,岳阳林纸,3.38,3.34,15:00:00,sh
600965,*ST福成,2.57,2.6,15:00:00,sh
600966,博汇纸业,4.85,4.77,15:00:00,sh
600967,内蒙一机,12.82,12.73,15:34:59,sh
600968,海油发展,3.92,3.91,15:34:59,sh
600969,郴电国际,9.52,9.5,15:34:59,sh
600970,中材国际,7.72,7.63,15:34:59,sh
600971,恒源煤电,8.19,8.14,15:00:00,sh
600973,宝胜股份,5.71,5.71,15:34:59,sh
600975,新五丰,5.19,5.22,15:34:59,sh
600976,健民集团,26.86,26.56,15:34:59,sh
600977,中国电影,12.89,13.13,15:34:59,sh
600979,广安爱众,3.88,3.89,15:34:59,sh
600980,北矿科技,18.75,18.78,15:00:00,sh
600981,苏豪汇鸿,2.42,2.41,15:34:59,sh
600982,宁波能源,5.3,5.49,15:34:59,sh
600983,惠而浦,7.54,7.46,15:34:59,sh
600984,建设机械,3.6,3.58,15:34:59,sh
600985,淮北矿业,15.87,15.9,15:00:00,sh
600986,浙文互联,6.89,6.98,15:34:59,sh
600987,航民股份,6.28,6.23,15:34:59,sh
600988,赤峰黄金,39.56,38.44,15:34:59,sh
600989,宝丰能源,22.46,22.41,15:34:59,sh
600990,四创电子,17.84,17.54,15:00:00,sh
600992,贵绳股份,10.2,10.22,15:34:59,sh
600993,马应龙,22.52,22.21,15:00:00,sh
600995,南网储能,11.86,11.67,15:34:59,sh
600996,贵广网络,6.76,6.9,15:34:59,sh
600997,开滦股份,5.22,5.18,15:00:00,sh
600998,九州通,5.05,4.96,15:34:59,sh
600999,招商证券,17.07,16.94,15:34:59,sh
601000,唐山港,4.62,4.58,15:34:59,sh
601001,晋控煤业,17.21,17.0,15:34:59,sh
601002,晋亿实业,5.26,5.22,15:00:00,sh
601003,柳钢股份,3.58,3.5,15:34:59,sh
601005,重庆钢铁,1.21,1.2,15:34:59,sh
601006,大秦铁路,4.74,4.67,15:34:59,sh
601007,金陵饭店,6.78,6.8,15:00:00,sh
601008,连云港,4.4,4.35,15:34:59,sh
601009,南京银行,11.98,11.79,15:34:59,sh
601010,ST文峰,1.42,1.43,15:34:59,sh
601011,宝泰隆,2.9,2.87,15:34:59,sh
601012,隆基绿能,11.21,10.89,15:34:59,sh
601015,陕西黑猫,3.58,3.58,15:34:59,sh
601016,节能风电,3.26,3.26,15:34:59,sh
601018,宁波港,3.53,3.49,15:34:59,sh
601019,山东出版,6.84,6.76,15:00:00,sh
601020,华钰矿业,19.66,19.95,15:34:59,sh
601021,春秋航空,40.76,39.84,15:34:59,sh
601022,宁波远洋,8.25,8.24,15:34:59,sh
601026,道生天合,14.6,14.69,15:00:00,sh
601033,永兴股份,14.18,14.1,15:34:59,sh
601038,一拖股份,13.71,13.67,15:34:59,sh
601058,赛轮轮胎,13.24,13.22,15:00:00,sh
601059,信达证券,15.56,15.56,15:35:52,sh
601061,中信金属,10.55,10.52,15:34:59,sh
601065,江盐集团,6.67,6.64,15:00:00,sh
601066,中信建投,23.03,23.01,15:34:59,sh
601068,中铝国际,4.33,4.35,15:34:59,sh
601069,XD西部黄,24.56,24.3,15:34:59,sh
601077,渝农商行,6.71,6.58,15:34:59,sh
601083,锦江航运,12.65,12.62,15:34:59,sh
601086,国芳集团,13.33,14.27,15:34:59,sh
601088,中国神华,47.8,47.3,15:34:59,sh
601089,福元医药,16.48,16.01,15:00:00,sh
601091,沈鼓集团,23.15,25.19,15:34:59,sh
601096,宏盛华源,3.97,3.92,15:34:59,sh
601098,中南传媒,10.27,10.2,15:34:59,sh
601099,太平洋,3.46,3.46,15:34:59,sh
601100,恒立液压,90.31,90.82,15:34:59,sh
601101,昊华能源,12.73,12.59,15:34:59,sh
601106,中国一重,2.95,2.92,15:34:59,sh
601107,四川成渝,6.09,6.04,15:00:00,sh
601108,财通证券,8.15,8.17,15:34:59,sh
601111,中国国航,5.91,5.78,15:34:59,sh
601112,振石股份,15.82,16.3,15:34:59,sh
601113,华鼎股份,3.5,3.5,15:00:00,sh
601116,三江购物,9.91,9.85,15:34:59,sh
601117,中国化学,7.17,7.13,15:34:59,sh
601118,海南橡胶,6.37,5.79,15:34:59,sh
601121,宝地矿业,7.03,6.91,15:00:00,sh
601123,马矿股份,16.72,17.01,15:34:59,sh
601126,四方股份,36.49,36.63,15:34:59,sh
601127,赛力斯,46.94,46.81,15:34:59,sh
601128,常熟银行,6.26,6.16,15:34:59,sh
601133,柏诚股份,22.41,23.32,15:34:59,sh
601136,首创证券,13.89,13.95,15:34:59,sh
601137,博威合金,18.91,19.17,15:34:59,sh
601138,工业富联,58.2,58.42,15:34:59,sh
601139,深圳燃气,6.25,6.18,15:34:59,sh
601155,新城控股,12.87,13.01,15:34:59,sh
601156,东航物流,18.39,18.06,15:34:59,sh
601158,重庆水务,4.02,4.0,15:00:00,sh
601162,天风证券,3.56,3.56,15:34:59,sh
601163,三角轮胎,12.24,12.17,15:00:00,sh
601166,兴业银行,18.05,17.79,15:34:59,sh
601168,西部矿业,35.35,35.17,15:34:59,sh
601169,北京银行,5.57,5.48,15:34:59,sh
601177,杭齿前进,13.85,13.64,15:34:59,sh
601179,中国西电,11.61,11.41,15:34:59,sh
601186,中国铁建,6.02,5.95,15:34:59,sh
601187,厦门银行,6.9,6.84,15:34:59,sh
601188,龙江交通,2.88,2.87,15:34:59,sh
601198,东兴证券,13.06,13.06,15:35:38,sh
601199,江南水务,6.3,6.44,15:34:59,sh
601200,上海环境,6.8,6.77,15:00:00,sh
601208,东材科技,48.22,50.53,15:34:59,sh
601211,国泰海通,16.87,16.65,15:34:59,sh
601212,白银有色,5.65,5.61,15:34:59,sh
601216,君正集团,4.54,4.44,15:34:59,sh
601218,吉鑫科技,6.08,6.13,15:34:59,sh
601222,林洋能源,5.94,5.91,15:34:59,sh
601225,陕西煤业,26.03,25.66,15:34:59,sh
601226,华电科工,6.51,6.51,15:34:59,sh
601228,广州港,3.11,3.06,15:34:59,sh
601229,上海银行,9.75,9.55,15:34:59,sh
601231,环旭电子,23.74,24.09,15:34:59,sh
601233,桐昆股份,22.73,22.49,15:34:59,sh
601236,红塔证券,7.01,6.88,15:34:59,sh
601238,广汽集团,5.84,5.6,15:34:59,sh
601279,英利汽车,3.65,3.55,15:34:59,sh
601288,农业银行,6.97,6.94,15:34:59,sh
601298,青岛港,10.06,10.09,15:34:59,sh
601311,骆驼股份,7.36,7.33,15:34:59,sh
601318,中国平安,53.29,52.5,15:34:59,sh
601319,中国人保,7.98,8.06,15:34:59,sh
601326,秦港股份,3.55,3.51,15:34:59,sh
601328,交通银行,7.75,7.62,15:34:59,sh
601330,绿色动力,8.14,8.26,15:34:59,sh
601333,广深铁路,3.08,3.05,15:00:00,sh
601336,新华保险,56.35,55.94,15:34:59,sh
601339,百隆东方,7.25,7.2,15:34:59,sh
601360,三六零,8.95,9.12,15:34:59,sh
601366,利群股份,3.65,3.63,15:00:00,sh
601368,绿城水务,4.59,4.63,15:00:00,sh
601369,陕鼓动力,8.51,8.42,15:34:59,sh
601375,中原证券,3.94,3.94,15:00:00,sh
601377,兴业证券,5.72,5.72,15:34:59,sh
601388,怡球资源,3.18,3.17,15:34:59,sh
601390,中国中铁,4.33,4.25,15:34:59,sh
601398,工商银行,8.28,8.16,15:34:59,sh
601399,国机重装,3.15,3.13,15:34:59,sh
601456,国联民生,8.51,8.53,15:34:59,sh
601500,通用股份,3.86,3.85,15:00:00,sh
601512,中新集团,8.46,8.45,15:34:59,sh
601515,衢州东峰,3.18,3.19,15:34:59,sh
601518,吉林高速,2.79,2.76,15:34:59,sh
601519,大智慧,8.65,9.01,15:34:59,sh
601528,瑞丰银行,5.14,5.04,15:34:59,sh
601555,东吴证券,8.13,8.14,15:34:59,sh
601566,九牧王,9.06,9.1,15:34:59,sh
601567,三星电气,13.67,13.86,15:34:59,sh
601568,北元化工,3.55,3.51,15:34:59,sh
601577,XD长沙银,9.71,9.48,15:00:00,sh
601579,会稽山,37.3,37.66,15:34:59,sh
601588,北辰实业,1.83,1.81,15:34:59,sh
601595,上海电影,23.0,23.26,15:34:59,sh
601598,中国外运,6.61,6.69,15:00:00,sh
601599,浙文影业,3.25,3.27,15:34:59,sh
601600,中国铝业,8.93,8.94,15:34:59,sh
601601,中国太保,31.06,30.4,15:34:59,sh
601606,长城军工,30.7,31.09,15:34:59,sh
601607,上海医药,16.22,16.0,15:34:59,sh
601608,中信重工,4.59,4.56,15:34:59,sh
601609,金田股份,11.72,11.32,15:34:59,sh
601611,中国核建,10.08,10.01,15:34:59,sh
601615,明阳智能,9.77,9.78,15:34:59,sh
601616,广电电气,3.75,3.78,15:34:59,sh
601618,中国中冶,2.54,2.5,15:34:59,sh
601619,嘉泽新能,3.89,3.86,15:34:59,sh
601628,中国人寿,36.7,36.62,15:34:59,sh
601633,长城汽车,13.73,13.66,15:34:59,sh
601636,旗滨集团,5.39,5.29,15:34:59,sh
601658,邮储银行,5.46,5.41,15:34:59,sh
601665,齐鲁银行,7.13,6.94,15:00:00,sh
601666,平煤股份,8.82,8.73,15:34:59,sh
601668,中国建筑,4.34,4.27,15:34:59,sh
601669,中国电建,4.57,4.52,15:34:59,sh
601677,明泰铝业,16.17,16.16,15:34:59,sh
601678,滨化股份,5.68,5.64,15:34:59,sh
601686,友发集团,5.0,4.97,15:00:00,sh
601688,华泰证券,17.8,17.72,15:34:59,sh
601689,拓普集团,46.52,47.35,15:34:59,sh
601696,中银证券,10.96,10.96,15:34:59,sh
601698,中国卫通,22.6,22.7,15:34:59,sh
601699,潞安环能,15.09,14.79,15:00:00,sh
601700,风范股份,6.19,6.04,15:34:59,sh
601702,华峰铝业,14.88,14.84,15:00:00,sh
601717,中创智领,13.35,12.99,15:34:59,sh
601718,ST际华,1.94,1.91,15:34:59,sh
601727,上海电气,6.44,6.41,15:34:59,sh
601728,中国电信,6.28,6.27,15:34:59,sh
601766,中国中车,6.19,6.12,15:34:59,sh
601777,千里科技,8.18,7.91,15:34:59,sh
601778,晶科科技,3.39,3.38,15:34:59,sh
601788,光大证券,13.68,13.55,15:34:59,sh
601789,宁波建工,4.21,4.18,15:34:59,sh
601798,蓝科高新,7.68,7.68,15:00:00,sh
601799,星宇股份,70.33,69.75,15:34:59,sh
601800,中国交建,5.94,5.83,15:34:59,sh
601801,皖新传媒,5.49,5.54,15:34:59,sh
601808,中海油服,12.22,12.06,15:34:59,sh
601811,新华文轩,21.12,20.37,15:34:59,sh
601816,京沪高铁,4.76,4.7,15:34:59,sh
601818,光大银行,3.04,3.01,15:34:59,sh
601825,沪农商行,8.61,8.58,15:34:59,sh
601827,三峰环境,7.9,7.82,15:00:00,sh
601828,美凯龙,2.23,2.19,15:34:59,sh
601838,成都银行,19.31,18.88,15:34:59,sh
601857,中国石油,11.21,11.12,15:34:59,sh
601858,中国科传,21.58,22.11,15:34:59,sh
601860,紫金银行,2.58,2.54,15:34:59,sh
601865,福莱特,9.22,9.1,15:34:59,sh
601866,中远海发,2.44,2.41,15:34:59,sh
601868,中国能建,2.39,2.37,15:34:59,sh
601869,长飞光纤,411.16,407.95,15:34:59,sh
601872,招商轮船,20.15,19.89,15:34:59,sh
601877,XD正泰电,24.95,24.38,15:34:59,sh
601878,浙商证券,8.97,8.92,15:34:59,sh
601880,辽港股份,1.47,1.45,15:34:59,sh
601881,中国银河,11.59,11.51,15:34:59,sh
601882,海天精工,22.62,22.75,15:34:59,sh
601886,江河集团,13.09,12.8,15:34:59,sh
601888,中国中免,51.44,50.93,15:34:59,sh
601890,亚星锚链,9.35,9.23,15:34:59,sh
601898,中煤能源,13.8,13.9,15:34:59,sh
601899,紫金矿业,29.79,29.46,15:34:59,sh
601900,南方传媒,12.69,12.58,15:34:59,sh
601901,方正证券,6.71,6.63,15:34:59,sh
601908,京运通,2.93,2.91,15:34:59,sh
601916,浙商银行,2.88,2.87,15:00:00,sh
601918,新集能源,11.29,11.36,15:34:59,sh
601919,中远海控,16.37,16.33,15:34:59,sh
601921,浙版传媒,7.56,7.55,15:34:59,sh
601928,凤凰传媒,8.34,8.27,15:34:59,sh
601929,吉视传媒,2.31,2.37,15:34:59,sh
601933,永辉超市,2.99,2.96,15:34:59,sh
601939,建设银行,11.06,11.03,15:34:59,sh
601949,中国出版,5.91,6.01,15:34:59,sh
601952,苏垦农发,8.97,8.72,15:34:59,sh
601956,东贝集团,5.02,5.07,15:34:59,sh
601958,金钼股份,19.37,19.3,15:34:59,sh
601963,重庆银行,11.2,10.97,15:34:59,sh
601965,中国汽研,13.57,13.03,15:34:59,sh
601966,玲珑轮胎,10.49,10.36,15:34:59,sh
601968,宝钢包装,4.5,4.47,15:00:00,sh
601969,海南矿业,8.92,8.89,15:34:59,sh
601975,招商南油,4.52,4.43,15:34:59,sh
601985,中国核电,9.07,9.02,15:34:59,sh
601988,中国银行,6.73,6.65,15:34:59,sh
601990,南京证券,6.58,6.54,15:00:00,sh
601991,大唐发电,5.31,5.25,15:34:59,sh
601992,金隅集团,1.43,1.41,15:34:59,sh
601995,中金公司,30.63,30.61,15:34:59,sh
601996,丰林集团,2.88,2.9,15:00:00,sh
601997,贵阳银行,5.61,5.56,15:34:59,sh
601998,中信银行,9.1,9.02,15:34:59,sh
601999,出版传媒,6.81,6.96,15:34:59,sh
603000,人民网,16.51,16.65,15:34:59,sh
603001,奥康国际,11.29,11.97,15:34:59,sh
603002,宏昌电子,17.34,17.56,15:34:59,sh
603004,鼎龙科技,19.87,19.14,15:34:59,sh
603005,晶方科技,26.99,27.86,15:34:59,sh
603006,联明股份,10.83,10.94,15:00:00,sh
603007,顺景科技,4.47,4.48,15:34:59,sh
603008,ST喜临门,10.6,9.98,15:34:59,sh
603009,北特科技,45.88,45.57,15:34:59,sh
603010,万盛股份,12.29,12.07,15:34:59,sh
603011,合锻智能,23.98,24.59,15:34:59,sh
603012,创力集团,8.51,8.47,15:34:59,sh
603013,亚普股份,14.26,14.2,15:34:59,sh
603014,威高血净,30.79,30.88,15:34:59,sh
603015,弘讯科技,10.3,10.43,15:00:00,sh
603016,新宏泰,32.16,31.88,15:34:59,sh
603017,中衡设计,10.03,10.2,15:34:59,sh
603018,华设集团,5.2,5.2,15:34:59,sh
603019,中科曙光,79.52,80.4,15:34:59,sh
603020,爱普股份,12.48,12.11,15:34:59,sh
603021,*ST华鹏,4.46,4.95,15:34:59,sh
603022,新通联,9.06,9.17,15:00:00,sh
603023,威帝股份,4.06,4.08,15:00:00,sh
603025,大豪科技,12.93,12.95,15:34:59,sh
603026,石大胜华,56.92,55.87,15:34:59,sh
603027,千禾味业,7.31,7.12,15:34:59,sh
603028,赛福天,7.16,7.26,15:00:00,sh
603029,天鹅股份,16.65,16.76,15:34:59,sh
603030,全筑股份,2.08,2.09,15:34:59,sh
603031,安孚科技,36.67,36.57,15:34:59,sh
603032,德新科技,17.77,17.65,15:34:59,sh
603033,三维股份,7.71,7.64,15:00:00,sh
603035,常熟汽饰,10.5,10.4,15:00:00,sh
603036,如通股份,13.52,13.7,15:00:00,sh
603037,凯众股份,10.36,10.44,15:34:59,sh
603038,华立股份,15.71,15.68,15:34:59,sh
603039,泛微网络,34.73,34.53,15:34:59,sh
603040,新坐标,44.3,44.33,15:00:00,sh
603041,美思德,11.53,11.66,15:00:00,sh
603042,华脉科技,16.66,16.55,15:34:59,sh
603043,广州酒家,13.14,12.95,15:34:59,sh
603045,福达合金,46.03,47.16,15:34:59,sh
603048,浙江黎明,25.27,24.59,15:34:59,sh
603049,中策橡胶,43.96,43.83,15:00:00,sh
603050,科林电气,16.35,16.45,15:00:00,sh
603051,鹿山新材,24.26,24.71,15:34:59,sh
603052,可川科技,51.02,52.96,15:34:59,sh
603053,成都燃气,8.75,8.7,15:34:59,sh
603055,台华新材,9.17,9.04,15:00:00,sh
603057,紫燕食品,17.84,17.74,15:00:00,sh
603058,永吉股份,8.51,8.67,15:34:59,sh
603059,倍加洁,26.22,25.89,15:00:00,sh
603060,国检集团,5.53,5.53,15:34:59,sh
603061,金海通,311.73,318.5,15:34:59,sh
603062,麦加芯彩,36.84,36.6,15:00:00,sh
603063,禾望电气,27.61,28.16,15:34:59,sh
603065,宿迁联盛,14.23,14.83,15:34:59,sh
603066,音飞储存,9.28,9.32,15:00:00,sh
603067,振华股份,40.25,39.45,15:34:59,sh
603068,博通集成,44.85,45.0,15:34:59,sh
603069,海汽集团,13.55,13.44,15:00:00,sh
603070,万控智造,11.3,11.33,15:34:59,sh
603071,物产环能,12.49,12.34,15:34:59,sh
603072,天和磁材,29.39,29.75,15:00:00,sh
603073,彩蝶实业,20.88,19.72,15:34:59,sh
603075,热威股份,19.73,19.95,15:34:59,sh
603076,乐惠国际,20.12,20.41,15:00:00,sh
603077,和邦生物,2.19,2.18,15:34:59,sh
603078,江化微,28.83,29.59,15:34:59,sh
603079,圣达生物,13.61,13.17,15:00:00,sh
603080,新疆火炬,19.95,19.56,15:00:00,sh
603081,大丰实业,9.36,9.43,15:00:00,sh
603082,北自科技,41.25,42.0,15:34:59,sh
603083,剑桥科技,205.45,201.1,15:34:59,sh
603085,天成自控,9.73,9.75,15:00:00,sh
603086,先达股份,5.87,5.84,15:34:59,sh
603087,甘李药业,77.4,74.85,15:34:59,sh
603088,宁波精达,9.9,9.96,15:00:00,sh
603089,正裕工业,9.46,9.53,15:00:00,sh
603090,宏盛股份,36.85,36.68,15:34:59,sh
603091,众鑫股份,45.32,45.2,15:00:00,sh
603092,德力佳,48.19,49.02,15:34:59,sh
603093,南华期货,13.16,13.31,15:34:59,sh
603095,越剑智能,14.01,14.11,15:34:59,sh
603096,新经典,16.1,16.36,15:00:00,sh
603097,江苏华辰,18.67,18.29,15:00:00,sh
603098,森特股份,10.65,10.74,15:00:00,sh
603099,长白山,40.68,39.78,15:34:59,sh
603100,川仪股份,18.29,18.29,15:00:00,sh
603101,汇嘉时代,7.39,7.37,15:00:00,sh
603102,百合股份,37.29,36.87,15:00:00,sh
603103,横店影视,15.82,16.13,15:34:59,sh
603105,芯能科技,8.5,8.83,15:34:59,sh
603106,恒银科技,7.16,7.27,15:00:00,sh
603107,上海汽配,12.23,12.12,15:34:59,sh
603108,润达医疗,9.97,10.08,15:34:59,sh
603109,神驰机电,17.37,17.48,15:34:59,sh
603110,东方材料,24.13,25.18,15:34:59,sh
603111,康尼机电,6.13,6.15,15:00:00,sh
603112,华翔股份,16.55,16.67,15:00:00,sh
603113,金能科技,4.94,4.87,15:34:59,sh
603115,海星股份,70.06,71.23,15:34:59,sh
603116,红蜻蜓,7.28,7.82,15:34:59,sh
603117,万林物流,3.97,4.02,15:00:00,sh
603118,共进股份,15.72,16.3,15:34:59,sh
603119,浙江荣泰,52.6,52.26,15:34:59,sh
603120,肯特催化,56.05,57.75,15:34:59,sh
603121,华培动力,12.29,12.58,15:34:59,sh
603122,合富中国,13.86,14.02,15:34:59,sh
603123,翠微股份,9.49,9.22,15:34:59,sh
603124,江南新材,119.85,120.2,15:34:59,sh
603125,常青科技,20.94,20.77,15:34:59,sh
603126,中材节能,6.31,6.3,15:34:59,sh
603127,昭衍新药,49.3,44.82,15:34:59,sh
603128,华贸物流,5.37,5.34,15:34:59,sh
603129,春风动力,287.06,284.0,15:00:00,sh
603130,云中马,39.63,38.66,15:34:59,sh
603131,上海沪工,13.57,13.69,15:00:00,sh
603132,金徽股份,18.33,18.42,15:00:00,sh
603135,中重科技,8.53,8.59,15:34:59,sh
603136,天目湖,9.04,9.09,15:34:59,sh
603137,恒尚节能,17.78,17.98,15:34:59,sh
603138,海量数据,13.82,15.1,15:34:59,sh
603139,康惠股份,34.18,34.94,15:34:59,sh
603150,万朗磁塑,66.4,68.49,15:00:00,sh
603151,邦基科技,17.72,18.14,15:34:59,sh
603153,上海建科,13.68,13.48,15:34:59,sh
603155,新亚强,14.46,14.78,15:34:59,sh
603156,养元饮品,43.63,43.95,15:34:59,sh
603158,腾龙股份,10.22,10.29,15:34:59,sh
603159,上海亚虹,22.38,22.92,15:34:59,sh
603160,汇顶科技,53.19,54.06,15:34:59,sh
603161,科华控股,14.38,14.5,15:00:00,sh
603162,海通发展,13.04,12.72,15:34:59,sh
603163,圣晖集成,73.92,75.86,15:34:59,sh
603165,荣晟环保,13.34,13.21,15:34:59,sh
603166,福达股份,10.61,10.69,15:34:59,sh
603167,渤海轮渡,7.99,7.98,15:00:00,sh
603168,莎普爱思,6.04,6.04,15:00:00,sh
603169,兰石重装,5.93,5.87,15:34:59,sh
603170,宝立食品,13.68,13.53,15:34:59,sh
603171,税友股份,38.97,39.88,15:34:59,sh
603172,万丰股份,19.98,19.81,15:34:59,sh
603173,福斯达,29.9,28.78,15:00:00,sh
603175,超颖电子,104.45,109.7,15:00:00,sh
603176,汇通集团,5.24,5.28,15:00:00,sh
603177,德创环保,11.01,10.99,15:00:00,sh
603178,圣龙股份,16.12,16.42,15:34:59,sh
603179,新泉股份,40.48,40.22,15:34:59,sh
603180,金牌家居,15.89,15.83,15:00:00,sh
603181,皇马科技,12.27,12.19,15:00:00,sh
603182,嘉华股份,13.69,13.64,15:00:00,sh
603183,建研院,5.19,5.19,15:35:40,sh
603185,弘元绿能,15.15,13.77,15:34:59,sh
603186,华正新材,212.66,212.0,15:34:59,sh
603187,海容冷链,10.7,10.63,15:00:00,sh
603188,亚邦股份,5.4,4.91,15:34:59,sh
603189,*ST网达,9.27,9.4,15:00:00,sh
603190,亚通精工,16.29,16.38,15:00:00,sh
603191,望变电气,13.12,13.12,15:34:59,sh
603192,汇得科技,19.93,19.85,15:34:59,sh
603193,润本股份,20.25,20.0,15:34:59,sh
603194,中力股份,33.03,32.77,15:34:59,sh
603195,公牛集团,38.71,38.08,15:34:59,sh
603196,璞源材料,17.82,17.84,15:00:00,sh
603197,保隆科技,29.1,28.94,15:34:59,sh
603198,迎驾贡酒,38.72,37.45,15:34:59,sh
603199,九华旅游,31.97,32.02,15:00:00,sh
603200,上海洗霸,44.74,40.67,15:34:59,sh
603201,常润股份,15.26,15.23,15:00:00,sh
603202,天有为,51.3,51.04,15:34:59,sh
603203,快克智能,41.74,42.9,15:34:59,sh
603205,健尔康,21.74,21.55,15:00:00,sh
603206,嘉环科技,13.54,13.8,15:34:59,sh
603207,小方制药,24.46,24.14,15:34:59,sh
603208,江山欧派,11.5,11.43,15:00:00,sh
603209,兴通股份,14.8,14.49,15:34:59,sh
603210,泰鸿万立,13.23,13.38,15:00:00,sh
603211,晋拓股份,18.71,19.0,15:34:59,sh
603212,赛伍技术,11.46,11.66,15:34:59,sh
603213,镇洋发展,13.87,13.75,15:34:59,sh
603214,爱婴室,13.86,13.85,15:00:00,sh
603215,比依股份,15.63,15.27,15:34:59,sh
603216,梦天家居,21.38,21.7,15:00:00,sh
603217,元利科技,27.07,26.46,15:34:59,sh
603218,日月股份,9.56,9.5,15:34:59,sh
603219,富佳股份,12.6,12.83,15:00:00,sh
603220,中贝通信,16.71,17.07,15:34:59,sh
603221,爱丽家居,25.1,25.43,15:34:59,sh
603222,济民健康,8.07,7.92,15:34:59,sh
603223,XD恒通股,9.39,9.39,15:00:00,sh
603225,新凤鸣,16.72,16.65,15:00:00,sh
603226,菲林格尔,28.26,29.47,15:34:59,sh
603227,雪峰科技,7.42,7.35,15:00:00,sh
603228,景旺电子,101.21,100.53,15:34:59,sh
603229,奥翔药业,8.26,8.14,15:34:59,sh
603230,内蒙新华,14.01,15.31,15:34:59,sh
603231,索宝蛋白,17.26,17.3,15:34:59,sh
603232,格尔软件,16.13,16.69,15:34:59,sh
603233,大参林,18.2,17.83,15:34:59,sh
603235,天新药业,25.96,25.14,15:34:59,sh
603236,移远通信,71.35,70.3,15:34:59,sh
603237,五芳斋,15.2,15.15,15:00:00,sh
603238,诺邦股份,12.86,12.71,15:00:00,sh
603239,浙江仙通,13.75,13.71,15:34:59,sh
603248,锡华科技,20.43,21.31,15:34:59,sh
603255,鼎际得,30.88,30.82,15:00:00,sh
603256,宏和科技,130.7,139.05,15:34:59,sh
603257,中国瑞林,64.2,64.4,15:00:00,sh
603258,电魂网络,14.03,14.19,15:34:59,sh
603259,药明康德,167.34,160.66,15:34:59,sh
603260,合盛硅业,31.55,31.01,15:34:59,sh
603261,立航科技,47.33,49.48,15:34:59,sh
603262,技源集团,17.06,17.13,15:34:59,sh
603266,天龙股份,19.57,19.29,15:34:59,sh
603267,鸿远电子,46.15,47.21,15:34:59,sh
603268,松发股份,213.66,214.02,15:34:59,sh
603269,海鸥股份,23.16,23.44,15:34:59,sh
603270,金帝股份,31.15,31.87,15:34:59,sh
603271,永杰新材,38.42,38.25,15:00:00,sh
603272,*ST联翔,15.0,15.73,15:34:59,sh
603273,天元智能,14.52,14.7,15:34:59,sh
603275,众辰科技,36.67,37.0,15:00:00,sh
603276,恒兴新材,17.5,17.58,15:00:00,sh
603277,银都股份,11.31,11.2,15:00:00,sh
603278,大业股份,10.27,10.56,15:34:59,sh
603279,景津装备,10.94,10.71,15:34:59,sh
603280,南方路机,27.51,27.2,15:34:59,sh
603281,江瀚新材,18.02,18.12,15:34:59,sh
603282,亚光股份,17.08,17.32,15:34:59,sh
603283,赛腾股份,41.82,42.94,15:34:59,sh
603284,林平发展,40.49,40.54,15:00:00,sh
603285,键邦股份,37.0,36.72,15:00:00,sh
603286,日盈电子,45.62,44.77,15:34:59,sh
603288,海天味业,33.17,32.91,15:34:59,sh
603289,泰瑞机器,11.04,11.36,15:34:59,sh
603290,斯达半导,81.21,83.4,15:34:59,sh
603291,XD联合水,8.53,8.6,15:34:59,sh
603293,埃泰克,35.17,35.61,15:34:59,sh
603296,华勤技术,74.49,75.35,15:34:59,sh
603297,永新光学,106.92,107.39,15:00:00,sh
603298,杭叉集团,21.87,21.91,15:34:59,sh
603299,苏盐井神,8.69,8.62,15:00:00,sh
603300,海南华铁,4.51,4.53,15:34:59,sh
603301,振德医疗,75.17,75.8,15:00:00,sh
603303,得邦照明,27.63,28.09,15:00:00,sh
603305,旭升集团,11.2,11.11,15:34:59,sh
603306,华懋科技,71.36,71.87,15:34:59,sh
603307,扬州金泉,25.49,25.62,15:00:00,sh
603308,应流股份,35.64,36.79,15:34:59,sh
603309,维力医疗,11.18,11.1,15:34:59,sh
603310,巍华新材,14.54,14.51,15:00:00,sh
603311,金海高科,25.62,25.79,15:34:59,sh
603312,西典新能,32.9,32.9,15:00:00,sh
603313,梦百合,6.21,6.21,15:34:59,sh
603315,福鞍股份,10.47,10.65,15:34:59,sh
603316,诚邦股份,15.2,15.84,15:34:59,sh
603317,天味食品,12.55,12.42,15:00:00,sh
603318,水发燃气,8.71,8.65,15:34:59,sh
603319,美湖股份,28.0,28.4,15:34:59,sh
603320,迪贝电气,18.07,18.02,15:00:00,sh
603321,梅轮电梯,7.21,7.14,15:34:59,sh
603322,超讯科技,27.7,29.1,15:34:59,sh
603323,苏农银行,4.49,4.43,15:34:59,sh
603324,盛剑科技,24.21,24.97,15:34:59,sh
603325,博隆技术,53.46,52.81,15:00:00,sh
603326,我乐家居,7.68,7.63,15:00:00,sh
603327,福蓉科技,8.0,8.0,15:34:59,sh
603328,依顿电子,13.83,14.44,15:34:59,sh
603329,上海雅仕,10.25,10.34,15:00:00,sh
603330,天洋新材,9.16,9.34,15:34:59,sh
603331,百达精工,12.38,12.39,15:00:00,sh
603332,苏州龙杰,12.01,11.99,15:34:59,sh
603333,福华尚纬,8.88,8.85,15:34:59,sh
603334,丰倍生物,31.8,31.5,15:00:00,sh
603335,迪生力,6.03,6.19,15:34:59,sh
603336,宏辉果蔬,9.89,9.9,15:34:59,sh
603337,杰克科技,35.07,35.46,15:34:59,sh
603338,浙江鼎力,53.36,52.56,15:00:00,sh
603339,四方科技,12.2,12.17,15:34:59,sh
603341,龙旗科技,35.21,35.42,15:34:59,sh
603344,星德胜,21.97,22.35,15:34:59,sh
603345,安井食品,79.4,79.05,15:34:59,sh
603348,文灿股份,14.6,14.48,15:00:00,sh
603350,安乃达,28.27,28.66,15:00:00,sh
603351,威尔药业,27.46,27.21,15:00:00,sh
603352,至信股份,24.81,24.84,15:34:59,sh
603353,和顺石油,38.34,40.55,15:34:59,sh
603355,莱克电气,30.31,30.42,15:34:59,sh
603356,华菱精工,16.51,16.6,15:00:00,sh
603357,设计总院,6.01,5.97,15:00:00,sh
603358,华达科技,44.4,43.04,15:34:59,sh
603359,*ST东珠,2.03,2.07,15:00:00,sh
603360,百傲化学,12.26,12.19,15:00:00,sh
603363,傲农生物,2.81,2.78,15:34:59,sh
603365,水星家纺,16.03,15.91,15:00:00,sh
603366,日出东方,7.27,7.26,15:34:59,sh
603367,辰欣药业,14.53,14.22,15:34:59,sh
603368,柳药集团,15.18,15.03,15:00:00,sh
603369,今世缘,28.09,27.13,15:34:59,sh
603370,华新精科,27.53,27.35,15:34:59,sh
603373,安邦护卫,50.18,53.8,15:34:59,sh
603375,盛景微,43.8,46.47,15:34:59,sh
603376,大明电子,26.39,26.29,15:00:00,sh
603377,ST东时,3.06,3.09,15:34:59,sh
603378,*ST亚士,4.91,4.69,15:34:59,sh
603379,三美股份,49.12,49.04,15:00:00,sh
603380,易德龙,32.4,32.87,15:00:00,sh
603381,永臻股份,14.72,14.79,15:34:59,sh
603382,海阳科技,19.11,18.84,15:00:00,sh
603383,顶点软件,26.78,26.83,15:00:00,sh
603385,惠达卫浴,5.73,5.79,15:00:00,sh
603386,骏亚科技,17.4,18.45,15:34:59,sh
603387,基蛋生物,10.01,9.81,15:00:00,sh
603389,亚振家居,44.57,43.58,15:34:59,sh
603390,通达电气,11.08,11.32,15:34:59,sh
603391,力聚热能,69.56,69.0,15:34:59,sh
603392,万泰生物,27.34,26.48,15:34:59,sh
603393,新天然气,24.48,24.52,15:34:59,sh
603395,红四方,24.94,24.62,15:34:59,sh
603396,金辰股份,33.5,35.28,15:34:59,sh
603398,*ST沐邦,8.38,8.32,15:34:59,sh
603399,永杉锂业,13.01,13.16,15:34:59,sh
603400,华之杰,53.0,54.67,15:34:59,sh
603402,陕西旅游,58.85,59.78,15:34:59,sh
603406,天富龙,27.36,27.61,15:34:59,sh
603407,长裕集团,57.46,57.89,15:34:59,sh
603408,建霖家居,11.59,11.6,15:00:00,sh
603409,汇通控股,17.85,17.62,15:34:59,sh
603416,信捷电气,46.01,46.18,15:00:00,sh
603418,友升股份,48.48,48.17,15:34:59,sh
603421,鼎信通讯,6.18,6.38,15:34:59,sh
603429,*ST集友,9.09,8.88,15:00:00,sh
603435,嘉德利,43.05,45.29,15:34:59,sh
603439,三力制药,13.18,13.46,15:34:59,sh
603444,吉比特,339.69,335.96,15:34:59,sh
603448,天博智能,59.3,59.86,15:34:59,sh
603456,九洲药业,16.75,16.26,15:34:59,sh
603458,勘设股份,10.42,10.9,15:00:00,sh
603459,红板科技,78.3,83.62,15:34:59,sh
603466,风语筑,11.88,11.78,15:34:59,sh
603468,津富士达,21.98,22.69,15:34:59,sh
603477,巨星农牧,14.38,14.3,15:34:59,sh
603486,科沃斯,49.89,49.22,15:34:59,sh
603488,展鹏科技,7.7,7.79,15:34:59,sh
603489,八方股份,28.48,28.99,15:34:59,sh
603496,恒为科技,21.97,21.97,15:34:59,sh
603499,翔港科技,12.6,12.72,15:34:59,sh
603500,祥和实业,10.05,10.44,15:34:59,sh
603501,豪威集团,82.21,80.36,15:34:59,sh
603505,金石资源,13.98,14.08,15:34:59,sh
603506,南都物业,12.25,12.29,15:00:00,sh
603507,振江股份,27.71,27.6,15:34:59,sh
603508,思维列控,20.59,20.47,15:34:59,sh
603511,爱慕股份,13.0,13.0,15:00:00,sh
603515,XD欧普照,14.87,14.52,15:34:59,sh
603516,淳中科技,77.46,77.59,15:34:59,sh
603517,ST绝味,11.43,11.3,15:34:59,sh
603518,锦泓集团,7.79,7.84,15:34:59,sh
603519,立霸股份,17.02,16.56,15:34:59,sh
603520,司太立,8.75,8.39,15:34:59,sh
603527,众源新材,9.72,9.84,15:00:00,sh
603528,多伦科技,6.33,6.48,15:34:59,sh
603529,爱玛科技,22.23,21.8,15:34:59,sh
603530,神马电力,41.22,40.9,15:34:59,sh
603533,掌阅科技,23.88,23.65,15:34:59,sh
603535,嘉诚国际,6.12,6.14,15:00:00,sh
603536,惠发食品,10.19,10.02,15:34:59,sh
603538,美诺华,28.59,25.99,15:34:59,sh
603551,奥普科技,9.4,9.35,15:00:00,sh
603556,海兴电力,22.45,22.28,15:00:00,sh
603557,*ST起步,3.05,3.03,15:00:00,sh
603558,健盛集团,12.88,13.1,15:00:00,sh
603559,中通国脉,8.57,8.81,15:34:59,sh
603565,中谷物流,11.59,11.4,15:34:59,sh
603566,普莱柯,10.24,10.22,15:00:00,sh
603567,珍宝岛,5.26,5.2,15:34:59,sh
603568,伟明环保,13.42,13.22,15:00:00,sh
603569,长久物流,5.86,5.85,15:00:00,sh
603577,汇金通,9.7,9.68,15:00:00,sh
603578,三星新材,14.35,14.38,15:34:59,sh
603579,荣泰健康,17.8,17.85,15:34:59,sh
603580,艾艾精工,72.95,75.5,15:34:59,sh
603583,捷昌驱动,27.65,27.92,15:34:59,sh
603585,苏利股份,10.53,10.56,15:00:00,sh
603586,金麒麟,13.85,14.0,15:00:00,sh
603587,地素时尚,12.43,12.22,15:34:59,sh
603588,高能环境,16.54,16.25,15:34:59,sh
603589,口子窖,17.78,17.3,15:34:59,sh
603590,康辰药业,32.11,29.19,15:34:59,sh
603595,ST东尼,31.02,31.5,15:00:00,sh
603596,伯特利,28.14,27.82,15:34:59,sh
603598,引力传媒,18.78,19.13,15:34:59,sh
603599,广信股份,10.3,10.12,15:34:59,sh
603600,永艺股份,10.08,10.26,15:00:00,sh
603601,再升科技,9.5,9.76,15:34:59,sh
603602,纵横通信,12.37,12.71,15:34:59,sh
603605,珀莱雅,54.7,53.98,15:34:59,sh
603606,东方电缆,36.53,35.33,15:34:59,sh
603607,京华激光,23.15,23.13,15:34:59,sh
603608,天创时尚,19.22,19.54,15:34:59,sh
603609,禾丰股份,6.34,6.26,15:00:00,sh
603610,麒盛科技,13.07,13.18,15:00:00,sh
603611,诺力股份,15.47,15.41,15:34:59,sh
603612,索通发展,16.08,15.78,15:34:59,sh
603613,国联股份,18.78,18.87,15:34:59,sh
603615,茶花股份,18.46,18.46,15:34:59,sh
603616,韩建河山,5.65,5.68,15:34:59,sh
603617,君禾股份,6.74,6.85,15:34:59,sh
603618,杭电股份,32.75,33.69,15:34:59,sh
603619,中曼石油,20.73,20.76,15:34:59,sh
603626,科森科技,24.22,23.91,15:34:59,sh
603628,清源股份,10.2,10.32,15:34:59,sh
603629,利通电子,95.96,98.16,15:34:59,sh
603630,拉芳家化,15.35,15.57,15:34:59,sh
603633,徕木股份,6.22,6.35,15:34:59,sh
603636,南威软件,7.67,7.87,15:34:59,sh
603637,镇海股份,13.87,13.69,15:00:00,sh
603638,艾迪精密,19.82,19.65,15:34:59,sh
603639,海利尔,10.49,10.36,15:34:59,sh
603648,畅联股份,9.52,9.56,15:00:00,sh
603650,彤程新材,62.3,63.21,15:34:59,sh
603655,朗博科技,30.89,31.03,15:00:00,sh
603656,泰禾智能,17.19,17.41,15:00:00,sh
603657,春光科技,39.5,37.88,15:34:59,sh
603658,安图生物,34.08,33.61,15:00:00,sh
603659,璞泰来,21.45,21.27,15:34:59,sh
603660,苏州科达,9.1,9.3,15:34:59,sh
603661,恒林股份,33.11,33.4,15:00:00,sh
603662,柯力传感,47.89,48.15,15:34:59,sh
603663,三祥新材,43.24,44.26,15:34:59,sh
603665,康隆达,23.35,24.32,15:34:59,sh
603666,亿嘉和,26.77,26.72,15:00:00,sh
603667,五洲新春,49.43,49.84,15:34:59,sh
603668,天马科技,11.85,12.03,15:00:00,sh
603669,灵康药业,6.33,6.01,15:34:59,sh
603676,卫信康,9.09,8.97,15:00:00,sh
603677,奇精机械,14.35,14.42,15:00:00,sh
603678,火炬电子,42.72,43.76,15:34:59,sh
603679,华体科技,23.23,22.98,15:34:59,sh
603680,今创集团,10.02,10.01,15:00:00,sh
603681,永冠新材,18.31,18.74,15:34:59,sh
603682,锦和商管,9.43,9.36,15:00:00,sh
603683,晶华新材,15.03,15.32,15:34:59,sh
603685,晨丰科技,24.82,25.08,15:00:00,sh
603686,福龙马,14.29,14.05,15:34:59,sh
603687,大胜达,13.99,14.29,15:34:59,sh
603688,石英股份,43.54,44.44,15:34:59,sh
603689,皖天然气,7.72,7.67,15:00:00,sh
603690,至纯科技,22.22,22.95,15:34:59,sh
603693,江苏新能,12.25,12.71,15:34:59,sh
603696,安记食品,13.06,13.12,15:34:59,sh
603697,有友食品,9.6,9.49,15:34:59,sh
603698,航天工程,19.84,20.04,15:34:59,sh
603699,纽威股份,43.21,43.6,15:34:59,sh
603700,宁水集团,11.81,11.56,15:34:59,sh
603701,德宏股份,18.21,18.18,15:00:00,sh
603703,盛洋科技,9.76,9.88,15:34:59,sh
603706,东方环宇,17.19,16.95,15:34:59,sh
603707,健友股份,8.19,7.89,15:34:59,sh
603708,家家悦,8.99,8.9,15:34:59,sh
603709,中源家居,12.68,12.86,15:00:00,sh
603711,香飘飘,11.64,11.65,15:34:59,sh
603712,七一二,11.41,11.28,15:34:59,sh
603713,密尔克卫,67.86,66.65,15:34:59,sh
603716,塞力医疗,16.62,16.58,15:34:59,sh
603717,天域生物,6.02,6.04,15:00:00,sh
603718,*ST海利,3.09,3.09,15:00:00,sh
603719,良品铺子,9.21,9.08,15:34:59,sh
603721,中广天择,18.45,18.45,15:34:59,sh
603722,阿科力,28.08,28.49,15:34:59,sh
603725,天安新材,11.77,12.03,15:34:59,sh
603726,朗迪集团,23.36,23.61,15:00:00,sh
603727,博迈科,18.71,18.95,15:34:59,sh
603728,鸣志电器,51.5,52.47,15:34:59,sh
603729,ST龙韵,12.45,12.45,15:00:00,sh
603730,岱美股份,9.85,9.63,15:34:59,sh
603733,仙鹤股份,17.74,17.6,15:34:59,sh
603737,三棵树,22.65,21.82,15:34:59,sh
603738,泰晶科技,32.73,33.83,15:34:59,sh
603739,蔚蓝生物,14.04,12.76,15:34:59,sh
603755,日辰股份,25.85,25.51,15:34:59,sh
603757,大元泵业,70.77,69.31,15:34:59,sh
603758,秦安股份,10.74,10.79,15:34:59,sh
603759,海天股份,8.01,7.97,15:34:59,sh
603766,隆鑫通用,14.18,14.21,15:34:59,sh
603767,中马传动,14.83,15.35,15:34:59,sh
603768,常青股份,12.14,11.81,15:00:00,sh
603773,沃格光电,89.67,90.6,15:34:59,sh
603776,永安行,20.83,21.07,15:34:59,sh
603777,来伊份,13.5,13.83,15:00:00,sh
603778,国晟科技,8.02,8.03,15:34:59,sh
603779,威龙股份,8.07,8.04,15:34:59,sh
603786,科博达,36.75,37.17,15:34:59,sh
603787,新日股份,10.46,10.55,15:00:00,sh
603788,宁波高发,13.64,13.66,15:34:59,sh
603789,ST星农,5.84,5.9,15:00:00,sh
603790,雅运股份,24.75,24.75,15:00:00,sh
603797,联泰环保,4.82,5.36,15:34:59,sh
603798,康普顿,14.67,13.69,15:34:59,sh
603799,华友钴业,35.0,34.03,15:34:59,sh
603800,洪田股份,52.99,53.93,15:34:59,sh
603801,志邦家居,6.29,6.22,15:34:59,sh
603803,瑞斯康达,11.06,11.39,15:34:59,sh
603806,福斯特,13.86,13.76,15:34:59,sh
603808,歌力思,8.83,8.81,15:00:00,sh
603809,豪能股份,8.47,8.49,15:00:00,sh
603810,丰山集团,12.23,12.25,15:00:00,sh
603811,诚意药业,6.99,6.95,15:34:59,sh
603813,原尚股份,25.92,25.91,15:00:00,sh
603815,交建股份,5.11,5.09,15:00:00,sh
603816,顾家家居,23.81,22.97,15:34:59,sh
603817,海峡环保,5.7,5.73,15:34:59,sh
603818,曲美家居,4.05,4.0,15:34:59,sh
603819,神力股份,16.06,16.54,15:34:59,sh
603822,ST嘉澳,64.5,62.7,15:34:59,sh
603823,百合花,42.41,42.69,15:34:59,sh
603825,ST华扬,7.61,7.58,15:34:59,sh
603826,坤彩科技,15.37,15.53,15:34:59,sh
603828,*ST利达,6.19,6.0,15:34:59,sh
603829,洛凯股份,15.49,15.68,15:00:00,sh
603833,欧派家居,31.49,30.26,15:34:59,sh
603836,海程邦达,9.55,9.66,15:00:00,sh
603838,*ST四通,12.56,12.45,15:00:00,sh
603839,安正时尚,6.82,6.88,15:00:00,sh
603843,*ST正平,6.34,6.18,15:34:59,sh
603848,好太太,13.22,13.22,15:34:59,sh
603855,华荣股份,16.82,16.93,15:00:00,sh
603856,东宏股份,11.73,11.71,15:34:59,sh
603858,步长制药,14.64,14.46,15:00:00,sh
603859,能科科技,37.71,38.16,15:34:59,sh
603860,中公高科,26.32,26.5,15:00:00,sh
603861,白云电器,10.89,10.75,15:34:59,sh
603863,松炀资源,12.38,12.11,15:00:00,sh
603866,桃李面包,4.21,4.19,15:34:59,sh
603867,新化股份,34.38,34.51,15:00:00,sh
603868,飞科电器,31.09,30.69,15:00:00,sh
603869,ST智知,8.6,8.62,15:00:00,sh
603871,嘉友国际,12.0,11.82,15:00:00,sh
603876,鼎胜新材,17.24,17.21,15:34:59,sh
603877,太平鸟,11.91,11.75,15:34:59,sh
603878,武进不锈,4.9,4.92,15:00:00,sh
603879,永悦科技,4.91,4.97,15:00:00,sh
603880,南卫股份,8.45,8.63,15:00:00,sh
603881,数据港,22.92,23.04,15:34:59,sh
603882,金域医学,29.06,28.25,15:34:59,sh
603883,老百姓,13.04,12.89,15:34:59,sh
603885,吉祥航空,9.96,9.76,15:34:59,sh
603886,元祖股份,12.76,13.2,15:00:00,sh
603887,城地香江,8.21,8.49,15:34:59,sh
603888,新华网,17.2,17.27,15:34:59,sh
603889,新澳股份,6.05,5.97,15:00:00,sh
603890,春秋电子,14.97,14.91,15:34:59,sh
603893,瑞芯微,215.57,212.94,15:34:59,sh
603895,天永智能,25.77,26.56,15:00:00,sh
603896,寿仙谷,14.82,14.69,15:00:00,sh
603897,长城科技,29.58,29.01,15:34:59,sh
603898,好莱客,11.86,11.54,15:34:59,sh
603899,晨光股份,22.36,21.87,15:00:00,sh
603900,莱绅通灵,6.27,6.29,15:34:59,sh
603901,永创智能,9.28,9.32,15:00:00,sh
603903,中持股份,13.7,13.83,15:34:59,sh
603906,龙蟠科技,19.04,17.31,15:34:59,sh
603908,牧高笛,19.45,19.77,15:00:00,sh
603909,建发合诚,10.13,10.17,15:00:00,sh
603912,佳力图,8.79,9.01,15:34:59,sh
603915,国茂股份,13.29,13.15,15:34:59,sh
603916,苏博特,10.47,10.43,15:34:59,sh
603917,合力科技,13.85,14.04,15:00:00,sh
603918,金桥信息,10.41,10.59,15:34:59,sh
603919,金徽酒,17.4,15.82,15:34:59,sh
603920,世运电路,44.4,46.13,15:34:59,sh
603922,ST金鸿顺,12.02,12.15,15:00:00,sh
603926,铁流股份,16.75,16.84,15:00:00,sh
603927,中科软,13.64,13.61,15:34:59,sh
603928,兴业股份,13.07,11.88,15:34:59,sh
603929,亚翔集成,139.46,142.76,15:34:59,sh
603931,格林达,32.42,33.4,15:34:59,sh
603933,睿能科技,18.31,18.82,15:34:59,sh
603936,博敏电子,19.35,20.53,15:34:59,sh
603937,丽岛新材,12.44,12.87,15:34:59,sh
603938,三孚股份,42.68,43.56,15:34:59,sh
603939,XD益丰药,23.31,22.71,15:34:59,sh
603948,建业股份,21.36,19.42,15:34:59,sh
603949,雪龙集团,18.41,20.45,15:34:59,sh
603950,长源东谷,51.72,52.2,15:34:59,sh
603955,大千生态,24.97,25.03,15:00:00,sh
603956,威派格,6.88,6.85,15:34:59,sh
603958,哈森股份,18.0,18.59,15:34:59,sh
603959,ST百利,4.09,4.2,15:00:00,sh
603960,克来机电,16.81,17.24,15:34:59,sh
603966,法兰泰克,7.31,7.3,15:34:59,sh
603967,中创物流,12.02,11.92,15:00:00,sh
603968,醋化股份,11.5,11.15,15:34:59,sh
603969,银龙股份,7.2,7.19,15:00:00,sh
603970,中农立华,11.84,11.74,15:34:59,sh
603976,正川股份,29.59,29.9,15:34:59,sh
603977,国泰集团,10.57,10.67,15:34:59,sh
603978,深圳新星,25.32,27.3,15:34:59,sh
603979,金诚信,72.28,72.35,15:00:00,sh
603980,吉华集团,9.06,8.84,15:34:59,sh
603982,泉峰汽车,6.77,6.48,15:34:59,sh
603983,丸美生物,30.86,30.4,15:00:00,sh
603985,恒润股份,16.98,16.79,15:34:59,sh
603986,兆易创新,353.9,367.57,15:34:59,sh
603987,康德莱,7.59,7.47,15:00:00,sh
603988,中电电机,17.0,17.02,15:34:59,sh
603989,艾华集团,27.01,28.0,15:34:59,sh
603990,麦迪科技,19.34,18.94,15:34:59,sh
603991,领先股份,165.82,169.2,15:34:59,sh
603992,松霖科技,19.39,19.27,15:00:00,sh
603993,洛阳钼业,16.88,16.75,15:34:59,sh
603995,甬金股份,25.62,25.27,15:00:00,sh
603997,继峰股份,13.65,13.65,15:34:59,sh
603998,方盛制药,10.36,10.26,15:00:00,sh
603999,XD读者传,6.78,6.64,15:34:59,sh
605001,威奥股份,5.78,5.86,15:00:00,sh
605003,众望布艺,24.21,24.47,15:34:59,sh
605005,合兴股份,16.07,15.93,15:00:00,sh
605006,山东玻纤,14.58,14.64,15:34:59,sh
605007,五洲特纸,14.38,14.2,15:00:00,sh
605008,长鸿高科,13.71,13.98,15:00:00,sh
605009,豪悦护理,25.52,25.09,15:00:00,sh
605011,杭州热电,19.21,17.46,15:34:59,sh
605016,百龙创园,21.11,20.73,15:00:00,sh
605018,长华集团,11.66,11.83,15:34:59,sh
605020,永和股份,30.3,30.4,15:34:59,sh
605028,世茂能源,23.75,23.89,15:00:00,sh
605033,美邦股份,19.6,19.49,15:34:59,sh
605050,福然德,10.05,9.99,15:00:00,sh
605055,迎丰股份,8.69,8.76,15:00:00,sh
605056,咸亨国际,13.48,13.73,15:00:00,sh
605058,澳弘电子,53.64,59.6,15:34:59,sh
605060,联德股份,37.03,37.85,15:00:00,sh
605066,天正电气,6.71,6.7,15:34:59,sh
605068,明新旭腾,20.32,20.12,15:34:59,sh
605069,正和生态,11.86,12.46,15:34:59,sh
605077,华康股份,11.53,11.31,15:34:59,sh
605080,浙江自然,22.72,23.0,15:00:00,sh
605086,龙高股份,23.21,23.31,15:00:00,sh
605088,冠盛股份,23.33,23.75,15:34:59,sh
605089,味知香,21.84,21.94,15:00:00,sh
605090,九丰能源,31.25,30.33,15:34:59,sh
605098,行动教育,52.83,52.47,15:00:00,sh
605099,共创草坪,27.97,27.77,15:00:00,sh
605100,华丰股份,35.83,34.55,15:34:59,sh
605108,同庆楼,12.11,12.21,15:34:59,sh
605111,新洁能,54.0,56.12,15:34:59,sh
605116,奥锐特,20.07,19.28,15:34:59,sh
605117,德业股份,78.16,77.85,15:34:59,sh
605118,力鼎光电,32.17,31.62,15:00:00,sh
605122,四方新材,12.28,12.24,15:00:00,sh
605123,派克新材,76.4,77.46,15:34:59,sh
605128,上海沿浦,23.75,23.62,15:34:59,sh
605133,嵘泰股份,24.01,24.35,15:34:59,sh
605136,丽人丽妆,8.66,8.98,15:34:59,sh
605138,盛泰集团,6.19,6.18,15:00:00,sh
605151,西上海,18.61,18.78,15:00:00,sh
605155,西大门,14.25,14.42,15:00:00,sh
605158,华达新材,7.61,7.75,15:00:00,sh
605162,新中港,10.59,11.77,15:34:59,sh
605166,聚合顺,8.42,8.45,15:00:00,sh
605167,利柏特,15.68,15.38,15:34:59,sh
605168,三人行,50.03,49.87,15:34:59,sh
605169,洪通燃气,13.21,13.1,15:34:59,sh
605177,东亚药业,24.26,24.82,15:34:59,sh
605178,时空科技,63.4,63.54,15:34:59,sh
605179,一鸣食品,23.56,23.47,15:34:59,sh
605180,华生科技,13.9,14.18,15:34:59,sh
605183,XD确成股,16.4,16.4,15:00:00,sh
605186,健麾信息,24.66,25.07,15:00:00,sh
605188,国光连锁,12.4,12.41,15:34:59,sh
605189,富春染织,13.73,13.72,15:00:00,sh
605196,华通线缆,33.2,33.17,15:34:59,sh
605198,安德利,64.75,65.68,15:34:59,sh
605199,ST葫芦娃,5.71,5.72,15:00:00,sh
605208,永茂泰,14.59,14.61,15:34:59,sh
605218,伟时电子,13.9,14.13,15:34:59,sh
605222,起帆电缆,22.11,21.79,15:34:59,sh
605228,神通科技,11.24,11.21,15:34:59,sh
605255,天普股份,58.87,56.2,15:00:00,sh
605258,协和电子,39.61,44.01,15:34:59,sh
605259,绿田机械,17.39,17.3,15:00:00,sh
605266,健之佳,16.04,15.96,15:00:00,sh
605268,王力安防,10.12,10.22,15:34:59,sh
605277,新亚电子,16.73,17.04,15:34:59,sh
605286,同力天启,24.85,24.38,15:34:59,sh
605287,德才股份,37.39,33.99,15:34:59,sh
605288,凯迪股份,71.83,65.3,15:00:00,sh
605289,罗曼股份,94.05,94.91,15:00:00,sh
605296,神农集团,31.48,31.6,15:00:00,sh
605298,必得科技,40.88,41.92,15:00:00,sh
605299,舒华体育,12.2,12.3,15:34:59,sh
605300,佳禾食品,10.39,10.26,15:34:59,sh
605303,园林股份,28.66,26.05,15:34:59,sh
605305,中际联合,30.33,30.24,15:34:59,sh
605318,法狮龙,70.29,71.46,15:00:00,sh
605319,XD无锡振,22.22,22.1,15:34:59,sh
605333,沪光股份,16.57,16.3,15:00:00,sh
605336,*ST帅电,11.85,11.48,15:34:59,sh
605337,李子园,9.29,9.1,15:34:59,sh
605338,巴比食品,17.97,17.59,15:34:59,sh
605339,南侨食品,13.26,13.2,15:00:00,sh
605358,立昂微,45.36,46.13,15:34:59,sh
605365,立达信,14.53,14.51,15:00:00,sh
605366,宏柏新材,10.41,9.75,15:34:59,sh
605368,蓝天燃气,6.68,6.63,15:34:59,sh
605369,拱东医疗,18.2,18.05,15:00:00,sh
605376,博迁新材,114.32,118.55,15:34:59,sh
605377,华旺科技,8.08,7.92,15:00:00,sh
605378,野马电池,15.7,16.58,15:34:59,sh
605388,均瑶健康,7.39,6.72,15:34:59,sh
605389,长龄液压,60.88,61.44,15:00:00,sh
605398,新炬网络,23.76,23.16,15:34:59,sh
605399,晨光新材,11.63,11.73,15:34:59,sh
605488,福莱新材,29.42,29.98,15:34:59,sh
605499,东鹏饮料,112.25,110.19,15:34:59,sh
605500,森林包装,7.39,7.42,15:00:00,sh
605507,国邦医药,18.09,17.87,15:34:59,sh
605555,德昌股份,12.66,12.76,15:00:00,sh
605566,福莱蒽特,32.07,32.02,15:34:59,sh
605567,春雪食品,9.67,9.64,15:00:00,sh
605577,龙版传媒,16.28,14.8,15:34:59,sh
605580,恒盛能源,20.85,21.03,15:34:59,sh
605588,冠石科技,44.24,45.6,15:00:00,sh
605589,圣泉集团,35.67,36.08,15:34:59,sh
605598,上海港湾,23.67,23.7,15:00:00,sh
605599,菜百股份,13.54,13.24,15:34:59,sh
688001,华兴源创,60.69,62.45,15:34:59,sh
688002,睿创微纳,173.42,176.56,15:34:59,sh
688003,天准科技,71.9,74.46,15:00:00,sh
688004,博汇科技,29.95,31.04,15:34:59,sh
688005,容百科技,23.48,23.07,15:34:59,sh
688006,杭可科技,20.35,20.29,15:00:00,sh
688007,光峰科技,10.54,10.66,15:34:59,sh
688008,澜起科技,202.31,212.6,15:34:59,sh
688009,中国通号,4.69,4.64,15:34:59,sh
688010,福光股份,27.16,27.77,15:00:00,sh
688011,新光光电,59.24,61.07,15:00:00,sh
688012,中微公司,318.55,324.78,15:34:59,sh
688013,天臣医疗,24.81,24.8,15:00:00,sh
688015,交控科技,17.04,16.8,15:00:00,sh
688016,心脉医疗,85.48,83.84,15:34:59,sh
688017,绿的谐波,273.75,275.6,15:34:59,sh
688018,乐鑫科技,115.08,115.79,15:34:59,sh
688019,安集科技,211.0,214.22,15:34:59,sh
688020,方邦股份,130.56,137.29,15:34:59,sh
688021,奥福科技,19.81,20.27,15:00:00,sh
688022,ST瀚川,9.21,9.1,15:34:59,sh
688023,安恒信息,46.27,47.47,15:34:59,sh
688025,杰普特,419.45,414.0,15:00:00,sh
688026,洁特生物,27.61,24.54,15:34:59,sh
688027,国盾量子,328.49,339.01,15:34:59,sh
688028,沃尔德,109.64,116.25,15:00:00,sh
688029,南微医学,86.76,84.05,15:00:00,sh
688030,山石网科,19.59,19.38,15:00:00,sh
688031,星环科技,88.0,90.39,15:34:59,sh
688032,禾迈股份,67.57,67.24,15:00:00,sh
688033,*ST天宜,7.21,7.29,15:00:00,sh
688035,德邦科技,71.6,74.67,15:34:59,sh
688036,传音控股,53.8,53.49,15:00:00,sh
688037,芯源微,327.27,340.63,15:34:59,sh
688038,中科通达,18.93,19.1,15:00:00,sh
688039,当虹科技,34.86,34.78,15:34:59,sh
688041,海光信息,226.8,235.88,15:34:59,sh
688045,必易微,55.2,57.4,15:34:59,sh
688046,药康生物,37.94,34.98,15:34:59,sh
688047,龙芯中科,98.1,100.2,15:34:59,sh
688048,长光华芯,289.7,296.9,15:34:59,sh
688049,炬芯科技,45.78,47.0,15:00:00,sh
688050,爱博医疗,38.8,38.0,15:34:59,sh
688051,佳华科技,25.03,25.54,15:34:59,sh
688052,纳芯微,236.32,240.36,15:00:00,sh
688053,ST思科瑞,39.39,39.39,15:00:00,sh
688055,龙腾光电,3.62,3.65,15:34:59,sh
688056,莱伯泰科,49.9,48.31,15:34:59,sh
688057,金达莱,18.51,18.8,15:00:00,sh
688058,宝兰德,25.6,26.22,15:00:00,sh
688059,华锐精密,82.02,84.7,15:34:59,sh
688060,云涌科技,36.15,37.1,15:00:00,sh
688061,灿瑞科技,42.37,44.07,15:00:00,sh
688062,迈威生物,27.04,26.01,15:34:59,sh
688063,派能科技,40.9,40.16,15:34:59,sh
688065,凯赛生物,38.64,38.2,15:34:59,sh
688066,*ST航图,8.8,8.5,15:34:59,sh
688067,爱威科技,24.52,24.53,15:00:00,sh
688068,热景生物,94.47,90.0,15:34:59,sh
688069,德林海,34.72,35.55,15:00:00,sh
688070,纵横股份,35.37,35.3,15:00:00,sh
688071,华依科技,35.19,36.4,15:00:00,sh
688072,拓荆科技,640.0,656.68,15:34:59,sh
688073,毕得医药,76.6,74.28,15:00:00,sh
688075,安旭生物,30.96,30.1,15:34:59,sh
688076,ST诺泰,29.76,29.35,15:00:00,sh
688077,大地熊,27.08,26.9,15:34:59,sh
688078,龙软科技,30.2,30.6,15:00:00,sh
688079,美迪凯,16.24,16.82,15:34:59,sh
688080,映翰通,36.65,37.24,15:00:00,sh
688081,兴图新科,25.02,25.4,15:00:00,sh
688082,盛美上海,294.28,303.44,15:34:59,sh
688083,中望软件,50.11,50.5,15:00:00,sh
688084,晶品特装,41.05,42.1,15:00:00,sh
688085,三友医疗,13.26,13.32,15:00:00,sh
688087,英科再生,32.15,31.95,15:00:00,sh
688088,虹软科技,28.72,29.12,15:34:59,sh
688089,ST嘉必优,8.42,8.47,15:00:00,sh
688090,瑞松科技,77.28,78.3,15:34:59,sh
688091,上海谊众,39.4,38.83,15:34:59,sh
688092,爱科科技,22.5,22.45,15:00:00,sh
688093,世华科技,22.05,22.24,15:34:59,sh
688095,福昕软件,55.6,56.39,15:00:00,sh
688096,京源环保,7.84,7.34,15:00:00,sh
688097,博众精工,41.2,41.96,15:00:00,sh
688098,申联生物,8.46,8.43,15:00:00,sh
688099,晶晨股份,96.8,90.32,15:34:59,sh
688100,威胜信息,24.61,24.38,15:00:00,sh
688101,三达膜,14.21,14.29,15:00:00,sh
688102,斯瑞新材,28.73,29.14,15:34:59,sh
688103,国力电子,75.98,79.67,15:34:59,sh
688105,诺唯赞,27.24,25.49,15:00:00,sh
688106,金宏气体,24.65,25.25,15:34:59,sh
688107,安路科技,28.01,29.03,15:34:59,sh
688108,赛诺医疗,14.87,14.65,15:00:00,sh
688109,品茗科技,68.56,71.27,15:00:00,sh
688110,东芯股份,113.81,117.73,15:34:59,sh
688111,金山办公,218.8,216.9,15:34:59,sh
688112,鼎阳科技,98.0,104.25,15:34:59,sh
688113,联测科技,36.95,37.4,15:00:00,sh
688114,华大智造,71.9,71.59,15:34:59,sh
688115,思林杰,62.09,63.6,15:00:00,sh
688116,天奈科技,33.75,33.73,15:34:59,sh
688117,圣诺生物,18.56,17.8,15:34:59,sh
688118,普元信息,19.99,20.27,15:00:00,sh
688119,中钢洛耐,3.81,3.82,15:00:00,sh
688120,华海清科,227.43,233.0,15:34:59,sh
688121,*ST卓然,1.02,1.09,15:00:00,sh
688122,西部超导,51.94,52.12,15:34:59,sh
688123,聚辰股份,159.68,166.23,15:34:59,sh
688125,安达智能,114.1,115.01,15:00:00,sh
688126,沪硅产业,23.38,23.66,15:34:59,sh
688127,蓝特光学,61.05,62.24,15:34:59,sh
688128,中国电研,22.13,21.81,15:34:59,sh
688129,东来技术,22.61,22.59,15:00:00,sh
688130,晶华微,25.7,26.48,15:00:00,sh
688131,皓元医药,99.47,97.6,15:34:59,sh
688132,邦彦技术,16.18,16.5,15:00:00,sh
688133,泰坦科技,22.38,21.76,15:34:59,sh
688135,利扬芯片,36.5,37.53,15:00:00,sh
688136,科兴制药,24.27,23.57,15:34:59,sh
688137,近岸蛋白,160.39,141.35,15:34:59,sh
688138,清溢光电,35.96,37.52,15:34:59,sh
688139,海尔生物,35.85,35.19,15:00:00,sh
688141,杰华特,95.0,102.98,15:34:59,sh
688143,长盈通,174.67,180.23,15:34:59,sh
688146,中船特气,190.66,193.25,15:34:59,sh
688147,微导纳米,101.41,107.0,15:00:00,sh
688148,芳源股份,5.92,5.89,15:00:00,sh
688150,莱特光电,39.09,39.46,15:34:59,sh
688151,华强科技,16.65,16.64,15:00:00,sh
688152,麒麟信安,40.69,41.44,15:34:59,sh
688153,唯捷创芯,25.37,25.89,15:34:59,sh
688155,先惠技术,54.87,54.35,15:34:59,sh
688156,路德科技,22.62,23.05,15:34:59,sh
688157,松井股份,18.51,18.87,15:00:00,sh
688158,优刻得,28.0,28.55,15:34:59,sh
688159,有方科技,34.97,36.55,15:00:00,sh
688160,步科股份,94.7,95.0,15:00:00,sh
688161,威高骨科,21.79,21.76,15:00:00,sh
688162,巨一科技,25.86,25.8,15:00:00,sh
688163,赛伦生物,40.0,38.0,15:34:59,sh
688165,埃夫特,14.91,15.0,15:34:59,sh
688166,博瑞医药,35.81,34.36,15:34:59,sh
688167,炬光科技,282.88,284.26,15:34:59,sh
688168,安博通,41.88,43.99,15:34:59,sh
688169,石头科技,118.76,114.76,15:34:59,sh
688170,德龙激光,64.16,64.55,15:34:59,sh
688171,纬德信息,23.99,23.91,15:34:59,sh
688172,燕东微,42.43,44.05,15:00:00,sh
688173,希荻微,12.73,13.27,15:34:59,sh
688175,高凌信息,28.99,28.07,15:34:59,sh
688176,亚虹医药,14.6,13.75,15:34:59,sh
688177,百奥泰,21.03,20.21,15:34:59,sh
688178,万德斯,28.85,29.55,15:00:00,sh
688179,阿拉丁,22.56,22.57,15:00:00,sh
688180,君实生物,35.66,34.94,15:34:59,sh
688181,八亿时空,42.3,43.6,15:34:59,sh
688182,灿勤科技,26.07,26.91,15:00:00,sh
688183,生益电子,108.0,110.5,15:34:59,sh
688184,ST帕瓦,10.67,10.79,15:00:00,sh
688185,康希诺,102.64,85.53,15:34:59,sh
688186,广大特材,14.11,14.17,15:00:00,sh
688187,时代电气,44.6,44.27,15:00:00,sh
688188,柏楚电子,97.97,95.0,15:00:00,sh
688189,ST南新,6.44,6.41,15:00:00,sh
688190,云路股份,65.78,67.14,15:00:00,sh
688191,智洋创新,19.45,20.0,15:00:00,sh
688192,迪哲医药,58.01,55.82,15:34:59,sh
688193,仁度生物,52.19,49.96,15:00:00,sh
688195,腾景科技,180.9,181.24,15:34:59,sh
688196,卓越新能,30.1,30.63,15:00:00,sh
688197,首药控股,37.7,37.66,15:00:00,sh
688198,佰仁医疗,68.58,68.4,15:00:00,sh
688199,久日新材,25.1,25.33,15:00:00,sh
688200,华峰测控,374.0,398.99,15:34:59,sh
688201,ST信安,7.69,7.7,15:00:00,sh
688202,美迪西,107.64,103.96,15:34:59,sh
688203,海正生材,18.95,20.4,15:34:59,sh
688205,德科立,209.0,207.19,15:34:59,sh
688206,概伦电子,34.34,35.18,15:00:00,sh
688207,格灵深瞳,19.47,19.66,15:00:00,sh
688208,XD道通科,24.85,24.89,15:34:59,sh
688209,英集芯,31.79,32.44,15:34:59,sh
688210,统联精密,27.19,27.45,15:00:00,sh
688211,中科微至,31.85,32.42,15:00:00,sh
688212,澳华内镜,28.12,27.83,15:00:00,sh
688213,思特威,97.88,94.01,15:34:59,sh
688215,瑞晟智能,43.28,43.96,15:00:00,sh
688216,气派科技,37.88,40.75,15:34:59,sh
688217,睿昂基因,25.65,25.68,15:00:00,sh
688218,江苏北人,41.0,38.05,15:00:00,sh
688219,会通股份,10.19,10.17,15:34:59,sh
688220,翱捷科技,90.22,93.54,15:34:59,sh
688221,前沿生物,16.87,16.42,15:34:59,sh
688222,成都先导,44.69,43.68,15:34:59,sh
688223,晶科能源,3.83,3.74,15:34:59,sh
688225,亚信安全,15.7,16.28,15:34:59,sh
688226,威腾电气,30.49,29.77,15:34:59,sh
688227,品高股份,70.31,73.03,15:00:00,sh
688228,开普云,89.6,91.2,15:34:59,sh
688229,博睿数据,58.45,60.36,15:00:00,sh
688230,芯导科技,58.0,59.1,15:00:00,sh
688231,隆达股份,31.31,32.3,15:34:59,sh
688232,新点软件,17.66,17.66,15:00:00,sh
688233,神工股份,87.92,92.95,15:34:59,sh
688234,天岳先进,104.39,109.0,15:34:59,sh
688235,百济神州,264.41,259.46,15:34:59,sh
688236,春立医疗,14.23,14.11,15:34:59,sh
688237,超卓航科,58.93,58.4,15:00:00,sh
688238,和元生物,8.85,8.54,15:00:00,sh
688239,航宇科技,51.85,53.0,15:00:00,sh
688244,永信至诚,22.54,21.24,15:34:59,sh
688246,嘉和美康,17.69,17.5,15:00:00,sh
688247,宣泰医药,10.09,9.87,15:00:00,sh
688248,南网科技,49.76,49.4,15:00:00,sh
688249,晶合集成,32.81,34.08,15:34:59,sh
688251,井松智能,18.45,18.84,15:00:00,sh
688252,天德钰,20.4,20.87,15:00:00,sh
688253,英诺特,54.32,54.35,15:00:00,sh
688255,凯尔达,25.98,26.47,15:00:00,sh
688256,寒武纪,1009.01,1046.0,15:34:59,sh
688257,新锐股份,53.58,55.52,15:34:59,sh
688258,卓易信息,83.0,84.97,15:00:00,sh
688259,创耀科技,31.99,32.71,15:00:00,sh
688260,昀冢科技,97.12,100.8,15:34:59,sh
688261,东微半导,72.72,74.95,15:34:59,sh
688262,国芯科技,27.05,28.16,15:34:59,sh
688265,南模生物,64.98,54.21,15:34:59,sh
688266,泽璟制药,110.0,106.66,15:00:00,sh
688267,中触媒,21.7,21.81,15:00:00,sh
688268,华特气体,120.85,123.35,15:34:59,sh
688269,凯立新材,26.48,26.54,15:00:00,sh
688270,ST臻镭,53.2,54.15,15:34:59,sh
688271,联影医疗,107.37,105.1,15:34:59,sh
688272,富吉瑞,28.33,28.79,15:00:00,sh
688273,麦澜德,29.5,29.42,15:00:00,sh
688275,万润新能,68.33,68.3,15:34:59,sh
688276,百克生物,17.95,17.5,15:00:00,sh
688277,天智航,15.64,15.48,15:00:00,sh
688278,特宝生物,52.89,51.2,15:34:59,sh
688279,峰岹科技,199.31,204.33,15:00:00,sh
688280,精进电动,4.93,5.0,15:00:00,sh
688281,华秦科技,48.47,49.25,15:00:00,sh
688282,理工导航,50.38,50.74,15:00:00,sh
688283,坤恒顺维,28.84,29.49,15:34:59,sh
688285,高铁电气,7.6,7.67,15:00:00,sh
688286,敏芯股份,51.37,52.94,15:34:59,sh
688288,鸿泉技术,19.48,19.77,15:00:00,sh
688289,圣湘生物,16.72,16.27,15:00:00,sh
688290,景业智能,56.48,56.8,15:00:00,sh
688291,金橙子,39.36,40.56,15:00:00,sh
688292,浩瀚深度,22.05,22.7,15:34:59,sh
688293,奥浦迈,79.61,74.56,15:34:59,sh
688295,中复神鹰,35.6,35.22,15:34:59,sh
688296,和达科技,25.6,25.21,15:00:00,sh
688297,中无人机,41.79,41.45,15:34:59,sh
688298,东方生物,19.37,18.92,15:00:00,sh
688299,长阳科技,13.15,13.29,15:34:59,sh
688300,联瑞新材,144.3,148.68,15:34:59,sh
688301,奕瑞科技,83.2,83.72,15:34:59,sh
688302,海创药业,33.34,32.29,15:00:00,sh
688303,大全能源,15.99,15.7,15:34:59,sh
688305,科德数控,54.4,54.9,15:34:59,sh
688306,均普智能,9.88,9.92,15:34:59,sh
688307,中润光学,43.93,44.84,15:00:00,sh
688308,欧科亿,77.11,80.4,15:34:59,sh
688309,恒誉科技,74.0,73.71,15:00:00,sh
688310,迈得医疗,15.22,15.6,15:00:00,sh
688311,盟升电子,23.83,24.17,15:00:00,sh
688312,燕麦科技,47.07,49.93,15:34:59,sh
688313,仕佳光子,154.48,153.7,15:34:59,sh
688314,康拓医疗,30.2,30.58,15:34:59,sh
688315,诺禾致源,19.77,18.9,15:34:59,sh
688316,青云科技,44.4,45.8,15:34:59,sh
688317,之江生物,19.5,18.1,15:34:59,sh
688318,财富趋势,74.56,76.9,15:34:59,sh
688319,欧林生物,31.18,31.0,15:00:00,sh
688320,禾川科技,35.13,36.25,15:00:00,sh
688321,微芯生物,25.22,24.92,15:00:00,sh
688322,奥比中光,84.4,85.1,15:34:59,sh
688323,瑞华泰,23.47,24.14,15:34:59,sh
688325,赛微微电,107.5,109.0,15:34:59,sh
688326,经纬恒润,56.5,56.46,15:00:00,sh
688327,云从科技,9.7,9.71,15:34:59,sh
688328,深科达,71.51,74.99,15:34:59,sh
688329,艾隆科技,23.95,23.86,15:00:00,sh
688330,宏力达,36.7,36.85,15:34:59,sh
688331,荣昌生物,117.34,116.67,15:34:59,sh
688332,中科蓝讯,85.6,87.83,15:00:00,sh
688333,铂力特,97.9,101.0,15:34:59,sh
688334,西高院,17.98,17.94,15:00:00,sh
688335,复洁科技,17.46,17.38,15:00:00,sh
688336,三生国健,41.43,40.68,15:34:59,sh
688337,普源精电,47.8,49.74,15:34:59,sh
688338,赛科希德,31.75,31.67,15:00:00,sh
688339,亿华通,20.42,19.92,15:34:59,sh
688343,云天励飞,60.0,62.53,15:34:59,sh
688345,博力威,46.94,47.08,15:00:00,sh
688347,华虹宏力,207.92,219.1,15:34:59,sh
688348,昱能科技,30.47,30.17,15:00:00,sh
688349,三一重能,13.24,13.13,15:34:59,sh
688350,富淼科技,29.0,29.22,15:00:00,sh
688351,微电生理,17.06,16.97,15:00:00,sh
688352,颀中科技,17.18,18.23,15:00:00,sh
688353,华盛锂电,80.57,78.95,15:34:59,sh
688355,明志科技,16.7,16.98,15:34:59,sh
688356,键凯科技,106.41,95.79,15:34:59,sh
688357,建龙微纳,26.31,26.88,15:00:00,sh
688358,祥生医疗,28.95,28.9,15:00:00,sh
688359,三孚新科,105.0,106.0,15:00:00,sh
688360,德马科技,15.77,16.03,15:00:00,sh
688361,中科飞测,349.09,354.72,15:34:59,sh
688362,甬矽电子,54.09,56.8,15:34:59,sh
688363,华熙生物,34.81,34.1,15:34:59,sh
688365,光云科技,15.46,15.85,15:34:59,sh
688366,昊海生科,30.38,30.1,15:00:00,sh
688367,工大高科,29.17,29.65,15:00:00,sh
688368,晶丰明源,120.73,127.02,15:00:00,sh
688369,致远互联,19.49,19.72,15:00:00,sh
688370,丛麟科技,28.65,28.67,15:34:59,sh
688371,菲沃泰,21.81,22.66,15:00:00,sh
688372,伟测科技,99.85,103.45,15:34:59,sh
688373,盟科药业,5.78,5.73,15:00:00,sh
688375,国博电子,64.02,65.2,15:34:59,sh
688376,美埃科技,55.97,57.2,15:34:59,sh
688377,迪威尔,16.74,16.81,15:00:00,sh
688378,奥来德,45.1,46.07,15:00:00,sh
688379,华光新材,52.4,55.82,15:00:00,sh
688380,中微半导,39.33,40.64,15:34:59,sh
688381,帝奥微,41.4,42.26,15:34:59,sh
688382,益方生物,19.07,18.2,15:00:00,sh
688383,新益昌,125.8,129.0,15:34:59,sh
688385,复旦微电,56.18,57.52,15:34:59,sh
688386,泛亚微透,45.31,47.26,15:00:00,sh
688387,信科移动,11.46,11.49,15:34:59,sh
688388,嘉元科技,27.05,28.1,15:34:59,sh
688389,普门科技,11.38,11.26,15:00:00,sh
688390,固德威,55.36,54.8,15:34:59,sh
688391,钜泉科技,26.16,26.45,15:00:00,sh
688392,骄成超声,156.44,161.6,15:00:00,sh
688393,安必平,22.45,22.24,15:00:00,sh
688395,正弦电气,26.2,26.33,15:00:00,sh
688396,华润微,55.1,56.89,15:34:59,sh
688398,赛特新材,22.13,22.81,15:00:00,sh
688399,硕世生物,27.54,26.78,15:00:00,sh
688400,凌云光,41.57,42.51,15:34:59,sh
688401,路维光电,64.0,65.68,15:34:59,sh
688403,汇成股份,21.1,22.25,15:34:59,sh
688408,中信博,22.98,22.53,15:34:59,sh
688409,富创精密,170.1,178.78,15:34:59,sh
688410,XD山外山,9.38,9.11,15:34:59,sh
688411,海博思创,158.86,154.9,15:34:59,sh
688416,恒烁股份,72.63,75.63,15:34:59,sh
688418,震有科技,28.85,29.86,15:00:00,sh
688419,耐科装备,47.48,49.47,15:34:59,sh
688420,美腾科技,22.9,22.78,15:00:00,sh
688425,铁建重工,3.95,3.93,15:00:00,sh
688426,康为世纪,22.58,21.23,15:00:00,sh
688428,诺诚健华,29.11,28.88,15:34:59,sh
688429,时创能源,9.93,9.95,15:00:00,sh
688432,有研硅,47.09,49.16,15:34:59,sh
688433,华曙高科,78.78,80.98,15:00:00,sh
688435,英方软件,29.74,30.46,15:00:00,sh
688439,振华风光,36.7,37.04,15:00:00,sh
688443,智翔金泰,25.3,24.14,15:00:00,sh
688448,磁谷科技,67.29,65.19,15:00:00,sh
688449,联芸科技,55.8,57.69,15:34:59,sh
688450,光格科技,31.34,32.16,15:34:59,sh
688455,科捷智能,17.37,17.58,15:00:00,sh
688456,有研粉材,67.18,69.96,15:34:59,sh
688458,美芯晟,36.81,37.81,15:00:00,sh
688459,哈铁科技,8.23,8.28,15:00:00,sh
688466,金科环境,14.0,14.26,15:00:00,sh
688468,科美诊断,6.69,6.58,15:00:00,sh
688469,芯联集成,8.86,9.0,15:34:59,sh
688472,阿特斯,8.42,8.33,15:34:59,sh
688475,萤石网络,27.1,26.99,15:34:59,sh
688478,晶升股份,46.05,48.68,15:34:59,sh
688479,友车科技,34.11,34.71,15:00:00,sh
688480,赛恩斯,65.5,65.45,15:00:00,sh
688484,南芯科技,32.03,32.77,15:34:59,sh
688485,九州一轨,101.44,105.08,15:34:59,sh
688486,龙迅股份,47.03,47.04,15:00:00,sh
688488,艾迪药业,16.63,16.12,15:00:00,sh
688489,三未信安,27.4,27.78,15:00:00,sh
688496,*ST清越,0.58,0.58,15:35:38,sh
688498,源杰科技,1613.0,1638.5,15:34:59,sh
688499,利元亨,42.19,41.54,15:34:59,sh
688500,慧辰股份,30.27,30.85,15:00:00,sh
688501,青达环保,14.9,15.3,15:00:00,sh
688502,茂莱光学,404.0,414.57,15:34:59,sh
688503,聚和材料,69.56,72.3,15:34:59,sh
688505,复旦张江,8.55,8.23,15:34:59,sh
688506,百利天恒,242.0,236.0,15:00:00,sh
688507,索辰科技,133.15,134.63,15:34:59,sh
688508,芯朋微,76.59,78.65,15:00:00,sh
688509,正元地信,4.17,4.25,15:00:00,sh
688510,航亚科技,23.5,23.2,15:34:59,sh
688511,天微电子,21.73,22.22,15:00:00,sh
688512,慧智微,16.28,16.47,15:34:59,sh
688513,苑东生物,51.16,50.36,15:00:00,sh
688515,裕太微,137.58,143.4,15:00:00,sh
688516,奥特维,41.93,42.47,15:34:59,sh
688517,金冠电气,18.7,18.27,15:34:59,sh
688518,联赢激光,20.1,20.3,15:34:59,sh
688519,南亚新材,272.65,276.14,15:34:59,sh
688520,神州细胞,37.05,35.22,15:34:59,sh
688521,芯原股份,171.68,193.64,15:34:59,sh
688522,纳睿雷达,17.82,17.86,15:00:00,sh
688523,航天环宇,37.42,37.59,15:34:59,sh
688525,佰维存储,192.35,198.6,15:34:59,sh
688526,科前生物,12.34,12.15,15:00:00,sh
688528,秦川物联,10.29,10.42,15:00:00,sh
688529,豪森智能,14.79,15.05,15:00:00,sh
688530,欧莱新材,54.76,56.97,15:34:59,sh
688531,日联科技,124.56,129.8,15:00:00,sh
688533,上声电子,19.91,19.94,15:00:00,sh
688535,华海诚科,97.38,101.45,15:34:59,sh
688536,思瑞浦,327.0,337.5,15:00:00,sh
688538,和辉光电,2.07,2.05,15:34:59,sh
688539,高华科技,23.41,23.91,15:00:00,sh
688543,国科军工,42.19,41.7,15:34:59,sh
688545,兴福电子,68.7,71.65,15:34:59,sh
688548,广钢气体,30.72,31.93,15:00:00,sh
688549,中巨芯,20.91,21.72,15:34:59,sh
688550,瑞联新材,35.72,36.3,15:34:59,sh
688551,科威尔,36.88,38.55,15:34:59,sh
688552,航天南湖,28.98,29.06,15:00:00,sh
688553,汇宇制药,12.85,12.17,15:00:00,sh
688556,高测股份,7.47,7.55,15:34:59,sh
688557,兰剑智能,20.86,20.97,15:00:00,sh
688558,国盛智科,32.8,33.6,15:34:59,sh
688559,海目星,48.8,49.75,15:34:59,sh
688560,明冠新材,12.78,12.81,15:34:59,sh
688561,奇安信,29.9,29.86,15:34:59,sh
688562,航天软件,14.26,14.47,15:00:00,sh
688563,航材股份,50.09,50.12,15:34:59,sh
688565,力源科技,11.58,11.71,15:34:59,sh
688566,吉贝尔,27.46,27.8,15:00:00,sh
688567,孚能科技,9.2,9.09,15:34:59,sh
688568,中科星图,29.19,29.17,15:34:59,sh
688569,铁科轨道,18.5,18.46,15:00:00,sh
688570,天玛智控,14.65,14.58,15:00:00,sh
688571,杭华股份,8.11,8.27,15:00:00,sh
688573,信宇人,17.08,16.96,15:34:59,sh
688575,亚辉龙,10.53,10.3,15:34:59,sh
688576,西山科技,39.85,39.9,15:00:00,sh
688577,浙海德曼,39.23,39.18,15:00:00,sh
688578,艾力斯,111.58,106.25,15:34:59,sh
688579,地纬智能,7.84,7.94,15:00:00,sh
688580,伟思医疗,42.25,42.41,15:00:00,sh
688581,安杰思,56.39,56.5,15:00:00,sh
688582,芯动联科,35.92,36.72,15:00:00,sh
688583,思看科技,77.53,80.1,15:00:00,sh
688584,上海合晶,26.37,27.51,15:00:00,sh
688585,上纬新材,126.81,131.01,15:34:59,sh
688586,江航装备,10.9,10.91,15:34:59,sh
688588,凌志软件,8.85,9.05,15:00:00,sh
688589,力合微,20.13,20.62,15:00:00,sh
688590,新致软件,11.84,12.15,15:34:59,sh
688591,泰凌微,30.5,31.11,15:00:00,sh
688592,司南导航,22.1,22.58,15:34:59,sh
688593,新相微,30.89,29.93,15:00:00,sh
688595,芯海科技,29.82,30.69,15:00:00,sh
688596,正帆科技,57.93,59.94,15:00:00,sh
688597,煜邦电力,6.2,6.31,15:00:00,sh
688598,金博股份,32.18,33.44,15:00:00,sh
688599,天合光能,10.99,10.8,15:34:59,sh
688600,皖仪科技,34.91,34.95,15:34:59,sh
688601,力芯微,57.46,59.4,15:00:00,sh
688602,康鹏科技,6.8,6.89,15:34:59,sh
688603,天承科技,111.5,112.6,15:00:00,sh
688605,先锋精科,79.91,83.53,15:34:59,sh
688606,奥泰生物,49.8,46.62,15:34:59,sh
688607,康众科技,35.55,36.03,15:00:00,sh
688608,恒玄科技,109.61,108.75,15:34:59,sh
688609,九联科技,8.82,8.93,15:34:59,sh
688610,埃科光电,144.79,152.62,15:34:59,sh
688611,杭州柯林,62.73,63.3,15:00:00,sh
688612,威迈斯,32.94,33.18,15:00:00,sh
688613,奥精医疗,20.1,20.5,15:34:59,sh
688615,合合信息,83.21,84.62,15:00:00,sh
688616,西力科技,11.11,11.17,15:00:00,sh
688617,惠泰医疗,248.25,240.03,15:00:00,sh
688618,三旺通信,27.96,28.69,15:00:00,sh
688619,罗普特,13.53,14.06,15:00:00,sh
688620,安凯微,16.15,16.78,15:00:00,sh
688621,阳光诺和,71.0,70.95,15:34:59,sh
688622,*ST禾信,119.6,136.0,15:34:59,sh
688623,双元科技,63.4,63.23,15:00:00,sh
688625,呈和科技,66.58,68.11,15:00:00,sh
688626,翔宇医疗,41.95,42.05,15:00:00,sh
688627,精智达,422.8,441.07,15:34:59,sh
688628,优利德,85.99,88.07,15:34:59,sh
688629,XD华丰科,101.35,104.38,15:34:59,sh
688630,芯碁微装,388.68,397.17,15:34:59,sh
688631,莱斯信息,35.88,35.72,15:00:00,sh
688633,星球石墨,21.77,21.85,15:00:00,sh
688635,长进光子,251.5,258.7,15:34:59,sh
688636,智明达,19.46,19.8,15:00:00,sh
688638,誉辰智能,34.71,35.33,15:00:00,sh
688639,华恒生物,19.11,17.76,15:34:59,sh
688646,逸飞激光,71.25,72.77,15:00:00,sh
688648,中邮科技,28.54,28.59,15:00:00,sh
688651,盛邦安全,24.96,25.56,15:34:59,sh
688652,京仪装备,130.68,134.68,15:34:59,sh
688653,康希通信,14.28,14.68,15:34:59,sh
688655,迅捷兴,71.9,75.7,15:34:59,sh
688656,浩欧博,131.72,132.03,15:00:00,sh
688657,浩辰软件,33.38,33.78,15:00:00,sh
688658,悦康药业,14.04,12.97,15:34:59,sh
688659,元琛科技,9.1,9.33,15:00:00,sh
688660,电气风电,9.04,8.76,15:34:59,sh
688661,和林微纳,92.52,97.1,15:00:00,sh
688662,富信科技,110.5,114.09,15:34:59,sh
688663,新风光,56.98,56.33,15:34:59,sh
688665,四方光电,41.08,42.6,15:00:00,sh
688667,菱电电控,97.99,102.79,15:00:00,sh
688668,XD鼎通科,206.41,210.19,15:34:59,sh
688669,聚石化学,60.5,62.65,15:00:00,sh
688670,金迪克,18.73,18.26,15:00:00,sh
688671,碧兴物联,24.97,25.8,15:00:00,sh
688676,金盘科技,61.53,61.55,15:34:59,sh
688677,海泰新光,76.06,76.4,15:34:59,sh
688678,福立旺,31.15,32.0,15:34:59,sh
688679,通源环境,38.3,38.89,15:00:00,sh
688680,海优新材,38.81,38.57,15:00:00,sh
688681,科汇股份,15.49,15.67,15:00:00,sh
688682,霍莱沃,33.65,33.2,15:34:59,sh
688683,莱尔科技,29.39,30.3,15:00:00,sh
688685,迈信林,41.11,39.7,15:34:59,sh
688686,奥普特,128.4,131.14,15:00:00,sh
688687,凯因科技,18.91,18.41,15:00:00,sh
688689,银河微电,37.79,39.77,15:34:59,sh
688690,纳微科技,44.98,45.28,15:00:00,sh
688691,灿芯股份,58.32,61.43,15:34:59,sh
688692,达梦数据,182.72,187.92,15:34:59,sh
688693,锴威特,70.2,72.27,15:00:00,sh
688695,中创股份,19.86,20.4,15:00:00,sh
688696,极米科技,84.79,81.0,15:00:00,sh
688697,纽威数控,14.35,14.59,15:00:00,sh
688698,伟创电气,41.58,42.17,15:34:59,sh
688699,XD明微电,63.34,66.33,15:00:00,sh
688700,东威科技,60.36,61.32,15:34:59,sh
688701,卓锦股份,8.68,8.81,15:00:00,sh
688702,盛科通信,284.91,304.26,15:34:59,sh
688707,振华新材,10.78,10.29,15:34:59,sh
688708,佳驰科技,38.3,38.39,15:00:00,sh
688709,成都华微,24.61,25.85,15:34:59,sh
688710,益诺思,105.2,96.8,15:34:59,sh
688711,宏微科技,25.49,26.78,15:34:59,sh
688712,北芯生命,30.92,30.52,15:00:00,sh
688716,中研股份,25.52,25.9,15:00:00,sh
688717,艾罗能源,41.14,41.0,15:34:59,sh
688718,唯赛勃,14.67,14.85,15:00:00,sh
688719,爱科赛博,56.0,58.8,15:34:59,sh
688720,艾森股份,62.03,65.64,15:00:00,sh
688721,龙图光罩,37.91,39.67,15:34:59,sh
688722,同益中,14.56,14.47,15:00:00,sh
688726,拉普拉斯,44.52,45.31,15:34:59,sh
688727,恒坤新材,43.45,45.36,15:34:59,sh
688728,格科微,13.95,14.05,15:34:59,sh
688729,屹唐股份,21.95,22.59,15:34:59,sh
688733,壹石通,27.6,28.13,15:34:59,sh
688737,中自科技,16.76,17.08,15:34:59,sh
688739,成大生物,21.02,20.55,15:00:00,sh
688750,金天钛业,13.79,13.85,15:00:00,sh
688755,汉邦科技,30.24,29.21,15:00:00,sh
688757,胜科纳米,27.5,28.68,15:00:00,sh
688758,赛分科技,30.13,30.03,15:34:59,sh
688759,必贝特,21.69,21.57,15:00:00,sh
688765,禾元生物,39.84,39.47,15:34:59,sh
688766,普冉股份,356.64,377.9,15:34:59,sh
688767,博拓生物,40.2,40.46,15:00:00,sh
688768,容知日新,52.3,52.3,15:34:59,sh
688772,珠海冠宇,14.34,14.17,15:34:59,sh
688775,影石创新,90.18,90.67,15:34:59,sh
688776,国光电气,47.4,48.82,15:00:00,sh
688777,中控技术,80.05,78.48,15:34:59,sh
688778,厦钨新能,43.87,42.17,15:00:00,sh
688779,五矿新能,7.45,7.32,15:34:59,sh
688781,视涯科技,40.21,41.26,15:34:59,sh
688783,西安奕材,26.92,27.78,15:34:59,sh
688785,恒运昌,346.48,360.86,15:00:00,sh
688786,悦安新材,26.12,26.69,15:00:00,sh
688787,海天瑞声,85.02,88.4,15:00:00,sh
688788,科思科技,27.61,27.26,15:00:00,sh
688789,宏华数科,50.0,50.93,15:34:59,sh
688790,昂瑞微,97.12,99.55,15:34:59,sh
688793,倍轻松,18.32,18.8,15:00:00,sh
688795,摩尔线程,393.94,409.48,15:34:59,sh
688796,百奥赛图,126.77,121.7,15:34:59,sh
688797,臻宝科技,241.6,256.02,15:34:59,sh
688798,艾为电子,53.78,54.67,15:00:00,sh
688799,华纳药厂,57.21,56.59,15:34:59,sh
688800,瑞可达,56.18,57.51,15:00:00,sh
688801,燧原科技,420.4,441.2,15:34:59,sh
688802,沐曦股份,497.08,518.46,15:34:59,sh
688805,健信超导,38.83,38.5,15:00:00,sh
688806,泰诺麦博,30.67,25.56,15:34:59,sh
688807,优迅股份,300.21,310.06,15:34:59,sh
688808,联讯仪器,1546.63,1496.0,15:34:59,sh
688809,强一股份,488.64,493.74,15:34:59,sh
688811,有研复材,18.67,19.22,15:34:59,sh
688813,泰金新能,128.09,137.95,15:34:59,sh
688816,易思维,46.26,46.15,15:00:00,sh
688818,电科蓝天,39.46,40.08,15:34:59,sh
688819,天能股份,20.78,20.7,15:34:59,sh
688820,盛合晶微,115.78,121.01,15:34:59,sh
688825,长鑫科技,54.79,55.55,15:34:59,sh
688826,频准激光,718.95,737.75,15:00:00,sh
688828,国仪公司,82.68,84.1,15:34:59,sh
688835,高凯技术,340.47,358.0,15:34:59,sh
688836,宇树科技,450.4,451.02,15:34:59,sh
688837,信诺维,49.4,43.61,15:34:59,sh
688981,中芯国际,111.99,117.51,15:34:59,sh
000001,平安银行,11.57,11.35,15:36:00,sz
000002,万 科Ａ,4.26,4.08,15:35:15,sz
000006,深振业Ａ,7.51,7.62,15:35:30,sz
000007,全新好,10.96,11.08,15:35:45,sz
000008,神州高铁,2.4,2.39,15:36:00,sz
000009,中国宝安,6.93,6.86,15:35:15,sz
000010,*ST美丽,1.44,1.47,15:35:30,sz
000011,深物业A,12.24,11.13,15:35:45,sz
000012,南 玻Ａ,3.69,3.67,15:36:00,sz
000014,沙河股份,11.24,11.55,15:35:15,sz
000016,*ST康佳A,0.0,2.46,15:35:30,sz
000017,深中华A,7.4,7.5,15:35:45,sz
000019,深粮控股,7.01,6.7,15:36:00,sz
000020,深华发Ａ,14.28,14.65,15:35:15,sz
000021,深科技,32.83,33.79,15:35:30,sz
000025,特 力Ａ,15.21,15.38,15:35:45,sz
000026,飞亚达,18.86,18.7,15:36:00,sz
000027,深圳能源,6.28,6.24,15:35:15,sz
000028,国药一致,19.66,19.37,15:35:30,sz
000029,深深房Ａ,22.71,22.12,15:35:45,sz
000030,富奥股份,3.93,3.89,15:36:00,sz
000031,大悦城,2.46,2.43,15:35:15,sz
000032,深桑达Ａ,13.09,13.38,15:35:30,sz
000034,神州数码,23.21,23.68,15:35:45,sz
000035,中国天楹,4.74,4.66,15:36:00,sz
000036,华联控股,4.08,4.21,15:35:15,sz
000037,深南电A,9.15,9.0,15:35:30,sz
000039,中集集团,8.6,8.55,15:35:45,sz
000042,中洲控股,8.46,8.3,15:36:00,sz
000045,深纺织Ａ,11.13,11.21,15:35:15,sz
000048,京基智农,18.0,17.92,15:35:30,sz
000049,德赛电池,22.4,21.99,15:35:45,sz
000050,深天马Ａ,6.31,6.29,15:36:00,sz
000055,方大集团,3.86,3.88,15:35:15,sz
000056,*ST皇庭,2.7,2.7,15:35:30,sz
000058,深 赛 格,7.28,7.29,15:35:45,sz
000059,华锦股份,5.55,5.47,15:36:00,sz
000060,中金岭南,5.84,5.83,15:35:15,sz
000061,农 产 品,6.03,5.84,15:35:30,sz
000062,深圳华强,21.32,21.66,15:35:45,sz
000063,中兴通讯,30.58,30.72,15:36:00,sz
000065,北方国际,9.73,9.61,15:35:15,sz
000066,中国长城,14.1,14.42,15:35:30,sz
000068,华控赛格,3.41,3.54,15:35:45,sz
000069,华侨城Ａ,1.97,1.97,15:36:00,sz
000070,特发信息,16.3,16.19,15:35:15,sz
000078,ST海王,1.49,1.49,15:35:30,sz
000088,盐 田 港,4.66,4.63,15:35:45,sz
000089,深圳机场,6.69,6.59,15:36:00,sz
000090,天健集团,3.64,3.64,15:35:15,sz
000096,广聚能源,7.99,7.94,15:35:30,sz
000099,中信海直,12.67,12.56,15:35:45,sz
000100,TCL科技,4.79,4.77,15:36:00,sz
000151,中成股份,10.06,10.06,15:35:15,sz
000153,丰原药业,6.11,6.08,15:35:30,sz
000155,川能动力,10.88,10.77,15:35:45,sz
000156,华数传媒,6.98,7.06,15:36:00,sz
000157,中联重科,5.97,5.86,15:35:15,sz
000158,常山北明,12.17,12.19,15:35:30,sz
000159,国际实业,5.45,5.5,15:35:45,sz
000166,申万宏源,4.38,4.36,15:36:00,sz
000301,东方盛虹,12.89,12.8,15:35:15,sz
000333,美的集团,80.1,81.66,15:35:30,sz
000338,潍柴动力,25.1,25.0,15:35:45,sz
000400,许继电气,21.61,21.03,15:36:00,sz
000401,金隅冀东,3.66,3.59,15:35:15,sz
000402,金 融 街,2.74,2.71,15:35:30,sz
000403,派林生物,10.06,9.74,15:35:45,sz
000404,长虹华意,6.84,6.74,15:36:00,sz
000407,胜利股份,4.25,4.2,15:35:15,sz
000408,藏格矿业,70.66,69.8,15:35:30,sz
000409,云鼎科技,8.61,8.79,15:35:45,sz
000410,沈阳机床,5.11,5.14,15:36:00,sz
000411,英特集团,10.02,9.98,15:35:15,sz
000415,渤海租赁,4.13,4.07,15:35:30,sz
000417,合百集团,5.64,5.66,15:35:45,sz
000419,通程控股,5.1,5.06,15:36:00,sz
000420,吉林化纤,3.44,3.47,15:35:15,sz
000421,南京公用,5.74,5.7,15:35:30,sz
000422,湖北宜化,11.52,11.48,15:35:45,sz
000423,东阿阿胶,45.95,45.24,15:36:00,sz
000425,徐工机械,7.2,7.05,15:35:15,sz
000426,兴业银锡,31.5,31.57,15:35:30,sz
000428,华天酒店,3.83,3.83,15:35:45,sz
000429,粤高速Ａ,12.46,12.28,15:36:00,sz
000430,张家界,6.66,6.64,15:35:15,sz
000488,ST晨鸣,2.13,2.08,15:35:30,sz
000498,山东路桥,5.87,5.61,15:35:45,sz
000501,武商集团,7.14,7.06,15:36:00,sz
000503,国新健康,7.69,7.72,15:35:15,sz
000504,南华生物,12.42,11.29,15:35:30,sz
000505,京粮控股,6.28,6.07,15:35:45,sz
000506,招金黄金,16.71,16.58,15:36:00,sz
000507,珠海港,4.94,4.93,15:35:15,sz
000509,华塑控股,3.39,3.51,15:35:30,sz
000510,新金路,16.85,17.27,15:35:45,sz
000513,丽珠集团,32.9,32.23,15:36:00,sz
000514,渝 开 发,4.6,4.55,15:35:15,sz
000516,国际医学,4.37,4.27,15:35:30,sz
000517,荣安地产,2.07,2.07,15:35:45,sz
000518,四环生物,3.59,3.59,15:36:00,sz
000519,中兵红箭,14.3,14.4,15:35:15,sz
000520,凤凰航运,4.0,4.03,15:35:30,sz
000521,长虹美菱,4.35,4.29,15:35:45,sz
000523,红棉股份,3.3,3.17,15:36:00,sz
000524,岭南控股,8.76,8.75,15:35:15,sz
000525,红太阳,4.44,4.39,15:35:30,sz
000526,学大教育,35.82,34.81,15:35:45,sz
000528,柳 工,7.52,7.36,15:36:00,sz
000529,广弘控股,5.04,5.03,15:35:15,sz
000530,冰山冷热,5.15,5.21,15:35:30,sz
000531,穗恒运Ａ,5.55,5.49,15:35:45,sz
000532,华金资本,12.26,12.49,15:36:00,sz
000533,顺钠股份,9.92,10.02,15:35:15,sz
000534,万泽股份,21.63,21.96,15:35:30,sz
000536,华映科技,3.34,3.38,15:35:45,sz
000537,绿发电力,7.38,7.29,15:36:00,sz
000538,云南白药,50.44,50.24,15:35:15,sz
000539,粤电力Ａ,5.09,5.04,15:35:30,sz
000541,佛山照明,4.89,4.86,15:35:45,sz
000543,皖能电力,7.15,7.06,15:36:00,sz
000544,中原环保,7.23,7.21,15:35:15,sz
000545,金浦钛业,2.21,2.22,15:35:30,sz
000546,金圆股份,4.33,4.32,15:35:45,sz
000547,航天发展,13.68,13.87,15:36:00,sz
000548,湖南投资,4.64,4.64,15:35:15,sz
000550,江铃汽车,16.5,16.28,15:35:30,sz
000551,创元科技,11.66,11.69,15:35:45,sz
000552,甘肃能化,2.5,2.46,15:36:00,sz
000553,安道麦A,5.48,5.39,15:35:15,sz
000554,泰山石油,6.19,6.19,15:35:30,sz
000555,神州信息,10.07,10.05,15:35:45,sz
000557,西部创业,3.64,3.61,15:36:00,sz
000558,天府文旅,3.52,3.56,15:35:15,sz
000559,万向钱潮,10.87,10.76,15:35:30,sz
000560,我爱我家,3.7,3.76,15:35:45,sz
000561,烽火电子,7.54,7.59,15:36:00,sz
000563,陕国投Ａ,2.91,2.89,15:35:15,sz
000564,供销大集,1.47,1.45,15:35:30,sz
000565,渝三峡Ａ,6.34,6.4,15:35:45,sz
000566,海南海药,4.62,4.61,15:36:00,sz
000567,海德股份,5.88,5.88,15:35:15,sz
000568,泸州老窖,72.28,69.38,15:35:30,sz
000570,苏常柴Ａ,5.28,5.27,15:35:45,sz
000571,新大洲A,6.47,6.57,15:36:00,sz
000572,海马汽车,4.03,4.0,15:35:15,sz
000573,粤宏远Ａ,3.9,3.93,15:35:30,sz
000576,甘化科工,8.3,8.24,15:35:45,sz
000581,威孚高科,18.21,17.92,15:36:00,sz
000582,北部湾港,8.97,8.97,15:35:15,sz
000586,汇源通信,12.51,12.77,15:35:30,sz
000589,贵州轮胎,4.2,4.18,15:35:45,sz
000590,古汉医药,9.1,9.14,15:36:00,sz
000591,太阳能,4.17,4.15,15:35:15,sz
000592,平潭发展,8.53,8.74,15:35:30,sz
000593,德龙汇能,20.11,20.0,15:35:45,sz
000595,新能股份,5.51,5.45,15:36:00,sz
000596,古井贡酒,93.55,89.03,15:35:15,sz
000597,东北制药,4.76,4.69,15:35:30,sz
000598,兴蓉环境,7.06,7.01,15:35:45,sz
000599,青岛双星,4.47,4.43,15:36:00,sz
000600,建投能源,7.17,6.97,15:35:15,sz
000601,韶能股份,6.05,6.02,15:35:30,sz
000603,盛达资源,30.9,31.08,15:35:45,sz
000605,渤海股份,6.04,6.06,15:36:00,sz
000607,华媒控股,3.96,4.13,15:35:15,sz
000608,阳光股份,7.05,7.18,15:35:30,sz
000609,*ST中迪,9.37,9.34,15:35:45,sz
000610,*ST西旅,7.5,7.46,15:36:00,sz
000612,焦作万方,10.44,10.63,15:35:15,sz
000615,*ST美谷,3.28,3.25,15:35:30,sz
000617,中油资本,6.56,6.56,15:35:45,sz
000619,海螺新材,5.2,5.25,15:36:00,sz
000620,盈新发展,3.06,3.11,15:35:15,sz
000623,吉林敖东,17.41,17.2,15:35:30,sz
000625,长安汽车,7.11,7.06,15:35:45,sz
000626,远大控股,8.74,8.58,15:36:00,sz
000628,高新发展,54.09,54.66,15:35:15,sz
000629,钒钛股份,2.83,2.78,15:35:30,sz
000630,铜陵有色,5.78,5.79,15:35:45,sz
000631,顺发恒能,3.04,3.04,15:36:00,sz
000632,ST三木,3.8,3.7,15:35:15,sz
000633,合金投资,5.29,5.34,15:35:30,sz
000635,英 力 特,7.58,7.6,15:35:45,sz
000636,风华高科,49.61,51.21,15:36:00,sz
000637,茂化实华,4.2,4.24,15:35:15,sz
000639,ST西王,1.54,1.5,15:35:30,sz
000650,仁和药业,5.24,5.14,15:35:45,sz
000651,格力电器,38.28,38.1,15:36:00,sz
000652,泰达股份,3.33,3.34,15:35:15,sz
000655,金岭矿业,7.25,7.21,15:35:30,sz
000656,金科股份,1.28,1.26,15:35:45,sz
000657,中钨高新,52.74,53.69,15:36:00,sz
000659,珠海中富,2.74,2.73,15:35:15,sz
000661,长春高新,71.83,70.55,15:35:30,sz
000663,永安林业,6.08,6.1,15:35:45,sz
000665,湖北广电,4.11,4.18,15:36:00,sz
000668,荣丰控股,18.69,17.0,15:35:15,sz
000669,ST金鸿,4.05,4.01,15:35:30,sz
000670,盈方微,7.29,7.6,15:35:45,sz
000672,上峰材料,14.84,14.65,15:36:00,sz
000676,智度股份,6.56,6.65,15:35:15,sz
000677,ST海龙,1.74,1.76,15:35:30,sz
000678,襄阳轴承,12.89,11.72,15:35:45,sz
000679,大连友谊,6.29,6.32,15:36:00,sz
000680,山推股份,9.06,8.82,15:35:15,sz
000681,视觉中国,15.62,15.86,15:35:30,sz
000682,东方电子,10.62,10.24,15:35:45,sz
000683,博源化工,5.79,5.58,15:36:00,sz
000685,中山公用,10.67,10.62,15:35:15,sz
000686,东北证券,7.53,7.51,15:35:30,sz
000688,国城矿业,24.24,24.15,15:35:45,sz
000690,宝新能源,5.21,5.15,15:36:00,sz
000691,亚太实业,9.0,8.98,15:35:15,sz
000692,惠天热电,4.59,4.17,15:35:30,sz
000695,滨海能源,12.77,12.83,15:35:45,sz
000697,炼石航空,9.16,9.14,15:36:00,sz
000698,ST沈化,3.72,3.66,15:35:15,sz
000700,模塑科技,12.28,12.09,15:35:30,sz
000701,厦门信达,5.07,5.13,15:35:45,sz
000702,正虹科技,5.87,5.85,15:36:00,sz
000703,恒逸石化,15.63,15.69,15:35:15,sz
000705,浙江震元,7.13,7.13,15:35:30,sz
000707,双环科技,4.62,4.59,15:35:45,sz
000708,中信特钢,13.11,12.8,15:36:00,sz
000709,河钢股份,2.04,2.0,15:35:15,sz
000710,贝瑞基因,10.87,9.88,15:35:30,sz
000711,京蓝科技,4.63,4.68,15:35:45,sz
000712,锦龙股份,9.77,9.82,15:36:00,sz
000713,国投丰乐,6.3,6.06,15:35:15,sz
000715,中兴商业,5.33,5.3,15:35:30,sz
000716,黑芝麻,4.94,4.94,15:35:45,sz
000717,中南股份,2.19,2.17,15:36:00,sz
000718,苏宁环球,2.13,2.11,15:35:15,sz
000719,中原传媒,11.95,11.88,15:35:30,sz
000720,新能泰山,3.64,3.59,15:35:45,sz
000721,西安饮食,6.1,6.06,15:36:00,sz
000722,湖南发展,13.0,12.88,15:35:15,sz
000723,美锦能源,3.51,3.47,15:35:30,sz
000725,京东方Ａ,5.72,5.71,15:35:45,sz
000726,鲁 泰Ａ,5.97,5.97,15:36:00,sz
000727,冠捷科技,2.18,2.18,15:35:15,sz
000728,国元证券,7.25,7.2,15:35:30,sz
000729,燕京啤酒,11.0,10.81,15:35:45,sz
000731,四川美丰,7.97,8.03,15:36:00,sz
000733,振华科技,39.13,39.04,15:35:15,sz
000735,罗 牛 山,5.69,5.76,15:35:30,sz
000736,中交发展,4.85,4.8,15:35:45,sz
000737,北方铜业,13.44,13.43,15:36:00,sz
000738,航发控制,18.75,18.67,15:35:15,sz
000739,普洛药业,27.74,26.56,15:35:30,sz
000750,国海证券,3.61,3.59,15:35:45,sz
000751,锌业股份,4.39,4.38,15:36:00,sz
000752,*ST西发,8.72,8.68,15:35:15,sz
000753,漳州发展,5.44,5.44,15:35:30,sz
000755,山西高速,4.73,4.68,15:35:45,sz
000756,新华制药,14.6,13.98,15:36:00,sz
000757,浩物股份,4.3,4.3,15:35:15,sz
000758,中色股份,5.72,5.71,15:35:30,sz
000759,中百集团,6.15,6.1,15:35:45,sz
000761,本钢板材,2.35,2.27,15:36:00,sz
000762,西藏矿业,20.74,20.49,15:35:15,sz
000766,通化金马,15.16,15.17,15:35:30,sz
000767,晋控电力,3.28,3.27,15:35:45,sz
000768,中航西飞,23.12,22.5,15:36:00,sz
000776,广发证券,19.88,19.74,15:35:15,sz
000777,中核科技,16.12,16.1,15:35:30,sz
000778,新兴铸管,3.56,3.53,15:35:45,sz
000779,甘咨询,8.39,8.45,15:36:00,sz
000782,恒申新材,8.1,8.12,15:35:15,sz
000783,长江证券,7.94,7.94,15:35:30,sz
000785,居然智家,2.3,2.29,15:35:45,sz
000786,北新建材,16.6,16.24,15:36:00,sz
000788,北大医药,5.46,5.44,15:35:15,sz
000789,万年青,4.17,4.17,15:35:30,sz
000790,华神科技,4.42,4.44,15:35:45,sz
000791,甘肃能源,7.06,7.0,15:36:00,sz
000792,盐湖股份,23.83,23.5,15:35:15,sz
000793,ST华闻,1.99,2.0,15:35:30,sz
000795,英洛华,8.21,8.18,15:35:45,sz
000796,凯撒旅业,3.52,3.49,15:36:00,sz
000797,中国武夷,2.72,2.7,15:35:15,sz
000798,中水渔业,9.79,9.6,15:35:30,sz
000799,酒鬼酒,36.67,36.01,15:35:45,sz
000800,一汽解放,5.88,5.84,15:36:00,sz
000801,四川九洲,11.41,11.52,15:35:15,sz
000802,北京文化,3.85,3.91,15:35:30,sz
000803,山高环能,7.24,6.86,15:35:45,sz
000807,云铝股份,26.2,26.47,15:36:00,sz
000809,和展能源,3.42,3.47,15:35:15,sz
000810,创维数字,9.1,9.1,15:35:30,sz
000811,冰轮环境,36.79,37.88,15:35:45,sz
000812,陕西金叶,3.72,3.74,15:36:00,sz
000813,德展健康,3.23,3.2,15:35:15,sz
000815,美利云,14.25,14.46,15:35:30,sz
000816,智慧农业,2.79,2.79,15:35:45,sz
000818,航锦科技,11.26,11.31,15:36:00,sz
000819,岳阳兴长,12.2,12.19,15:35:15,sz
000820,神雾节能,3.59,3.56,15:35:30,sz
000821,ST京机,7.28,7.29,15:35:45,sz
000822,山东海化,4.28,4.23,15:36:00,sz
000823,超声电子,23.28,24.4,15:35:15,sz
000825,太钢不锈,3.39,3.35,15:35:30,sz
000826,*ST启环,1.72,1.73,15:35:45,sz
000828,东莞控股,9.97,9.91,15:36:00,sz
000829,天音控股,9.14,9.15,15:35:15,sz
000830,鲁西化工,11.43,11.22,15:35:30,sz
000831,中国稀土,52.73,53.23,15:35:45,sz
000833,粤桂股份,18.76,18.41,15:36:00,sz
000837,秦川机床,9.47,9.51,15:35:15,sz
000838,*ST发展,2.45,2.23,15:35:30,sz
000839,国安股份,2.85,2.89,15:35:45,sz
000848,承德露露,8.14,7.94,15:36:00,sz
000850,华茂股份,4.17,4.63,15:35:15,sz
000852,石化机械,5.31,5.28,15:35:30,sz
000856,冀东装备,8.88,8.9,15:35:45,sz
000858,五 粮 液,70.06,68.77,15:36:00,sz
000859,国风新材,8.53,8.62,15:35:15,sz
000860,顺鑫农业,10.38,10.09,15:35:30,sz
000862,银星能源,5.34,5.32,15:35:45,sz
000863,三湘印象,4.46,4.52,15:36:00,sz
000868,安凯客车,4.15,4.18,15:35:15,sz
000869,张 裕Ａ,17.05,16.76,15:35:30,sz
000875,电投绿能,4.68,4.6,15:35:45,sz
000876,新 希 望,6.92,6.89,15:36:00,sz
000877,天山股份,3.76,3.69,15:35:15,sz
000878,云南铜业,16.04,15.95,15:35:30,sz
000880,潍柴重机,23.86,23.59,15:35:45,sz
000881,中广核技,6.4,6.37,15:36:00,sz
000882,华联股份,1.55,1.53,15:35:15,sz
000883,湖北能源,4.39,4.33,15:35:30,sz
000885,城发环境,11.7,11.61,15:35:45,sz
000886,海南高速,4.73,4.69,15:36:00,sz
000887,中鼎股份,18.32,18.45,15:35:15,sz
000888,峨眉山Ａ,9.06,9.08,15:35:30,sz
000889,中嘉博创,3.62,3.7,15:35:45,sz
000890,法尔胜,6.96,7.08,15:36:00,sz
000892,欢瑞世纪,4.53,4.58,15:35:15,sz
000893,亚钾国际,36.84,35.95,15:35:30,sz
000895,双汇发展,23.66,23.41,15:35:45,sz
000897,津滨发展,1.96,1.95,15:36:00,sz
000898,鞍钢股份,2.06,2.02,15:35:15,sz
000899,赣能股份,9.08,8.99,15:35:30,sz
000900,现代投资,3.59,3.56,15:35:45,sz
000901,航天科技,13.68,13.81,15:36:00,sz
000902,新洋丰,13.5,13.36,15:35:15,sz
000903,ST云动,1.97,1.92,15:35:30,sz
000905,厦门港务,9.15,9.17,15:35:45,sz
000906,浙商中拓,6.11,6.17,15:36:00,sz
000908,石药景峰,5.99,5.95,15:35:15,sz
000909,*ST数源,5.25,5.19,15:35:30,sz
000910,大亚圣象,6.15,6.44,15:35:45,sz
000911,*ST广糖,5.4,4.91,15:36:00,sz
000912,泸天化,3.88,3.88,15:35:15,sz
000913,钱江摩托,10.7,10.5,15:35:30,sz
000915,华特达因,23.83,23.58,15:35:45,sz
000917,电广传媒,6.77,6.81,15:36:00,sz
000919,金陵药业,6.5,6.43,15:35:15,sz
000920,沃顿科技,12.43,12.16,15:35:30,sz
000921,海信家电,26.78,26.5,15:35:45,sz
000922,佳电股份,11.93,11.99,15:36:00,sz
000923,河钢资源,15.73,15.45,15:35:15,sz
000925,众合科技,7.86,7.9,15:35:30,sz
000926,福星股份,2.2,2.16,15:35:45,sz
000927,中国铁物,2.47,2.43,15:36:00,sz
000928,中钢国际,5.34,5.29,15:35:15,sz
000929,兰州黄河,9.4,9.45,15:35:30,sz
000930,中粮科技,5.16,5.02,15:35:45,sz
000931,中 关 村,4.58,4.52,15:36:00,sz
000932,华菱钢铁,3.54,3.44,15:35:15,sz
000933,神火股份,26.22,26.1,15:35:30,sz
000935,四川双马,19.45,19.2,15:35:45,sz
000936,华西股份,5.49,5.44,15:36:00,sz
000937,冀中能源,4.4,4.36,15:35:15,sz
000938,紫光股份,31.02,31.53,15:35:30,sz
000948,南天信息,13.14,13.22,15:35:45,sz
000949,新乡化纤,6.44,6.41,15:36:00,sz
000950,重药控股,5.25,5.2,15:35:15,sz
000951,中国重汽,20.23,19.92,15:35:30,sz
000952,广济药业,6.57,6.6,15:35:45,sz
000953,中哲精化,5.98,6.0,15:36:00,sz
000955,欣龙控股,4.1,4.09,15:35:15,sz
000957,中通客车,9.86,9.86,15:35:30,sz
000958,电投产融,4.94,4.92,15:35:45,sz
000959,首钢股份,3.51,3.45,15:36:00,sz
000960,锡业股份,30.46,30.6,15:35:15,sz
000962,东方钽业,54.27,55.45,15:35:30,sz
000963,华东医药,27.69,26.85,15:35:45,sz
000965,天保基建,3.5,3.49,15:36:00,sz
000966,长源电力,3.98,3.95,15:35:15,sz
000967,盈峰环境,7.79,8.1,15:35:30,sz
000968,蓝焰控股,6.83,6.83,15:35:45,sz
000969,安泰科技,16.0,16.25,15:36:00,sz
000970,中科三环,10.95,10.99,15:35:15,sz
000972,中基健康,3.94,3.86,15:35:30,sz
000973,佛塑科技,11.56,11.4,15:35:45,sz
000975,山金国际,22.76,22.27,15:36:00,sz
000977,浪潮信息,65.93,67.18,15:35:15,sz
000978,桂林旅游,7.08,7.27,15:35:30,sz
000980,众泰汽车,2.26,2.22,15:35:45,sz
000981,山子高科,2.69,2.76,15:36:00,sz
000983,山西焦煤,6.48,6.37,15:35:15,sz
000985,大庆华科,17.1,17.24,15:35:30,sz
000987,越秀资本,7.2,7.14,15:35:45,sz
000988,华工科技,92.25,94.25,15:36:00,sz
000989,九芝堂,8.75,8.55,15:35:15,sz
000990,诚志股份,6.17,6.13,15:35:30,sz
000993,闽东电力,17.09,16.28,15:35:45,sz
000995,皇台酒业,11.4,11.28,15:36:00,sz
000997,新 大 陆,19.33,19.31,15:35:15,sz
000998,隆平高科,8.66,8.38,15:35:30,sz
000999,华润三九,24.19,23.44,15:35:45,sz
001201,东瑞股份,15.82,15.72,15:36:00,sz
001202,炬申股份,14.88,15.02,15:35:15,sz
001203,大中矿业,22.28,21.62,15:35:30,sz
001205,盛航股份,14.44,14.41,15:35:45,sz
001206,依依股份,18.62,16.93,15:36:00,sz
001207,联科科技,19.0,19.08,15:35:15,sz
001208,华菱线缆,12.92,13.06,15:35:30,sz
001209,洪兴股份,18.87,18.67,15:35:45,sz
001210,金房能源,27.2,27.22,15:36:00,sz
001211,双枪科技,29.52,27.66,15:35:15,sz
001212,中旗新材,36.18,36.78,15:35:30,sz
001213,中铁特货,3.51,3.49,15:35:45,sz
001215,千味央厨,32.44,32.3,15:36:00,sz
001216,华瓷股份,26.18,29.09,15:35:15,sz
001217,华尔泰,11.16,11.21,15:35:30,sz
001218,丽臣实业,23.46,23.59,15:35:45,sz
001219,青岛食品,12.94,12.9,15:36:00,sz
001220,世盟股份,31.28,31.4,15:35:15,sz
001221,悍高集团,32.64,32.43,15:35:30,sz
001222,源飞宠物,15.38,15.27,15:35:45,sz
001223,欧克科技,40.94,41.93,15:36:00,sz
001225,和泰机电,33.9,33.35,15:35:15,sz
001226,拓山重工,45.7,47.83,15:35:30,sz
001227,兰州银行,2.11,2.09,15:35:45,sz
001228,永泰运,37.9,37.67,15:36:00,sz
001229,魅视科技,37.13,38.43,15:35:15,sz
001230,劲旅环境,18.97,19.17,15:35:30,sz
001231,农心科技,22.52,22.81,15:35:45,sz
001232,嘉立创,184.73,188.4,15:36:00,sz
001233,海安集团,43.8,43.62,15:35:15,sz
001234,泰慕士,25.8,28.67,15:35:30,sz
001236,弘业期货,7.84,7.85,15:35:45,sz
001237,惠康科技,49.05,49.38,15:36:00,sz
001238,浙江正特,25.9,26.13,15:35:15,sz
001239,永达股份,12.3,12.29,15:35:30,sz
001246,N力勤,65.09,21.23,15:35:45,sz
001248,华润新能,11.54,11.5,15:36:00,sz
001255,博菲电气,27.1,27.39,15:35:15,sz
001256,炜冈科技,21.72,21.42,15:35:30,sz
001257,盛龙股份,20.47,21.26,15:35:45,sz
001258,立新能源,10.03,10.12,15:36:00,sz
001259,利仁科技,43.75,44.9,15:35:15,sz
001260,坤泰股份,19.2,19.01,15:35:30,sz
001266,宏英智能,39.96,36.33,15:35:45,sz
001267,汇绿生态,32.83,33.37,15:36:00,sz
001268,联合精密,25.22,25.4,15:35:15,sz
001269,欧晶科技,19.13,19.03,15:35:30,sz
001270,铖昌科技,89.5,93.99,15:35:45,sz
001277,速达股份,30.29,30.28,15:36:00,sz
001278,一彬科技,16.97,17.15,15:35:15,sz
001279,强邦新材,26.0,26.17,15:35:30,sz
001280,中国铀业,60.22,60.21,15:35:45,sz
001282,三联锻造,16.75,16.35,15:36:00,sz
001283,豪鹏科技,47.06,46.27,15:35:15,sz
001285,瑞立科密,41.62,41.95,15:35:30,sz
001286,陕西能源,9.45,9.42,15:35:45,sz
001287,中电港,22.59,23.37,15:36:00,sz
001288,运机集团,31.32,32.16,15:35:15,sz
001289,龙源电力,14.91,14.81,15:35:30,sz
001296,长江材料,19.39,19.51,15:35:45,sz
001298,好上好,16.21,16.36,15:36:00,sz
001299,美能能源,10.09,9.99,15:35:15,sz
001300,三柏硕,12.28,12.42,15:35:30,sz
001301,尚太科技,47.34,46.09,15:35:45,sz
001306,夏厦精密,55.8,56.5,15:36:00,sz
001308,康冠科技,18.03,17.96,15:35:15,sz
001309,德明利,358.46,372.2,15:35:30,sz
001311,多利科技,16.7,16.87,15:35:45,sz
001312,福恩股份,17.76,17.82,15:36:00,sz
001313,粤海饲料,7.16,7.16,15:35:15,sz
001314,亿道信息,49.05,50.69,15:35:30,sz
001316,润贝航科,27.46,27.54,15:35:45,sz
001317,三羊马,61.85,62.5,15:36:00,sz
001318,阳光乳业,13.04,11.85,15:35:15,sz
001319,铭科精技,21.14,21.55,15:35:30,sz
001322,箭牌家居,6.74,6.51,15:35:45,sz
001323,慕思股份,18.68,18.22,15:36:00,sz
001324,长青科技,20.26,20.5,15:35:15,sz
001325,元创股份,35.48,36.14,15:35:30,sz
001326,联域股份,101.03,103.79,15:35:45,sz
001328,登康口腔,31.6,30.45,15:36:00,sz
001330,博纳影业,6.58,6.63,15:35:15,sz
001331,胜通能源,38.97,38.5,15:35:30,sz
001332,锡装股份,26.9,27.19,15:35:45,sz
001333,光华股份,19.93,19.97,15:36:00,sz
001335,信凯科技,33.04,32.92,15:35:15,sz
001336,楚环科技,18.77,19.14,15:35:30,sz
001337,四川黄金,44.9,44.55,15:35:45,sz
001338,永顺泰,9.21,9.07,15:36:00,sz
001339,智微智能,69.72,70.42,15:35:15,sz
001356,富岭股份,9.21,9.27,15:35:30,sz
001358,兴欣新材,24.17,24.54,15:35:45,sz
001359,平安电工,79.9,82.51,15:36:00,sz
001360,南矿集团,18.89,19.01,15:35:15,sz
001365,天海电子,35.25,36.35,15:35:30,sz
001366,播恩集团,13.13,13.15,15:35:45,sz
001367,海森药业,22.01,22.21,15:36:00,sz
001368,通达创智,36.85,37.62,15:35:15,sz
001369,双欣材料,11.94,11.96,15:35:30,sz
001373,翔腾新材,30.99,31.59,15:35:45,sz
001376,百通能源,12.18,12.3,15:36:00,sz
001378,德冠新材,21.96,22.15,15:35:15,sz
001379,腾达科技,15.75,15.88,15:35:30,sz
001380,华纬科技,18.79,18.84,15:35:45,sz
001382,新亚电缆,16.43,16.45,15:36:00,sz
001386,马可波罗,15.98,15.99,15:35:15,sz
001387,雪祺电气,12.38,12.54,15:35:30,sz
001388,信通电子,19.53,19.68,15:35:45,sz
001389,广合科技,176.66,191.84,15:36:00,sz
001390,古麒绒材,17.11,17.15,15:35:15,sz
001391,国货航,3.84,3.8,15:35:30,sz
001393,维通利,40.05,41.46,15:35:45,sz
001395,亚联机械,29.75,29.97,15:36:00,sz
001396,誉帆科技,30.89,31.34,15:35:15,sz
001399,惠科股份,21.27,22.0,15:35:30,sz
001400,江顺科技,84.8,85.33,15:35:45,sz
001696,宗申动力,15.15,15.33,15:36:00,sz
001872,招商港口,24.18,24.4,15:35:15,sz
001896,豫能控股,10.3,10.29,15:35:30,sz
001914,招商积余,9.4,9.36,15:35:45,sz
001965,招商公路,10.05,10.0,15:36:00,sz
001979,招商蛇口,7.58,7.59,15:35:15,sz
002001,新 和 成,25.95,25.33,15:35:30,sz
002003,伟星股份,11.31,11.39,15:35:45,sz
002004,华邦健康,4.34,4.26,15:36:00,sz
002005,德豪润达,2.73,2.71,15:35:15,sz
002006,精工科技,13.21,13.29,15:35:30,sz
002007,华兰生物,13.34,13.02,15:35:45,sz
002008,大族激光,80.03,81.76,15:36:00,sz
002009,天奇股份,15.49,15.37,15:35:15,sz
002010,传化智联,4.6,4.57,15:35:30,sz
002011,盾安环境,12.6,12.5,15:35:45,sz
002012,凯恩股份,6.9,6.89,15:36:00,sz
002014,永新股份,11.21,11.07,15:35:15,sz
002015,协鑫能科,14.58,14.55,15:35:30,sz
002016,世荣兆业,4.95,4.84,15:35:45,sz
002017,东信和平,13.79,13.86,15:36:00,sz
002019,亿帆医药,9.42,9.23,15:35:15,sz
002020,京新药业,11.83,11.34,15:35:30,sz
002021,中捷资源,2.58,2.63,15:35:45,sz
002022,科华生物,6.12,5.97,15:36:00,sz
002023,海特高新,9.31,9.44,15:35:15,sz
002024,ST易购,1.16,1.15,15:35:30,sz
002025,航天电器,67.01,68.1,15:35:45,sz
002026,山东威达,10.98,11.09,15:36:00,sz
002027,分众传媒,4.73,4.65,15:35:15,sz
002028,思源电气,120.46,120.81,15:35:30,sz
002029,七 匹 狼,8.87,8.96,15:35:45,sz
002030,达安基因,5.75,5.64,15:36:00,sz
002031,巨轮智能,5.44,5.69,15:35:15,sz
002032,苏 泊 尔,39.95,39.51,15:35:30,sz
002033,丽江股份,8.21,8.18,15:35:45,sz
002034,旺能环境,14.07,13.97,15:36:00,sz
002035,华帝股份,4.77,4.81,15:35:15,sz
002036,联创电子,5.97,6.02,15:35:30,sz
002037,保利联合,6.77,6.74,15:35:45,sz
002038,双鹭药业,5.75,5.59,15:36:00,sz
002039,黔源电力,19.54,18.99,15:35:15,sz
002040,南 京 港,8.72,8.78,15:35:30,sz
002041,登海种业,10.23,9.3,15:35:45,sz
002042,华孚时尚,3.59,3.65,15:36:00,sz
002043,兔 宝 宝,12.02,11.37,15:35:15,sz
002044,美年健康,4.54,4.47,15:35:30,sz
002045,国光电器,8.57,8.78,15:35:45,sz
002046,国机精工,59.75,60.45,15:36:00,sz
002047,宝鹰股份,3.17,3.12,15:35:15,sz
002048,宁波华翔,17.67,17.79,15:35:30,sz
002049,紫光国微,57.88,58.41,15:35:45,sz
002050,三花智控,35.71,35.53,15:36:00,sz
002051,中工国际,8.74,8.59,15:35:15,sz
002052,同洲电子,7.98,8.03,15:35:30,sz
002053,云南能投,9.52,9.57,15:35:45,sz
002054,德美化工,7.07,7.06,15:36:00,sz
002055,ST得润,6.43,6.54,15:35:15,sz
002056,横店东磁,19.33,19.55,15:35:30,sz
002057,中钢天源,8.77,8.79,15:35:45,sz
002058,紫竹高科,20.2,18.36,15:36:00,sz
002059,云南旅游,4.23,4.23,15:35:15,sz
002060,广东建工,3.06,3.02,15:35:30,sz
002061,浙江交科,3.35,3.3,15:35:45,sz
002062,宏润建设,9.05,8.96,15:36:00,sz
002063,远光软件,5.26,5.24,15:35:15,sz
002064,华峰化学,9.65,9.4,15:35:30,sz
002065,东华软件,6.5,6.5,15:35:45,sz
002066,瑞泰科技,19.57,19.6,15:36:00,sz
002067,景兴纸业,3.95,3.95,15:35:15,sz
002068,黑猫股份,8.97,9.1,15:35:30,sz
002069,獐子岛,3.65,3.66,15:35:45,sz
002072,凯瑞德,7.03,7.16,15:36:00,sz
002073,软控股份,5.68,5.64,15:35:15,sz
002074,国轩高科,29.5,28.68,15:35:30,sz
002075,沙钢股份,3.52,3.48,15:35:45,sz
002076,星光股份,2.11,2.12,15:36:00,sz
002077,大港股份,13.68,14.35,15:35:15,sz
002078,太阳纸业,13.7,13.55,15:35:30,sz
002079,苏州固锝,8.43,8.58,15:35:45,sz
002080,中材科技,54.15,54.81,15:36:00,sz
002081,金 螳 螂,4.77,4.78,15:35:15,sz
002082,ST万邦,12.97,12.81,15:35:30,sz
002083,孚日股份,9.6,9.25,15:35:45,sz
002084,海鸥住工,5.74,5.8,15:36:00,sz
002085,万丰奥威,9.32,9.18,15:35:15,sz
002086,东方海洋,2.03,2.0,15:35:30,sz
002088,鲁阳节能,8.1,7.99,15:35:45,sz
002090,金智科技,8.94,8.94,15:36:00,sz
002091,江苏国泰,7.57,7.46,15:35:15,sz
002092,中泰化学,4.37,4.31,15:35:30,sz
002093,国脉科技,7.76,7.98,15:35:45,sz
002094,青岛金王,4.94,5.05,15:36:00,sz
002095,生 意 宝,15.19,15.68,15:35:15,sz
002096,易普力,9.11,8.95,15:35:30,sz
002097,山河智能,6.8,6.78,15:35:45,sz
002098,浔兴股份,8.21,8.28,15:36:00,sz
002099,海翔药业,6.15,6.0,15:35:15,sz
002100,天康生物,7.87,7.87,15:35:30,sz
002101,广东鸿图,8.57,8.5,15:35:45,sz
002102,ST能特,2.6,2.55,15:36:00,sz
002103,广博股份,6.68,6.74,15:35:15,sz
002104,恒宝股份,10.12,10.16,15:35:30,sz
002105,信隆健康,6.05,6.08,15:35:45,sz
002106,莱宝高科,11.9,12.06,15:36:00,sz
002107,沃华医药,7.09,7.1,15:35:15,sz
002108,沧州明珠,4.26,4.25,15:35:30,sz
002109,ST兴化,2.8,2.8,15:35:45,sz
002110,三钢闽光,2.93,2.87,15:36:00,sz
002111,威海广泰,9.05,9.05,15:35:15,sz
002112,三变科技,13.75,13.87,15:35:30,sz
002114,罗平锌电,7.18,7.21,15:35:45,sz
002115,三维通信,9.25,9.42,15:36:00,sz
002116,中国海诚,7.2,7.15,15:35:15,sz
002117,东港股份,7.79,7.83,15:35:30,sz
002119,康强电子,25.8,28.27,15:35:45,sz
002120,韵达股份,6.82,6.8,15:36:00,sz
002121,科陆电子,4.12,4.12,15:35:15,sz
002122,ST汇洲,2.84,2.77,15:35:30,sz
002123,梦网科技,7.54,7.66,15:35:45,sz
002124,天邦食品,1.98,2.0,15:36:00,sz
002125,湘潭电化,11.92,11.91,15:35:15,sz
002126,银轮股份,33.95,34.2,15:35:30,sz
002127,南极电商,2.97,2.98,15:35:45,sz
002128,电投能源,27.9,28.14,15:36:00,sz
002129,TCL中环,9.2,9.11,15:35:15,sz
002130,沃尔核材,15.71,15.66,15:35:30,sz
002131,利欧股份,4.2,4.25,15:35:45,sz
002132,恒星科技,4.03,3.97,15:36:00,sz
002133,广宇集团,2.94,2.93,15:35:15,sz
002134,天津普林,23.69,25.16,15:35:30,sz
002135,东南网架,5.93,5.94,15:35:45,sz
002136,安 纳 达,11.75,11.76,15:36:00,sz
002137,实益达,7.6,7.9,15:35:15,sz
002138,顺络电子,48.24,48.88,15:35:30,sz
002139,拓邦股份,9.57,9.58,15:35:45,sz
002140,东华科技,9.15,8.95,15:36:00,sz
002141,贤丰控股,6.3,6.58,15:35:15,sz
002142,宁波银行,35.43,34.81,15:35:30,sz
002144,宏达高科,11.03,11.09,15:35:45,sz
002145,钛能化学,4.59,4.6,15:36:00,sz
002146,荣盛发展,1.31,1.29,15:35:15,sz
002148,北纬科技,6.18,6.26,15:35:30,sz
002149,西部材料,31.0,31.55,15:35:45,sz
002150,正泰电源,19.56,19.61,15:36:00,sz
002151,北斗星通,27.82,28.15,15:35:15,sz
002152,广电运通,8.95,8.94,15:35:30,sz
002153,石基信息,7.37,7.4,15:35:45,sz
002154,报 喜 鸟,3.85,3.82,15:36:00,sz
002155,湖南黄金,23.2,23.08,15:35:15,sz
002156,通富微电,56.9,60.36,15:35:30,sz
002157,正邦科技,2.92,2.92,15:35:45,sz
002158,汉钟精机,24.31,24.84,15:36:00,sz
002159,三特索道,13.31,13.29,15:35:15,sz
002160,常铝股份,3.88,3.9,15:35:30,sz
002161,远 望 谷,6.36,6.44,15:35:45,sz
002162,悦心健康,4.19,4.18,15:36:00,sz
002163,海南发展,7.51,7.49,15:35:15,sz
002164,宁波东力,13.26,12.05,15:35:30,sz
002165,红 宝 丽,6.8,6.77,15:35:45,sz
002166,莱茵生物,6.8,6.66,15:36:00,sz
002167,东方锆业,15.04,15.59,15:35:15,sz
002168,ST惠程,3.56,3.57,15:35:30,sz
002169,智光电气,12.43,12.13,15:35:45,sz
002170,芭田股份,10.57,10.52,15:36:00,sz
002171,楚江新材,9.81,9.64,15:35:15,sz
002172,澳洋健康,5.43,5.49,15:35:30,sz
002173,创新医疗,17.26,17.08,15:35:45,sz
002174,游族网络,13.19,13.4,15:36:00,sz
002175,*ST东智,2.48,2.48,15:35:15,sz
002176,江特电机,8.61,8.2,15:35:30,sz
002177,御银股份,5.43,5.49,15:35:45,sz
002178,延华智能,4.85,4.99,15:36:00,sz
002179,中航光电,33.33,32.9,15:35:15,sz
002180,奔图科技,16.14,16.26,15:35:30,sz
002181,粤 传 媒,8.8,9.0,15:35:45,sz
002182,宝武镁业,11.0,11.04,15:36:00,sz
002183,怡 亚 通,4.18,4.15,15:35:15,sz
002184,海得控制,9.8,9.94,15:35:30,sz
002185,华天科技,16.46,17.02,15:35:45,sz
002186,全 聚 德,9.61,9.34,15:36:00,sz
002187,广百股份,5.51,5.46,15:35:15,sz
002188,中天服务,6.4,5.82,15:35:30,sz
002189,中光学,19.21,19.05,15:35:45,sz
002190,成飞集成,22.94,22.92,15:36:00,sz
002191,劲嘉股份,3.5,3.5,15:35:15,sz
002192,融捷股份,56.4,56.97,15:35:30,sz
002193,ST如意,4.53,4.55,15:35:45,sz
002194,武汉凡谷,9.69,9.98,15:36:00,sz
002195,岩山科技,5.92,5.95,15:35:15,sz
002196,方正电机,10.1,10.16,15:35:30,sz
002197,证通电子,6.35,6.5,15:35:45,sz
002198,ST嘉应,3.58,3.59,15:36:00,sz
002199,东晶电子,11.12,11.51,15:35:15,sz
002200,交投生态,6.86,6.82,15:35:30,sz
002201,九鼎新材,9.1,9.3,15:35:45,sz
002202,金风科技,17.22,17.09,15:36:00,sz
002203,海亮股份,17.32,17.48,15:35:15,sz
002204,大连重工,5.33,5.27,15:35:30,sz
002205,国统股份,12.16,12.76,15:35:45,sz
002206,海 利 得,4.87,4.85,15:36:00,sz
002207,*ST准油,5.33,5.4,15:35:15,sz
002208,合肥城建,9.89,10.06,15:35:30,sz
002209,达 意 隆,13.18,13.39,15:35:45,sz
002210,飞马国际,2.08,2.08,15:36:00,sz
002211,ST宏达,3.74,3.74,15:35:15,sz
002212,天融信,7.21,7.38,15:35:30,sz
002213,大为股份,26.7,27.83,15:35:45,sz
002214,大立科技,17.65,17.78,15:36:00,sz
002215,诺 普 信,9.31,9.26,15:35:15,sz
002216,三全食品,11.5,11.33,15:35:30,sz
002217,ST合力泰,1.53,1.52,15:35:45,sz
002218,拓日新能,3.83,3.75,15:36:00,sz
002219,新里程,2.1,2.08,15:35:15,sz
002221,东华能源,5.61,5.58,15:35:30,sz
002222,福晶科技,60.64,62.15,15:35:45,sz
002223,鱼跃医疗,26.27,25.67,15:36:00,sz
002224,三 力 士,3.77,3.71,15:35:15,sz
002225,濮耐股份,3.42,3.41,15:35:30,sz
002226,江南化工,5.34,4.85,15:35:45,sz
002227,*ST特迅,6.43,6.41,15:36:00,sz
002228,合兴包装,3.23,3.23,15:35:15,sz
002229,鸿博股份,10.05,10.21,15:35:30,sz
002230,科大讯飞,37.22,37.2,15:35:45,sz
002232,启明信息,16.48,17.15,15:36:00,sz
002233,塔牌集团,6.86,6.68,15:35:15,sz
002234,民和股份,7.92,7.93,15:35:30,sz
002235,安妮股份,7.53,7.66,15:35:45,sz
002236,大华股份,15.32,15.23,15:36:00,sz
002237,恒邦股份,12.47,12.35,15:35:15,sz
002238,天威视讯,7.08,7.52,15:35:30,sz
002239,奥特佳,2.48,2.46,15:35:45,sz
002240,盛新锂能,25.01,25.05,15:36:00,sz
002241,歌尔股份,22.79,23.0,15:35:15,sz
002242,九阳股份,12.5,11.36,15:35:30,sz
002243,力合科创,6.95,6.94,15:35:45,sz
002244,滨江集团,10.14,9.46,15:36:00,sz
002245,蔚蓝锂芯,16.16,16.2,15:35:15,sz
002246,北化股份,25.41,25.07,15:35:30,sz
002247,聚力文化,2.48,2.48,15:35:45,sz
002248,华东数控,9.16,9.34,15:36:00,sz
002249,大洋电机,6.41,6.4,15:35:15,sz
002250,联化科技,14.24,13.92,15:35:30,sz
002251,步步高,3.45,3.39,15:35:45,sz
002252,上海莱士,5.32,5.17,15:36:00,sz
002253,川大智胜,8.8,8.56,15:35:15,sz
002254,泰和新材,11.35,11.57,15:35:30,sz
002255,海陆重工,7.26,7.26,15:35:45,sz
002256,兆新股份,3.12,3.13,15:36:00,sz
002258,利尔化学,13.88,13.83,15:35:15,sz
002259,升达林业,5.01,4.89,15:35:30,sz
002261,拓维信息,23.72,24.08,15:35:45,sz
002262,恩华药业,22.73,21.5,15:36:00,sz
002263,大东南,3.19,3.21,15:35:15,sz
002264,新 华 都,7.4,7.57,15:35:30,sz
002265,建设工业,18.92,18.9,15:35:45,sz
002266,浙富控股,4.63,4.54,15:36:00,sz
002267,陕天然气,7.21,7.15,15:35:15,sz
002268,电科网安,14.86,15.08,15:35:30,sz
002269,美邦服饰,1.39,1.37,15:35:45,sz
002270,华明装备,17.04,17.02,15:36:00,sz
002271,东方雨虹,10.61,10.43,15:35:15,sz
002272,川润股份,13.99,14.23,15:35:30,sz
002273,水晶光电,24.4,23.51,15:35:45,sz
002274,华昌化工,5.81,5.83,15:36:00,sz
002275,桂林三金,12.22,12.07,15:35:15,sz
002276,万马股份,9.86,9.74,15:35:30,sz
002277,友阿股份,4.81,4.85,15:35:45,sz
002278,神开股份,7.97,8.32,15:36:00,sz
002279,久其软件,6.54,6.67,15:35:15,sz
002281,光迅科技,164.88,166.9,15:35:30,sz
002282,博深股份,6.06,6.09,15:35:45,sz
002283,天润工业,7.52,7.45,15:36:00,sz
002284,亚太股份,9.29,9.25,15:35:15,sz
002285,世联行,3.02,3.21,15:35:30,sz
002286,保龄宝,8.32,8.24,15:35:45,sz
002287,奇正藏药,19.38,19.12,15:36:00,sz
002289,宇顺电子,33.2,33.58,15:35:15,sz
002290,禾盛新材,68.08,69.9,15:35:30,sz
002291,遥望科技,5.48,5.59,15:35:45,sz
002292,奥飞娱乐,8.47,8.56,15:36:00,sz
002293,罗莱生活,10.68,10.59,15:35:15,sz
002294,信立泰,30.66,29.95,15:35:30,sz
002295,精艺股份,9.77,9.86,15:35:45,sz
002296,辉煌科技,9.42,9.58,15:36:00,sz
002297,博云新材,19.7,20.15,15:35:15,sz
002298,中电鑫龙,8.76,9.04,15:35:30,sz
002299,圣农发展,15.6,15.51,15:35:45,sz
002300,太阳电缆,7.68,7.77,15:36:00,sz
002301,齐心集团,8.56,8.82,15:35:15,sz
002302,西部建设,4.72,4.69,15:35:30,sz
002303,美盈森,6.8,6.7,15:35:45,sz
002304,洋河股份,37.25,36.9,15:36:00,sz
002305,*ST南置,2.09,2.08,15:35:15,sz
002306,ST云网,2.11,2.11,15:35:30,sz
002307,北新路桥,2.97,2.95,15:35:45,sz
002309,中利集团,2.79,2.8,15:36:00,sz
002310,东方新能,2.23,2.25,15:35:15,sz
002311,海大集团,42.0,41.2,15:35:30,sz
002312,川发龙蟒,8.16,8.11,15:35:45,sz
002313,日海智能,8.76,8.93,15:36:00,sz
002314,南山控股,2.43,2.37,15:35:15,sz
002315,焦点科技,24.81,24.94,15:35:30,sz
002316,亚联发展,4.95,4.5,15:35:45,sz
002317,众生药业,24.03,22.79,15:36:00,sz
002318,久立特材,17.83,17.52,15:35:15,sz
002319,乐通股份,10.14,10.17,15:35:30,sz
002320,海峡股份,6.33,6.27,15:35:45,sz
002321,华英农业,2.04,2.08,15:36:00,sz
002322,理工能科,11.86,11.89,15:35:15,sz
002323,*ST雅博,1.19,1.22,15:35:30,sz
002324,普利特,8.78,8.85,15:35:45,sz
002326,永太科技,16.47,16.16,15:36:00,sz
002327,富安娜,6.13,6.1,15:35:15,sz
002328,新朋股份,8.11,8.26,15:35:30,sz
002329,皇氏集团,3.71,3.66,15:35:45,sz
002330,得利斯,4.11,4.11,15:36:00,sz
002331,皖通科技,6.85,7.04,15:35:15,sz
002332,仙琚制药,8.64,8.58,15:35:30,sz
002333,罗普斯金,5.47,5.52,15:35:45,sz
002334,英威腾,6.39,6.42,15:36:00,sz
002335,科华数据,29.93,30.75,15:35:15,sz
002337,赛象科技,4.73,4.77,15:35:30,sz
002338,奥普光电,41.91,43.17,15:35:45,sz
002339,积成电子,7.15,7.06,15:36:00,sz
002340,格林美,6.11,6.04,15:35:15,sz
002342,巨力索具,8.25,8.45,15:35:30,sz
002343,慈文传媒,5.64,5.72,15:35:45,sz
002344,海宁皮城,4.02,4.0,15:36:00,sz
002345,潮宏基,8.3,8.11,15:35:15,sz
002346,柘中股份,17.81,17.9,15:35:30,sz
002347,泰尔股份,6.39,6.6,15:35:45,sz
002348,高乐股份,10.65,10.68,15:36:00,sz
002349,精华制药,8.55,8.37,15:35:15,sz
002350,北京科锐,13.43,13.45,15:35:30,sz
002351,漫步者,9.84,9.87,15:35:45,sz
002352,顺丰控股,30.67,30.51,15:36:00,sz
002353,杰瑞股份,110.22,109.78,15:35:15,sz
002354,天娱数科,7.16,7.24,15:35:30,sz
002355,兴民智通,4.61,4.62,15:35:45,sz
002356,鹏飞绿能,2.69,2.65,15:36:00,sz
002357,富临运业,11.5,11.58,15:35:15,sz
002358,森源电气,5.13,5.13,15:35:30,sz
002360,ST同德,5.33,5.37,15:35:45,sz
002361,神剑股份,9.58,9.79,15:36:00,sz
002362,汉王科技,15.77,15.82,15:35:15,sz
002363,隆基机械,6.95,6.98,15:35:30,sz
002364,中恒电气,32.14,32.8,15:35:45,sz
002365,永安药业,13.48,13.0,15:36:00,sz
002366,融发核电,5.49,5.47,15:35:15,sz
002367,康力电梯,6.06,6.17,15:35:30,sz
002368,太极股份,12.62,12.72,15:35:45,sz
002369,卓翼科技,5.56,5.6,15:36:00,sz
002370,亚太药业,5.16,5.1,15:35:15,sz
002371,北方华创,615.97,628.96,15:35:30,sz
002372,伟星新材,8.74,8.27,15:35:45,sz
002373,千方科技,7.35,7.37,15:36:00,sz
002374,中锐股份,3.36,3.3,15:35:15,sz
002375,亚厦股份,3.92,3.86,15:35:30,sz
002376,新北洋,6.55,6.59,15:35:45,sz
002377,国创高新,2.96,2.93,15:36:00,sz
002378,章源钨业,21.13,21.28,15:35:15,sz
002379,宏桥控股,16.28,16.3,15:35:30,sz
002380,科远智慧,26.29,26.85,15:35:45,sz
002381,双箭股份,5.64,5.65,15:36:00,sz
002382,蓝帆医疗,6.32,6.1,15:35:15,sz
002383,合众思壮,7.68,8.08,15:35:30,sz
002384,东山精密,167.4,171.21,15:35:45,sz
002385,大北农,3.1,3.07,15:36:00,sz
002386,天原股份,5.85,5.79,15:35:15,sz
002387,维信诺,6.7,6.63,15:35:30,sz
002388,新亚制程,9.1,8.27,15:35:45,sz
002389,航天彩虹,18.11,17.93,15:36:00,sz
002390,信邦制药,2.96,2.92,15:35:15,sz
002391,长青股份,5.14,5.11,15:35:30,sz
002392,北京利尔,7.42,7.41,15:35:45,sz
002393,力生制药,14.08,13.87,15:36:00,sz
002394,联发股份,10.15,10.59,15:35:15,sz
002395,双象股份,13.6,13.68,15:35:30,sz
002396,星网锐捷,32.6,32.86,15:35:45,sz
002397,梦洁股份,3.59,3.62,15:36:00,sz
002398,垒知集团,4.26,4.27,15:35:15,sz
002399,海普瑞,9.85,9.61,15:35:30,sz
002400,省广集团,6.36,6.48,15:35:45,sz
002401,中远海科,12.06,12.08,15:36:00,sz
002402,和而泰,17.62,17.81,15:35:15,sz
002403,爱仕达,10.18,10.23,15:35:30,sz
002404,嘉欣丝绸,5.79,5.84,15:35:45,sz
002405,四维图新,5.91,5.91,15:36:00,sz
002406,远东传动,6.42,6.42,15:35:15,sz
002407,多氟多,29.49,29.78,15:35:30,sz
002408,齐翔腾达,5.22,5.09,15:35:45,sz
002409,雅克科技,121.0,124.55,15:36:00,sz
002410,广联达,8.54,8.46,15:35:15,sz
002412,汉森制药,9.07,8.82,15:35:30,sz
002413,雷科防务,8.61,8.78,15:35:45,sz
002414,高德红外,11.18,11.27,15:36:00,sz
002415,海康威视,32.46,32.11,15:35:15,sz
002416,爱施德,8.98,8.9,15:35:30,sz
002418,康盛股份,4.37,4.36,15:35:45,sz
002419,天虹股份,5.09,4.63,15:36:00,sz
002420,毅昌科技,6.09,6.1,15:35:15,sz
002421,达实智能,3.17,3.21,15:35:30,sz
002422,科伦药业,40.85,39.22,15:35:45,sz
002423,中粮资本,9.14,9.11,15:36:00,sz
002424,ST百灵,4.69,4.63,15:35:15,sz
002425,凯撒文化,3.09,3.12,15:35:30,sz
002426,胜利精密,2.56,2.65,15:35:45,sz
002427,尤夫股份,4.52,4.53,15:36:00,sz
002428,云南锗业,86.87,87.16,15:35:15,sz
002429,兆驰股份,7.92,8.14,15:35:30,sz
002430,杭氧股份,25.04,24.02,15:35:45,sz
002431,ST棕榈,1.32,1.3,15:36:00,sz
002432,九安医疗,60.39,60.34,15:35:15,sz
002434,万里扬,6.17,6.16,15:35:30,sz
002436,兴森科技,40.94,42.2,15:35:45,sz
002437,誉衡药业,3.65,3.47,15:36:00,sz
002438,江苏神通,13.68,13.65,15:35:15,sz
002439,启明星辰,14.68,14.94,15:35:30,sz
002440,闰土股份,13.26,12.99,15:35:45,sz
002441,众业达,8.25,8.25,15:36:00,sz
002442,龙星科技,5.35,5.32,15:35:15,sz
002443,金洲管道,12.67,12.85,15:35:30,sz
002444,巨星科技,26.84,26.58,15:35:45,sz
002445,中南文化,3.08,3.1,15:36:00,sz
002446,盛路通信,7.58,7.74,15:35:15,sz
002448,中原内配,10.9,10.77,15:35:30,sz
002449,国星光电,6.55,6.53,15:35:45,sz
002451,摩恩电气,7.69,7.52,15:36:00,sz
002452,长高电气,11.37,11.35,15:35:15,sz
002453,华软科技,4.79,4.72,15:35:30,sz
002454,松芝股份,5.61,5.1,15:35:45,sz
002455,百川股份,6.8,6.8,15:36:00,sz
002456,欧菲光,6.49,6.48,15:35:15,sz
002457,青龙管业,11.31,11.11,15:35:30,sz
002458,益生股份,8.09,8.05,15:35:45,sz
002459,晶澳科技,6.74,6.6,15:36:00,sz
002460,赣锋锂业,43.43,43.38,15:35:15,sz
002461,珠江啤酒,8.39,8.31,15:35:30,sz
002462,嘉事堂,12.26,12.18,15:35:45,sz
002463,沪电股份,115.93,119.07,15:36:00,sz
002465,海格通信,9.89,10.0,15:35:15,sz
002466,天齐锂业,40.25,40.55,15:35:30,sz
002467,二六三,4.88,5.06,15:35:45,sz
002468,申通快递,14.6,14.69,15:36:00,sz
002469,三维化学,6.06,6.02,15:35:15,sz
002470,金正大,1.98,1.97,15:35:30,sz
002471,中超控股,5.12,5.21,15:35:45,sz
002472,双环传动,38.09,38.7,15:36:00,sz
002474,榕基软件,6.38,6.73,15:35:15,sz
002475,立讯精密,49.43,50.4,15:35:30,sz
002476,新叶股份,4.82,4.88,15:35:45,sz
002478,常宝股份,6.28,6.3,15:36:00,sz
002479,富春环保,5.78,5.71,15:35:15,sz
002480,新筑股份,5.48,5.53,15:35:30,sz
002481,双塔食品,4.28,4.22,15:35:45,sz
002482,广田集团,1.4,1.37,15:36:00,sz
002483,润邦股份,5.84,5.87,15:35:15,sz
002484,江海股份,51.32,52.84,15:35:30,sz
002485,ST雪发,5.98,5.84,15:35:45,sz
002486,嘉麟杰,2.66,2.69,15:36:00,sz
002487,大金重工,46.29,42.93,15:35:15,sz
002488,金固股份,7.23,7.19,15:35:30,sz
002489,浙江永强,2.88,2.9,15:35:45,sz
002490,山东墨龙,6.91,6.94,15:36:00,sz
002491,通鼎互联,20.04,20.62,15:35:15,sz
002492,恒基达鑫,6.36,6.52,15:35:30,sz
002493,荣盛石化,13.33,13.25,15:35:45,sz
002494,华斯股份,5.05,5.32,15:36:00,sz
002495,佳隆股份,2.43,2.43,15:35:15,sz
002496,辉丰股份,2.1,2.1,15:35:30,sz
002497,雅化集团,15.7,15.72,15:35:45,sz
002498,汉缆股份,6.11,6.06,15:36:00,sz
002500,山西证券,5.18,5.15,15:35:15,sz
002501,*ST利源,1.3,1.27,15:35:30,sz
002506,协鑫集成,2.38,2.35,15:35:45,sz
002507,涪陵榨菜,11.2,11.08,15:36:00,sz
002508,老板电器,17.11,16.6,15:35:15,sz
002510,天汽模,5.82,5.68,15:35:30,sz
002511,中顺洁柔,6.99,6.91,15:35:45,sz
002512,ST达华,3.76,3.72,15:36:00,sz
002513,蓝丰生化,5.86,5.47,15:35:15,sz
002514,*ST宝馨,2.41,2.41,15:35:30,sz
002515,金字火腿,7.05,7.25,15:35:45,sz
002516,旷达科技,5.53,5.54,15:36:00,sz
002517,恺英网络,16.01,15.87,15:35:15,sz
002518,科士达,34.05,34.33,15:35:30,sz
002519,银河电子,5.57,5.66,15:35:45,sz
002520,日发精机,6.27,6.35,15:36:00,sz
002521,齐峰新材,6.19,6.2,15:35:15,sz
002522,浙江众成,5.26,5.34,15:35:30,sz
002523,天桥起重,3.4,3.44,15:35:45,sz
002524,光正眼科,4.13,4.2,15:36:00,sz
002526,山东矿机,2.59,2.59,15:35:15,sz
002527,新时达,10.59,10.63,15:35:30,sz
002528,*ST英飞,6.17,6.21,15:35:45,sz
002529,海源复材,6.75,6.83,15:36:00,sz
002530,金财互联,7.02,7.07,15:35:15,sz
002531,天顺风能,7.98,7.64,15:35:30,sz
002532,天山铝业,12.18,12.21,15:35:45,sz
002533,金杯电工,10.79,10.91,15:36:00,sz
002534,西子洁能,17.1,17.03,15:35:15,sz
002535,林州重机,2.47,2.5,15:35:30,sz
002536,飞龙股份,45.38,46.52,15:35:45,sz
002537,海联金汇,5.66,5.65,15:36:00,sz
002538,ST司特,6.75,6.89,15:35:15,sz
002539,云图控股,11.75,11.58,15:35:30,sz
002540,亚太科技,4.99,4.97,15:35:45,sz
002541,鸿路钢构,18.36,18.44,15:36:00,sz
002542,*ST中岩,1.64,1.59,15:35:15,sz
002543,万和电气,7.26,7.4,15:35:30,sz
002544,普天科技,15.17,15.41,15:35:45,sz
002545,东方铁塔,13.85,13.79,15:36:00,sz
002546,新联电子,7.34,7.28,15:35:15,sz
002547,*ST春兴,2.58,2.51,15:35:30,sz
002548,金新农,3.94,3.92,15:35:45,sz
002549,凯美特气,12.29,12.4,15:36:00,sz
002550,千红制药,6.59,6.33,15:35:15,sz
002551,尚荣医疗,3.41,3.37,15:35:30,sz
002552,宝鼎科技,44.39,46.59,15:35:45,sz
002553,南方精工,16.97,16.94,15:36:00,sz
002554,惠博普,2.71,2.72,15:35:15,sz
002555,三七互娱,17.2,17.06,15:35:30,sz
002556,辉隆股份,5.06,5.03,15:35:45,sz
002557,洽洽食品,18.34,18.12,15:36:00,sz
002558,巨人网络,22.5,22.12,15:35:15,sz
002559,亚威股份,8.54,8.72,15:35:30,sz
002560,通达股份,6.29,6.51,15:35:45,sz
002561,徐家汇,7.31,7.25,15:36:00,sz
002562,兄弟科技,4.93,4.84,15:35:15,sz
002563,森马服饰,5.45,5.39,15:35:30,sz
002564,天沃科技,5.18,5.15,15:35:45,sz
002565,顺灏股份,8.44,8.29,15:36:00,sz
002566,益盛药业,7.06,7.08,15:35:15,sz
002567,唐人神,3.7,3.66,15:35:30,sz
002568,百润股份,19.49,18.91,15:35:45,sz
002569,*ST步森,12.06,12.0,15:36:00,sz
002570,贝因美,4.42,4.4,15:35:15,sz
002571,德力股份,10.42,10.66,15:35:30,sz
002572,索菲亚,7.72,7.63,15:35:45,sz
002573,清新环境,3.14,3.1,15:36:00,sz
002574,明牌珠宝,4.98,5.05,15:35:15,sz
002575,群兴玩具,5.0,5.05,15:35:30,sz
002576,通达动力,14.38,14.66,15:35:45,sz
002577,雷柏科技,20.68,20.91,15:36:00,sz
002578,闽发铝业,4.14,4.16,15:35:15,sz
002579,中京电子,16.88,17.9,15:35:30,sz
002580,圣阳股份,19.52,18.7,15:35:45,sz
002581,*ST未名,5.1,4.75,15:36:00,sz
002582,好想你,9.39,9.28,15:35:15,sz
002583,海能达,8.07,7.88,15:35:30,sz
002584,西陇科学,8.79,8.68,15:35:45,sz
002585,双星新材,10.35,10.67,15:36:00,sz
002586,围海股份,3.62,3.63,15:35:15,sz
002587,奥拓电子,5.29,5.29,15:35:30,sz
002588,史丹利,7.45,7.36,15:35:45,sz
002589,瑞康医药,3.27,3.24,15:36:00,sz
002590,万安科技,9.55,9.57,15:35:15,sz
002591,恒大高新,6.51,6.56,15:35:30,sz
002592,ST八菱,6.25,6.25,15:35:45,sz
002593,日上集团,4.57,4.6,15:36:00,sz
002594,比亚迪,83.31,82.02,15:35:15,sz
002595,豪迈科技,38.4,38.37,15:35:30,sz
002596,海南瑞泽,3.22,3.29,15:35:45,sz
002597,金禾实业,21.23,21.24,15:36:00,sz
002598,ST章鼓,6.81,6.82,15:35:15,sz
002599,盛通股份,5.5,5.57,15:35:30,sz
002600,领益智造,11.88,11.98,15:35:45,sz
002601,龙佰集团,14.71,14.62,15:36:00,sz
002602,世纪华通,13.8,13.88,15:35:15,sz
002603,以岭药业,15.35,15.02,15:35:30,sz
002605,姚记科技,16.47,16.43,15:35:45,sz
002606,大连电瓷,11.95,11.84,15:36:00,sz
002607,中公教育,1.85,1.84,15:35:15,sz
002608,江苏国信,7.34,7.22,15:35:30,sz
002609,捷顺科技,7.87,7.96,15:35:45,sz
002611,东方精工,13.98,14.43,15:36:00,sz
002612,朗姿股份,16.72,17.13,15:35:15,sz
002613,北玻股份,3.35,3.35,15:35:30,sz
002614,奥佳华,7.76,8.13,15:35:45,sz
002615,哈尔斯,6.23,6.31,15:36:00,sz
002616,长青集团,4.84,4.8,15:35:15,sz
002617,露笑科技,6.9,6.78,15:35:30,sz
002620,*ST瑞和,5.34,5.39,15:35:45,sz
002622,皓宸医疗,2.53,2.54,15:36:00,sz
002623,亚玛顿,17.99,18.4,15:35:15,sz
002624,完美世界,9.71,9.57,15:35:30,sz
002625,光启技术,23.57,22.9,15:35:45,sz
002626,金达威,16.13,15.96,15:36:00,sz
002627,三峡旅游,6.55,6.53,15:35:15,sz
002628,成都路桥,4.82,4.86,15:35:30,sz
002629,仁智股份,4.39,4.41,15:35:45,sz
002630,*ST华西,1.43,1.46,15:36:00,sz
002631,德尔未来,13.48,13.44,15:35:15,sz
002632,道明光学,8.94,9.02,15:35:30,sz
002633,申科股份,15.23,15.18,15:35:45,sz
002634,*ST棒杰,3.92,3.91,15:36:00,sz
002635,安洁科技,14.12,14.76,15:35:15,sz
002636,金安国纪,79.45,83.03,15:35:30,sz
002637,赞宇科技,10.37,10.08,15:35:45,sz
002638,勤上股份,4.77,4.95,15:36:00,sz
002639,雪人集团,13.59,13.85,15:35:15,sz
002640,跨境通,3.91,3.94,15:35:30,sz
002641,公元股份,3.8,3.8,15:35:45,sz
002642,荣联科技,6.92,6.99,15:36:00,sz
002643,万润股份,12.52,12.67,15:35:15,sz
002644,佛慈制药,8.26,8.18,15:35:30,sz
002645,华宏科技,16.85,17.19,15:35:45,sz
002646,天佑德酒,7.14,7.06,15:36:00,sz
002647,仁东控股,11.08,11.34,15:35:15,sz
002648,卫星化学,26.51,25.9,15:35:30,sz
002649,博彦科技,9.14,9.19,15:35:45,sz
002650,ST加加,6.44,6.29,15:36:00,sz
002651,利君股份,7.89,7.87,15:35:15,sz
002652,扬子新材,4.42,4.51,15:35:30,sz
002653,海思科,62.18,61.93,15:35:45,sz
002654,万润科技,12.24,12.65,15:36:00,sz
002655,共达电声,32.54,34.37,15:35:15,sz
002656,摩登大道,2.83,2.82,15:35:30,sz
002657,中科金财,14.6,14.85,15:35:45,sz
002658,雪迪龙,7.13,7.25,15:36:00,sz
002659,凯文教育,4.7,4.71,15:35:15,sz
002660,茂硕电源,7.97,8.06,15:35:30,sz
002661,克明食品,7.56,7.51,15:35:45,sz
002662,峰璟股份,3.12,3.12,15:36:00,sz
002663,普邦股份,1.75,1.76,15:35:15,sz
002664,信质集团,14.31,14.32,15:35:30,sz
002666,德联集团,4.21,4.22,15:35:45,sz
002667,*ST威领,0.0,22.19,15:36:00,sz
002668,TCL智家,8.66,8.67,15:35:15,sz
002669,康达新材,13.73,14.03,15:35:30,sz
002670,国盛证券,11.18,11.23,15:35:45,sz
002671,龙泉股份,4.06,4.06,15:36:00,sz
002672,东江环保,3.7,3.68,15:35:15,sz
002673,西部证券,6.59,6.59,15:35:30,sz
002674,兴业科技,19.82,19.32,15:35:45,sz
002675,东诚药业,12.9,12.75,15:36:00,sz
002676,顺威股份,5.16,5.19,15:35:15,sz
002677,浙江美大,6.13,6.09,15:35:30,sz
002678,珠江钢琴,4.42,4.41,15:35:45,sz
002679,福建金森,11.65,11.29,15:36:00,sz
002681,奋达科技,4.44,4.49,15:35:15,sz
002682,龙洲股份,4.88,4.92,15:35:30,sz
002683,广东宏大,27.86,27.0,15:35:45,sz
002685,华东重机,5.17,5.26,15:36:00,sz
002686,亿利达,6.08,6.2,15:35:15,sz
002687,乔治白,5.58,5.64,15:35:30,sz
002688,金河生物,5.2,5.14,15:35:45,sz
002689,ST远智,2.93,2.91,15:36:00,sz
002690,美亚光电,15.43,15.32,15:35:15,sz
002691,*ST冀凯,3.96,3.97,15:35:30,sz
002692,远程股份,4.22,4.29,15:35:45,sz
002693,双成药业,9.22,8.96,15:36:00,sz
002694,*ST顾地,2.76,2.51,15:35:15,sz
002695,煌上煌,10.78,10.57,15:35:30,sz
002696,百洋股份,6.58,6.59,15:35:45,sz
002697,红旗连锁,4.73,4.67,15:36:00,sz
002698,博实股份,11.1,11.02,15:35:15,sz
002700,万憬能源,6.34,6.38,15:35:30,sz
002701,奥瑞金,4.32,4.22,15:35:45,sz
002702,海欣食品,5.38,5.32,15:36:00,sz
002703,浙江世宝,15.65,15.17,15:35:15,sz
002705,新宝股份,11.62,11.56,15:35:30,sz
002706,良信股份,8.34,8.43,15:35:45,sz
002707,众信旅游,5.03,5.02,15:36:00,sz
002708,光洋股份,17.43,17.04,15:35:15,sz
002709,天赐材料,31.2,31.08,15:35:30,sz
002712,思美传媒,5.0,5.13,15:35:45,sz
002713,东易日盛,9.8,9.89,15:36:00,sz
002714,牧原股份,42.45,42.29,15:35:15,sz
002715,登云股份,13.28,13.3,15:35:30,sz
002716,湖南白银,8.77,8.73,15:35:45,sz
002717,*ST岭南,0.62,0.69,15:36:00,sz
002718,友邦吊顶,79.57,81.18,15:35:15,sz
002719,ST麦趣,6.18,6.08,15:35:30,sz
002721,金一文化,2.59,2.58,15:35:45,sz
002722,物产金轮,13.13,13.19,15:36:00,sz
002723,小崧股份,7.31,7.42,15:35:15,sz
002724,海洋王,6.98,7.15,15:35:30,sz
002725,跃岭股份,10.81,11.02,15:35:45,sz
002726,ST龙大,2.22,2.38,15:36:00,sz
002727,一心堂,10.72,10.64,15:35:15,sz
002728,特一药业,9.91,9.72,15:35:30,sz
002729,好利科技,13.63,13.79,15:35:45,sz
002730,电光科技,20.55,20.72,15:36:00,sz
002731,*ST萃华,0.0,0.77,15:35:15,sz
002732,燕塘乳业,14.27,14.2,15:35:30,sz
002733,雄韬股份,17.17,17.3,15:35:45,sz
002734,利民股份,18.53,18.64,15:36:00,sz
002735,王子新材,10.7,10.65,15:35:15,sz
002736,国信证券,9.8,9.72,15:35:30,sz
002737,葵花药业,11.4,11.18,15:35:45,sz
002738,中矿资源,42.5,43.31,15:36:00,sz
002739,儒意电影,8.22,8.29,15:35:15,sz
002741,光华科技,24.91,26.5,15:35:30,sz
002742,冀衡医药,4.16,4.1,15:35:45,sz
002743,ST富煌,4.43,4.34,15:36:00,sz
002745,木林森,11.56,11.87,15:35:15,sz
002746,仙坛股份,6.22,6.21,15:35:30,sz
002747,埃斯顿,28.22,28.16,15:35:45,sz
002748,世龙实业,12.09,12.0,15:36:00,sz
002749,国光股份,8.51,8.37,15:35:15,sz
002752,昇兴股份,6.09,6.03,15:35:30,sz
002753,永东股份,6.74,6.68,15:35:45,sz
002755,奥赛康,13.55,12.32,15:36:00,sz
002756,永兴材料,38.99,38.65,15:35:15,sz
002757,南兴股份,18.43,18.87,15:35:30,sz
002758,浙农股份,8.48,8.41,15:35:45,sz
002759,ST天际,13.54,13.65,15:36:00,sz
002760,凤形股份,18.05,17.8,15:35:15,sz
002761,浙江建投,7.68,7.39,15:35:30,sz
002762,金发拉比,9.26,9.27,15:35:45,sz
002763,汇洁股份,7.36,7.37,15:36:00,sz
002765,蓝黛科技,6.75,6.82,15:35:15,sz
002766,索菱股份,4.02,4.03,15:35:30,sz
002767,先锋电子,18.16,18.39,15:35:45,sz
002768,国恩股份,69.81,71.02,15:36:00,sz
002769,普路通,6.72,6.82,15:35:15,sz
002771,真视通,13.64,14.02,15:35:30,sz
002772,众兴菌业,10.58,10.39,15:35:45,sz
002773,康弘药业,21.8,22.35,15:36:00,sz
002774,快意电梯,17.31,16.76,15:35:15,sz
002775,文科股份,3.44,3.42,15:35:30,sz
002777,久远银海,12.65,12.7,15:35:45,sz
002778,中晟高科,15.84,15.88,15:36:00,sz
002779,中坚科技,75.49,76.35,15:35:15,sz
002780,三夫户外,14.5,14.64,15:35:30,sz
002782,可立克,13.99,14.35,15:35:45,sz
002783,凯龙股份,8.13,8.05,15:36:00,sz
002785,万里石,33.91,34.93,15:35:15,sz
002786,银宝山新,7.56,7.59,15:35:30,sz
002787,华源控股,25.51,25.4,15:35:45,sz
002788,鹭燕医药,10.76,10.57,15:36:00,sz
002789,*ST建艺,14.95,14.26,15:35:15,sz
002790,瑞尔特,6.44,6.49,15:35:30,sz
002791,坚朗五金,15.95,15.67,15:35:45,sz
002792,通宇通讯,28.82,30.27,15:36:00,sz
002793,罗欣药业,4.82,4.8,15:35:15,sz
002795,永和智控,7.23,7.4,15:35:30,sz
002796,世嘉科技,25.94,26.61,15:35:45,sz
002797,第一创业,6.12,6.11,15:36:00,sz
002798,帝欧水华,6.58,6.59,15:35:15,sz
002799,环球印务,7.32,7.55,15:35:30,sz
002800,天顺股份,14.98,14.89,15:35:45,sz
002801,微光股份,26.61,26.69,15:36:00,sz
002802,洪汇新材,12.36,12.42,15:35:15,sz
002803,吉宏股份,20.24,21.19,15:35:30,sz
002805,丰元股份,16.06,15.7,15:35:45,sz
002806,华锋股份,14.47,14.95,15:36:00,sz
002807,江阴银行,4.2,4.16,15:35:15,sz
002809,红墙股份,8.57,8.55,15:35:30,sz
002810,山东赫达,20.2,20.07,15:35:45,sz
002811,郑中设计,16.97,16.42,15:36:00,sz
002812,恩捷股份,45.51,45.59,15:35:15,sz
002813,路畅科技,0.0,26.38,15:35:30,sz
002815,崇达技术,23.01,24.44,15:35:45,sz
002816,*ST和科,21.86,21.9,15:36:00,sz
002817,黄山胶囊,6.8,6.84,15:35:15,sz
002818,富森美,11.22,11.13,15:35:30,sz
002819,东方中科,23.73,24.68,15:35:45,sz
002820,桂发祥,9.87,9.82,15:36:00,sz
002821,凯莱英,188.62,179.12,15:35:15,sz
002822,ST中装,2.97,3.0,15:35:30,sz
002823,凯中精密,12.72,12.75,15:35:45,sz
002824,和胜股份,24.16,25.23,15:36:00,sz
002825,纳尔股份,9.22,9.25,15:35:15,sz
002826,易明医药,17.59,17.66,15:35:30,sz
002827,高争民爆,59.0,62.04,15:35:45,sz
002828,贝肯能源,10.84,10.83,15:36:00,sz
002829,星网宇达,19.17,19.41,15:35:15,sz
002830,名雕股份,14.88,15.02,15:35:30,sz
002831,裕同科技,27.29,27.82,15:35:45,sz
002832,比音勒芬,25.93,25.28,15:36:00,sz
002833,弘亚数控,19.33,18.78,15:35:15,sz
002835,同为股份,13.19,13.28,15:35:30,sz
002836,新宏泽,12.12,12.23,15:35:45,sz
002837,英维克,53.95,55.58,15:36:00,sz
002838,道恩股份,24.55,24.13,15:35:15,sz
002839,张家港行,4.31,4.25,15:35:30,sz
002840,华统股份,8.19,7.98,15:35:45,sz
002841,视源股份,45.18,44.48,15:36:00,sz
002842,翔鹭钨业,30.81,31.09,15:35:15,sz
002843,泰嘉股份,14.72,14.89,15:35:30,sz
002845,同兴达,13.59,13.86,15:35:45,sz
002846,英联股份,11.5,11.88,15:36:00,sz
002847,盐津铺子,43.41,42.85,15:35:15,sz
002848,高斯贝尔,14.42,14.88,15:35:30,sz
002849,威星智能,21.37,23.22,15:35:45,sz
002850,科达利,155.8,158.17,15:36:00,sz
002851,麦格米特,115.72,118.5,15:35:15,sz
002852,道道全,8.69,8.6,15:35:30,sz
002853,皮阿诺,21.16,20.88,15:35:45,sz
002855,捷荣技术,12.45,12.58,15:36:00,sz
002856,*ST美芝,20.22,18.38,15:35:15,sz
002857,三晖电气,17.69,17.8,15:35:30,sz
002858,力盛体育,11.63,11.66,15:35:45,sz
002859,洁美科技,59.14,59.78,15:36:00,sz
002860,星帅尔,0.0,18.39,15:35:15,sz
002861,瀛通通讯,14.04,14.25,15:35:30,sz
002862,实丰文化,14.66,15.16,15:35:45,sz
002863,今飞凯达,4.76,4.8,15:36:00,sz
002864,盘龙药业,21.05,20.9,15:35:15,sz
002865,钧达股份,36.44,36.01,15:35:30,sz
002866,传艺科技,16.9,15.36,15:35:45,sz
002867,周大生,10.14,10.05,15:36:00,sz
002868,绿康生化,22.3,22.0,15:35:15,sz
002869,金溢科技,17.4,17.03,15:35:30,sz
002870,香山股份,45.51,46.62,15:35:45,sz
002871,伟隆股份,16.98,17.44,15:36:00,sz
002872,ST天圣,6.19,6.12,15:35:15,sz
002873,新天药业,8.55,8.55,15:35:30,sz
002875,安奈儿,12.7,12.87,15:35:45,sz
002876,三利谱,31.3,31.33,15:36:00,sz
002877,智能自控,7.46,7.53,15:35:15,sz
002878,元隆雅图,12.68,12.86,15:35:30,sz
002879,长缆科技,16.88,17.16,15:35:45,sz
002880,卫光生物,22.23,21.73,15:36:00,sz
002881,美格智能,42.41,41.95,15:35:15,sz
002882,金龙羽,24.98,24.51,15:35:30,sz
002883,*ST中设,9.14,9.18,15:35:45,sz
002884,凌霄泵业,15.38,15.26,15:36:00,sz
002885,京泉华,25.78,26.53,15:35:15,sz
002886,沃特股份,23.64,24.74,15:35:30,sz
002887,绿茵生态,8.73,8.84,15:35:45,sz
002888,惠威科技,18.6,18.72,15:36:00,sz
002889,东方嘉盛,12.04,12.08,15:35:15,sz
002890,弘宇股份,15.13,15.17,15:35:30,sz
002891,中宠股份,27.73,27.32,15:35:45,sz
002892,科力尔,8.52,8.54,15:36:00,sz
002893,京能热力,10.71,10.29,15:35:15,sz
002895,川恒股份,30.35,29.98,15:35:30,sz
002896,中大力德,59.62,60.86,15:35:45,sz
002897,意华股份,57.99,58.46,15:36:00,sz
002899,英派斯,20.4,20.48,15:35:15,sz
002900,哈三联,12.97,12.98,15:35:30,sz
002901,大博医疗,40.86,40.56,15:35:45,sz
002902,铭普光磁,25.64,26.15,15:36:00,sz
002903,宇环数控,27.97,28.62,15:35:15,sz
002905,金逸影视,8.72,8.85,15:35:30,sz
002906,华阳集团,26.62,26.71,15:35:45,sz
002907,华森制药,14.9,14.42,15:36:00,sz
002908,德生科技,7.03,7.13,15:35:15,sz
002909,集泰股份,6.71,7.05,15:35:30,sz
002910,庄园牧场,10.31,10.1,15:35:45,sz
002911,佛燃能源,11.21,11.13,15:36:00,sz
002912,中新赛克,26.6,29.12,15:35:15,sz
002913,奥士康,92.3,91.08,15:35:30,sz
002915,中欣氟材,16.24,16.27,15:35:45,sz
002916,深南电路,373.01,375.6,15:36:00,sz
002917,金奥博,10.03,10.06,15:35:15,sz
002918,蒙娜丽莎,10.64,10.52,15:35:30,sz
002919,名臣健康,15.59,16.1,15:35:45,sz
002920,德赛西威,79.28,79.25,15:36:00,sz
002921,联诚精密,19.7,19.83,15:35:15,sz
002922,伊戈尔,21.44,21.48,15:35:30,sz
002923,润都股份,11.03,10.7,15:35:45,sz
002925,盈趣科技,22.2,22.5,15:36:00,sz
002926,华西证券,8.15,8.15,15:35:15,sz
002927,泰永长征,18.71,19.29,15:35:30,sz
002928,华夏航空,6.37,6.12,15:35:45,sz
002929,润建股份,46.11,47.39,15:36:00,sz
002930,宏川智慧,8.93,9.03,15:35:15,sz
002931,锋龙股份,39.34,38.99,15:35:30,sz
002932,*ST明德,15.33,15.15,15:35:45,sz
002933,新兴装备,27.37,27.94,15:36:00,sz
002935,天奥电子,17.57,18.11,15:35:15,sz
002936,郑州银行,1.74,1.71,15:35:30,sz
002937,兴瑞科技,25.21,26.18,15:35:45,sz
002938,鹏鼎控股,79.55,79.95,15:36:00,sz
002939,长城证券,7.72,7.69,15:35:15,sz
002940,昂利康,22.96,22.23,15:35:30,sz
002941,新疆交建,10.54,10.46,15:35:45,sz
002942,新农股份,17.06,16.53,15:36:00,sz
002943,宇晶股份,28.28,28.76,15:35:15,sz
002945,华林证券,13.98,14.13,15:35:30,sz
002946,新乳业,14.82,14.25,15:35:45,sz
002947,恒铭达,55.98,57.95,15:36:00,sz
002948,青岛银行,6.15,6.05,15:35:15,sz
002949,华阳国际,13.14,13.74,15:35:30,sz
002950,奥美医疗,8.54,8.42,15:35:45,sz
002951,金时科技,15.61,15.78,15:36:00,sz
002952,亚世光电,19.05,19.28,15:35:15,sz
002953,日丰股份,9.87,9.94,15:35:30,sz
002955,鸿合科技,35.43,36.03,15:35:45,sz
002956,西麦食品,17.57,17.45,15:36:00,sz
002957,科瑞技术,35.28,36.35,15:35:15,sz
002958,青农商行,2.94,2.91,15:35:30,sz
002959,小熊电器,35.52,35.55,15:35:45,sz
002960,青鸟智控,8.7,8.45,15:36:00,sz
002961,瑞达期货,13.35,13.53,15:35:15,sz
002962,五方光电,16.17,14.7,15:35:30,sz
002963,豪尔赛,21.59,22.63,15:35:45,sz
002965,祥鑫科技,28.98,30.0,15:36:00,sz
002966,苏州银行,9.3,9.23,15:35:15,sz
002967,广电计量,17.56,17.65,15:35:30,sz
002968,新大正,10.14,9.89,15:35:45,sz
002969,嘉美包装,10.65,10.73,15:36:00,sz
002970,锐明技术,41.7,40.65,15:35:15,sz
002971,和远气体,38.6,40.82,15:35:30,sz
002972,科安达,13.0,13.12,15:35:45,sz
002973,侨银股份,11.59,12.19,15:36:00,sz
002975,博杰股份,101.95,102.05,15:35:15,sz
002976,瑞玛精密,21.5,22.8,15:35:30,sz
002977,*ST天箭,18.43,18.73,15:35:45,sz
002978,安宁股份,25.05,24.65,15:36:00,sz
002979,雷赛智能,52.47,51.76,15:35:15,sz
002980,华盛昌,104.97,106.62,15:35:30,sz
002981,朝阳科技,23.23,23.62,15:35:45,sz
002982,湘佳股份,12.78,12.68,15:36:00,sz
002983,芯瑞达,21.58,21.92,15:35:15,sz
002984,森麒麟,13.02,12.84,15:35:30,sz
002985,北摩高科,26.15,26.1,15:35:45,sz
002986,宇新股份,12.57,12.59,15:36:00,sz
002987,京北方,10.39,10.59,15:35:15,sz
002988,豪美新材,30.94,31.08,15:35:30,sz
002989,中天精装,22.61,23.6,15:35:45,sz
002990,盛视科技,51.92,54.1,15:36:00,sz
002991,甘源食品,38.57,36.88,15:35:15,sz
002992,宝明科技,32.4,33.1,15:35:30,sz
002993,奥海科技,32.27,32.84,15:35:45,sz
002995,天地在线,16.86,17.33,15:36:00,sz
002996,顺博合金,5.95,5.92,15:35:15,sz
002997,瑞鹄模具,26.39,25.7,15:35:30,sz
002998,优彩资源,7.95,7.99,15:35:45,sz
002999,天禾股份,6.36,6.36,15:36:00,sz
003000,劲仔食品,9.61,9.38,15:35:15,sz
003001,中岩大地,19.4,20.42,15:35:30,sz
003002,壶化股份,15.61,15.88,15:35:45,sz
003003,天元股份,11.18,11.28,15:36:00,sz
003004,声迅股份,60.22,61.25,15:35:15,sz
003005,竞业达,14.93,15.15,15:35:30,sz
003006,百亚股份,23.12,21.71,15:35:45,sz
003007,直真科技,39.39,40.55,15:36:00,sz
003008,开普检测,19.84,19.9,15:35:15,sz
003009,中天火箭,44.05,44.73,15:35:30,sz
003010,若羽臣,27.99,27.83,15:35:45,sz
003011,海象新材,19.73,20.08,15:35:00,sz
003012,东鹏控股,4.74,4.63,15:35:15,sz
003013,地铁设计,16.31,16.0,15:35:30,sz
003015,日久光电,12.06,12.28,15:35:45,sz
003016,欣贺股份,7.42,7.46,15:35:00,sz
003017,大洋生物,22.63,22.51,15:35:15,sz
003018,金富科技,43.55,44.95,15:35:30,sz
003019,宸展光电,26.08,26.66,15:35:45,sz
003020,立方制药,17.26,16.95,15:35:00,sz
003021,兆威机电,70.25,69.09,15:35:15,sz
003022,联泓新科,18.16,18.28,15:35:30,sz
003023,彩虹集团,25.38,25.19,15:35:45,sz
003025,思进智能,12.11,12.24,15:35:00,sz
003026,中晶科技,32.4,33.32,15:35:15,sz
003027,同兴科技,16.72,16.83,15:35:30,sz
003028,振邦智能,23.48,23.81,15:35:45,sz
003029,吉大正元,17.51,17.98,15:35:00,sz
003030,祖名股份,25.79,25.83,15:35:15,sz
003031,中瓷电子,118.84,118.57,15:35:30,sz
003032,传智教育,8.62,8.68,15:35:45,sz
003033,征和工业,84.12,86.59,15:35:00,sz
003035,南网能源,5.34,5.26,15:35:15,sz
003036,泰坦股份,44.23,46.46,15:35:30,sz
003037,三和管桩,5.86,5.86,15:35:45,sz
003038,鑫铂股份,10.69,10.78,15:35:00,sz
003039,顺控发展,12.49,12.49,15:35:15,sz
003040,楚天龙,14.39,14.2,15:35:30,sz
003041,真爱美家,38.92,39.18,15:35:45,sz
003042,中农联合,14.4,14.27,15:35:00,sz
003043,华亚智能,60.4,59.42,15:35:15,sz
003816,中国广核,4.23,4.21,15:35:30,sz
300001,特锐德,34.48,34.3,15:35:00,sz
300002,神州泰岳,7.89,7.94,15:35:15,sz
300003,乐普医疗,11.66,11.39,15:35:30,sz
300004,南风股份,7.53,7.64,15:35:45,sz
300005,探路者,10.7,10.62,15:35:00,sz
300006,莱美药业,5.56,5.3,15:35:15,sz
300007,汉威科技,30.11,30.46,15:35:30,sz
300008,天海防务,6.18,6.24,15:35:45,sz
300009,安科生物,8.61,8.32,15:35:00,sz
300010,ST豆神,5.1,4.95,15:35:15,sz
300011,鼎汉技术,5.77,5.86,15:35:30,sz
300012,华测检测,13.76,13.61,15:35:45,sz
300013,新宁物流,4.18,4.23,15:35:00,sz
300014,亿纬锂能,49.81,48.59,15:35:15,sz
300015,爱尔眼科,7.98,7.85,15:35:30,sz
300016,北陆药业,9.56,9.38,15:35:45,sz
300017,网宿科技,14.9,14.69,15:35:00,sz
300018,中元股份,11.58,11.72,15:35:15,sz
300019,硅宝科技,13.71,13.8,15:35:30,sz
300020,ST银江,3.76,3.59,15:35:45,sz
300021,大禹节水,3.82,3.79,15:35:00,sz
300022,吉峰科技,7.76,7.79,15:35:15,sz
300024,机器人,12.88,12.85,15:35:30,sz
300025,华星创业,5.62,5.76,15:35:45,sz
300026,红日药业,3.25,3.19,15:35:00,sz
300027,ST华谊,1.65,1.66,15:35:15,sz
300030,阳普医疗,6.92,6.9,15:35:30,sz
300031,宝通科技,19.93,20.15,15:35:45,sz
300032,金龙机电,3.74,3.8,15:35:00,sz
300033,同花顺,197.06,199.71,15:35:15,sz
300034,钢研高纳,15.27,15.28,15:35:30,sz
300035,中科电气,12.29,12.21,15:35:45,sz
300036,超图软件,10.18,10.24,15:35:00,sz
300037,新宙邦,66.52,65.93,15:35:15,sz
300039,上海凯宝,5.3,5.15,15:35:30,sz
300040,九洲集团,5.68,5.63,15:35:45,sz
300041,回天新材,10.55,10.64,15:35:00,sz
300042,朗科科技,35.45,36.88,15:35:15,sz
300043,星辉娱乐,4.26,4.32,15:35:30,sz
300044,*ST赛为,5.9,5.9,15:35:45,sz
300045,华力创通,11.09,11.19,15:35:00,sz
300046,台基股份,23.69,24.36,15:35:15,sz
300047,天源迪科,8.9,9.08,15:35:30,sz
300048,合康新能,4.69,4.7,15:35:45,sz
300049,福瑞医科,47.11,45.85,15:35:00,sz
300050,世纪鼎利,6.77,6.91,15:35:15,sz
300051,琏升科技,7.74,7.96,15:35:30,sz
300052,中青宝,10.14,10.22,15:35:45,sz
300053,航宇微,11.57,11.7,15:35:00,sz
300054,鼎龙股份,67.45,68.38,15:35:15,sz
300055,万邦达,5.75,5.81,15:35:30,sz
300056,中创环保,7.81,7.43,15:35:45,sz
300057,万顺新材,6.09,6.28,15:35:00,sz
300058,蓝色光标,12.37,12.91,15:35:15,sz
300059,东方财富,17.79,17.77,15:35:30,sz
300061,旗天科技,6.61,6.92,15:35:45,sz
300062,中能电气,6.02,5.99,15:35:00,sz
300063,天龙集团,8.37,8.59,15:35:15,sz
300065,海兰信,14.51,14.73,15:35:30,sz
300066,三川智慧,4.52,4.57,15:35:45,sz
300067,安诺其,5.35,5.25,15:35:00,sz
300068,ST南都,3.96,4.05,15:35:15,sz
300069,金利华电,24.67,24.77,15:35:30,sz
300070,碧水源,3.42,3.38,15:35:45,sz
300071,福石控股,3.95,4.06,15:35:00,sz
300072,海新能科,3.43,3.39,15:35:15,sz
300073,当升科技,38.88,37.99,15:35:30,sz
300074,华平股份,3.83,3.88,15:35:45,sz
300075,数字政通,10.49,10.77,15:35:00,sz
300076,*ST宁视,4.05,4.1,15:35:15,sz
300077,国民技术,20.86,21.35,15:35:30,sz
300078,思创智联,2.71,2.73,15:35:45,sz
300079,数码视讯,4.78,4.79,15:35:00,sz
300080,易成新能,3.69,3.68,15:35:15,sz
300081,ST恒信,3.23,3.27,15:35:30,sz
300082,奥克股份,0.0,8.58,15:35:45,sz
300083,创世纪,11.5,11.6,15:35:00,sz
300084,海默科技,10.05,9.92,15:35:15,sz
300085,银之杰,28.98,29.62,15:35:30,sz
300086,康芝药业,5.37,5.35,15:35:45,sz
300087,ST荃银,5.69,5.52,15:35:00,sz
300088,长信科技,6.74,6.83,15:35:15,sz
300091,*ST金灵,2.37,2.37,15:35:30,sz
300092,科新机电,11.54,11.2,15:35:45,sz
300093,金刚光伏,20.19,20.06,15:35:00,sz
300094,国联水产,2.92,2.88,15:35:15,sz
300095,华伍股份,8.88,8.92,15:35:30,sz
300096,易联众,8.67,8.8,15:35:45,sz
300097,智云股份,9.83,9.93,15:35:00,sz
300098,高新兴,4.17,4.2,15:35:15,sz
300099,尤洛卡,6.13,6.24,15:35:30,sz
300100,双林股份,22.18,22.61,15:35:45,sz
300101,振芯科技,13.56,13.86,15:35:00,sz
300102,乾照光电,15.78,15.9,15:35:15,sz
300103,达刚控股,8.05,8.12,15:35:30,sz
300105,龙源技术,7.02,7.06,15:35:45,sz
300106,西部牧业,10.66,10.52,15:35:00,sz
300107,建新股份,7.11,6.72,15:35:15,sz
300109,新开源,12.88,12.64,15:35:30,sz
300110,华仁药业,3.17,3.21,15:35:45,sz
300111,向日葵,2.98,2.96,15:35:00,sz
300112,万讯自控,9.8,10.09,15:35:15,sz
300113,顺网科技,15.91,16.05,15:35:30,sz
300115,长盈精密,22.48,22.47,15:35:45,sz
300118,东方日升,8.96,8.81,15:35:00,sz
300119,瑞普生物,16.76,16.5,15:35:15,sz
300120,经纬辉开,7.17,7.57,15:35:30,sz
300121,阳谷华泰,9.51,9.4,15:35:45,sz
300122,智飞生物,13.98,13.08,15:35:00,sz
300123,ST亚光,4.28,4.17,15:35:15,sz
300124,汇川技术,51.9,52.49,15:35:30,sz
300125,聆达股份,8.56,8.54,15:35:45,sz
300126,锐奇股份,6.64,6.75,15:35:00,sz
300127,银河磁体,23.09,23.15,15:35:15,sz
300128,锦富技术,4.8,4.77,15:35:30,sz
300129,泰胜风能,7.57,7.4,15:35:45,sz
300130,新国都,17.95,18.04,15:35:00,sz
300131,英唐智控,13.6,13.4,15:35:15,sz
300132,诺斯贝尔,6.11,6.12,15:35:30,sz
300133,华策影视,7.7,7.68,15:35:45,sz
300134,大富科技,8.17,8.29,15:35:00,sz
300135,宝利国际,3.46,3.46,15:35:15,sz
300136,信维通信,51.23,52.65,15:35:30,sz
300137,先河环保,9.87,9.81,15:35:45,sz
300138,晨光生物,11.15,11.18,15:35:00,sz
300139,晓程科技,42.62,42.56,15:35:15,sz
300140,节能环境,5.36,5.27,15:35:30,sz
300141,和顺电气,9.96,10.0,15:35:45,sz
300142,沃森生物,14.23,13.49,15:35:00,sz
300143,盈康生命,7.85,7.78,15:35:15,sz
300144,宋城演艺,5.62,5.59,15:35:30,sz
300145,南方泵业,4.54,4.7,15:35:45,sz
300146,汤臣倍健,9.43,9.29,15:35:00,sz
300147,*ST香雪,5.9,5.9,15:35:15,sz
300148,天舟文化,3.53,3.59,15:35:30,sz
300149,睿智医药,9.9,9.64,15:35:45,sz
300150,世纪瑞尔,4.14,4.21,15:35:00,sz
300151,昌红科技,19.82,20.4,15:35:15,sz
300152,*ST动力,1.58,1.59,15:35:30,sz
300153,科泰电源,23.71,24.42,15:35:45,sz
300154,瑞凌股份,13.68,14.13,15:35:00,sz
300155,安居宝,4.64,4.65,15:35:15,sz
300157,新锦动力,3.6,3.6,15:35:30,sz
300158,振东制药,5.21,5.14,15:35:45,sz
300159,新研股份,2.72,2.73,15:35:00,sz
300160,秀强股份,4.42,4.45,15:35:15,sz
300161,华中数控,25.98,26.1,15:35:30,sz
300162,雷曼光电,9.13,8.46,15:35:45,sz
300163,先锋新材,7.26,7.74,15:35:00,sz
300164,通源石油,8.68,8.77,15:35:15,sz
300165,天瑞仪器,4.98,5.01,15:35:30,sz
300166,东方国信,11.39,11.67,15:35:45,sz
300167,ST迪威迅,3.84,3.76,15:35:00,sz
300168,万达信息,4.84,4.77,15:35:15,sz
300169,天晟新材,5.52,5.56,15:35:30,sz
300170,汉得信息,15.13,15.67,15:35:45,sz
300171,东富龙,16.43,15.9,15:35:00,sz
300172,中电环保,4.54,4.54,15:35:15,sz
300173,ST福能,3.33,3.31,15:35:30,sz
300174,元力股份,16.96,17.1,15:35:45,sz
300175,朗源股份,5.38,5.45,15:35:00,sz
300176,鸿特科技,4.44,4.45,15:35:15,sz
300177,中海达,6.0,6.08,15:35:30,sz
300179,四方达,39.16,41.98,15:35:45,sz
300180,华峰超纤,4.33,4.33,15:35:00,sz
300181,佐力药业,13.21,12.98,15:35:15,sz
300182,捷成股份,5.25,5.07,15:35:30,sz
300183,东软载波,10.63,10.95,15:35:45,sz
300184,力源信息,10.94,11.22,15:35:00,sz
300185,通裕重工,2.8,2.82,15:35:15,sz
300187,永清环保,4.51,4.51,15:35:30,sz
300188,国投智能,10.55,10.74,15:35:45,sz
300189,神农种业,6.0,5.79,15:35:00,sz
300190,维尔利,3.74,3.78,15:35:15,sz
300191,潜能恒信,30.6,30.62,15:35:30,sz
300192,科德教育,23.42,24.01,15:35:45,sz
300193,佳士科技,7.89,7.87,15:35:00,sz
300194,福安药业,3.89,3.86,15:35:15,sz
300195,长荣股份,6.27,6.31,15:35:30,sz
300196,长海股份,17.14,17.61,15:35:45,sz
300197,节能铁汉,1.97,1.94,15:35:00,sz
300198,*ST纳川,2.43,2.41,15:35:15,sz
300199,翰宇药业,23.92,22.79,15:35:30,sz
300200,高盟新材,8.14,8.2,15:35:45,sz
300201,海伦哲,12.72,12.91,15:35:00,sz
300203,聚光科技,13.52,13.56,15:35:15,sz
300204,舒泰神,20.44,19.74,15:35:30,sz
300205,*ST天喻,5.02,4.89,15:35:45,sz
300206,理邦仪器,11.67,11.6,15:35:00,sz
300207,欣旺达,22.0,21.5,15:35:15,sz
300209,行云科技,33.15,33.7,15:35:30,sz
300210,森远股份,6.99,7.03,15:35:45,sz
300211,亿通科技,7.64,7.72,15:35:00,sz
300212,*ST易录,7.94,7.57,15:35:15,sz
300213,佳讯飞鸿,6.5,6.61,15:35:30,sz
300214,日科化学,9.69,9.61,15:35:45,sz
300215,电科院,6.46,6.24,15:35:00,sz
300217,东方电热,3.99,3.97,15:35:15,sz
300218,安利股份,12.56,12.55,15:35:30,sz
300219,鸿利智汇,6.66,6.71,15:35:45,sz
300220,金运激光,11.23,11.48,15:35:00,sz
300221,银禧科技,13.08,13.01,15:35:15,sz
300222,科大智能,9.53,9.64,15:35:30,sz
300223,君正股份,129.15,134.6,15:35:45,sz
300224,正海磁材,11.57,11.75,15:35:00,sz
300225,金力泰,7.83,7.81,15:35:15,sz
300226,上海钢联,16.69,17.02,15:35:30,sz
300227,光韵达,9.99,10.06,15:35:45,sz
300228,富瑞特装,6.46,6.43,15:35:00,sz
300229,拓尔思,12.77,12.85,15:35:15,sz
300230,永利股份,4.35,4.36,15:35:30,sz
300231,银信科技,8.16,8.28,15:35:45,sz
300232,洲明科技,5.35,5.31,15:35:00,sz
300233,金城医药,13.6,13.2,15:35:15,sz
300234,开尔新材,10.06,10.12,15:35:30,sz
300235,方直科技,11.61,12.0,15:35:45,sz
300236,上海新阳,84.82,86.49,15:35:00,sz
300237,ST美晨,2.41,2.38,15:35:15,sz
300238,冠昊生物,11.95,11.87,15:35:30,sz
300239,东宝生物,5.46,5.42,15:35:45,sz
300240,飞力达,6.15,6.17,15:35:00,sz
300241,瑞丰光电,5.67,5.72,15:35:15,sz
300242,佳云科技,3.91,3.95,15:35:30,sz
300243,瑞丰高材,20.38,21.93,15:35:45,sz
300244,迪安诊断,20.52,20.19,15:35:00,sz
300245,ST天玑,5.83,5.87,15:35:15,sz
300246,宝莱特,15.46,15.8,15:35:30,sz
300247,融捷健康,3.68,3.69,15:35:45,sz
300248,新开普,8.25,8.3,15:35:00,sz
300249,依米康,12.38,12.65,15:35:15,sz
300250,初灵信息,14.49,14.87,15:35:30,sz
300251,光线传媒,10.97,10.93,15:35:45,sz
300252,金信诺,11.39,11.5,15:35:00,sz
300253,卫宁健康,6.98,6.96,15:35:15,sz
300254,仟源医药,9.19,9.09,15:35:30,sz
300255,常山药业,22.94,22.12,15:35:45,sz
300256,星星科技,2.59,2.59,15:35:00,sz
300257,开山股份,17.38,17.8,15:35:15,sz
300258,精锻科技,8.87,8.79,15:35:30,sz
300259,新天科技,3.91,3.95,15:35:45,sz
300260,新莱应材,54.44,57.3,15:35:00,sz
300261,雅本化学,4.92,4.93,15:35:15,sz
300263,隆华科技,9.79,10.04,15:35:30,sz
300264,佳创视讯,5.93,6.03,15:35:45,sz
300265,通光线缆,11.85,11.98,15:35:00,sz
300266,兴源环境,1.87,1.86,15:35:15,sz
300267,尔康制药,3.26,3.23,15:35:30,sz
300268,佳沃食品,11.91,12.01,15:35:45,sz
300269,联建光电,4.56,4.62,15:35:00,sz
300270,中威电子,10.21,10.69,15:35:15,sz
300271,华宇软件,5.75,5.81,15:35:30,sz
300272,开能健康,6.06,5.99,15:35:45,sz
300274,阳光电源,82.49,82.81,15:35:00,sz
300275,梅安森,8.86,8.95,15:35:15,sz
300276,三丰智能,6.15,6.27,15:35:30,sz
300277,汽轮科技,12.75,12.62,15:35:45,sz
300278,华昌达,3.51,3.54,15:35:00,sz
300279,和晶科技,5.83,5.93,15:35:15,sz
300281,金明精机,6.98,7.05,15:35:30,sz
300283,温州宏丰,12.9,13.46,15:35:45,sz
300284,苏交科,5.1,5.08,15:35:00,sz
300285,国瓷材料,63.06,64.4,15:35:15,sz
300286,安科瑞,18.8,18.92,15:35:30,sz
300287,飞利信,3.5,3.59,15:35:45,sz
300288,朗玛信息,9.64,9.75,15:35:00,sz
300289,利德曼,6.06,5.91,15:35:15,sz
300290,ST荣科,6.68,6.85,15:35:30,sz
300291,百纳千成,4.99,5.09,15:35:45,sz
300292,吴通控股,4.35,4.42,15:35:00,sz
300293,蓝英装备,13.8,13.89,15:35:15,sz
300294,博雅生物,14.94,14.34,15:35:30,sz
300295,*ST三六,11.98,11.58,15:35:45,sz
300296,利亚德,4.71,4.72,15:35:00,sz
300298,三诺生物,16.3,16.1,15:35:15,sz
300299,富春股份,5.34,5.4,15:35:30,sz
300300,海峡创新,11.13,10.73,15:35:45,sz
300301,ST长方,3.99,3.82,15:35:00,sz
300302,同有科技,25.68,26.43,15:35:15,sz
300303,聚飞光电,6.36,6.43,15:35:30,sz
300304,云意电气,12.08,12.04,15:35:45,sz
300305,裕兴股份,6.32,6.52,15:35:00,sz
300306,远方信息,10.4,10.51,15:35:15,sz
300307,慈星股份,6.87,6.95,15:35:30,sz
300308,中际旭创,808.44,813.01,15:35:45,sz
300310,宜通世纪,4.23,4.32,15:35:00,sz
300311,任子行,6.15,6.19,15:35:15,sz
300313,天山生物,12.06,11.88,15:35:30,sz
300314,戴维医疗,12.86,12.74,15:35:45,sz
300315,掌趣科技,3.94,3.95,15:35:00,sz
300316,晶盛机电,35.88,38.27,15:35:15,sz
300317,珈伟新能,4.07,4.16,15:35:30,sz
300318,博晖创新,5.23,5.14,15:35:45,sz
300319,麦捷科技,18.1,18.85,15:35:00,sz
300320,海达股份,8.13,8.12,15:35:15,sz
300321,同大股份,32.28,32.85,15:35:30,sz
300322,硕贝德,15.96,16.45,15:35:45,sz
300323,华灿光电,10.7,10.87,15:35:00,sz
300324,旋极信息,3.68,3.81,15:35:15,sz
300326,ST凯利,6.22,6.26,15:35:30,sz
300327,中颖电子,24.77,25.3,15:35:45,sz
300328,宜安科技,11.99,12.18,15:35:00,sz
300329,海伦钢琴,11.78,11.83,15:35:15,sz
300331,苏大维格,42.27,43.2,15:35:30,sz
300332,天壕能源,4.8,4.79,15:35:45,sz
300333,兆日科技,11.4,11.39,15:35:00,sz
300334,津膜科技,8.53,8.71,15:35:15,sz
300335,迪森股份,5.57,5.58,15:35:30,sz
300337,银邦股份,8.91,8.97,15:35:45,sz
300338,*ST开元,2.64,2.71,15:35:00,sz
300339,润和软件,33.8,33.77,15:35:15,sz
300340,科恒股份,9.04,9.18,15:35:30,sz
300341,麦克奥迪,12.77,12.66,15:35:45,sz
300342,天银机电,29.41,29.7,15:35:00,sz
300343,联创股份,5.15,5.17,15:35:15,sz
300345,华民股份,6.4,6.41,15:35:30,sz
300346,南大光电,49.45,51.39,15:35:45,sz
300347,泰格医药,58.4,56.47,15:35:00,sz
300348,长亮科技,9.24,9.3,15:35:15,sz
300349,金卡智能,10.11,10.21,15:35:30,sz
300350,华鹏飞,4.82,4.76,15:35:45,sz
300351,永贵电器,13.41,13.57,15:35:00,sz
300352,ST信源,2.89,2.94,15:35:15,sz
300353,东土科技,16.66,16.19,15:35:30,sz
300354,东华测试,27.02,27.73,15:35:45,sz
300355,蒙草生态,2.78,2.76,15:35:00,sz
300357,我武生物,20.33,19.82,15:35:15,sz
300358,楚天科技,9.83,9.5,15:35:30,sz
300359,全通教育,4.08,4.14,15:35:45,sz
300360,炬华科技,11.04,10.9,15:35:00,sz
300363,博腾股份,24.56,23.59,15:35:15,sz
300364,中文在线,23.37,23.96,15:35:30,sz
300365,恒华科技,4.54,4.56,15:35:45,sz
300366,ST创意,5.56,5.58,15:35:00,sz
300368,汇金股份,9.13,9.43,15:35:15,sz
300369,绿盟科技,9.26,9.1,15:35:30,sz
300370,安控科技,2.13,2.14,15:35:45,sz
300371,汇中股份,10.12,10.24,15:35:00,sz
300373,扬杰科技,84.46,86.0,15:35:15,sz
300374,中铁装配,10.14,10.15,15:35:30,sz
300375,鹏翎股份,4.09,4.11,15:35:45,sz
300376,易事特,4.1,4.08,15:35:00,sz
300377,赢时胜,13.07,13.43,15:35:15,sz
300378,鼎捷数智,37.64,38.29,15:35:30,sz
300380,安硕信息,27.28,27.75,15:35:45,sz
300381,溢多利,5.69,5.72,15:35:00,sz
300382,斯莱克,14.0,14.76,15:35:15,sz
300383,光环新网,10.75,10.88,15:35:30,sz
300384,三联虹普,12.01,11.87,15:35:45,sz
300385,ST雪浪,13.03,13.03,15:35:00,sz
300386,飞天诚信,10.65,10.78,15:35:15,sz
300387,富邦科技,7.43,7.45,15:35:30,sz
300388,节能国祯,6.71,6.67,15:35:45,sz
300389,艾比森,12.85,12.93,15:35:00,sz
300390,天华新能,49.09,49.05,15:35:15,sz
300393,中来股份,5.9,5.91,15:35:30,sz
300394,天孚通信,260.77,255.99,15:35:45,sz
300395,菲利华,94.92,92.7,15:35:00,sz
300396,ST迪瑞,7.08,7.02,15:35:15,sz
300397,天和防务,10.95,11.24,15:35:30,sz
300398,飞凯材料,33.92,34.94,15:35:45,sz
300399,天利科技,19.12,19.47,15:35:00,sz
300400,劲拓股份,32.2,33.36,15:35:15,sz
300401,花园生物,15.41,15.33,15:35:30,sz
300402,宝色股份,14.51,14.59,15:35:45,sz
300403,汉宇集团,8.83,8.7,15:35:00,sz
300404,博济医药,14.73,14.5,15:35:15,sz
300405,科隆股份,5.86,5.95,15:35:30,sz
300406,九强生物,11.94,11.77,15:35:45,sz
300407,凯发电气,10.58,10.55,15:35:00,sz
300408,三环集团,117.33,118.63,15:35:15,sz
300409,道氏技术,16.96,16.75,15:35:30,sz
300410,正业科技,8.5,8.82,15:35:45,sz
300411,金盾股份,8.24,8.45,15:35:00,sz
300412,迦南科技,4.54,4.56,15:35:15,sz
300413,芒果超媒,21.0,19.8,15:35:30,sz
300414,中光防雷,10.49,10.65,15:35:45,sz
300415,伊之密,18.81,18.99,15:35:00,sz
300416,苏试试验,13.5,13.67,15:35:15,sz
300417,南华仪器,12.04,12.24,15:35:30,sz
300418,昆仑万维,40.08,40.95,15:35:45,sz
300419,ST浩丰,7.96,7.9,15:35:00,sz
300420,五洋自控,7.15,7.4,15:35:15,sz
300421,力星股份,16.78,16.9,15:35:30,sz
300422,博世科,4.1,4.13,15:35:45,sz
300423,昇辉科技,5.4,5.41,15:35:00,sz
300424,航新科技,12.78,13.09,15:35:15,sz
300425,中建环能,4.05,4.07,15:35:30,sz
300426,华智数媒,7.57,7.6,15:35:45,sz
300427,红相股份,6.09,6.1,15:35:00,sz
300428,立中集团,19.2,19.25,15:35:15,sz
300429,强力新材,10.66,10.96,15:35:30,sz
300430,*ST益通,4.15,4.33,15:35:45,sz
300432,富临精工,12.93,12.81,15:35:00,sz
300433,蓝思科技,32.31,31.46,15:35:15,sz
300434,金石亚药,12.92,12.39,15:35:30,sz
300435,中泰股份,15.63,15.42,15:35:45,sz
300436,广生堂,83.68,82.78,15:35:00,sz
300437,清水源,10.65,10.7,15:35:15,sz
300438,鹏辉能源,49.07,47.63,15:35:30,sz
300439,美康生物,10.25,10.14,15:35:45,sz
300440,运达科技,16.58,16.41,15:35:00,sz
300441,鲍斯股份,7.07,7.07,15:35:15,sz
300442,润泽科技,64.02,65.76,15:35:30,sz
300443,金雷股份,20.92,20.88,15:35:45,sz
300444,双杰电气,8.45,8.45,15:35:00,sz
300445,康斯特,18.42,18.75,15:35:15,sz
300446,航天智造,12.38,12.38,15:35:30,sz
300447,全信股份,14.27,13.98,15:35:45,sz
300448,浩云科技,5.41,5.51,15:35:00,sz
300449,汉邦高科,6.85,6.57,15:35:15,sz
300450,先导智能,34.94,33.76,15:35:30,sz
300451,创业慧康,3.49,3.51,15:35:45,sz
300452,山河药辅,13.26,13.13,15:35:00,sz
300453,三鑫医疗,9.05,9.03,15:35:15,sz
300454,深信服,137.42,140.7,15:35:30,sz
300455,航天智装,16.16,16.4,15:35:45,sz
300456,赛微电子,35.88,36.38,15:35:00,sz
300457,赢合科技,21.36,21.1,15:35:15,sz
300458,全志科技,32.18,32.43,15:35:30,sz
300459,汤姆猫,3.49,3.53,15:35:45,sz
300460,ST惠伦,8.91,9.08,15:35:00,sz
300461,田中精机,37.35,37.11,15:35:15,sz
300462,ST华铭,11.38,11.33,15:35:30,sz
300463,迈克生物,9.53,9.33,15:35:45,sz
300464,星徽股份,10.1,10.63,15:35:00,sz
300465,高伟达,11.0,11.14,15:35:15,sz
300466,赛摩智能,7.22,7.23,15:35:30,sz
300467,迅游科技,32.29,32.4,15:35:45,sz
300468,四方精创,20.51,20.72,15:35:00,sz
300469,信息发展,49.22,49.65,15:35:15,sz
300470,中密控股,27.14,27.02,15:35:30,sz
300471,厚普股份,9.84,9.9,15:35:45,sz
300472,ST新元,6.78,6.65,15:35:00,sz
300473,德尔股份,36.75,38.31,15:35:15,sz
300474,景嘉微,50.71,51.5,15:35:30,sz
300475,香农芯创,153.24,160.2,15:35:45,sz
300476,胜宏科技,210.3,216.76,15:35:00,sz
300477,ST合纵,2.76,2.65,15:35:15,sz
300478,杭州高新,30.7,32.44,15:35:30,sz
300479,神思电子,14.58,14.93,15:35:45,sz
300480,光力科技,29.76,30.05,15:35:00,sz
300481,濮阳惠成,13.31,13.52,15:35:15,sz
300482,万孚生物,16.76,16.32,15:35:30,sz
300483,首华燃气,22.89,22.77,15:35:45,sz
300484,蓝海华腾,13.02,13.12,15:35:00,sz
300485,赛升药业,8.65,8.47,15:35:15,sz
300486,东杰智能,17.14,17.37,15:35:30,sz
300487,蓝晓科技,67.03,66.95,15:35:45,sz
300488,恒锋工具,35.63,36.04,15:35:00,sz
300489,光智科技,278.35,256.9,15:35:15,sz
300490,华自科技,10.78,10.65,15:35:30,sz
300491,通合科技,35.16,35.59,15:35:45,sz
300492,华图山鼎,20.45,20.61,15:35:00,sz
300493,润欣科技,12.48,12.89,15:35:15,sz
300494,盛天网络,8.02,7.98,15:35:30,sz
300496,中科创达,52.9,53.24,15:35:45,sz
300497,富祥股份,17.86,17.61,15:35:00,sz
300498,温氏股份,15.12,15.08,15:35:15,sz
300499,高澜股份,31.41,33.48,15:35:30,sz
300500,启迪设计,9.77,10.01,15:35:45,sz
300501,海顺新材,11.05,10.9,15:35:00,sz
300502,新易盛,389.0,392.91,15:35:15,sz
300503,昊志机电,60.95,61.5,15:35:30,sz
300504,天邑股份,16.71,17.44,15:35:45,sz
300505,川金诺,18.02,18.43,15:35:00,sz
300506,名家汇,4.78,4.7,15:35:15,sz
300507,苏奥传感,6.24,6.29,15:35:30,sz
300508,维宏股份,36.15,36.81,15:35:45,sz
300509,新美星,8.77,9.03,15:35:00,sz
300510,金冠股份,3.42,3.48,15:35:15,sz
300511,雪榕生物,4.87,4.75,15:35:30,sz
300512,中亚股份,7.44,7.54,15:35:45,sz
300513,恒实科技,7.4,7.48,15:35:00,sz
300514,友讯达,10.15,10.23,15:35:15,sz
300515,三德科技,16.13,16.25,15:35:30,sz
300516,久之洋,34.0,34.04,15:35:45,sz
300517,海波重科,11.44,11.41,15:35:00,sz
300518,新迅达,25.93,26.66,15:35:15,sz
300519,新光药业,14.82,14.78,15:35:30,sz
300520,科大国创,22.57,22.94,15:35:45,sz
300521,爱司凯,24.35,24.36,15:35:00,sz
300522,世名科技,13.8,14.63,15:35:15,sz
300523,辰安科技,23.22,23.2,15:35:30,sz
300525,博思软件,7.68,7.78,15:35:45,sz
300527,中船应急,7.89,7.99,15:35:00,sz
300528,幸福蓝海,13.05,13.49,15:35:15,sz
300529,健帆生物,15.27,14.93,15:35:30,sz
300530,领湃科技,20.07,19.41,15:35:45,sz
300531,优博讯,15.25,15.19,15:35:00,sz
300532,今天国际,7.34,7.43,15:35:15,sz
300533,冰川网络,13.9,13.87,15:35:30,sz
300534,陇神戎发,12.58,12.63,15:35:45,sz
300535,达威股份,15.87,15.94,15:35:00,sz
300536,农尚环境,8.07,8.1,15:35:15,sz
300537,广信材料,19.75,20.32,15:35:30,sz
300538,同益股份,14.3,14.46,15:35:45,sz
300539,横河精密,17.4,17.53,15:35:00,sz
300540,蜀道装备,24.69,25.07,15:35:15,sz
300541,先进数通,9.27,9.36,15:35:30,sz
300542,新晨科技,12.19,12.35,15:35:45,sz
300543,朗科智能,7.77,7.92,15:35:00,sz
300545,联得装备,26.21,26.88,15:35:15,sz
300546,雄帝科技,16.74,16.78,15:35:30,sz
300547,川环科技,23.2,23.72,15:35:45,sz
300548,长芯博创,219.83,218.03,15:35:00,sz
300549,优德精密,14.87,15.15,15:35:15,sz
300550,和仁科技,13.84,14.02,15:35:30,sz
300551,古鳌科技,11.7,11.91,15:35:45,sz
300552,万集科技,20.08,20.15,15:35:00,sz
300553,集智股份,56.35,59.55,15:35:15,sz
300554,三超新材,22.5,22.96,15:35:30,sz
300555,ST路通,12.28,12.18,15:35:45,sz
300556,丝路视觉,15.95,16.17,15:35:00,sz
300557,理工光科,23.81,24.14,15:35:15,sz
300558,贝达药业,50.48,48.96,15:35:30,sz
300559,佳发教育,12.56,12.82,15:35:45,sz
300560,中富通,15.38,16.13,15:35:00,sz
300561,汇金科技,13.76,14.37,15:35:15,sz
300562,乐心股份,14.75,15.47,15:35:30,sz
300563,神宇股份,24.3,24.46,15:35:45,sz
300564,筑博设计,12.72,12.63,15:35:00,sz
300565,科信技术,9.75,9.82,15:35:15,sz
300566,激智科技,23.39,23.97,15:35:30,sz
300567,精测电子,184.03,197.1,15:35:45,sz
300568,星源材质,15.74,16.01,15:35:00,sz
300569,天能重工,5.29,5.36,15:35:15,sz
300570,太辰光,212.35,216.2,15:35:30,sz
300571,平治信息,26.96,27.8,15:35:45,sz
300572,安车检测,23.08,23.58,15:35:00,sz
300573,兴齐眼药,36.43,35.69,15:35:15,sz
300575,中旗股份,6.11,6.1,15:35:30,sz
300576,容大感光,26.76,27.5,15:35:45,sz
300577,开润股份,18.5,18.65,15:35:00,sz
300578,会畅科技,15.2,15.38,15:35:15,sz
300579,数字认证,23.59,23.85,15:35:30,sz
300580,贝斯特,18.06,17.94,15:35:45,sz
300581,晨曦航空,9.95,10.03,15:35:00,sz
300582,英飞特,10.65,10.6,15:35:15,sz
300583,赛托生物,13.7,13.59,15:35:30,sz
300584,海辰药业,31.18,30.7,15:35:45,sz
300585,奥联电子,14.01,14.03,15:35:00,sz
300586,美联新材,8.58,8.82,15:35:15,sz
300587,天铁科技,4.44,4.49,15:35:30,sz
300588,熙菱信息,20.86,21.02,15:35:45,sz
300589,江龙船艇,13.6,13.81,15:35:00,sz
300590,移为通信,11.17,11.24,15:35:15,sz
300591,万里马,6.17,6.17,15:35:30,sz
300592,华凯易佰,18.57,19.3,15:35:45,sz
300593,新雷能,28.74,29.7,15:35:00,sz
300594,ST朗进,15.12,15.33,15:35:15,sz
300595,欧普康视,10.16,9.99,15:35:30,sz
300596,利安隆,39.33,38.98,15:35:45,sz
300597,吉大通信,7.99,8.08,15:35:00,sz
300598,诚迈科技,29.92,30.53,15:35:15,sz
300599,雄塑科技,14.2,13.98,15:35:30,sz
300600,国瑞科技,10.11,10.24,15:35:45,sz
300601,康泰生物,13.58,12.79,15:35:00,sz
300602,飞荣达,34.88,35.77,15:35:15,sz
300603,立昂技术,7.79,7.92,15:35:30,sz
300604,长川科技,239.79,247.89,15:35:45,sz
300605,恒锋信息,10.51,10.63,15:35:00,sz
300606,金太阳,31.71,33.0,15:35:15,sz
300607,拓斯达,30.2,30.62,15:35:30,sz
300608,思特奇,9.8,9.89,15:35:45,sz
300609,汇纳科技,23.67,24.1,15:35:00,sz
300610,晨化股份,10.42,10.39,15:35:15,sz
300611,美力科技,27.34,27.79,15:35:30,sz
300612,宣亚国际,12.16,12.43,15:35:45,sz
300613,富瀚微,80.8,82.52,15:35:00,sz
300614,百川畅银,10.39,10.53,15:35:15,sz
300615,欣天科技,12.82,13.27,15:35:30,sz
300616,尚品宅配,11.07,10.88,15:35:45,sz
300617,安靠智电,34.29,34.54,15:35:00,sz
300618,寒锐钴业,30.54,30.41,15:35:15,sz
300619,金银河,23.96,24.0,15:35:30,sz
300620,光库科技,270.48,261.03,15:35:45,sz
300621,维业股份,7.1,7.27,15:35:00,sz
300622,博士眼镜,14.58,14.8,15:35:15,sz
300623,捷捷微电,31.92,32.85,15:35:30,sz
300624,万兴科技,48.09,49.2,15:35:45,sz
300625,三雄极光,10.0,10.14,15:35:00,sz
300626,华瑞股份,28.5,29.77,15:35:15,sz
300627,华测导航,26.22,26.25,15:35:30,sz
300628,亿联网络,39.49,39.96,15:35:45,sz
300629,新劲刚,17.6,18.03,15:35:00,sz
300631,久吾高科,21.99,21.43,15:35:15,sz
300632,光莆股份,17.58,18.23,15:35:30,sz
300633,开立医疗,19.42,19.25,15:35:45,sz
300634,彩讯股份,20.68,20.94,15:35:00,sz
300635,中达安,11.86,11.99,15:35:15,sz
300636,同和药业,7.09,7.09,15:35:30,sz
300637,扬帆新材,9.36,9.45,15:35:45,sz
300638,广和通,19.72,19.82,15:35:00,sz
300639,凯普生物,6.32,6.2,15:35:15,sz
300640,德艺文创,6.25,6.33,15:35:30,sz
300641,正丹股份,12.99,12.88,15:35:45,sz
300642,透景生命,20.84,19.88,15:35:00,sz
300643,万通智控,17.73,18.22,15:35:15,sz
300644,南京聚隆,20.64,20.93,15:35:30,sz
300645,正元智慧,13.9,14.09,15:35:45,sz
300647,超频三,10.04,9.68,15:35:00,sz
300648,星云股份,37.44,37.96,15:35:15,sz
300649,杭州园林,27.72,26.8,15:35:30,sz
300650,太龙股份,11.98,12.18,15:35:45,sz
300651,金陵体育,15.98,16.0,15:35:00,sz
300652,雷迪克,27.46,27.63,15:35:15,sz
300653,正海生物,15.94,15.74,15:35:30,sz
300654,世纪天鸿,9.72,9.61,15:35:45,sz
300655,晶瑞电材,12.32,12.65,15:35:00,sz
300656,民德电子,29.92,29.73,15:35:15,sz
300657,弘信电子,32.4,34.16,15:35:30,sz
300658,延江股份,10.26,10.41,15:35:45,sz
300659,中孚信息,11.22,11.3,15:35:00,sz
300660,江苏雷利,23.66,23.51,15:35:15,sz
300661,圣邦股份,110.21,112.8,15:35:30,sz
300662,科锐国际,20.6,20.63,15:35:45,sz
300663,科蓝软件,7.33,7.45,15:35:00,sz
300664,鹏鹞环保,4.62,4.61,15:35:15,sz
300665,飞鹿股份,8.7,8.74,15:35:30,sz
300666,江丰电子,222.78,230.33,15:35:45,sz
300667,必创科技,14.56,14.72,15:35:00,sz
300668,杰恩股份,29.91,31.06,15:35:15,sz
300669,沪宁股份,24.15,24.54,15:35:30,sz
300670,大烨智能,7.24,7.46,15:35:45,sz
300671,富满微,54.64,58.85,15:35:00,sz
300672,国科微,180.65,186.48,15:35:15,sz
300673,佩蒂股份,14.95,14.88,15:35:30,sz
300674,宇信科技,15.04,15.98,15:35:45,sz
300675,建科院,14.48,14.28,15:35:00,sz
300676,华大基因,45.86,44.16,15:35:15,sz
300677,英科医疗,50.96,49.18,15:35:30,sz
300678,中科信息,20.74,20.94,15:35:45,sz
300679,电连技术,40.17,40.91,15:35:00,sz
300680,隆盛科技,20.1,20.19,15:35:15,sz
300681,英搏尔,21.93,21.94,15:35:30,sz
300682,朗新科技,8.67,8.6,15:35:45,sz
300683,海特生物,25.54,24.93,15:35:00,sz
300684,中石科技,108.1,107.38,15:35:15,sz
300685,艾德生物,21.34,21.0,15:35:30,sz
300686,智动力,14.3,14.68,15:35:45,sz
300687,赛意信息,28.38,29.18,15:35:00,sz
300688,创业黑马,33.23,34.48,15:35:15,sz
300689,澄天伟业,60.42,61.19,15:35:30,sz
300690,双一科技,26.58,26.56,15:35:45,sz
300691,联合光电,20.55,20.54,15:35:00,sz
300692,中赋科技,8.97,8.78,15:35:15,sz
300693,盛弘股份,35.93,36.02,15:35:30,sz
300694,蠡湖股份,10.65,10.73,15:35:45,sz
300695,兆丰股份,49.13,49.48,15:35:00,sz
300696,爱乐达,20.15,20.34,15:35:15,sz
300697,电工合金,14.14,14.19,15:35:30,sz
300698,万马科技,26.54,27.13,15:35:45,sz
300699,光威复材,22.83,22.61,15:35:00,sz
300700,岱勒新材,16.7,17.13,15:35:15,sz
300701,森霸传感,9.84,10.07,15:35:30,sz
300702,天宇股份,22.68,22.02,15:35:45,sz
300703,创源股份,13.83,13.96,15:35:00,sz
300705,九典制药,11.07,10.67,15:35:15,sz
300706,阿石创,45.93,47.74,15:35:30,sz
300707,威唐工业,12.09,12.21,15:35:45,sz
300708,聚灿光电,9.06,9.13,15:35:00,sz
300709,精研科技,34.39,35.1,15:35:15,sz
300710,万隆光电,29.12,29.97,15:35:30,sz
300711,广哈通信,16.96,17.35,15:35:45,sz
300712,永福股份,20.0,19.92,15:35:00,sz
300713,英可瑞,14.3,14.26,15:35:15,sz
300715,凯伦股份,13.3,13.76,15:35:30,sz
300716,*ST泉为,17.05,17.42,15:35:45,sz
300717,华信新材,20.8,19.73,15:35:00,sz
300718,长盛轴承,54.0,55.21,15:35:15,sz
300719,安达维尔,11.77,11.88,15:35:30,sz
300720,海川智能,56.72,57.17,15:35:45,sz
300721,怡达股份,19.93,20.7,15:35:00,sz
300722,新余国科,21.1,20.85,15:35:15,sz
300723,一品红,33.27,32.6,15:35:30,sz
300724,捷佳伟创,53.55,53.93,15:35:45,sz
300725,药石科技,55.35,52.23,15:35:00,sz
300726,宏达电子,50.68,53.03,15:35:15,sz
300727,润禾材料,32.09,33.53,15:35:30,sz
300729,乐歌股份,11.07,11.15,15:35:45,sz
300730,科创信息,11.24,11.77,15:35:00,sz
300731,科创新源,42.92,44.94,15:35:15,sz
300732,设研院,5.88,5.9,15:35:30,sz
300733,西菱动力,13.12,12.71,15:35:45,sz
300735,光弘科技,17.58,17.84,15:35:00,sz
300736,百邦科技,33.4,34.38,15:35:15,sz
300737,科顺股份,4.83,4.61,15:35:30,sz
300738,奥飞数据,18.5,18.69,15:35:45,sz
300739,明阳电路,27.85,29.79,15:35:00,sz
300740,水羊股份,21.25,20.68,15:35:15,sz
300741,华宝股份,24.73,25.43,15:35:30,sz
300743,天地数码,14.41,14.59,15:35:45,sz
300745,欣锐科技,26.0,26.9,15:35:00,sz
300746,汉嘉数智,14.87,16.81,15:35:15,sz
300747,锐科激光,36.17,36.4,15:35:30,sz
300748,金力永磁,24.11,23.99,15:35:45,sz
300749,顶固集创,21.9,22.06,15:35:00,sz
300750,宁德时代,291.11,286.8,15:35:15,sz
300751,迈为股份,176.9,182.04,15:35:30,sz
300752,隆利科技,12.65,13.04,15:35:45,sz
300753,爱朋医疗,20.66,20.54,15:35:00,sz
300755,华致酒行,11.36,11.08,15:35:15,sz
300756,金马游乐,28.13,30.08,15:35:30,sz
300757,罗博特科,533.5,529.0,15:35:45,sz
300758,七彩化学,11.24,11.09,15:35:00,sz
300759,康龙化成,44.97,42.98,15:35:15,sz
300760,迈瑞医疗,161.32,159.01,15:35:30,sz
300761,立华股份,20.81,20.86,15:35:45,sz
300762,上海瀚讯,24.54,24.83,15:35:00,sz
300763,锦浪科技,52.96,52.62,15:35:15,sz
300765,石药创新,47.19,44.08,15:35:30,sz
300766,每日互动,21.19,21.54,15:35:45,sz
300767,震安科技,19.22,19.66,15:35:00,sz
300768,迪普科技,14.82,15.17,15:35:15,sz
300769,德方纳米,39.6,39.27,15:35:30,sz
300770,新媒股份,34.03,34.22,15:35:45,sz
300771,智莱科技,11.32,11.41,15:35:00,sz
300772,运达股份,9.88,10.08,15:35:15,sz
300773,拉卡拉,14.38,14.47,15:35:30,sz
300774,倍杰特,9.6,9.74,15:35:45,sz
300775,三角防务,19.85,19.98,15:35:00,sz
300776,帝尔激光,128.91,126.79,15:35:15,sz
300777,中简科技,19.99,20.04,15:35:30,sz
300778,新城市,11.05,11.15,15:35:45,sz
300779,惠城环保,50.04,50.68,15:35:00,sz
300780,德恩精工,18.59,19.01,15:35:15,sz
300781,因赛集团,26.91,27.65,15:35:30,sz
300782,卓胜微,70.17,70.08,15:35:45,sz
300783,三只松鼠,16.64,16.33,15:35:00,sz
300784,利安科技,42.34,42.86,15:35:15,sz
300785,值得买,36.22,37.11,15:35:30,sz
300786,国林科技,13.88,14.32,15:35:45,sz
300787,海能实业,11.87,11.87,15:35:00,sz
300788,中信出版,29.89,30.38,15:35:15,sz
300789,唐源电气,15.77,16.03,15:35:30,sz
300790,宇瞳光学,18.49,18.11,15:35:45,sz
300791,仙乐健康,18.41,17.69,15:35:00,sz
300792,壹网壹创,24.55,24.69,15:35:15,sz
300793,佳禾智能,11.63,11.85,15:35:30,sz
300795,米奥会展,12.81,12.78,15:35:45,sz
300796,贝斯美,7.04,6.92,15:35:00,sz
300797,钢研纳克,13.01,13.09,15:35:15,sz
300798,锦鸡股份,8.62,8.42,15:35:30,sz
300800,力合科技,10.61,10.72,15:35:45,sz
300801,泰和科技,21.4,21.3,15:35:00,sz
300802,矩子科技,24.1,24.58,15:35:15,sz
300803,指南针,53.03,54.62,15:35:30,sz
300804,广康生化,55.41,49.26,15:35:45,sz
300805,电声股份,8.67,8.86,15:35:00,sz
300806,斯迪克,47.89,49.11,15:35:15,sz
300807,天迈科技,35.33,35.58,15:35:30,sz
300808,久量股份,20.09,20.16,15:35:45,sz
300809,华辰装备,23.61,23.84,15:35:00,sz
300810,中科海讯,24.42,24.45,15:35:15,sz
300811,铂科新材,78.55,80.62,15:35:30,sz
300812,易天股份,18.2,19.07,15:35:45,sz
300813,泰林生物,22.83,22.31,15:35:00,sz
300814,中富电路,121.86,127.31,15:35:15,sz
300815,玉禾田,14.94,15.05,15:35:30,sz
300816,艾可蓝,58.36,58.27,15:35:45,sz
300817,双飞集团,17.18,16.94,15:35:00,sz
300818,耐普矿机,15.7,16.0,15:35:15,sz
300819,聚杰微纤,42.35,44.75,15:35:30,sz
300820,英杰电气,64.97,66.86,15:35:45,sz
300821,东岳硅材,14.31,14.45,15:35:00,sz
300822,贝仕达克,11.23,11.38,15:35:15,sz
300823,建科智能,14.7,14.91,15:35:30,sz
300824,北鼎股份,8.18,8.2,15:35:45,sz
300825,阿尔特,11.27,11.5,15:35:00,sz
300826,测绘股份,14.86,15.0,15:35:15,sz
300827,上能电气,24.48,24.51,15:35:30,sz
300828,锐新科技,17.26,17.83,15:35:45,sz
300829,金丹科技,21.96,22.97,15:35:00,sz
300830,金现代,7.95,8.06,15:35:15,sz
300831,ST派瑞,13.24,13.39,15:35:30,sz
300832,新产业,50.37,49.57,15:35:45,sz
300833,浩洋股份,43.54,44.1,15:35:00,sz
300834,星辉环材,37.31,37.98,15:35:15,sz
300835,龙磁科技,187.21,194.21,15:35:30,sz
300836,佰奥智能,55.5,53.59,15:35:45,sz
300837,浙矿股份,22.33,22.63,15:35:00,sz
300838,浙江力诺,14.52,14.59,15:35:15,sz
300839,博汇股份,12.45,12.71,15:35:30,sz
300840,酷特智能,18.03,18.59,15:35:45,sz
300841,康华生物,56.36,54.64,15:35:00,sz
300842,帝科股份,59.1,59.84,15:35:15,sz
300843,胜蓝股份,119.81,119.16,15:35:30,sz
300844,山水比德,24.53,25.15,15:35:45,sz
300845,捷安高科,14.4,14.34,15:35:00,sz
300846,首都在线,18.14,18.75,15:35:15,sz
300847,中船汉光,14.28,14.45,15:35:30,sz
300848,美瑞新材,10.92,10.95,15:35:45,sz
300849,锦盛新材,20.94,21.3,15:35:00,sz
300850,新强联,31.81,32.0,15:35:15,sz
300851,交大思诺,24.98,25.17,15:35:30,sz
300852,四会富仕,70.7,75.69,15:35:45,sz
300853,申昊科技,31.09,29.75,15:35:00,sz
300854,中兰环保,14.96,15.19,15:35:15,sz
300855,图南股份,33.2,33.73,15:35:30,sz
300856,科思股份,10.4,10.33,15:35:45,sz
300857,协创数据,251.16,246.39,15:35:00,sz
300858,科拓生物,15.12,14.7,15:35:15,sz
300859,西域旅游,22.5,22.85,15:35:30,sz
300860,锋尚文化,28.74,29.01,15:35:45,sz
300861,美畅股份,15.1,15.21,15:35:00,sz
300862,蓝盾光电,44.19,46.11,15:35:15,sz
300863,卡倍亿,37.45,37.86,15:35:30,sz
300864,南大环境,24.65,24.74,15:35:45,sz
300865,大宏立,28.27,29.16,15:35:00,sz
300866,安克创新,124.63,123.83,15:35:15,sz
300867,圣元环保,16.71,16.84,15:35:30,sz
300868,杰美特,72.71,75.53,15:35:45,sz
300869,康泰医学,11.35,11.34,15:35:00,sz
300870,欧陆通,175.3,181.4,15:35:15,sz
300871,回盛生物,21.1,20.62,15:35:30,sz
300872,天阳科技,14.88,15.13,15:35:45,sz
300873,海晨股份,14.51,14.6,15:35:00,sz
300875,捷强装备,31.3,31.23,15:35:15,sz
300876,蒙泰高新,16.07,15.61,15:35:30,sz
300877,金春股份,26.83,26.67,15:35:45,sz
300878,维康药业,30.16,29.98,15:35:00,sz
300879,大叶股份,17.06,17.32,15:35:15,sz
300880,迦南智能,18.0,18.23,15:35:30,sz
300881,盛德鑫泰,29.61,30.0,15:35:45,sz
300882,万胜智能,13.16,13.2,15:35:00,sz
300883,龙利得,6.36,6.44,15:35:15,sz
300884,狄耐克,11.78,11.94,15:35:30,sz
300885,海昌新材,18.26,18.56,15:35:45,sz
300886,华业香料,23.72,24.06,15:35:00,sz
300887,谱尼测试,6.95,6.97,15:35:15,sz
300888,稳健医疗,29.25,28.88,15:35:30,sz
300889,爱克股份,21.3,21.76,15:35:45,sz
300890,翔丰华,28.88,27.17,15:35:00,sz
300891,惠云钛业,7.69,7.7,15:35:15,sz
300892,品渥食品,22.6,22.47,15:35:30,sz
300893,松原安全,15.13,12.61,15:35:45,sz
300894,火星人,10.01,9.95,15:35:00,sz
300895,铜牛信息,56.8,58.47,15:35:15,sz
300896,爱美客,95.0,91.93,15:35:30,sz
300897,山科智能,16.45,16.7,15:35:45,sz
300898,熊猫乳品,20.57,20.12,15:35:00,sz
300899,上海凯鑫,30.31,30.64,15:35:15,sz
300900,广联航空,21.48,22.1,15:35:30,sz
300901,中胤时尚,16.59,16.77,15:35:45,sz
300902,国安达,17.93,18.17,15:35:00,sz
300903,科翔股份,92.29,96.5,15:35:15,sz
300904,威力传动,50.84,46.94,15:35:30,sz
300905,宝丽迪,41.49,38.05,15:35:45,sz
300906,日月明,27.96,28.57,15:35:00,sz
300907,康平科技,52.28,51.5,15:35:15,sz
300908,仲景食品,17.23,16.88,15:35:30,sz
300909,汇创达,60.97,66.43,15:35:45,sz
300910,瑞丰新材,28.02,28.09,15:35:00,sz
300911,亿田智能,32.01,32.8,15:35:15,sz
300912,凯龙高科,19.09,19.52,15:35:30,sz
300913,兆龙互连,35.77,36.25,15:35:45,sz
300915,海融科技,23.18,23.38,15:35:00,sz
300916,朗特智能,26.81,27.29,15:35:15,sz
300917,特发服务,34.55,36.18,15:35:30,sz
300918,南山智尚,10.61,10.65,15:35:45,sz
300919,中伟新材,37.24,37.22,15:35:00,sz
300920,润阳科技,30.94,30.83,15:35:15,sz
300921,南凌科技,15.86,16.38,15:35:30,sz
300922,天秦装备,16.92,17.06,15:35:45,sz
300923,研奥股份,23.92,23.97,15:35:00,sz
300925,法本信息,13.69,13.82,15:35:15,sz
300926,博俊科技,16.39,15.82,15:35:30,sz
300927,江天化学,27.57,26.47,15:35:45,sz
300928,华安鑫创,24.27,24.67,15:35:00,sz
300929,华骐环保,16.02,15.82,15:35:15,sz
300930,屹通新材,25.48,25.87,15:35:30,sz
300931,通用电梯,17.82,17.03,15:35:45,sz
300932,三友联众,10.89,11.02,15:35:00,sz
300933,中辰股份,6.56,6.47,15:35:15,sz
300935,盈建科,27.18,27.56,15:35:30,sz
300936,中英科技,68.66,73.41,15:35:45,sz
300937,药易购,24.05,24.09,15:35:00,sz
300938,信测标准,29.74,30.93,15:35:15,sz
300939,秋田微,99.43,99.99,15:35:30,sz
300940,南极光,13.36,13.61,15:35:45,sz
300941,创识科技,14.99,15.14,15:35:00,sz
300942,易瑞生物,6.65,6.58,15:35:15,sz
300943,春晖智控,31.78,32.43,15:35:30,sz
300945,曼卡龙,11.19,11.25,15:35:45,sz
300946,恒而达,36.21,36.5,15:35:00,sz
300947,德必集团,15.95,15.95,15:35:15,sz
300948,冠中生态,17.77,17.86,15:35:30,sz
300949,奥雅股份,23.9,24.35,15:35:45,sz
300950,德固特,19.86,20.25,15:35:00,sz
300951,博硕科技,81.89,78.69,15:35:15,sz
300952,恒辉安防,16.49,16.58,15:35:30,sz
300953,震裕科技,92.15,93.0,15:35:45,sz
300955,嘉亨家化,29.08,27.74,15:35:00,sz
300956,英力股份,11.18,11.32,15:35:15,sz
300957,贝泰妮,32.7,32.31,15:35:30,sz
300958,建工修复,12.42,12.6,15:35:45,sz
300959,线上线下,85.62,90.09,15:35:00,sz
300960,通业科技,19.35,19.35,15:35:15,sz
300961,深水海纳,12.11,12.13,15:35:30,sz
300962,中金辐照,12.91,12.92,15:35:45,sz
300963,中洲特材,10.59,10.72,15:35:00,sz
300964,本川智能,68.98,74.31,15:35:15,sz
300965,恒宇信通,42.33,42.44,15:35:30,sz
300966,共同药业,25.7,25.02,15:35:45,sz
300967,晓鸣股份,15.8,15.94,15:35:00,sz
300968,格林精密,9.64,9.65,15:35:15,sz
300969,恒帅股份,75.65,74.88,15:35:30,sz
300970,华绿生物,17.45,16.95,15:35:45,sz
300971,博亚精工,17.56,17.8,15:35:00,sz
300972,万辰集团,152.27,150.5,15:35:15,sz
300973,立高食品,25.8,25.44,15:35:30,sz
300975,商络电子,23.09,24.11,15:35:45,sz
300976,达瑞电子,56.02,58.37,15:35:00,sz
300977,深圳瑞捷,19.05,19.94,15:35:15,sz
300978,东箭科技,8.75,8.85,15:35:30,sz
300979,华利集团,33.43,33.85,15:35:45,sz
300980,祥源新材,15.98,16.47,15:35:00,sz
300981,中红医疗,20.3,17.9,15:35:15,sz
300982,苏文电能,14.33,14.38,15:35:30,sz
300983,尤安设计,37.04,37.93,15:35:45,sz
300984,金沃股份,32.63,32.9,15:35:00,sz
300985,致远新能,34.91,34.79,15:35:15,sz
300986,志特新材,11.27,11.15,15:35:30,sz
300987,川网传媒,14.29,14.59,15:35:45,sz
300988,津荣天宇,16.28,16.55,15:35:00,sz
300989,蕾奥规划,14.65,14.85,15:35:15,sz
300990,同飞股份,97.02,98.41,15:35:30,sz
300991,创益通,26.08,27.14,15:35:45,sz
300992,泰福泵业,26.86,27.69,15:35:00,sz
300993,玉马科技,9.76,9.82,15:35:15,sz
300994,久祺股份,11.42,11.55,15:35:30,sz
300995,奇德新材,25.95,26.48,15:35:45,sz
300996,普联软件,11.99,12.2,15:35:00,sz
300997,欢乐家,15.25,14.92,15:35:15,sz
300998,宁波方正,29.67,29.28,15:35:30,sz
300999,金龙鱼,24.1,23.97,15:35:45,sz
301000,肇民科技,23.49,23.52,15:35:00,sz
301001,凯淳股份,25.27,25.79,15:35:15,sz
301002,崧盛股份,28.17,28.07,15:35:30,sz
301003,江苏博云,57.14,57.26,15:35:45,sz
301004,嘉益股份,35.14,36.49,15:35:00,sz
301005,超捷股份,56.75,57.37,15:35:15,sz
301006,迈拓股份,13.87,14.1,15:35:30,sz
301007,德迈仕,31.52,31.7,15:35:45,sz
301008,宏昌科技,51.63,54.5,15:35:00,sz
301009,可靠股份,9.25,9.31,15:35:15,sz
301010,晶雪节能,19.92,19.7,15:35:30,sz
301011,华立科技,15.4,15.66,15:35:45,sz
301012,扬电科技,21.86,22.09,15:35:00,sz
301013,利和兴,32.9,34.0,15:35:15,sz
301015,百洋医药,25.68,25.04,15:35:30,sz
301016,雷尔伟,14.99,15.27,15:35:45,sz
301017,漱玉平民,14.84,14.04,15:35:00,sz
301018,申菱环境,88.31,91.5,15:35:15,sz
301019,宁波色母,15.9,15.9,15:35:30,sz
301020,密封科技,22.08,22.17,15:35:45,sz
301021,英诺激光,76.38,80.29,15:35:00,sz
301022,海泰科,22.31,22.57,15:35:15,sz
301023,奕帆传动,28.81,30.03,15:35:30,sz
301024,霍普股份,33.57,33.88,15:35:45,sz
301025,读客文化,9.97,10.1,15:35:00,sz
301026,浩通科技,18.6,18.61,15:35:15,sz
301027,华蓝集团,18.87,18.42,15:35:30,sz
301028,鼎熔岩,13.04,13.16,15:35:45,sz
301029,怡合达,24.11,24.25,15:35:00,sz
301030,*ST仕净,4.18,4.97,15:35:15,sz
301031,中熔电气,92.64,95.34,15:35:30,sz
301032,新柴股份,10.25,10.44,15:35:45,sz
301033,迈普医学,53.66,53.39,15:35:00,sz
301035,润丰股份,49.5,48.88,15:35:15,sz
301036,双乐股份,22.4,22.65,15:35:30,sz
301037,保立佳,13.34,13.35,15:35:45,sz
301038,深水规院,17.13,17.41,15:35:00,sz
301039,中集车辆,7.22,7.15,15:35:15,sz
301040,中环海陆,25.93,26.3,15:35:30,sz
301041,金百泽,37.2,39.49,15:35:45,sz
301042,安联锐视,29.18,29.61,15:35:00,sz
301043,绿岛风,47.37,48.46,15:35:15,sz
301045,天禄科技,65.09,65.68,15:35:30,sz
301046,能辉科技,33.14,33.43,15:35:45,sz
301047,义翘神州,159.0,143.26,15:35:00,sz
301048,金鹰重工,9.06,9.06,15:35:15,sz
301049,超越科技,20.88,21.06,15:35:30,sz
301050,雷电微力,26.64,26.92,15:35:45,sz
301051,信濠光电,17.75,17.83,15:35:00,sz
301052,果麦文化,24.34,24.61,15:35:15,sz
301053,远信工业,33.98,33.82,15:35:30,sz
301055,张小泉,29.85,29.69,15:35:45,sz
301056,森赫股份,12.99,13.03,15:35:00,sz
301057,汇隆新材,22.93,23.93,15:35:15,sz
301058,中粮科工,8.58,8.49,15:35:30,sz
301059,金三江,12.85,13.0,15:35:45,sz
301060,兰卫医学,12.02,11.78,15:35:00,sz
301061,匠心家居,41.21,40.19,15:35:15,sz
301062,上海艾录,6.87,6.93,15:35:30,sz
301063,海锅股份,18.71,19.14,15:35:45,sz
301065,本立科技,20.06,20.04,15:35:00,sz
301066,万事利,12.3,12.43,15:35:15,sz
301067,显盈科技,31.75,32.9,15:35:30,sz
301068,大地海洋,23.41,23.64,15:35:45,sz
301069,凯盛新材,15.47,15.47,15:35:00,sz
301070,开勒股份,62.71,64.55,15:35:15,sz
301071,力量钻石,61.62,63.78,15:35:30,sz
301072,中捷精工,44.8,45.16,15:35:45,sz
301073,君亭酒店,17.26,17.14,15:35:00,sz
301075,多瑞医药,63.17,64.02,15:35:15,sz
301076,新瀚新材,20.4,20.61,15:35:30,sz
301077,星华新材,21.25,21.49,15:35:45,sz
301078,孩子王,6.97,6.86,15:35:00,sz
301079,邵阳液压,27.91,26.69,15:35:15,sz
301080,百普赛斯,141.07,123.0,15:35:30,sz
301081,严牌股份,17.67,18.78,15:35:45,sz
301082,久盛电气,9.51,9.64,15:35:00,sz
301083,百胜智能,14.24,14.36,15:35:15,sz
301085,亚康股份,75.23,76.33,15:35:30,sz
301086,鸿富瀚,150.7,157.31,15:35:45,sz
301087,可孚医疗,52.1,52.12,15:35:00,sz
301088,戎美股份,13.35,13.61,15:35:15,sz
301089,拓新药业,24.5,24.18,15:35:30,sz
301090,华润材料,6.94,6.85,15:35:45,sz
301091,深城交,19.99,20.23,15:35:00,sz
301092,争光股份,41.79,42.6,15:35:15,sz
301093,华兰股份,63.11,63.11,15:35:30,sz
301095,广立微,68.11,70.42,15:35:45,sz
301096,百诚医药,49.3,47.09,15:35:00,sz
301097,天益医疗,34.7,34.52,15:35:15,sz
301098,金埔园林,8.88,8.74,15:35:30,sz
301099,雅创电子,50.7,54.28,15:35:45,sz
301100,风光股份,16.03,16.04,15:35:00,sz
301101,明月镜片,29.9,30.23,15:35:15,sz
301102,兆讯传媒,9.45,9.53,15:35:30,sz
301103,何氏眼科,17.03,17.02,15:35:45,sz
301105,鸿铭股份,48.5,49.22,15:35:00,sz
301106,骏成科技,18.5,18.93,15:35:15,sz
301107,瑜欣电子,23.05,23.99,15:35:30,sz
301108,洁雅股份,51.23,55.39,15:35:45,sz
301109,军信股份,12.92,12.72,15:35:00,sz
301110,青木科技,35.36,36.2,15:35:15,sz
301111,粤万年青,21.3,22.0,15:35:30,sz
301112,信邦智能,29.24,29.84,15:35:45,sz
301113,雅艺科技,17.69,17.79,15:35:00,sz
301115,联检科技,33.52,34.43,15:35:15,sz
301116,益客食品,9.31,9.18,15:35:30,sz
301117,ST佳缘,12.08,12.12,15:35:45,sz
301118,恒光股份,24.13,23.2,15:35:00,sz
301119,正强股份,27.7,26.07,15:35:15,sz
301120,新特电气,14.25,14.39,15:35:30,sz
301121,紫建电子,35.31,35.92,15:35:45,sz
301122,采纳股份,66.67,67.91,15:35:00,sz
301123,奕东电子,67.6,69.95,15:35:15,sz
301125,腾亚精工,14.85,14.79,15:35:30,sz
301126,达嘉维康,10.52,10.54,15:35:45,sz
301127,武汉天源,15.0,15.47,15:35:00,sz
301128,强瑞技术,105.8,107.6,15:35:15,sz
301129,瑞纳智能,23.15,23.73,15:35:30,sz
301130,西点药业,28.51,27.98,15:35:45,sz
301131,聚赛龙,33.7,34.05,15:35:00,sz
301132,满坤科技,66.62,71.42,15:35:15,sz
301133,金钟股份,25.77,25.81,15:35:30,sz
301135,瑞德智能,18.03,18.49,15:35:45,sz
301136,招标股份,12.25,12.35,15:35:00,sz
301137,哈焊华通,29.78,30.13,15:35:15,sz
301138,华研精机,28.36,28.75,15:35:30,sz
301139,元道退,0.91,3.31,15:35:45,sz
301141,中科磁业,35.33,35.81,15:35:00,sz
301148,嘉戎技术,57.56,58.3,15:35:15,sz
301149,隆华新材,7.81,7.91,15:35:30,sz
301150,中一科技,40.99,44.02,15:35:45,sz
301151,冠龙节能,20.92,21.14,15:35:00,sz
301152,天力锂能,22.23,22.49,15:35:15,sz
301153,中科江南,16.98,17.25,15:35:30,sz
301155,海力风电,44.8,43.6,15:35:45,sz
301156,美农生物,11.76,11.87,15:35:00,sz
301157,华塑科技,61.71,63.28,15:35:15,sz
301158,德石股份,14.06,14.17,15:35:30,sz
301159,三维天地,31.64,32.08,15:35:45,sz
301160,翔楼新材,39.59,41.35,15:35:00,sz
301161,唯万密封,28.56,29.19,15:35:15,sz
301162,国能日新,37.0,37.36,15:35:30,sz
301163,宏德股份,23.6,23.64,15:35:45,sz
301165,锐捷网络,100.74,102.89,15:35:00,sz
301166,优宁维,35.35,32.96,15:35:15,sz
301167,建研设计,13.67,13.73,15:35:30,sz
301168,通灵股份,40.33,41.47,15:35:45,sz
301169,零点有数,50.37,51.07,15:35:00,sz
301170,锡南科技,23.13,23.18,15:35:15,sz
301171,易点天下,32.61,33.64,15:35:30,sz
301172,君逸数码,17.02,17.68,15:35:45,sz
301173,毓恬冠佳,32.93,33.87,15:35:00,sz
301175,中科环保,5.58,5.59,15:35:15,sz
301176,逸豪新材,52.07,55.26,15:35:30,sz
301177,迪阿股份,23.16,22.97,15:35:45,sz
301178,天亿马,33.91,34.75,15:35:00,sz
301179,泽宇智能,19.63,19.48,15:35:15,sz
301180,万祥科技,12.07,11.92,15:35:30,sz
301181,标榜股份,25.1,25.59,15:35:45,sz
301182,凯旺科技,59.05,60.6,15:35:00,sz
301183,东田微,276.62,292.12,15:35:15,sz
301185,鸥玛软件,17.14,17.36,15:35:30,sz
301186,超达装备,32.9,32.98,15:35:45,sz
301187,欧圣电气,15.62,15.87,15:35:00,sz
301188,力诺药包,33.28,33.4,15:35:15,sz
301189,奥尼电子,68.13,68.73,15:35:30,sz
301190,善水科技,35.93,29.94,15:35:45,sz
301191,菲菱科思,76.22,78.47,15:35:00,sz
301192,泰祥股份,19.68,20.22,15:35:15,sz
301193,家联科技,21.42,22.17,15:35:30,sz
301195,北路智控,26.7,26.96,15:35:45,sz
301196,唯科科技,86.08,84.4,15:35:00,sz
301197,工大科雅,26.7,26.61,15:35:15,sz
301198,喜悦智行,14.1,14.2,15:35:30,sz
301199,迈赫股份,18.13,18.27,15:35:45,sz
301200,大族数控,224.79,230.9,15:35:00,sz
301201,诚达药业,30.49,29.32,15:35:15,sz
301202,朗威股份,35.64,36.76,15:35:30,sz
301203,国泰环保,33.19,33.56,15:35:45,sz
301205,联特科技,283.32,263.48,15:35:00,sz
301206,三元生物,25.01,23.85,15:35:15,sz
301207,华兰疫苗,20.11,19.29,15:35:30,sz
301208,中亦科技,30.33,30.62,15:35:45,sz
301209,联合化学,61.71,59.8,15:35:00,sz
301210,金杨精密,29.18,30.14,15:35:15,sz
301211,亨迪药业,12.7,12.44,15:35:30,sz
301212,联盛化学,26.17,26.25,15:35:45,sz
301213,观想科技,42.45,42.14,15:35:00,sz
301215,中汽股份,5.28,5.28,15:35:15,sz
301216,万凯新材,16.69,16.34,15:35:30,sz
301217,铜冠铜箔,99.56,102.25,15:35:45,sz
301218,华是科技,69.75,60.21,15:35:00,sz
301219,腾远钴业,39.75,39.18,15:35:15,sz
301220,亚香股份,29.02,29.63,15:35:30,sz
301221,光庭信息,26.53,27.03,15:35:45,sz
301222,浙江恒威,24.98,25.79,15:35:00,sz
301223,中荣股份,18.12,18.19,15:35:15,sz
301225,恒勃股份,58.52,57.59,15:35:30,sz
301226,祥明智能,36.39,37.25,15:35:45,sz
301227,森鹰窗业,31.08,31.36,15:35:00,sz
301228,实朴检测,51.59,51.97,15:35:15,sz
301229,纽泰格,12.0,12.07,15:35:30,sz
301230,泓博医药,38.48,37.75,15:35:45,sz
301231,荣信文化,29.23,29.75,15:35:00,sz
301232,飞沃科技,78.78,80.45,15:35:15,sz
301233,盛帮股份,36.58,35.66,15:35:30,sz
301234,五洲医疗,135.65,134.2,15:35:45,sz
301235,华康洁净,40.68,42.02,15:35:00,sz
301236,软通动力,35.23,35.6,15:35:15,sz
301237,和顺科技,36.18,37.33,15:35:30,sz
301238,瑞泰新材,15.95,15.74,15:35:45,sz
301239,普瑞眼科,31.98,31.73,15:35:00,sz
301246,宏源药业,17.54,17.33,15:35:15,sz
301248,杰创智能,53.05,56.1,15:35:30,sz
301251,威尔高,81.1,87.37,15:35:45,sz
301252,同星科技,35.86,37.0,15:35:00,sz
301255,通力科技,19.09,19.05,15:35:15,sz
301256,华融化学,9.76,9.78,15:35:30,sz
301257,普蕊斯,42.71,40.4,15:35:45,sz
301258,富士莱,27.4,27.09,15:35:00,sz
301259,艾布鲁,19.25,19.42,15:35:15,sz
301260,格力博,11.69,11.72,15:35:30,sz
301261,恒工精密,52.47,53.45,15:35:45,sz
301262,海看股份,20.55,20.3,15:35:00,sz
301263,泰恩康,19.09,19.07,15:35:15,sz
301265,华新科技,21.9,22.58,15:35:30,sz
301266,宇邦新材,24.71,24.76,15:35:45,sz
301267,华厦眼科,15.16,14.99,15:35:00,sz
301268,铭利达,11.78,11.74,15:35:15,sz
301269,华大九天,84.66,86.68,15:35:30,sz
301270,汉仪股份,32.2,32.38,15:35:45,sz
301272,英华特,35.1,35.37,15:35:00,sz
301273,瑞晨环保,35.51,35.45,15:35:15,sz
301275,汉朔科技,38.35,38.96,15:35:30,sz
301276,嘉曼服饰,17.36,17.43,15:35:45,sz
301277,新天地,10.47,10.32,15:35:00,sz
301278,快可电子,29.02,29.3,15:35:15,sz
301279,金道科技,23.3,23.8,15:35:30,sz
301280,珠城科技,41.06,41.7,15:35:45,sz
301281,科源制药,47.25,47.74,15:35:00,sz
301282,金禄电子,41.67,45.49,15:35:15,sz
301283,聚胶股份,25.25,25.58,15:35:30,sz
301285,鸿日达,88.89,91.19,15:35:45,sz
301286,侨源股份,44.1,45.61,15:35:00,sz
301287,康力源,41.24,41.5,15:35:15,sz
301288,清研环境,17.1,17.4,15:35:30,sz
301289,国缆检测,44.53,44.44,15:35:45,sz
301290,东星医疗,28.7,28.69,15:35:00,sz
301291,明阳电气,35.98,35.18,15:35:15,sz
301292,海科新源,56.76,55.39,15:35:30,sz
301293,三博脑科,48.85,48.38,15:35:45,sz
301295,美硕科技,35.35,36.29,15:35:00,sz
301296,新巨丰,6.42,6.42,15:35:15,sz
301297,富乐德,47.7,46.13,15:35:30,sz
301298,东利机械,12.86,12.98,15:35:45,sz
301299,卓创资讯,45.06,46.29,15:35:00,sz
301300,远翔新材,32.94,32.73,15:35:15,sz
301301,川宁生物,8.19,8.04,15:35:30,sz
301302,华如科技,20.93,21.14,15:35:45,sz
301303,真兰仪表,14.04,14.09,15:35:00,sz
301305,朗坤科技,24.36,24.68,15:35:15,sz
301306,西测测试,86.53,88.9,15:35:30,sz
301307,美利信,55.61,56.39,15:35:45,sz
301308,江波龙,301.93,311.66,15:35:00,sz
301309,万得凯,29.7,30.1,15:35:15,sz
301310,鑫宏业,61.6,58.55,15:35:30,sz
301311,昆船智能,18.32,19.0,15:35:45,sz
301312,智立方,79.05,81.4,15:35:00,sz
301313,凡拓数创,28.94,30.1,15:35:15,sz
301314,科瑞思,48.68,51.06,15:35:30,sz
301315,威士顿,42.82,44.1,15:35:45,sz
301316,慧博云通,38.74,40.17,15:35:00,sz
301317,鑫磊股份,43.6,44.53,15:35:15,sz
301318,维海德,21.16,21.55,15:35:30,sz
301319,唯特偶,81.77,86.16,15:35:45,sz
301320,豪江智能,14.0,14.29,15:35:00,sz
301321,翰博高新,44.95,46.44,15:35:15,sz
301322,绿通科技,42.42,44.15,15:35:30,sz
301323,新莱福,72.34,72.84,15:35:45,sz
301325,曼恩斯特,31.31,31.78,15:35:00,sz
301326,捷邦科技,93.53,96.79,15:35:15,sz
301327,华宝新能,41.55,41.51,15:35:30,sz
301328,维峰电子,46.84,46.85,15:35:45,sz
301329,信音电子,20.31,20.7,15:35:00,sz
301330,熵基科技,25.28,25.67,15:35:15,sz
301331,恩威医药,21.84,21.6,15:35:30,sz
301332,德尔玛,7.71,7.72,15:35:45,sz
301333,诺思格,66.67,65.66,15:35:00,sz
301335,天元宠物,24.88,25.09,15:35:15,sz
301336,趣睡科技,41.67,42.18,15:35:30,sz
301337,亚华电子,27.36,27.78,15:35:45,sz
301338,凯格精机,86.8,89.07,15:35:00,sz
301339,苏交数智,12.25,12.57,15:35:15,sz
301345,涛涛车业,228.0,229.06,15:35:30,sz
301348,蓝箭电子,21.64,22.24,15:35:45,sz
301349,信德新材,42.9,44.09,15:35:00,sz
301353,普莱得,20.13,20.6,15:35:15,sz
301355,南王科技,12.5,12.19,15:35:30,sz
301356,天振股份,19.74,19.77,15:35:45,sz
301357,北方长龙,88.15,90.4,15:35:00,sz
301358,湖南裕能,50.69,50.57,15:35:15,sz
301359,东南电子,19.27,20.05,15:35:30,sz
301360,荣旗科技,59.62,61.42,15:35:45,sz
301361,众智科技,27.15,27.22,15:35:00,sz
301362,民爆光电,102.47,106.08,15:35:15,sz
301363,美好医疗,16.25,15.96,15:35:30,sz
301365,矩阵股份,33.62,34.07,15:35:45,sz
301366,一博科技,69.76,75.0,15:35:00,sz
301367,瑞迈特,46.64,46.56,15:35:15,sz
301368,丰立智能,38.7,39.48,15:35:30,sz
301369,联动科技,137.73,141.01,15:35:45,sz
301370,国科恒泰,8.74,8.59,15:35:00,sz
301371,敷尔佳,20.81,20.59,15:35:15,sz
301372,科净源,34.25,34.04,15:35:30,sz
301373,凌玮科技,119.15,132.27,15:35:45,sz
301376,致欧科技,22.27,22.29,15:35:00,sz
301377,鼎泰高科,341.0,348.72,15:35:15,sz
301378,通达海,25.4,25.48,15:35:30,sz
301379,天山电子,19.09,20.06,15:35:45,sz
301380,挖金客,33.75,34.0,15:35:00,sz
301381,赛维时代,23.12,23.34,15:35:15,sz
301382,蜂助手,36.33,39.97,15:35:30,sz
301383,天键股份,23.15,23.37,15:35:45,sz
301386,未来电器,20.64,21.06,15:35:00,sz
301387,光大同创,50.3,51.73,15:35:15,sz
301388,欣灵电气,25.06,25.67,15:35:30,sz
301389,隆扬电子,52.04,54.72,15:35:45,sz
301390,经纬股份,39.5,41.01,15:35:00,sz
301391,卡莱特,43.91,44.35,15:35:15,sz
301392,汇成真空,148.22,154.89,15:35:30,sz
301393,昊帆生物,67.13,65.9,15:35:45,sz
301395,仁信新材,11.51,12.11,15:35:00,sz
301396,宏景科技,155.92,162.59,15:35:15,sz
301397,溯联股份,21.98,22.12,15:35:30,sz
301398,星源卓镁,38.0,38.46,15:35:45,sz
301399,英特科技,20.28,20.71,15:35:00,sz
301408,华人健康,14.93,14.67,15:35:15,sz
301413,安培龙,52.02,52.81,15:35:30,sz
301418,协昌科技,34.73,34.86,15:35:45,sz
301419,阿莱德,41.49,42.93,15:35:00,sz
301421,波长光电,71.37,73.55,15:35:15,sz
301428,世纪恒通,27.03,26.97,15:35:30,sz
301429,森泰股份,17.43,17.63,15:35:45,sz
301439,泓淋电力,13.81,13.86,15:35:00,sz
301446,福事特,37.37,38.45,15:35:15,sz
301448,开创电气,50.91,53.1,15:35:30,sz
301449,天溯计量,39.18,40.34,15:35:45,sz
301456,盘古智能,25.37,26.29,15:35:00,sz
301458,钧崴电子,35.68,36.7,15:35:15,sz
301459,丰茂股份,31.2,31.66,15:35:30,sz
301468,博盈特焊,29.87,30.53,15:35:45,sz
301469,恒达新材,28.77,28.96,15:35:00,sz
301479,弘景光电,47.92,49.58,15:35:15,sz
301486,致尚科技,190.73,189.9,15:35:30,sz
301487,盟固利,17.16,15.82,15:35:45,sz
301488,豪恩汽电,90.41,91.4,15:35:00,sz
301489,思泉新材,108.41,112.75,15:35:15,sz
301491,汉桑科技,36.21,36.4,15:35:30,sz
301498,乖宝宠物,38.74,38.53,15:35:45,sz
301499,维科精密,25.46,25.73,15:35:00,sz
301500,飞南资源,24.2,24.81,15:35:15,sz
301501,恒鑫生活,26.82,26.83,15:35:30,sz
301502,华阳智能,49.03,51.09,15:35:45,sz
301503,智迪科技,22.27,22.49,15:35:00,sz
301505,苏州规划,18.65,18.15,15:35:15,sz
301507,民生健康,13.42,13.32,15:35:30,sz
301508,中机认检,23.76,24.05,15:35:45,sz
301509,金凯生科,31.25,30.8,15:35:00,sz
301510,固高科技,27.77,27.5,15:35:15,sz
301511,德福科技,95.25,96.15,15:35:30,sz
301512,智信精密,31.36,31.43,15:35:45,sz
301513,尚水智能,56.52,51.42,15:35:00,sz
301515,港通医疗,20.52,20.39,15:35:15,sz
301516,中远通,18.11,18.66,15:35:30,sz
301517,陕西华达,34.43,35.4,15:35:45,sz
301518,长华化学,24.82,23.97,15:35:00,sz
301519,舜禹股份,12.13,12.29,15:35:15,sz
301520,万邦医药,71.05,72.0,15:35:30,sz
301522,上大股份,21.7,21.99,15:35:45,sz
301525,儒竞科技,43.25,38.86,15:35:00,sz
301526,国际复材,26.97,27.72,15:35:15,sz
301528,多浦乐,71.06,72.16,15:35:30,sz
301529,福赛科技,140.6,136.88,15:35:45,sz
301531,春光集团,46.89,49.5,15:35:00,sz
301533,威马农机,28.42,28.49,15:35:15,sz
301535,浙江华远,13.54,13.52,15:35:30,sz
301536,星宸科技,123.36,125.1,15:35:45,sz
301538,骏鼎达,39.35,40.23,15:35:00,sz
301539,宏鑫科技,15.35,15.43,15:35:15,sz
301548,崇德科技,53.32,52.68,15:35:30,sz
301550,斯菱智驱,100.22,93.99,15:35:45,sz
301551,无线传媒,21.83,22.21,15:35:00,sz
301552,科力装备,24.25,24.77,15:35:15,sz
301555,惠柏新材,35.11,35.64,15:35:30,sz
301556,托普云农,60.07,62.88,15:35:45,sz
301557,常友科技,80.05,81.61,15:35:00,sz
301558,三态股份,6.73,6.75,15:35:15,sz
301559,中集环科,12.8,12.74,15:35:30,sz
301560,众捷股份,37.86,33.88,15:35:45,sz
301563,云汉芯城,105.43,105.08,15:35:00,sz
301565,中仑新材,19.22,19.38,15:35:15,sz
301566,达利凯普,23.48,24.62,15:35:30,sz
301567,贝隆精密,36.6,37.13,15:35:45,sz
301568,思泰克,66.3,70.05,15:35:00,sz
301571,国科天成,67.1,68.36,15:35:15,sz
301575,艾芬达,23.75,23.89,15:35:30,sz
301577,美信科技,54.21,56.39,15:35:45,sz
301578,辰奕智能,23.2,23.98,15:35:00,sz
301580,爱迪特,50.11,52.08,15:35:15,sz
301581,黄山谷捷,35.47,36.77,15:35:30,sz
301583,托伦斯,124.82,130.12,15:35:45,sz
301584,建发致新,18.53,17.93,15:35:00,sz
301585,蓝宇股份,27.68,27.69,15:35:15,sz
301586,佳力奇,29.0,29.31,15:35:30,sz
301587,中瑞股份,21.86,22.59,15:35:45,sz
301588,美新科技,25.65,25.9,15:35:00,sz
301589,诺瓦星云,157.0,157.19,15:35:15,sz
301590,优优绿能,65.85,67.04,15:35:30,sz
301591,肯特股份,40.01,41.84,15:35:45,sz
301592,六九一二,110.0,108.7,15:35:00,sz
301595,太力科技,45.96,46.61,15:35:15,sz
301596,瑞迪智驱,44.79,45.4,15:35:30,sz
301598,博科测试,50.61,51.32,15:35:45,sz
301599,理奇智能,32.7,33.18,15:35:00,sz
301600,慧翰股份,74.1,75.78,15:35:15,sz
301601,惠通科技,16.1,16.2,15:35:30,sz
301602,超研股份,16.16,16.01,15:35:45,sz
301603,乔锋智能,113.01,117.2,15:35:00,sz
301606,绿联科技,49.89,50.79,15:35:15,sz
301607,富特科技,41.93,42.65,15:35:30,sz
301608,博实结,50.12,51.25,15:35:45,sz
301609,山大电力,30.13,30.07,15:35:00,sz
301611,珂玛科技,84.1,88.08,15:35:15,sz
301613,新铝时代,33.86,34.33,15:35:30,sz
301616,浙江华业,35.4,35.86,15:35:45,sz
301617,博苑新材,53.97,54.99,15:35:00,sz
301618,长联科技,29.88,30.34,15:35:15,sz
301622,英思特,35.89,36.23,15:35:30,sz
301626,苏州天脉,285.35,295.5,15:35:45,sz
301628,强达电路,110.3,116.5,15:35:00,sz
301629,矽电股份,266.2,267.21,15:35:15,sz
301630,同宇新材,191.55,199.26,15:35:30,sz
301631,壹连科技,59.48,61.35,15:35:45,sz
301632,广东建科,13.12,13.16,15:35:00,sz
301633,港迪技术,59.94,61.01,15:35:15,sz
301636,泽润新能,40.18,40.96,15:35:30,sz
301638,南网数字,20.59,20.5,15:35:45,sz
301655,绿控传动,24.05,25.76,15:35:00,sz
301656,联合动力,13.71,13.68,15:35:15,sz
301658,首航新能,21.72,21.66,15:35:30,sz
301662,宏工科技,73.89,70.05,15:35:45,sz
301665,泰禾股份,22.03,21.78,15:35:00,sz
301666,大普微,339.9,355.81,15:35:15,sz
301667,纳百川,55.02,56.24,15:35:30,sz
301668,昊创瑞通,29.64,29.76,15:35:45,sz
301669,高特电子,24.18,25.17,15:35:00,sz
301677,欣兴工具,50.82,51.97,15:35:15,sz
301678,新恒汇,51.26,53.31,15:35:30,sz
301680,固德电材,95.43,97.12,15:35:45,sz
301682,宏明电子,100.6,104.2,15:35:00,sz
301683,慧谷新材,97.2,99.99,15:35:15,sz
301686,中塑股份,165.82,192.06,15:35:30,sz
301687,新广益,48.5,50.78,15:35:45,sz
301688,格林生物,39.16,38.11,15:35:00,sz
301689,电科思仪,73.43,77.51,15:35:15,sz
301696,三瑞智能,87.08,88.35,15:35:30,sz
301697,贝特利,26.26,27.74,15:35:45,sz
301699,洛轴股份,37.76,37.71,15:35:00,sz
301707,展芯股份,67.89,70.61,15:35:15,sz
301716,C鸿富诚,586.6,578.88,15:35:30,sz
301717,超纯应材,338.0,354.36,15:35:45,sz
302132,中航成飞,57.76,57.0,15:35:00,sz
