szse_financing_balance_yuan,financing_balance_yuan,sse_source_url,szse_source_url,date,canonical_unit,sse_financing_balance_yuan,szse_source_unit,szse_source_identity,sse_source_identity,sse_source_unit,sse_financing_balance,szse_financing_balance
812970000000.0,1719027651977.0,https://www.sse.com.cn/market/othersdata/margin/sum/,https://www.szse.cn/disclosure/margin/margin/index.html,2022-01-04,CNY,906057651977.0,CNY_100M,SZSE_MARGIN_SUMMARY,SSE_MARGIN_SUMMARY,CNY,,
812154000000.0,1716321215798.0,https://www.sse.com.cn/market/othersdata/margin/sum/,https://www.szse.cn/disclosure/margin/margin/index.html,2022-01-05,CNY,904167215798.0,CNY_100M,SZSE_MARGIN_SUMMARY,SSE_MARGIN_SUMMARY,CNY,,
813766000000.0,1717848746979.0,https://www.sse.com.cn/market/othersdata/margin/sum/,https://www.szse.cn/disclosure/margin/margin/index.html,2022-01-06,CNY,904082746979.0,CNY_100M,SZSE_MARGIN_SUMMARY,SSE_MARGIN_SUMMARY,CNY,,
806888000000.0,1702701442330.0,https://www.sse.com.cn/market/othersdata/margin/sum/,https://www.szse.cn/disclosure/margin/margin/index.html,2022-01-07,CNY,895813442330.0,CNY_100M,SZSE_MARGIN_SUMMARY,SSE_MARGIN_SUMMARY,CNY,,
807663000000.0,1704536723408.0,https://www.sse.com.cn/market/othersdata/margin/sum/,https://www.szse.cn/disclosure/margin/margin/index.html,2022-01-10,CNY,896873723408.0,CNY_100M,SZSE_MARGIN_SUMMARY,SSE_MARGIN_SUMMARY,CNY,,
806866000000.0,1703603126432.0,https://www.sse.com.cn/market/othersdata/margin/sum/,https://www.szse.cn/disclosure/margin/margin/index.html,2022-01-11,CNY,896737126432.0,CNY_100M,SZSE_MARGIN_SUMMARY,SSE_MARGIN_SUMMARY,CNY,,
807385000000.0,1705790575020.0,https://www.sse.com.cn/market/othersdata/margin/sum/,https://www.szse.cn/disclosure/margin/margin/index.html,2022-01-12,CNY,898405575020.0,CNY_100M,SZSE_MARGIN_SUMMARY,SSE_MARGIN_SUMMARY,CNY,,
808031000000.0,1705246444391.0,https://www.sse.com.cn/market/othersdata/margin/sum/,https://www.szse.cn/disclosure/margin/margin/index.html,2022-01-13,CNY,897215444391.0,CNY_100M,SZSE_MARGIN_SUMMARY,SSE_MARGIN_SUMMARY,CNY,,
805386000000.0,1700925506386.0,https://www.sse.com.cn/market/othersdata/margin/sum/,https://www.szse.cn/disclosure/margin/margin/index.html,2022-01-14,CNY,895539506386.0,CNY_100M,SZSE_MARGIN_SUMMARY,SSE_MARGIN_SUMMARY,CNY,,
808598000000.0,1705333334253.0,https://www.sse.com.cn/market/othersdata/margin/sum/,https://www.szse.cn/disclosure/margin/margin/index.html,2022-01-17,CNY,896735334253.0,CNY_100M,SZSE_MARGIN_SUMMARY,SSE_MARGIN_SUMMARY,CNY,,
806827000000.0,1702017092705.0,https://www.sse.com.cn/market/othersdata/margin/sum/,https://www.szse.cn/disclosure/margin/margin/index.html,2022-01-18,CNY,895190092705.0,CNY_100M,SZSE_MARGIN_SUMMARY,SSE_MARGIN_SUMMARY,CNY,,
806760000000.0,1698768945432.0,https://www.sse.com.cn/market/othersdata/margin/sum/,https://www.szse.cn/disclosure/margin/margin/index.html,2022-01-19,CNY,892008945432.0,CNY_100M,SZSE_MARGIN_SUMMARY,SSE_MARGIN_SUMMARY,CNY,,
801786000000.0,1688472826861.0,https://www.sse.com.cn/market/othersdata/margin/sum/,https://www.szse.cn/disclosure/margin/margin/index.html,2022-01-20,CNY,886686826861.0,CNY_100M,SZSE_MARGIN_SUMMARY,SSE_MARGIN_SUMMARY,CNY,,
795148000000.0,1676501735363.0,https://www.sse.com.cn/market/othersdata/margin/sum/,https://www.szse.cn/disclosure/margin/margin/index.html,2022-01-21,CNY,881353735363.0,CNY_100M,SZSE_MARGIN_SUMMARY,SSE_MARGIN_SUMMARY,CNY,,
794566000000.0,1673999636370.0,https://www.sse.com.cn/market/othersdata/margin/sum/,https://www.szse.cn/disclosure/margin/margin/index.html,2022-01-24,CNY,879433636370.0,CNY_100M,SZSE_MARGIN_SUMMARY,SSE_MARGIN_SUMMARY,CNY,,
789093000000.0,1664854757447.0,https://www.sse.com.cn/market/othersdata/margin/sum/,https://www.szse.cn/disclosure/margin/margin/index.html,2022-01-25,CNY,875761757447.0,CNY_100M,SZSE_MARGIN_SUMMARY,SSE_MARGIN_SUMMARY,CNY,,
784865000000.0,1657558075234.0,https://www.sse.com.cn/market/othersdata/margin/sum/,https://www.szse.cn/disclosure/margin/margin/index.html,2022-01-26,CNY,872693075234.0,CNY_100M,SZSE_MARGIN_SUMMARY,SSE_MARGIN_SUMMARY,CNY,,
780154000000.0,1648404393955.0,https://www.sse.com.cn/market/othersdata/margin/sum/,https://www.szse.cn/disclosure/margin/margin/index.html,2022-01-27,CNY,868250393955.0,CNY_100M,SZSE_MARGIN_SUMMARY,SSE_MARGIN_SUMMARY,CNY,,
765544000000.0,1620284314467.0,https://www.sse.com.cn/market/othersdata/margin/sum/,https://www.szse.cn/disclosure/margin/margin/index.html,2022-01-28,CNY,854740314467.0,CNY_100M,SZSE_MARGIN_SUMMARY,SSE_MARGIN_SUMMARY,CNY,,
767889000000.0,1623790800819.0,https://www.sse.com.cn/market/othersdata/margin/sum/,https://www.szse.cn/disclosure/margin/margin/index.html,2022-02-07,CNY,855901800819.0,CNY_100M,SZSE_MARGIN_SUMMARY,SSE_MARGIN_SUMMARY,CNY,,
767991000000.0,1622475927188.0,https://www.sse.com.cn/market/othersdata/margin/sum/,https://www.szse.cn/disclosure/margin/margin/index.html,2022-02-08,CNY,854484927188.0,CNY_100M,SZSE_MARGIN_SUMMARY,SSE_MARGIN_SUMMARY,CNY,,
770261000000.0,1625111368933.0,https://www.sse.com.cn/market/othersdata/margin/sum/,https://www.szse.cn/disclosure/margin/margin/index.html,2022-02-09,CNY,854850368933.0,CNY_100M,SZSE_MARGIN_SUMMARY,SSE_MARGIN_SUMMARY,CNY,,
770587000000.0,1624157690387.0,https://www.sse.com.cn/market/othersdata/margin/sum/,https://www.szse.cn/disclosure/margin/margin/index.html,2022-02-10,CNY,853570690387.0,CNY_100M,SZSE_MARGIN_SUMMARY,SSE_MARGIN_SUMMARY,CNY,,
768161000000.0,1617949559074.0,https://www.sse.com.cn/market/othersdata/margin/sum/,https://www.szse.cn/disclosure/margin/margin/index.html,2022-02-11,CNY,849788559074.0,CNY_100M,SZSE_MARGIN_SUMMARY,SSE_MARGIN_SUMMARY,CNY,,
768460000000.0,1620966500811.0,https://www.sse.com.cn/market/othersdata/margin/sum/,https://www.szse.cn/disclosure/margin/margin/index.html,2022-02-14,CNY,852506500811.0,CNY_100M,SZSE_MARGIN_SUMMARY,SSE_MARGIN_SUMMARY,CNY,,
768100000000.0,1621714767892.0,https://www.sse.com.cn/market/othersdata/margin/sum/,https://www.szse.cn/disclosure/margin/margin/index.html,2022-02-15,CNY,853614767892.0,CNY_100M,SZSE_MARGIN_SUMMARY,SSE_MARGIN_SUMMARY,CNY,,
769804000000.0,1623265937896.0,https://www.sse.com.cn/market/othersdata/margin/sum/,https://www.szse.cn/disclosure/margin/margin/index.html,2022-02-16,CNY,853461937896.0,CNY_100M,SZSE_MARGIN_SUMMARY,SSE_MARGIN_SUMMARY,CNY,,
770177000000.0,1623647424387.0,https://www.sse.com.cn/market/othersdata/margin/sum/,https://www.szse.cn/disclosure/margin/margin/index.html,2022-02-17,CNY,853470424387.0,CNY_100M,SZSE_MARGIN_SUMMARY,SSE_MARGIN_SUMMARY,CNY,,
768624000000.0,1619879690984.0,https://www.sse.com.cn/market/othersdata/margin/sum/,https://www.szse.cn/disclosure/margin/margin/index.html,2022-02-18,CNY,851255690984.0,CNY_100M,SZSE_MARGIN_SUMMARY,SSE_MARGIN_SUMMARY,CNY,,
772413000000.0,1626817344357.0,https://www.sse.com.cn/market/othersdata/margin/sum/,https://www.szse.cn/disclosure/margin/margin/index.html,2022-02-21,CNY,854404344357.0,CNY_100M,SZSE_MARGIN_SUMMARY,SSE_MARGIN_SUMMARY,CNY,,
773528000000.0,1629677573287.0,https://www.sse.com.cn/market/othersdata/margin/sum/,https://www.szse.cn/disclosure/margin/margin/index.html,2022-02-22,CNY,856149573287.0,CNY_100M,SZSE_MARGIN_SUMMARY,SSE_MARGIN_SUMMARY,CNY,,
777063000000.0,1636221753274.0,https://www.sse.com.cn/market/othersdata/margin/sum/,https://www.szse.cn/disclosure/margin/margin/index.html,2022-02-23,CNY,859158753274.0,CNY_100M,SZSE_MARGIN_SUMMARY,SSE_MARGIN_SUMMARY,CNY,,
772312000000.0,1631482791373.0,https://www.sse.com.cn/market/othersdata/margin/sum/,https://www.szse.cn/disclosure/margin/margin/index.html,2022-02-24,CNY,859170791373.0,CNY_100M,SZSE_MARGIN_SUMMARY,SSE_MARGIN_SUMMARY,CNY,,
771650000000.0,1629540092841.0,https://www.sse.com.cn/market/othersdata/margin/sum/,https://www.szse.cn/disclosure/margin/margin/index.html,2022-02-25,CNY,857890092841.0,CNY_100M,SZSE_MARGIN_SUMMARY,SSE_MARGIN_SUMMARY,CNY,,
773105000000.0,1631115482942.0,https://www.sse.com.cn/market/othersdata/margin/sum/,https://www.szse.cn/disclosure/margin/margin/index.html,2022-02-28,CNY,858010482942.0,CNY_100M,SZSE_MARGIN_SUMMARY,SSE_MARGIN_SUMMARY,CNY,,
774343000000.0,1632647931586.0,https://www.sse.com.cn/market/othersdata/margin/sum/,https://www.szse.cn/disclosure/margin/margin/index.html,2022-03-01,CNY,858304931586.0,CNY_100M,SZSE_MARGIN_SUMMARY,SSE_MARGIN_SUMMARY,CNY,,
775579000000.0,1634631842301.0,https://www.sse.com.cn/market/othersdata/margin/sum/,https://www.szse.cn/disclosure/margin/margin/index.html,2022-03-02,CNY,859052842301.0,CNY_100M,SZSE_MARGIN_SUMMARY,SSE_MARGIN_SUMMARY,CNY,,
775106000000.0,1633449094456.0,https://www.sse.com.cn/market/othersdata/margin/sum/,https://www.szse.cn/disclosure/margin/margin/index.html,2022-03-03,CNY,858343094456.0,CNY_100M,SZSE_MARGIN_SUMMARY,SSE_MARGIN_SUMMARY,CNY,,
771895000000.0,1628113564496.0,https://www.sse.com.cn/market/othersdata/margin/sum/,https://www.szse.cn/disclosure/margin/margin/index.html,2022-03-04,CNY,856218564496.0,CNY_100M,SZSE_MARGIN_SUMMARY,SSE_MARGIN_SUMMARY,CNY,,
772104000000.0,1631353648231.0,https://www.sse.com.cn/market/othersdata/margin/sum/,https://www.szse.cn/disclosure/margin/margin/index.html,2022-03-07,CNY,859249648231.0,CNY_100M,SZSE_MARGIN_SUMMARY,SSE_MARGIN_SUMMARY,CNY,,
769644000000.0,1629409307764.0,https://www.sse.com.cn/market/othersdata/margin/sum/,https://www.szse.cn/disclosure/margin/margin/index.html,2022-03-08,CNY,859765307764.0,CNY_100M,SZSE_MARGIN_SUMMARY,SSE_MARGIN_SUMMARY,CNY,,
764699000000.0,1621587363483.0,https://www.sse.com.cn/market/othersdata/margin/sum/,https://www.szse.cn/disclosure/margin/margin/index.html,2022-03-09,CNY,856888363483.0,CNY_100M,SZSE_MARGIN_SUMMARY,SSE_MARGIN_SUMMARY,CNY,,
763730000000.0,1619486680056.0,https://www.sse.com.cn/market/othersdata/margin/sum/,https://www.szse.cn/disclosure/margin/margin/index.html,2022-03-10,CNY,855756680056.0,CNY_100M,SZSE_MARGIN_SUMMARY,SSE_MARGIN_SUMMARY,CNY,,
760063000000.0,1613372031318.0,https://www.sse.com.cn/market/othersdata/margin/sum/,https://www.szse.cn/disclosure/margin/margin/index.html,2022-03-11,CNY,853309031318.0,CNY_100M,SZSE_MARGIN_SUMMARY,SSE_MARGIN_SUMMARY,CNY,,
760252000000.0,1614769735470.0,https://www.sse.com.cn/market/othersdata/margin/sum/,https://www.szse.cn/disclosure/margin/margin/index.html,2022-03-14,CNY,854517735470.0,CNY_100M,SZSE_MARGIN_SUMMARY,SSE_MARGIN_SUMMARY,CNY,,
753742000000.0,1602365434249.0,https://www.sse.com.cn/market/othersdata/margin/sum/,https://www.szse.cn/disclosure/margin/margin/index.html,2022-03-15,CNY,848623434249.0,CNY_100M,SZSE_MARGIN_SUMMARY,SSE_MARGIN_SUMMARY,CNY,,
751833000000.0,1598027275056.0,https://www.sse.com.cn/market/othersdata/margin/sum/,https://www.szse.cn/disclosure/margin/margin/index.html,2022-03-16,CNY,846194275056.0,CNY_100M,SZSE_MARGIN_SUMMARY,SSE_MARGIN_SUMMARY,CNY,,
750126000000.0,1593823373088.0,https://www.sse.com.cn/market/othersdata/margin/sum/,https://www.szse.cn/disclosure/margin/margin/index.html,2022-03-17,CNY,843697373088.0,CNY_100M,SZSE_MARGIN_SUMMARY,SSE_MARGIN_SUMMARY,CNY,,
749200000000.0,1586739032759.0,https://www.sse.com.cn/market/othersdata/margin/sum/,https://www.szse.cn/disclosure/margin/margin/index.html,2022-03-18,CNY,837539032759.0,CNY_100M,SZSE_MARGIN_SUMMARY,SSE_MARGIN_SUMMARY,CNY,,
751084000000.0,1591467540777.0,https://www.sse.com.cn/market/othersdata/margin/sum/,https://www.szse.cn/disclosure/margin/margin/index.html,2022-03-21,CNY,840383540777.0,CNY_100M,SZSE_MARGIN_SUMMARY,SSE_MARGIN_SUMMARY,CNY,,
751608000000.0,1591700127566.0,https://www.sse.com.cn/market/othersdata/margin/sum/,https://www.szse.cn/disclosure/margin/margin/index.html,2022-03-22,CNY,840092127566.0,CNY_100M,SZSE_MARGIN_SUMMARY,SSE_MARGIN_SUMMARY,CNY,,
751406000000.0,1591739260621.0,https://www.sse.com.cn/market/othersdata/margin/sum/,https://www.szse.cn/disclosure/margin/margin/index.html,2022-03-23,CNY,840333260621.0,CNY_100M,SZSE_MARGIN_SUMMARY,SSE_MARGIN_SUMMARY,CNY,,
751659000000.0,1591277088604.0,https://www.sse.com.cn/market/othersdata/margin/sum/,https://www.szse.cn/disclosure/margin/margin/index.html,2022-03-24,CNY,839618088604.0,CNY_100M,SZSE_MARGIN_SUMMARY,SSE_MARGIN_SUMMARY,CNY,,
749794000000.0,1587203442628.0,https://www.sse.com.cn/market/othersdata/margin/sum/,https://www.szse.cn/disclosure/margin/margin/index.html,2022-03-25,CNY,837409442628.0,CNY_100M,SZSE_MARGIN_SUMMARY,SSE_MARGIN_SUMMARY,CNY,,
749110000000.0,1585948011083.0,https://www.sse.com.cn/market/othersdata/margin/sum/,https://www.szse.cn/disclosure/margin/margin/index.html,2022-03-28,CNY,836838011083.0,CNY_100M,SZSE_MARGIN_SUMMARY,SSE_MARGIN_SUMMARY,CNY,,
747937000000.0,1583833947038.0,https://www.sse.com.cn/market/othersdata/margin/sum/,https://www.szse.cn/disclosure/margin/margin/index.html,2022-03-29,CNY,835896947038.0,CNY_100M,SZSE_MARGIN_SUMMARY,SSE_MARGIN_SUMMARY,CNY,,
748464000000.0,1586427805834.0,https://www.sse.com.cn/market/othersdata/margin/sum/,https://www.szse.cn/disclosure/margin/margin/index.html,2022-03-30,CNY,837963805834.0,CNY_100M,SZSE_MARGIN_SUMMARY,SSE_MARGIN_SUMMARY,CNY,,
745812000000.0,1580690658068.0,https://www.sse.com.cn/market/othersdata/margin/sum/,https://www.szse.cn/disclosure/margin/margin/index.html,2022-03-31,CNY,834878658068.0,CNY_100M,SZSE_MARGIN_SUMMARY,SSE_MARGIN_SUMMARY,CNY,,
740219000000.0,1570013726178.0,https://www.sse.com.cn/market/othersdata/margin/sum/,https://www.szse.cn/disclosure/margin/margin/index.html,2022-04-01,CNY,829794726178.0,CNY_100M,SZSE_MARGIN_SUMMARY,SSE_MARGIN_SUMMARY,CNY,,
742801000000.0,1576304942754.0,https://www.sse.com.cn/market/othersdata/margin/sum/,https://www.szse.cn/disclosure/margin/margin/index.html,2022-04-06,CNY,833503942754.0,CNY_100M,SZSE_MARGIN_SUMMARY,SSE_MARGIN_SUMMARY,CNY,,
740695000000.0,1572401002323.0,https://www.sse.com.cn/market/othersdata/margin/sum/,https://www.szse.cn/disclosure/margin/margin/index.html,2022-04-07,CNY,831706002323.0,CNY_100M,SZSE_MARGIN_SUMMARY,SSE_MARGIN_SUMMARY,CNY,,
737702000000.0,1566538634090.0,https://www.sse.com.cn/market/othersdata/margin/sum/,https://www.szse.cn/disclosure/margin/margin/index.html,2022-04-08,CNY,828836634090.0,CNY_100M,SZSE_MARGIN_SUMMARY,SSE_MARGIN_SUMMARY,CNY,,
733020000000.0,1558877374580.0,https://www.sse.com.cn/market/othersdata/margin/sum/,https://www.szse.cn/disclosure/margin/margin/index.html,2022-04-11,CNY,825857374580.0,CNY_100M,SZSE_MARGIN_SUMMARY,SSE_MARGIN_SUMMARY,CNY,,
731646000000.0,1556565866194.0,https://www.sse.com.cn/market/othersdata/margin/sum/,https://www.szse.cn/disclosure/margin/margin/index.html,2022-04-12,CNY,824919866194.0,CNY_100M,SZSE_MARGIN_SUMMARY,SSE_MARGIN_SUMMARY,CNY,,
728299000000.0,1551444306933.0,https://www.sse.com.cn/market/othersdata/margin/sum/,https://www.szse.cn/disclosure/margin/margin/index.html,2022-04-13,CNY,823145306933.0,CNY_100M,SZSE_MARGIN_SUMMARY,SSE_MARGIN_SUMMARY,CNY,,
728006000000.0,1550214340708.0,https://www.sse.com.cn/market/othersdata/margin/sum/,https://www.szse.cn/disclosure/margin/margin/index.html,2022-04-14,CNY,822208340708.0,CNY_100M,SZSE_MARGIN_SUMMARY,SSE_MARGIN_SUMMARY,CNY,,
723018000000.0,1541406672866.0,https://www.sse.com.cn/market/othersdata/margin/sum/,https://www.szse.cn/disclosure/margin/margin/index.html,2022-04-15,CNY,818388672866.0,CNY_100M,SZSE_MARGIN_SUMMARY,SSE_MARGIN_SUMMARY,CNY,,
722560000000.0,1541019315143.0,https://www.sse.com.cn/market/othersdata/margin/sum/,https://www.szse.cn/disclosure/margin/margin/index.html,2022-04-18,CNY,818459315143.0,CNY_100M,SZSE_MARGIN_SUMMARY,SSE_MARGIN_SUMMARY,CNY,,
721731000000.0,1540072922489.0,https://www.sse.com.cn/market/othersdata/margin/sum/,https://www.szse.cn/disclosure/margin/margin/index.html,2022-04-19,CNY,818341922489.0,CNY_100M,SZSE_MARGIN_SUMMARY,SSE_MARGIN_SUMMARY,CNY,,
720979000000.0,1539703649829.0,https://www.sse.com.cn/market/othersdata/margin/sum/,https://www.szse.cn/disclosure/margin/margin/index.html,2022-04-20,CNY,818724649829.0,CNY_100M,SZSE_MARGIN_SUMMARY,SSE_MARGIN_SUMMARY,CNY,,
715383000000.0,1529628491550.0,https://www.sse.com.cn/market/othersdata/margin/sum/,https://www.szse.cn/disclosure/margin/margin/index.html,2022-04-21,CNY,814245491550.0,CNY_100M,SZSE_MARGIN_SUMMARY,SSE_MARGIN_SUMMARY,CNY,,
708908000000.0,1516996418338.0,https://www.sse.com.cn/market/othersdata/margin/sum/,https://www.szse.cn/disclosure/margin/margin/index.html,2022-04-22,CNY,808088418338.0,CNY_100M,SZSE_MARGIN_SUMMARY,SSE_MARGIN_SUMMARY,CNY,,
694667000000.0,1493444756593.0,https://www.sse.com.cn/market/othersdata/margin/sum/,https://www.szse.cn/disclosure/margin/margin/index.html,2022-04-25,CNY,798777756593.0,CNY_100M,SZSE_MARGIN_SUMMARY,SSE_MARGIN_SUMMARY,CNY,,
680107000000.0,1465449465926.0,https://www.sse.com.cn/market/othersdata/margin/sum/,https://www.szse.cn/disclosure/margin/margin/index.html,2022-04-26,CNY,785342465926.0,CNY_100M,SZSE_MARGIN_SUMMARY,SSE_MARGIN_SUMMARY,CNY,,
674566000000.0,1454000455889.0,https://www.sse.com.cn/market/othersdata/margin/sum/,https://www.szse.cn/disclosure/margin/margin/index.html,2022-04-27,CNY,779434455889.0,CNY_100M,SZSE_MARGIN_SUMMARY,SSE_MARGIN_SUMMARY,CNY,,
670073000000.0,1444456614466.0,https://www.sse.com.cn/market/othersdata/margin/sum/,https://www.szse.cn/disclosure/margin/margin/index.html,2022-04-28,CNY,774383614466.0,CNY_100M,SZSE_MARGIN_SUMMARY,SSE_MARGIN_SUMMARY,CNY,,
665381000000.0,1433765978166.0,https://www.sse.com.cn/market/othersdata/margin/sum/,https://www.szse.cn/disclosure/margin/margin/index.html,2022-04-29,CNY,768384978166.0,CNY_100M,SZSE_MARGIN_SUMMARY,SSE_MARGIN_SUMMARY,CNY,,
669396000000.0,1439754757845.0,https://www.sse.com.cn/market/othersdata/margin/sum/,https://www.szse.cn/disclosure/margin/margin/index.html,2022-05-05,CNY,770358757845.0,CNY_100M,SZSE_MARGIN_SUMMARY,SSE_MARGIN_SUMMARY,CNY,,
668143000000.0,1438779270872.0,https://www.sse.com.cn/market/othersdata/margin/sum/,https://www.szse.cn/disclosure/margin/margin/index.html,2022-05-06,CNY,770636270872.0,CNY_100M,SZSE_MARGIN_SUMMARY,SSE_MARGIN_SUMMARY,CNY,,
668275000000.0,1440869360832.0,https://www.sse.com.cn/market/othersdata/margin/sum/,https://www.szse.cn/disclosure/margin/margin/index.html,2022-05-09,CNY,772594360832.0,CNY_100M,SZSE_MARGIN_SUMMARY,SSE_MARGIN_SUMMARY,CNY,,
669317000000.0,1442343055278.0,https://www.sse.com.cn/market/othersdata/margin/sum/,https://www.szse.cn/disclosure/margin/margin/index.html,2022-05-10,CNY,773026055278.0,CNY_100M,SZSE_MARGIN_SUMMARY,SSE_MARGIN_SUMMARY,CNY,,
671351000000.0,1446591016082.0,https://www.sse.com.cn/market/othersdata/margin/sum/,https://www.szse.cn/disclosure/margin/margin/index.html,2022-05-11,CNY,775240016082.0,CNY_100M,SZSE_MARGIN_SUMMARY,SSE_MARGIN_SUMMARY,CNY,,
670287000000.0,1445893280676.0,https://www.sse.com.cn/market/othersdata/margin/sum/,https://www.szse.cn/disclosure/margin/margin/index.html,2022-05-12,CNY,775606280676.0,CNY_100M,SZSE_MARGIN_SUMMARY,SSE_MARGIN_SUMMARY,CNY,,
669567000000.0,1443721774214.0,https://www.sse.com.cn/market/othersdata/margin/sum/,https://www.szse.cn/disclosure/margin/margin/index.html,2022-05-13,CNY,774154774214.0,CNY_100M,SZSE_MARGIN_SUMMARY,SSE_MARGIN_SUMMARY,CNY,,
669739000000.0,1445466439591.0,https://www.sse.com.cn/market/othersdata/margin/sum/,https://www.szse.cn/disclosure/margin/margin/index.html,2022-05-16,CNY,775727439591.0,CNY_100M,SZSE_MARGIN_SUMMARY,SSE_MARGIN_SUMMARY,CNY,,
669784000000.0,1444991185635.0,https://www.sse.com.cn/market/othersdata/margin/sum/,https://www.szse.cn/disclosure/margin/margin/index.html,2022-05-17,CNY,775207185635.0,CNY_100M,SZSE_MARGIN_SUMMARY,SSE_MARGIN_SUMMARY,CNY,,
669579000000.0,1446426783482.0,https://www.sse.com.cn/market/othersdata/margin/sum/,https://www.szse.cn/disclosure/margin/margin/index.html,2022-05-18,CNY,776847783482.0,CNY_100M,SZSE_MARGIN_SUMMARY,SSE_MARGIN_SUMMARY,CNY,,
669466000000.0,1446738455643.0,https://www.sse.com.cn/market/othersdata/margin/sum/,https://www.szse.cn/disclosure/margin/margin/index.html,2022-05-19,CNY,777272455643.0,CNY_100M,SZSE_MARGIN_SUMMARY,SSE_MARGIN_SUMMARY,CNY,,
668325000000.0,1443707706063.0,https://www.sse.com.cn/market/othersdata/margin/sum/,https://www.szse.cn/disclosure/margin/margin/index.html,2022-05-20,CNY,775382706063.0,CNY_100M,SZSE_MARGIN_SUMMARY,SSE_MARGIN_SUMMARY,CNY,,
671237000000.0,1449488389141.0,https://www.sse.com.cn/market/othersdata/margin/sum/,https://www.szse.cn/disclosure/margin/margin/index.html,2022-05-23,CNY,778251389141.0,CNY_100M,SZSE_MARGIN_SUMMARY,SSE_MARGIN_SUMMARY,CNY,,
670943000000.0,1447240399896.0,https://www.sse.com.cn/market/othersdata/margin/sum/,https://www.szse.cn/disclosure/margin/margin/index.html,2022-05-24,CNY,776297399896.0,CNY_100M,SZSE_MARGIN_SUMMARY,SSE_MARGIN_SUMMARY,CNY,,
671851000000.0,1448799782318.0,https://www.sse.com.cn/market/othersdata/margin/sum/,https://www.szse.cn/disclosure/margin/margin/index.html,2022-05-25,CNY,776948782318.0,CNY_100M,SZSE_MARGIN_SUMMARY,SSE_MARGIN_SUMMARY,CNY,,
671845000000.0,1448706193425.0,https://www.sse.com.cn/market/othersdata/margin/sum/,https://www.szse.cn/disclosure/margin/margin/index.html,2022-05-26,CNY,776861193425.0,CNY_100M,SZSE_MARGIN_SUMMARY,SSE_MARGIN_SUMMARY,CNY,,
669890000000.0,1443794370625.0,https://www.sse.com.cn/market/othersdata/margin/sum/,https://www.szse.cn/disclosure/margin/margin/index.html,2022-05-27,CNY,773904370625.0,CNY_100M,SZSE_MARGIN_SUMMARY,SSE_MARGIN_SUMMARY,CNY,,
669718000000.0,1445005251445.0,https://www.sse.com.cn/market/othersdata/margin/sum/,https://www.szse.cn/disclosure/margin/margin/index.html,2022-05-30,CNY,775287251445.0,CNY_100M,SZSE_MARGIN_SUMMARY,SSE_MARGIN_SUMMARY,CNY,,
669172000000.0,1444563474256.0,https://www.sse.com.cn/market/othersdata/margin/sum/,https://www.szse.cn/disclosure/margin/margin/index.html,2022-05-31,CNY,775391474256.0,CNY_100M,SZSE_MARGIN_SUMMARY,SSE_MARGIN_SUMMARY,CNY,,
668382000000.0,1444270801375.0,https://www.sse.com.cn/market/othersdata/margin/sum/,https://www.szse.cn/disclosure/margin/margin/index.html,2022-06-01,CNY,775888801375.0,CNY_100M,SZSE_MARGIN_SUMMARY,SSE_MARGIN_SUMMARY,CNY,,
666652000000.0,1440704689799.0,https://www.sse.com.cn/market/othersdata/margin/sum/,https://www.szse.cn/disclosure/margin/margin/index.html,2022-06-02,CNY,774052689799.0,CNY_100M,SZSE_MARGIN_SUMMARY,SSE_MARGIN_SUMMARY,CNY,,
670146000000.0,1449890766199.0,https://www.sse.com.cn/market/othersdata/margin/sum/,https://www.szse.cn/disclosure/margin/margin/index.html,2022-06-06,CNY,779744766199.0,CNY_100M,SZSE_MARGIN_SUMMARY,SSE_MARGIN_SUMMARY,CNY,,
671267000000.0,1453354338586.0,https://www.sse.com.cn/market/othersdata/margin/sum/,https://www.szse.cn/disclosure/margin/margin/index.html,2022-06-07,CNY,782087338586.0,CNY_100M,SZSE_MARGIN_SUMMARY,SSE_MARGIN_SUMMARY,CNY,,
673440000000.0,1456240121321.0,https://www.sse.com.cn/market/othersdata/margin/sum/,https://www.szse.cn/disclosure/margin/margin/index.html,2022-06-08,CNY,782800121321.0,CNY_100M,SZSE_MARGIN_SUMMARY,SSE_MARGIN_SUMMARY,CNY,,
674780000000.0,1458088464450.0,https://www.sse.com.cn/market/othersdata/margin/sum/,https://www.szse.cn/disclosure/margin/margin/index.html,2022-06-09,CNY,783308464450.0,CNY_100M,SZSE_MARGIN_SUMMARY,SSE_MARGIN_SUMMARY,CNY,,
674742000000.0,1456998232225.0,https://www.sse.com.cn/market/othersdata/margin/sum/,https://www.szse.cn/disclosure/margin/margin/index.html,2022-06-10,CNY,782256232225.0,CNY_100M,SZSE_MARGIN_SUMMARY,SSE_MARGIN_SUMMARY,CNY,,
678170000000.0,1466528540702.0,https://www.sse.com.cn/market/othersdata/margin/sum/,https://www.szse.cn/disclosure/margin/margin/index.html,2022-06-13,CNY,788358540702.0,CNY_100M,SZSE_MARGIN_SUMMARY,SSE_MARGIN_SUMMARY,CNY,,
679879000000.0,1470486292252.0,https://www.sse.com.cn/market/othersdata/margin/sum/,https://www.szse.cn/disclosure/margin/margin/index.html,2022-06-14,CNY,790607292252.0,CNY_100M,SZSE_MARGIN_SUMMARY,SSE_MARGIN_SUMMARY,CNY,,
681814000000.0,1475423922510.0,https://www.sse.com.cn/market/othersdata/margin/sum/,https://www.szse.cn/disclosure/margin/margin/index.html,2022-06-15,CNY,793609922510.0,CNY_100M,SZSE_MARGIN_SUMMARY,SSE_MARGIN_SUMMARY,CNY,,
683274000000.0,1479030728177.0,https://www.sse.com.cn/market/othersdata/margin/sum/,https://www.szse.cn/disclosure/margin/margin/index.html,2022-06-16,CNY,795756728177.0,CNY_100M,SZSE_MARGIN_SUMMARY,SSE_MARGIN_SUMMARY,CNY,,
682998000000.0,1476938350029.0,https://www.sse.com.cn/market/othersdata/margin/sum/,https://www.szse.cn/disclosure/margin/margin/index.html,2022-06-17,CNY,793940350029.0,CNY_100M,SZSE_MARGIN_SUMMARY,SSE_MARGIN_SUMMARY,CNY,,
684744000000.0,1483145593884.0,https://www.sse.com.cn/market/othersdata/margin/sum/,https://www.szse.cn/disclosure/margin/margin/index.html,2022-06-20,CNY,798401593884.0,CNY_100M,SZSE_MARGIN_SUMMARY,SSE_MARGIN_SUMMARY,CNY,,
684136000000.0,1480927144096.0,https://www.sse.com.cn/market/othersdata/margin/sum/,https://www.szse.cn/disclosure/margin/margin/index.html,2022-06-21,CNY,796791144096.0,CNY_100M,SZSE_MARGIN_SUMMARY,SSE_MARGIN_SUMMARY,CNY,,
686021000000.0,1485053181409.0,https://www.sse.com.cn/market/othersdata/margin/sum/,https://www.szse.cn/disclosure/margin/margin/index.html,2022-06-22,CNY,799032181409.0,CNY_100M,SZSE_MARGIN_SUMMARY,SSE_MARGIN_SUMMARY,CNY,,
688554000000.0,1488024136679.0,https://www.sse.com.cn/market/othersdata/margin/sum/,https://www.szse.cn/disclosure/margin/margin/index.html,2022-06-23,CNY,799470136679.0,CNY_100M,SZSE_MARGIN_SUMMARY,SSE_MARGIN_SUMMARY,CNY,,
687747000000.0,1486848774063.0,https://www.sse.com.cn/market/othersdata/margin/sum/,https://www.szse.cn/disclosure/margin/margin/index.html,2022-06-24,CNY,799101774063.0,CNY_100M,SZSE_MARGIN_SUMMARY,SSE_MARGIN_SUMMARY,CNY,,
691961000000.0,1496113526967.0,https://www.sse.com.cn/market/othersdata/margin/sum/,https://www.szse.cn/disclosure/margin/margin/index.html,2022-06-27,CNY,804152526967.0,CNY_100M,SZSE_MARGIN_SUMMARY,SSE_MARGIN_SUMMARY,CNY,,
696641000000.0,1504668652202.0,https://www.sse.com.cn/market/othersdata/margin/sum/,https://www.szse.cn/disclosure/margin/margin/index.html,2022-06-28,CNY,808027652202.0,CNY_100M,SZSE_MARGIN_SUMMARY,SSE_MARGIN_SUMMARY,CNY,,
697315000000.0,1505245379714.0,https://www.sse.com.cn/market/othersdata/margin/sum/,https://www.szse.cn/disclosure/margin/margin/index.html,2022-06-29,CNY,807930379714.0,CNY_100M,SZSE_MARGIN_SUMMARY,SSE_MARGIN_SUMMARY,CNY,,
699596000000.0,1509769314834.0,https://www.sse.com.cn/market/othersdata/margin/sum/,https://www.szse.cn/disclosure/margin/margin/index.html,2022-06-30,CNY,810173314834.0,CNY_100M,SZSE_MARGIN_SUMMARY,SSE_MARGIN_SUMMARY,CNY,,
699305000000.0,1507198323016.0,https://www.sse.com.cn/market/othersdata/margin/sum/,https://www.szse.cn/disclosure/margin/margin/index.html,2022-07-01,CNY,807893323016.0,CNY_100M,SZSE_MARGIN_SUMMARY,SSE_MARGIN_SUMMARY,CNY,,
703873000000.0,1515367011440.0,https://www.sse.com.cn/market/othersdata/margin/sum/,https://www.szse.cn/disclosure/margin/margin/index.html,2022-07-04,CNY,811494011440.0,CNY_100M,SZSE_MARGIN_SUMMARY,SSE_MARGIN_SUMMARY,CNY,,
705287000000.0,1518730887342.0,https://www.sse.com.cn/market/othersdata/margin/sum/,https://www.szse.cn/disclosure/margin/margin/index.html,2022-07-05,CNY,813443887342.0,CNY_100M,SZSE_MARGIN_SUMMARY,SSE_MARGIN_SUMMARY,CNY,,
707525000000.0,1523174145513.0,https://www.sse.com.cn/market/othersdata/margin/sum/,https://www.szse.cn/disclosure/margin/margin/index.html,2022-07-06,CNY,815649145513.0,CNY_100M,SZSE_MARGIN_SUMMARY,SSE_MARGIN_SUMMARY,CNY,,
710950000000.0,1527689788005.0,https://www.sse.com.cn/market/othersdata/margin/sum/,https://www.szse.cn/disclosure/margin/margin/index.html,2022-07-07,CNY,816739788005.0,CNY_100M,SZSE_MARGIN_SUMMARY,SSE_MARGIN_SUMMARY,CNY,,
708122000000.0,1523423810057.0,https://www.sse.com.cn/market/othersdata/margin/sum/,https://www.szse.cn/disclosure/margin/margin/index.html,2022-07-08,CNY,815301810057.0,CNY_100M,SZSE_MARGIN_SUMMARY,SSE_MARGIN_SUMMARY,CNY,,
708678000000.0,1524497236317.0,https://www.sse.com.cn/market/othersdata/margin/sum/,https://www.szse.cn/disclosure/margin/margin/index.html,2022-07-11,CNY,815819236317.0,CNY_100M,SZSE_MARGIN_SUMMARY,SSE_MARGIN_SUMMARY,CNY,,
707871000000.0,1522298103321.0,https://www.sse.com.cn/market/othersdata/margin/sum/,https://www.szse.cn/disclosure/margin/margin/index.html,2022-07-12,CNY,814427103321.0,CNY_100M,SZSE_MARGIN_SUMMARY,SSE_MARGIN_SUMMARY,CNY,,
709770000000.0,1524634156128.0,https://www.sse.com.cn/market/othersdata/margin/sum/,https://www.szse.cn/disclosure/margin/margin/index.html,2022-07-13,CNY,814864156128.0,CNY_100M,SZSE_MARGIN_SUMMARY,SSE_MARGIN_SUMMARY,CNY,,
709967000000.0,1526424913392.0,https://www.sse.com.cn/market/othersdata/margin/sum/,https://www.szse.cn/disclosure/margin/margin/index.html,2022-07-14,CNY,816457913392.0,CNY_100M,SZSE_MARGIN_SUMMARY,SSE_MARGIN_SUMMARY,CNY,,
706245000000.0,1521216261389.0,https://www.sse.com.cn/market/othersdata/margin/sum/,https://www.szse.cn/disclosure/margin/margin/index.html,2022-07-15,CNY,814971261389.0,CNY_100M,SZSE_MARGIN_SUMMARY,SSE_MARGIN_SUMMARY,CNY,,
709672000000.0,1526365870032.0,https://www.sse.com.cn/market/othersdata/margin/sum/,https://www.szse.cn/disclosure/margin/margin/index.html,2022-07-18,CNY,816693870032.0,CNY_100M,SZSE_MARGIN_SUMMARY,SSE_MARGIN_SUMMARY,CNY,,
710916000000.0,1529284021163.0,https://www.sse.com.cn/market/othersdata/margin/sum/,https://www.szse.cn/disclosure/margin/margin/index.html,2022-07-19,CNY,818368021163.0,CNY_100M,SZSE_MARGIN_SUMMARY,SSE_MARGIN_SUMMARY,CNY,,
711803000000.0,1531094476832.0,https://www.sse.com.cn/market/othersdata/margin/sum/,https://www.szse.cn/disclosure/margin/margin/index.html,2022-07-20,CNY,819291476832.0,CNY_100M,SZSE_MARGIN_SUMMARY,SSE_MARGIN_SUMMARY,CNY,,
710493000000.0,1530613344143.0,https://www.sse.com.cn/market/othersdata/margin/sum/,https://www.szse.cn/disclosure/margin/margin/index.html,2022-07-21,CNY,820120344143.0,CNY_100M,SZSE_MARGIN_SUMMARY,SSE_MARGIN_SUMMARY,CNY,,
708425000000.0,1527550924113.0,https://www.sse.com.cn/market/othersdata/margin/sum/,https://www.szse.cn/disclosure/margin/margin/index.html,2022-07-22,CNY,819125924113.0,CNY_100M,SZSE_MARGIN_SUMMARY,SSE_MARGIN_SUMMARY,CNY,,
708157000000.0,1527034487640.0,https://www.sse.com.cn/market/othersdata/margin/sum/,https://www.szse.cn/disclosure/margin/margin/index.html,2022-07-25,CNY,818877487640.0,CNY_100M,SZSE_MARGIN_SUMMARY,SSE_MARGIN_SUMMARY,CNY,,
708771000000.0,1527042843241.0,https://www.sse.com.cn/market/othersdata/margin/sum/,https://www.szse.cn/disclosure/margin/margin/index.html,2022-07-26,CNY,818271843241.0,CNY_100M,SZSE_MARGIN_SUMMARY,SSE_MARGIN_SUMMARY,CNY,,
711130000000.0,1530976008863.0,https://www.sse.com.cn/market/othersdata/margin/sum/,https://www.szse.cn/disclosure/margin/margin/index.html,2022-07-27,CNY,819846008863.0,CNY_100M,SZSE_MARGIN_SUMMARY,SSE_MARGIN_SUMMARY,CNY,,
711183000000.0,1531264385003.0,https://www.sse.com.cn/market/othersdata/margin/sum/,https://www.szse.cn/disclosure/margin/margin/index.html,2022-07-28,CNY,820081385003.0,CNY_100M,SZSE_MARGIN_SUMMARY,SSE_MARGIN_SUMMARY,CNY,,
709673000000.0,1527734069544.0,https://www.sse.com.cn/market/othersdata/margin/sum/,https://www.szse.cn/disclosure/margin/margin/index.html,2022-07-29,CNY,818061069544.0,CNY_100M,SZSE_MARGIN_SUMMARY,SSE_MARGIN_SUMMARY,CNY,,
711534000000.0,1530526456447.0,https://www.sse.com.cn/market/othersdata/margin/sum/,https://www.szse.cn/disclosure/margin/margin/index.html,2022-08-01,CNY,818992456447.0,CNY_100M,SZSE_MARGIN_SUMMARY,SSE_MARGIN_SUMMARY,CNY,,
705009000000.0,1518471510618.0,https://www.sse.com.cn/market/othersdata/margin/sum/,https://www.szse.cn/disclosure/margin/margin/index.html,2022-08-02,CNY,813462510618.0,CNY_100M,SZSE_MARGIN_SUMMARY,SSE_MARGIN_SUMMARY,CNY,,
703109000000.0,1515400833769.0,https://www.sse.com.cn/market/othersdata/margin/sum/,https://www.szse.cn/disclosure/margin/margin/index.html,2022-08-03,CNY,812291833769.0,CNY_100M,SZSE_MARGIN_SUMMARY,SSE_MARGIN_SUMMARY,CNY,,
704045000000.0,1517750139650.0,https://www.sse.com.cn/market/othersdata/margin/sum/,https://www.szse.cn/disclosure/margin/margin/index.html,2022-08-04,CNY,813705139650.0,CNY_100M,SZSE_MARGIN_SUMMARY,SSE_MARGIN_SUMMARY,CNY,,
701541000000.0,1514590843823.0,https://www.sse.com.cn/market/othersdata/margin/sum/,https://www.szse.cn/disclosure/margin/margin/index.html,2022-08-05,CNY,813049843823.0,CNY_100M,SZSE_MARGIN_SUMMARY,SSE_MARGIN_SUMMARY,CNY,,
703991000000.0,1518631869080.0,https://www.sse.com.cn/market/othersdata/margin/sum/,https://www.szse.cn/disclosure/margin/margin/index.html,2022-08-08,CNY,814640869080.0,CNY_100M,SZSE_MARGIN_SUMMARY,SSE_MARGIN_SUMMARY,CNY,,
706225000000.0,1523187196621.0,https://www.sse.com.cn/market/othersdata/margin/sum/,https://www.szse.cn/disclosure/margin/margin/index.html,2022-08-09,CNY,816962196621.0,CNY_100M,SZSE_MARGIN_SUMMARY,SSE_MARGIN_SUMMARY,CNY,,
707973000000.0,1526348102481.0,https://www.sse.com.cn/market/othersdata/margin/sum/,https://www.szse.cn/disclosure/margin/margin/index.html,2022-08-10,CNY,818375102481.0,CNY_100M,SZSE_MARGIN_SUMMARY,SSE_MARGIN_SUMMARY,CNY,,
709654000000.0,1527829734041.0,https://www.sse.com.cn/market/othersdata/margin/sum/,https://www.szse.cn/disclosure/margin/margin/index.html,2022-08-11,CNY,818175734041.0,CNY_100M,SZSE_MARGIN_SUMMARY,SSE_MARGIN_SUMMARY,CNY,,
706542000000.0,1522318022678.0,https://www.sse.com.cn/market/othersdata/margin/sum/,https://www.szse.cn/disclosure/margin/margin/index.html,2022-08-12,CNY,815776022678.0,CNY_100M,SZSE_MARGIN_SUMMARY,SSE_MARGIN_SUMMARY,CNY,,
709825000000.0,1527776632910.0,https://www.sse.com.cn/market/othersdata/margin/sum/,https://www.szse.cn/disclosure/margin/margin/index.html,2022-08-15,CNY,817951632910.0,CNY_100M,SZSE_MARGIN_SUMMARY,SSE_MARGIN_SUMMARY,CNY,,
711229000000.0,1530483198291.0,https://www.sse.com.cn/market/othersdata/margin/sum/,https://www.szse.cn/disclosure/margin/margin/index.html,2022-08-16,CNY,819254198291.0,CNY_100M,SZSE_MARGIN_SUMMARY,SSE_MARGIN_SUMMARY,CNY,,
713060000000.0,1533086080300.0,https://www.sse.com.cn/market/othersdata/margin/sum/,https://www.szse.cn/disclosure/margin/margin/index.html,2022-08-17,CNY,820026080300.0,CNY_100M,SZSE_MARGIN_SUMMARY,SSE_MARGIN_SUMMARY,CNY,,
714768000000.0,1536273494211.0,https://www.sse.com.cn/market/othersdata/margin/sum/,https://www.szse.cn/disclosure/margin/margin/index.html,2022-08-18,CNY,821505494211.0,CNY_100M,SZSE_MARGIN_SUMMARY,SSE_MARGIN_SUMMARY,CNY,,
711967000000.0,1530763898343.0,https://www.sse.com.cn/market/othersdata/margin/sum/,https://www.szse.cn/disclosure/margin/margin/index.html,2022-08-19,CNY,818796898343.0,CNY_100M,SZSE_MARGIN_SUMMARY,SSE_MARGIN_SUMMARY,CNY,,
712222000000.0,1531986989605.0,https://www.sse.com.cn/market/othersdata/margin/sum/,https://www.szse.cn/disclosure/margin/margin/index.html,2022-08-22,CNY,819764989605.0,CNY_100M,SZSE_MARGIN_SUMMARY,SSE_MARGIN_SUMMARY,CNY,,
713625000000.0,1534898324019.0,https://www.sse.com.cn/market/othersdata/margin/sum/,https://www.szse.cn/disclosure/margin/margin/index.html,2022-08-23,CNY,821273324019.0,CNY_100M,SZSE_MARGIN_SUMMARY,SSE_MARGIN_SUMMARY,CNY,,
710839000000.0,1529359354358.0,https://www.sse.com.cn/market/othersdata/margin/sum/,https://www.szse.cn/disclosure/margin/margin/index.html,2022-08-24,CNY,818520354358.0,CNY_100M,SZSE_MARGIN_SUMMARY,SSE_MARGIN_SUMMARY,CNY,,
709321000000.0,1526286812332.0,https://www.sse.com.cn/market/othersdata/margin/sum/,https://www.szse.cn/disclosure/margin/margin/index.html,2022-08-25,CNY,816965812332.0,CNY_100M,SZSE_MARGIN_SUMMARY,SSE_MARGIN_SUMMARY,CNY,,
707217000000.0,1520946709479.0,https://www.sse.com.cn/market/othersdata/margin/sum/,https://www.szse.cn/disclosure/margin/margin/index.html,2022-08-26,CNY,813729709479.0,CNY_100M,SZSE_MARGIN_SUMMARY,SSE_MARGIN_SUMMARY,CNY,,
707718000000.0,1521869763169.0,https://www.sse.com.cn/market/othersdata/margin/sum/,https://www.szse.cn/disclosure/margin/margin/index.html,2022-08-29,CNY,814151763169.0,CNY_100M,SZSE_MARGIN_SUMMARY,SSE_MARGIN_SUMMARY,CNY,,
707941000000.0,1520933456940.0,https://www.sse.com.cn/market/othersdata/margin/sum/,https://www.szse.cn/disclosure/margin/margin/index.html,2022-08-30,CNY,812992456940.0,CNY_100M,SZSE_MARGIN_SUMMARY,SSE_MARGIN_SUMMARY,CNY,,
702916000000.0,1510645362103.0,https://www.sse.com.cn/market/othersdata/margin/sum/,https://www.szse.cn/disclosure/margin/margin/index.html,2022-08-31,CNY,807729362103.0,CNY_100M,SZSE_MARGIN_SUMMARY,SSE_MARGIN_SUMMARY,CNY,,
700761000000.0,1506717223789.0,https://www.sse.com.cn/market/othersdata/margin/sum/,https://www.szse.cn/disclosure/margin/margin/index.html,2022-09-01,CNY,805956223789.0,CNY_100M,SZSE_MARGIN_SUMMARY,SSE_MARGIN_SUMMARY,CNY,,
698895000000.0,1503442309813.0,https://www.sse.com.cn/market/othersdata/margin/sum/,https://www.szse.cn/disclosure/margin/margin/index.html,2022-09-02,CNY,804547309813.0,CNY_100M,SZSE_MARGIN_SUMMARY,SSE_MARGIN_SUMMARY,CNY,,
699661000000.0,1504378543345.0,https://www.sse.com.cn/market/othersdata/margin/sum/,https://www.szse.cn/disclosure/margin/margin/index.html,2022-09-05,CNY,804717543345.0,CNY_100M,SZSE_MARGIN_SUMMARY,SSE_MARGIN_SUMMARY,CNY,,
701018000000.0,1504531344268.0,https://www.sse.com.cn/market/othersdata/margin/sum/,https://www.szse.cn/disclosure/margin/margin/index.html,2022-09-06,CNY,803513344268.0,CNY_100M,SZSE_MARGIN_SUMMARY,SSE_MARGIN_SUMMARY,CNY,,
702415000000.0,1506618104743.0,https://www.sse.com.cn/market/othersdata/margin/sum/,https://www.szse.cn/disclosure/margin/margin/index.html,2022-09-07,CNY,804203104743.0,CNY_100M,SZSE_MARGIN_SUMMARY,SSE_MARGIN_SUMMARY,CNY,,
702248000000.0,1505184935915.0,https://www.sse.com.cn/market/othersdata/margin/sum/,https://www.szse.cn/disclosure/margin/margin/index.html,2022-09-08,CNY,802936935915.0,CNY_100M,SZSE_MARGIN_SUMMARY,SSE_MARGIN_SUMMARY,CNY,,
699444000000.0,1497109884010.0,https://www.sse.com.cn/market/othersdata/margin/sum/,https://www.szse.cn/disclosure/margin/margin/index.html,2022-09-09,CNY,797665884010.0,CNY_100M,SZSE_MARGIN_SUMMARY,SSE_MARGIN_SUMMARY,CNY,,
699686000000.0,1499327281579.0,https://www.sse.com.cn/market/othersdata/margin/sum/,https://www.szse.cn/disclosure/margin/margin/index.html,2022-09-13,CNY,799641281579.0,CNY_100M,SZSE_MARGIN_SUMMARY,SSE_MARGIN_SUMMARY,CNY,,
699699000000.0,1498980463122.0,https://www.sse.com.cn/market/othersdata/margin/sum/,https://www.szse.cn/disclosure/margin/margin/index.html,2022-09-14,CNY,799281463122.0,CNY_100M,SZSE_MARGIN_SUMMARY,SSE_MARGIN_SUMMARY,CNY,,
696864000000.0,1493408742207.0,https://www.sse.com.cn/market/othersdata/margin/sum/,https://www.szse.cn/disclosure/margin/margin/index.html,2022-09-15,CNY,796544742207.0,CNY_100M,SZSE_MARGIN_SUMMARY,SSE_MARGIN_SUMMARY,CNY,,
694201000000.0,1487842670445.0,https://www.sse.com.cn/market/othersdata/margin/sum/,https://www.szse.cn/disclosure/margin/margin/index.html,2022-09-16,CNY,793641670445.0,CNY_100M,SZSE_MARGIN_SUMMARY,SSE_MARGIN_SUMMARY,CNY,,
693213000000.0,1484971426442.0,https://www.sse.com.cn/market/othersdata/margin/sum/,https://www.szse.cn/disclosure/margin/margin/index.html,2022-09-19,CNY,791758426442.0,CNY_100M,SZSE_MARGIN_SUMMARY,SSE_MARGIN_SUMMARY,CNY,,
693438000000.0,1485755272001.0,https://www.sse.com.cn/market/othersdata/margin/sum/,https://www.szse.cn/disclosure/margin/margin/index.html,2022-09-20,CNY,792317272001.0,CNY_100M,SZSE_MARGIN_SUMMARY,SSE_MARGIN_SUMMARY,CNY,,
694000000000.0,1486373742514.0,https://www.sse.com.cn/market/othersdata/margin/sum/,https://www.szse.cn/disclosure/margin/margin/index.html,2022-09-21,CNY,792373742514.0,CNY_100M,SZSE_MARGIN_SUMMARY,SSE_MARGIN_SUMMARY,CNY,,
693099000000.0,1484470965565.0,https://www.sse.com.cn/market/othersdata/margin/sum/,https://www.szse.cn/disclosure/margin/margin/index.html,2022-09-22,CNY,791371965565.0,CNY_100M,SZSE_MARGIN_SUMMARY,SSE_MARGIN_SUMMARY,CNY,,
689817000000.0,1477064836470.0,https://www.sse.com.cn/market/othersdata/margin/sum/,https://www.szse.cn/disclosure/margin/margin/index.html,2022-09-23,CNY,787247836470.0,CNY_100M,SZSE_MARGIN_SUMMARY,SSE_MARGIN_SUMMARY,CNY,,
686832000000.0,1472606425677.0,https://www.sse.com.cn/market/othersdata/margin/sum/,https://www.szse.cn/disclosure/margin/margin/index.html,2022-09-26,CNY,785774425677.0,CNY_100M,SZSE_MARGIN_SUMMARY,SSE_MARGIN_SUMMARY,CNY,,
685955000000.0,1471195104940.0,https://www.sse.com.cn/market/othersdata/margin/sum/,https://www.szse.cn/disclosure/margin/margin/index.html,2022-09-27,CNY,785240104940.0,CNY_100M,SZSE_MARGIN_SUMMARY,SSE_MARGIN_SUMMARY,CNY,,
682883000000.0,1463996221616.0,https://www.sse.com.cn/market/othersdata/margin/sum/,https://www.szse.cn/disclosure/margin/margin/index.html,2022-09-28,CNY,781113221616.0,CNY_100M,SZSE_MARGIN_SUMMARY,SSE_MARGIN_SUMMARY,CNY,,
681041000000.0,1459871915826.0,https://www.sse.com.cn/market/othersdata/margin/sum/,https://www.szse.cn/disclosure/margin/margin/index.html,2022-09-29,CNY,778830915826.0,CNY_100M,SZSE_MARGIN_SUMMARY,SSE_MARGIN_SUMMARY,CNY,,
672939000000.0,1443562751931.0,https://www.sse.com.cn/market/othersdata/margin/sum/,https://www.szse.cn/disclosure/margin/margin/index.html,2022-09-30,CNY,770623751931.0,CNY_100M,SZSE_MARGIN_SUMMARY,SSE_MARGIN_SUMMARY,CNY,,
673045000000.0,1444248514053.0,https://www.sse.com.cn/market/othersdata/margin/sum/,https://www.szse.cn/disclosure/margin/margin/index.html,2022-10-10,CNY,771203514053.0,CNY_100M,SZSE_MARGIN_SUMMARY,SSE_MARGIN_SUMMARY,CNY,,
672694000000.0,1443429102720.0,https://www.sse.com.cn/market/othersdata/margin/sum/,https://www.szse.cn/disclosure/margin/margin/index.html,2022-10-11,CNY,770735102720.0,CNY_100M,SZSE_MARGIN_SUMMARY,SSE_MARGIN_SUMMARY,CNY,,
673424000000.0,1444794482389.0,https://www.sse.com.cn/market/othersdata/margin/sum/,https://www.szse.cn/disclosure/margin/margin/index.html,2022-10-12,CNY,771370482389.0,CNY_100M,SZSE_MARGIN_SUMMARY,SSE_MARGIN_SUMMARY,CNY,,
673377000000.0,1445753809092.0,https://www.sse.com.cn/market/othersdata/margin/sum/,https://www.szse.cn/disclosure/margin/margin/index.html,2022-10-13,CNY,772376809092.0,CNY_100M,SZSE_MARGIN_SUMMARY,SSE_MARGIN_SUMMARY,CNY,,
671920000000.0,1443943311463.0,https://www.sse.com.cn/market/othersdata/margin/sum/,https://www.szse.cn/disclosure/margin/margin/index.html,2022-10-14,CNY,772023311463.0,CNY_100M,SZSE_MARGIN_SUMMARY,SSE_MARGIN_SUMMARY,CNY,,
672967000000.0,1446330951153.0,https://www.sse.com.cn/market/othersdata/margin/sum/,https://www.szse.cn/disclosure/margin/margin/index.html,2022-10-17,CNY,773363951153.0,CNY_100M,SZSE_MARGIN_SUMMARY,SSE_MARGIN_SUMMARY,CNY,,
674453000000.0,1448445838909.0,https://www.sse.com.cn/market/othersdata/margin/sum/,https://www.szse.cn/disclosure/margin/margin/index.html,2022-10-18,CNY,773992838909.0,CNY_100M,SZSE_MARGIN_SUMMARY,SSE_MARGIN_SUMMARY,CNY,,
675023000000.0,1450329396795.0,https://www.sse.com.cn/market/othersdata/margin/sum/,https://www.szse.cn/disclosure/margin/margin/index.html,2022-10-19,CNY,775306396795.0,CNY_100M,SZSE_MARGIN_SUMMARY,SSE_MARGIN_SUMMARY,CNY,,
674649000000.0,1450918929247.0,https://www.sse.com.cn/market/othersdata/margin/sum/,https://www.szse.cn/disclosure/margin/margin/index.html,2022-10-20,CNY,776269929247.0,CNY_100M,SZSE_MARGIN_SUMMARY,SSE_MARGIN_SUMMARY,CNY,,
673025000000.0,1446717767359.0,https://www.sse.com.cn/market/othersdata/margin/sum/,https://www.szse.cn/disclosure/margin/margin/index.html,2022-10-21,CNY,773692767359.0,CNY_100M,SZSE_MARGIN_SUMMARY,SSE_MARGIN_SUMMARY,CNY,,
674834000000.0,1449655459548.0,https://www.sse.com.cn/market/othersdata/margin/sum/,https://www.szse.cn/disclosure/margin/margin/index.html,2022-10-24,CNY,774821459548.0,CNY_100M,SZSE_MARGIN_SUMMARY,SSE_MARGIN_SUMMARY,CNY,,
675564000000.0,1449533828275.0,https://www.sse.com.cn/market/othersdata/margin/sum/,https://www.szse.cn/disclosure/margin/margin/index.html,2022-10-25,CNY,773969828275.0,CNY_100M,SZSE_MARGIN_SUMMARY,SSE_MARGIN_SUMMARY,CNY,,
677683000000.0,1453516466675.0,https://www.sse.com.cn/market/othersdata/margin/sum/,https://www.szse.cn/disclosure/margin/margin/index.html,2022-10-26,CNY,775833466675.0,CNY_100M,SZSE_MARGIN_SUMMARY,SSE_MARGIN_SUMMARY,CNY,,
677771000000.0,1452567204610.0,https://www.sse.com.cn/market/othersdata/margin/sum/,https://www.szse.cn/disclosure/margin/margin/index.html,2022-10-27,CNY,774796204610.0,CNY_100M,SZSE_MARGIN_SUMMARY,SSE_MARGIN_SUMMARY,CNY,,
672588000000.0,1441187549673.0,https://www.sse.com.cn/market/othersdata/margin/sum/,https://www.szse.cn/disclosure/margin/margin/index.html,2022-10-28,CNY,768599549673.0,CNY_100M,SZSE_MARGIN_SUMMARY,SSE_MARGIN_SUMMARY,CNY,,
674080000000.0,1442816970587.0,https://www.sse.com.cn/market/othersdata/margin/sum/,https://www.szse.cn/disclosure/margin/margin/index.html,2022-10-31,CNY,768736970587.0,CNY_100M,SZSE_MARGIN_SUMMARY,SSE_MARGIN_SUMMARY,CNY,,
676768000000.0,1446435966856.0,https://www.sse.com.cn/market/othersdata/margin/sum/,https://www.szse.cn/disclosure/margin/margin/index.html,2022-11-01,CNY,769667966856.0,CNY_100M,SZSE_MARGIN_SUMMARY,SSE_MARGIN_SUMMARY,CNY,,
677410000000.0,1447694229577.0,https://www.sse.com.cn/market/othersdata/margin/sum/,https://www.szse.cn/disclosure/margin/margin/index.html,2022-11-02,CNY,770284229577.0,CNY_100M,SZSE_MARGIN_SUMMARY,SSE_MARGIN_SUMMARY,CNY,,
679521000000.0,1452144348328.0,https://www.sse.com.cn/market/othersdata/margin/sum/,https://www.szse.cn/disclosure/margin/margin/index.html,2022-11-03,CNY,772623348328.0,CNY_100M,SZSE_MARGIN_SUMMARY,SSE_MARGIN_SUMMARY,CNY,,
680677000000.0,1453139692744.0,https://www.sse.com.cn/market/othersdata/margin/sum/,https://www.szse.cn/disclosure/margin/margin/index.html,2022-11-04,CNY,772462692744.0,CNY_100M,SZSE_MARGIN_SUMMARY,SSE_MARGIN_SUMMARY,CNY,,
682929000000.0,1458829520228.0,https://www.sse.com.cn/market/othersdata/margin/sum/,https://www.szse.cn/disclosure/margin/margin/index.html,2022-11-07,CNY,775900520228.0,CNY_100M,SZSE_MARGIN_SUMMARY,SSE_MARGIN_SUMMARY,CNY,,
685994000000.0,1463218082043.0,https://www.sse.com.cn/market/othersdata/margin/sum/,https://www.szse.cn/disclosure/margin/margin/index.html,2022-11-08,CNY,777224082043.0,CNY_100M,SZSE_MARGIN_SUMMARY,SSE_MARGIN_SUMMARY,CNY,,
687924000000.0,1465748824498.0,https://www.sse.com.cn/market/othersdata/margin/sum/,https://www.szse.cn/disclosure/margin/margin/index.html,2022-11-09,CNY,777824824498.0,CNY_100M,SZSE_MARGIN_SUMMARY,SSE_MARGIN_SUMMARY,CNY,,
688768000000.0,1466318981686.0,https://www.sse.com.cn/market/othersdata/margin/sum/,https://www.szse.cn/disclosure/margin/margin/index.html,2022-11-10,CNY,777550981686.0,CNY_100M,SZSE_MARGIN_SUMMARY,SSE_MARGIN_SUMMARY,CNY,,
686344000000.0,1459896787965.0,https://www.sse.com.cn/market/othersdata/margin/sum/,https://www.szse.cn/disclosure/margin/margin/index.html,2022-11-11,CNY,773552787965.0,CNY_100M,SZSE_MARGIN_SUMMARY,SSE_MARGIN_SUMMARY,CNY,,
686525000000.0,1460445229118.0,https://www.sse.com.cn/market/othersdata/margin/sum/,https://www.szse.cn/disclosure/margin/margin/index.html,2022-11-14,CNY,773920229118.0,CNY_100M,SZSE_MARGIN_SUMMARY,SSE_MARGIN_SUMMARY,CNY,,
687992000000.0,1463698762626.0,https://www.sse.com.cn/market/othersdata/margin/sum/,https://www.szse.cn/disclosure/margin/margin/index.html,2022-11-15,CNY,775706762626.0,CNY_100M,SZSE_MARGIN_SUMMARY,SSE_MARGIN_SUMMARY,CNY,,
689725000000.0,1465564406247.0,https://www.sse.com.cn/market/othersdata/margin/sum/,https://www.szse.cn/disclosure/margin/margin/index.html,2022-11-16,CNY,775839406247.0,CNY_100M,SZSE_MARGIN_SUMMARY,SSE_MARGIN_SUMMARY,CNY,,
691088000000.0,1468376642064.0,https://www.sse.com.cn/market/othersdata/margin/sum/,https://www.szse.cn/disclosure/margin/margin/index.html,2022-11-17,CNY,777288642064.0,CNY_100M,SZSE_MARGIN_SUMMARY,SSE_MARGIN_SUMMARY,CNY,,
690456000000.0,1465063255920.0,https://www.sse.com.cn/market/othersdata/margin/sum/,https://www.szse.cn/disclosure/margin/margin/index.html,2022-11-18,CNY,774607255920.0,CNY_100M,SZSE_MARGIN_SUMMARY,SSE_MARGIN_SUMMARY,CNY,,
694078000000.0,1471155218098.0,https://www.sse.com.cn/market/othersdata/margin/sum/,https://www.szse.cn/disclosure/margin/margin/index.html,2022-11-21,CNY,777077218098.0,CNY_100M,SZSE_MARGIN_SUMMARY,SSE_MARGIN_SUMMARY,CNY,,
694341000000.0,1471175636854.0,https://www.sse.com.cn/market/othersdata/margin/sum/,https://www.szse.cn/disclosure/margin/margin/index.html,2022-11-22,CNY,776834636854.0,CNY_100M,SZSE_MARGIN_SUMMARY,SSE_MARGIN_SUMMARY,CNY,,
694630000000.0,1471632601688.0,https://www.sse.com.cn/market/othersdata/margin/sum/,https://www.szse.cn/disclosure/margin/margin/index.html,2022-11-23,CNY,777002601688.0,CNY_100M,SZSE_MARGIN_SUMMARY,SSE_MARGIN_SUMMARY,CNY,,
695468000000.0,1471629135356.0,https://www.sse.com.cn/market/othersdata/margin/sum/,https://www.szse.cn/disclosure/margin/margin/index.html,2022-11-24,CNY,776161135356.0,CNY_100M,SZSE_MARGIN_SUMMARY,SSE_MARGIN_SUMMARY,CNY,,
692005000000.0,1464549316046.0,https://www.sse.com.cn/market/othersdata/margin/sum/,https://www.szse.cn/disclosure/margin/margin/index.html,2022-11-25,CNY,772544316046.0,CNY_100M,SZSE_MARGIN_SUMMARY,SSE_MARGIN_SUMMARY,CNY,,
691358000000.0,1464226801219.0,https://www.sse.com.cn/market/othersdata/margin/sum/,https://www.szse.cn/disclosure/margin/margin/index.html,2022-11-28,CNY,772868801219.0,CNY_100M,SZSE_MARGIN_SUMMARY,SSE_MARGIN_SUMMARY,CNY,,
692279000000.0,1466097172180.0,https://www.sse.com.cn/market/othersdata/margin/sum/,https://www.szse.cn/disclosure/margin/margin/index.html,2022-11-29,CNY,773818172180.0,CNY_100M,SZSE_MARGIN_SUMMARY,SSE_MARGIN_SUMMARY,CNY,,
692933000000.0,1464357149549.0,https://www.sse.com.cn/market/othersdata/margin/sum/,https://www.szse.cn/disclosure/margin/margin/index.html,2022-11-30,CNY,771424149549.0,CNY_100M,SZSE_MARGIN_SUMMARY,SSE_MARGIN_SUMMARY,CNY,,
692556000000.0,1465562882074.0,https://www.sse.com.cn/market/othersdata/margin/sum/,https://www.szse.cn/disclosure/margin/margin/index.html,2022-12-01,CNY,773006882074.0,CNY_100M,SZSE_MARGIN_SUMMARY,SSE_MARGIN_SUMMARY,CNY,,
691644000000.0,1463828356386.0,https://www.sse.com.cn/market/othersdata/margin/sum/,https://www.szse.cn/disclosure/margin/margin/index.html,2022-12-02,CNY,772184356386.0,CNY_100M,SZSE_MARGIN_SUMMARY,SSE_MARGIN_SUMMARY,CNY,,
694705000000.0,1470744754984.0,https://www.sse.com.cn/market/othersdata/margin/sum/,https://www.szse.cn/disclosure/margin/margin/index.html,2022-12-05,CNY,776039754984.0,CNY_100M,SZSE_MARGIN_SUMMARY,SSE_MARGIN_SUMMARY,CNY,,
695467000000.0,1471570539100.0,https://www.sse.com.cn/market/othersdata/margin/sum/,https://www.szse.cn/disclosure/margin/margin/index.html,2022-12-06,CNY,776103539100.0,CNY_100M,SZSE_MARGIN_SUMMARY,SSE_MARGIN_SUMMARY,CNY,,
697072000000.0,1474254938303.0,https://www.sse.com.cn/market/othersdata/margin/sum/,https://www.szse.cn/disclosure/margin/margin/index.html,2022-12-07,CNY,777182938303.0,CNY_100M,SZSE_MARGIN_SUMMARY,SSE_MARGIN_SUMMARY,CNY,,
697002000000.0,1474200575304.0,https://www.sse.com.cn/market/othersdata/margin/sum/,https://www.szse.cn/disclosure/margin/margin/index.html,2022-12-08,CNY,777198575304.0,CNY_100M,SZSE_MARGIN_SUMMARY,SSE_MARGIN_SUMMARY,CNY,,
695429000000.0,1471567478545.0,https://www.sse.com.cn/market/othersdata/margin/sum/,https://www.szse.cn/disclosure/margin/margin/index.html,2022-12-09,CNY,776138478545.0,CNY_100M,SZSE_MARGIN_SUMMARY,SSE_MARGIN_SUMMARY,CNY,,
697376000000.0,1476853957495.0,https://www.sse.com.cn/market/othersdata/margin/sum/,https://www.szse.cn/disclosure/margin/margin/index.html,2022-12-12,CNY,779477957495.0,CNY_100M,SZSE_MARGIN_SUMMARY,SSE_MARGIN_SUMMARY,CNY,,
698236000000.0,1476942150308.0,https://www.sse.com.cn/market/othersdata/margin/sum/,https://www.szse.cn/disclosure/margin/margin/index.html,2022-12-13,CNY,778706150308.0,CNY_100M,SZSE_MARGIN_SUMMARY,SSE_MARGIN_SUMMARY,CNY,,
697589000000.0,1474676007843.0,https://www.sse.com.cn/market/othersdata/margin/sum/,https://www.szse.cn/disclosure/margin/margin/index.html,2022-12-14,CNY,777087007843.0,CNY_100M,SZSE_MARGIN_SUMMARY,SSE_MARGIN_SUMMARY,CNY,,
699421000000.0,1477175941694.0,https://www.sse.com.cn/market/othersdata/margin/sum/,https://www.szse.cn/disclosure/margin/margin/index.html,2022-12-15,CNY,777754941694.0,CNY_100M,SZSE_MARGIN_SUMMARY,SSE_MARGIN_SUMMARY,CNY,,
697070000000.0,1471802973259.0,https://www.sse.com.cn/market/othersdata/margin/sum/,https://www.szse.cn/disclosure/margin/margin/index.html,2022-12-16,CNY,774732973259.0,CNY_100M,SZSE_MARGIN_SUMMARY,SSE_MARGIN_SUMMARY,CNY,,
696438000000.0,1469733688119.0,https://www.sse.com.cn/market/othersdata/margin/sum/,https://www.szse.cn/disclosure/margin/margin/index.html,2022-12-19,CNY,773295688119.0,CNY_100M,SZSE_MARGIN_SUMMARY,SSE_MARGIN_SUMMARY,CNY,,
696243000000.0,1469984005498.0,https://www.sse.com.cn/market/othersdata/margin/sum/,https://www.szse.cn/disclosure/margin/margin/index.html,2022-12-20,CNY,773741005498.0,CNY_100M,SZSE_MARGIN_SUMMARY,SSE_MARGIN_SUMMARY,CNY,,
694107000000.0,1466238190941.0,https://www.sse.com.cn/market/othersdata/margin/sum/,https://www.szse.cn/disclosure/margin/margin/index.html,2022-12-21,CNY,772131190941.0,CNY_100M,SZSE_MARGIN_SUMMARY,SSE_MARGIN_SUMMARY,CNY,,
691436000000.0,1461744253069.0,https://www.sse.com.cn/market/othersdata/margin/sum/,https://www.szse.cn/disclosure/margin/margin/index.html,2022-12-22,CNY,770308253069.0,CNY_100M,SZSE_MARGIN_SUMMARY,SSE_MARGIN_SUMMARY,CNY,,
688382000000.0,1456190102655.0,https://www.sse.com.cn/market/othersdata/margin/sum/,https://www.szse.cn/disclosure/margin/margin/index.html,2022-12-23,CNY,767808102655.0,CNY_100M,SZSE_MARGIN_SUMMARY,SSE_MARGIN_SUMMARY,CNY,,
689038000000.0,1458321179666.0,https://www.sse.com.cn/market/othersdata/margin/sum/,https://www.szse.cn/disclosure/margin/margin/index.html,2022-12-26,CNY,769283179666.0,CNY_100M,SZSE_MARGIN_SUMMARY,SSE_MARGIN_SUMMARY,CNY,,
688002000000.0,1456302105500.0,https://www.sse.com.cn/market/othersdata/margin/sum/,https://www.szse.cn/disclosure/margin/margin/index.html,2022-12-27,CNY,768300105500.0,CNY_100M,SZSE_MARGIN_SUMMARY,SSE_MARGIN_SUMMARY,CNY,,
686511000000.0,1452983799612.0,https://www.sse.com.cn/market/othersdata/margin/sum/,https://www.szse.cn/disclosure/margin/margin/index.html,2022-12-28,CNY,766472799612.0,CNY_100M,SZSE_MARGIN_SUMMARY,SSE_MARGIN_SUMMARY,CNY,,
685687000000.0,1452447403679.0,https://www.sse.com.cn/market/othersdata/margin/sum/,https://www.szse.cn/disclosure/margin/margin/index.html,2022-12-29,CNY,766760403679.0,CNY_100M,SZSE_MARGIN_SUMMARY,SSE_MARGIN_SUMMARY,CNY,,
681996000000.0,1444510201807.0,https://www.sse.com.cn/market/othersdata/margin/sum/,https://www.szse.cn/disclosure/margin/margin/index.html,2022-12-30,CNY,762514201807.0,CNY_100M,SZSE_MARGIN_SUMMARY,SSE_MARGIN_SUMMARY,CNY,,
685152000000.0,1449502187189.0,https://www.sse.com.cn/market/othersdata/margin/sum/,https://www.szse.cn/disclosure/margin/margin/index.html,2023-01-03,CNY,764350187189.0,CNY_100M,SZSE_MARGIN_SUMMARY,SSE_MARGIN_SUMMARY,CNY,,
686114000000.0,1450532863386.0,https://www.sse.com.cn/market/othersdata/margin/sum/,https://www.szse.cn/disclosure/margin/margin/index.html,2023-01-04,CNY,764418863386.0,CNY_100M,SZSE_MARGIN_SUMMARY,SSE_MARGIN_SUMMARY,CNY,,
687427000000.0,1452206384596.0,https://www.sse.com.cn/market/othersdata/margin/sum/,https://www.szse.cn/disclosure/margin/margin/index.html,2023-01-05,CNY,764779384596.0,CNY_100M,SZSE_MARGIN_SUMMARY,SSE_MARGIN_SUMMARY,CNY,,
685804000000.0,1449148296620.0,https://www.sse.com.cn/market/othersdata/margin/sum/,https://www.szse.cn/disclosure/margin/margin/index.html,2023-01-06,CNY,763344296620.0,CNY_100M,SZSE_MARGIN_SUMMARY,SSE_MARGIN_SUMMARY,CNY,,
686629000000.0,1451453244326.0,https://www.sse.com.cn/market/othersdata/margin/sum/,https://www.szse.cn/disclosure/margin/margin/index.html,2023-01-09,CNY,764824244326.0,CNY_100M,SZSE_MARGIN_SUMMARY,SSE_MARGIN_SUMMARY,CNY,,
686211000000.0,1451205925871.0,https://www.sse.com.cn/market/othersdata/margin/sum/,https://www.szse.cn/disclosure/margin/margin/index.html,2023-01-10,CNY,764994925871.0,CNY_100M,SZSE_MARGIN_SUMMARY,SSE_MARGIN_SUMMARY,CNY,,
685925000000.0,1449695671980.0,https://www.sse.com.cn/market/othersdata/margin/sum/,https://www.szse.cn/disclosure/margin/margin/index.html,2023-01-11,CNY,763770671980.0,CNY_100M,SZSE_MARGIN_SUMMARY,SSE_MARGIN_SUMMARY,CNY,,
685234000000.0,1447613933298.0,https://www.sse.com.cn/market/othersdata/margin/sum/,https://www.szse.cn/disclosure/margin/margin/index.html,2023-01-12,CNY,762379933298.0,CNY_100M,SZSE_MARGIN_SUMMARY,SSE_MARGIN_SUMMARY,CNY,,
683218000000.0,1443063686031.0,https://www.sse.com.cn/market/othersdata/margin/sum/,https://www.szse.cn/disclosure/margin/margin/index.html,2023-01-13,CNY,759845686031.0,CNY_100M,SZSE_MARGIN_SUMMARY,SSE_MARGIN_SUMMARY,CNY,,
683021000000.0,1443337664530.0,https://www.sse.com.cn/market/othersdata/margin/sum/,https://www.szse.cn/disclosure/margin/margin/index.html,2023-01-16,CNY,760316664530.0,CNY_100M,SZSE_MARGIN_SUMMARY,SSE_MARGIN_SUMMARY,CNY,,
683111000000.0,1441936329203.0,https://www.sse.com.cn/market/othersdata/margin/sum/,https://www.szse.cn/disclosure/margin/margin/index.html,2023-01-17,CNY,758825329203.0,CNY_100M,SZSE_MARGIN_SUMMARY,SSE_MARGIN_SUMMARY,CNY,,
682058000000.0,1438680347867.0,https://www.sse.com.cn/market/othersdata/margin/sum/,https://www.szse.cn/disclosure/margin/margin/index.html,2023-01-18,CNY,756622347867.0,CNY_100M,SZSE_MARGIN_SUMMARY,SSE_MARGIN_SUMMARY,CNY,,
680629000000.0,1436355974240.0,https://www.sse.com.cn/market/othersdata/margin/sum/,https://www.szse.cn/disclosure/margin/margin/index.html,2023-01-19,CNY,755726974240.0,CNY_100M,SZSE_MARGIN_SUMMARY,SSE_MARGIN_SUMMARY,CNY,,
670852000000.0,1418771975441.0,https://www.sse.com.cn/market/othersdata/margin/sum/,https://www.szse.cn/disclosure/margin/margin/index.html,2023-01-20,CNY,747919975441.0,CNY_100M,SZSE_MARGIN_SUMMARY,SSE_MARGIN_SUMMARY,CNY,,
680868000000.0,1439192039887.0,https://www.sse.com.cn/market/othersdata/margin/sum/,https://www.szse.cn/disclosure/margin/margin/index.html,2023-01-30,CNY,758324039887.0,CNY_100M,SZSE_MARGIN_SUMMARY,SSE_MARGIN_SUMMARY,CNY,,
683509000000.0,1445063614916.0,https://www.sse.com.cn/market/othersdata/margin/sum/,https://www.szse.cn/disclosure/margin/margin/index.html,2023-01-31,CNY,761554614916.0,CNY_100M,SZSE_MARGIN_SUMMARY,SSE_MARGIN_SUMMARY,CNY,,
687518000000.0,1453111071927.0,https://www.sse.com.cn/market/othersdata/margin/sum/,https://www.szse.cn/disclosure/margin/margin/index.html,2023-02-01,CNY,765593071927.0,CNY_100M,SZSE_MARGIN_SUMMARY,SSE_MARGIN_SUMMARY,CNY,,
689859000000.0,1457697008722.0,https://www.sse.com.cn/market/othersdata/margin/sum/,https://www.szse.cn/disclosure/margin/margin/index.html,2023-02-02,CNY,767838008722.0,CNY_100M,SZSE_MARGIN_SUMMARY,SSE_MARGIN_SUMMARY,CNY,,
689379000000.0,1458103731038.0,https://www.sse.com.cn/market/othersdata/margin/sum/,https://www.szse.cn/disclosure/margin/margin/index.html,2023-02-03,CNY,768724731038.0,CNY_100M,SZSE_MARGIN_SUMMARY,SSE_MARGIN_SUMMARY,CNY,,
692877000000.0,1464142612492.0,https://www.sse.com.cn/market/othersdata/margin/sum/,https://www.szse.cn/disclosure/margin/margin/index.html,2023-02-06,CNY,771265612492.0,CNY_100M,SZSE_MARGIN_SUMMARY,SSE_MARGIN_SUMMARY,CNY,,
696374000000.0,1469465617246.0,https://www.sse.com.cn/market/othersdata/margin/sum/,https://www.szse.cn/disclosure/margin/margin/index.html,2023-02-07,CNY,773091617246.0,CNY_100M,SZSE_MARGIN_SUMMARY,SSE_MARGIN_SUMMARY,CNY,,
697251000000.0,1470943157939.0,https://www.sse.com.cn/market/othersdata/margin/sum/,https://www.szse.cn/disclosure/margin/margin/index.html,2023-02-08,CNY,773692157939.0,CNY_100M,SZSE_MARGIN_SUMMARY,SSE_MARGIN_SUMMARY,CNY,,
699019000000.0,1472808184027.0,https://www.sse.com.cn/market/othersdata/margin/sum/,https://www.szse.cn/disclosure/margin/margin/index.html,2023-02-09,CNY,773789184027.0,CNY_100M,SZSE_MARGIN_SUMMARY,SSE_MARGIN_SUMMARY,CNY,,
698455000000.0,1470631553297.0,https://www.sse.com.cn/market/othersdata/margin/sum/,https://www.szse.cn/disclosure/margin/margin/index.html,2023-02-10,CNY,772176553297.0,CNY_100M,SZSE_MARGIN_SUMMARY,SSE_MARGIN_SUMMARY,CNY,,
701789000000.0,1476904514066.0,https://www.sse.com.cn/market/othersdata/margin/sum/,https://www.szse.cn/disclosure/margin/margin/index.html,2023-02-13,CNY,775115514066.0,CNY_100M,SZSE_MARGIN_SUMMARY,SSE_MARGIN_SUMMARY,CNY,,
703817000000.0,1480608296318.0,https://www.sse.com.cn/market/othersdata/margin/sum/,https://www.szse.cn/disclosure/margin/margin/index.html,2023-02-14,CNY,776791296318.0,CNY_100M,SZSE_MARGIN_SUMMARY,SSE_MARGIN_SUMMARY,CNY,,
704984000000.0,1483798595507.0,https://www.sse.com.cn/market/othersdata/margin/sum/,https://www.szse.cn/disclosure/margin/margin/index.html,2023-02-15,CNY,778814595507.0,CNY_100M,SZSE_MARGIN_SUMMARY,SSE_MARGIN_SUMMARY,CNY,,
703451000000.0,1481065732387.0,https://www.sse.com.cn/market/othersdata/margin/sum/,https://www.szse.cn/disclosure/margin/margin/index.html,2023-02-16,CNY,777614732387.0,CNY_100M,SZSE_MARGIN_SUMMARY,SSE_MARGIN_SUMMARY,CNY,,
701350000000.0,1476729729131.0,https://www.sse.com.cn/market/othersdata/margin/sum/,https://www.szse.cn/disclosure/margin/margin/index.html,2023-02-17,CNY,775379729131.0,CNY_100M,SZSE_MARGIN_SUMMARY,SSE_MARGIN_SUMMARY,CNY,,
704500000000.0,1482118595903.0,https://www.sse.com.cn/market/othersdata/margin/sum/,https://www.szse.cn/disclosure/margin/margin/index.html,2023-02-20,CNY,777618595903.0,CNY_100M,SZSE_MARGIN_SUMMARY,SSE_MARGIN_SUMMARY,CNY,,
705479000000.0,1484470977830.0,https://www.sse.com.cn/market/othersdata/margin/sum/,https://www.szse.cn/disclosure/margin/margin/index.html,2023-02-21,CNY,778991977830.0,CNY_100M,SZSE_MARGIN_SUMMARY,SSE_MARGIN_SUMMARY,CNY,,
706763000000.0,1487663121090.0,https://www.sse.com.cn/market/othersdata/margin/sum/,https://www.szse.cn/disclosure/margin/margin/index.html,2023-02-22,CNY,780900121090.0,CNY_100M,SZSE_MARGIN_SUMMARY,SSE_MARGIN_SUMMARY,CNY,,
707152000000.0,1488194560533.0,https://www.sse.com.cn/market/othersdata/margin/sum/,https://www.szse.cn/disclosure/margin/margin/index.html,2023-02-23,CNY,781042560533.0,CNY_100M,SZSE_MARGIN_SUMMARY,SSE_MARGIN_SUMMARY,CNY,,
705869000000.0,1486535428046.0,https://www.sse.com.cn/market/othersdata/margin/sum/,https://www.szse.cn/disclosure/margin/margin/index.html,2023-02-24,CNY,780666428046.0,CNY_100M,SZSE_MARGIN_SUMMARY,SSE_MARGIN_SUMMARY,CNY,,
706847000000.0,1487350115387.0,https://www.sse.com.cn/market/othersdata/margin/sum/,https://www.szse.cn/disclosure/margin/margin/index.html,2023-02-27,CNY,780503115387.0,CNY_100M,SZSE_MARGIN_SUMMARY,SSE_MARGIN_SUMMARY,CNY,,
707108000000.0,1488008136995.0,https://www.sse.com.cn/market/othersdata/margin/sum/,https://www.szse.cn/disclosure/margin/margin/index.html,2023-02-28,CNY,780900136995.0,CNY_100M,SZSE_MARGIN_SUMMARY,SSE_MARGIN_SUMMARY,CNY,,
709230000000.0,1491052473154.0,https://www.sse.com.cn/market/othersdata/margin/sum/,https://www.szse.cn/disclosure/margin/margin/index.html,2023-03-01,CNY,781822473154.0,CNY_100M,SZSE_MARGIN_SUMMARY,SSE_MARGIN_SUMMARY,CNY,,
710050000000.0,1491228829117.0,https://www.sse.com.cn/market/othersdata/margin/sum/,https://www.szse.cn/disclosure/margin/margin/index.html,2023-03-02,CNY,781178829117.0,CNY_100M,SZSE_MARGIN_SUMMARY,SSE_MARGIN_SUMMARY,CNY,,
707529000000.0,1488258766109.0,https://www.sse.com.cn/market/othersdata/margin/sum/,https://www.szse.cn/disclosure/margin/margin/index.html,2023-03-03,CNY,780729766109.0,CNY_100M,SZSE_MARGIN_SUMMARY,SSE_MARGIN_SUMMARY,CNY,,
710618000000.0,1493935669963.0,https://www.sse.com.cn/market/othersdata/margin/sum/,https://www.szse.cn/disclosure/margin/margin/index.html,2023-03-06,CNY,783317669963.0,CNY_100M,SZSE_MARGIN_SUMMARY,SSE_MARGIN_SUMMARY,CNY,,
708936000000.0,1491872967560.0,https://www.sse.com.cn/market/othersdata/margin/sum/,https://www.szse.cn/disclosure/margin/margin/index.html,2023-03-07,CNY,782936967560.0,CNY_100M,SZSE_MARGIN_SUMMARY,SSE_MARGIN_SUMMARY,CNY,,
709446000000.0,1493527753629.0,https://www.sse.com.cn/market/othersdata/margin/sum/,https://www.szse.cn/disclosure/margin/margin/index.html,2023-03-08,CNY,784081753629.0,CNY_100M,SZSE_MARGIN_SUMMARY,SSE_MARGIN_SUMMARY,CNY,,
709939000000.0,1495698082363.0,https://www.sse.com.cn/market/othersdata/margin/sum/,https://www.szse.cn/disclosure/margin/margin/index.html,2023-03-09,CNY,785759082363.0,CNY_100M,SZSE_MARGIN_SUMMARY,SSE_MARGIN_SUMMARY,CNY,,
707150000000.0,1490347568414.0,https://www.sse.com.cn/market/othersdata/margin/sum/,https://www.szse.cn/disclosure/margin/margin/index.html,2023-03-10,CNY,783197568414.0,CNY_100M,SZSE_MARGIN_SUMMARY,SSE_MARGIN_SUMMARY,CNY,,
708360000000.0,1492159930630.0,https://www.sse.com.cn/market/othersdata/margin/sum/,https://www.szse.cn/disclosure/margin/margin/index.html,2023-03-13,CNY,783799930630.0,CNY_100M,SZSE_MARGIN_SUMMARY,SSE_MARGIN_SUMMARY,CNY,,
708166000000.0,1494212973151.0,https://www.sse.com.cn/market/othersdata/margin/sum/,https://www.szse.cn/disclosure/margin/margin/index.html,2023-03-14,CNY,786046973151.0,CNY_100M,SZSE_MARGIN_SUMMARY,SSE_MARGIN_SUMMARY,CNY,,
707723000000.0,1494457165922.0,https://www.sse.com.cn/market/othersdata/margin/sum/,https://www.szse.cn/disclosure/margin/margin/index.html,2023-03-15,CNY,786734165922.0,CNY_100M,SZSE_MARGIN_SUMMARY,SSE_MARGIN_SUMMARY,CNY,,
706944000000.0,1494106950283.0,https://www.sse.com.cn/market/othersdata/margin/sum/,https://www.szse.cn/disclosure/margin/margin/index.html,2023-03-16,CNY,787162950283.0,CNY_100M,SZSE_MARGIN_SUMMARY,SSE_MARGIN_SUMMARY,CNY,,
706506000000.0,1492889574652.0,https://www.sse.com.cn/market/othersdata/margin/sum/,https://www.szse.cn/disclosure/margin/margin/index.html,2023-03-17,CNY,786383574652.0,CNY_100M,SZSE_MARGIN_SUMMARY,SSE_MARGIN_SUMMARY,CNY,,
707915000000.0,1495607438328.0,https://www.sse.com.cn/market/othersdata/margin/sum/,https://www.szse.cn/disclosure/margin/margin/index.html,2023-03-20,CNY,787692438328.0,CNY_100M,SZSE_MARGIN_SUMMARY,SSE_MARGIN_SUMMARY,CNY,,
708989000000.0,1497509782368.0,https://www.sse.com.cn/market/othersdata/margin/sum/,https://www.szse.cn/disclosure/margin/margin/index.html,2023-03-21,CNY,788520782368.0,CNY_100M,SZSE_MARGIN_SUMMARY,SSE_MARGIN_SUMMARY,CNY,,
711504000000.0,1501159461766.0,https://www.sse.com.cn/market/othersdata/margin/sum/,https://www.szse.cn/disclosure/margin/margin/index.html,2023-03-22,CNY,789655461766.0,CNY_100M,SZSE_MARGIN_SUMMARY,SSE_MARGIN_SUMMARY,CNY,,
713173000000.0,1504972900643.0,https://www.sse.com.cn/market/othersdata/margin/sum/,https://www.szse.cn/disclosure/margin/margin/index.html,2023-03-23,CNY,791799900643.0,CNY_100M,SZSE_MARGIN_SUMMARY,SSE_MARGIN_SUMMARY,CNY,,
714350000000.0,1507191223125.0,https://www.sse.com.cn/market/othersdata/margin/sum/,https://www.szse.cn/disclosure/margin/margin/index.html,2023-03-24,CNY,792841223125.0,CNY_100M,SZSE_MARGIN_SUMMARY,SSE_MARGIN_SUMMARY,CNY,,
718552000000.0,1515320269592.0,https://www.sse.com.cn/market/othersdata/margin/sum/,https://www.szse.cn/disclosure/margin/margin/index.html,2023-03-27,CNY,796768269592.0,CNY_100M,SZSE_MARGIN_SUMMARY,SSE_MARGIN_SUMMARY,CNY,,
719634000000.0,1516886237740.0,https://www.sse.com.cn/market/othersdata/margin/sum/,https://www.szse.cn/disclosure/margin/margin/index.html,2023-03-28,CNY,797252237740.0,CNY_100M,SZSE_MARGIN_SUMMARY,SSE_MARGIN_SUMMARY,CNY,,
718786000000.0,1515674526748.0,https://www.sse.com.cn/market/othersdata/margin/sum/,https://www.szse.cn/disclosure/margin/margin/index.html,2023-03-29,CNY,796888526748.0,CNY_100M,SZSE_MARGIN_SUMMARY,SSE_MARGIN_SUMMARY,CNY,,
719340000000.0,1516583830185.0,https://www.sse.com.cn/market/othersdata/margin/sum/,https://www.szse.cn/disclosure/margin/margin/index.html,2023-03-30,CNY,797243830185.0,CNY_100M,SZSE_MARGIN_SUMMARY,SSE_MARGIN_SUMMARY,CNY,,
717837000000.0,1512871645806.0,https://www.sse.com.cn/market/othersdata/margin/sum/,https://www.szse.cn/disclosure/margin/margin/index.html,2023-03-31,CNY,795034645806.0,CNY_100M,SZSE_MARGIN_SUMMARY,SSE_MARGIN_SUMMARY,CNY,,
724193000000.0,1522809296684.0,https://www.sse.com.cn/market/othersdata/margin/sum/,https://www.szse.cn/disclosure/margin/margin/index.html,2023-04-03,CNY,798616296684.0,CNY_100M,SZSE_MARGIN_SUMMARY,SSE_MARGIN_SUMMARY,CNY,,
725388000000.0,1524292170550.0,https://www.sse.com.cn/market/othersdata/margin/sum/,https://www.szse.cn/disclosure/margin/margin/index.html,2023-04-04,CNY,798904170550.0,CNY_100M,SZSE_MARGIN_SUMMARY,SSE_MARGIN_SUMMARY,CNY,,
728728000000.0,1532402047378.0,https://www.sse.com.cn/market/othersdata/margin/sum/,https://www.szse.cn/disclosure/margin/margin/index.html,2023-04-06,CNY,803674047378.0,CNY_100M,SZSE_MARGIN_SUMMARY,SSE_MARGIN_SUMMARY,CNY,,
727999000000.0,1530279042944.0,https://www.sse.com.cn/market/othersdata/margin/sum/,https://www.szse.cn/disclosure/margin/margin/index.html,2023-04-07,CNY,802280042944.0,CNY_100M,SZSE_MARGIN_SUMMARY,SSE_MARGIN_SUMMARY,CNY,,
729992000000.0,1531973114346.0,https://www.sse.com.cn/market/othersdata/margin/sum/,https://www.szse.cn/disclosure/margin/margin/index.html,2023-04-10,CNY,801981114346.0,CNY_100M,SZSE_MARGIN_SUMMARY,SSE_MARGIN_SUMMARY,CNY,,
731547000000.0,1533239525018.0,https://www.sse.com.cn/market/othersdata/margin/sum/,https://www.szse.cn/disclosure/margin/margin/index.html,2023-04-11,CNY,801692525018.0,CNY_100M,SZSE_MARGIN_SUMMARY,SSE_MARGIN_SUMMARY,CNY,,
734441000000.0,1539330674276.0,https://www.sse.com.cn/market/othersdata/margin/sum/,https://www.szse.cn/disclosure/margin/margin/index.html,2023-04-12,CNY,804889674276.0,CNY_100M,SZSE_MARGIN_SUMMARY,SSE_MARGIN_SUMMARY,CNY,,
735465000000.0,1539267923593.0,https://www.sse.com.cn/market/othersdata/margin/sum/,https://www.szse.cn/disclosure/margin/margin/index.html,2023-04-13,CNY,803802923593.0,CNY_100M,SZSE_MARGIN_SUMMARY,SSE_MARGIN_SUMMARY,CNY,,
735396000000.0,1538164804602.0,https://www.sse.com.cn/market/othersdata/margin/sum/,https://www.szse.cn/disclosure/margin/margin/index.html,2023-04-14,CNY,802768804602.0,CNY_100M,SZSE_MARGIN_SUMMARY,SSE_MARGIN_SUMMARY,CNY,,
737199000000.0,1541881524065.0,https://www.sse.com.cn/market/othersdata/margin/sum/,https://www.szse.cn/disclosure/margin/margin/index.html,2023-04-17,CNY,804682524065.0,CNY_100M,SZSE_MARGIN_SUMMARY,SSE_MARGIN_SUMMARY,CNY,,
738003000000.0,1542911546312.0,https://www.sse.com.cn/market/othersdata/margin/sum/,https://www.szse.cn/disclosure/margin/margin/index.html,2023-04-18,CNY,804908546312.0,CNY_100M,SZSE_MARGIN_SUMMARY,SSE_MARGIN_SUMMARY,CNY,,
739976000000.0,1545287386298.0,https://www.sse.com.cn/market/othersdata/margin/sum/,https://www.szse.cn/disclosure/margin/margin/index.html,2023-04-19,CNY,805311386298.0,CNY_100M,SZSE_MARGIN_SUMMARY,SSE_MARGIN_SUMMARY,CNY,,
740688000000.0,1548527232663.0,https://www.sse.com.cn/market/othersdata/margin/sum/,https://www.szse.cn/disclosure/margin/margin/index.html,2023-04-20,CNY,807839232663.0,CNY_100M,SZSE_MARGIN_SUMMARY,SSE_MARGIN_SUMMARY,CNY,,
737113000000.0,1541555630750.0,https://www.sse.com.cn/market/othersdata/margin/sum/,https://www.szse.cn/disclosure/margin/margin/index.html,2023-04-21,CNY,804442630750.0,CNY_100M,SZSE_MARGIN_SUMMARY,SSE_MARGIN_SUMMARY,CNY,,
739289000000.0,1544367300023.0,https://www.sse.com.cn/market/othersdata/margin/sum/,https://www.szse.cn/disclosure/margin/margin/index.html,2023-04-24,CNY,805078300023.0,CNY_100M,SZSE_MARGIN_SUMMARY,SSE_MARGIN_SUMMARY,CNY,,
735347000000.0,1536830664728.0,https://www.sse.com.cn/market/othersdata/margin/sum/,https://www.szse.cn/disclosure/margin/margin/index.html,2023-04-25,CNY,801483664728.0,CNY_100M,SZSE_MARGIN_SUMMARY,SSE_MARGIN_SUMMARY,CNY,,
733138000000.0,1531975650589.0,https://www.sse.com.cn/market/othersdata/margin/sum/,https://www.szse.cn/disclosure/margin/margin/index.html,2023-04-26,CNY,798837650589.0,CNY_100M,SZSE_MARGIN_SUMMARY,SSE_MARGIN_SUMMARY,CNY,,
727325000000.0,1524001029935.0,https://www.sse.com.cn/market/othersdata/margin/sum/,https://www.szse.cn/disclosure/margin/margin/index.html,2023-04-27,CNY,796676029935.0,CNY_100M,SZSE_MARGIN_SUMMARY,SSE_MARGIN_SUMMARY,CNY,,
722537000000.0,1513755147988.0,https://www.sse.com.cn/market/othersdata/margin/sum/,https://www.szse.cn/disclosure/margin/margin/index.html,2023-04-28,CNY,791218147988.0,CNY_100M,SZSE_MARGIN_SUMMARY,SSE_MARGIN_SUMMARY,CNY,,
728531000000.0,1524370338310.0,https://www.sse.com.cn/market/othersdata/margin/sum/,https://www.szse.cn/disclosure/margin/margin/index.html,2023-05-04,CNY,795839338310.0,CNY_100M,SZSE_MARGIN_SUMMARY,SSE_MARGIN_SUMMARY,CNY,,
726667000000.0,1520546016645.0,https://www.sse.com.cn/market/othersdata/margin/sum/,https://www.szse.cn/disclosure/margin/margin/index.html,2023-05-05,CNY,793879016645.0,CNY_100M,SZSE_MARGIN_SUMMARY,SSE_MARGIN_SUMMARY,CNY,,
727847000000.0,1526219769570.0,https://www.sse.com.cn/market/othersdata/margin/sum/,https://www.szse.cn/disclosure/margin/margin/index.html,2023-05-08,CNY,798372769570.0,CNY_100M,SZSE_MARGIN_SUMMARY,SSE_MARGIN_SUMMARY,CNY,,
727497000000.0,1527666991423.0,https://www.sse.com.cn/market/othersdata/margin/sum/,https://www.szse.cn/disclosure/margin/margin/index.html,2023-05-09,CNY,800169991423.0,CNY_100M,SZSE_MARGIN_SUMMARY,SSE_MARGIN_SUMMARY,CNY,,
726527000000.0,1528125265500.0,https://www.sse.com.cn/market/othersdata/margin/sum/,https://www.szse.cn/disclosure/margin/margin/index.html,2023-05-10,CNY,801598265500.0,CNY_100M,SZSE_MARGIN_SUMMARY,SSE_MARGIN_SUMMARY,CNY,,
726022000000.0,1527231857357.0,https://www.sse.com.cn/market/othersdata/margin/sum/,https://www.szse.cn/disclosure/margin/margin/index.html,2023-05-11,CNY,801209857357.0,CNY_100M,SZSE_MARGIN_SUMMARY,SSE_MARGIN_SUMMARY,CNY,,
722985000000.0,1521252472951.0,https://www.sse.com.cn/market/othersdata/margin/sum/,https://www.szse.cn/disclosure/margin/margin/index.html,2023-05-12,CNY,798267472951.0,CNY_100M,SZSE_MARGIN_SUMMARY,SSE_MARGIN_SUMMARY,CNY,,
723597000000.0,1523372256756.0,https://www.sse.com.cn/market/othersdata/margin/sum/,https://www.szse.cn/disclosure/margin/margin/index.html,2023-05-15,CNY,799775256756.0,CNY_100M,SZSE_MARGIN_SUMMARY,SSE_MARGIN_SUMMARY,CNY,,
723495000000.0,1521936709558.0,https://www.sse.com.cn/market/othersdata/margin/sum/,https://www.szse.cn/disclosure/margin/margin/index.html,2023-05-16,CNY,798441709558.0,CNY_100M,SZSE_MARGIN_SUMMARY,SSE_MARGIN_SUMMARY,CNY,,
723880000000.0,1522984757554.0,https://www.sse.com.cn/market/othersdata/margin/sum/,https://www.szse.cn/disclosure/margin/margin/index.html,2023-05-17,CNY,799104757554.0,CNY_100M,SZSE_MARGIN_SUMMARY,SSE_MARGIN_SUMMARY,CNY,,
726146000000.0,1526479234607.0,https://www.sse.com.cn/market/othersdata/margin/sum/,https://www.szse.cn/disclosure/margin/margin/index.html,2023-05-18,CNY,800333234607.0,CNY_100M,SZSE_MARGIN_SUMMARY,SSE_MARGIN_SUMMARY,CNY,,
723175000000.0,1522165859126.0,https://www.sse.com.cn/market/othersdata/margin/sum/,https://www.szse.cn/disclosure/margin/margin/index.html,2023-05-19,CNY,798990859126.0,CNY_100M,SZSE_MARGIN_SUMMARY,SSE_MARGIN_SUMMARY,CNY,,
723379000000.0,1521318206150.0,https://www.sse.com.cn/market/othersdata/margin/sum/,https://www.szse.cn/disclosure/margin/margin/index.html,2023-05-22,CNY,797939206150.0,CNY_100M,SZSE_MARGIN_SUMMARY,SSE_MARGIN_SUMMARY,CNY,,
721455000000.0,1519072811068.0,https://www.sse.com.cn/market/othersdata/margin/sum/,https://www.szse.cn/disclosure/margin/margin/index.html,2023-05-23,CNY,797617811068.0,CNY_100M,SZSE_MARGIN_SUMMARY,SSE_MARGIN_SUMMARY,CNY,,
721449000000.0,1519970240902.0,https://www.sse.com.cn/market/othersdata/margin/sum/,https://www.szse.cn/disclosure/margin/margin/index.html,2023-05-24,CNY,798521240902.0,CNY_100M,SZSE_MARGIN_SUMMARY,SSE_MARGIN_SUMMARY,CNY,,
720235000000.0,1519016795051.0,https://www.sse.com.cn/market/othersdata/margin/sum/,https://www.szse.cn/disclosure/margin/margin/index.html,2023-05-25,CNY,798781795051.0,CNY_100M,SZSE_MARGIN_SUMMARY,SSE_MARGIN_SUMMARY,CNY,,
719673000000.0,1516236903105.0,https://www.sse.com.cn/market/othersdata/margin/sum/,https://www.szse.cn/disclosure/margin/margin/index.html,2023-05-26,CNY,796563903105.0,CNY_100M,SZSE_MARGIN_SUMMARY,SSE_MARGIN_SUMMARY,CNY,,
721353000000.0,1517675875039.0,https://www.sse.com.cn/market/othersdata/margin/sum/,https://www.szse.cn/disclosure/margin/margin/index.html,2023-05-29,CNY,796322875039.0,CNY_100M,SZSE_MARGIN_SUMMARY,SSE_MARGIN_SUMMARY,CNY,,
721134000000.0,1517156808390.0,https://www.sse.com.cn/market/othersdata/margin/sum/,https://www.szse.cn/disclosure/margin/margin/index.html,2023-05-30,CNY,796022808390.0,CNY_100M,SZSE_MARGIN_SUMMARY,SSE_MARGIN_SUMMARY,CNY,,
722670000000.0,1518686352690.0,https://www.sse.com.cn/market/othersdata/margin/sum/,https://www.szse.cn/disclosure/margin/margin/index.html,2023-05-31,CNY,796016352690.0,CNY_100M,SZSE_MARGIN_SUMMARY,SSE_MARGIN_SUMMARY,CNY,,
722804000000.0,1519422537929.0,https://www.sse.com.cn/market/othersdata/margin/sum/,https://www.szse.cn/disclosure/margin/margin/index.html,2023-06-01,CNY,796618537929.0,CNY_100M,SZSE_MARGIN_SUMMARY,SSE_MARGIN_SUMMARY,CNY,,
720739000000.0,1514502018085.0,https://www.sse.com.cn/market/othersdata/margin/sum/,https://www.szse.cn/disclosure/margin/margin/index.html,2023-06-02,CNY,793763018085.0,CNY_100M,SZSE_MARGIN_SUMMARY,SSE_MARGIN_SUMMARY,CNY,,
722108000000.0,1516908775064.0,https://www.sse.com.cn/market/othersdata/margin/sum/,https://www.szse.cn/disclosure/margin/margin/index.html,2023-06-05,CNY,794800775064.0,CNY_100M,SZSE_MARGIN_SUMMARY,SSE_MARGIN_SUMMARY,CNY,,
719725000000.0,1513256616301.0,https://www.sse.com.cn/market/othersdata/margin/sum/,https://www.szse.cn/disclosure/margin/margin/index.html,2023-06-06,CNY,793531616301.0,CNY_100M,SZSE_MARGIN_SUMMARY,SSE_MARGIN_SUMMARY,CNY,,
720610000000.0,1513474051105.0,https://www.sse.com.cn/market/othersdata/margin/sum/,https://www.szse.cn/disclosure/margin/margin/index.html,2023-06-07,CNY,792864051105.0,CNY_100M,SZSE_MARGIN_SUMMARY,SSE_MARGIN_SUMMARY,CNY,,
719543000000.0,1511194918244.0,https://www.sse.com.cn/market/othersdata/margin/sum/,https://www.szse.cn/disclosure/margin/margin/index.html,2023-06-08,CNY,791651918244.0,CNY_100M,SZSE_MARGIN_SUMMARY,SSE_MARGIN_SUMMARY,CNY,,
719153000000.0,1508791708164.0,https://www.sse.com.cn/market/othersdata/margin/sum/,https://www.szse.cn/disclosure/margin/margin/index.html,2023-06-09,CNY,789638708164.0,CNY_100M,SZSE_MARGIN_SUMMARY,SSE_MARGIN_SUMMARY,CNY,,
720519000000.0,1511992411003.0,https://www.sse.com.cn/market/othersdata/margin/sum/,https://www.szse.cn/disclosure/margin/margin/index.html,2023-06-12,CNY,791473411003.0,CNY_100M,SZSE_MARGIN_SUMMARY,SSE_MARGIN_SUMMARY,CNY,,
720804000000.0,1511669774379.0,https://www.sse.com.cn/market/othersdata/margin/sum/,https://www.szse.cn/disclosure/margin/margin/index.html,2023-06-13,CNY,790865774379.0,CNY_100M,SZSE_MARGIN_SUMMARY,SSE_MARGIN_SUMMARY,CNY,,
719882000000.0,1510558904593.0,https://www.sse.com.cn/market/othersdata/margin/sum/,https://www.szse.cn/disclosure/margin/margin/index.html,2023-06-14,CNY,790676904593.0,CNY_100M,SZSE_MARGIN_SUMMARY,SSE_MARGIN_SUMMARY,CNY,,
719490000000.0,1509817545076.0,https://www.sse.com.cn/market/othersdata/margin/sum/,https://www.szse.cn/disclosure/margin/margin/index.html,2023-06-15,CNY,790327545076.0,CNY_100M,SZSE_MARGIN_SUMMARY,SSE_MARGIN_SUMMARY,CNY,,
718487000000.0,1507078168297.0,https://www.sse.com.cn/market/othersdata/margin/sum/,https://www.szse.cn/disclosure/margin/margin/index.html,2023-06-16,CNY,788591168297.0,CNY_100M,SZSE_MARGIN_SUMMARY,SSE_MARGIN_SUMMARY,CNY,,
723305000000.0,1513276120399.0,https://www.sse.com.cn/market/othersdata/margin/sum/,https://www.szse.cn/disclosure/margin/margin/index.html,2023-06-19,CNY,789971120399.0,CNY_100M,SZSE_MARGIN_SUMMARY,SSE_MARGIN_SUMMARY,CNY,,
725176000000.0,1516269597800.0,https://www.sse.com.cn/market/othersdata/margin/sum/,https://www.szse.cn/disclosure/margin/margin/index.html,2023-06-20,CNY,791093597800.0,CNY_100M,SZSE_MARGIN_SUMMARY,SSE_MARGIN_SUMMARY,CNY,,
720119000000.0,1507156186941.0,https://www.sse.com.cn/market/othersdata/margin/sum/,https://www.szse.cn/disclosure/margin/margin/index.html,2023-06-21,CNY,787037186941.0,CNY_100M,SZSE_MARGIN_SUMMARY,SSE_MARGIN_SUMMARY,CNY,,
717611000000.0,1505323188223.0,https://www.sse.com.cn/market/othersdata/margin/sum/,https://www.szse.cn/disclosure/margin/margin/index.html,2023-06-26,CNY,787712188223.0,CNY_100M,SZSE_MARGIN_SUMMARY,SSE_MARGIN_SUMMARY,CNY,,
717404000000.0,1504524957421.0,https://www.sse.com.cn/market/othersdata/margin/sum/,https://www.szse.cn/disclosure/margin/margin/index.html,2023-06-27,CNY,787120957421.0,CNY_100M,SZSE_MARGIN_SUMMARY,SSE_MARGIN_SUMMARY,CNY,,
713774000000.0,1500005800629.0,https://www.sse.com.cn/market/othersdata/margin/sum/,https://www.szse.cn/disclosure/margin/margin/index.html,2023-06-28,CNY,786231800629.0,CNY_100M,SZSE_MARGIN_SUMMARY,SSE_MARGIN_SUMMARY,CNY,,
714435000000.0,1500845667420.0,https://www.sse.com.cn/market/othersdata/margin/sum/,https://www.szse.cn/disclosure/margin/margin/index.html,2023-06-29,CNY,786410667420.0,CNY_100M,SZSE_MARGIN_SUMMARY,SSE_MARGIN_SUMMARY,CNY,,
712063000000.0,1495289088823.0,https://www.sse.com.cn/market/othersdata/margin/sum/,https://www.szse.cn/disclosure/margin/margin/index.html,2023-06-30,CNY,783226088823.0,CNY_100M,SZSE_MARGIN_SUMMARY,SSE_MARGIN_SUMMARY,CNY,,
714247000000.0,1498245849919.0,https://www.sse.com.cn/market/othersdata/margin/sum/,https://www.szse.cn/disclosure/margin/margin/index.html,2023-07-03,CNY,783998849919.0,CNY_100M,SZSE_MARGIN_SUMMARY,SSE_MARGIN_SUMMARY,CNY,,
716593000000.0,1500564478800.0,https://www.sse.com.cn/market/othersdata/margin/sum/,https://www.szse.cn/disclosure/margin/margin/index.html,2023-07-04,CNY,783971478800.0,CNY_100M,SZSE_MARGIN_SUMMARY,SSE_MARGIN_SUMMARY,CNY,,
717219000000.0,1501497132120.0,https://www.sse.com.cn/market/othersdata/margin/sum/,https://www.szse.cn/disclosure/margin/margin/index.html,2023-07-05,CNY,784278132120.0,CNY_100M,SZSE_MARGIN_SUMMARY,SSE_MARGIN_SUMMARY,CNY,,
718057000000.0,1502318635891.0,https://www.sse.com.cn/market/othersdata/margin/sum/,https://www.szse.cn/disclosure/margin/margin/index.html,2023-07-06,CNY,784261635891.0,CNY_100M,SZSE_MARGIN_SUMMARY,SSE_MARGIN_SUMMARY,CNY,,
715605000000.0,1498107584946.0,https://www.sse.com.cn/market/othersdata/margin/sum/,https://www.szse.cn/disclosure/margin/margin/index.html,2023-07-07,CNY,782502584946.0,CNY_100M,SZSE_MARGIN_SUMMARY,SSE_MARGIN_SUMMARY,CNY,,
715570000000.0,1498771237762.0,https://www.sse.com.cn/market/othersdata/margin/sum/,https://www.szse.cn/disclosure/margin/margin/index.html,2023-07-10,CNY,783201237762.0,CNY_100M,SZSE_MARGIN_SUMMARY,SSE_MARGIN_SUMMARY,CNY,,
716554000000.0,1499125583256.0,https://www.sse.com.cn/market/othersdata/margin/sum/,https://www.szse.cn/disclosure/margin/margin/index.html,2023-07-11,CNY,782571583256.0,CNY_100M,SZSE_MARGIN_SUMMARY,SSE_MARGIN_SUMMARY,CNY,,
715263000000.0,1496314055987.0,https://www.sse.com.cn/market/othersdata/margin/sum/,https://www.szse.cn/disclosure/margin/margin/index.html,2023-07-12,CNY,781051055987.0,CNY_100M,SZSE_MARGIN_SUMMARY,SSE_MARGIN_SUMMARY,CNY,,
715121000000.0,1494576604465.0,https://www.sse.com.cn/market/othersdata/margin/sum/,https://www.szse.cn/disclosure/margin/margin/index.html,2023-07-13,CNY,779455604465.0,CNY_100M,SZSE_MARGIN_SUMMARY,SSE_MARGIN_SUMMARY,CNY,,
715012000000.0,1493148066520.0,https://www.sse.com.cn/market/othersdata/margin/sum/,https://www.szse.cn/disclosure/margin/margin/index.html,2023-07-14,CNY,778136066520.0,CNY_100M,SZSE_MARGIN_SUMMARY,SSE_MARGIN_SUMMARY,CNY,,
716345000000.0,1495365474911.0,https://www.sse.com.cn/market/othersdata/margin/sum/,https://www.szse.cn/disclosure/margin/margin/index.html,2023-07-17,CNY,779020474911.0,CNY_100M,SZSE_MARGIN_SUMMARY,SSE_MARGIN_SUMMARY,CNY,,
716498000000.0,1495479466192.0,https://www.sse.com.cn/market/othersdata/margin/sum/,https://www.szse.cn/disclosure/margin/margin/index.html,2023-07-18,CNY,778981466192.0,CNY_100M,SZSE_MARGIN_SUMMARY,SSE_MARGIN_SUMMARY,CNY,,
716197000000.0,1495656367022.0,https://www.sse.com.cn/market/othersdata/margin/sum/,https://www.szse.cn/disclosure/margin/margin/index.html,2023-07-19,CNY,779459367022.0,CNY_100M,SZSE_MARGIN_SUMMARY,SSE_MARGIN_SUMMARY,CNY,,
713233000000.0,1490574748149.0,https://www.sse.com.cn/market/othersdata/margin/sum/,https://www.szse.cn/disclosure/margin/margin/index.html,2023-07-20,CNY,777341748149.0,CNY_100M,SZSE_MARGIN_SUMMARY,SSE_MARGIN_SUMMARY,CNY,,
710009000000.0,1485369683356.0,https://www.sse.com.cn/market/othersdata/margin/sum/,https://www.szse.cn/disclosure/margin/margin/index.html,2023-07-21,CNY,775360683356.0,CNY_100M,SZSE_MARGIN_SUMMARY,SSE_MARGIN_SUMMARY,CNY,,
711127000000.0,1485302758666.0,https://www.sse.com.cn/market/othersdata/margin/sum/,https://www.szse.cn/disclosure/margin/margin/index.html,2023-07-24,CNY,774175758666.0,CNY_100M,SZSE_MARGIN_SUMMARY,SSE_MARGIN_SUMMARY,CNY,,
711399000000.0,1484895328990.0,https://www.sse.com.cn/market/othersdata/margin/sum/,https://www.szse.cn/disclosure/margin/margin/index.html,2023-07-25,CNY,773496328990.0,CNY_100M,SZSE_MARGIN_SUMMARY,SSE_MARGIN_SUMMARY,CNY,,
710519000000.0,1483552707971.0,https://www.sse.com.cn/market/othersdata/margin/sum/,https://www.szse.cn/disclosure/margin/margin/index.html,2023-07-26,CNY,773033707971.0,CNY_100M,SZSE_MARGIN_SUMMARY,SSE_MARGIN_SUMMARY,CNY,,
709328000000.0,1482143264336.0,https://www.sse.com.cn/market/othersdata/margin/sum/,https://www.szse.cn/disclosure/margin/margin/index.html,2023-07-27,CNY,772815264336.0,CNY_100M,SZSE_MARGIN_SUMMARY,SSE_MARGIN_SUMMARY,CNY,,
707285000000.0,1479023791954.0,https://www.sse.com.cn/market/othersdata/margin/sum/,https://www.szse.cn/disclosure/margin/margin/index.html,2023-07-28,CNY,771738791954.0,CNY_100M,SZSE_MARGIN_SUMMARY,SSE_MARGIN_SUMMARY,CNY,,
709735000000.0,1486070930356.0,https://www.sse.com.cn/market/othersdata/margin/sum/,https://www.szse.cn/disclosure/margin/margin/index.html,2023-07-31,CNY,776335930356.0,CNY_100M,SZSE_MARGIN_SUMMARY,SSE_MARGIN_SUMMARY,CNY,,
710890000000.0,1487898041989.0,https://www.sse.com.cn/market/othersdata/margin/sum/,https://www.szse.cn/disclosure/margin/margin/index.html,2023-08-01,CNY,777008041989.0,CNY_100M,SZSE_MARGIN_SUMMARY,SSE_MARGIN_SUMMARY,CNY,,
711610000000.0,1490881737175.0,https://www.sse.com.cn/market/othersdata/margin/sum/,https://www.szse.cn/disclosure/margin/margin/index.html,2023-08-02,CNY,779271737175.0,CNY_100M,SZSE_MARGIN_SUMMARY,SSE_MARGIN_SUMMARY,CNY,,
711895000000.0,1492566615824.0,https://www.sse.com.cn/market/othersdata/margin/sum/,https://www.szse.cn/disclosure/margin/margin/index.html,2023-08-03,CNY,780671615824.0,CNY_100M,SZSE_MARGIN_SUMMARY,SSE_MARGIN_SUMMARY,CNY,,
711746000000.0,1493093963660.0,https://www.sse.com.cn/market/othersdata/margin/sum/,https://www.szse.cn/disclosure/margin/margin/index.html,2023-08-04,CNY,781347963660.0,CNY_100M,SZSE_MARGIN_SUMMARY,SSE_MARGIN_SUMMARY,CNY,,
714585000000.0,1498566992071.0,https://www.sse.com.cn/market/othersdata/margin/sum/,https://www.szse.cn/disclosure/margin/margin/index.html,2023-08-07,CNY,783981992071.0,CNY_100M,SZSE_MARGIN_SUMMARY,SSE_MARGIN_SUMMARY,CNY,,
713978000000.0,1498512538648.0,https://www.sse.com.cn/market/othersdata/margin/sum/,https://www.szse.cn/disclosure/margin/margin/index.html,2023-08-08,CNY,784534538648.0,CNY_100M,SZSE_MARGIN_SUMMARY,SSE_MARGIN_SUMMARY,CNY,,
712521000000.0,1496364970802.0,https://www.sse.com.cn/market/othersdata/margin/sum/,https://www.szse.cn/disclosure/margin/margin/index.html,2023-08-09,CNY,783843970802.0,CNY_100M,SZSE_MARGIN_SUMMARY,SSE_MARGIN_SUMMARY,CNY,,
711802000000.0,1495747120737.0,https://www.sse.com.cn/market/othersdata/margin/sum/,https://www.szse.cn/disclosure/margin/margin/index.html,2023-08-10,CNY,783945120737.0,CNY_100M,SZSE_MARGIN_SUMMARY,SSE_MARGIN_SUMMARY,CNY,,
709375000000.0,1490399673066.0,https://www.sse.com.cn/market/othersdata/margin/sum/,https://www.szse.cn/disclosure/margin/margin/index.html,2023-08-11,CNY,781024673066.0,CNY_100M,SZSE_MARGIN_SUMMARY,SSE_MARGIN_SUMMARY,CNY,,
708967000000.0,1490377434854.0,https://www.sse.com.cn/market/othersdata/margin/sum/,https://www.szse.cn/disclosure/margin/margin/index.html,2023-08-14,CNY,781410434854.0,CNY_100M,SZSE_MARGIN_SUMMARY,SSE_MARGIN_SUMMARY,CNY,,
709011000000.0,1490111855178.0,https://www.sse.com.cn/market/othersdata/margin/sum/,https://www.szse.cn/disclosure/margin/margin/index.html,2023-08-15,CNY,781100855178.0,CNY_100M,SZSE_MARGIN_SUMMARY,SSE_MARGIN_SUMMARY,CNY,,
706939000000.0,1487622965240.0,https://www.sse.com.cn/market/othersdata/margin/sum/,https://www.szse.cn/disclosure/margin/margin/index.html,2023-08-16,CNY,780683965240.0,CNY_100M,SZSE_MARGIN_SUMMARY,SSE_MARGIN_SUMMARY,CNY,,
707366000000.0,1488707249849.0,https://www.sse.com.cn/market/othersdata/margin/sum/,https://www.szse.cn/disclosure/margin/margin/index.html,2023-08-17,CNY,781341249849.0,CNY_100M,SZSE_MARGIN_SUMMARY,SSE_MARGIN_SUMMARY,CNY,,
704517000000.0,1484005941864.0,https://www.sse.com.cn/market/othersdata/margin/sum/,https://www.szse.cn/disclosure/margin/margin/index.html,2023-08-18,CNY,779488941864.0,CNY_100M,SZSE_MARGIN_SUMMARY,SSE_MARGIN_SUMMARY,CNY,,
703121000000.0,1483823810581.0,https://www.sse.com.cn/market/othersdata/margin/sum/,https://www.szse.cn/disclosure/margin/margin/index.html,2023-08-21,CNY,780702810581.0,CNY_100M,SZSE_MARGIN_SUMMARY,SSE_MARGIN_SUMMARY,CNY,,
703112000000.0,1483971067794.0,https://www.sse.com.cn/market/othersdata/margin/sum/,https://www.szse.cn/disclosure/margin/margin/index.html,2023-08-22,CNY,780859067794.0,CNY_100M,SZSE_MARGIN_SUMMARY,SSE_MARGIN_SUMMARY,CNY,,
701857000000.0,1481231566390.0,https://www.sse.com.cn/market/othersdata/margin/sum/,https://www.szse.cn/disclosure/margin/margin/index.html,2023-08-23,CNY,779374566390.0,CNY_100M,SZSE_MARGIN_SUMMARY,SSE_MARGIN_SUMMARY,CNY,,
700242000000.0,1478974166498.0,https://www.sse.com.cn/market/othersdata/margin/sum/,https://www.szse.cn/disclosure/margin/margin/index.html,2023-08-24,CNY,778732166498.0,CNY_100M,SZSE_MARGIN_SUMMARY,SSE_MARGIN_SUMMARY,CNY,,
695001000000.0,1469248931274.0,https://www.sse.com.cn/market/othersdata/margin/sum/,https://www.szse.cn/disclosure/margin/margin/index.html,2023-08-25,CNY,774247931274.0,CNY_100M,SZSE_MARGIN_SUMMARY,SSE_MARGIN_SUMMARY,CNY,,
698181000000.0,1475411010240.0,https://www.sse.com.cn/market/othersdata/margin/sum/,https://www.szse.cn/disclosure/margin/margin/index.html,2023-08-28,CNY,777230010240.0,CNY_100M,SZSE_MARGIN_SUMMARY,SSE_MARGIN_SUMMARY,CNY,,
698510000000.0,1478477475132.0,https://www.sse.com.cn/market/othersdata/margin/sum/,https://www.szse.cn/disclosure/margin/margin/index.html,2023-08-29,CNY,779967475132.0,CNY_100M,SZSE_MARGIN_SUMMARY,SSE_MARGIN_SUMMARY,CNY,,
699103000000.0,1479312182682.0,https://www.sse.com.cn/market/othersdata/margin/sum/,https://www.szse.cn/disclosure/margin/margin/index.html,2023-08-30,CNY,780209182682.0,CNY_100M,SZSE_MARGIN_SUMMARY,SSE_MARGIN_SUMMARY,CNY,,
697880000000.0,1477113172137.0,https://www.sse.com.cn/market/othersdata/margin/sum/,https://www.szse.cn/disclosure/margin/margin/index.html,2023-08-31,CNY,779233172137.0,CNY_100M,SZSE_MARGIN_SUMMARY,SSE_MARGIN_SUMMARY,CNY,,
695518000000.0,1472281712757.0,https://www.sse.com.cn/market/othersdata/margin/sum/,https://www.szse.cn/disclosure/margin/margin/index.html,2023-09-01,CNY,776763712757.0,CNY_100M,SZSE_MARGIN_SUMMARY,SSE_MARGIN_SUMMARY,CNY,,
696998000000.0,1476103502412.0,https://www.sse.com.cn/market/othersdata/margin/sum/,https://www.szse.cn/disclosure/margin/margin/index.html,2023-09-04,CNY,779105502412.0,CNY_100M,SZSE_MARGIN_SUMMARY,SSE_MARGIN_SUMMARY,CNY,,
697592000000.0,1477929204683.0,https://www.sse.com.cn/market/othersdata/margin/sum/,https://www.szse.cn/disclosure/margin/margin/index.html,2023-09-05,CNY,780337204683.0,CNY_100M,SZSE_MARGIN_SUMMARY,SSE_MARGIN_SUMMARY,CNY,,
698090000000.0,1479808041569.0,https://www.sse.com.cn/market/othersdata/margin/sum/,https://www.szse.cn/disclosure/margin/margin/index.html,2023-09-06,CNY,781718041569.0,CNY_100M,SZSE_MARGIN_SUMMARY,SSE_MARGIN_SUMMARY,CNY,,
697050000000.0,1477941295406.0,https://www.sse.com.cn/market/othersdata/margin/sum/,https://www.szse.cn/disclosure/margin/margin/index.html,2023-09-07,CNY,780891295406.0,CNY_100M,SZSE_MARGIN_SUMMARY,SSE_MARGIN_SUMMARY,CNY,,
694719000000.0,1473720626762.0,https://www.sse.com.cn/market/othersdata/margin/sum/,https://www.szse.cn/disclosure/margin/margin/index.html,2023-09-08,CNY,779001626762.0,CNY_100M,SZSE_MARGIN_SUMMARY,SSE_MARGIN_SUMMARY,CNY,,
708280000000.0,1499254243568.0,https://www.sse.com.cn/market/othersdata/margin/sum/,https://www.szse.cn/disclosure/margin/margin/index.html,2023-09-11,CNY,790974243568.0,CNY_100M,SZSE_MARGIN_SUMMARY,SSE_MARGIN_SUMMARY,CNY,,
713020000000.0,1507785813108.0,https://www.sse.com.cn/market/othersdata/margin/sum/,https://www.szse.cn/disclosure/margin/margin/index.html,2023-09-12,CNY,794765813108.0,CNY_100M,SZSE_MARGIN_SUMMARY,SSE_MARGIN_SUMMARY,CNY,,
714839000000.0,1512690219031.0,https://www.sse.com.cn/market/othersdata/margin/sum/,https://www.szse.cn/disclosure/margin/margin/index.html,2023-09-13,CNY,797851219031.0,CNY_100M,SZSE_MARGIN_SUMMARY,SSE_MARGIN_SUMMARY,CNY,,
716379000000.0,1514623489927.0,https://www.sse.com.cn/market/othersdata/margin/sum/,https://www.szse.cn/disclosure/margin/margin/index.html,2023-09-14,CNY,798244489927.0,CNY_100M,SZSE_MARGIN_SUMMARY,SSE_MARGIN_SUMMARY,CNY,,
716732000000.0,1516140861556.0,https://www.sse.com.cn/market/othersdata/margin/sum/,https://www.szse.cn/disclosure/margin/margin/index.html,2023-09-15,CNY,799408861556.0,CNY_100M,SZSE_MARGIN_SUMMARY,SSE_MARGIN_SUMMARY,CNY,,
717747000000.0,1519509703001.0,https://www.sse.com.cn/market/othersdata/margin/sum/,https://www.szse.cn/disclosure/margin/margin/index.html,2023-09-18,CNY,801762703001.0,CNY_100M,SZSE_MARGIN_SUMMARY,SSE_MARGIN_SUMMARY,CNY,,
717969000000.0,1519557926746.0,https://www.sse.com.cn/market/othersdata/margin/sum/,https://www.szse.cn/disclosure/margin/margin/index.html,2023-09-19,CNY,801588926746.0,CNY_100M,SZSE_MARGIN_SUMMARY,SSE_MARGIN_SUMMARY,CNY,,
717995000000.0,1519647657829.0,https://www.sse.com.cn/market/othersdata/margin/sum/,https://www.szse.cn/disclosure/margin/margin/index.html,2023-09-20,CNY,801652657829.0,CNY_100M,SZSE_MARGIN_SUMMARY,SSE_MARGIN_SUMMARY,CNY,,
718401000000.0,1520522565764.0,https://www.sse.com.cn/market/othersdata/margin/sum/,https://www.szse.cn/disclosure/margin/margin/index.html,2023-09-21,CNY,802121565764.0,CNY_100M,SZSE_MARGIN_SUMMARY,SSE_MARGIN_SUMMARY,CNY,,
719286000000.0,1520888446146.0,https://www.sse.com.cn/market/othersdata/margin/sum/,https://www.szse.cn/disclosure/margin/margin/index.html,2023-09-22,CNY,801602446146.0,CNY_100M,SZSE_MARGIN_SUMMARY,SSE_MARGIN_SUMMARY,CNY,,
721479000000.0,1524454697974.0,https://www.sse.com.cn/market/othersdata/margin/sum/,https://www.szse.cn/disclosure/margin/margin/index.html,2023-09-25,CNY,802975697974.0,CNY_100M,SZSE_MARGIN_SUMMARY,SSE_MARGIN_SUMMARY,CNY,,
721361000000.0,1524299147537.0,https://www.sse.com.cn/market/othersdata/margin/sum/,https://www.szse.cn/disclosure/margin/margin/index.html,2023-09-26,CNY,802938147537.0,CNY_100M,SZSE_MARGIN_SUMMARY,SSE_MARGIN_SUMMARY,CNY,,
722525000000.0,1526271732205.0,https://www.sse.com.cn/market/othersdata/margin/sum/,https://www.szse.cn/disclosure/margin/margin/index.html,2023-09-27,CNY,803746732205.0,CNY_100M,SZSE_MARGIN_SUMMARY,SSE_MARGIN_SUMMARY,CNY,,
713836000000.0,1509431784222.0,https://www.sse.com.cn/market/othersdata/margin/sum/,https://www.szse.cn/disclosure/margin/margin/index.html,2023-09-28,CNY,795595784222.0,CNY_100M,SZSE_MARGIN_SUMMARY,SSE_MARGIN_SUMMARY,CNY,,
719661000000.0,1521351693064.0,https://www.sse.com.cn/market/othersdata/margin/sum/,https://www.szse.cn/disclosure/margin/margin/index.html,2023-10-09,CNY,801690693064.0,CNY_100M,SZSE_MARGIN_SUMMARY,SSE_MARGIN_SUMMARY,CNY,,
723005000000.0,1527719607611.0,https://www.sse.com.cn/market/othersdata/margin/sum/,https://www.szse.cn/disclosure/margin/margin/index.html,2023-10-10,CNY,804714607611.0,CNY_100M,SZSE_MARGIN_SUMMARY,SSE_MARGIN_SUMMARY,CNY,,
726897000000.0,1532777232519.0,https://www.sse.com.cn/market/othersdata/margin/sum/,https://www.szse.cn/disclosure/margin/margin/index.html,2023-10-11,CNY,805880232519.0,CNY_100M,SZSE_MARGIN_SUMMARY,SSE_MARGIN_SUMMARY,CNY,,
729716000000.0,1536900297945.0,https://www.sse.com.cn/market/othersdata/margin/sum/,https://www.szse.cn/disclosure/margin/margin/index.html,2023-10-12,CNY,807184297945.0,CNY_100M,SZSE_MARGIN_SUMMARY,SSE_MARGIN_SUMMARY,CNY,,
728856000000.0,1535448107132.0,https://www.sse.com.cn/market/othersdata/margin/sum/,https://www.szse.cn/disclosure/margin/margin/index.html,2023-10-13,CNY,806592107132.0,CNY_100M,SZSE_MARGIN_SUMMARY,SSE_MARGIN_SUMMARY,CNY,,
731080000000.0,1539730956659.0,https://www.sse.com.cn/market/othersdata/margin/sum/,https://www.szse.cn/disclosure/margin/margin/index.html,2023-10-16,CNY,808650956659.0,CNY_100M,SZSE_MARGIN_SUMMARY,SSE_MARGIN_SUMMARY,CNY,,
731878000000.0,1540303392961.0,https://www.sse.com.cn/market/othersdata/margin/sum/,https://www.szse.cn/disclosure/margin/margin/index.html,2023-10-17,CNY,808425392961.0,CNY_100M,SZSE_MARGIN_SUMMARY,SSE_MARGIN_SUMMARY,CNY,,
730569000000.0,1539264220942.0,https://www.sse.com.cn/market/othersdata/margin/sum/,https://www.szse.cn/disclosure/margin/margin/index.html,2023-10-18,CNY,808695220942.0,CNY_100M,SZSE_MARGIN_SUMMARY,SSE_MARGIN_SUMMARY,CNY,,
728312000000.0,1539688046151.0,https://www.sse.com.cn/market/othersdata/margin/sum/,https://www.szse.cn/disclosure/margin/margin/index.html,2023-10-19,CNY,811376046151.0,CNY_100M,SZSE_MARGIN_SUMMARY,SSE_MARGIN_SUMMARY,CNY,,
725242000000.0,1536755004395.0,https://www.sse.com.cn/market/othersdata/margin/sum/,https://www.szse.cn/disclosure/margin/margin/index.html,2023-10-20,CNY,811513004395.0,CNY_100M,SZSE_MARGIN_SUMMARY,SSE_MARGIN_SUMMARY,CNY,,
723855000000.0,1536250870791.0,https://www.sse.com.cn/market/othersdata/margin/sum/,https://www.szse.cn/disclosure/margin/margin/index.html,2023-10-23,CNY,812395870791.0,CNY_100M,SZSE_MARGIN_SUMMARY,SSE_MARGIN_SUMMARY,CNY,,
725206000000.0,1538088427571.0,https://www.sse.com.cn/market/othersdata/margin/sum/,https://www.szse.cn/disclosure/margin/margin/index.html,2023-10-24,CNY,812882427571.0,CNY_100M,SZSE_MARGIN_SUMMARY,SSE_MARGIN_SUMMARY,CNY,,
726128000000.0,1539089564203.0,https://www.sse.com.cn/market/othersdata/margin/sum/,https://www.szse.cn/disclosure/margin/margin/index.html,2023-10-25,CNY,812961564203.0,CNY_100M,SZSE_MARGIN_SUMMARY,SSE_MARGIN_SUMMARY,CNY,,
726655000000.0,1539160287117.0,https://www.sse.com.cn/market/othersdata/margin/sum/,https://www.szse.cn/disclosure/margin/margin/index.html,2023-10-26,CNY,812505287117.0,CNY_100M,SZSE_MARGIN_SUMMARY,SSE_MARGIN_SUMMARY,CNY,,
726503000000.0,1536735952483.0,https://www.sse.com.cn/market/othersdata/margin/sum/,https://www.szse.cn/disclosure/margin/margin/index.html,2023-10-27,CNY,810232952483.0,CNY_100M,SZSE_MARGIN_SUMMARY,SSE_MARGIN_SUMMARY,CNY,,
731557000000.0,1546446500260.0,https://www.sse.com.cn/market/othersdata/margin/sum/,https://www.szse.cn/disclosure/margin/margin/index.html,2023-10-30,CNY,814889500260.0,CNY_100M,SZSE_MARGIN_SUMMARY,SSE_MARGIN_SUMMARY,CNY,,
733617000000.0,1549144162949.0,https://www.sse.com.cn/market/othersdata/margin/sum/,https://www.szse.cn/disclosure/margin/margin/index.html,2023-10-31,CNY,815527162949.0,CNY_100M,SZSE_MARGIN_SUMMARY,SSE_MARGIN_SUMMARY,CNY,,
734809000000.0,1552622626569.0,https://www.sse.com.cn/market/othersdata/margin/sum/,https://www.szse.cn/disclosure/margin/margin/index.html,2023-11-01,CNY,817813626569.0,CNY_100M,SZSE_MARGIN_SUMMARY,SSE_MARGIN_SUMMARY,CNY,,
734398000000.0,1550363385343.0,https://www.sse.com.cn/market/othersdata/margin/sum/,https://www.szse.cn/disclosure/margin/margin/index.html,2023-11-02,CNY,815965385343.0,CNY_100M,SZSE_MARGIN_SUMMARY,SSE_MARGIN_SUMMARY,CNY,,
733364000000.0,1546529051421.0,https://www.sse.com.cn/market/othersdata/margin/sum/,https://www.szse.cn/disclosure/margin/margin/index.html,2023-11-03,CNY,813165051421.0,CNY_100M,SZSE_MARGIN_SUMMARY,SSE_MARGIN_SUMMARY,CNY,,
736670000000.0,1555997277875.0,https://www.sse.com.cn/market/othersdata/margin/sum/,https://www.szse.cn/disclosure/margin/margin/index.html,2023-11-06,CNY,819327277875.0,CNY_100M,SZSE_MARGIN_SUMMARY,SSE_MARGIN_SUMMARY,CNY,,
740152000000.0,1561678092866.0,https://www.sse.com.cn/market/othersdata/margin/sum/,https://www.szse.cn/disclosure/margin/margin/index.html,2023-11-07,CNY,821526092866.0,CNY_100M,SZSE_MARGIN_SUMMARY,SSE_MARGIN_SUMMARY,CNY,,
744330000000.0,1568962593494.0,https://www.sse.com.cn/market/othersdata/margin/sum/,https://www.szse.cn/disclosure/margin/margin/index.html,2023-11-08,CNY,824632593494.0,CNY_100M,SZSE_MARGIN_SUMMARY,SSE_MARGIN_SUMMARY,CNY,,
745168000000.0,1570215825135.0,https://www.sse.com.cn/market/othersdata/margin/sum/,https://www.szse.cn/disclosure/margin/margin/index.html,2023-11-09,CNY,825047825135.0,CNY_100M,SZSE_MARGIN_SUMMARY,SSE_MARGIN_SUMMARY,CNY,,
744215000000.0,1569637662790.0,https://www.sse.com.cn/market/othersdata/margin/sum/,https://www.szse.cn/disclosure/margin/margin/index.html,2023-11-10,CNY,825422662790.0,CNY_100M,SZSE_MARGIN_SUMMARY,SSE_MARGIN_SUMMARY,CNY,,
747351000000.0,1575342882641.0,https://www.sse.com.cn/market/othersdata/margin/sum/,https://www.szse.cn/disclosure/margin/margin/index.html,2023-11-13,CNY,827991882641.0,CNY_100M,SZSE_MARGIN_SUMMARY,SSE_MARGIN_SUMMARY,CNY,,
750392000000.0,1580764804413.0,https://www.sse.com.cn/market/othersdata/margin/sum/,https://www.szse.cn/disclosure/margin/margin/index.html,2023-11-14,CNY,830372804413.0,CNY_100M,SZSE_MARGIN_SUMMARY,SSE_MARGIN_SUMMARY,CNY,,
752823000000.0,1585180807380.0,https://www.sse.com.cn/market/othersdata/margin/sum/,https://www.szse.cn/disclosure/margin/margin/index.html,2023-11-15,CNY,832357807380.0,CNY_100M,SZSE_MARGIN_SUMMARY,SSE_MARGIN_SUMMARY,CNY,,
754021000000.0,1586043057391.0,https://www.sse.com.cn/market/othersdata/margin/sum/,https://www.szse.cn/disclosure/margin/margin/index.html,2023-11-16,CNY,832022057391.0,CNY_100M,SZSE_MARGIN_SUMMARY,SSE_MARGIN_SUMMARY,CNY,,
753780000000.0,1585755601530.0,https://www.sse.com.cn/market/othersdata/margin/sum/,https://www.szse.cn/disclosure/margin/margin/index.html,2023-11-17,CNY,831975601530.0,CNY_100M,SZSE_MARGIN_SUMMARY,SSE_MARGIN_SUMMARY,CNY,,
758608000000.0,1593876167806.0,https://www.sse.com.cn/market/othersdata/margin/sum/,https://www.szse.cn/disclosure/margin/margin/index.html,2023-11-20,CNY,835268167806.0,CNY_100M,SZSE_MARGIN_SUMMARY,SSE_MARGIN_SUMMARY,CNY,,
759918000000.0,1594249560086.0,https://www.sse.com.cn/market/othersdata/margin/sum/,https://www.szse.cn/disclosure/margin/margin/index.html,2023-11-21,CNY,834331560086.0,CNY_100M,SZSE_MARGIN_SUMMARY,SSE_MARGIN_SUMMARY,CNY,,
760227000000.0,1594973932505.0,https://www.sse.com.cn/market/othersdata/margin/sum/,https://www.szse.cn/disclosure/margin/margin/index.html,2023-11-22,CNY,834746932505.0,CNY_100M,SZSE_MARGIN_SUMMARY,SSE_MARGIN_SUMMARY,CNY,,
760890000000.0,1595846462548.0,https://www.sse.com.cn/market/othersdata/margin/sum/,https://www.szse.cn/disclosure/margin/margin/index.html,2023-11-23,CNY,834956462548.0,CNY_100M,SZSE_MARGIN_SUMMARY,SSE_MARGIN_SUMMARY,CNY,,
758091000000.0,1590809672134.0,https://www.sse.com.cn/market/othersdata/margin/sum/,https://www.szse.cn/disclosure/margin/margin/index.html,2023-11-24,CNY,832718672134.0,CNY_100M,SZSE_MARGIN_SUMMARY,SSE_MARGIN_SUMMARY,CNY,,
758642000000.0,1592046572997.0,https://www.sse.com.cn/market/othersdata/margin/sum/,https://www.szse.cn/disclosure/margin/margin/index.html,2023-11-27,CNY,833404572997.0,CNY_100M,SZSE_MARGIN_SUMMARY,SSE_MARGIN_SUMMARY,CNY,,
759136000000.0,1592430508080.0,https://www.sse.com.cn/market/othersdata/margin/sum/,https://www.szse.cn/disclosure/margin/margin/index.html,2023-11-28,CNY,833294508080.0,CNY_100M,SZSE_MARGIN_SUMMARY,SSE_MARGIN_SUMMARY,CNY,,
760741000000.0,1594396196071.0,https://www.sse.com.cn/market/othersdata/margin/sum/,https://www.szse.cn/disclosure/margin/margin/index.html,2023-11-29,CNY,833655196071.0,CNY_100M,SZSE_MARGIN_SUMMARY,SSE_MARGIN_SUMMARY,CNY,,
758699000000.0,1591584252348.0,https://www.sse.com.cn/market/othersdata/margin/sum/,https://www.szse.cn/disclosure/margin/margin/index.html,2023-11-30,CNY,832885252348.0,CNY_100M,SZSE_MARGIN_SUMMARY,SSE_MARGIN_SUMMARY,CNY,,
758524000000.0,1591448455327.0,https://www.sse.com.cn/market/othersdata/margin/sum/,https://www.szse.cn/disclosure/margin/margin/index.html,2023-12-01,CNY,832924455327.0,CNY_100M,SZSE_MARGIN_SUMMARY,SSE_MARGIN_SUMMARY,CNY,,
759095000000.0,1593201455014.0,https://www.sse.com.cn/market/othersdata/margin/sum/,https://www.szse.cn/disclosure/margin/margin/index.html,2023-12-04,CNY,834106455014.0,CNY_100M,SZSE_MARGIN_SUMMARY,SSE_MARGIN_SUMMARY,CNY,,
758595000000.0,1592810113904.0,https://www.sse.com.cn/market/othersdata/margin/sum/,https://www.szse.cn/disclosure/margin/margin/index.html,2023-12-05,CNY,834215113904.0,CNY_100M,SZSE_MARGIN_SUMMARY,SSE_MARGIN_SUMMARY,CNY,,
758546000000.0,1593260468180.0,https://www.sse.com.cn/market/othersdata/margin/sum/,https://www.szse.cn/disclosure/margin/margin/index.html,2023-12-06,CNY,834714468180.0,CNY_100M,SZSE_MARGIN_SUMMARY,SSE_MARGIN_SUMMARY,CNY,,
758544000000.0,1594626635421.0,https://www.sse.com.cn/market/othersdata/margin/sum/,https://www.szse.cn/disclosure/margin/margin/index.html,2023-12-07,CNY,836082635421.0,CNY_100M,SZSE_MARGIN_SUMMARY,SSE_MARGIN_SUMMARY,CNY,,
756544000000.0,1591067805754.0,https://www.sse.com.cn/market/othersdata/margin/sum/,https://www.szse.cn/disclosure/margin/margin/index.html,2023-12-08,CNY,834523805754.0,CNY_100M,SZSE_MARGIN_SUMMARY,SSE_MARGIN_SUMMARY,CNY,,
758853000000.0,1594453321392.0,https://www.sse.com.cn/market/othersdata/margin/sum/,https://www.szse.cn/disclosure/margin/margin/index.html,2023-12-11,CNY,835600321392.0,CNY_100M,SZSE_MARGIN_SUMMARY,SSE_MARGIN_SUMMARY,CNY,,
760590000000.0,1596965013527.0,https://www.sse.com.cn/market/othersdata/margin/sum/,https://www.szse.cn/disclosure/margin/margin/index.html,2023-12-12,CNY,836375013527.0,CNY_100M,SZSE_MARGIN_SUMMARY,SSE_MARGIN_SUMMARY,CNY,,
761209000000.0,1598918803552.0,https://www.sse.com.cn/market/othersdata/margin/sum/,https://www.szse.cn/disclosure/margin/margin/index.html,2023-12-13,CNY,837709803552.0,CNY_100M,SZSE_MARGIN_SUMMARY,SSE_MARGIN_SUMMARY,CNY,,
759507000000.0,1596722537839.0,https://www.sse.com.cn/market/othersdata/margin/sum/,https://www.szse.cn/disclosure/margin/margin/index.html,2023-12-14,CNY,837215537839.0,CNY_100M,SZSE_MARGIN_SUMMARY,SSE_MARGIN_SUMMARY,CNY,,
757811000000.0,1595274560463.0,https://www.sse.com.cn/market/othersdata/margin/sum/,https://www.szse.cn/disclosure/margin/margin/index.html,2023-12-15,CNY,837463560463.0,CNY_100M,SZSE_MARGIN_SUMMARY,SSE_MARGIN_SUMMARY,CNY,,
756812000000.0,1593211914567.0,https://www.sse.com.cn/market/othersdata/margin/sum/,https://www.szse.cn/disclosure/margin/margin/index.html,2023-12-18,CNY,836399914567.0,CNY_100M,SZSE_MARGIN_SUMMARY,SSE_MARGIN_SUMMARY,CNY,,
757330000000.0,1594302616963.0,https://www.sse.com.cn/market/othersdata/margin/sum/,https://www.szse.cn/disclosure/margin/margin/index.html,2023-12-19,CNY,836972616963.0,CNY_100M,SZSE_MARGIN_SUMMARY,SSE_MARGIN_SUMMARY,CNY,,
755457000000.0,1590051703843.0,https://www.sse.com.cn/market/othersdata/margin/sum/,https://www.szse.cn/disclosure/margin/margin/index.html,2023-12-20,CNY,834594703843.0,CNY_100M,SZSE_MARGIN_SUMMARY,SSE_MARGIN_SUMMARY,CNY,,
756563000000.0,1591495767439.0,https://www.sse.com.cn/market/othersdata/margin/sum/,https://www.szse.cn/disclosure/margin/margin/index.html,2023-12-21,CNY,834932767439.0,CNY_100M,SZSE_MARGIN_SUMMARY,SSE_MARGIN_SUMMARY,CNY,,
751688000000.0,1583585728706.0,https://www.sse.com.cn/market/othersdata/margin/sum/,https://www.szse.cn/disclosure/margin/margin/index.html,2023-12-22,CNY,831897728706.0,CNY_100M,SZSE_MARGIN_SUMMARY,SSE_MARGIN_SUMMARY,CNY,,
752033000000.0,1583570266706.0,https://www.sse.com.cn/market/othersdata/margin/sum/,https://www.szse.cn/disclosure/margin/margin/index.html,2023-12-25,CNY,831537266706.0,CNY_100M,SZSE_MARGIN_SUMMARY,SSE_MARGIN_SUMMARY,CNY,,
751105000000.0,1581261676857.0,https://www.sse.com.cn/market/othersdata/margin/sum/,https://www.szse.cn/disclosure/margin/margin/index.html,2023-12-26,CNY,830156676857.0,CNY_100M,SZSE_MARGIN_SUMMARY,SSE_MARGIN_SUMMARY,CNY,,
751614000000.0,1582253021091.0,https://www.sse.com.cn/market/othersdata/margin/sum/,https://www.szse.cn/disclosure/margin/margin/index.html,2023-12-27,CNY,830639021091.0,CNY_100M,SZSE_MARGIN_SUMMARY,SSE_MARGIN_SUMMARY,CNY,,
752737000000.0,1585348883792.0,https://www.sse.com.cn/market/othersdata/margin/sum/,https://www.szse.cn/disclosure/margin/margin/index.html,2023-12-28,CNY,832611883792.0,CNY_100M,SZSE_MARGIN_SUMMARY,SSE_MARGIN_SUMMARY,CNY,,
749672000000.0,1578153994098.0,https://www.sse.com.cn/market/othersdata/margin/sum/,https://www.szse.cn/disclosure/margin/margin/index.html,2023-12-29,CNY,828481994098.0,CNY_100M,SZSE_MARGIN_SUMMARY,SSE_MARGIN_SUMMARY,CNY,,
752646000000.0,1583788083711.0,https://www.sse.com.cn/market/othersdata/margin/sum/,https://www.szse.cn/disclosure/margin/margin/index.html,2024-01-02,CNY,831142083711.0,CNY_100M,SZSE_MARGIN_SUMMARY,SSE_MARGIN_SUMMARY,CNY,,
753697000000.0,1584691385460.0,https://www.sse.com.cn/market/othersdata/margin/sum/,https://www.szse.cn/disclosure/margin/margin/index.html,2024-01-03,CNY,830994385460.0,CNY_100M,SZSE_MARGIN_SUMMARY,SSE_MARGIN_SUMMARY,CNY,,
754785000000.0,1586913138742.0,https://www.sse.com.cn/market/othersdata/margin/sum/,https://www.szse.cn/disclosure/margin/margin/index.html,2024-01-04,CNY,832128138742.0,CNY_100M,SZSE_MARGIN_SUMMARY,SSE_MARGIN_SUMMARY,CNY,,
749811000000.0,1578520528427.0,https://www.sse.com.cn/market/othersdata/margin/sum/,https://www.szse.cn/disclosure/margin/margin/index.html,2024-01-05,CNY,828709528427.0,CNY_100M,SZSE_MARGIN_SUMMARY,SSE_MARGIN_SUMMARY,CNY,,
749956000000.0,1578928334142.0,https://www.sse.com.cn/market/othersdata/margin/sum/,https://www.szse.cn/disclosure/margin/margin/index.html,2024-01-08,CNY,828972334142.0,CNY_100M,SZSE_MARGIN_SUMMARY,SSE_MARGIN_SUMMARY,CNY,,
748671000000.0,1575568619326.0,https://www.sse.com.cn/market/othersdata/margin/sum/,https://www.szse.cn/disclosure/margin/margin/index.html,2024-01-09,CNY,826897619326.0,CNY_100M,SZSE_MARGIN_SUMMARY,SSE_MARGIN_SUMMARY,CNY,,
747024000000.0,1572897985989.0,https://www.sse.com.cn/market/othersdata/margin/sum/,https://www.szse.cn/disclosure/margin/margin/index.html,2024-01-10,CNY,825873985989.0,CNY_100M,SZSE_MARGIN_SUMMARY,SSE_MARGIN_SUMMARY,CNY,,
747029000000.0,1573667502547.0,https://www.sse.com.cn/market/othersdata/margin/sum/,https://www.szse.cn/disclosure/margin/margin/index.html,2024-01-11,CNY,826638502547.0,CNY_100M,SZSE_MARGIN_SUMMARY,SSE_MARGIN_SUMMARY,CNY,,
744864000000.0,1568612027298.0,https://www.sse.com.cn/market/othersdata/margin/sum/,https://www.szse.cn/disclosure/margin/margin/index.html,2024-01-12,CNY,823748027298.0,CNY_100M,SZSE_MARGIN_SUMMARY,SSE_MARGIN_SUMMARY,CNY,,
745558000000.0,1569599494146.0,https://www.sse.com.cn/market/othersdata/margin/sum/,https://www.szse.cn/disclosure/margin/margin/index.html,2024-01-15,CNY,824041494146.0,CNY_100M,SZSE_MARGIN_SUMMARY,SSE_MARGIN_SUMMARY,CNY,,
744880000000.0,1567071705187.0,https://www.sse.com.cn/market/othersdata/margin/sum/,https://www.szse.cn/disclosure/margin/margin/index.html,2024-01-16,CNY,822191705187.0,CNY_100M,SZSE_MARGIN_SUMMARY,SSE_MARGIN_SUMMARY,CNY,,
743651000000.0,1566544295095.0,https://www.sse.com.cn/market/othersdata/margin/sum/,https://www.szse.cn/disclosure/margin/margin/index.html,2024-01-17,CNY,822893295095.0,CNY_100M,SZSE_MARGIN_SUMMARY,SSE_MARGIN_SUMMARY,CNY,,
740788000000.0,1559810418564.0,https://www.sse.com.cn/market/othersdata/margin/sum/,https://www.szse.cn/disclosure/margin/margin/index.html,2024-01-18,CNY,819022418564.0,CNY_100M,SZSE_MARGIN_SUMMARY,SSE_MARGIN_SUMMARY,CNY,,
736772000000.0,1552489641554.0,https://www.sse.com.cn/market/othersdata/margin/sum/,https://www.szse.cn/disclosure/margin/margin/index.html,2024-01-19,CNY,815717641554.0,CNY_100M,SZSE_MARGIN_SUMMARY,SSE_MARGIN_SUMMARY,CNY,,
728116000000.0,1537412563322.0,https://www.sse.com.cn/market/othersdata/margin/sum/,https://www.szse.cn/disclosure/margin/margin/index.html,2024-01-22,CNY,809296563322.0,CNY_100M,SZSE_MARGIN_SUMMARY,SSE_MARGIN_SUMMARY,CNY,,
726318000000.0,1533350444057.0,https://www.sse.com.cn/market/othersdata/margin/sum/,https://www.szse.cn/disclosure/margin/margin/index.html,2024-01-23,CNY,807032444057.0,CNY_100M,SZSE_MARGIN_SUMMARY,SSE_MARGIN_SUMMARY,CNY,,
725187000000.0,1531131834168.0,https://www.sse.com.cn/market/othersdata/margin/sum/,https://www.szse.cn/disclosure/margin/margin/index.html,2024-01-24,CNY,805944834168.0,CNY_100M,SZSE_MARGIN_SUMMARY,SSE_MARGIN_SUMMARY,CNY,,
727594000000.0,1535211147167.0,https://www.sse.com.cn/market/othersdata/margin/sum/,https://www.szse.cn/disclosure/margin/margin/index.html,2024-01-25,CNY,807617147167.0,CNY_100M,SZSE_MARGIN_SUMMARY,SSE_MARGIN_SUMMARY,CNY,,
725551000000.0,1530206756758.0,https://www.sse.com.cn/market/othersdata/margin/sum/,https://www.szse.cn/disclosure/margin/margin/index.html,2024-01-26,CNY,804655756758.0,CNY_100M,SZSE_MARGIN_SUMMARY,SSE_MARGIN_SUMMARY,CNY,,
722596000000.0,1526722169828.0,https://www.sse.com.cn/market/othersdata/margin/sum/,https://www.szse.cn/disclosure/margin/margin/index.html,2024-01-29,CNY,804126169828.0,CNY_100M,SZSE_MARGIN_SUMMARY,SSE_MARGIN_SUMMARY,CNY,,
718532000000.0,1518776506696.0,https://www.sse.com.cn/market/othersdata/margin/sum/,https://www.szse.cn/disclosure/margin/margin/index.html,2024-01-30,CNY,800244506696.0,CNY_100M,SZSE_MARGIN_SUMMARY,SSE_MARGIN_SUMMARY,CNY,,
706933000000.0,1499423224505.0,https://www.sse.com.cn/market/othersdata/margin/sum/,https://www.szse.cn/disclosure/margin/margin/index.html,2024-01-31,CNY,792490224505.0,CNY_100M,SZSE_MARGIN_SUMMARY,SSE_MARGIN_SUMMARY,CNY,,
701122000000.0,1487959967330.0,https://www.sse.com.cn/market/othersdata/margin/sum/,https://www.szse.cn/disclosure/margin/margin/index.html,2024-02-01,CNY,786837967330.0,CNY_100M,SZSE_MARGIN_SUMMARY,SSE_MARGIN_SUMMARY,CNY,,
685213000000.0,1458860722879.0,https://www.sse.com.cn/market/othersdata/margin/sum/,https://www.szse.cn/disclosure/margin/margin/index.html,2024-02-02,CNY,773647722879.0,CNY_100M,SZSE_MARGIN_SUMMARY,SSE_MARGIN_SUMMARY,CNY,,
664202000000.0,1419419822166.0,https://www.sse.com.cn/market/othersdata/margin/sum/,https://www.szse.cn/disclosure/margin/margin/index.html,2024-02-05,CNY,755217822166.0,CNY_100M,SZSE_MARGIN_SUMMARY,SSE_MARGIN_SUMMARY,CNY,,
655949000000.0,1404282302910.0,https://www.sse.com.cn/market/othersdata/margin/sum/,https://www.szse.cn/disclosure/margin/margin/index.html,2024-02-06,CNY,748333302910.0,CNY_100M,SZSE_MARGIN_SUMMARY,SSE_MARGIN_SUMMARY,CNY,,
649120000000.0,1391139354720.0,https://www.sse.com.cn/market/othersdata/margin/sum/,https://www.szse.cn/disclosure/margin/margin/index.html,2024-02-07,CNY,742019354720.0,CNY_100M,SZSE_MARGIN_SUMMARY,SSE_MARGIN_SUMMARY,CNY,,
641361000000.0,1374175563056.0,https://www.sse.com.cn/market/othersdata/margin/sum/,https://www.szse.cn/disclosure/margin/margin/index.html,2024-02-08,CNY,732814563056.0,CNY_100M,SZSE_MARGIN_SUMMARY,SSE_MARGIN_SUMMARY,CNY,,
649373000000.0,1389600803446.0,https://www.sse.com.cn/market/othersdata/margin/sum/,https://www.szse.cn/disclosure/margin/margin/index.html,2024-02-19,CNY,740227803446.0,CNY_100M,SZSE_MARGIN_SUMMARY,SSE_MARGIN_SUMMARY,CNY,,
652854000000.0,1395647395834.0,https://www.sse.com.cn/market/othersdata/margin/sum/,https://www.szse.cn/disclosure/margin/margin/index.html,2024-02-20,CNY,742793395834.0,CNY_100M,SZSE_MARGIN_SUMMARY,SSE_MARGIN_SUMMARY,CNY,,
655823000000.0,1401123060748.0,https://www.sse.com.cn/market/othersdata/margin/sum/,https://www.szse.cn/disclosure/margin/margin/index.html,2024-02-21,CNY,745300060748.0,CNY_100M,SZSE_MARGIN_SUMMARY,SSE_MARGIN_SUMMARY,CNY,,
659176000000.0,1406899231736.0,https://www.sse.com.cn/market/othersdata/margin/sum/,https://www.szse.cn/disclosure/margin/margin/index.html,2024-02-22,CNY,747723231736.0,CNY_100M,SZSE_MARGIN_SUMMARY,SSE_MARGIN_SUMMARY,CNY,,
662112000000.0,1411604807896.0,https://www.sse.com.cn/market/othersdata/margin/sum/,https://www.szse.cn/disclosure/margin/margin/index.html,2024-02-23,CNY,749492807896.0,CNY_100M,SZSE_MARGIN_SUMMARY,SSE_MARGIN_SUMMARY,CNY,,
666074000000.0,1420302891893.0,https://www.sse.com.cn/market/othersdata/margin/sum/,https://www.szse.cn/disclosure/margin/margin/index.html,2024-02-26,CNY,754228891893.0,CNY_100M,SZSE_MARGIN_SUMMARY,SSE_MARGIN_SUMMARY,CNY,,
671688000000.0,1431367567384.0,https://www.sse.com.cn/market/othersdata/margin/sum/,https://www.szse.cn/disclosure/margin/margin/index.html,2024-02-27,CNY,759679567384.0,CNY_100M,SZSE_MARGIN_SUMMARY,SSE_MARGIN_SUMMARY,CNY,,
673089000000.0,1434483539302.0,https://www.sse.com.cn/market/othersdata/margin/sum/,https://www.szse.cn/disclosure/margin/margin/index.html,2024-02-28,CNY,761394539302.0,CNY_100M,SZSE_MARGIN_SUMMARY,SSE_MARGIN_SUMMARY,CNY,,
676148000000.0,1439736251469.0,https://www.sse.com.cn/market/othersdata/margin/sum/,https://www.szse.cn/disclosure/margin/margin/index.html,2024-02-29,CNY,763588251469.0,CNY_100M,SZSE_MARGIN_SUMMARY,SSE_MARGIN_SUMMARY,CNY,,
677914000000.0,1441912784017.0,https://www.sse.com.cn/market/othersdata/margin/sum/,https://www.szse.cn/disclosure/margin/margin/index.html,2024-03-01,CNY,763998784017.0,CNY_100M,SZSE_MARGIN_SUMMARY,SSE_MARGIN_SUMMARY,CNY,,
683755000000.0,1451630774743.0,https://www.sse.com.cn/market/othersdata/margin/sum/,https://www.szse.cn/disclosure/margin/margin/index.html,2024-03-04,CNY,767875774743.0,CNY_100M,SZSE_MARGIN_SUMMARY,SSE_MARGIN_SUMMARY,CNY,,
681536000000.0,1447079467209.0,https://www.sse.com.cn/market/othersdata/margin/sum/,https://www.szse.cn/disclosure/margin/margin/index.html,2024-03-05,CNY,765543467209.0,CNY_100M,SZSE_MARGIN_SUMMARY,SSE_MARGIN_SUMMARY,CNY,,
684495000000.0,1452326575541.0,https://www.sse.com.cn/market/othersdata/margin/sum/,https://www.szse.cn/disclosure/margin/margin/index.html,2024-03-06,CNY,767831575541.0,CNY_100M,SZSE_MARGIN_SUMMARY,SSE_MARGIN_SUMMARY,CNY,,
683243000000.0,1450481154523.0,https://www.sse.com.cn/market/othersdata/margin/sum/,https://www.szse.cn/disclosure/margin/margin/index.html,2024-03-07,CNY,767238154523.0,CNY_100M,SZSE_MARGIN_SUMMARY,SSE_MARGIN_SUMMARY,CNY,,
684685000000.0,1451761407729.0,https://www.sse.com.cn/market/othersdata/margin/sum/,https://www.szse.cn/disclosure/margin/margin/index.html,2024-03-08,CNY,767076407729.0,CNY_100M,SZSE_MARGIN_SUMMARY,SSE_MARGIN_SUMMARY,CNY,,
687975000000.0,1459710920375.0,https://www.sse.com.cn/market/othersdata/margin/sum/,https://www.szse.cn/disclosure/margin/margin/index.html,2024-03-11,CNY,771735920375.0,CNY_100M,SZSE_MARGIN_SUMMARY,SSE_MARGIN_SUMMARY,CNY,,
691385000000.0,1467013762488.0,https://www.sse.com.cn/market/othersdata/margin/sum/,https://www.szse.cn/disclosure/margin/margin/index.html,2024-03-12,CNY,775628762488.0,CNY_100M,SZSE_MARGIN_SUMMARY,SSE_MARGIN_SUMMARY,CNY,,
694629000000.0,1474020222769.0,https://www.sse.com.cn/market/othersdata/margin/sum/,https://www.szse.cn/disclosure/margin/margin/index.html,2024-03-13,CNY,779391222769.0,CNY_100M,SZSE_MARGIN_SUMMARY,SSE_MARGIN_SUMMARY,CNY,,
695081000000.0,1475127280509.0,https://www.sse.com.cn/market/othersdata/margin/sum/,https://www.szse.cn/disclosure/margin/margin/index.html,2024-03-14,CNY,780046280509.0,CNY_100M,SZSE_MARGIN_SUMMARY,SSE_MARGIN_SUMMARY,CNY,,
696748000000.0,1475343728857.0,https://www.sse.com.cn/market/othersdata/margin/sum/,https://www.szse.cn/disclosure/margin/margin/index.html,2024-03-15,CNY,778595728857.0,CNY_100M,SZSE_MARGIN_SUMMARY,SSE_MARGIN_SUMMARY,CNY,,
703706000000.0,1488944788824.0,https://www.sse.com.cn/market/othersdata/margin/sum/,https://www.szse.cn/disclosure/margin/margin/index.html,2024-03-18,CNY,785238788824.0,CNY_100M,SZSE_MARGIN_SUMMARY,SSE_MARGIN_SUMMARY,CNY,,
704483000000.0,1492606561308.0,https://www.sse.com.cn/market/othersdata/margin/sum/,https://www.szse.cn/disclosure/margin/margin/index.html,2024-03-19,CNY,788123561308.0,CNY_100M,SZSE_MARGIN_SUMMARY,SSE_MARGIN_SUMMARY,CNY,,
707914000000.0,1499493255249.0,https://www.sse.com.cn/market/othersdata/margin/sum/,https://www.szse.cn/disclosure/margin/margin/index.html,2024-03-20,CNY,791579255249.0,CNY_100M,SZSE_MARGIN_SUMMARY,SSE_MARGIN_SUMMARY,CNY,,
710511000000.0,1505069886114.0,https://www.sse.com.cn/market/othersdata/margin/sum/,https://www.szse.cn/disclosure/margin/margin/index.html,2024-03-21,CNY,794558886114.0,CNY_100M,SZSE_MARGIN_SUMMARY,SSE_MARGIN_SUMMARY,CNY,,
710628000000.0,1502995700490.0,https://www.sse.com.cn/market/othersdata/margin/sum/,https://www.szse.cn/disclosure/margin/margin/index.html,2024-03-22,CNY,792367700490.0,CNY_100M,SZSE_MARGIN_SUMMARY,SSE_MARGIN_SUMMARY,CNY,,
710379000000.0,1502280990178.0,https://www.sse.com.cn/market/othersdata/margin/sum/,https://www.szse.cn/disclosure/margin/margin/index.html,2024-03-25,CNY,791901990178.0,CNY_100M,SZSE_MARGIN_SUMMARY,SSE_MARGIN_SUMMARY,CNY,,
709640000000.0,1501288382622.0,https://www.sse.com.cn/market/othersdata/margin/sum/,https://www.szse.cn/disclosure/margin/margin/index.html,2024-03-26,CNY,791648382622.0,CNY_100M,SZSE_MARGIN_SUMMARY,SSE_MARGIN_SUMMARY,CNY,,
707271000000.0,1497327026671.0,https://www.sse.com.cn/market/othersdata/margin/sum/,https://www.szse.cn/disclosure/margin/margin/index.html,2024-03-27,CNY,790056026671.0,CNY_100M,SZSE_MARGIN_SUMMARY,SSE_MARGIN_SUMMARY,CNY,,
709450000000.0,1500933877673.0,https://www.sse.com.cn/market/othersdata/margin/sum/,https://www.szse.cn/disclosure/margin/margin/index.html,2024-03-28,CNY,791483877673.0,CNY_100M,SZSE_MARGIN_SUMMARY,SSE_MARGIN_SUMMARY,CNY,,
706664000000.0,1495268704752.0,https://www.sse.com.cn/market/othersdata/margin/sum/,https://www.szse.cn/disclosure/margin/margin/index.html,2024-03-29,CNY,788604704752.0,CNY_100M,SZSE_MARGIN_SUMMARY,SSE_MARGIN_SUMMARY,CNY,,
710671000000.0,1502612850462.0,https://www.sse.com.cn/market/othersdata/margin/sum/,https://www.szse.cn/disclosure/margin/margin/index.html,2024-04-01,CNY,791941850462.0,CNY_100M,SZSE_MARGIN_SUMMARY,SSE_MARGIN_SUMMARY,CNY,,
711415000000.0,1504065902165.0,https://www.sse.com.cn/market/othersdata/margin/sum/,https://www.szse.cn/disclosure/margin/margin/index.html,2024-04-02,CNY,792650902165.0,CNY_100M,SZSE_MARGIN_SUMMARY,SSE_MARGIN_SUMMARY,CNY,,
708014000000.0,1497458473453.0,https://www.sse.com.cn/market/othersdata/margin/sum/,https://www.szse.cn/disclosure/margin/margin/index.html,2024-04-03,CNY,789444473453.0,CNY_100M,SZSE_MARGIN_SUMMARY,SSE_MARGIN_SUMMARY,CNY,,
710187000000.0,1502444829262.0,https://www.sse.com.cn/market/othersdata/margin/sum/,https://www.szse.cn/disclosure/margin/margin/index.html,2024-04-08,CNY,792257829262.0,CNY_100M,SZSE_MARGIN_SUMMARY,SSE_MARGIN_SUMMARY,CNY,,
710577000000.0,1503114585653.0,https://www.sse.com.cn/market/othersdata/margin/sum/,https://www.szse.cn/disclosure/margin/margin/index.html,2024-04-09,CNY,792537585653.0,CNY_100M,SZSE_MARGIN_SUMMARY,SSE_MARGIN_SUMMARY,CNY,,
708853000000.0,1499915513076.0,https://www.sse.com.cn/market/othersdata/margin/sum/,https://www.szse.cn/disclosure/margin/margin/index.html,2024-04-10,CNY,791062513076.0,CNY_100M,SZSE_MARGIN_SUMMARY,SSE_MARGIN_SUMMARY,CNY,,
707767000000.0,1498373930947.0,https://www.sse.com.cn/market/othersdata/margin/sum/,https://www.szse.cn/disclosure/margin/margin/index.html,2024-04-11,CNY,790606930947.0,CNY_100M,SZSE_MARGIN_SUMMARY,SSE_MARGIN_SUMMARY,CNY,,
705138000000.0,1494655214620.0,https://www.sse.com.cn/market/othersdata/margin/sum/,https://www.szse.cn/disclosure/margin/margin/index.html,2024-04-12,CNY,789517214620.0,CNY_100M,SZSE_MARGIN_SUMMARY,SSE_MARGIN_SUMMARY,CNY,,
703182000000.0,1492064659697.0,https://www.sse.com.cn/market/othersdata/margin/sum/,https://www.szse.cn/disclosure/margin/margin/index.html,2024-04-15,CNY,788882659697.0,CNY_100M,SZSE_MARGIN_SUMMARY,SSE_MARGIN_SUMMARY,CNY,,
698438000000.0,1484670639980.0,https://www.sse.com.cn/market/othersdata/margin/sum/,https://www.szse.cn/disclosure/margin/margin/index.html,2024-04-16,CNY,786232639980.0,CNY_100M,SZSE_MARGIN_SUMMARY,SSE_MARGIN_SUMMARY,CNY,,
700608000000.0,1489414155953.0,https://www.sse.com.cn/market/othersdata/margin/sum/,https://www.szse.cn/disclosure/margin/margin/index.html,2024-04-17,CNY,788806155953.0,CNY_100M,SZSE_MARGIN_SUMMARY,SSE_MARGIN_SUMMARY,CNY,,
701669000000.0,1491715778078.0,https://www.sse.com.cn/market/othersdata/margin/sum/,https://www.szse.cn/disclosure/margin/margin/index.html,2024-04-18,CNY,790046778078.0,CNY_100M,SZSE_MARGIN_SUMMARY,SSE_MARGIN_SUMMARY,CNY,,
699249000000.0,1487179724525.0,https://www.sse.com.cn/market/othersdata/margin/sum/,https://www.szse.cn/disclosure/margin/margin/index.html,2024-04-19,CNY,787930724525.0,CNY_100M,SZSE_MARGIN_SUMMARY,SSE_MARGIN_SUMMARY,CNY,,
699814000000.0,1487743072445.0,https://www.sse.com.cn/market/othersdata/margin/sum/,https://www.szse.cn/disclosure/margin/margin/index.html,2024-04-22,CNY,787929072445.0,CNY_100M,SZSE_MARGIN_SUMMARY,SSE_MARGIN_SUMMARY,CNY,,
698489000000.0,1484743233863.0,https://www.sse.com.cn/market/othersdata/margin/sum/,https://www.szse.cn/disclosure/margin/margin/index.html,2024-04-23,CNY,786254233863.0,CNY_100M,SZSE_MARGIN_SUMMARY,SSE_MARGIN_SUMMARY,CNY,,
699436000000.0,1484757617854.0,https://www.sse.com.cn/market/othersdata/margin/sum/,https://www.szse.cn/disclosure/margin/margin/index.html,2024-04-24,CNY,785321617854.0,CNY_100M,SZSE_MARGIN_SUMMARY,SSE_MARGIN_SUMMARY,CNY,,
699634000000.0,1484192673597.0,https://www.sse.com.cn/market/othersdata/margin/sum/,https://www.szse.cn/disclosure/margin/margin/index.html,2024-04-25,CNY,784558673597.0,CNY_100M,SZSE_MARGIN_SUMMARY,SSE_MARGIN_SUMMARY,CNY,,
696915000000.0,1480781647546.0,https://www.sse.com.cn/market/othersdata/margin/sum/,https://www.szse.cn/disclosure/margin/margin/index.html,2024-04-26,CNY,783866647546.0,CNY_100M,SZSE_MARGIN_SUMMARY,SSE_MARGIN_SUMMARY,CNY,,
699104000000.0,1486431315790.0,https://www.sse.com.cn/market/othersdata/margin/sum/,https://www.szse.cn/disclosure/margin/margin/index.html,2024-04-29,CNY,787327315790.0,CNY_100M,SZSE_MARGIN_SUMMARY,SSE_MARGIN_SUMMARY,CNY,,
693393000000.0,1472854836084.0,https://www.sse.com.cn/market/othersdata/margin/sum/,https://www.szse.cn/disclosure/margin/margin/index.html,2024-04-30,CNY,779461836084.0,CNY_100M,SZSE_MARGIN_SUMMARY,SSE_MARGIN_SUMMARY,CNY,,
700106000000.0,1487896499055.0,https://www.sse.com.cn/market/othersdata/margin/sum/,https://www.szse.cn/disclosure/margin/margin/index.html,2024-05-06,CNY,787790499055.0,CNY_100M,SZSE_MARGIN_SUMMARY,SSE_MARGIN_SUMMARY,CNY,,
701534000000.0,1490845964241.0,https://www.sse.com.cn/market/othersdata/margin/sum/,https://www.szse.cn/disclosure/margin/margin/index.html,2024-05-07,CNY,789311964241.0,CNY_100M,SZSE_MARGIN_SUMMARY,SSE_MARGIN_SUMMARY,CNY,,
703693000000.0,1494665569690.0,https://www.sse.com.cn/market/othersdata/margin/sum/,https://www.szse.cn/disclosure/margin/margin/index.html,2024-05-08,CNY,790972569690.0,CNY_100M,SZSE_MARGIN_SUMMARY,SSE_MARGIN_SUMMARY,CNY,,
703785000000.0,1495083030035.0,https://www.sse.com.cn/market/othersdata/margin/sum/,https://www.szse.cn/disclosure/margin/margin/index.html,2024-05-09,CNY,791298030035.0,CNY_100M,SZSE_MARGIN_SUMMARY,SSE_MARGIN_SUMMARY,CNY,,
702683000000.0,1493512373066.0,https://www.sse.com.cn/market/othersdata/margin/sum/,https://www.szse.cn/disclosure/margin/margin/index.html,2024-05-10,CNY,790829373066.0,CNY_100M,SZSE_MARGIN_SUMMARY,SSE_MARGIN_SUMMARY,CNY,,
703041000000.0,1495404204543.0,https://www.sse.com.cn/market/othersdata/margin/sum/,https://www.szse.cn/disclosure/margin/margin/index.html,2024-05-13,CNY,792363204543.0,CNY_100M,SZSE_MARGIN_SUMMARY,SSE_MARGIN_SUMMARY,CNY,,
703058000000.0,1496963998906.0,https://www.sse.com.cn/market/othersdata/margin/sum/,https://www.szse.cn/disclosure/margin/margin/index.html,2024-05-14,CNY,793905998906.0,CNY_100M,SZSE_MARGIN_SUMMARY,SSE_MARGIN_SUMMARY,CNY,,
702007000000.0,1495323171463.0,https://www.sse.com.cn/market/othersdata/margin/sum/,https://www.szse.cn/disclosure/margin/margin/index.html,2024-05-15,CNY,793316171463.0,CNY_100M,SZSE_MARGIN_SUMMARY,SSE_MARGIN_SUMMARY,CNY,,
703431000000.0,1497962737028.0,https://www.sse.com.cn/market/othersdata/margin/sum/,https://www.szse.cn/disclosure/margin/margin/index.html,2024-05-16,CNY,794531737028.0,CNY_100M,SZSE_MARGIN_SUMMARY,SSE_MARGIN_SUMMARY,CNY,,
702257000000.0,1493433970437.0,https://www.sse.com.cn/market/othersdata/margin/sum/,https://www.szse.cn/disclosure/margin/margin/index.html,2024-05-17,CNY,791176970437.0,CNY_100M,SZSE_MARGIN_SUMMARY,SSE_MARGIN_SUMMARY,CNY,,
704415000000.0,1496260812829.0,https://www.sse.com.cn/market/othersdata/margin/sum/,https://www.szse.cn/disclosure/margin/margin/index.html,2024-05-20,CNY,791845812829.0,CNY_100M,SZSE_MARGIN_SUMMARY,SSE_MARGIN_SUMMARY,CNY,,
704937000000.0,1497683660438.0,https://www.sse.com.cn/market/othersdata/margin/sum/,https://www.szse.cn/disclosure/margin/margin/index.html,2024-05-21,CNY,792746660438.0,CNY_100M,SZSE_MARGIN_SUMMARY,SSE_MARGIN_SUMMARY,CNY,,
706640000000.0,1499788030302.0,https://www.sse.com.cn/market/othersdata/margin/sum/,https://www.szse.cn/disclosure/margin/margin/index.html,2024-05-22,CNY,793148030302.0,CNY_100M,SZSE_MARGIN_SUMMARY,SSE_MARGIN_SUMMARY,CNY,,
705390000000.0,1497550302563.0,https://www.sse.com.cn/market/othersdata/margin/sum/,https://www.szse.cn/disclosure/margin/margin/index.html,2024-05-23,CNY,792160302563.0,CNY_100M,SZSE_MARGIN_SUMMARY,SSE_MARGIN_SUMMARY,CNY,,
701891000000.0,1490947561769.0,https://www.sse.com.cn/market/othersdata/margin/sum/,https://www.szse.cn/disclosure/margin/margin/index.html,2024-05-24,CNY,789056561769.0,CNY_100M,SZSE_MARGIN_SUMMARY,SSE_MARGIN_SUMMARY,CNY,,
702247000000.0,1490958455730.0,https://www.sse.com.cn/market/othersdata/margin/sum/,https://www.szse.cn/disclosure/margin/margin/index.html,2024-05-27,CNY,788711455730.0,CNY_100M,SZSE_MARGIN_SUMMARY,SSE_MARGIN_SUMMARY,CNY,,
702359000000.0,1491181130899.0,https://www.sse.com.cn/market/othersdata/margin/sum/,https://www.szse.cn/disclosure/margin/margin/index.html,2024-05-28,CNY,788822130899.0,CNY_100M,SZSE_MARGIN_SUMMARY,SSE_MARGIN_SUMMARY,CNY,,
702154000000.0,1490587019337.0,https://www.sse.com.cn/market/othersdata/margin/sum/,https://www.szse.cn/disclosure/margin/margin/index.html,2024-05-29,CNY,788433019337.0,CNY_100M,SZSE_MARGIN_SUMMARY,SSE_MARGIN_SUMMARY,CNY,,
701037000000.0,1489650622634.0,https://www.sse.com.cn/market/othersdata/margin/sum/,https://www.szse.cn/disclosure/margin/margin/index.html,2024-05-30,CNY,788613622634.0,CNY_100M,SZSE_MARGIN_SUMMARY,SSE_MARGIN_SUMMARY,CNY,,
700240000000.0,1487188396207.0,https://www.sse.com.cn/market/othersdata/margin/sum/,https://www.szse.cn/disclosure/margin/margin/index.html,2024-05-31,CNY,786948396207.0,CNY_100M,SZSE_MARGIN_SUMMARY,SSE_MARGIN_SUMMARY,CNY,,
699467000000.0,1485844890389.0,https://www.sse.com.cn/market/othersdata/margin/sum/,https://www.szse.cn/disclosure/margin/margin/index.html,2024-06-03,CNY,786377890389.0,CNY_100M,SZSE_MARGIN_SUMMARY,SSE_MARGIN_SUMMARY,CNY,,
698110000000.0,1482278558915.0,https://www.sse.com.cn/market/othersdata/margin/sum/,https://www.szse.cn/disclosure/margin/margin/index.html,2024-06-04,CNY,784168558915.0,CNY_100M,SZSE_MARGIN_SUMMARY,SSE_MARGIN_SUMMARY,CNY,,
697238000000.0,1481190108368.0,https://www.sse.com.cn/market/othersdata/margin/sum/,https://www.szse.cn/disclosure/margin/margin/index.html,2024-06-05,CNY,783952108368.0,CNY_100M,SZSE_MARGIN_SUMMARY,SSE_MARGIN_SUMMARY,CNY,,
693041000000.0,1475048095818.0,https://www.sse.com.cn/market/othersdata/margin/sum/,https://www.szse.cn/disclosure/margin/margin/index.html,2024-06-06,CNY,782007095818.0,CNY_100M,SZSE_MARGIN_SUMMARY,SSE_MARGIN_SUMMARY,CNY,,
690345000000.0,1468646107436.0,https://www.sse.com.cn/market/othersdata/margin/sum/,https://www.szse.cn/disclosure/margin/margin/index.html,2024-06-07,CNY,778301107436.0,CNY_100M,SZSE_MARGIN_SUMMARY,SSE_MARGIN_SUMMARY,CNY,,
691368000000.0,1473312510323.0,https://www.sse.com.cn/market/othersdata/margin/sum/,https://www.szse.cn/disclosure/margin/margin/index.html,2024-06-11,CNY,781944510323.0,CNY_100M,SZSE_MARGIN_SUMMARY,SSE_MARGIN_SUMMARY,CNY,,
692736000000.0,1475050849008.0,https://www.sse.com.cn/market/othersdata/margin/sum/,https://www.szse.cn/disclosure/margin/margin/index.html,2024-06-12,CNY,782314849008.0,CNY_100M,SZSE_MARGIN_SUMMARY,SSE_MARGIN_SUMMARY,CNY,,
692938000000.0,1475845000391.0,https://www.sse.com.cn/market/othersdata/margin/sum/,https://www.szse.cn/disclosure/margin/margin/index.html,2024-06-13,CNY,782907000391.0,CNY_100M,SZSE_MARGIN_SUMMARY,SSE_MARGIN_SUMMARY,CNY,,
690787000000.0,1471751504299.0,https://www.sse.com.cn/market/othersdata/margin/sum/,https://www.szse.cn/disclosure/margin/margin/index.html,2024-06-14,CNY,780964504299.0,CNY_100M,SZSE_MARGIN_SUMMARY,SSE_MARGIN_SUMMARY,CNY,,
691896000000.0,1474860014854.0,https://www.sse.com.cn/market/othersdata/margin/sum/,https://www.szse.cn/disclosure/margin/margin/index.html,2024-06-17,CNY,782964014854.0,CNY_100M,SZSE_MARGIN_SUMMARY,SSE_MARGIN_SUMMARY,CNY,,
693575000000.0,1477870044737.0,https://www.sse.com.cn/market/othersdata/margin/sum/,https://www.szse.cn/disclosure/margin/margin/index.html,2024-06-18,CNY,784295044737.0,CNY_100M,SZSE_MARGIN_SUMMARY,SSE_MARGIN_SUMMARY,CNY,,
694353000000.0,1477788205481.0,https://www.sse.com.cn/market/othersdata/margin/sum/,https://www.szse.cn/disclosure/margin/margin/index.html,2024-06-19,CNY,783435205481.0,CNY_100M,SZSE_MARGIN_SUMMARY,SSE_MARGIN_SUMMARY,CNY,,
693251000000.0,1474934922089.0,https://www.sse.com.cn/market/othersdata/margin/sum/,https://www.szse.cn/disclosure/margin/margin/index.html,2024-06-20,CNY,781683922089.0,CNY_100M,SZSE_MARGIN_SUMMARY,SSE_MARGIN_SUMMARY,CNY,,
690957000000.0,1469811571234.0,https://www.sse.com.cn/market/othersdata/margin/sum/,https://www.szse.cn/disclosure/margin/margin/index.html,2024-06-21,CNY,778854571234.0,CNY_100M,SZSE_MARGIN_SUMMARY,SSE_MARGIN_SUMMARY,CNY,,
687866000000.0,1464151059177.0,https://www.sse.com.cn/market/othersdata/margin/sum/,https://www.szse.cn/disclosure/margin/margin/index.html,2024-06-24,CNY,776285059177.0,CNY_100M,SZSE_MARGIN_SUMMARY,SSE_MARGIN_SUMMARY,CNY,,
685225000000.0,1457859470591.0,https://www.sse.com.cn/market/othersdata/margin/sum/,https://www.szse.cn/disclosure/margin/margin/index.html,2024-06-25,CNY,772634470591.0,CNY_100M,SZSE_MARGIN_SUMMARY,SSE_MARGIN_SUMMARY,CNY,,
685828000000.0,1457882530413.0,https://www.sse.com.cn/market/othersdata/margin/sum/,https://www.szse.cn/disclosure/margin/margin/index.html,2024-06-26,CNY,772054530413.0,CNY_100M,SZSE_MARGIN_SUMMARY,SSE_MARGIN_SUMMARY,CNY,,
684236000000.0,1454493844269.0,https://www.sse.com.cn/market/othersdata/margin/sum/,https://www.szse.cn/disclosure/margin/margin/index.html,2024-06-27,CNY,770257844269.0,CNY_100M,SZSE_MARGIN_SUMMARY,SSE_MARGIN_SUMMARY,CNY,,
681783000000.0,1448280289908.0,https://www.sse.com.cn/market/othersdata/margin/sum/,https://www.szse.cn/disclosure/margin/margin/index.html,2024-06-28,CNY,766497289908.0,CNY_100M,SZSE_MARGIN_SUMMARY,SSE_MARGIN_SUMMARY,CNY,,
682399000000.0,1448057553562.0,https://www.sse.com.cn/market/othersdata/margin/sum/,https://www.szse.cn/disclosure/margin/margin/index.html,2024-07-01,CNY,765658553562.0,CNY_100M,SZSE_MARGIN_SUMMARY,SSE_MARGIN_SUMMARY,CNY,,
683064000000.0,1448905762398.0,https://www.sse.com.cn/market/othersdata/margin/sum/,https://www.szse.cn/disclosure/margin/margin/index.html,2024-07-02,CNY,765841762398.0,CNY_100M,SZSE_MARGIN_SUMMARY,SSE_MARGIN_SUMMARY,CNY,,
682192000000.0,1447929695477.0,https://www.sse.com.cn/market/othersdata/margin/sum/,https://www.szse.cn/disclosure/margin/margin/index.html,2024-07-03,CNY,765737695477.0,CNY_100M,SZSE_MARGIN_SUMMARY,SSE_MARGIN_SUMMARY,CNY,,
679259000000.0,1441369030420.0,https://www.sse.com.cn/market/othersdata/margin/sum/,https://www.szse.cn/disclosure/margin/margin/index.html,2024-07-04,CNY,762110030420.0,CNY_100M,SZSE_MARGIN_SUMMARY,SSE_MARGIN_SUMMARY,CNY,,
677018000000.0,1436441798637.0,https://www.sse.com.cn/market/othersdata/margin/sum/,https://www.szse.cn/disclosure/margin/margin/index.html,2024-07-05,CNY,759423798637.0,CNY_100M,SZSE_MARGIN_SUMMARY,SSE_MARGIN_SUMMARY,CNY,,
674986000000.0,1431741681180.0,https://www.sse.com.cn/market/othersdata/margin/sum/,https://www.szse.cn/disclosure/margin/margin/index.html,2024-07-08,CNY,756755681180.0,CNY_100M,SZSE_MARGIN_SUMMARY,SSE_MARGIN_SUMMARY,CNY,,
675236000000.0,1431327803578.0,https://www.sse.com.cn/market/othersdata/margin/sum/,https://www.szse.cn/disclosure/margin/margin/index.html,2024-07-09,CNY,756091803578.0,CNY_100M,SZSE_MARGIN_SUMMARY,SSE_MARGIN_SUMMARY,CNY,,
674499000000.0,1429227176771.0,https://www.sse.com.cn/market/othersdata/margin/sum/,https://www.szse.cn/disclosure/margin/margin/index.html,2024-07-10,CNY,754728176771.0,CNY_100M,SZSE_MARGIN_SUMMARY,SSE_MARGIN_SUMMARY,CNY,,
677277000000.0,1432103838907.0,https://www.sse.com.cn/market/othersdata/margin/sum/,https://www.szse.cn/disclosure/margin/margin/index.html,2024-07-11,CNY,754826838907.0,CNY_100M,SZSE_MARGIN_SUMMARY,SSE_MARGIN_SUMMARY,CNY,,
675446000000.0,1427375369568.0,https://www.sse.com.cn/market/othersdata/margin/sum/,https://www.szse.cn/disclosure/margin/margin/index.html,2024-07-12,CNY,751929369568.0,CNY_100M,SZSE_MARGIN_SUMMARY,SSE_MARGIN_SUMMARY,CNY,,
675074000000.0,1425470440884.0,https://www.sse.com.cn/market/othersdata/margin/sum/,https://www.szse.cn/disclosure/margin/margin/index.html,2024-07-15,CNY,750396440884.0,CNY_100M,SZSE_MARGIN_SUMMARY,SSE_MARGIN_SUMMARY,CNY,,
676031000000.0,1425092682416.0,https://www.sse.com.cn/market/othersdata/margin/sum/,https://www.szse.cn/disclosure/margin/margin/index.html,2024-07-16,CNY,749061682416.0,CNY_100M,SZSE_MARGIN_SUMMARY,SSE_MARGIN_SUMMARY,CNY,,
673380000000.0,1420022183806.0,https://www.sse.com.cn/market/othersdata/margin/sum/,https://www.szse.cn/disclosure/margin/margin/index.html,2024-07-17,CNY,746642183806.0,CNY_100M,SZSE_MARGIN_SUMMARY,SSE_MARGIN_SUMMARY,CNY,,
671164000000.0,1415299145022.0,https://www.sse.com.cn/market/othersdata/margin/sum/,https://www.szse.cn/disclosure/margin/margin/index.html,2024-07-18,CNY,744135145022.0,CNY_100M,SZSE_MARGIN_SUMMARY,SSE_MARGIN_SUMMARY,CNY,,
669152000000.0,1409754433300.0,https://www.sse.com.cn/market/othersdata/margin/sum/,https://www.szse.cn/disclosure/margin/margin/index.html,2024-07-19,CNY,740602433300.0,CNY_100M,SZSE_MARGIN_SUMMARY,SSE_MARGIN_SUMMARY,CNY,,
670741000000.0,1413454939268.0,https://www.sse.com.cn/market/othersdata/margin/sum/,https://www.szse.cn/disclosure/margin/margin/index.html,2024-07-22,CNY,742713939268.0,CNY_100M,SZSE_MARGIN_SUMMARY,SSE_MARGIN_SUMMARY,CNY,,
669258000000.0,1410802599301.0,https://www.sse.com.cn/market/othersdata/margin/sum/,https://www.szse.cn/disclosure/margin/margin/index.html,2024-07-23,CNY,741544599301.0,CNY_100M,SZSE_MARGIN_SUMMARY,SSE_MARGIN_SUMMARY,CNY,,
668308000000.0,1408292379926.0,https://www.sse.com.cn/market/othersdata/margin/sum/,https://www.szse.cn/disclosure/margin/margin/index.html,2024-07-24,CNY,739984379926.0,CNY_100M,SZSE_MARGIN_SUMMARY,SSE_MARGIN_SUMMARY,CNY,,
668037000000.0,1408115516108.0,https://www.sse.com.cn/market/othersdata/margin/sum/,https://www.szse.cn/disclosure/margin/margin/index.html,2024-07-25,CNY,740078516108.0,CNY_100M,SZSE_MARGIN_SUMMARY,SSE_MARGIN_SUMMARY,CNY,,
666210000000.0,1404924451618.0,https://www.sse.com.cn/market/othersdata/margin/sum/,https://www.szse.cn/disclosure/margin/margin/index.html,2024-07-26,CNY,738714451618.0,CNY_100M,SZSE_MARGIN_SUMMARY,SSE_MARGIN_SUMMARY,CNY,,
667611000000.0,1406973322064.0,https://www.sse.com.cn/market/othersdata/margin/sum/,https://www.szse.cn/disclosure/margin/margin/index.html,2024-07-29,CNY,739362322064.0,CNY_100M,SZSE_MARGIN_SUMMARY,SSE_MARGIN_SUMMARY,CNY,,
667646000000.0,1407421335240.0,https://www.sse.com.cn/market/othersdata/margin/sum/,https://www.szse.cn/disclosure/margin/margin/index.html,2024-07-30,CNY,739775335240.0,CNY_100M,SZSE_MARGIN_SUMMARY,SSE_MARGIN_SUMMARY,CNY,,
670773000000.0,1412669882387.0,https://www.sse.com.cn/market/othersdata/margin/sum/,https://www.szse.cn/disclosure/margin/margin/index.html,2024-07-31,CNY,741896882387.0,CNY_100M,SZSE_MARGIN_SUMMARY,SSE_MARGIN_SUMMARY,CNY,,
672146000000.0,1414939992998.0,https://www.sse.com.cn/market/othersdata/margin/sum/,https://www.szse.cn/disclosure/margin/margin/index.html,2024-08-01,CNY,742793992998.0,CNY_100M,SZSE_MARGIN_SUMMARY,SSE_MARGIN_SUMMARY,CNY,,
669427000000.0,1410786830054.0,https://www.sse.com.cn/market/othersdata/margin/sum/,https://www.szse.cn/disclosure/margin/margin/index.html,2024-08-02,CNY,741359830054.0,CNY_100M,SZSE_MARGIN_SUMMARY,SSE_MARGIN_SUMMARY,CNY,,
665494000000.0,1405312172372.0,https://www.sse.com.cn/market/othersdata/margin/sum/,https://www.szse.cn/disclosure/margin/margin/index.html,2024-08-05,CNY,739818172372.0,CNY_100M,SZSE_MARGIN_SUMMARY,SSE_MARGIN_SUMMARY,CNY,,
666216000000.0,1406991446219.0,https://www.sse.com.cn/market/othersdata/margin/sum/,https://www.szse.cn/disclosure/margin/margin/index.html,2024-08-06,CNY,740775446219.0,CNY_100M,SZSE_MARGIN_SUMMARY,SSE_MARGIN_SUMMARY,CNY,,
666190000000.0,1406728204386.0,https://www.sse.com.cn/market/othersdata/margin/sum/,https://www.szse.cn/disclosure/margin/margin/index.html,2024-08-07,CNY,740538204386.0,CNY_100M,SZSE_MARGIN_SUMMARY,SSE_MARGIN_SUMMARY,CNY,,
664954000000.0,1405265931631.0,https://www.sse.com.cn/market/othersdata/margin/sum/,https://www.szse.cn/disclosure/margin/margin/index.html,2024-08-08,CNY,740311931631.0,CNY_100M,SZSE_MARGIN_SUMMARY,SSE_MARGIN_SUMMARY,CNY,,
663634000000.0,1403454558982.0,https://www.sse.com.cn/market/othersdata/margin/sum/,https://www.szse.cn/disclosure/margin/margin/index.html,2024-08-09,CNY,739820558982.0,CNY_100M,SZSE_MARGIN_SUMMARY,SSE_MARGIN_SUMMARY,CNY,,
662889000000.0,1402183913283.0,https://www.sse.com.cn/market/othersdata/margin/sum/,https://www.szse.cn/disclosure/margin/margin/index.html,2024-08-12,CNY,739294913283.0,CNY_100M,SZSE_MARGIN_SUMMARY,SSE_MARGIN_SUMMARY,CNY,,
663500000000.0,1403109113886.0,https://www.sse.com.cn/market/othersdata/margin/sum/,https://www.szse.cn/disclosure/margin/margin/index.html,2024-08-13,CNY,739609113886.0,CNY_100M,SZSE_MARGIN_SUMMARY,SSE_MARGIN_SUMMARY,CNY,,
664201000000.0,1403926384912.0,https://www.sse.com.cn/market/othersdata/margin/sum/,https://www.szse.cn/disclosure/margin/margin/index.html,2024-08-14,CNY,739725384912.0,CNY_100M,SZSE_MARGIN_SUMMARY,SSE_MARGIN_SUMMARY,CNY,,
663622000000.0,1401857739847.0,https://www.sse.com.cn/market/othersdata/margin/sum/,https://www.szse.cn/disclosure/margin/margin/index.html,2024-08-15,CNY,738235739847.0,CNY_100M,SZSE_MARGIN_SUMMARY,SSE_MARGIN_SUMMARY,CNY,,
662760000000.0,1398877355213.0,https://www.sse.com.cn/market/othersdata/margin/sum/,https://www.szse.cn/disclosure/margin/margin/index.html,2024-08-16,CNY,736117355213.0,CNY_100M,SZSE_MARGIN_SUMMARY,SSE_MARGIN_SUMMARY,CNY,,
663207000000.0,1399052825682.0,https://www.sse.com.cn/market/othersdata/margin/sum/,https://www.szse.cn/disclosure/margin/margin/index.html,2024-08-19,CNY,735845825682.0,CNY_100M,SZSE_MARGIN_SUMMARY,SSE_MARGIN_SUMMARY,CNY,,
661547000000.0,1397296560342.0,https://www.sse.com.cn/market/othersdata/margin/sum/,https://www.szse.cn/disclosure/margin/margin/index.html,2024-08-20,CNY,735749560342.0,CNY_100M,SZSE_MARGIN_SUMMARY,SSE_MARGIN_SUMMARY,CNY,,
660301000000.0,1395500955823.0,https://www.sse.com.cn/market/othersdata/margin/sum/,https://www.szse.cn/disclosure/margin/margin/index.html,2024-08-21,CNY,735199955823.0,CNY_100M,SZSE_MARGIN_SUMMARY,SSE_MARGIN_SUMMARY,CNY,,
657650000000.0,1389685606499.0,https://www.sse.com.cn/market/othersdata/margin/sum/,https://www.szse.cn/disclosure/margin/margin/index.html,2024-08-22,CNY,732035606499.0,CNY_100M,SZSE_MARGIN_SUMMARY,SSE_MARGIN_SUMMARY,CNY,,
654980000000.0,1384177010072.0,https://www.sse.com.cn/market/othersdata/margin/sum/,https://www.szse.cn/disclosure/margin/margin/index.html,2024-08-23,CNY,729197010072.0,CNY_100M,SZSE_MARGIN_SUMMARY,SSE_MARGIN_SUMMARY,CNY,,
654858000000.0,1383966878020.0,https://www.sse.com.cn/market/othersdata/margin/sum/,https://www.szse.cn/disclosure/margin/margin/index.html,2024-08-26,CNY,729108878020.0,CNY_100M,SZSE_MARGIN_SUMMARY,SSE_MARGIN_SUMMARY,CNY,,
653053000000.0,1380355602430.0,https://www.sse.com.cn/market/othersdata/margin/sum/,https://www.szse.cn/disclosure/margin/margin/index.html,2024-08-27,CNY,727302602430.0,CNY_100M,SZSE_MARGIN_SUMMARY,SSE_MARGIN_SUMMARY,CNY,,
652325000000.0,1378730581174.0,https://www.sse.com.cn/market/othersdata/margin/sum/,https://www.szse.cn/disclosure/margin/margin/index.html,2024-08-28,CNY,726405581174.0,CNY_100M,SZSE_MARGIN_SUMMARY,SSE_MARGIN_SUMMARY,CNY,,
652455000000.0,1379464320287.0,https://www.sse.com.cn/market/othersdata/margin/sum/,https://www.szse.cn/disclosure/margin/margin/index.html,2024-08-29,CNY,727009320287.0,CNY_100M,SZSE_MARGIN_SUMMARY,SSE_MARGIN_SUMMARY,CNY,,
653033000000.0,1380425495681.0,https://www.sse.com.cn/market/othersdata/margin/sum/,https://www.szse.cn/disclosure/margin/margin/index.html,2024-08-30,CNY,727392495681.0,CNY_100M,SZSE_MARGIN_SUMMARY,SSE_MARGIN_SUMMARY,CNY,,
653404000000.0,1381872088480.0,https://www.sse.com.cn/market/othersdata/margin/sum/,https://www.szse.cn/disclosure/margin/margin/index.html,2024-09-02,CNY,728468088480.0,CNY_100M,SZSE_MARGIN_SUMMARY,SSE_MARGIN_SUMMARY,CNY,,
652974000000.0,1381420866207.0,https://www.sse.com.cn/market/othersdata/margin/sum/,https://www.szse.cn/disclosure/margin/margin/index.html,2024-09-03,CNY,728446866207.0,CNY_100M,SZSE_MARGIN_SUMMARY,SSE_MARGIN_SUMMARY,CNY,,
652055000000.0,1380083796228.0,https://www.sse.com.cn/market/othersdata/margin/sum/,https://www.szse.cn/disclosure/margin/margin/index.html,2024-09-04,CNY,728028796228.0,CNY_100M,SZSE_MARGIN_SUMMARY,SSE_MARGIN_SUMMARY,CNY,,
652066000000.0,1379658617080.0,https://www.sse.com.cn/market/othersdata/margin/sum/,https://www.szse.cn/disclosure/margin/margin/index.html,2024-09-05,CNY,727592617080.0,CNY_100M,SZSE_MARGIN_SUMMARY,SSE_MARGIN_SUMMARY,CNY,,
649002000000.0,1374393397412.0,https://www.sse.com.cn/market/othersdata/margin/sum/,https://www.szse.cn/disclosure/margin/margin/index.html,2024-09-06,CNY,725391397412.0,CNY_100M,SZSE_MARGIN_SUMMARY,SSE_MARGIN_SUMMARY,CNY,,
649129000000.0,1374879772848.0,https://www.sse.com.cn/market/othersdata/margin/sum/,https://www.szse.cn/disclosure/margin/margin/index.html,2024-09-09,CNY,725750772848.0,CNY_100M,SZSE_MARGIN_SUMMARY,SSE_MARGIN_SUMMARY,CNY,,
649172000000.0,1374976249926.0,https://www.sse.com.cn/market/othersdata/margin/sum/,https://www.szse.cn/disclosure/margin/margin/index.html,2024-09-10,CNY,725804249926.0,CNY_100M,SZSE_MARGIN_SUMMARY,SSE_MARGIN_SUMMARY,CNY,,
648429000000.0,1373148503933.0,https://www.sse.com.cn/market/othersdata/margin/sum/,https://www.szse.cn/disclosure/margin/margin/index.html,2024-09-11,CNY,724719503933.0,CNY_100M,SZSE_MARGIN_SUMMARY,SSE_MARGIN_SUMMARY,CNY,,
648119000000.0,1371979499312.0,https://www.sse.com.cn/market/othersdata/margin/sum/,https://www.szse.cn/disclosure/margin/margin/index.html,2024-09-12,CNY,723860499312.0,CNY_100M,SZSE_MARGIN_SUMMARY,SSE_MARGIN_SUMMARY,CNY,,
643561000000.0,1363337282455.0,https://www.sse.com.cn/market/othersdata/margin/sum/,https://www.szse.cn/disclosure/margin/margin/index.html,2024-09-13,CNY,719776282455.0,CNY_100M,SZSE_MARGIN_SUMMARY,SSE_MARGIN_SUMMARY,CNY,,
642940000000.0,1362126405254.0,https://www.sse.com.cn/market/othersdata/margin/sum/,https://www.szse.cn/disclosure/margin/margin/index.html,2024-09-18,CNY,719186405254.0,CNY_100M,SZSE_MARGIN_SUMMARY,SSE_MARGIN_SUMMARY,CNY,,
643772000000.0,1364070592968.0,https://www.sse.com.cn/market/othersdata/margin/sum/,https://www.szse.cn/disclosure/margin/margin/index.html,2024-09-19,CNY,720298592968.0,CNY_100M,SZSE_MARGIN_SUMMARY,SSE_MARGIN_SUMMARY,CNY,,
642360000000.0,1360476339596.0,https://www.sse.com.cn/market/othersdata/margin/sum/,https://www.szse.cn/disclosure/margin/margin/index.html,2024-09-20,CNY,718116339596.0,CNY_100M,SZSE_MARGIN_SUMMARY,SSE_MARGIN_SUMMARY,CNY,,
642271000000.0,1360032015028.0,https://www.sse.com.cn/market/othersdata/margin/sum/,https://www.szse.cn/disclosure/margin/margin/index.html,2024-09-23,CNY,717761015028.0,CNY_100M,SZSE_MARGIN_SUMMARY,SSE_MARGIN_SUMMARY,CNY,,
644451000000.0,1361715509182.0,https://www.sse.com.cn/market/othersdata/margin/sum/,https://www.szse.cn/disclosure/margin/margin/index.html,2024-09-24,CNY,717264509182.0,CNY_100M,SZSE_MARGIN_SUMMARY,SSE_MARGIN_SUMMARY,CNY,,
645604000000.0,1361556976997.0,https://www.sse.com.cn/market/othersdata/margin/sum/,https://www.szse.cn/disclosure/margin/margin/index.html,2024-09-25,CNY,715952976997.0,CNY_100M,SZSE_MARGIN_SUMMARY,SSE_MARGIN_SUMMARY,CNY,,
648373000000.0,1365213036786.0,https://www.sse.com.cn/market/othersdata/margin/sum/,https://www.szse.cn/disclosure/margin/margin/index.html,2024-09-26,CNY,716840036786.0,CNY_100M,SZSE_MARGIN_SUMMARY,SSE_MARGIN_SUMMARY,CNY,,
661081000000.0,1383703172263.0,https://www.sse.com.cn/market/othersdata/margin/sum/,https://www.szse.cn/disclosure/margin/margin/index.html,2024-09-27,CNY,722622172263.0,CNY_100M,SZSE_MARGIN_SUMMARY,SSE_MARGIN_SUMMARY,CNY,,
679245000000.0,1429500842337.0,https://www.sse.com.cn/market/othersdata/margin/sum/,https://www.szse.cn/disclosure/margin/margin/index.html,2024-09-30,CNY,750255842337.0,CNY_100M,SZSE_MARGIN_SUMMARY,SSE_MARGIN_SUMMARY,CNY,,
730623000000.0,1536547955389.0,https://www.sse.com.cn/market/othersdata/margin/sum/,https://www.szse.cn/disclosure/margin/margin/index.html,2024-10-08,CNY,805924955389.0,CNY_100M,SZSE_MARGIN_SUMMARY,SSE_MARGIN_SUMMARY,CNY,,
751478000000.0,1576389948198.0,https://www.sse.com.cn/market/othersdata/margin/sum/,https://www.szse.cn/disclosure/margin/margin/index.html,2024-10-09,CNY,824911948198.0,CNY_100M,SZSE_MARGIN_SUMMARY,SSE_MARGIN_SUMMARY,CNY,,
751017000000.0,1577829806408.0,https://www.sse.com.cn/market/othersdata/margin/sum/,https://www.szse.cn/disclosure/margin/margin/index.html,2024-10-10,CNY,826812806408.0,CNY_100M,SZSE_MARGIN_SUMMARY,SSE_MARGIN_SUMMARY,CNY,,
746634000000.0,1570020486778.0,https://www.sse.com.cn/market/othersdata/margin/sum/,https://www.szse.cn/disclosure/margin/margin/index.html,2024-10-11,CNY,823386486778.0,CNY_100M,SZSE_MARGIN_SUMMARY,SSE_MARGIN_SUMMARY,CNY,,
749856000000.0,1576419737960.0,https://www.sse.com.cn/market/othersdata/margin/sum/,https://www.szse.cn/disclosure/margin/margin/index.html,2024-10-14,CNY,826563737960.0,CNY_100M,SZSE_MARGIN_SUMMARY,SSE_MARGIN_SUMMARY,CNY,,
750693000000.0,1578535917705.0,https://www.sse.com.cn/market/othersdata/margin/sum/,https://www.szse.cn/disclosure/margin/margin/index.html,2024-10-15,CNY,827842917705.0,CNY_100M,SZSE_MARGIN_SUMMARY,SSE_MARGIN_SUMMARY,CNY,,
753315000000.0,1580227817605.0,https://www.sse.com.cn/market/othersdata/margin/sum/,https://www.szse.cn/disclosure/margin/margin/index.html,2024-10-16,CNY,826912817605.0,CNY_100M,SZSE_MARGIN_SUMMARY,SSE_MARGIN_SUMMARY,CNY,,
755304000000.0,1583793901354.0,https://www.sse.com.cn/market/othersdata/margin/sum/,https://www.szse.cn/disclosure/margin/margin/index.html,2024-10-17,CNY,828489901354.0,CNY_100M,SZSE_MARGIN_SUMMARY,SSE_MARGIN_SUMMARY,CNY,,
763478000000.0,1599724672541.0,https://www.sse.com.cn/market/othersdata/margin/sum/,https://www.szse.cn/disclosure/margin/margin/index.html,2024-10-18,CNY,836246672541.0,CNY_100M,SZSE_MARGIN_SUMMARY,SSE_MARGIN_SUMMARY,CNY,,
775704000000.0,1622652646793.0,https://www.sse.com.cn/market/othersdata/margin/sum/,https://www.szse.cn/disclosure/margin/margin/index.html,2024-10-21,CNY,846948646793.0,CNY_100M,SZSE_MARGIN_SUMMARY,SSE_MARGIN_SUMMARY,CNY,,
779623000000.0,1631119247240.0,https://www.sse.com.cn/market/othersdata/margin/sum/,https://www.szse.cn/disclosure/margin/margin/index.html,2024-10-22,CNY,851496247240.0,CNY_100M,SZSE_MARGIN_SUMMARY,SSE_MARGIN_SUMMARY,CNY,,
784581000000.0,1639382769061.0,https://www.sse.com.cn/market/othersdata/margin/sum/,https://www.szse.cn/disclosure/margin/margin/index.html,2024-10-23,CNY,854801769061.0,CNY_100M,SZSE_MARGIN_SUMMARY,SSE_MARGIN_SUMMARY,CNY,,
788476000000.0,1646790485171.0,https://www.sse.com.cn/market/othersdata/margin/sum/,https://www.szse.cn/disclosure/margin/margin/index.html,2024-10-24,CNY,858314485171.0,CNY_100M,SZSE_MARGIN_SUMMARY,SSE_MARGIN_SUMMARY,CNY,,
791803000000.0,1651780091153.0,https://www.sse.com.cn/market/othersdata/margin/sum/,https://www.szse.cn/disclosure/margin/margin/index.html,2024-10-25,CNY,859977091153.0,CNY_100M,SZSE_MARGIN_SUMMARY,SSE_MARGIN_SUMMARY,CNY,,
801087000000.0,1667912658131.0,https://www.sse.com.cn/market/othersdata/margin/sum/,https://www.szse.cn/disclosure/margin/margin/index.html,2024-10-28,CNY,866825658131.0,CNY_100M,SZSE_MARGIN_SUMMARY,SSE_MARGIN_SUMMARY,CNY,,
806396000000.0,1674067497826.0,https://www.sse.com.cn/market/othersdata/margin/sum/,https://www.szse.cn/disclosure/margin/margin/index.html,2024-10-29,CNY,867671497826.0,CNY_100M,SZSE_MARGIN_SUMMARY,SSE_MARGIN_SUMMARY,CNY,,
813471000000.0,1685330506573.0,https://www.sse.com.cn/market/othersdata/margin/sum/,https://www.szse.cn/disclosure/margin/margin/index.html,2024-10-30,CNY,871859506573.0,CNY_100M,SZSE_MARGIN_SUMMARY,SSE_MARGIN_SUMMARY,CNY,,
819356000000.0,1695986728168.0,https://www.sse.com.cn/market/othersdata/margin/sum/,https://www.szse.cn/disclosure/margin/margin/index.html,2024-10-31,CNY,876630728168.0,CNY_100M,SZSE_MARGIN_SUMMARY,SSE_MARGIN_SUMMARY,CNY,,
814889000000.0,1688386765288.0,https://www.sse.com.cn/market/othersdata/margin/sum/,https://www.szse.cn/disclosure/margin/margin/index.html,2024-11-01,CNY,873497765288.0,CNY_100M,SZSE_MARGIN_SUMMARY,SSE_MARGIN_SUMMARY,CNY,,
824229000000.0001,1703788251402.0,https://www.sse.com.cn/market/othersdata/margin/sum/,https://www.szse.cn/disclosure/margin/margin/index.html,2024-11-04,CNY,879559251402.0,CNY_100M,SZSE_MARGIN_SUMMARY,SSE_MARGIN_SUMMARY,CNY,,
835662000000.0001,1726346772868.0,https://www.sse.com.cn/market/othersdata/margin/sum/,https://www.szse.cn/disclosure/margin/margin/index.html,2024-11-05,CNY,890684772868.0,CNY_100M,SZSE_MARGIN_SUMMARY,SSE_MARGIN_SUMMARY,CNY,,
846482000000.0,1748823939873.0,https://www.sse.com.cn/market/othersdata/margin/sum/,https://www.szse.cn/disclosure/margin/margin/index.html,2024-11-06,CNY,902341939873.0,CNY_100M,SZSE_MARGIN_SUMMARY,SSE_MARGIN_SUMMARY,CNY,,
857104999999.9999,1772954059176.0,https://www.sse.com.cn/market/othersdata/margin/sum/,https://www.szse.cn/disclosure/margin/margin/index.html,2024-11-07,CNY,915849059176.0,CNY_100M,SZSE_MARGIN_SUMMARY,SSE_MARGIN_SUMMARY,CNY,,
866595000000.0001,1790825512864.0,https://www.sse.com.cn/market/othersdata/margin/sum/,https://www.szse.cn/disclosure/margin/margin/index.html,2024-11-08,CNY,924230512864.0,CNY_100M,SZSE_MARGIN_SUMMARY,SSE_MARGIN_SUMMARY,CNY,,
885159000000.0,1827273058709.0,https://www.sse.com.cn/market/othersdata/margin/sum/,https://www.szse.cn/disclosure/margin/margin/index.html,2024-11-11,CNY,942114058709.0,CNY_100M,SZSE_MARGIN_SUMMARY,SSE_MARGIN_SUMMARY,CNY,,
886687999999.9999,1831515518751.0,https://www.sse.com.cn/market/othersdata/margin/sum/,https://www.szse.cn/disclosure/margin/margin/index.html,2024-11-12,CNY,944827518751.0,CNY_100M,SZSE_MARGIN_SUMMARY,SSE_MARGIN_SUMMARY,CNY,,
890891000000.0,1839116611563.0,https://www.sse.com.cn/market/othersdata/margin/sum/,https://www.szse.cn/disclosure/margin/margin/index.html,2024-11-13,CNY,948225611563.0,CNY_100M,SZSE_MARGIN_SUMMARY,SSE_MARGIN_SUMMARY,CNY,,
886454000000.0001,1831867470996.0,https://www.sse.com.cn/market/othersdata/margin/sum/,https://www.szse.cn/disclosure/margin/margin/index.html,2024-11-14,CNY,945413470996.0,CNY_100M,SZSE_MARGIN_SUMMARY,SSE_MARGIN_SUMMARY,CNY,,
880376000000.0,1822536415500.0,https://www.sse.com.cn/market/othersdata/margin/sum/,https://www.szse.cn/disclosure/margin/margin/index.html,2024-11-15,CNY,942160415500.0,CNY_100M,SZSE_MARGIN_SUMMARY,SSE_MARGIN_SUMMARY,CNY,,
877311000000.0,1819242413907.0,https://www.sse.com.cn/market/othersdata/margin/sum/,https://www.szse.cn/disclosure/margin/margin/index.html,2024-11-18,CNY,941931413907.0,CNY_100M,SZSE_MARGIN_SUMMARY,SSE_MARGIN_SUMMARY,CNY,,
878549000000.0,1822190325522.0,https://www.sse.com.cn/market/othersdata/margin/sum/,https://www.szse.cn/disclosure/margin/margin/index.html,2024-11-19,CNY,943641325522.0,CNY_100M,SZSE_MARGIN_SUMMARY,SSE_MARGIN_SUMMARY,CNY,,
881925000000.0,1827361591119.0,https://www.sse.com.cn/market/othersdata/margin/sum/,https://www.szse.cn/disclosure/margin/margin/index.html,2024-11-20,CNY,945436591119.0,CNY_100M,SZSE_MARGIN_SUMMARY,SSE_MARGIN_SUMMARY,CNY,,
883685000000.0,1830518680677.0,https://www.sse.com.cn/market/othersdata/margin/sum/,https://www.szse.cn/disclosure/margin/margin/index.html,2024-11-21,CNY,946833680677.0,CNY_100M,SZSE_MARGIN_SUMMARY,SSE_MARGIN_SUMMARY,CNY,,
876186000000.0,1818324257073.0,https://www.sse.com.cn/market/othersdata/margin/sum/,https://www.szse.cn/disclosure/margin/margin/index.html,2024-11-22,CNY,942138257073.0,CNY_100M,SZSE_MARGIN_SUMMARY,SSE_MARGIN_SUMMARY,CNY,,
880053000000.0001,1822992649367.0,https://www.sse.com.cn/market/othersdata/margin/sum/,https://www.szse.cn/disclosure/margin/margin/index.html,2024-11-25,CNY,942939649367.0,CNY_100M,SZSE_MARGIN_SUMMARY,SSE_MARGIN_SUMMARY,CNY,,
876602000000.0,1817667222693.0,https://www.sse.com.cn/market/othersdata/margin/sum/,https://www.szse.cn/disclosure/margin/margin/index.html,2024-11-26,CNY,941065222693.0,CNY_100M,SZSE_MARGIN_SUMMARY,SSE_MARGIN_SUMMARY,CNY,,
878821999999.9999,1820879449350.0,https://www.sse.com.cn/market/othersdata/margin/sum/,https://www.szse.cn/disclosure/margin/margin/index.html,2024-11-27,CNY,942057449350.0,CNY_100M,SZSE_MARGIN_SUMMARY,SSE_MARGIN_SUMMARY,CNY,,
881295999999.9999,1824549754490.0,https://www.sse.com.cn/market/othersdata/margin/sum/,https://www.szse.cn/disclosure/margin/margin/index.html,2024-11-28,CNY,943253754490.0,CNY_100M,SZSE_MARGIN_SUMMARY,SSE_MARGIN_SUMMARY,CNY,,
884104999999.9999,1830002197131.0,https://www.sse.com.cn/market/othersdata/margin/sum/,https://www.szse.cn/disclosure/margin/margin/index.html,2024-11-29,CNY,945897197131.0,CNY_100M,SZSE_MARGIN_SUMMARY,SSE_MARGIN_SUMMARY,CNY,,
891867000000.0,1841281897920.0,https://www.sse.com.cn/market/othersdata/margin/sum/,https://www.szse.cn/disclosure/margin/margin/index.html,2024-12-02,CNY,949414897920.0,CNY_100M,SZSE_MARGIN_SUMMARY,SSE_MARGIN_SUMMARY,CNY,,
894827000000.0,1844438483673.0,https://www.sse.com.cn/market/othersdata/margin/sum/,https://www.szse.cn/disclosure/margin/margin/index.html,2024-12-03,CNY,949611483673.0,CNY_100M,SZSE_MARGIN_SUMMARY,SSE_MARGIN_SUMMARY,CNY,,
893841000000.0,1843605176036.0,https://www.sse.com.cn/market/othersdata/margin/sum/,https://www.szse.cn/disclosure/margin/margin/index.html,2024-12-04,CNY,949764176036.0,CNY_100M,SZSE_MARGIN_SUMMARY,SSE_MARGIN_SUMMARY,CNY,,
898584000000.0,1850719960524.0,https://www.sse.com.cn/market/othersdata/margin/sum/,https://www.szse.cn/disclosure/margin/margin/index.html,2024-12-05,CNY,952135960524.0,CNY_100M,SZSE_MARGIN_SUMMARY,SSE_MARGIN_SUMMARY,CNY,,
897979999999.9999,1849210708261.0,https://www.sse.com.cn/market/othersdata/margin/sum/,https://www.szse.cn/disclosure/margin/margin/index.html,2024-12-06,CNY,951230708261.0,CNY_100M,SZSE_MARGIN_SUMMARY,SSE_MARGIN_SUMMARY,CNY,,
901246000000.0,1852699513614.0,https://www.sse.com.cn/market/othersdata/margin/sum/,https://www.szse.cn/disclosure/margin/margin/index.html,2024-12-09,CNY,951453513614.0,CNY_100M,SZSE_MARGIN_SUMMARY,SSE_MARGIN_SUMMARY,CNY,,
909757000000.0,1866405446126.0,https://www.sse.com.cn/market/othersdata/margin/sum/,https://www.szse.cn/disclosure/margin/margin/index.html,2024-12-10,CNY,956648446126.0,CNY_100M,SZSE_MARGIN_SUMMARY,SSE_MARGIN_SUMMARY,CNY,,
912601000000.0,1871767669434.0,https://www.sse.com.cn/market/othersdata/margin/sum/,https://www.szse.cn/disclosure/margin/margin/index.html,2024-12-11,CNY,959166669434.0,CNY_100M,SZSE_MARGIN_SUMMARY,SSE_MARGIN_SUMMARY,CNY,,
916865000000.0,1878623282389.0,https://www.sse.com.cn/market/othersdata/margin/sum/,https://www.szse.cn/disclosure/margin/margin/index.html,2024-12-12,CNY,961758282389.0,CNY_100M,SZSE_MARGIN_SUMMARY,SSE_MARGIN_SUMMARY,CNY,,
912733000000.0,1870032883806.0,https://www.sse.com.cn/market/othersdata/margin/sum/,https://www.szse.cn/disclosure/margin/margin/index.html,2024-12-13,CNY,957299883806.0,CNY_100M,SZSE_MARGIN_SUMMARY,SSE_MARGIN_SUMMARY,CNY,,
913471000000.0,1870339983361.0,https://www.sse.com.cn/market/othersdata/margin/sum/,https://www.szse.cn/disclosure/margin/margin/index.html,2024-12-16,CNY,956868983361.0,CNY_100M,SZSE_MARGIN_SUMMARY,SSE_MARGIN_SUMMARY,CNY,,
909478000000.0,1864459038230.0,https://www.sse.com.cn/market/othersdata/margin/sum/,https://www.szse.cn/disclosure/margin/margin/index.html,2024-12-17,CNY,954981038230.0,CNY_100M,SZSE_MARGIN_SUMMARY,SSE_MARGIN_SUMMARY,CNY,,
910460000000.0,1865804734903.0,https://www.sse.com.cn/market/othersdata/margin/sum/,https://www.szse.cn/disclosure/margin/margin/index.html,2024-12-18,CNY,955344734903.0,CNY_100M,SZSE_MARGIN_SUMMARY,SSE_MARGIN_SUMMARY,CNY,,
910044000000.0,1866548384519.0,https://www.sse.com.cn/market/othersdata/margin/sum/,https://www.szse.cn/disclosure/margin/margin/index.html,2024-12-19,CNY,956504384519.0,CNY_100M,SZSE_MARGIN_SUMMARY,SSE_MARGIN_SUMMARY,CNY,,
911415000000.0,1871114763814.0,https://www.sse.com.cn/market/othersdata/margin/sum/,https://www.szse.cn/disclosure/margin/margin/index.html,2024-12-20,CNY,959699763814.0,CNY_100M,SZSE_MARGIN_SUMMARY,SSE_MARGIN_SUMMARY,CNY,,
908979000000.0,1865123920489.0,https://www.sse.com.cn/market/othersdata/margin/sum/,https://www.szse.cn/disclosure/margin/margin/index.html,2024-12-23,CNY,956144920489.0,CNY_100M,SZSE_MARGIN_SUMMARY,SSE_MARGIN_SUMMARY,CNY,,
909673000000.0,1866473015587.0,https://www.sse.com.cn/market/othersdata/margin/sum/,https://www.szse.cn/disclosure/margin/margin/index.html,2024-12-24,CNY,956800015587.0,CNY_100M,SZSE_MARGIN_SUMMARY,SSE_MARGIN_SUMMARY,CNY,,
909774000000.0,1865473365165.0,https://www.sse.com.cn/market/othersdata/margin/sum/,https://www.szse.cn/disclosure/margin/margin/index.html,2024-12-25,CNY,955699365165.0,CNY_100M,SZSE_MARGIN_SUMMARY,SSE_MARGIN_SUMMARY,CNY,,
909779000000.0,1866622753174.0,https://www.sse.com.cn/market/othersdata/margin/sum/,https://www.szse.cn/disclosure/margin/margin/index.html,2024-12-26,CNY,956843753174.0,CNY_100M,SZSE_MARGIN_SUMMARY,SSE_MARGIN_SUMMARY,CNY,,
907330000000.0,1862553986645.0,https://www.sse.com.cn/market/othersdata/margin/sum/,https://www.szse.cn/disclosure/margin/margin/index.html,2024-12-27,CNY,955223986645.0,CNY_100M,SZSE_MARGIN_SUMMARY,SSE_MARGIN_SUMMARY,CNY,,
909339000000.0,1865790973149.0,https://www.sse.com.cn/market/othersdata/margin/sum/,https://www.szse.cn/disclosure/margin/margin/index.html,2024-12-30,CNY,956451973149.0,CNY_100M,SZSE_MARGIN_SUMMARY,SSE_MARGIN_SUMMARY,CNY,,
900791000000.0,1850295401354.0,https://www.sse.com.cn/market/othersdata/margin/sum/,https://www.szse.cn/disclosure/margin/margin/index.html,2024-12-31,CNY,949504401354.0,CNY_100M,SZSE_MARGIN_SUMMARY,SSE_MARGIN_SUMMARY,CNY,,
895259000000.0,1843287697338.0,https://www.sse.com.cn/market/othersdata/margin/sum/,https://www.szse.cn/disclosure/margin/margin/index.html,2025-01-02,CNY,948028697338.0,CNY_100M,SZSE_MARGIN_SUMMARY,SSE_MARGIN_SUMMARY,CNY,,
885277000000.0,1825626502202.0,https://www.sse.com.cn/market/othersdata/margin/sum/,https://www.szse.cn/disclosure/margin/margin/index.html,2025-01-03,CNY,940349502202.0,CNY_100M,SZSE_MARGIN_SUMMARY,SSE_MARGIN_SUMMARY,CNY,,
880657000000.0,1817597484542.0,https://www.sse.com.cn/market/othersdata/margin/sum/,https://www.szse.cn/disclosure/margin/margin/index.html,2025-01-06,CNY,936940484542.0,CNY_100M,SZSE_MARGIN_SUMMARY,SSE_MARGIN_SUMMARY,CNY,,
881231000000.0,1817850486694.0,https://www.sse.com.cn/market/othersdata/margin/sum/,https://www.szse.cn/disclosure/margin/margin/index.html,2025-01-07,CNY,936619486694.0,CNY_100M,SZSE_MARGIN_SUMMARY,SSE_MARGIN_SUMMARY,CNY,,
878661000000.0,1813459277212.0,https://www.sse.com.cn/market/othersdata/margin/sum/,https://www.szse.cn/disclosure/margin/margin/index.html,2025-01-08,CNY,934798277212.0,CNY_100M,SZSE_MARGIN_SUMMARY,SSE_MARGIN_SUMMARY,CNY,,
878278000000.0001,1812977072676.0,https://www.sse.com.cn/market/othersdata/margin/sum/,https://www.szse.cn/disclosure/margin/margin/index.html,2025-01-09,CNY,934699072676.0,CNY_100M,SZSE_MARGIN_SUMMARY,SSE_MARGIN_SUMMARY,CNY,,
872353000000.0001,1804200072917.0,https://www.sse.com.cn/market/othersdata/margin/sum/,https://www.szse.cn/disclosure/margin/margin/index.html,2025-01-10,CNY,931847072917.0,CNY_100M,SZSE_MARGIN_SUMMARY,SSE_MARGIN_SUMMARY,CNY,,
871845999999.9999,1803344491977.0,https://www.sse.com.cn/market/othersdata/margin/sum/,https://www.szse.cn/disclosure/margin/margin/index.html,2025-01-13,CNY,931498491977.0,CNY_100M,SZSE_MARGIN_SUMMARY,SSE_MARGIN_SUMMARY,CNY,,
879785000000.0,1814768756674.0,https://www.sse.com.cn/market/othersdata/margin/sum/,https://www.szse.cn/disclosure/margin/margin/index.html,2025-01-14,CNY,934983756674.0,CNY_100M,SZSE_MARGIN_SUMMARY,SSE_MARGIN_SUMMARY,CNY,,
881245000000.0001,1816488523067.0,https://www.sse.com.cn/market/othersdata/margin/sum/,https://www.szse.cn/disclosure/margin/margin/index.html,2025-01-15,CNY,935243523067.0,CNY_100M,SZSE_MARGIN_SUMMARY,SSE_MARGIN_SUMMARY,CNY,,
882108000000.0,1817680524508.0,https://www.sse.com.cn/market/othersdata/margin/sum/,https://www.szse.cn/disclosure/margin/margin/index.html,2025-01-16,CNY,935572524508.0,CNY_100M,SZSE_MARGIN_SUMMARY,SSE_MARGIN_SUMMARY,CNY,,
879011000000.0,1810960689547.0,https://www.sse.com.cn/market/othersdata/margin/sum/,https://www.szse.cn/disclosure/margin/margin/index.html,2025-01-17,CNY,931949689547.0,CNY_100M,SZSE_MARGIN_SUMMARY,SSE_MARGIN_SUMMARY,CNY,,
880318000000.0,1811868947430.0,https://www.sse.com.cn/market/othersdata/margin/sum/,https://www.szse.cn/disclosure/margin/margin/index.html,2025-01-20,CNY,931550947430.0,CNY_100M,SZSE_MARGIN_SUMMARY,SSE_MARGIN_SUMMARY,CNY,,
881376000000.0,1813209618165.0,https://www.sse.com.cn/market/othersdata/margin/sum/,https://www.szse.cn/disclosure/margin/margin/index.html,2025-01-21,CNY,931833618165.0,CNY_100M,SZSE_MARGIN_SUMMARY,SSE_MARGIN_SUMMARY,CNY,,
878814000000.0,1811426094200.0,https://www.sse.com.cn/market/othersdata/margin/sum/,https://www.szse.cn/disclosure/margin/margin/index.html,2025-01-22,CNY,932612094200.0,CNY_100M,SZSE_MARGIN_SUMMARY,SSE_MARGIN_SUMMARY,CNY,,
876806000000.0,1806259719597.0,https://www.sse.com.cn/market/othersdata/margin/sum/,https://www.szse.cn/disclosure/margin/margin/index.html,2025-01-23,CNY,929453719597.0,CNY_100M,SZSE_MARGIN_SUMMARY,SSE_MARGIN_SUMMARY,CNY,,
871920000000.0001,1795090752645.0,https://www.sse.com.cn/market/othersdata/margin/sum/,https://www.szse.cn/disclosure/margin/margin/index.html,2025-01-24,CNY,923170752645.0,CNY_100M,SZSE_MARGIN_SUMMARY,SSE_MARGIN_SUMMARY,CNY,,
854111000000.0,1760947932381.0,https://www.sse.com.cn/market/othersdata/margin/sum/,https://www.szse.cn/disclosure/margin/margin/index.html,2025-01-27,CNY,906836932381.0,CNY_100M,SZSE_MARGIN_SUMMARY,SSE_MARGIN_SUMMARY,CNY,,
863353000000.0001,1780745767343.0,https://www.sse.com.cn/market/othersdata/margin/sum/,https://www.szse.cn/disclosure/margin/margin/index.html,2025-02-05,CNY,917392767343.0,CNY_100M,SZSE_MARGIN_SUMMARY,SSE_MARGIN_SUMMARY,CNY,,
871693000000.0,1795349820579.0,https://www.sse.com.cn/market/othersdata/margin/sum/,https://www.szse.cn/disclosure/margin/margin/index.html,2025-02-06,CNY,923656820579.0,CNY_100M,SZSE_MARGIN_SUMMARY,SSE_MARGIN_SUMMARY,CNY,,
878190000000.0,1806225285866.0,https://www.sse.com.cn/market/othersdata/margin/sum/,https://www.szse.cn/disclosure/margin/margin/index.html,2025-02-07,CNY,928035285866.0,CNY_100M,SZSE_MARGIN_SUMMARY,SSE_MARGIN_SUMMARY,CNY,,
888741000000.0,1825282604647.0,https://www.sse.com.cn/market/othersdata/margin/sum/,https://www.szse.cn/disclosure/margin/margin/index.html,2025-02-10,CNY,936541604647.0,CNY_100M,SZSE_MARGIN_SUMMARY,SSE_MARGIN_SUMMARY,CNY,,
892061000000.0,1831207823237.0,https://www.sse.com.cn/market/othersdata/margin/sum/,https://www.szse.cn/disclosure/margin/margin/index.html,2025-02-11,CNY,939146823237.0,CNY_100M,SZSE_MARGIN_SUMMARY,SSE_MARGIN_SUMMARY,CNY,,
897181000000.0,1838323844137.0,https://www.sse.com.cn/market/othersdata/margin/sum/,https://www.szse.cn/disclosure/margin/margin/index.html,2025-02-12,CNY,941142844137.0,CNY_100M,SZSE_MARGIN_SUMMARY,SSE_MARGIN_SUMMARY,CNY,,
896870000000.0001,1837455522678.0,https://www.sse.com.cn/market/othersdata/margin/sum/,https://www.szse.cn/disclosure/margin/margin/index.html,2025-02-13,CNY,940585522678.0,CNY_100M,SZSE_MARGIN_SUMMARY,SSE_MARGIN_SUMMARY,CNY,,
896691000000.0,1838043939939.0,https://www.sse.com.cn/market/othersdata/margin/sum/,https://www.szse.cn/disclosure/margin/margin/index.html,2025-02-14,CNY,941352939939.0,CNY_100M,SZSE_MARGIN_SUMMARY,SSE_MARGIN_SUMMARY,CNY,,
905015000000.0,1854173718589.0,https://www.sse.com.cn/market/othersdata/margin/sum/,https://www.szse.cn/disclosure/margin/margin/index.html,2025-02-17,CNY,949158718589.0,CNY_100M,SZSE_MARGIN_SUMMARY,SSE_MARGIN_SUMMARY,CNY,,
901854000000.0,1847278585208.0,https://www.sse.com.cn/market/othersdata/margin/sum/,https://www.szse.cn/disclosure/margin/margin/index.html,2025-02-18,CNY,945424585208.0,CNY_100M,SZSE_MARGIN_SUMMARY,SSE_MARGIN_SUMMARY,CNY,,
906858000000.0,1857256196565.0,https://www.sse.com.cn/market/othersdata/margin/sum/,https://www.szse.cn/disclosure/margin/margin/index.html,2025-02-19,CNY,950398196565.0,CNY_100M,SZSE_MARGIN_SUMMARY,SSE_MARGIN_SUMMARY,CNY,,
910649000000.0,1863951647173.0,https://www.sse.com.cn/market/othersdata/margin/sum/,https://www.szse.cn/disclosure/margin/margin/index.html,2025-02-20,CNY,953302647173.0,CNY_100M,SZSE_MARGIN_SUMMARY,SSE_MARGIN_SUMMARY,CNY,,
913323000000.0,1870029096115.0,https://www.sse.com.cn/market/othersdata/margin/sum/,https://www.szse.cn/disclosure/margin/margin/index.html,2025-02-21,CNY,956706096115.0,CNY_100M,SZSE_MARGIN_SUMMARY,SSE_MARGIN_SUMMARY,CNY,,
921025000000.0,1881842195447.0,https://www.sse.com.cn/market/othersdata/margin/sum/,https://www.szse.cn/disclosure/margin/margin/index.html,2025-02-24,CNY,960817195447.0,CNY_100M,SZSE_MARGIN_SUMMARY,SSE_MARGIN_SUMMARY,CNY,,
924628000000.0,1888507747065.0,https://www.sse.com.cn/market/othersdata/margin/sum/,https://www.szse.cn/disclosure/margin/margin/index.html,2025-02-25,CNY,963879747065.0,CNY_100M,SZSE_MARGIN_SUMMARY,SSE_MARGIN_SUMMARY,CNY,,
930242000000.0,1898523688463.0,https://www.sse.com.cn/market/othersdata/margin/sum/,https://www.szse.cn/disclosure/margin/margin/index.html,2025-02-26,CNY,968281688463.0,CNY_100M,SZSE_MARGIN_SUMMARY,SSE_MARGIN_SUMMARY,CNY,,
932433000000.0,1900341224325.0,https://www.sse.com.cn/market/othersdata/margin/sum/,https://www.szse.cn/disclosure/margin/margin/index.html,2025-02-27,CNY,967908224325.0,CNY_100M,SZSE_MARGIN_SUMMARY,SSE_MARGIN_SUMMARY,CNY,,
921735000000.0,1882642206926.0,https://www.sse.com.cn/market/othersdata/margin/sum/,https://www.szse.cn/disclosure/margin/margin/index.html,2025-02-28,CNY,960907206926.0,CNY_100M,SZSE_MARGIN_SUMMARY,SSE_MARGIN_SUMMARY,CNY,,
922017000000.0,1881727302382.0,https://www.sse.com.cn/market/othersdata/margin/sum/,https://www.szse.cn/disclosure/margin/margin/index.html,2025-03-03,CNY,959710302382.0,CNY_100M,SZSE_MARGIN_SUMMARY,SSE_MARGIN_SUMMARY,CNY,,
924428000000.0,1883532687354.0,https://www.sse.com.cn/market/othersdata/margin/sum/,https://www.szse.cn/disclosure/margin/margin/index.html,2025-03-04,CNY,959104687354.0,CNY_100M,SZSE_MARGIN_SUMMARY,SSE_MARGIN_SUMMARY,CNY,,
927311000000.0,1886718691107.0,https://www.sse.com.cn/market/othersdata/margin/sum/,https://www.szse.cn/disclosure/margin/margin/index.html,2025-03-05,CNY,959407691107.0,CNY_100M,SZSE_MARGIN_SUMMARY,SSE_MARGIN_SUMMARY,CNY,,
938291000000.0,1903617732669.0,https://www.sse.com.cn/market/othersdata/margin/sum/,https://www.szse.cn/disclosure/margin/margin/index.html,2025-03-06,CNY,965326732669.0,CNY_100M,SZSE_MARGIN_SUMMARY,SSE_MARGIN_SUMMARY,CNY,,
932447000000.0,1894130902616.0,https://www.sse.com.cn/market/othersdata/margin/sum/,https://www.szse.cn/disclosure/margin/margin/index.html,2025-03-07,CNY,961683902616.0,CNY_100M,SZSE_MARGIN_SUMMARY,SSE_MARGIN_SUMMARY,CNY,,
937655000000.0,1903635054878.0,https://www.sse.com.cn/market/othersdata/margin/sum/,https://www.szse.cn/disclosure/margin/margin/index.html,2025-03-10,CNY,965980054878.0,CNY_100M,SZSE_MARGIN_SUMMARY,SSE_MARGIN_SUMMARY,CNY,,
939441000000.0,1905236797513.0,https://www.sse.com.cn/market/othersdata/margin/sum/,https://www.szse.cn/disclosure/margin/margin/index.html,2025-03-11,CNY,965795797513.0,CNY_100M,SZSE_MARGIN_SUMMARY,SSE_MARGIN_SUMMARY,CNY,,
945922000000.0,1916847278485.0,https://www.sse.com.cn/market/othersdata/margin/sum/,https://www.szse.cn/disclosure/margin/margin/index.html,2025-03-12,CNY,970925278485.0,CNY_100M,SZSE_MARGIN_SUMMARY,SSE_MARGIN_SUMMARY,CNY,,
942531000000.0,1910697630947.0,https://www.sse.com.cn/market/othersdata/margin/sum/,https://www.szse.cn/disclosure/margin/margin/index.html,2025-03-13,CNY,968166630947.0,CNY_100M,SZSE_MARGIN_SUMMARY,SSE_MARGIN_SUMMARY,CNY,,
944101000000.0,1911862631056.0,https://www.sse.com.cn/market/othersdata/margin/sum/,https://www.szse.cn/disclosure/margin/margin/index.html,2025-03-14,CNY,967761631056.0,CNY_100M,SZSE_MARGIN_SUMMARY,SSE_MARGIN_SUMMARY,CNY,,
952548000000.0,1923862793092.0,https://www.sse.com.cn/market/othersdata/margin/sum/,https://www.szse.cn/disclosure/margin/margin/index.html,2025-03-17,CNY,971314793092.0,CNY_100M,SZSE_MARGIN_SUMMARY,SSE_MARGIN_SUMMARY,CNY,,
957203000000.0,1932040417875.0,https://www.sse.com.cn/market/othersdata/margin/sum/,https://www.szse.cn/disclosure/margin/margin/index.html,2025-03-18,CNY,974837417875.0,CNY_100M,SZSE_MARGIN_SUMMARY,SSE_MARGIN_SUMMARY,CNY,,
957276000000.0,1932274389156.0,https://www.sse.com.cn/market/othersdata/margin/sum/,https://www.szse.cn/disclosure/margin/margin/index.html,2025-03-19,CNY,974998389156.0,CNY_100M,SZSE_MARGIN_SUMMARY,SSE_MARGIN_SUMMARY,CNY,,
957546000000.0,1934471908288.0,https://www.sse.com.cn/market/othersdata/margin/sum/,https://www.szse.cn/disclosure/margin/margin/index.html,2025-03-20,CNY,976925908288.0,CNY_100M,SZSE_MARGIN_SUMMARY,SSE_MARGIN_SUMMARY,CNY,,
948858000000.0,1920513569946.0,https://www.sse.com.cn/market/othersdata/margin/sum/,https://www.szse.cn/disclosure/margin/margin/index.html,2025-03-21,CNY,971655569946.0,CNY_100M,SZSE_MARGIN_SUMMARY,SSE_MARGIN_SUMMARY,CNY,,
945136000000.0,1914922080222.0,https://www.sse.com.cn/market/othersdata/margin/sum/,https://www.szse.cn/disclosure/margin/margin/index.html,2025-03-24,CNY,969786080222.0,CNY_100M,SZSE_MARGIN_SUMMARY,SSE_MARGIN_SUMMARY,CNY,,
943293000000.0,1912236026169.0,https://www.sse.com.cn/market/othersdata/margin/sum/,https://www.szse.cn/disclosure/margin/margin/index.html,2025-03-25,CNY,968943026169.0,CNY_100M,SZSE_MARGIN_SUMMARY,SSE_MARGIN_SUMMARY,CNY,,
943420000000.0,1912893222868.0,https://www.sse.com.cn/market/othersdata/margin/sum/,https://www.szse.cn/disclosure/margin/margin/index.html,2025-03-26,CNY,969473222868.0,CNY_100M,SZSE_MARGIN_SUMMARY,SSE_MARGIN_SUMMARY,CNY,,
941226000000.0,1909643545674.0,https://www.sse.com.cn/market/othersdata/margin/sum/,https://www.szse.cn/disclosure/margin/margin/index.html,2025-03-27,CNY,968417545674.0,CNY_100M,SZSE_MARGIN_SUMMARY,SSE_MARGIN_SUMMARY,CNY,,
938594000000.0,1905807232779.0,https://www.sse.com.cn/market/othersdata/margin/sum/,https://www.szse.cn/disclosure/margin/margin/index.html,2025-03-28,CNY,967213232779.0,CNY_100M,SZSE_MARGIN_SUMMARY,SSE_MARGIN_SUMMARY,CNY,,
935053000000.0,1902079910148.0,https://www.sse.com.cn/market/othersdata/margin/sum/,https://www.szse.cn/disclosure/margin/margin/index.html,2025-03-31,CNY,967026910148.0,CNY_100M,SZSE_MARGIN_SUMMARY,SSE_MARGIN_SUMMARY,CNY,,
932399000000.0,1897314147379.0,https://www.sse.com.cn/market/othersdata/margin/sum/,https://www.szse.cn/disclosure/margin/margin/index.html,2025-04-01,CNY,964915147379.0,CNY_100M,SZSE_MARGIN_SUMMARY,SSE_MARGIN_SUMMARY,CNY,,
931932000000.0,1895305933304.0,https://www.sse.com.cn/market/othersdata/margin/sum/,https://www.szse.cn/disclosure/margin/margin/index.html,2025-04-02,CNY,963373933304.0,CNY_100M,SZSE_MARGIN_SUMMARY,SSE_MARGIN_SUMMARY,CNY,,
927729000000.0,1886535215111.0,https://www.sse.com.cn/market/othersdata/margin/sum/,https://www.szse.cn/disclosure/margin/margin/index.html,2025-04-03,CNY,958806215111.0,CNY_100M,SZSE_MARGIN_SUMMARY,SSE_MARGIN_SUMMARY,CNY,,
899171999999.9999,1838830581632.0,https://www.sse.com.cn/market/othersdata/margin/sum/,https://www.szse.cn/disclosure/margin/margin/index.html,2025-04-07,CNY,939658581632.0,CNY_100M,SZSE_MARGIN_SUMMARY,SSE_MARGIN_SUMMARY,CNY,,
878945999999.9999,1800302014088.0,https://www.sse.com.cn/market/othersdata/margin/sum/,https://www.szse.cn/disclosure/margin/margin/index.html,2025-04-08,CNY,921356014088.0,CNY_100M,SZSE_MARGIN_SUMMARY,SSE_MARGIN_SUMMARY,CNY,,
875091000000.0,1794467233259.0,https://www.sse.com.cn/market/othersdata/margin/sum/,https://www.szse.cn/disclosure/margin/margin/index.html,2025-04-09,CNY,919376233259.0,CNY_100M,SZSE_MARGIN_SUMMARY,SSE_MARGIN_SUMMARY,CNY,,
876337000000.0001,1797056496266.0,https://www.sse.com.cn/market/othersdata/margin/sum/,https://www.szse.cn/disclosure/margin/margin/index.html,2025-04-10,CNY,920719496266.0,CNY_100M,SZSE_MARGIN_SUMMARY,SSE_MARGIN_SUMMARY,CNY,,
874860000000.0,1793081823420.0,https://www.sse.com.cn/market/othersdata/margin/sum/,https://www.szse.cn/disclosure/margin/margin/index.html,2025-04-11,CNY,918221823420.0,CNY_100M,SZSE_MARGIN_SUMMARY,SSE_MARGIN_SUMMARY,CNY,,
879114000000.0,1801867835196.0,https://www.sse.com.cn/market/othersdata/margin/sum/,https://www.szse.cn/disclosure/margin/margin/index.html,2025-04-14,CNY,922753835196.0,CNY_100M,SZSE_MARGIN_SUMMARY,SSE_MARGIN_SUMMARY,CNY,,
879931000000.0,1802277969118.0,https://www.sse.com.cn/market/othersdata/margin/sum/,https://www.szse.cn/disclosure/margin/margin/index.html,2025-04-15,CNY,922346969118.0,CNY_100M,SZSE_MARGIN_SUMMARY,SSE_MARGIN_SUMMARY,CNY,,
878006000000.0,1797165004275.0,https://www.sse.com.cn/market/othersdata/margin/sum/,https://www.szse.cn/disclosure/margin/margin/index.html,2025-04-16,CNY,919159004275.0,CNY_100M,SZSE_MARGIN_SUMMARY,SSE_MARGIN_SUMMARY,CNY,,
876720999999.9999,1793700946296.0,https://www.sse.com.cn/market/othersdata/margin/sum/,https://www.szse.cn/disclosure/margin/margin/index.html,2025-04-17,CNY,916979946296.0,CNY_100M,SZSE_MARGIN_SUMMARY,SSE_MARGIN_SUMMARY,CNY,,
873793000000.0,1787437906996.0,https://www.sse.com.cn/market/othersdata/margin/sum/,https://www.szse.cn/disclosure/margin/margin/index.html,2025-04-18,CNY,913644906996.0,CNY_100M,SZSE_MARGIN_SUMMARY,SSE_MARGIN_SUMMARY,CNY,,
876320999999.9999,1793078890120.0,https://www.sse.com.cn/market/othersdata/margin/sum/,https://www.szse.cn/disclosure/margin/margin/index.html,2025-04-21,CNY,916757890120.0,CNY_100M,SZSE_MARGIN_SUMMARY,SSE_MARGIN_SUMMARY,CNY,,
877903000000.0001,1792453232887.0,https://www.sse.com.cn/market/othersdata/margin/sum/,https://www.szse.cn/disclosure/margin/margin/index.html,2025-04-22,CNY,914550232887.0,CNY_100M,SZSE_MARGIN_SUMMARY,SSE_MARGIN_SUMMARY,CNY,,
879674000000.0,1794499452131.0,https://www.sse.com.cn/market/othersdata/margin/sum/,https://www.szse.cn/disclosure/margin/margin/index.html,2025-04-23,CNY,914825452131.0,CNY_100M,SZSE_MARGIN_SUMMARY,SSE_MARGIN_SUMMARY,CNY,,
878304000000.0001,1791559772009.0,https://www.sse.com.cn/market/othersdata/margin/sum/,https://www.szse.cn/disclosure/margin/margin/index.html,2025-04-24,CNY,913255772009.0,CNY_100M,SZSE_MARGIN_SUMMARY,SSE_MARGIN_SUMMARY,CNY,,
876262999999.9999,1786214876584.0,https://www.sse.com.cn/market/othersdata/margin/sum/,https://www.szse.cn/disclosure/margin/margin/index.html,2025-04-25,CNY,909951876584.0,CNY_100M,SZSE_MARGIN_SUMMARY,SSE_MARGIN_SUMMARY,CNY,,
876839000000.0,1787460691549.0,https://www.sse.com.cn/market/othersdata/margin/sum/,https://www.szse.cn/disclosure/margin/margin/index.html,2025-04-28,CNY,910621691549.0,CNY_100M,SZSE_MARGIN_SUMMARY,SSE_MARGIN_SUMMARY,CNY,,
875644000000.0,1786120190696.0,https://www.sse.com.cn/market/othersdata/margin/sum/,https://www.szse.cn/disclosure/margin/margin/index.html,2025-04-29,CNY,910476190696.0,CNY_100M,SZSE_MARGIN_SUMMARY,SSE_MARGIN_SUMMARY,CNY,,
868357000000.0,1770654294171.0,https://www.sse.com.cn/market/othersdata/margin/sum/,https://www.szse.cn/disclosure/margin/margin/index.html,2025-04-30,CNY,902297294171.0,CNY_100M,SZSE_MARGIN_SUMMARY,SSE_MARGIN_SUMMARY,CNY,,
876712999999.9999,1784949842318.0,https://www.sse.com.cn/market/othersdata/margin/sum/,https://www.szse.cn/disclosure/margin/margin/index.html,2025-05-06,CNY,908236842318.0,CNY_100M,SZSE_MARGIN_SUMMARY,SSE_MARGIN_SUMMARY,CNY,,
880929000000.0001,1792104339517.0,https://www.sse.com.cn/market/othersdata/margin/sum/,https://www.szse.cn/disclosure/margin/margin/index.html,2025-05-07,CNY,911175339517.0,CNY_100M,SZSE_MARGIN_SUMMARY,SSE_MARGIN_SUMMARY,CNY,,
880737999999.9999,1791895862069.0,https://www.sse.com.cn/market/othersdata/margin/sum/,https://www.szse.cn/disclosure/margin/margin/index.html,2025-05-08,CNY,911157862069.0,CNY_100M,SZSE_MARGIN_SUMMARY,SSE_MARGIN_SUMMARY,CNY,,
878056000000.0,1787273878305.0,https://www.sse.com.cn/market/othersdata/margin/sum/,https://www.szse.cn/disclosure/margin/margin/index.html,2025-05-09,CNY,909217878305.0,CNY_100M,SZSE_MARGIN_SUMMARY,SSE_MARGIN_SUMMARY,CNY,,
881979000000.0001,1791770926143.0,https://www.sse.com.cn/market/othersdata/margin/sum/,https://www.szse.cn/disclosure/margin/margin/index.html,2025-05-12,CNY,909791926143.0,CNY_100M,SZSE_MARGIN_SUMMARY,SSE_MARGIN_SUMMARY,CNY,,
883393000000.0,1793025087491.0,https://www.sse.com.cn/market/othersdata/margin/sum/,https://www.szse.cn/disclosure/margin/margin/index.html,2025-05-13,CNY,909632087491.0,CNY_100M,SZSE_MARGIN_SUMMARY,SSE_MARGIN_SUMMARY,CNY,,
884683000000.0,1794188314379.0,https://www.sse.com.cn/market/othersdata/margin/sum/,https://www.szse.cn/disclosure/margin/margin/index.html,2025-05-14,CNY,909505314379.0,CNY_100M,SZSE_MARGIN_SUMMARY,SSE_MARGIN_SUMMARY,CNY,,
882977000000.0,1791326137943.0,https://www.sse.com.cn/market/othersdata/margin/sum/,https://www.szse.cn/disclosure/margin/margin/index.html,2025-05-15,CNY,908349137943.0,CNY_100M,SZSE_MARGIN_SUMMARY,SSE_MARGIN_SUMMARY,CNY,,
882054000000.0001,1789481084606.0,https://www.sse.com.cn/market/othersdata/margin/sum/,https://www.szse.cn/disclosure/margin/margin/index.html,2025-05-16,CNY,907427084606.0,CNY_100M,SZSE_MARGIN_SUMMARY,SSE_MARGIN_SUMMARY,CNY,,
883367000000.0,1793024468124.0,https://www.sse.com.cn/market/othersdata/margin/sum/,https://www.szse.cn/disclosure/margin/margin/index.html,2025-05-19,CNY,909657468124.0,CNY_100M,SZSE_MARGIN_SUMMARY,SSE_MARGIN_SUMMARY,CNY,,
885610000000.0,1795212494527.0,https://www.sse.com.cn/market/othersdata/margin/sum/,https://www.szse.cn/disclosure/margin/margin/index.html,2025-05-20,CNY,909602494527.0,CNY_100M,SZSE_MARGIN_SUMMARY,SSE_MARGIN_SUMMARY,CNY,,
884744000000.0,1793416788726.0,https://www.sse.com.cn/market/othersdata/margin/sum/,https://www.szse.cn/disclosure/margin/margin/index.html,2025-05-21,CNY,908672788726.0,CNY_100M,SZSE_MARGIN_SUMMARY,SSE_MARGIN_SUMMARY,CNY,,
883771999999.9999,1791307824938.0,https://www.sse.com.cn/market/othersdata/margin/sum/,https://www.szse.cn/disclosure/margin/margin/index.html,2025-05-22,CNY,907535824938.0,CNY_100M,SZSE_MARGIN_SUMMARY,SSE_MARGIN_SUMMARY,CNY,,
878406000000.0,1783877558442.0,https://www.sse.com.cn/market/othersdata/margin/sum/,https://www.szse.cn/disclosure/margin/margin/index.html,2025-05-23,CNY,905471558442.0,CNY_100M,SZSE_MARGIN_SUMMARY,SSE_MARGIN_SUMMARY,CNY,,
880600000000.0,1788563207363.0,https://www.sse.com.cn/market/othersdata/margin/sum/,https://www.szse.cn/disclosure/margin/margin/index.html,2025-05-26,CNY,907963207363.0,CNY_100M,SZSE_MARGIN_SUMMARY,SSE_MARGIN_SUMMARY,CNY,,
882693000000.0,1792921044137.0,https://www.sse.com.cn/market/othersdata/margin/sum/,https://www.szse.cn/disclosure/margin/margin/index.html,2025-05-27,CNY,910228044137.0,CNY_100M,SZSE_MARGIN_SUMMARY,SSE_MARGIN_SUMMARY,CNY,,
883229999999.9999,1793216392086.0,https://www.sse.com.cn/market/othersdata/margin/sum/,https://www.szse.cn/disclosure/margin/margin/index.html,2025-05-28,CNY,909986392086.0,CNY_100M,SZSE_MARGIN_SUMMARY,SSE_MARGIN_SUMMARY,CNY,,
883643000000.0,1792025726705.0,https://www.sse.com.cn/market/othersdata/margin/sum/,https://www.szse.cn/disclosure/margin/margin/index.html,2025-05-29,CNY,908382726705.0,CNY_100M,SZSE_MARGIN_SUMMARY,SSE_MARGIN_SUMMARY,CNY,,
878775000000.0,1783840691813.0,https://www.sse.com.cn/market/othersdata/margin/sum/,https://www.szse.cn/disclosure/margin/margin/index.html,2025-05-30,CNY,905065691813.0,CNY_100M,SZSE_MARGIN_SUMMARY,SSE_MARGIN_SUMMARY,CNY,,
880754999999.9999,1787294733658.0,https://www.sse.com.cn/market/othersdata/margin/sum/,https://www.szse.cn/disclosure/margin/margin/index.html,2025-06-03,CNY,906539733658.0,CNY_100M,SZSE_MARGIN_SUMMARY,SSE_MARGIN_SUMMARY,CNY,,
882006000000.0,1789557168910.0,https://www.sse.com.cn/market/othersdata/margin/sum/,https://www.szse.cn/disclosure/margin/margin/index.html,2025-06-04,CNY,907551168910.0,CNY_100M,SZSE_MARGIN_SUMMARY,SSE_MARGIN_SUMMARY,CNY,,
884562999999.9999,1794061147688.0,https://www.sse.com.cn/market/othersdata/margin/sum/,https://www.szse.cn/disclosure/margin/margin/index.html,2025-06-05,CNY,909498147688.0,CNY_100M,SZSE_MARGIN_SUMMARY,SSE_MARGIN_SUMMARY,CNY,,
883729999999.9999,1791002972139.0,https://www.sse.com.cn/market/othersdata/margin/sum/,https://www.szse.cn/disclosure/margin/margin/index.html,2025-06-06,CNY,907272972139.0,CNY_100M,SZSE_MARGIN_SUMMARY,SSE_MARGIN_SUMMARY,CNY,,
886871999999.9999,1798282866748.0,https://www.sse.com.cn/market/othersdata/margin/sum/,https://www.szse.cn/disclosure/margin/margin/index.html,2025-06-09,CNY,911410866748.0,CNY_100M,SZSE_MARGIN_SUMMARY,SSE_MARGIN_SUMMARY,CNY,,
886901000000.0,1799242653816.0,https://www.sse.com.cn/market/othersdata/margin/sum/,https://www.szse.cn/disclosure/margin/margin/index.html,2025-06-10,CNY,912341653816.0,CNY_100M,SZSE_MARGIN_SUMMARY,SSE_MARGIN_SUMMARY,CNY,,
887729000000.0001,1801083209893.0,https://www.sse.com.cn/market/othersdata/margin/sum/,https://www.szse.cn/disclosure/margin/margin/index.html,2025-06-11,CNY,913354209893.0,CNY_100M,SZSE_MARGIN_SUMMARY,SSE_MARGIN_SUMMARY,CNY,,
888290000000.0,1803457037266.0,https://www.sse.com.cn/market/othersdata/margin/sum/,https://www.szse.cn/disclosure/margin/margin/index.html,2025-06-12,CNY,915167037266.0,CNY_100M,SZSE_MARGIN_SUMMARY,SSE_MARGIN_SUMMARY,CNY,,
886027000000.0,1798982300781.0,https://www.sse.com.cn/market/othersdata/margin/sum/,https://www.szse.cn/disclosure/margin/margin/index.html,2025-06-13,CNY,912955300781.0,CNY_100M,SZSE_MARGIN_SUMMARY,SSE_MARGIN_SUMMARY,CNY,,
888190000000.0,1804479694734.0,https://www.sse.com.cn/market/othersdata/margin/sum/,https://www.szse.cn/disclosure/margin/margin/index.html,2025-06-16,CNY,916289694734.0,CNY_100M,SZSE_MARGIN_SUMMARY,SSE_MARGIN_SUMMARY,CNY,,
889874000000.0,1809863046739.0,https://www.sse.com.cn/market/othersdata/margin/sum/,https://www.szse.cn/disclosure/margin/margin/index.html,2025-06-17,CNY,919989046739.0,CNY_100M,SZSE_MARGIN_SUMMARY,SSE_MARGIN_SUMMARY,CNY,,
891176000000.0,1811187904287.0,https://www.sse.com.cn/market/othersdata/margin/sum/,https://www.szse.cn/disclosure/margin/margin/index.html,2025-06-18,CNY,920011904287.0,CNY_100M,SZSE_MARGIN_SUMMARY,SSE_MARGIN_SUMMARY,CNY,,
888516000000.0,1803771863687.0,https://www.sse.com.cn/market/othersdata/margin/sum/,https://www.szse.cn/disclosure/margin/margin/index.html,2025-06-19,CNY,915255863687.0,CNY_100M,SZSE_MARGIN_SUMMARY,SSE_MARGIN_SUMMARY,CNY,,
884529000000.0001,1795582174880.0,https://www.sse.com.cn/market/othersdata/margin/sum/,https://www.szse.cn/disclosure/margin/margin/index.html,2025-06-20,CNY,911053174880.0,CNY_100M,SZSE_MARGIN_SUMMARY,SSE_MARGIN_SUMMARY,CNY,,
886653000000.0001,1799704422559.0,https://www.sse.com.cn/market/othersdata/margin/sum/,https://www.szse.cn/disclosure/margin/margin/index.html,2025-06-23,CNY,913051422559.0,CNY_100M,SZSE_MARGIN_SUMMARY,SSE_MARGIN_SUMMARY,CNY,,
890211000000.0,1804833047518.0,https://www.sse.com.cn/market/othersdata/margin/sum/,https://www.szse.cn/disclosure/margin/margin/index.html,2025-06-24,CNY,914622047518.0,CNY_100M,SZSE_MARGIN_SUMMARY,SSE_MARGIN_SUMMARY,CNY,,
894829000000.0001,1811638346278.0,https://www.sse.com.cn/market/othersdata/margin/sum/,https://www.szse.cn/disclosure/margin/margin/index.html,2025-06-25,CNY,916809346278.0,CNY_100M,SZSE_MARGIN_SUMMARY,SSE_MARGIN_SUMMARY,CNY,,
900542000000.0,1820786377739.0,https://www.sse.com.cn/market/othersdata/margin/sum/,https://www.szse.cn/disclosure/margin/margin/index.html,2025-06-26,CNY,920244377739.0,CNY_100M,SZSE_MARGIN_SUMMARY,SSE_MARGIN_SUMMARY,CNY,,
900079000000.0001,1821685906801.0,https://www.sse.com.cn/market/othersdata/margin/sum/,https://www.szse.cn/disclosure/margin/margin/index.html,2025-06-27,CNY,921606906801.0,CNY_100M,SZSE_MARGIN_SUMMARY,SSE_MARGIN_SUMMARY,CNY,,
906916000000.0,1832334708645.0,https://www.sse.com.cn/market/othersdata/margin/sum/,https://www.szse.cn/disclosure/margin/margin/index.html,2025-06-30,CNY,925418708645.0,CNY_100M,SZSE_MARGIN_SUMMARY,SSE_MARGIN_SUMMARY,CNY,,
909138000000.0,1836033132373.0,https://www.sse.com.cn/market/othersdata/margin/sum/,https://www.szse.cn/disclosure/margin/margin/index.html,2025-07-01,CNY,926895132373.0,CNY_100M,SZSE_MARGIN_SUMMARY,SSE_MARGIN_SUMMARY,CNY,,
909004000000.0,1837084643653.0,https://www.sse.com.cn/market/othersdata/margin/sum/,https://www.szse.cn/disclosure/margin/margin/index.html,2025-07-02,CNY,928080643653.0,CNY_100M,SZSE_MARGIN_SUMMARY,SSE_MARGIN_SUMMARY,CNY,,
911580000000.0,1840467433388.0,https://www.sse.com.cn/market/othersdata/margin/sum/,https://www.szse.cn/disclosure/margin/margin/index.html,2025-07-03,CNY,928887433388.0,CNY_100M,SZSE_MARGIN_SUMMARY,SSE_MARGIN_SUMMARY,CNY,,
908479000000.0,1834181841567.0,https://www.sse.com.cn/market/othersdata/margin/sum/,https://www.szse.cn/disclosure/margin/margin/index.html,2025-07-04,CNY,925702841567.0,CNY_100M,SZSE_MARGIN_SUMMARY,SSE_MARGIN_SUMMARY,CNY,,
911667000000.0,1840494818949.0,https://www.sse.com.cn/market/othersdata/margin/sum/,https://www.szse.cn/disclosure/margin/margin/index.html,2025-07-07,CNY,928827818949.0,CNY_100M,SZSE_MARGIN_SUMMARY,SSE_MARGIN_SUMMARY,CNY,,
914898000000.0,1845974466397.0,https://www.sse.com.cn/market/othersdata/margin/sum/,https://www.szse.cn/disclosure/margin/margin/index.html,2025-07-08,CNY,931076466397.0,CNY_100M,SZSE_MARGIN_SUMMARY,SSE_MARGIN_SUMMARY,CNY,,
916856000000.0,1849816493605.0,https://www.sse.com.cn/market/othersdata/margin/sum/,https://www.szse.cn/disclosure/margin/margin/index.html,2025-07-09,CNY,932960493605.0,CNY_100M,SZSE_MARGIN_SUMMARY,SSE_MARGIN_SUMMARY,CNY,,
918824000000.0,1854515412605.0,https://www.sse.com.cn/market/othersdata/margin/sum/,https://www.szse.cn/disclosure/margin/margin/index.html,2025-07-10,CNY,935691412605.0,CNY_100M,SZSE_MARGIN_SUMMARY,SSE_MARGIN_SUMMARY,CNY,,
918930000000.0,1856682116945.0,https://www.sse.com.cn/market/othersdata/margin/sum/,https://www.szse.cn/disclosure/margin/margin/index.html,2025-07-11,CNY,937752116945.0,CNY_100M,SZSE_MARGIN_SUMMARY,SSE_MARGIN_SUMMARY,CNY,,
923574000000.0,1866411358485.0,https://www.sse.com.cn/market/othersdata/margin/sum/,https://www.szse.cn/disclosure/margin/margin/index.html,2025-07-14,CNY,942837358485.0,CNY_100M,SZSE_MARGIN_SUMMARY,SSE_MARGIN_SUMMARY,CNY,,
925828000000.0,1871356632364.0,https://www.sse.com.cn/market/othersdata/margin/sum/,https://www.szse.cn/disclosure/margin/margin/index.html,2025-07-15,CNY,945528632364.0,CNY_100M,SZSE_MARGIN_SUMMARY,SSE_MARGIN_SUMMARY,CNY,,
928088000000.0,1878164970726.0,https://www.sse.com.cn/market/othersdata/margin/sum/,https://www.szse.cn/disclosure/margin/margin/index.html,2025-07-16,CNY,950076970726.0,CNY_100M,SZSE_MARGIN_SUMMARY,SSE_MARGIN_SUMMARY,CNY,,
932321000000.0,1885193205457.0,https://www.sse.com.cn/market/othersdata/margin/sum/,https://www.szse.cn/disclosure/margin/margin/index.html,2025-07-17,CNY,952872205457.0,CNY_100M,SZSE_MARGIN_SUMMARY,SSE_MARGIN_SUMMARY,CNY,,
931052000000.0,1883243948293.0,https://www.sse.com.cn/market/othersdata/margin/sum/,https://www.szse.cn/disclosure/margin/margin/index.html,2025-07-18,CNY,952191948293.0,CNY_100M,SZSE_MARGIN_SUMMARY,SSE_MARGIN_SUMMARY,CNY,,
938875000000.0,1898483797230.0,https://www.sse.com.cn/market/othersdata/margin/sum/,https://www.szse.cn/disclosure/margin/margin/index.html,2025-07-21,CNY,959608797230.0,CNY_100M,SZSE_MARGIN_SUMMARY,SSE_MARGIN_SUMMARY,CNY,,
943868000000.0,1913439695398.0,https://www.sse.com.cn/market/othersdata/margin/sum/,https://www.szse.cn/disclosure/margin/margin/index.html,2025-07-22,CNY,969571695398.0,CNY_100M,SZSE_MARGIN_SUMMARY,SSE_MARGIN_SUMMARY,CNY,,
945394000000.0,1916086921044.0,https://www.sse.com.cn/market/othersdata/margin/sum/,https://www.szse.cn/disclosure/margin/margin/index.html,2025-07-23,CNY,970692921044.0,CNY_100M,SZSE_MARGIN_SUMMARY,SSE_MARGIN_SUMMARY,CNY,,
949057000000.0,1922111656825.0,https://www.sse.com.cn/market/othersdata/margin/sum/,https://www.szse.cn/disclosure/margin/margin/index.html,2025-07-24,CNY,973054656825.0,CNY_100M,SZSE_MARGIN_SUMMARY,SSE_MARGIN_SUMMARY,CNY,,
949444000000.0,1927633855705.0,https://www.sse.com.cn/market/othersdata/margin/sum/,https://www.szse.cn/disclosure/margin/margin/index.html,2025-07-25,CNY,978189855705.0,CNY_100M,SZSE_MARGIN_SUMMARY,SSE_MARGIN_SUMMARY,CNY,,
956919000000.0,1946815449187.0,https://www.sse.com.cn/market/othersdata/margin/sum/,https://www.szse.cn/disclosure/margin/margin/index.html,2025-07-28,CNY,989896449187.0,CNY_100M,SZSE_MARGIN_SUMMARY,SSE_MARGIN_SUMMARY,CNY,,
961251000000.0,1962086545965.0,https://www.sse.com.cn/market/othersdata/margin/sum/,https://www.szse.cn/disclosure/margin/margin/index.html,2025-07-29,CNY,1000835545965.0,CNY_100M,SZSE_MARGIN_SUMMARY,SSE_MARGIN_SUMMARY,CNY,,
963026000000.0,1964254435294.0,https://www.sse.com.cn/market/othersdata/margin/sum/,https://www.szse.cn/disclosure/margin/margin/index.html,2025-07-30,CNY,1001228435294.0,CNY_100M,SZSE_MARGIN_SUMMARY,SSE_MARGIN_SUMMARY,CNY,,
963735000000.0,1964697510610.0,https://www.sse.com.cn/market/othersdata/margin/sum/,https://www.szse.cn/disclosure/margin/margin/index.html,2025-07-31,CNY,1000962510610.0,CNY_100M,SZSE_MARGIN_SUMMARY,SSE_MARGIN_SUMMARY,CNY,,
961366000000.0,1960038967968.0,https://www.sse.com.cn/market/othersdata/margin/sum/,https://www.szse.cn/disclosure/margin/margin/index.html,2025-08-01,CNY,998672967968.0,CNY_100M,SZSE_MARGIN_SUMMARY,SSE_MARGIN_SUMMARY,CNY,,
966271000000.0,1971360414853.0,https://www.sse.com.cn/market/othersdata/margin/sum/,https://www.szse.cn/disclosure/margin/margin/index.html,2025-08-04,CNY,1005089414853.0,CNY_100M,SZSE_MARGIN_SUMMARY,SSE_MARGIN_SUMMARY,CNY,,
970645000000.0,1980089473177.0,https://www.sse.com.cn/market/othersdata/margin/sum/,https://www.szse.cn/disclosure/margin/margin/index.html,2025-08-05,CNY,1009444473177.0,CNY_100M,SZSE_MARGIN_SUMMARY,SSE_MARGIN_SUMMARY,CNY,,
975748000000.0,1988957625471.0,https://www.sse.com.cn/market/othersdata/margin/sum/,https://www.szse.cn/disclosure/margin/margin/index.html,2025-08-06,CNY,1013209625471.0,CNY_100M,SZSE_MARGIN_SUMMARY,SSE_MARGIN_SUMMARY,CNY,,
978687000000.0,1992488673272.0,https://www.sse.com.cn/market/othersdata/margin/sum/,https://www.szse.cn/disclosure/margin/margin/index.html,2025-08-07,CNY,1013801673272.0,CNY_100M,SZSE_MARGIN_SUMMARY,SSE_MARGIN_SUMMARY,CNY,,
976233000000.0,1988953239760.0,https://www.sse.com.cn/market/othersdata/margin/sum/,https://www.szse.cn/disclosure/margin/margin/index.html,2025-08-08,CNY,1012720239760.0,CNY_100M,SZSE_MARGIN_SUMMARY,SSE_MARGIN_SUMMARY,CNY,,
983897000000.0,2005689143441.0,https://www.sse.com.cn/market/othersdata/margin/sum/,https://www.szse.cn/disclosure/margin/margin/index.html,2025-08-11,CNY,1021792143441.0,CNY_100M,SZSE_MARGIN_SUMMARY,SSE_MARGIN_SUMMARY,CNY,,
988210000000.0,2013780739113.0,https://www.sse.com.cn/market/othersdata/margin/sum/,https://www.szse.cn/disclosure/margin/margin/index.html,2025-08-12,CNY,1025570739113.0,CNY_100M,SZSE_MARGIN_SUMMARY,SSE_MARGIN_SUMMARY,CNY,,
996380000000.0,2025443342369.0,https://www.sse.com.cn/market/othersdata/margin/sum/,https://www.szse.cn/disclosure/margin/margin/index.html,2025-08-13,CNY,1029063342369.0,CNY_100M,SZSE_MARGIN_SUMMARY,SSE_MARGIN_SUMMARY,CNY,,
1000403000000.0,2034305792626.0,https://www.sse.com.cn/market/othersdata/margin/sum/,https://www.szse.cn/disclosure/margin/margin/index.html,2025-08-14,CNY,1033902792626.0,CNY_100M,SZSE_MARGIN_SUMMARY,SSE_MARGIN_SUMMARY,CNY,,
1004140000000.0,2041896675565.0,https://www.sse.com.cn/market/othersdata/margin/sum/,https://www.szse.cn/disclosure/margin/margin/index.html,2025-08-15,CNY,1037756675565.0,CNY_100M,SZSE_MARGIN_SUMMARY,SSE_MARGIN_SUMMARY,CNY,,
1023931000000.0,2081112453687.0,https://www.sse.com.cn/market/othersdata/margin/sum/,https://www.szse.cn/disclosure/margin/margin/index.html,2025-08-18,CNY,1057181453687.0,CNY_100M,SZSE_MARGIN_SUMMARY,SSE_MARGIN_SUMMARY,CNY,,
1036301000000.0,2110094365520.0,https://www.sse.com.cn/market/othersdata/margin/sum/,https://www.szse.cn/disclosure/margin/margin/index.html,2025-08-19,CNY,1073793365520.0,CNY_100M,SZSE_MARGIN_SUMMARY,SSE_MARGIN_SUMMARY,CNY,,
1043773000000.0,2125416142709.0,https://www.sse.com.cn/market/othersdata/margin/sum/,https://www.szse.cn/disclosure/margin/margin/index.html,2025-08-20,CNY,1081643142709.0,CNY_100M,SZSE_MARGIN_SUMMARY,SSE_MARGIN_SUMMARY,CNY,,
1045912000000.0,2124445040383.0,https://www.sse.com.cn/market/othersdata/margin/sum/,https://www.szse.cn/disclosure/margin/margin/index.html,2025-08-21,CNY,1078533040383.0,CNY_100M,SZSE_MARGIN_SUMMARY,SSE_MARGIN_SUMMARY,CNY,,
1048366000000.0,2132788264740.0,https://www.sse.com.cn/market/othersdata/margin/sum/,https://www.szse.cn/disclosure/margin/margin/index.html,2025-08-22,CNY,1084422264740.0,CNY_100M,SZSE_MARGIN_SUMMARY,SSE_MARGIN_SUMMARY,CNY,,
1064402000000.0,2165593689087.0,https://www.sse.com.cn/market/othersdata/margin/sum/,https://www.szse.cn/disclosure/margin/margin/index.html,2025-08-25,CNY,1101191689087.0,CNY_100M,SZSE_MARGIN_SUMMARY,SSE_MARGIN_SUMMARY,CNY,,
1072962000000.0,2184780503020.0,https://www.sse.com.cn/market/othersdata/margin/sum/,https://www.szse.cn/disclosure/margin/margin/index.html,2025-08-26,CNY,1111818503020.0,CNY_100M,SZSE_MARGIN_SUMMARY,SSE_MARGIN_SUMMARY,CNY,,
1081515000000.0,2204881079378.0,https://www.sse.com.cn/market/othersdata/margin/sum/,https://www.szse.cn/disclosure/margin/margin/index.html,2025-08-27,CNY,1123366079378.0,CNY_100M,SZSE_MARGIN_SUMMARY,SSE_MARGIN_SUMMARY,CNY,,
1088486000000.0,2221056872138.0,https://www.sse.com.cn/market/othersdata/margin/sum/,https://www.szse.cn/disclosure/margin/margin/index.html,2025-08-28,CNY,1132570872138.0,CNY_100M,SZSE_MARGIN_SUMMARY,SSE_MARGIN_SUMMARY,CNY,,
1097174000000.0,2238100430398.0,https://www.sse.com.cn/market/othersdata/margin/sum/,https://www.szse.cn/disclosure/margin/margin/index.html,2025-08-29,CNY,1140926430398.0,CNY_100M,SZSE_MARGIN_SUMMARY,SSE_MARGIN_SUMMARY,CNY,,
1112927000000.0,2273496079901.0,https://www.sse.com.cn/market/othersdata/margin/sum/,https://www.szse.cn/disclosure/margin/margin/index.html,2025-09-01,CNY,1160569079901.0,CNY_100M,SZSE_MARGIN_SUMMARY,SSE_MARGIN_SUMMARY,CNY,,
1106932000000.0,2265035408143.0,https://www.sse.com.cn/market/othersdata/margin/sum/,https://www.szse.cn/disclosure/margin/margin/index.html,2025-09-02,CNY,1158103408143.0,CNY_100M,SZSE_MARGIN_SUMMARY,SSE_MARGIN_SUMMARY,CNY,,
1109129000000.0,2266562653512.0,https://www.sse.com.cn/market/othersdata/margin/sum/,https://www.szse.cn/disclosure/margin/margin/index.html,2025-09-03,CNY,1157433653512.0,CNY_100M,SZSE_MARGIN_SUMMARY,SSE_MARGIN_SUMMARY,CNY,,
1103973000000.0,2256846400598.0,https://www.sse.com.cn/market/othersdata/margin/sum/,https://www.szse.cn/disclosure/margin/margin/index.html,2025-09-04,CNY,1152873400598.0,CNY_100M,SZSE_MARGIN_SUMMARY,SSE_MARGIN_SUMMARY,CNY,,
1108145000000.0,2263795042274.0,https://www.sse.com.cn/market/othersdata/margin/sum/,https://www.szse.cn/disclosure/margin/margin/index.html,2025-09-05,CNY,1155650042274.0,CNY_100M,SZSE_MARGIN_SUMMARY,SSE_MARGIN_SUMMARY,CNY,,
1123620000000.0,2289879101553.0,https://www.sse.com.cn/market/othersdata/margin/sum/,https://www.szse.cn/disclosure/margin/margin/index.html,2025-09-08,CNY,1166259101553.0,CNY_100M,SZSE_MARGIN_SUMMARY,SSE_MARGIN_SUMMARY,CNY,,
1124758000000.0,2295796610850.0,https://www.sse.com.cn/market/othersdata/margin/sum/,https://www.szse.cn/disclosure/margin/margin/index.html,2025-09-09,CNY,1171038610850.0,CNY_100M,SZSE_MARGIN_SUMMARY,SSE_MARGIN_SUMMARY,CNY,,
1128226000000.0,2301574380718.0,https://www.sse.com.cn/market/othersdata/margin/sum/,https://www.szse.cn/disclosure/margin/margin/index.html,2025-09-10,CNY,1173348380718.0,CNY_100M,SZSE_MARGIN_SUMMARY,SSE_MARGIN_SUMMARY,CNY,,
1139474000000.0,2315915846643.0,https://www.sse.com.cn/market/othersdata/margin/sum/,https://www.szse.cn/disclosure/margin/margin/index.html,2025-09-11,CNY,1176441846643.0,CNY_100M,SZSE_MARGIN_SUMMARY,SSE_MARGIN_SUMMARY,CNY,,
1143112000000.0,2327097455849.0,https://www.sse.com.cn/market/othersdata/margin/sum/,https://www.szse.cn/disclosure/margin/margin/index.html,2025-09-12,CNY,1183985455849.0,CNY_100M,SZSE_MARGIN_SUMMARY,SSE_MARGIN_SUMMARY,CNY,,
1151775000000.0,2345426838103.0,https://www.sse.com.cn/market/othersdata/margin/sum/,https://www.szse.cn/disclosure/margin/margin/index.html,2025-09-15,CNY,1193651838103.0,CNY_100M,SZSE_MARGIN_SUMMARY,SSE_MARGIN_SUMMARY,CNY,,
1162111000000.0,2367966997868.0,https://www.sse.com.cn/market/othersdata/margin/sum/,https://www.szse.cn/disclosure/margin/margin/index.html,2025-09-16,CNY,1205855997868.0,CNY_100M,SZSE_MARGIN_SUMMARY,SSE_MARGIN_SUMMARY,CNY,,
1170886000000.0,2380612836235.0,https://www.sse.com.cn/market/othersdata/margin/sum/,https://www.szse.cn/disclosure/margin/margin/index.html,2025-09-17,CNY,1209726836235.0,CNY_100M,SZSE_MARGIN_SUMMARY,SSE_MARGIN_SUMMARY,CNY,,
1168760000000.0,2377984986941.0,https://www.sse.com.cn/market/othersdata/margin/sum/,https://www.szse.cn/disclosure/margin/margin/index.html,2025-09-18,CNY,1209224986941.0,CNY_100M,SZSE_MARGIN_SUMMARY,SSE_MARGIN_SUMMARY,CNY,,
1166208000000.0,2373847982663.0,https://www.sse.com.cn/market/othersdata/margin/sum/,https://www.szse.cn/disclosure/margin/margin/index.html,2025-09-19,CNY,1207639982663.0,CNY_100M,SZSE_MARGIN_SUMMARY,SSE_MARGIN_SUMMARY,CNY,,
1174696000000.0,2393033102598.0,https://www.sse.com.cn/market/othersdata/margin/sum/,https://www.szse.cn/disclosure/margin/margin/index.html,2025-09-22,CNY,1218337102598.0,CNY_100M,SZSE_MARGIN_SUMMARY,SSE_MARGIN_SUMMARY,CNY,,
1175677000000.0,2392250602443.0,https://www.sse.com.cn/market/othersdata/margin/sum/,https://www.szse.cn/disclosure/margin/margin/index.html,2025-09-23,CNY,1216573602443.0,CNY_100M,SZSE_MARGIN_SUMMARY,SSE_MARGIN_SUMMARY,CNY,,
1182824000000.0,2406371870961.0,https://www.sse.com.cn/market/othersdata/margin/sum/,https://www.szse.cn/disclosure/margin/margin/index.html,2025-09-24,CNY,1223547870961.0,CNY_100M,SZSE_MARGIN_SUMMARY,SSE_MARGIN_SUMMARY,CNY,,
1189507000000.0,2419650924167.0,https://www.sse.com.cn/market/othersdata/margin/sum/,https://www.szse.cn/disclosure/margin/margin/index.html,2025-09-25,CNY,1230143924167.0,CNY_100M,SZSE_MARGIN_SUMMARY,SSE_MARGIN_SUMMARY,CNY,,
1181543000000.0,2400397850267.0,https://www.sse.com.cn/market/othersdata/margin/sum/,https://www.szse.cn/disclosure/margin/margin/index.html,2025-09-26,CNY,1218854850267.0,CNY_100M,SZSE_MARGIN_SUMMARY,SSE_MARGIN_SUMMARY,CNY,,
1181431000000.0,2404826169661.0,https://www.sse.com.cn/market/othersdata/margin/sum/,https://www.szse.cn/disclosure/margin/margin/index.html,2025-09-29,CNY,1223395169661.0,CNY_100M,SZSE_MARGIN_SUMMARY,SSE_MARGIN_SUMMARY,CNY,,
1162354000000.0,2370971882705.0,https://www.sse.com.cn/market/othersdata/margin/sum/,https://www.szse.cn/disclosure/margin/margin/index.html,2025-09-30,CNY,1208617882705.0,CNY_100M,SZSE_MARGIN_SUMMARY,SSE_MARGIN_SUMMARY,CNY,,
1188431000000.0,2421680540315.0,https://www.sse.com.cn/market/othersdata/margin/sum/,https://www.szse.cn/disclosure/margin/margin/index.html,2025-10-09,CNY,1233249540315.0,CNY_100M,SZSE_MARGIN_SUMMARY,SSE_MARGIN_SUMMARY,CNY,,
1187501000000.0,2418185574757.0,https://www.sse.com.cn/market/othersdata/margin/sum/,https://www.szse.cn/disclosure/margin/margin/index.html,2025-10-10,CNY,1230684574757.0,CNY_100M,SZSE_MARGIN_SUMMARY,SSE_MARGIN_SUMMARY,CNY,,
1186746000000.0,2420388293902.0,https://www.sse.com.cn/market/othersdata/margin/sum/,https://www.szse.cn/disclosure/margin/margin/index.html,2025-10-13,CNY,1233642293902.0,CNY_100M,SZSE_MARGIN_SUMMARY,SSE_MARGIN_SUMMARY,CNY,,
1188052000000.0,2422674701292.0,https://www.sse.com.cn/market/othersdata/margin/sum/,https://www.szse.cn/disclosure/margin/margin/index.html,2025-10-14,CNY,1234622701292.0,CNY_100M,SZSE_MARGIN_SUMMARY,SSE_MARGIN_SUMMARY,CNY,,
1188608000000.0,2424973992629.0,https://www.sse.com.cn/market/othersdata/margin/sum/,https://www.szse.cn/disclosure/margin/margin/index.html,2025-10-15,CNY,1236365992629.0,CNY_100M,SZSE_MARGIN_SUMMARY,SSE_MARGIN_SUMMARY,CNY,,
1194794000000.0,2432574502057.0,https://www.sse.com.cn/market/othersdata/margin/sum/,https://www.szse.cn/disclosure/margin/margin/index.html,2025-10-16,CNY,1237780502057.0,CNY_100M,SZSE_MARGIN_SUMMARY,SSE_MARGIN_SUMMARY,CNY,,
1181334000000.0,2405381953848.0,https://www.sse.com.cn/market/othersdata/margin/sum/,https://www.szse.cn/disclosure/margin/margin/index.html,2025-10-17,CNY,1224047953848.0,CNY_100M,SZSE_MARGIN_SUMMARY,SSE_MARGIN_SUMMARY,CNY,,
1183738000000.0,2405766591866.0,https://www.sse.com.cn/market/othersdata/margin/sum/,https://www.szse.cn/disclosure/margin/margin/index.html,2025-10-20,CNY,1222028591866.0,CNY_100M,SZSE_MARGIN_SUMMARY,SSE_MARGIN_SUMMARY,CNY,,
1191148000000.0,2419673092925.0,https://www.sse.com.cn/market/othersdata/margin/sum/,https://www.szse.cn/disclosure/margin/margin/index.html,2025-10-21,CNY,1228525092925.0,CNY_100M,SZSE_MARGIN_SUMMARY,SSE_MARGIN_SUMMARY,CNY,,
1194953000000.0,2427967133480.0,https://www.sse.com.cn/market/othersdata/margin/sum/,https://www.szse.cn/disclosure/margin/margin/index.html,2025-10-22,CNY,1233014133480.0,CNY_100M,SZSE_MARGIN_SUMMARY,SSE_MARGIN_SUMMARY,CNY,,
1194363000000.0,2426377143922.0,https://www.sse.com.cn/market/othersdata/margin/sum/,https://www.szse.cn/disclosure/margin/margin/index.html,2025-10-23,CNY,1232014143922.0,CNY_100M,SZSE_MARGIN_SUMMARY,SSE_MARGIN_SUMMARY,CNY,,
1197296000000.0,2432296302822.0,https://www.sse.com.cn/market/othersdata/margin/sum/,https://www.szse.cn/disclosure/margin/margin/index.html,2025-10-24,CNY,1235000302822.0,CNY_100M,SZSE_MARGIN_SUMMARY,SSE_MARGIN_SUMMARY,CNY,,
1210160000000.0,2456666855788.0,https://www.sse.com.cn/market/othersdata/margin/sum/,https://www.szse.cn/disclosure/margin/margin/index.html,2025-10-27,CNY,1246506855788.0,CNY_100M,SZSE_MARGIN_SUMMARY,SSE_MARGIN_SUMMARY,CNY,,
1216867000000.0,2469363637936.0,https://www.sse.com.cn/market/othersdata/margin/sum/,https://www.szse.cn/disclosure/margin/margin/index.html,2025-10-28,CNY,1252496637936.0,CNY_100M,SZSE_MARGIN_SUMMARY,SSE_MARGIN_SUMMARY,CNY,,
1223249000000.0,2480662401254.0,https://www.sse.com.cn/market/othersdata/margin/sum/,https://www.szse.cn/disclosure/margin/margin/index.html,2025-10-29,CNY,1257413401254.0,CNY_100M,SZSE_MARGIN_SUMMARY,SSE_MARGIN_SUMMARY,CNY,,
1219692000000.0,2473270067034.0,https://www.sse.com.cn/market/othersdata/margin/sum/,https://www.szse.cn/disclosure/margin/margin/index.html,2025-10-30,CNY,1253578067034.0,CNY_100M,SZSE_MARGIN_SUMMARY,SSE_MARGIN_SUMMARY,CNY,,
1211064000000.0,2460988363716.0,https://www.sse.com.cn/market/othersdata/margin/sum/,https://www.szse.cn/disclosure/margin/margin/index.html,2025-10-31,CNY,1249924363716.0,CNY_100M,SZSE_MARGIN_SUMMARY,SSE_MARGIN_SUMMARY,CNY,,
1213738000000.0,2469022930321.0,https://www.sse.com.cn/market/othersdata/margin/sum/,https://www.szse.cn/disclosure/margin/margin/index.html,2025-11-03,CNY,1255284930321.0,CNY_100M,SZSE_MARGIN_SUMMARY,SSE_MARGIN_SUMMARY,CNY,,
1211117000000.0,2465712845948.0,https://www.sse.com.cn/market/othersdata/margin/sum/,https://www.szse.cn/disclosure/margin/margin/index.html,2025-11-04,CNY,1254595845948.0,CNY_100M,SZSE_MARGIN_SUMMARY,SSE_MARGIN_SUMMARY,CNY,,
1210682000000.0,2465569414434.0,https://www.sse.com.cn/market/othersdata/margin/sum/,https://www.szse.cn/disclosure/margin/margin/index.html,2025-11-05,CNY,1254887414434.0,CNY_100M,SZSE_MARGIN_SUMMARY,SSE_MARGIN_SUMMARY,CNY,,
1211419000000.0,2472591891066.0,https://www.sse.com.cn/market/othersdata/margin/sum/,https://www.szse.cn/disclosure/margin/margin/index.html,2025-11-06,CNY,1261172891066.0,CNY_100M,SZSE_MARGIN_SUMMARY,SSE_MARGIN_SUMMARY,CNY,,
1210824000000.0,2467573257881.0,https://www.sse.com.cn/market/othersdata/margin/sum/,https://www.szse.cn/disclosure/margin/margin/index.html,2025-11-07,CNY,1256749257881.0,CNY_100M,SZSE_MARGIN_SUMMARY,SSE_MARGIN_SUMMARY,CNY,,
1215244000000.0,2475243647179.0,https://www.sse.com.cn/market/othersdata/margin/sum/,https://www.szse.cn/disclosure/margin/margin/index.html,2025-11-10,CNY,1259999647179.0,CNY_100M,SZSE_MARGIN_SUMMARY,SSE_MARGIN_SUMMARY,CNY,,
1216068000000.0,2479265439228.0,https://www.sse.com.cn/market/othersdata/margin/sum/,https://www.szse.cn/disclosure/margin/margin/index.html,2025-11-11,CNY,1263197439228.0,CNY_100M,SZSE_MARGIN_SUMMARY,SSE_MARGIN_SUMMARY,CNY,,
1215367000000.0,2476241320120.0,https://www.sse.com.cn/market/othersdata/margin/sum/,https://www.szse.cn/disclosure/margin/margin/index.html,2025-11-12,CNY,1260874320120.0,CNY_100M,SZSE_MARGIN_SUMMARY,SSE_MARGIN_SUMMARY,CNY,,
1221653000000.0,2480260971942.0,https://www.sse.com.cn/market/othersdata/margin/sum/,https://www.szse.cn/disclosure/margin/margin/index.html,2025-11-13,CNY,1258607971942.0,CNY_100M,SZSE_MARGIN_SUMMARY,SSE_MARGIN_SUMMARY,CNY,,
1213681000000.0,2466861360926.0,https://www.sse.com.cn/market/othersdata/margin/sum/,https://www.szse.cn/disclosure/margin/margin/index.html,2025-11-14,CNY,1253180360926.0,CNY_100M,SZSE_MARGIN_SUMMARY,SSE_MARGIN_SUMMARY,CNY,,
1217425000000.0,2474440227419.0,https://www.sse.com.cn/market/othersdata/margin/sum/,https://www.szse.cn/disclosure/margin/margin/index.html,2025-11-17,CNY,1257015227419.0,CNY_100M,SZSE_MARGIN_SUMMARY,SSE_MARGIN_SUMMARY,CNY,,
1216710000000.0,2477023161359.0,https://www.sse.com.cn/market/othersdata/margin/sum/,https://www.szse.cn/disclosure/margin/margin/index.html,2025-11-18,CNY,1260313161359.0,CNY_100M,SZSE_MARGIN_SUMMARY,SSE_MARGIN_SUMMARY,CNY,,
1215446000000.0,2472454488721.0,https://www.sse.com.cn/market/othersdata/margin/sum/,https://www.szse.cn/disclosure/margin/margin/index.html,2025-11-19,CNY,1257008488721.0,CNY_100M,SZSE_MARGIN_SUMMARY,SSE_MARGIN_SUMMARY,CNY,,
1214712000000.0,2466618950837.0,https://www.sse.com.cn/market/othersdata/margin/sum/,https://www.szse.cn/disclosure/margin/margin/index.html,2025-11-20,CNY,1251906950837.0,CNY_100M,SZSE_MARGIN_SUMMARY,SSE_MARGIN_SUMMARY,CNY,,
1197878000000.0,2437559215625.0,https://www.sse.com.cn/market/othersdata/margin/sum/,https://www.szse.cn/disclosure/margin/margin/index.html,2025-11-21,CNY,1239681215625.0,CNY_100M,SZSE_MARGIN_SUMMARY,SSE_MARGIN_SUMMARY,CNY,,
1195722000000.0,2434754782361.0,https://www.sse.com.cn/market/othersdata/margin/sum/,https://www.szse.cn/disclosure/margin/margin/index.html,2025-11-24,CNY,1239032782361.0,CNY_100M,SZSE_MARGIN_SUMMARY,SSE_MARGIN_SUMMARY,CNY,,
1198396000000.0,2438794370695.0,https://www.sse.com.cn/market/othersdata/margin/sum/,https://www.szse.cn/disclosure/margin/margin/index.html,2025-11-25,CNY,1240398370695.0,CNY_100M,SZSE_MARGIN_SUMMARY,SSE_MARGIN_SUMMARY,CNY,,
1201962000000.0,2444785709564.0,https://www.sse.com.cn/market/othersdata/margin/sum/,https://www.szse.cn/disclosure/margin/margin/index.html,2025-11-26,CNY,1242823709564.0,CNY_100M,SZSE_MARGIN_SUMMARY,SSE_MARGIN_SUMMARY,CNY,,
1204210000000.0,2447527159526.0,https://www.sse.com.cn/market/othersdata/margin/sum/,https://www.szse.cn/disclosure/margin/margin/index.html,2025-11-27,CNY,1243317159526.0,CNY_100M,SZSE_MARGIN_SUMMARY,SSE_MARGIN_SUMMARY,CNY,,
1205638000000.0,2448972608699.0,https://www.sse.com.cn/market/othersdata/margin/sum/,https://www.szse.cn/disclosure/margin/margin/index.html,2025-11-28,CNY,1243334608699.0,CNY_100M,SZSE_MARGIN_SUMMARY,SSE_MARGIN_SUMMARY,CNY,,
1210522000000.0,2459138676210.0,https://www.sse.com.cn/market/othersdata/margin/sum/,https://www.szse.cn/disclosure/margin/margin/index.html,2025-12-01,CNY,1248616676210.0,CNY_100M,SZSE_MARGIN_SUMMARY,SSE_MARGIN_SUMMARY,CNY,,
1212622000000.0,2461349375910.0,https://www.sse.com.cn/market/othersdata/margin/sum/,https://www.szse.cn/disclosure/margin/margin/index.html,2025-12-02,CNY,1248727375910.0,CNY_100M,SZSE_MARGIN_SUMMARY,SSE_MARGIN_SUMMARY,CNY,,
1210675000000.0,2457664558940.0,https://www.sse.com.cn/market/othersdata/margin/sum/,https://www.szse.cn/disclosure/margin/margin/index.html,2025-12-03,CNY,1246989558940.0,CNY_100M,SZSE_MARGIN_SUMMARY,SSE_MARGIN_SUMMARY,CNY,,
1211357000000.0,2458973304027.0,https://www.sse.com.cn/market/othersdata/margin/sum/,https://www.szse.cn/disclosure/margin/margin/index.html,2025-12-04,CNY,1247616304027.0,CNY_100M,SZSE_MARGIN_SUMMARY,SSE_MARGIN_SUMMARY,CNY,,
1210309000000.0,2456609715403.0,https://www.sse.com.cn/market/othersdata/margin/sum/,https://www.szse.cn/disclosure/margin/margin/index.html,2025-12-05,CNY,1246300715403.0,CNY_100M,SZSE_MARGIN_SUMMARY,SSE_MARGIN_SUMMARY,CNY,,
1220714000000.0,2475180290886.0,https://www.sse.com.cn/market/othersdata/margin/sum/,https://www.szse.cn/disclosure/margin/margin/index.html,2025-12-08,CNY,1254466290886.0,CNY_100M,SZSE_MARGIN_SUMMARY,SSE_MARGIN_SUMMARY,CNY,,
1226809000000.0,2485359150923.0,https://www.sse.com.cn/market/othersdata/margin/sum/,https://www.szse.cn/disclosure/margin/margin/index.html,2025-12-09,CNY,1258550150923.0,CNY_100M,SZSE_MARGIN_SUMMARY,SSE_MARGIN_SUMMARY,CNY,,
1230156000000.0,2488831029684.0,https://www.sse.com.cn/market/othersdata/margin/sum/,https://www.szse.cn/disclosure/margin/margin/index.html,2025-12-10,CNY,1258675029684.0,CNY_100M,SZSE_MARGIN_SUMMARY,SSE_MARGIN_SUMMARY,CNY,,
1225414000000.0,2482436621848.0,https://www.sse.com.cn/market/othersdata/margin/sum/,https://www.szse.cn/disclosure/margin/margin/index.html,2025-12-11,CNY,1257022621848.0,CNY_100M,SZSE_MARGIN_SUMMARY,SSE_MARGIN_SUMMARY,CNY,,
1223647000000.0,2476016646071.0,https://www.sse.com.cn/market/othersdata/margin/sum/,https://www.szse.cn/disclosure/margin/margin/index.html,2025-12-12,CNY,1252369646071.0,CNY_100M,SZSE_MARGIN_SUMMARY,SSE_MARGIN_SUMMARY,CNY,,
1225356000000.0,2480855323207.0,https://www.sse.com.cn/market/othersdata/margin/sum/,https://www.szse.cn/disclosure/margin/margin/index.html,2025-12-15,CNY,1255499323207.0,CNY_100M,SZSE_MARGIN_SUMMARY,SSE_MARGIN_SUMMARY,CNY,,
1219315000000.0,2480357135620.0,https://www.sse.com.cn/market/othersdata/margin/sum/,https://www.szse.cn/disclosure/margin/margin/index.html,2025-12-16,CNY,1261042135620.0,CNY_100M,SZSE_MARGIN_SUMMARY,SSE_MARGIN_SUMMARY,CNY,,
1218379000000.0,2478153699017.0,https://www.sse.com.cn/market/othersdata/margin/sum/,https://www.szse.cn/disclosure/margin/margin/index.html,2025-12-17,CNY,1259774699017.0,CNY_100M,SZSE_MARGIN_SUMMARY,SSE_MARGIN_SUMMARY,CNY,,
1219407000000.0,2474840608103.0,https://www.sse.com.cn/market/othersdata/margin/sum/,https://www.szse.cn/disclosure/margin/margin/index.html,2025-12-18,CNY,1255433608103.0,CNY_100M,SZSE_MARGIN_SUMMARY,SSE_MARGIN_SUMMARY,CNY,,
1221763000000.0,2479379065098.0,https://www.sse.com.cn/market/othersdata/margin/sum/,https://www.szse.cn/disclosure/margin/margin/index.html,2025-12-19,CNY,1257616065098.0,CNY_100M,SZSE_MARGIN_SUMMARY,SSE_MARGIN_SUMMARY,CNY,,
1228476000000.0,2491912859867.0,https://www.sse.com.cn/market/othersdata/margin/sum/,https://www.szse.cn/disclosure/margin/margin/index.html,2025-12-22,CNY,1263436859867.0,CNY_100M,SZSE_MARGIN_SUMMARY,SSE_MARGIN_SUMMARY,CNY,,
1235506000000.0,2506707780307.0,https://www.sse.com.cn/market/othersdata/margin/sum/,https://www.szse.cn/disclosure/margin/margin/index.html,2025-12-23,CNY,1271201780307.0,CNY_100M,SZSE_MARGIN_SUMMARY,SSE_MARGIN_SUMMARY,CNY,,
1241167000000.0,2516763245962.0,https://www.sse.com.cn/market/othersdata/margin/sum/,https://www.szse.cn/disclosure/margin/margin/index.html,2025-12-24,CNY,1275596245962.0,CNY_100M,SZSE_MARGIN_SUMMARY,SSE_MARGIN_SUMMARY,CNY,,
1247195000000.0,2520547376369.0,https://www.sse.com.cn/market/othersdata/margin/sum/,https://www.szse.cn/disclosure/margin/margin/index.html,2025-12-25,CNY,1273352376369.0,CNY_100M,SZSE_MARGIN_SUMMARY,SSE_MARGIN_SUMMARY,CNY,,
1247397000000.0,2518483234902.0,https://www.sse.com.cn/market/othersdata/margin/sum/,https://www.szse.cn/disclosure/margin/margin/index.html,2025-12-26,CNY,1271086234902.0,CNY_100M,SZSE_MARGIN_SUMMARY,SSE_MARGIN_SUMMARY,CNY,,
1252864000000.0,2526829468535.0,https://www.sse.com.cn/market/othersdata/margin/sum/,https://www.szse.cn/disclosure/margin/margin/index.html,2025-12-29,CNY,1273965468535.0,CNY_100M,SZSE_MARGIN_SUMMARY,SSE_MARGIN_SUMMARY,CNY,,
1252248000000.0,2530533296119.0,https://www.sse.com.cn/market/othersdata/margin/sum/,https://www.szse.cn/disclosure/margin/margin/index.html,2025-12-30,CNY,1278285296119.0,CNY_100M,SZSE_MARGIN_SUMMARY,SSE_MARGIN_SUMMARY,CNY,,
1247392000000.0,2516188062622.0,https://www.sse.com.cn/market/othersdata/margin/sum/,https://www.szse.cn/disclosure/margin/margin/index.html,2025-12-31,CNY,1268796062622.0,CNY_100M,SZSE_MARGIN_SUMMARY,SSE_MARGIN_SUMMARY,CNY,,
1258247000000.0,2535282784652.0,https://www.sse.com.cn/market/othersdata/margin/sum/,https://www.szse.cn/disclosure/margin/margin/index.html,2026-01-05,CNY,1277035784652.0,CNY_100M,SZSE_MARGIN_SUMMARY,SSE_MARGIN_SUMMARY,CNY,,
1268121000000.0,2554019834239.0,https://www.sse.com.cn/market/othersdata/margin/sum/,https://www.szse.cn/disclosure/margin/margin/index.html,2026-01-06,CNY,1285898834239.0,CNY_100M,SZSE_MARGIN_SUMMARY,SSE_MARGIN_SUMMARY,CNY,,
1280770000000.0,2578984640818.0,https://www.sse.com.cn/market/othersdata/margin/sum/,https://www.szse.cn/disclosure/margin/margin/index.html,2026-01-07,CNY,1298214640818.0,CNY_100M,SZSE_MARGIN_SUMMARY,SSE_MARGIN_SUMMARY,CNY,,
1288761000000.0,2594767162278.0,https://www.sse.com.cn/market/othersdata/margin/sum/,https://www.szse.cn/disclosure/margin/margin/index.html,2026-01-08,CNY,1306006162278.0,CNY_100M,SZSE_MARGIN_SUMMARY,SSE_MARGIN_SUMMARY,CNY,,
1292153000000.0,2601486101994.0,https://www.sse.com.cn/market/othersdata/margin/sum/,https://www.szse.cn/disclosure/margin/margin/index.html,2026-01-09,CNY,1309333101994.0,CNY_100M,SZSE_MARGIN_SUMMARY,SSE_MARGIN_SUMMARY,CNY,,
1319152000000.0,2647071906814.0,https://www.sse.com.cn/market/othersdata/margin/sum/,https://www.szse.cn/disclosure/margin/margin/index.html,2026-01-12,CNY,1327919906814.0,CNY_100M,SZSE_MARGIN_SUMMARY,SSE_MARGIN_SUMMARY,CNY,,
1325010000000.0,2656279993389.0,https://www.sse.com.cn/market/othersdata/margin/sum/,https://www.szse.cn/disclosure/margin/margin/index.html,2026-01-13,CNY,1331269993389.0,CNY_100M,SZSE_MARGIN_SUMMARY,SSE_MARGIN_SUMMARY,CNY,,
1331812000000.0,2671342229868.0,https://www.sse.com.cn/market/othersdata/margin/sum/,https://www.szse.cn/disclosure/margin/margin/index.html,2026-01-14,CNY,1339530229868.0,CNY_100M,SZSE_MARGIN_SUMMARY,SSE_MARGIN_SUMMARY,CNY,,
1343393000000.0,2692101301293.0,https://www.sse.com.cn/market/othersdata/margin/sum/,https://www.szse.cn/disclosure/margin/margin/index.html,2026-01-15,CNY,1348708301293.0,CNY_100M,SZSE_MARGIN_SUMMARY,SSE_MARGIN_SUMMARY,CNY,,
1343686000000.0,2705451598205.0,https://www.sse.com.cn/market/othersdata/margin/sum/,https://www.szse.cn/disclosure/margin/margin/index.html,2026-01-16,CNY,1361765598205.0,CNY_100M,SZSE_MARGIN_SUMMARY,SSE_MARGIN_SUMMARY,CNY,,
1336156000000.0,2696819928801.0,https://www.sse.com.cn/market/othersdata/margin/sum/,https://www.szse.cn/disclosure/margin/margin/index.html,2026-01-19,CNY,1360663928801.0,CNY_100M,SZSE_MARGIN_SUMMARY,SSE_MARGIN_SUMMARY,CNY,,
1330268000000.0,2683043686018.0,https://www.sse.com.cn/market/othersdata/margin/sum/,https://www.szse.cn/disclosure/margin/margin/index.html,2026-01-20,CNY,1352775686018.0,CNY_100M,SZSE_MARGIN_SUMMARY,SSE_MARGIN_SUMMARY,CNY,,
1331661000000.0,2694522930351.0,https://www.sse.com.cn/market/othersdata/margin/sum/,https://www.szse.cn/disclosure/margin/margin/index.html,2026-01-21,CNY,1362861930351.0,CNY_100M,SZSE_MARGIN_SUMMARY,SSE_MARGIN_SUMMARY,CNY,,
1333414000000.0,2698557170716.0,https://www.sse.com.cn/market/othersdata/margin/sum/,https://www.szse.cn/disclosure/margin/margin/index.html,2026-01-22,CNY,1365143170716.0,CNY_100M,SZSE_MARGIN_SUMMARY,SSE_MARGIN_SUMMARY,CNY,,
1331731000000.0,2697147506544.0,https://www.sse.com.cn/market/othersdata/margin/sum/,https://www.szse.cn/disclosure/margin/margin/index.html,2026-01-23,CNY,1365416506544.0,CNY_100M,SZSE_MARGIN_SUMMARY,SSE_MARGIN_SUMMARY,CNY,,
1332304000000.0,2699102503378.0,https://www.sse.com.cn/market/othersdata/margin/sum/,https://www.szse.cn/disclosure/margin/margin/index.html,2026-01-26,CNY,1366798503378.0,CNY_100M,SZSE_MARGIN_SUMMARY,SSE_MARGIN_SUMMARY,CNY,,
1331408000000.0,2696948768782.0,https://www.sse.com.cn/market/othersdata/margin/sum/,https://www.szse.cn/disclosure/margin/margin/index.html,2026-01-27,CNY,1365540768782.0,CNY_100M,SZSE_MARGIN_SUMMARY,SSE_MARGIN_SUMMARY,CNY,,
1337224000000.0,2716299454676.0,https://www.sse.com.cn/market/othersdata/margin/sum/,https://www.szse.cn/disclosure/margin/margin/index.html,2026-01-28,CNY,1379075454676.0,CNY_100M,SZSE_MARGIN_SUMMARY,SSE_MARGIN_SUMMARY,CNY,,
1336879000000.0,2713292497488.0,https://www.sse.com.cn/market/othersdata/margin/sum/,https://www.szse.cn/disclosure/margin/margin/index.html,2026-01-29,CNY,1376413497488.0,CNY_100M,SZSE_MARGIN_SUMMARY,SSE_MARGIN_SUMMARY,CNY,,
1326953000000.0,2689875122502.0,https://www.sse.com.cn/market/othersdata/margin/sum/,https://www.szse.cn/disclosure/margin/margin/index.html,2026-01-30,CNY,1362922122502.0,CNY_100M,SZSE_MARGIN_SUMMARY,SSE_MARGIN_SUMMARY,CNY,,
1322194000000.0,2683945136143.0,https://www.sse.com.cn/market/othersdata/margin/sum/,https://www.szse.cn/disclosure/margin/margin/index.html,2026-02-02,CNY,1361751136143.0,CNY_100M,SZSE_MARGIN_SUMMARY,SSE_MARGIN_SUMMARY,CNY,,
1323663000000.0,2681051113443.0,https://www.sse.com.cn/market/othersdata/margin/sum/,https://www.szse.cn/disclosure/margin/margin/index.html,2026-02-03,CNY,1357388113443.0,CNY_100M,SZSE_MARGIN_SUMMARY,SSE_MARGIN_SUMMARY,CNY,,
1318719000000.0,2667150797776.0,https://www.sse.com.cn/market/othersdata/margin/sum/,https://www.szse.cn/disclosure/margin/margin/index.html,2026-02-04,CNY,1348431797776.0,CNY_100M,SZSE_MARGIN_SUMMARY,SSE_MARGIN_SUMMARY,CNY,,
1311917000000.0,2655393557854.0,https://www.sse.com.cn/market/othersdata/margin/sum/,https://www.szse.cn/disclosure/margin/margin/index.html,2026-02-05,CNY,1343476557854.0,CNY_100M,SZSE_MARGIN_SUMMARY,SSE_MARGIN_SUMMARY,CNY,,
1302526000000.0,2638383650715.0,https://www.sse.com.cn/market/othersdata/margin/sum/,https://www.szse.cn/disclosure/margin/margin/index.html,2026-02-06,CNY,1335857650715.0,CNY_100M,SZSE_MARGIN_SUMMARY,SSE_MARGIN_SUMMARY,CNY,,
1302525000000.0,2638781730195.0,https://www.sse.com.cn/market/othersdata/margin/sum/,https://www.szse.cn/disclosure/margin/margin/index.html,2026-02-09,CNY,1336256730195.0,CNY_100M,SZSE_MARGIN_SUMMARY,SSE_MARGIN_SUMMARY,CNY,,
1300309000000.0,2635048401256.0,https://www.sse.com.cn/market/othersdata/margin/sum/,https://www.szse.cn/disclosure/margin/margin/index.html,2026-02-10,CNY,1334739401256.0,CNY_100M,SZSE_MARGIN_SUMMARY,SSE_MARGIN_SUMMARY,CNY,,
1293232000000.0,2619178405377.0,https://www.sse.com.cn/market/othersdata/margin/sum/,https://www.szse.cn/disclosure/margin/margin/index.html,2026-02-11,CNY,1325946405377.0,CNY_100M,SZSE_MARGIN_SUMMARY,SSE_MARGIN_SUMMARY,CNY,,
1290149000000.0,2620596990665.0,https://www.sse.com.cn/market/othersdata/margin/sum/,https://www.szse.cn/disclosure/margin/margin/index.html,2026-02-12,CNY,1330447990665.0,CNY_100M,SZSE_MARGIN_SUMMARY,SSE_MARGIN_SUMMARY,CNY,,
1263345000000.0,2564012234815.0,https://www.sse.com.cn/market/othersdata/margin/sum/,https://www.szse.cn/disclosure/margin/margin/index.html,2026-02-13,CNY,1300667234815.0,CNY_100M,SZSE_MARGIN_SUMMARY,SSE_MARGIN_SUMMARY,CNY,,
1280863000000.0,2597749917013.0,https://www.sse.com.cn/market/othersdata/margin/sum/,https://www.szse.cn/disclosure/margin/margin/index.html,2026-02-24,CNY,1316886917013.0,CNY_100M,SZSE_MARGIN_SUMMARY,SSE_MARGIN_SUMMARY,CNY,,
1290551000000.0,2621383293401.0,https://www.sse.com.cn/market/othersdata/margin/sum/,https://www.szse.cn/disclosure/margin/margin/index.html,2026-02-25,CNY,1330832293401.0,CNY_100M,SZSE_MARGIN_SUMMARY,SSE_MARGIN_SUMMARY,CNY,,
1301439000000.0,2641395696186.0,https://www.sse.com.cn/market/othersdata/margin/sum/,https://www.szse.cn/disclosure/margin/margin/index.html,2026-02-26,CNY,1339956696186.0,CNY_100M,SZSE_MARGIN_SUMMARY,SSE_MARGIN_SUMMARY,CNY,,
1302382000000.0,2643254565672.0,https://www.sse.com.cn/market/othersdata/margin/sum/,https://www.szse.cn/disclosure/margin/margin/index.html,2026-02-27,CNY,1340872565672.0,CNY_100M,SZSE_MARGIN_SUMMARY,SSE_MARGIN_SUMMARY,CNY,,
1304146000000.0,2647833049267.0,https://www.sse.com.cn/market/othersdata/margin/sum/,https://www.szse.cn/disclosure/margin/margin/index.html,2026-03-02,CNY,1343687049267.0,CNY_100M,SZSE_MARGIN_SUMMARY,SSE_MARGIN_SUMMARY,CNY,,
1291491000000.0,2625355385539.0,https://www.sse.com.cn/market/othersdata/margin/sum/,https://www.szse.cn/disclosure/margin/margin/index.html,2026-03-03,CNY,1333864385539.0,CNY_100M,SZSE_MARGIN_SUMMARY,SSE_MARGIN_SUMMARY,CNY,,
1285510000000.0,2617107450973.0,https://www.sse.com.cn/market/othersdata/margin/sum/,https://www.szse.cn/disclosure/margin/margin/index.html,2026-03-04,CNY,1331597450973.0,CNY_100M,SZSE_MARGIN_SUMMARY,SSE_MARGIN_SUMMARY,CNY,,
1291035000000.0,2625435290251.0,https://www.sse.com.cn/market/othersdata/margin/sum/,https://www.szse.cn/disclosure/margin/margin/index.html,2026-03-05,CNY,1334400290251.0,CNY_100M,SZSE_MARGIN_SUMMARY,SSE_MARGIN_SUMMARY,CNY,,
1288081000000.0,2619308236116.0,https://www.sse.com.cn/market/othersdata/margin/sum/,https://www.szse.cn/disclosure/margin/margin/index.html,2026-03-06,CNY,1331227236116.0,CNY_100M,SZSE_MARGIN_SUMMARY,SSE_MARGIN_SUMMARY,CNY,,
1285772000000.0,2619048798688.0,https://www.sse.com.cn/market/othersdata/margin/sum/,https://www.szse.cn/disclosure/margin/margin/index.html,2026-03-09,CNY,1333276798688.0,CNY_100M,SZSE_MARGIN_SUMMARY,SSE_MARGIN_SUMMARY,CNY,,
1292065000000.0,2628776949377.0,https://www.sse.com.cn/market/othersdata/margin/sum/,https://www.szse.cn/disclosure/margin/margin/index.html,2026-03-10,CNY,1336711949377.0,CNY_100M,SZSE_MARGIN_SUMMARY,SSE_MARGIN_SUMMARY,CNY,,
1298219000000.0,2634198974200.0,https://www.sse.com.cn/market/othersdata/margin/sum/,https://www.szse.cn/disclosure/margin/margin/index.html,2026-03-11,CNY,1335979974200.0,CNY_100M,SZSE_MARGIN_SUMMARY,SSE_MARGIN_SUMMARY,CNY,,
1298016000000.0,2637440529438.0,https://www.sse.com.cn/market/othersdata/margin/sum/,https://www.szse.cn/disclosure/margin/margin/index.html,2026-03-12,CNY,1339424529438.0,CNY_100M,SZSE_MARGIN_SUMMARY,SSE_MARGIN_SUMMARY,CNY,,
1289667000000.0,2624832438835.0,https://www.sse.com.cn/market/othersdata/margin/sum/,https://www.szse.cn/disclosure/margin/margin/index.html,2026-03-13,CNY,1335165438835.0,CNY_100M,SZSE_MARGIN_SUMMARY,SSE_MARGIN_SUMMARY,CNY,,
1294306000000.0,2634553410984.0,https://www.sse.com.cn/market/othersdata/margin/sum/,https://www.szse.cn/disclosure/margin/margin/index.html,2026-03-16,CNY,1340247410984.0,CNY_100M,SZSE_MARGIN_SUMMARY,SSE_MARGIN_SUMMARY,CNY,,
1289194000000.0,2625550085559.0,https://www.sse.com.cn/market/othersdata/margin/sum/,https://www.szse.cn/disclosure/margin/margin/index.html,2026-03-17,CNY,1336356085559.0,CNY_100M,SZSE_MARGIN_SUMMARY,SSE_MARGIN_SUMMARY,CNY,,
1290274000000.0,2628123683232.0,https://www.sse.com.cn/market/othersdata/margin/sum/,https://www.szse.cn/disclosure/margin/margin/index.html,2026-03-18,CNY,1337849683232.0,CNY_100M,SZSE_MARGIN_SUMMARY,SSE_MARGIN_SUMMARY,CNY,,
1287026000000.0,2623835203768.0,https://www.sse.com.cn/market/othersdata/margin/sum/,https://www.szse.cn/disclosure/margin/margin/index.html,2026-03-19,CNY,1336809203768.0,CNY_100M,SZSE_MARGIN_SUMMARY,SSE_MARGIN_SUMMARY,CNY,,
1277849000000.0,2606569086554.0,https://www.sse.com.cn/market/othersdata/margin/sum/,https://www.szse.cn/disclosure/margin/margin/index.html,2026-03-20,CNY,1328720086554.0,CNY_100M,SZSE_MARGIN_SUMMARY,SSE_MARGIN_SUMMARY,CNY,,
1271376000000.0,2595170188127.0,https://www.sse.com.cn/market/othersdata/margin/sum/,https://www.szse.cn/disclosure/margin/margin/index.html,2026-03-23,CNY,1323794188127.0,CNY_100M,SZSE_MARGIN_SUMMARY,SSE_MARGIN_SUMMARY,CNY,,
1266400000000.0,2588296000206.0,https://www.sse.com.cn/market/othersdata/margin/sum/,https://www.szse.cn/disclosure/margin/margin/index.html,2026-03-24,CNY,1321896000206.0,CNY_100M,SZSE_MARGIN_SUMMARY,SSE_MARGIN_SUMMARY,CNY,,
1269710000000.0,2591468624861.0,https://www.sse.com.cn/market/othersdata/margin/sum/,https://www.szse.cn/disclosure/margin/margin/index.html,2026-03-25,CNY,1321758624861.0,CNY_100M,SZSE_MARGIN_SUMMARY,SSE_MARGIN_SUMMARY,CNY,,
1269235000000.0,2590604177440.0,https://www.sse.com.cn/market/othersdata/margin/sum/,https://www.szse.cn/disclosure/margin/margin/index.html,2026-03-26,CNY,1321369177440.0,CNY_100M,SZSE_MARGIN_SUMMARY,SSE_MARGIN_SUMMARY,CNY,,
1266999000000.0,2582692648745.0,https://www.sse.com.cn/market/othersdata/margin/sum/,https://www.szse.cn/disclosure/margin/margin/index.html,2026-03-27,CNY,1315693648745.0,CNY_100M,SZSE_MARGIN_SUMMARY,SSE_MARGIN_SUMMARY,CNY,,
1271026000000.0,2590494230266.0,https://www.sse.com.cn/market/othersdata/margin/sum/,https://www.szse.cn/disclosure/margin/margin/index.html,2026-03-30,CNY,1319468230266.0,CNY_100M,SZSE_MARGIN_SUMMARY,SSE_MARGIN_SUMMARY,CNY,,
1265723000000.0,2582337258911.0,https://www.sse.com.cn/market/othersdata/margin/sum/,https://www.szse.cn/disclosure/margin/margin/index.html,2026-03-31,CNY,1316614258911.0,CNY_100M,SZSE_MARGIN_SUMMARY,SSE_MARGIN_SUMMARY,CNY,,
1266597000000.0,2583044409207.0,https://www.sse.com.cn/market/othersdata/margin/sum/,https://www.szse.cn/disclosure/margin/margin/index.html,2026-04-01,CNY,1316447409207.0,CNY_100M,SZSE_MARGIN_SUMMARY,SSE_MARGIN_SUMMARY,CNY,,
1260951000000.0,2572055175276.0,https://www.sse.com.cn/market/othersdata/margin/sum/,https://www.szse.cn/disclosure/margin/margin/index.html,2026-04-02,CNY,1311104175276.0,CNY_100M,SZSE_MARGIN_SUMMARY,SSE_MARGIN_SUMMARY,CNY,,
1251884000000.0,2554721239635.0,https://www.sse.com.cn/market/othersdata/margin/sum/,https://www.szse.cn/disclosure/margin/margin/index.html,2026-04-03,CNY,1302837239635.0,CNY_100M,SZSE_MARGIN_SUMMARY,SSE_MARGIN_SUMMARY,CNY,,
1255084000000.0,2558521424328.0,https://www.sse.com.cn/market/othersdata/margin/sum/,https://www.szse.cn/disclosure/margin/margin/index.html,2026-04-07,CNY,1303437424328.0,CNY_100M,SZSE_MARGIN_SUMMARY,SSE_MARGIN_SUMMARY,CNY,,
1264606000000.0,2574652005809.0,https://www.sse.com.cn/market/othersdata/margin/sum/,https://www.szse.cn/disclosure/margin/margin/index.html,2026-04-08,CNY,1310046005809.0,CNY_100M,SZSE_MARGIN_SUMMARY,SSE_MARGIN_SUMMARY,CNY,,
1269079000000.0,2582072564374.0,https://www.sse.com.cn/market/othersdata/margin/sum/,https://www.szse.cn/disclosure/margin/margin/index.html,2026-04-09,CNY,1312993564374.0,CNY_100M,SZSE_MARGIN_SUMMARY,SSE_MARGIN_SUMMARY,CNY,,
1271743000000.0,2587403195826.0,https://www.sse.com.cn/market/othersdata/margin/sum/,https://www.szse.cn/disclosure/margin/margin/index.html,2026-04-10,CNY,1315660195826.0,CNY_100M,SZSE_MARGIN_SUMMARY,SSE_MARGIN_SUMMARY,CNY,,
1279863000000.0,2603416612731.0,https://www.sse.com.cn/market/othersdata/margin/sum/,https://www.szse.cn/disclosure/margin/margin/index.html,2026-04-13,CNY,1323553612731.0,CNY_100M,SZSE_MARGIN_SUMMARY,SSE_MARGIN_SUMMARY,CNY,,
1288515000000.0,2619761622231.0,https://www.sse.com.cn/market/othersdata/margin/sum/,https://www.szse.cn/disclosure/margin/margin/index.html,2026-04-14,CNY,1331246622231.0,CNY_100M,SZSE_MARGIN_SUMMARY,SSE_MARGIN_SUMMARY,CNY,,
1293969000000.0,2629943887351.0,https://www.sse.com.cn/market/othersdata/margin/sum/,https://www.szse.cn/disclosure/margin/margin/index.html,2026-04-15,CNY,1335974887351.0,CNY_100M,SZSE_MARGIN_SUMMARY,SSE_MARGIN_SUMMARY,CNY,,
1299872000000.0,2640678749213.0,https://www.sse.com.cn/market/othersdata/margin/sum/,https://www.szse.cn/disclosure/margin/margin/index.html,2026-04-16,CNY,1340806749213.0,CNY_100M,SZSE_MARGIN_SUMMARY,SSE_MARGIN_SUMMARY,CNY,,
1301422000000.0,2642847419759.0,https://www.sse.com.cn/market/othersdata/margin/sum/,https://www.szse.cn/disclosure/margin/margin/index.html,2026-04-17,CNY,1341425419759.0,CNY_100M,SZSE_MARGIN_SUMMARY,SSE_MARGIN_SUMMARY,CNY,,
1316274000000.0,2671904173016.0,https://www.sse.com.cn/market/othersdata/margin/sum/,https://www.szse.cn/disclosure/margin/margin/index.html,2026-04-20,CNY,1355630173016.0,CNY_100M,SZSE_MARGIN_SUMMARY,SSE_MARGIN_SUMMARY,CNY,,
1319400000000.0,2678306781144.0,https://www.sse.com.cn/market/othersdata/margin/sum/,https://www.szse.cn/disclosure/margin/margin/index.html,2026-04-21,CNY,1358906781144.0,CNY_100M,SZSE_MARGIN_SUMMARY,SSE_MARGIN_SUMMARY,CNY,,
1325394000000.0,2691968275528.0,https://www.sse.com.cn/market/othersdata/margin/sum/,https://www.szse.cn/disclosure/margin/margin/index.html,2026-04-22,CNY,1366574275528.0,CNY_100M,SZSE_MARGIN_SUMMARY,SSE_MARGIN_SUMMARY,CNY,,
1328156000000.0,2695768094993.0,https://www.sse.com.cn/market/othersdata/margin/sum/,https://www.szse.cn/disclosure/margin/margin/index.html,2026-04-23,CNY,1367612094993.0,CNY_100M,SZSE_MARGIN_SUMMARY,SSE_MARGIN_SUMMARY,CNY,,
1319990000000.0,2684529928838.0,https://www.sse.com.cn/market/othersdata/margin/sum/,https://www.szse.cn/disclosure/margin/margin/index.html,2026-04-24,CNY,1364539928838.0,CNY_100M,SZSE_MARGIN_SUMMARY,SSE_MARGIN_SUMMARY,CNY,,
1326205000000.0,2700071597092.0,https://www.sse.com.cn/market/othersdata/margin/sum/,https://www.szse.cn/disclosure/margin/margin/index.html,2026-04-27,CNY,1373866597092.0,CNY_100M,SZSE_MARGIN_SUMMARY,SSE_MARGIN_SUMMARY,CNY,,
1326788000000.0,2700228361754.0,https://www.sse.com.cn/market/othersdata/margin/sum/,https://www.szse.cn/disclosure/margin/margin/index.html,2026-04-28,CNY,1373440361754.0,CNY_100M,SZSE_MARGIN_SUMMARY,SSE_MARGIN_SUMMARY,CNY,,
1325438000000.0,2703892050849.0,https://www.sse.com.cn/market/othersdata/margin/sum/,https://www.szse.cn/disclosure/margin/margin/index.html,2026-04-29,CNY,1378454050849.0,CNY_100M,SZSE_MARGIN_SUMMARY,SSE_MARGIN_SUMMARY,CNY,,
1316221000000.0,2687149661457.0,https://www.sse.com.cn/market/othersdata/margin/sum/,https://www.szse.cn/disclosure/margin/margin/index.html,2026-04-30,CNY,1370928661457.0,CNY_100M,SZSE_MARGIN_SUMMARY,SSE_MARGIN_SUMMARY,CNY,,
1334705000000.0,2728232726696.0,https://www.sse.com.cn/market/othersdata/margin/sum/,https://www.szse.cn/disclosure/margin/margin/index.html,2026-05-06,CNY,1393527726696.0,CNY_100M,SZSE_MARGIN_SUMMARY,SSE_MARGIN_SUMMARY,CNY,,
1348533000000.0,2757722855541.0,https://www.sse.com.cn/market/othersdata/margin/sum/,https://www.szse.cn/disclosure/margin/margin/index.html,2026-05-07,CNY,1409189855541.0,CNY_100M,SZSE_MARGIN_SUMMARY,SSE_MARGIN_SUMMARY,CNY,,
1356840000000.0,2773527834289.0,https://www.sse.com.cn/market/othersdata/margin/sum/,https://www.szse.cn/disclosure/margin/margin/index.html,2026-05-08,CNY,1416687834289.0,CNY_100M,SZSE_MARGIN_SUMMARY,SSE_MARGIN_SUMMARY,CNY,,
1371529000000.0,2804080019603.0,https://www.sse.com.cn/market/othersdata/margin/sum/,https://www.szse.cn/disclosure/margin/margin/index.html,2026-05-11,CNY,1432551019603.0,CNY_100M,SZSE_MARGIN_SUMMARY,SSE_MARGIN_SUMMARY,CNY,,
1380204000000.0,2820960886236.0,https://www.sse.com.cn/market/othersdata/margin/sum/,https://www.szse.cn/disclosure/margin/margin/index.html,2026-05-12,CNY,1440756886236.0,CNY_100M,SZSE_MARGIN_SUMMARY,SSE_MARGIN_SUMMARY,CNY,,
1391532000000.0,2843886118052.0,https://www.sse.com.cn/market/othersdata/margin/sum/,https://www.szse.cn/disclosure/margin/margin/index.html,2026-05-13,CNY,1452354118052.0,CNY_100M,SZSE_MARGIN_SUMMARY,SSE_MARGIN_SUMMARY,CNY,,
1396811000000.0,2853030229613.0,https://www.sse.com.cn/market/othersdata/margin/sum/,https://www.szse.cn/disclosure/margin/margin/index.html,2026-05-14,CNY,1456219229613.0,CNY_100M,SZSE_MARGIN_SUMMARY,SSE_MARGIN_SUMMARY,CNY,,
1394949000000.0,2847268161694.0,https://www.sse.com.cn/market/othersdata/margin/sum/,https://www.szse.cn/disclosure/margin/margin/index.html,2026-05-15,CNY,1452319161694.0,CNY_100M,SZSE_MARGIN_SUMMARY,SSE_MARGIN_SUMMARY,CNY,,
1400561000000.0,2862838198387.0,https://www.sse.com.cn/market/othersdata/margin/sum/,https://www.szse.cn/disclosure/margin/margin/index.html,2026-05-18,CNY,1462277198387.0,CNY_100M,SZSE_MARGIN_SUMMARY,SSE_MARGIN_SUMMARY,CNY,,
1402777000000.0,2868055698973.0,https://www.sse.com.cn/market/othersdata/margin/sum/,https://www.szse.cn/disclosure/margin/margin/index.html,2026-05-19,CNY,1465278698973.0,CNY_100M,SZSE_MARGIN_SUMMARY,SSE_MARGIN_SUMMARY,CNY,,
1404331000000.0,2874633212115.0,https://www.sse.com.cn/market/othersdata/margin/sum/,https://www.szse.cn/disclosure/margin/margin/index.html,2026-05-20,CNY,1470302212115.0,CNY_100M,SZSE_MARGIN_SUMMARY,SSE_MARGIN_SUMMARY,CNY,,
1398753000000.0,2866280516709.0,https://www.sse.com.cn/market/othersdata/margin/sum/,https://www.szse.cn/disclosure/margin/margin/index.html,2026-05-21,CNY,1467527516709.0,CNY_100M,SZSE_MARGIN_SUMMARY,SSE_MARGIN_SUMMARY,CNY,,
1400471000000.0,2869272309416.0,https://www.sse.com.cn/market/othersdata/margin/sum/,https://www.szse.cn/disclosure/margin/margin/index.html,2026-05-22,CNY,1468801309416.0,CNY_100M,SZSE_MARGIN_SUMMARY,SSE_MARGIN_SUMMARY,CNY,,
1413683000000.0,2894540012649.0,https://www.sse.com.cn/market/othersdata/margin/sum/,https://www.szse.cn/disclosure/margin/margin/index.html,2026-05-25,CNY,1480857012649.0,CNY_100M,SZSE_MARGIN_SUMMARY,SSE_MARGIN_SUMMARY,CNY,,
1417203000000.0,2901881273574.0,https://www.sse.com.cn/market/othersdata/margin/sum/,https://www.szse.cn/disclosure/margin/margin/index.html,2026-05-26,CNY,1484678273574.0,CNY_100M,SZSE_MARGIN_SUMMARY,SSE_MARGIN_SUMMARY,CNY,,
1419947000000.0,2905952873872.0,https://www.sse.com.cn/market/othersdata/margin/sum/,https://www.szse.cn/disclosure/margin/margin/index.html,2026-05-27,CNY,1486005873872.0,CNY_100M,SZSE_MARGIN_SUMMARY,SSE_MARGIN_SUMMARY,CNY,,
1422017000000.0,2911569701297.0,https://www.sse.com.cn/market/othersdata/margin/sum/,https://www.szse.cn/disclosure/margin/margin/index.html,2026-05-28,CNY,1489552701297.0,CNY_100M,SZSE_MARGIN_SUMMARY,SSE_MARGIN_SUMMARY,CNY,,
1409907000000.0,2882153436880.0,https://www.sse.com.cn/market/othersdata/margin/sum/,https://www.szse.cn/disclosure/margin/margin/index.html,2026-05-29,CNY,1472246436880.0,CNY_100M,SZSE_MARGIN_SUMMARY,SSE_MARGIN_SUMMARY,CNY,,
1406303000000.0,2874492116504.0,https://www.sse.com.cn/market/othersdata/margin/sum/,https://www.szse.cn/disclosure/margin/margin/index.html,2026-06-01,CNY,1468189116504.0,CNY_100M,SZSE_MARGIN_SUMMARY,SSE_MARGIN_SUMMARY,CNY,,
1406806000000.0,2875830532904.0,https://www.sse.com.cn/market/othersdata/margin/sum/,https://www.szse.cn/disclosure/margin/margin/index.html,2026-06-02,CNY,1469024532904.0,CNY_100M,SZSE_MARGIN_SUMMARY,SSE_MARGIN_SUMMARY,CNY,,
1410081000000.0,2884325276164.0,https://www.sse.com.cn/market/othersdata/margin/sum/,https://www.szse.cn/disclosure/margin/margin/index.html,2026-06-03,CNY,1474244276164.0,CNY_100M,SZSE_MARGIN_SUMMARY,SSE_MARGIN_SUMMARY,CNY,,
1414148000000.0,2890891330571.0,https://www.sse.com.cn/market/othersdata/margin/sum/,https://www.szse.cn/disclosure/margin/margin/index.html,2026-06-04,CNY,1476743330571.0,CNY_100M,SZSE_MARGIN_SUMMARY,SSE_MARGIN_SUMMARY,CNY,,
1411403000000.0,2876849567832.0,https://www.sse.com.cn/market/othersdata/margin/sum/,https://www.szse.cn/disclosure/margin/margin/index.html,2026-06-05,CNY,1465446567832.0,CNY_100M,SZSE_MARGIN_SUMMARY,SSE_MARGIN_SUMMARY,CNY,,
1399789000000.0,2853492702150.0,https://www.sse.com.cn/market/othersdata/margin/sum/,https://www.szse.cn/disclosure/margin/margin/index.html,2026-06-08,CNY,1453703702150.0,CNY_100M,SZSE_MARGIN_SUMMARY,SSE_MARGIN_SUMMARY,CNY,,
1404907000000.0,2857129353096.0,https://www.sse.com.cn/market/othersdata/margin/sum/,https://www.szse.cn/disclosure/margin/margin/index.html,2026-06-09,CNY,1452222353096.0,CNY_100M,SZSE_MARGIN_SUMMARY,SSE_MARGIN_SUMMARY,CNY,,
1401181000000.0,2849038826630.0,https://www.sse.com.cn/market/othersdata/margin/sum/,https://www.szse.cn/disclosure/margin/margin/index.html,2026-06-10,CNY,1447857826630.0,CNY_100M,SZSE_MARGIN_SUMMARY,SSE_MARGIN_SUMMARY,CNY,,
1395569000000.0,2843815655510.0,https://www.sse.com.cn/market/othersdata/margin/sum/,https://www.szse.cn/disclosure/margin/margin/index.html,2026-06-11,CNY,1448246655510.0,CNY_100M,SZSE_MARGIN_SUMMARY,SSE_MARGIN_SUMMARY,CNY,,
1394518000000.0,2843413770788.0,https://www.sse.com.cn/market/othersdata/margin/sum/,https://www.szse.cn/disclosure/margin/margin/index.html,2026-06-12,CNY,1448895770788.0,CNY_100M,SZSE_MARGIN_SUMMARY,SSE_MARGIN_SUMMARY,CNY,,
1405707000000.0,2867474264864.0,https://www.sse.com.cn/market/othersdata/margin/sum/,https://www.szse.cn/disclosure/margin/margin/index.html,2026-06-15,CNY,1461767264864.0,CNY_100M,SZSE_MARGIN_SUMMARY,SSE_MARGIN_SUMMARY,CNY,,
1420150000000.0,2893838751456.0,https://www.sse.com.cn/market/othersdata/margin/sum/,https://www.szse.cn/disclosure/margin/margin/index.html,2026-06-16,CNY,1473688751456.0,CNY_100M,SZSE_MARGIN_SUMMARY,SSE_MARGIN_SUMMARY,CNY,,
1433639000000.0,2921850916696.0,https://www.sse.com.cn/market/othersdata/margin/sum/,https://www.szse.cn/disclosure/margin/margin/index.html,2026-06-17,CNY,1488211916696.0,CNY_100M,SZSE_MARGIN_SUMMARY,SSE_MARGIN_SUMMARY,CNY,,
1439473000000.0,2934658799372.0,https://www.sse.com.cn/market/othersdata/margin/sum/,https://www.szse.cn/disclosure/margin/margin/index.html,2026-06-18,CNY,1495185799372.0,CNY_100M,SZSE_MARGIN_SUMMARY,SSE_MARGIN_SUMMARY,CNY,,
1458119000000.0,2963677433764.0,https://www.sse.com.cn/market/othersdata/margin/sum/,https://www.szse.cn/disclosure/margin/margin/index.html,2026-06-22,CNY,1505558433764.0,CNY_100M,SZSE_MARGIN_SUMMARY,SSE_MARGIN_SUMMARY,CNY,,
1465243000000.0,2969808483004.0,https://www.sse.com.cn/market/othersdata/margin/sum/,https://www.szse.cn/disclosure/margin/margin/index.html,2026-06-23,CNY,1504565483004.0,CNY_100M,SZSE_MARGIN_SUMMARY,SSE_MARGIN_SUMMARY,CNY,,
1473185000000.0,2983459044181.0,https://www.sse.com.cn/market/othersdata/margin/sum/,https://www.szse.cn/disclosure/margin/margin/index.html,2026-06-24,CNY,1510274044181.0,CNY_100M,SZSE_MARGIN_SUMMARY,SSE_MARGIN_SUMMARY,CNY,,
1479828000000.0,3000942083765.0,https://www.sse.com.cn/market/othersdata/margin/sum/,https://www.szse.cn/disclosure/margin/margin/index.html,2026-06-25,CNY,1521114083765.0,CNY_100M,SZSE_MARGIN_SUMMARY,SSE_MARGIN_SUMMARY,CNY,,
1467281000000.0,2980345112108.0,https://www.sse.com.cn/market/othersdata/margin/sum/,https://www.szse.cn/disclosure/margin/margin/index.html,2026-06-26,CNY,1513064112108.0,CNY_100M,SZSE_MARGIN_SUMMARY,SSE_MARGIN_SUMMARY,CNY,,
1466450000000.0,2971671517345.0,https://www.sse.com.cn/market/othersdata/margin/sum/,https://www.szse.cn/disclosure/margin/margin/index.html,2026-06-29,CNY,1505221517345.0,CNY_100M,SZSE_MARGIN_SUMMARY,SSE_MARGIN_SUMMARY,CNY,,
1470879000000.0,2987787428874.0,https://www.sse.com.cn/market/othersdata/margin/sum/,https://www.szse.cn/disclosure/margin/margin/index.html,2026-06-30,CNY,1516908428874.0,CNY_100M,SZSE_MARGIN_SUMMARY,SSE_MARGIN_SUMMARY,CNY,,
1477894000000.0,2997581927976.0,https://www.sse.com.cn/market/othersdata/margin/sum/,https://www.szse.cn/disclosure/margin/margin/index.html,2026-07-01,CNY,1519687927976.0,CNY_100M,SZSE_MARGIN_SUMMARY,SSE_MARGIN_SUMMARY,CNY,,
1476173000000.0,2991137123028.0,https://www.sse.com.cn/market/othersdata/margin/sum/,https://www.szse.cn/disclosure/margin/margin/index.html,2026-07-02,CNY,1514964123028.0,CNY_100M,SZSE_MARGIN_SUMMARY,SSE_MARGIN_SUMMARY,CNY,,
1469707000000.0,2971471189120.0,https://www.sse.com.cn/market/othersdata/margin/sum/,https://www.szse.cn/disclosure/margin/margin/index.html,2026-07-03,CNY,1501764189120.0,CNY_100M,SZSE_MARGIN_SUMMARY,SSE_MARGIN_SUMMARY,CNY,,
1466858000000.0,2960974860023.0,https://www.sse.com.cn/market/othersdata/margin/sum/,https://www.szse.cn/disclosure/margin/margin/index.html,2026-07-06,CNY,1494116860023.0,CNY_100M,SZSE_MARGIN_SUMMARY,SSE_MARGIN_SUMMARY,CNY,,
1459710000000.0,2947937749145.0,https://www.sse.com.cn/market/othersdata/margin/sum/,https://www.szse.cn/disclosure/margin/margin/index.html,2026-07-07,CNY,1488227749145.0,CNY_100M,SZSE_MARGIN_SUMMARY,SSE_MARGIN_SUMMARY,CNY,,
1448577000000.0,2929026027515.0,https://www.sse.com.cn/market/othersdata/margin/sum/,https://www.szse.cn/disclosure/margin/margin/index.html,2026-07-08,CNY,1480449027515.0,CNY_100M,SZSE_MARGIN_SUMMARY,SSE_MARGIN_SUMMARY,CNY,,
1445861000000.0,2925107671872.0,https://www.sse.com.cn/market/othersdata/margin/sum/,https://www.szse.cn/disclosure/margin/margin/index.html,2026-07-09,CNY,1479246671872.0,CNY_100M,SZSE_MARGIN_SUMMARY,SSE_MARGIN_SUMMARY,CNY,,
1442497000000.0,2913768507002.0,https://www.sse.com.cn/market/othersdata/margin/sum/,https://www.szse.cn/disclosure/margin/margin/index.html,2026-07-10,CNY,1471271507002.0,CNY_100M,SZSE_MARGIN_SUMMARY,SSE_MARGIN_SUMMARY,CNY,,
1422719000000.0,2880236049177.0,https://www.sse.com.cn/market/othersdata/margin/sum/,https://www.szse.cn/disclosure/margin/margin/index.html,2026-07-13,CNY,1457517049177.0,CNY_100M,SZSE_MARGIN_SUMMARY,SSE_MARGIN_SUMMARY,CNY,,
1417264000000.0,2869278185914.0,https://www.sse.com.cn/market/othersdata/margin/sum/,https://www.szse.cn/disclosure/margin/margin/index.html,2026-07-14,CNY,1452014185914.0,CNY_100M,SZSE_MARGIN_SUMMARY,SSE_MARGIN_SUMMARY,CNY,,
1412829000000.0,2857611928188.0,https://www.sse.com.cn/market/othersdata/margin/sum/,https://www.szse.cn/disclosure/margin/margin/index.html,2026-07-15,CNY,1444782928188.0,CNY_100M,SZSE_MARGIN_SUMMARY,SSE_MARGIN_SUMMARY,CNY,,
1398204000000.0,2829025453142.0,https://www.sse.com.cn/market/othersdata/margin/sum/,https://www.szse.cn/disclosure/margin/margin/index.html,2026-07-16,CNY,1430821453142.0,CNY_100M,SZSE_MARGIN_SUMMARY,SSE_MARGIN_SUMMARY,CNY,,
1356312000000.0,2749144663141.0,https://www.sse.com.cn/market/othersdata/margin/sum/,https://www.szse.cn/disclosure/margin/margin/index.html,2026-07-17,CNY,1392832663141.0,CNY_100M,SZSE_MARGIN_SUMMARY,SSE_MARGIN_SUMMARY,CNY,,
1326713000000.0,2689459855721.0,https://www.sse.com.cn/market/othersdata/margin/sum/,https://www.szse.cn/disclosure/margin/margin/index.html,2026-07-20,CNY,1362746855721.0,CNY_100M,SZSE_MARGIN_SUMMARY,SSE_MARGIN_SUMMARY,CNY,,
1325924000000.0,2689521390293.0,https://www.sse.com.cn/market/othersdata/margin/sum/,https://www.szse.cn/disclosure/margin/margin/index.html,2026-07-21,CNY,1363597390293.0,CNY_100M,SZSE_MARGIN_SUMMARY,SSE_MARGIN_SUMMARY,CNY,,
1327037000000.0,2690267592667.0,https://www.sse.com.cn/market/othersdata/margin/sum/,https://www.szse.cn/disclosure/margin/margin/index.html,2026-07-22,CNY,1363230592667.0,CNY_100M,SZSE_MARGIN_SUMMARY,SSE_MARGIN_SUMMARY,CNY,,
1321804000000.0,2680446831879.0,https://www.sse.com.cn/market/othersdata/margin/sum/,https://www.szse.cn/disclosure/margin/margin/index.html,2026-07-23,CNY,1358642831879.0,CNY_100M,SZSE_MARGIN_SUMMARY,SSE_MARGIN_SUMMARY,CNY,,
1307607000000.0,2658251344774.0,https://www.sse.com.cn/market/othersdata/margin/sum/,https://www.szse.cn/disclosure/margin/margin/index.html,2026-07-24,CNY,1350644344774.0,CNY_100M,SZSE_MARGIN_SUMMARY,SSE_MARGIN_SUMMARY,CNY,,
1303962000000.0,2668276690178.0,https://www.sse.com.cn/market/othersdata/margin/sum/,https://www.szse.cn/disclosure/margin/margin/index.html,2026-07-27,CNY,1364314690178.0,CNY_100M,SZSE_MARGIN_SUMMARY,SSE_MARGIN_SUMMARY,CNY,,
1289506000000.0,2638517533515.0,https://www.sse.com.cn/market/othersdata/margin/sum/,https://www.szse.cn/disclosure/margin/margin/index.html,2026-07-28,CNY,1349011533515.0,CNY_100M,SZSE_MARGIN_SUMMARY,SSE_MARGIN_SUMMARY,CNY,,
1276274000000.0,2612969445485.0,https://www.sse.com.cn/market/othersdata/margin/sum/,https://www.szse.cn/disclosure/margin/margin/index.html,2026-07-29,CNY,1336695445485.0,CNY_100M,SZSE_MARGIN_SUMMARY,SSE_MARGIN_SUMMARY,CNY,,
1254098000000.0,2576310164988.0,https://www.sse.com.cn/market/othersdata/margin/sum/,https://www.szse.cn/disclosure/margin/margin/index.html,2026-07-30,CNY,1322212164988.0,CNY_100M,SZSE_MARGIN_SUMMARY,SSE_MARGIN_SUMMARY,CNY,,
1253570000000.0,2580968268667.0,https://www.sse.com.cn/market/othersdata/margin/sum/,https://www.szse.cn/disclosure/margin/margin/index.html,2026-07-31,CNY,1327398268667.0,CNY_100M,SZSE_MARGIN_SUMMARY,SSE_MARGIN_SUMMARY,CNY,,
1248916000000.0,2572174064454.0,https://www.sse.com.cn/market/othersdata/margin/sum/,https://www.szse.cn/disclosure/margin/margin/index.html,2026-08-03,CNY,1323258064454.0,CNY_100M,SZSE_MARGIN_SUMMARY,SSE_MARGIN_SUMMARY,CNY,,
1254738000000.0,2584144737362.0,https://www.sse.com.cn/market/othersdata/margin/sum/,https://www.szse.cn/disclosure/margin/margin/index.html,2026-08-04,CNY,1329406737362.0,CNY_100M,SZSE_MARGIN_SUMMARY,SSE_MARGIN_SUMMARY,CNY,,
1260871000000.0,2596259902023.0,https://www.sse.com.cn/market/othersdata/margin/sum/,https://www.szse.cn/disclosure/margin/margin/index.html,2026-08-05,CNY,1335388902023.0,CNY_100M,SZSE_MARGIN_SUMMARY,SSE_MARGIN_SUMMARY,CNY,,
1266993000000.0,2607269883602.0,https://www.sse.com.cn/market/othersdata/margin/sum/,https://www.szse.cn/disclosure/margin/margin/index.html,2026-08-06,CNY,1340276883602.0,CNY_100M,SZSE_MARGIN_SUMMARY,SSE_MARGIN_SUMMARY,CNY,,
1269644000000.0,2614261540893.0,https://www.sse.com.cn/market/othersdata/margin/sum/,https://www.szse.cn/disclosure/margin/margin/index.html,2026-08-07,CNY,1344617540893.0,CNY_100M,SZSE_MARGIN_SUMMARY,SSE_MARGIN_SUMMARY,CNY,,
1278204000000.0,2628292413944.0,https://www.sse.com.cn/market/othersdata/margin/sum/,https://www.szse.cn/disclosure/margin/margin/index.html,2026-08-10,CNY,1350088413944.0,CNY_100M,SZSE_MARGIN_SUMMARY,SSE_MARGIN_SUMMARY,CNY,,
1279168000000.0,2629591724690.0,https://www.sse.com.cn/market/othersdata/margin/sum/,https://www.szse.cn/disclosure/margin/margin/index.html,2026-08-11,CNY,1350423724690.0,CNY_100M,SZSE_MARGIN_SUMMARY,SSE_MARGIN_SUMMARY,CNY,,
1283743000000.0,2638979713043.0,https://www.sse.com.cn/market/othersdata/margin/sum/,https://www.szse.cn/disclosure/margin/margin/index.html,2026-08-12,CNY,1355236713043.0,CNY_100M,SZSE_MARGIN_SUMMARY,SSE_MARGIN_SUMMARY,CNY,,
1285060000000.0,2641368222032.0,https://www.sse.com.cn/market/othersdata/margin/sum/,https://www.szse.cn/disclosure/margin/margin/index.html,2026-08-13,CNY,1356308222032.0,CNY_100M,SZSE_MARGIN_SUMMARY,SSE_MARGIN_SUMMARY,CNY,,
1284530000000.0,2639527636588.0,https://www.sse.com.cn/market/othersdata/margin/sum/,https://www.szse.cn/disclosure/margin/margin/index.html,2026-08-14,CNY,1354997636588.0,CNY_100M,SZSE_MARGIN_SUMMARY,SSE_MARGIN_SUMMARY,CNY,,
1292443000000.0,2657292998987.0,https://www.sse.com.cn/market/othersdata/margin/sum/,https://www.szse.cn/disclosure/margin/margin/index.html,2026-08-17,CNY,1364849998987.0,CNY_100M,SZSE_MARGIN_SUMMARY,SSE_MARGIN_SUMMARY,CNY,,
1295249000000.0,2662515660861.0,https://www.sse.com.cn/market/othersdata/margin/sum/,https://www.szse.cn/disclosure/margin/margin/index.html,2026-08-18,CNY,1367266660861.0,CNY_100M,SZSE_MARGIN_SUMMARY,SSE_MARGIN_SUMMARY,CNY,,
1279191000000.0,2632846859899.0,https://www.sse.com.cn/market/othersdata/margin/sum/,https://www.szse.cn/disclosure/margin/margin/index.html,2026-08-19,CNY,1353655859899.0,CNY_100M,SZSE_MARGIN_SUMMARY,SSE_MARGIN_SUMMARY,CNY,,
1278723000000.0,2631158512838.0,https://www.sse.com.cn/market/othersdata/margin/sum/,https://www.szse.cn/disclosure/margin/margin/index.html,2026-08-20,CNY,1352435512838.0,CNY_100M,SZSE_MARGIN_SUMMARY,SSE_MARGIN_SUMMARY,CNY,,
1276184000000.0,2625000378445.0,https://www.sse.com.cn/market/othersdata/margin/sum/,https://www.szse.cn/disclosure/margin/margin/index.html,2026-08-21,CNY,1348816378445.0,CNY_100M,SZSE_MARGIN_SUMMARY,SSE_MARGIN_SUMMARY,CNY,,
1274344000000.0,2620814663835.0,https://www.sse.com.cn/market/othersdata/margin/sum/,https://www.szse.cn/disclosure/margin/margin/index.html,2026-08-24,CNY,1346470663835.0,CNY_100M,SZSE_MARGIN_SUMMARY,SSE_MARGIN_SUMMARY,CNY,,
1273493000000.0,2620066687742.0,https://www.sse.com.cn/market/othersdata/margin/sum/,https://www.szse.cn/disclosure/margin/margin/index.html,2026-08-25,CNY,1346573687742.0,CNY_100M,SZSE_MARGIN_SUMMARY,SSE_MARGIN_SUMMARY,CNY,,
1272626000000.0,2616772434619.0,https://www.sse.com.cn/market/othersdata/margin/sum/,https://www.szse.cn/disclosure/margin/margin/index.html,2026-08-26,CNY,1344146434619.0,CNY_100M,SZSE_MARGIN_SUMMARY,SSE_MARGIN_SUMMARY,CNY,,
1279004000000.0,2628078928033.0,https://www.sse.com.cn/market/othersdata/margin/sum/,https://www.szse.cn/disclosure/margin/margin/index.html,2026-08-27,CNY,1349074928033.0,CNY_100M,SZSE_MARGIN_SUMMARY,SSE_MARGIN_SUMMARY,CNY,,
1278973000000.0,2621916855079.0,https://www.sse.com.cn/market/othersdata/margin/sum/,https://www.szse.cn/disclosure/margin/margin/index.html,2026-08-28,CNY,1342943855079.0,CNY_100M,SZSE_MARGIN_SUMMARY,SSE_MARGIN_SUMMARY,CNY,,
1279595000000.0,2627119292617.0,https://www.sse.com.cn/market/othersdata/margin/sum/,https://www.szse.cn/disclosure/margin/margin/index.html,2026-08-31,CNY,1347524292617.0,CNY_100M,SZSE_MARGIN_SUMMARY,SSE_MARGIN_SUMMARY,CNY,,
1281777000000.0,2628538287237.0,https://www.sse.com.cn/market/othersdata/margin/sum/,https://www.szse.cn/disclosure/margin/margin/index.html,2026-09-01,CNY,1346761287237.0,CNY_100M,SZSE_MARGIN_SUMMARY,SSE_MARGIN_SUMMARY,CNY,,
1278065000000.0,2623074259547.0,https://www.sse.com.cn/market/othersdata/margin/sum/,https://www.szse.cn/disclosure/margin/margin/index.html,2026-09-02,CNY,1345009259547.0,CNY_100M,SZSE_MARGIN_SUMMARY,SSE_MARGIN_SUMMARY,CNY,,
1276274000000.0,2619037630194.0,https://www.sse.com.cn/market/othersdata/margin/sum/,https://www.szse.cn/disclosure/margin/margin/index.html,2026-09-03,CNY,1342763630194.0,CNY_100M,SZSE_MARGIN_SUMMARY,SSE_MARGIN_SUMMARY,CNY,,
1269132000000.0,2600775107313.0,https://www.sse.com.cn/market/othersdata/margin/sum/,https://www.szse.cn/disclosure/margin/margin/index.html,2026-09-04,CNY,1331643107313.0,CNY_100M,SZSE_MARGIN_SUMMARY,SSE_MARGIN_SUMMARY,CNY,,
1272856000000.0,2612302636922.0,https://www.sse.com.cn/market/othersdata/margin/sum/,https://www.szse.cn/disclosure/margin/margin/index.html,2026-09-07,CNY,1339446636922.0,CNY_100M,SZSE_MARGIN_SUMMARY,SSE_MARGIN_SUMMARY,CNY,,
1274271000000.0,2614216793683.0,https://www.sse.com.cn/market/othersdata/margin/sum/,https://www.szse.cn/disclosure/margin/margin/index.html,2026-09-08,CNY,1339945793683.0,CNY_100M,SZSE_MARGIN_SUMMARY,SSE_MARGIN_SUMMARY,CNY,,
1273161000000.0,2611024158663.0,https://www.sse.com.cn/market/othersdata/margin/sum/,https://www.szse.cn/disclosure/margin/margin/index.html,2026-09-09,CNY,1337863158663.0,CNY_100M,SZSE_MARGIN_SUMMARY,SSE_MARGIN_SUMMARY,CNY,,
1271483000000.0,2608819851396.0,https://www.sse.com.cn/market/othersdata/margin/sum/,https://www.szse.cn/disclosure/margin/margin/index.html,2026-09-10,CNY,1337336851396.0,CNY_100M,SZSE_MARGIN_SUMMARY,SSE_MARGIN_SUMMARY,CNY,,
1263247000000.0,2594311677815.0,https://www.sse.com.cn/market/othersdata/margin/sum/,https://www.szse.cn/disclosure/margin/margin/index.html,2026-09-11,CNY,1331064677815.0,CNY_100M,SZSE_MARGIN_SUMMARY,SSE_MARGIN_SUMMARY,CNY,,
1260964000000.0,2589335718422.0,https://www.sse.com.cn/market/othersdata/margin/sum/,https://www.szse.cn/disclosure/margin/margin/index.html,2026-09-14,CNY,1328371718422.0,CNY_100M,SZSE_MARGIN_SUMMARY,SSE_MARGIN_SUMMARY,CNY,,
1261568000000.0,2590009618920.0,https://www.sse.com.cn/market/othersdata/margin/sum/,https://www.szse.cn/disclosure/margin/margin/index.html,2026-09-15,CNY,1328441618920.0,CNY_100M,SZSE_MARGIN_SUMMARY,SSE_MARGIN_SUMMARY,CNY,,
1265992000000.0,2599189305694.0,https://www.sse.com.cn/market/othersdata/margin/sum/,https://www.szse.cn/disclosure/margin/margin/index.html,2026-09-16,CNY,1333197305694.0,CNY_100M,SZSE_MARGIN_SUMMARY,SSE_MARGIN_SUMMARY,CNY,,
1267421000000.0,2601525866205.0,https://www.sse.com.cn/market/othersdata/margin/sum/,https://www.szse.cn/disclosure/margin/margin/index.html,2026-09-17,CNY,1334104866205.0,CNY_100M,SZSE_MARGIN_SUMMARY,SSE_MARGIN_SUMMARY,CNY,,
1265714000000.0,2600275902108.0,https://www.sse.com.cn/market/othersdata/margin/sum/,https://www.szse.cn/disclosure/margin/margin/index.html,2026-09-18,CNY,1334561902108.0,CNY_100M,SZSE_MARGIN_SUMMARY,SSE_MARGIN_SUMMARY,CNY,1334561902108.0,12657.14
1274557000000.0,2614447337610.0,https://www.sse.com.cn/market/othersdata/margin/sum/,https://www.szse.cn/disclosure/margin/margin/index.html,2026-09-21,CNY,1339890337610.0,CNY_100M,SZSE_MARGIN_SUMMARY,SSE_MARGIN_SUMMARY,CNY,1339890337610.0,12745.57
1277072000000.0,2617869151676.0,https://www.sse.com.cn/market/othersdata/margin/sum/,https://www.szse.cn/disclosure/margin/margin/index.html,2026-09-22,CNY,1340797151676.0,CNY_100M,SZSE_MARGIN_SUMMARY,SSE_MARGIN_SUMMARY,CNY,1340797151676.0,12770.72
1276028000000.0,2616810189632.0,https://www.sse.com.cn/market/othersdata/margin/sum/,https://www.szse.cn/disclosure/margin/margin/index.html,2026-09-23,CNY,1340782189632.0,CNY_100M,SZSE_MARGIN_SUMMARY,SSE_MARGIN_SUMMARY,CNY,1340782189632.0,12760.28
1267668000000.0,2599509736225.0,https://www.sse.com.cn/market/othersdata/margin/sum/,https://www.szse.cn/disclosure/margin/margin/index.html,2026-09-24,CNY,1331841736225.0,CNY_100M,SZSE_MARGIN_SUMMARY,SSE_MARGIN_SUMMARY,CNY,1331841736225.0,12676.68
1254750000000.0,2573518541155.0,https://www.sse.com.cn/market/othersdata/margin/sum/,https://www.szse.cn/disclosure/margin/margin/index.html,2026-09-28,CNY,1318768541155.0,CNY_100M,SZSE_MARGIN_SUMMARY,SSE_MARGIN_SUMMARY,CNY,1318768541155.0,12547.5
1251988000000.0,2571470471088.0,https://www.sse.com.cn/market/othersdata/margin/sum/,https://www.szse.cn/disclosure/margin/margin/index.html,2026-09-29,CNY,1319482471088.0,CNY_100M,SZSE_MARGIN_SUMMARY,SSE_MARGIN_SUMMARY,CNY,1319482471088.0,12519.88
