scope,amount,date,sse_a_share_turnover_yuan,szse_a_share_turnover_yuan,canonical_all_a_state
SSE_SZSE_A_SHARES,1267760102240.88,2022-01-04,510891000000.0,756869102240.88,INCOMPLETE_BSE_NOT_INCLUDED
SSE_SZSE_A_SHARES,1306983309415.79,2022-01-05,539778000000.0,767205309415.79,INCOMPLETE_BSE_NOT_INCLUDED
SSE_SZSE_A_SHARES,1139542806847.5898,2022-01-06,475585999999.99994,663956806847.59,INCOMPLETE_BSE_NOT_INCLUDED
SSE_SZSE_A_SHARES,1209069651589.33,2022-01-07,503703000000.0,705366651589.33,INCOMPLETE_BSE_NOT_INCLUDED
SSE_SZSE_A_SHARES,1054562611939.63,2022-01-10,444959000000.0,609603611939.63,INCOMPLETE_BSE_NOT_INCLUDED
SSE_SZSE_A_SHARES,1058107847828.42,2022-01-11,442301000000.0,615806847828.4199,INCOMPLETE_BSE_NOT_INCLUDED
SSE_SZSE_A_SHARES,1064479550617.93,2022-01-12,437185000000.00006,627294550617.9299,INCOMPLETE_BSE_NOT_INCLUDED
SSE_SZSE_A_SHARES,1096017850573.04,2022-01-13,457881000000.00006,638136850573.0399,INCOMPLETE_BSE_NOT_INCLUDED
SSE_SZSE_A_SHARES,1109614882158.13,2022-01-14,463964999999.99994,645649882158.13,INCOMPLETE_BSE_NOT_INCLUDED
SSE_SZSE_A_SHARES,1122168942362.4302,2022-01-17,438992000000.0,683176942362.43,INCOMPLETE_BSE_NOT_INCLUDED
SSE_SZSE_A_SHARES,1198534192172.46,2022-01-18,472371000000.0,726163192172.46,INCOMPLETE_BSE_NOT_INCLUDED
SSE_SZSE_A_SHARES,1066855155365.27,2022-01-19,421506000000.00006,645349155365.27,INCOMPLETE_BSE_NOT_INCLUDED
SSE_SZSE_A_SHARES,1132063735857.9,2022-01-20,460886000000.00006,671177735857.9,INCOMPLETE_BSE_NOT_INCLUDED
SSE_SZSE_A_SHARES,987562422149.91,2022-01-21,420485999999.99994,567076422149.91,INCOMPLETE_BSE_NOT_INCLUDED
SSE_SZSE_A_SHARES,866741787956.8201,2022-01-24,358947000000.0,507794787956.82,INCOMPLETE_BSE_NOT_INCLUDED
SSE_SZSE_A_SHARES,938695441903.71,2022-01-25,384477000000.0,554218441903.71,INCOMPLETE_BSE_NOT_INCLUDED
SSE_SZSE_A_SHARES,796320388983.56,2022-01-26,338688000000.0,457632388983.56,INCOMPLETE_BSE_NOT_INCLUDED
SSE_SZSE_A_SHARES,825498926767.1699,2022-01-27,347950000000.0,477548926767.17,INCOMPLETE_BSE_NOT_INCLUDED
SSE_SZSE_A_SHARES,819686865616.01,2022-01-28,354357000000.0,465329865616.01,INCOMPLETE_BSE_NOT_INCLUDED
SSE_SZSE_A_SHARES,824388574284.76,2022-02-07,357510000000.00006,466878574284.76,INCOMPLETE_BSE_NOT_INCLUDED
SSE_SZSE_A_SHARES,879933846109.1199,2022-02-08,388247999999.99994,491685846109.12,INCOMPLETE_BSE_NOT_INCLUDED
SSE_SZSE_A_SHARES,934483315279.81,2022-02-09,395466000000.0,539017315279.81,INCOMPLETE_BSE_NOT_INCLUDED
SSE_SZSE_A_SHARES,938773420262.74,2022-02-10,406439000000.0,532334420262.74,INCOMPLETE_BSE_NOT_INCLUDED
SSE_SZSE_A_SHARES,992404911168.43,2022-02-11,426621000000.0,565783911168.4299,INCOMPLETE_BSE_NOT_INCLUDED
SSE_SZSE_A_SHARES,864905470259.29,2022-02-14,362923000000.0,501982470259.29,INCOMPLETE_BSE_NOT_INCLUDED
SSE_SZSE_A_SHARES,828814288999.73,2022-02-15,341995000000.0,486819288999.73,INCOMPLETE_BSE_NOT_INCLUDED
SSE_SZSE_A_SHARES,808535826069.57,2022-02-16,325903000000.0,482632826069.56995,INCOMPLETE_BSE_NOT_INCLUDED
SSE_SZSE_A_SHARES,910832896834.53,2022-02-17,356374000000.0,554458896834.53,INCOMPLETE_BSE_NOT_INCLUDED
SSE_SZSE_A_SHARES,808722397094.9299,2022-02-18,327642000000.0,481080397094.93,INCOMPLETE_BSE_NOT_INCLUDED
SSE_SZSE_A_SHARES,902181551384.03,2022-02-21,345817000000.0,556364551384.03,INCOMPLETE_BSE_NOT_INCLUDED
SSE_SZSE_A_SHARES,979681692305.84,2022-02-22,388526000000.0,591155692305.84,INCOMPLETE_BSE_NOT_INCLUDED
SSE_SZSE_A_SHARES,1044802515556.26,2022-02-23,417243999999.99994,627558515556.26,INCOMPLETE_BSE_NOT_INCLUDED
SSE_SZSE_A_SHARES,1364846322468.9902,2022-02-24,570603000000.0001,794243322468.99,INCOMPLETE_BSE_NOT_INCLUDED
SSE_SZSE_A_SHARES,1020532964071.81,2022-02-25,442878000000.0,577654964071.81,INCOMPLETE_BSE_NOT_INCLUDED
SSE_SZSE_A_SHARES,951495779742.73,2022-02-28,415014000000.00006,536481779742.73,INCOMPLETE_BSE_NOT_INCLUDED
SSE_SZSE_A_SHARES,971269541322.74,2022-03-01,413693000000.0,557576541322.74,INCOMPLETE_BSE_NOT_INCLUDED
SSE_SZSE_A_SHARES,899865254615.37,2022-03-02,380707000000.0,519158254615.37,INCOMPLETE_BSE_NOT_INCLUDED
SSE_SZSE_A_SHARES,1012304454458.52,2022-03-03,444581000000.00006,567723454458.52,INCOMPLETE_BSE_NOT_INCLUDED
SSE_SZSE_A_SHARES,1007763829116.48,2022-03-04,431533000000.0,576230829116.48,INCOMPLETE_BSE_NOT_INCLUDED
SSE_SZSE_A_SHARES,1026966687361.66,2022-03-07,459207000000.0,567759687361.66,INCOMPLETE_BSE_NOT_INCLUDED
SSE_SZSE_A_SHARES,1111463786942.38,2022-03-08,486246000000.0,625217786942.38,INCOMPLETE_BSE_NOT_INCLUDED
SSE_SZSE_A_SHARES,1164361171046.42,2022-03-09,520779000000.0,643582171046.42,INCOMPLETE_BSE_NOT_INCLUDED
SSE_SZSE_A_SHARES,1083176978963.8,2022-03-10,467804000000.0,615372978963.7999,INCOMPLETE_BSE_NOT_INCLUDED
SSE_SZSE_A_SHARES,1051794261959.49,2022-03-11,459205000000.0,592589261959.49,INCOMPLETE_BSE_NOT_INCLUDED
SSE_SZSE_A_SHARES,972705440565.63,2022-03-14,418514000000.00006,554191440565.63,INCOMPLETE_BSE_NOT_INCLUDED
SSE_SZSE_A_SHARES,1126118832935.5298,2022-03-15,509095000000.0,617023832935.5299,INCOMPLETE_BSE_NOT_INCLUDED
SSE_SZSE_A_SHARES,1194535304134.31,2022-03-16,523060000000.00006,671475304134.31,INCOMPLETE_BSE_NOT_INCLUDED
SSE_SZSE_A_SHARES,1277926943056.86,2022-03-17,533476000000.0,744450943056.86,INCOMPLETE_BSE_NOT_INCLUDED
SSE_SZSE_A_SHARES,992217002439.12,2022-03-18,429222999999.99994,562994002439.12,INCOMPLETE_BSE_NOT_INCLUDED
SSE_SZSE_A_SHARES,1016703063141.79,2022-03-21,421901000000.0,594802063141.79,INCOMPLETE_BSE_NOT_INCLUDED
SSE_SZSE_A_SHARES,964317219010.02,2022-03-22,403531000000.0,560786219010.02,INCOMPLETE_BSE_NOT_INCLUDED
SSE_SZSE_A_SHARES,944848293509.88,2022-03-23,406492000000.0,538356293509.88,INCOMPLETE_BSE_NOT_INCLUDED
SSE_SZSE_A_SHARES,921638803050.73,2022-03-24,391107000000.0,530531803050.73,INCOMPLETE_BSE_NOT_INCLUDED
SSE_SZSE_A_SHARES,921963931991.39,2022-03-25,390642000000.0,531321931991.39,INCOMPLETE_BSE_NOT_INCLUDED
SSE_SZSE_A_SHARES,872171246618.3201,2022-03-28,374856000000.0,497315246618.32,INCOMPLETE_BSE_NOT_INCLUDED
SSE_SZSE_A_SHARES,867378131601.1699,2022-03-29,366833000000.0,500545131601.17,INCOMPLETE_BSE_NOT_INCLUDED
SSE_SZSE_A_SHARES,960786557210.79,2022-03-30,414427000000.00006,546359557210.79,INCOMPLETE_BSE_NOT_INCLUDED
SSE_SZSE_A_SHARES,1010556312432.75,2022-03-31,428439999999.99994,582116312432.75,INCOMPLETE_BSE_NOT_INCLUDED
SSE_SZSE_A_SHARES,936816618734.41,2022-04-01,406316000000.0,530500618734.41,INCOMPLETE_BSE_NOT_INCLUDED
SSE_SZSE_A_SHARES,966950926153.26,2022-04-06,433593000000.0,533357926153.26,INCOMPLETE_BSE_NOT_INCLUDED
SSE_SZSE_A_SHARES,923935504394.84,2022-04-07,398314000000.0,525621504394.84,INCOMPLETE_BSE_NOT_INCLUDED
SSE_SZSE_A_SHARES,928141068829.95,2022-04-08,414759000000.0,513382068829.95,INCOMPLETE_BSE_NOT_INCLUDED
SSE_SZSE_A_SHARES,964798774366.53,2022-04-11,435280000000.0,529518774366.53,INCOMPLETE_BSE_NOT_INCLUDED
SSE_SZSE_A_SHARES,918427651623.27,2022-04-12,423730000000.0,494697651623.27,INCOMPLETE_BSE_NOT_INCLUDED
SSE_SZSE_A_SHARES,874388119740.26,2022-04-13,398228000000.0,476160119740.26,INCOMPLETE_BSE_NOT_INCLUDED
SSE_SZSE_A_SHARES,871766634066.45,2022-04-14,401426000000.0,470340634066.45,INCOMPLETE_BSE_NOT_INCLUDED
SSE_SZSE_A_SHARES,912435329735.21,2022-04-15,414177000000.00006,498258329735.2099,INCOMPLETE_BSE_NOT_INCLUDED
SSE_SZSE_A_SHARES,779667949245.37,2022-04-18,367041000000.0,412626949245.37,INCOMPLETE_BSE_NOT_INCLUDED
SSE_SZSE_A_SHARES,780313038701.13,2022-04-19,363170000000.0,417143038701.13,INCOMPLETE_BSE_NOT_INCLUDED
SSE_SZSE_A_SHARES,821732247185.4,2022-04-20,373597000000.0,448135247185.4,INCOMPLETE_BSE_NOT_INCLUDED
SSE_SZSE_A_SHARES,857386572345.5701,2022-04-21,397211000000.0,460175572345.57,INCOMPLETE_BSE_NOT_INCLUDED
SSE_SZSE_A_SHARES,755270970039.22,2022-04-22,349901000000.0,405369970039.22,INCOMPLETE_BSE_NOT_INCLUDED
SSE_SZSE_A_SHARES,897602154749.97,2022-04-25,427393999999.99994,470208154749.97,INCOMPLETE_BSE_NOT_INCLUDED
SSE_SZSE_A_SHARES,839891367753.02,2022-04-26,396258999999.99994,443632367753.02,INCOMPLETE_BSE_NOT_INCLUDED
SSE_SZSE_A_SHARES,919178586825.46,2022-04-27,423167000000.0,496011586825.46,INCOMPLETE_BSE_NOT_INCLUDED
SSE_SZSE_A_SHARES,841389570314.28,2022-04-28,389197000000.0,452192570314.28,INCOMPLETE_BSE_NOT_INCLUDED
SSE_SZSE_A_SHARES,966092149989.79,2022-04-29,440700000000.0,525392149989.79,INCOMPLETE_BSE_NOT_INCLUDED
SSE_SZSE_A_SHARES,902518175497.1,2022-05-05,410164999999.99994,492353175497.1,INCOMPLETE_BSE_NOT_INCLUDED
SSE_SZSE_A_SHARES,760731709218.1599,2022-05-06,346629000000.0,414102709218.16,INCOMPLETE_BSE_NOT_INCLUDED
SSE_SZSE_A_SHARES,675404889041.18,2022-05-09,303314000000.00006,372090889041.18,INCOMPLETE_BSE_NOT_INCLUDED
SSE_SZSE_A_SHARES,849336985159.0,2022-05-10,385298000000.0,464038985159.0,INCOMPLETE_BSE_NOT_INCLUDED
SSE_SZSE_A_SHARES,1082378730056.25,2022-05-11,476133000000.0,606245730056.25,INCOMPLETE_BSE_NOT_INCLUDED
SSE_SZSE_A_SHARES,823026890172.38,2022-05-12,369681000000.0,453345890172.38,INCOMPLETE_BSE_NOT_INCLUDED
SSE_SZSE_A_SHARES,758163115612.41,2022-05-13,341675000000.0,416488115612.41,INCOMPLETE_BSE_NOT_INCLUDED
SSE_SZSE_A_SHARES,787778987952.49,2022-05-16,349933000000.0,437845987952.49005,INCOMPLETE_BSE_NOT_INCLUDED
SSE_SZSE_A_SHARES,792632642535.0701,2022-05-17,352364000000.0,440268642535.07,INCOMPLETE_BSE_NOT_INCLUDED
SSE_SZSE_A_SHARES,772574152451.3,2022-05-18,339930000000.0,432644152451.3,INCOMPLETE_BSE_NOT_INCLUDED
SSE_SZSE_A_SHARES,810236143528.3301,2022-05-19,362423000000.0,447813143528.33,INCOMPLETE_BSE_NOT_INCLUDED
SSE_SZSE_A_SHARES,922527216860.56,2022-05-20,415735000000.00006,506792216860.56,INCOMPLETE_BSE_NOT_INCLUDED
SSE_SZSE_A_SHARES,862073927702.61,2022-05-23,382096000000.0,479977927702.61,INCOMPLETE_BSE_NOT_INCLUDED
SSE_SZSE_A_SHARES,991087351631.15,2022-05-24,438998000000.00006,552089351631.15,INCOMPLETE_BSE_NOT_INCLUDED
SSE_SZSE_A_SHARES,764792210240.81,2022-05-25,343986000000.0,420806210240.81,INCOMPLETE_BSE_NOT_INCLUDED
SSE_SZSE_A_SHARES,824610739227.29,2022-05-26,378241000000.0,446369739227.2901,INCOMPLETE_BSE_NOT_INCLUDED
SSE_SZSE_A_SHARES,818448349840.38,2022-05-27,372942000000.0,445506349840.38,INCOMPLETE_BSE_NOT_INCLUDED
SSE_SZSE_A_SHARES,812127131345.52,2022-05-30,376925000000.0,435202131345.52,INCOMPLETE_BSE_NOT_INCLUDED
SSE_SZSE_A_SHARES,937103061562.65,2022-05-31,432487000000.0,504616061562.65,INCOMPLETE_BSE_NOT_INCLUDED
SSE_SZSE_A_SHARES,886830119403.8201,2022-06-01,403026000000.0,483804119403.82,INCOMPLETE_BSE_NOT_INCLUDED
SSE_SZSE_A_SHARES,892981665117.5701,2022-06-02,414253000000.0,478728665117.57,INCOMPLETE_BSE_NOT_INCLUDED
SSE_SZSE_A_SHARES,1114706068752.65,2022-06-06,517922999999.99994,596783068752.6499,INCOMPLETE_BSE_NOT_INCLUDED
SSE_SZSE_A_SHARES,1041565416946.12,2022-06-07,483095000000.0,558470416946.12,INCOMPLETE_BSE_NOT_INCLUDED
SSE_SZSE_A_SHARES,1104094922617.72,2022-06-08,509907000000.0,594187922617.72,INCOMPLETE_BSE_NOT_INCLUDED
SSE_SZSE_A_SHARES,978946188445.05,2022-06-09,468749000000.0,510197188445.05,INCOMPLETE_BSE_NOT_INCLUDED
SSE_SZSE_A_SHARES,1053241778118.45,2022-06-10,504871999999.99994,548369778118.45,INCOMPLETE_BSE_NOT_INCLUDED
SSE_SZSE_A_SHARES,1093611925500.77,2022-06-13,513682000000.0,579929925500.7699,INCOMPLETE_BSE_NOT_INCLUDED
SSE_SZSE_A_SHARES,1101037228711.44,2022-06-14,514422999999.99994,586614228711.4401,INCOMPLETE_BSE_NOT_INCLUDED
SSE_SZSE_A_SHARES,1301643650469.32,2022-06-15,623598000000.0,678045650469.3201,INCOMPLETE_BSE_NOT_INCLUDED
SSE_SZSE_A_SHARES,1084316681608.62,2022-06-16,507343999999.99994,576972681608.62,INCOMPLETE_BSE_NOT_INCLUDED
SSE_SZSE_A_SHARES,1095959677459.65,2022-06-17,498550000000.0,597409677459.65,INCOMPLETE_BSE_NOT_INCLUDED
SSE_SZSE_A_SHARES,1168314819456.57,2022-06-20,529263000000.0,639051819456.5701,INCOMPLETE_BSE_NOT_INCLUDED
SSE_SZSE_A_SHARES,1082353422805.11,2022-06-21,472435999999.99994,609917422805.11,INCOMPLETE_BSE_NOT_INCLUDED
SSE_SZSE_A_SHARES,998725469539.12,2022-06-22,442329000000.0,556396469539.12,INCOMPLETE_BSE_NOT_INCLUDED
SSE_SZSE_A_SHARES,1082436992647.31,2022-06-23,477572999999.99994,604863992647.31,INCOMPLETE_BSE_NOT_INCLUDED
SSE_SZSE_A_SHARES,1166656383255.47,2022-06-24,510465000000.00006,656191383255.47,INCOMPLETE_BSE_NOT_INCLUDED
SSE_SZSE_A_SHARES,1231945696823.4102,2022-06-27,543150000000.0,688795696823.41,INCOMPLETE_BSE_NOT_INCLUDED
SSE_SZSE_A_SHARES,1226728884671.7302,2022-06-28,528560000000.00006,698168884671.7301,INCOMPLETE_BSE_NOT_INCLUDED
SSE_SZSE_A_SHARES,1319235345848.2598,2022-06-29,562667999999.9999,756567345848.26,INCOMPLETE_BSE_NOT_INCLUDED
SSE_SZSE_A_SHARES,1162555079481.27,2022-06-30,512029000000.0,650526079481.27,INCOMPLETE_BSE_NOT_INCLUDED
SSE_SZSE_A_SHARES,1054047678817.72,2022-07-01,459004000000.0,595043678817.72,INCOMPLETE_BSE_NOT_INCLUDED
SSE_SZSE_A_SHARES,1133602111899.88,2022-07-04,490008000000.0,643594111899.88,INCOMPLETE_BSE_NOT_INCLUDED
SSE_SZSE_A_SHARES,1183481230264.62,2022-07-05,517772000000.0,665709230264.62,INCOMPLETE_BSE_NOT_INCLUDED
SSE_SZSE_A_SHARES,1089507255537.06,2022-07-06,488386000000.00006,601121255537.0599,INCOMPLETE_BSE_NOT_INCLUDED
SSE_SZSE_A_SHARES,1055178612003.85,2022-07-07,439211000000.00006,615967612003.85,INCOMPLETE_BSE_NOT_INCLUDED
SSE_SZSE_A_SHARES,1033009134219.34,2022-07-08,424449000000.0,608560134219.34,INCOMPLETE_BSE_NOT_INCLUDED
SSE_SZSE_A_SHARES,1010251388909.89,2022-07-11,425814000000.00006,584437388909.89,INCOMPLETE_BSE_NOT_INCLUDED
SSE_SZSE_A_SHARES,978305811331.55,2022-07-12,411532000000.0,566773811331.55,INCOMPLETE_BSE_NOT_INCLUDED
SSE_SZSE_A_SHARES,944360566728.45,2022-07-13,394952000000.0,549408566728.45,INCOMPLETE_BSE_NOT_INCLUDED
SSE_SZSE_A_SHARES,1029865646473.28,2022-07-14,432604000000.0,597261646473.28,INCOMPLETE_BSE_NOT_INCLUDED
SSE_SZSE_A_SHARES,1090243615968.52,2022-07-15,462169000000.00006,628074615968.52,INCOMPLETE_BSE_NOT_INCLUDED
SSE_SZSE_A_SHARES,1023899857270.7,2022-07-18,424832000000.0,599067857270.7,INCOMPLETE_BSE_NOT_INCLUDED
SSE_SZSE_A_SHARES,998745593182.23,2022-07-19,397208999999.99994,601536593182.23,INCOMPLETE_BSE_NOT_INCLUDED
SSE_SZSE_A_SHARES,955146777389.43,2022-07-20,384460000000.0,570686777389.4299,INCOMPLETE_BSE_NOT_INCLUDED
SSE_SZSE_A_SHARES,1020825239068.04,2022-07-21,421770000000.00006,599055239068.04,INCOMPLETE_BSE_NOT_INCLUDED
SSE_SZSE_A_SHARES,943037401411.27,2022-07-22,384233000000.0,558804401411.27,INCOMPLETE_BSE_NOT_INCLUDED
SSE_SZSE_A_SHARES,864093858447.77,2022-07-25,349398000000.0,514695858447.7699,INCOMPLETE_BSE_NOT_INCLUDED
SSE_SZSE_A_SHARES,836626167514.35,2022-07-26,335334000000.0,501292167514.35,INCOMPLETE_BSE_NOT_INCLUDED
SSE_SZSE_A_SHARES,870384962515.38,2022-07-27,341190000000.0,529194962515.38,INCOMPLETE_BSE_NOT_INCLUDED
SSE_SZSE_A_SHARES,1009402977769.41,2022-07-28,396718000000.0,612684977769.4099,INCOMPLETE_BSE_NOT_INCLUDED
SSE_SZSE_A_SHARES,1015967316428.9,2022-07-29,410858000000.0,605109316428.8999,INCOMPLETE_BSE_NOT_INCLUDED
SSE_SZSE_A_SHARES,995303169479.93,2022-08-01,399808000000.0,595495169479.9299,INCOMPLETE_BSE_NOT_INCLUDED
SSE_SZSE_A_SHARES,1181645070709.59,2022-08-02,476130000000.0,705515070709.5901,INCOMPLETE_BSE_NOT_INCLUDED
SSE_SZSE_A_SHARES,1117194166722.23,2022-08-03,456416000000.0,660778166722.23,INCOMPLETE_BSE_NOT_INCLUDED
SSE_SZSE_A_SHARES,901301884679.9,2022-08-04,372250000000.0,529051884679.9,INCOMPLETE_BSE_NOT_INCLUDED
SSE_SZSE_A_SHARES,997075269952.22,2022-08-05,415238000000.0,581837269952.22,INCOMPLETE_BSE_NOT_INCLUDED
SSE_SZSE_A_SHARES,954359847760.69,2022-08-08,393607000000.0,560752847760.69,INCOMPLETE_BSE_NOT_INCLUDED
SSE_SZSE_A_SHARES,954907144661.96,2022-08-09,393039000000.0,561868144661.96,INCOMPLETE_BSE_NOT_INCLUDED
SSE_SZSE_A_SHARES,968767745276.16,2022-08-10,392220000000.0,576547745276.1599,INCOMPLETE_BSE_NOT_INCLUDED
SSE_SZSE_A_SHARES,1068713833501.63,2022-08-11,428816000000.0,639897833501.63,INCOMPLETE_BSE_NOT_INCLUDED
SSE_SZSE_A_SHARES,1001213429029.88,2022-08-12,404963000000.0,596250429029.88,INCOMPLETE_BSE_NOT_INCLUDED
SSE_SZSE_A_SHARES,978213395280.47,2022-08-15,388610999999.99994,589602395280.47,INCOMPLETE_BSE_NOT_INCLUDED
SSE_SZSE_A_SHARES,1023369241153.1,2022-08-16,410257000000.0,613112241153.1,INCOMPLETE_BSE_NOT_INCLUDED
SSE_SZSE_A_SHARES,1077573316532.28,2022-08-17,425229000000.0,652344316532.28,INCOMPLETE_BSE_NOT_INCLUDED
SSE_SZSE_A_SHARES,1055812874118.0,2022-08-18,419319000000.00006,636493874118.0,INCOMPLETE_BSE_NOT_INCLUDED
SSE_SZSE_A_SHARES,1121310420248.4102,2022-08-19,458775000000.0,662535420248.41,INCOMPLETE_BSE_NOT_INCLUDED
SSE_SZSE_A_SHARES,1028693156105.02,2022-08-22,428925000000.0,599768156105.02,INCOMPLETE_BSE_NOT_INCLUDED
SSE_SZSE_A_SHARES,1005243562645.73,2022-08-23,420083000000.0,585160562645.73,INCOMPLETE_BSE_NOT_INCLUDED
SSE_SZSE_A_SHARES,1126982563910.81,2022-08-24,458782000000.0,668200563910.81,INCOMPLETE_BSE_NOT_INCLUDED
SSE_SZSE_A_SHARES,987871564998.39,2022-08-25,420299000000.0,567572564998.39,INCOMPLETE_BSE_NOT_INCLUDED
SSE_SZSE_A_SHARES,930688339661.47,2022-08-26,397921000000.0,532767339661.47,INCOMPLETE_BSE_NOT_INCLUDED
SSE_SZSE_A_SHARES,848011757395.96,2022-08-29,364776000000.0,483235757395.96,INCOMPLETE_BSE_NOT_INCLUDED
SSE_SZSE_A_SHARES,840199931937.97,2022-08-30,354560000000.0,485639931937.97,INCOMPLETE_BSE_NOT_INCLUDED
SSE_SZSE_A_SHARES,1003054781874.45,2022-08-31,431850000000.0,571204781874.4501,INCOMPLETE_BSE_NOT_INCLUDED
SSE_SZSE_A_SHARES,797507795885.73,2022-09-01,338334000000.0,459173795885.73,INCOMPLETE_BSE_NOT_INCLUDED
SSE_SZSE_A_SHARES,749076231097.17,2022-09-02,313965000000.0,435111231097.1701,INCOMPLETE_BSE_NOT_INCLUDED
SSE_SZSE_A_SHARES,771151617570.97,2022-09-05,339984000000.0,431167617570.97,INCOMPLETE_BSE_NOT_INCLUDED
SSE_SZSE_A_SHARES,871341563234.4,2022-09-06,379947000000.0,491394563234.4,INCOMPLETE_BSE_NOT_INCLUDED
SSE_SZSE_A_SHARES,876670799410.3701,2022-09-07,371991000000.00006,504679799410.37,INCOMPLETE_BSE_NOT_INCLUDED
SSE_SZSE_A_SHARES,789735055194.51,2022-09-08,329266999999.99994,460468055194.51,INCOMPLETE_BSE_NOT_INCLUDED
SSE_SZSE_A_SHARES,785177836595.45,2022-09-09,342754000000.0,442423836595.4499,INCOMPLETE_BSE_NOT_INCLUDED
SSE_SZSE_A_SHARES,774148399228.8201,2022-09-13,339929000000.0,434219399228.82,INCOMPLETE_BSE_NOT_INCLUDED
SSE_SZSE_A_SHARES,725794616019.69,2022-09-14,308666000000.0,417128616019.69,INCOMPLETE_BSE_NOT_INCLUDED
SSE_SZSE_A_SHARES,920590440358.34,2022-09-15,393126000000.0,527464440358.34,INCOMPLETE_BSE_NOT_INCLUDED
SSE_SZSE_A_SHARES,800965357452.1001,2022-09-16,356187000000.0,444778357452.1,INCOMPLETE_BSE_NOT_INCLUDED
SSE_SZSE_A_SHARES,666701561354.54,2022-09-19,290432000000.0,376269561354.54,INCOMPLETE_BSE_NOT_INCLUDED
SSE_SZSE_A_SHARES,654794931769.11,2022-09-20,270347000000.00003,384447931769.11,INCOMPLETE_BSE_NOT_INCLUDED
SSE_SZSE_A_SHARES,639124837568.81,2022-09-21,271294999999.99997,367829837568.81006,INCOMPLETE_BSE_NOT_INCLUDED
SSE_SZSE_A_SHARES,643358915470.25,2022-09-22,272094999999.99997,371263915470.25,INCOMPLETE_BSE_NOT_INCLUDED
SSE_SZSE_A_SHARES,671461204949.91,2022-09-23,288422000000.0,383039204949.91,INCOMPLETE_BSE_NOT_INCLUDED
SSE_SZSE_A_SHARES,669744876428.75,2022-09-26,293969000000.0,375775876428.75,INCOMPLETE_BSE_NOT_INCLUDED
SSE_SZSE_A_SHARES,672457297105.8201,2022-09-27,294266000000.00006,378191297105.81995,INCOMPLETE_BSE_NOT_INCLUDED
SSE_SZSE_A_SHARES,650548233380.37,2022-09-28,278334000000.0,372214233380.37,INCOMPLETE_BSE_NOT_INCLUDED
SSE_SZSE_A_SHARES,626716749287.21,2022-09-29,277548000000.0,349168749287.20996,INCOMPLETE_BSE_NOT_INCLUDED
SSE_SZSE_A_SHARES,562633851430.3501,2022-09-30,241385000000.0,321248851430.35004,INCOMPLETE_BSE_NOT_INCLUDED
SSE_SZSE_A_SHARES,628763554683.34,2022-10-10,290331000000.0,338432554683.33997,INCOMPLETE_BSE_NOT_INCLUDED
SSE_SZSE_A_SHARES,565488856346.1399,2022-10-11,247608000000.0,317880856346.13995,INCOMPLETE_BSE_NOT_INCLUDED
SSE_SZSE_A_SHARES,711805513011.12,2022-10-12,307420000000.0,404385513011.12,INCOMPLETE_BSE_NOT_INCLUDED
SSE_SZSE_A_SHARES,730797341276.76,2022-10-13,318629000000.0,412168341276.75995,INCOMPLETE_BSE_NOT_INCLUDED
SSE_SZSE_A_SHARES,862856680460.6699,2022-10-14,373068999999.99994,489787680460.67,INCOMPLETE_BSE_NOT_INCLUDED
SSE_SZSE_A_SHARES,808504391651.24,2022-10-17,349821000000.0,458683391651.24,INCOMPLETE_BSE_NOT_INCLUDED
SSE_SZSE_A_SHARES,795240306404.8401,2022-10-18,326678000000.0,468562306404.84,INCOMPLETE_BSE_NOT_INCLUDED
SSE_SZSE_A_SHARES,759269610055.1201,2022-10-19,313423000000.0,445846610055.12006,INCOMPLETE_BSE_NOT_INCLUDED
SSE_SZSE_A_SHARES,797786817919.64,2022-10-20,340623000000.0,457163817919.64,INCOMPLETE_BSE_NOT_INCLUDED
SSE_SZSE_A_SHARES,712845877672.03,2022-10-21,315266000000.0,397579877672.03,INCOMPLETE_BSE_NOT_INCLUDED
SSE_SZSE_A_SHARES,882174190611.18,2022-10-24,395217000000.0,486957190611.18005,INCOMPLETE_BSE_NOT_INCLUDED
SSE_SZSE_A_SHARES,804013669014.56,2022-10-25,338032000000.0,465981669014.56,INCOMPLETE_BSE_NOT_INCLUDED
SSE_SZSE_A_SHARES,916449618961.41,2022-10-26,373603000000.0,542846618961.41,INCOMPLETE_BSE_NOT_INCLUDED
SSE_SZSE_A_SHARES,925799664337.96,2022-10-27,381625000000.0,544174664337.96,INCOMPLETE_BSE_NOT_INCLUDED
SSE_SZSE_A_SHARES,911210191657.94,2022-10-28,385678000000.0,525532191657.94,INCOMPLETE_BSE_NOT_INCLUDED
SSE_SZSE_A_SHARES,885030521823.81,2022-10-31,397748000000.0,487282521823.81,INCOMPLETE_BSE_NOT_INCLUDED
SSE_SZSE_A_SHARES,979865269055.9,2022-11-01,432329000000.0,547536269055.9,INCOMPLETE_BSE_NOT_INCLUDED
SSE_SZSE_A_SHARES,1054238078361.66,2022-11-02,458375000000.0,595863078361.66,INCOMPLETE_BSE_NOT_INCLUDED
SSE_SZSE_A_SHARES,889494727500.23,2022-11-03,372474000000.0,517020727500.23,INCOMPLETE_BSE_NOT_INCLUDED
SSE_SZSE_A_SHARES,1083803640995.58,2022-11-04,460146000000.0,623657640995.5801,INCOMPLETE_BSE_NOT_INCLUDED
SSE_SZSE_A_SHARES,1009629129977.97,2022-11-07,426331000000.00006,583298129977.97,INCOMPLETE_BSE_NOT_INCLUDED
SSE_SZSE_A_SHARES,838264872570.89,2022-11-08,340284000000.0,497980872570.89,INCOMPLETE_BSE_NOT_INCLUDED
SSE_SZSE_A_SHARES,782048003800.6699,2022-11-09,309458000000.0,472590003800.67,INCOMPLETE_BSE_NOT_INCLUDED
SSE_SZSE_A_SHARES,845554631825.24,2022-11-10,337351000000.0,508203631825.24,INCOMPLETE_BSE_NOT_INCLUDED
SSE_SZSE_A_SHARES,1225470678141.71,2022-11-11,514432000000.00006,711038678141.71,INCOMPLETE_BSE_NOT_INCLUDED
SSE_SZSE_A_SHARES,1070064752729.55,2022-11-14,455697000000.0,614367752729.55,INCOMPLETE_BSE_NOT_INCLUDED
SSE_SZSE_A_SHARES,1061668949546.83,2022-11-15,448178000000.00006,613490949546.83,INCOMPLETE_BSE_NOT_INCLUDED
SSE_SZSE_A_SHARES,946426531396.58,2022-11-16,388530000000.0,557896531396.5801,INCOMPLETE_BSE_NOT_INCLUDED
SSE_SZSE_A_SHARES,916053019332.16,2022-11-17,378979000000.0,537074019332.16,INCOMPLETE_BSE_NOT_INCLUDED
SSE_SZSE_A_SHARES,981974113509.32,2022-11-18,390525000000.0,591449113509.32,INCOMPLETE_BSE_NOT_INCLUDED
SSE_SZSE_A_SHARES,851202313426.87,2022-11-21,345957000000.0,505245313426.87,INCOMPLETE_BSE_NOT_INCLUDED
SSE_SZSE_A_SHARES,886647362895.0701,2022-11-22,375237000000.0,511410362895.07,INCOMPLETE_BSE_NOT_INCLUDED
SSE_SZSE_A_SHARES,833181576659.8,2022-11-23,358023000000.0,475158576659.8,INCOMPLETE_BSE_NOT_INCLUDED
SSE_SZSE_A_SHARES,750840103944.19,2022-11-24,309655000000.0,441185103944.19,INCOMPLETE_BSE_NOT_INCLUDED
SSE_SZSE_A_SHARES,742763781659.55,2022-11-25,327300000000.0,415463781659.5501,INCOMPLETE_BSE_NOT_INCLUDED
SSE_SZSE_A_SHARES,760859446524.71,2022-11-28,339712000000.0,421147446524.7099,INCOMPLETE_BSE_NOT_INCLUDED
SSE_SZSE_A_SHARES,971810959039.32,2022-11-29,441128000000.00006,530682959039.31995,INCOMPLETE_BSE_NOT_INCLUDED
SSE_SZSE_A_SHARES,932757341363.43,2022-11-30,404775000000.0,527982341363.43,INCOMPLETE_BSE_NOT_INCLUDED
SSE_SZSE_A_SHARES,1062684488486.49,2022-12-01,463757000000.0,598927488486.49,INCOMPLETE_BSE_NOT_INCLUDED
SSE_SZSE_A_SHARES,867273069028.79,2022-12-02,367613000000.0,499660069028.79,INCOMPLETE_BSE_NOT_INCLUDED
SSE_SZSE_A_SHARES,1058011017049.97,2022-12-05,480376000000.0,577635017049.97,INCOMPLETE_BSE_NOT_INCLUDED
SSE_SZSE_A_SHARES,1001702369283.18,2022-12-06,436488000000.0,565214369283.1799,INCOMPLETE_BSE_NOT_INCLUDED
SSE_SZSE_A_SHARES,953113724484.99,2022-12-07,404366000000.0,548747724484.99005,INCOMPLETE_BSE_NOT_INCLUDED
SSE_SZSE_A_SHARES,875146493907.96,2022-12-08,367387000000.00006,507759493907.96,INCOMPLETE_BSE_NOT_INCLUDED
SSE_SZSE_A_SHARES,1012882047938.23,2022-12-09,449607000000.0,563275047938.2301,INCOMPLETE_BSE_NOT_INCLUDED
SSE_SZSE_A_SHARES,913601551168.06,2022-12-12,397015000000.0,516586551168.06,INCOMPLETE_BSE_NOT_INCLUDED
SSE_SZSE_A_SHARES,820794765181.85,2022-12-13,334996000000.0,485798765181.85,INCOMPLETE_BSE_NOT_INCLUDED
SSE_SZSE_A_SHARES,815310433855.14,2022-12-14,336362000000.00006,478948433855.1399,INCOMPLETE_BSE_NOT_INCLUDED
SSE_SZSE_A_SHARES,769616309396.98,2022-12-15,306619000000.0,462997309396.98,INCOMPLETE_BSE_NOT_INCLUDED
SSE_SZSE_A_SHARES,763806966861.88,2022-12-16,308111000000.0,455695966861.88,INCOMPLETE_BSE_NOT_INCLUDED
SSE_SZSE_A_SHARES,759532649221.3899,2022-12-19,309216000000.0,450316649221.3899,INCOMPLETE_BSE_NOT_INCLUDED
SSE_SZSE_A_SHARES,642134359563.15,2022-12-20,262808999999.99997,379325359563.15,INCOMPLETE_BSE_NOT_INCLUDED
SSE_SZSE_A_SHARES,577136333389.45,2022-12-21,228084000000.0,349052333389.44995,INCOMPLETE_BSE_NOT_INCLUDED
SSE_SZSE_A_SHARES,660532123733.2999,2022-12-22,268012999999.99997,392519123733.3,INCOMPLETE_BSE_NOT_INCLUDED
SSE_SZSE_A_SHARES,588610121107.84,2022-12-23,235396999999.99997,353213121107.84,INCOMPLETE_BSE_NOT_INCLUDED
SSE_SZSE_A_SHARES,627690810144.0,2022-12-26,257494000000.0,370196810144.0,INCOMPLETE_BSE_NOT_INCLUDED
SSE_SZSE_A_SHARES,673448894321.37,2022-12-27,270164000000.0,403284894321.37,INCOMPLETE_BSE_NOT_INCLUDED
SSE_SZSE_A_SHARES,654513064601.86,2022-12-28,262666999999.99997,391846064601.86,INCOMPLETE_BSE_NOT_INCLUDED
SSE_SZSE_A_SHARES,617833628303.86,2022-12-29,254811000000.0,363022628303.86,INCOMPLETE_BSE_NOT_INCLUDED
SSE_SZSE_A_SHARES,605892113887.61,2022-12-30,251321000000.0,354571113887.61,INCOMPLETE_BSE_NOT_INCLUDED
SSE_SZSE_A_SHARES,790463012864.56,2023-01-03,332349000000.0,458114012864.56,INCOMPLETE_BSE_NOT_INCLUDED
SSE_SZSE_A_SHARES,787114558311.9299,2023-01-04,317273000000.0,469841558311.93,INCOMPLETE_BSE_NOT_INCLUDED
SSE_SZSE_A_SHARES,845774776581.6,2023-01-05,337130000000.0,508644776581.6,INCOMPLETE_BSE_NOT_INCLUDED
SSE_SZSE_A_SHARES,840380042877.93,2023-01-06,339529000000.0,500851042877.93005,INCOMPLETE_BSE_NOT_INCLUDED
SSE_SZSE_A_SHARES,811886383632.11,2023-01-09,344570000000.0,467316383632.11,INCOMPLETE_BSE_NOT_INCLUDED
SSE_SZSE_A_SHARES,750692271080.78,2023-01-10,312700000000.0,437992271080.78,INCOMPLETE_BSE_NOT_INCLUDED
SSE_SZSE_A_SHARES,745140126956.0,2023-01-11,311391000000.00006,433749126956.0,INCOMPLETE_BSE_NOT_INCLUDED
SSE_SZSE_A_SHARES,683423733018.1001,2023-01-12,276281000000.0,407142733018.1,INCOMPLETE_BSE_NOT_INCLUDED
SSE_SZSE_A_SHARES,706329612733.39,2023-01-13,291152000000.0,415177612733.39,INCOMPLETE_BSE_NOT_INCLUDED
SSE_SZSE_A_SHARES,920879984597.89,2023-01-16,415818000000.0,505061984597.89,INCOMPLETE_BSE_NOT_INCLUDED
SSE_SZSE_A_SHARES,710055382641.1699,2023-01-17,304330000000.0,405725382641.17,INCOMPLETE_BSE_NOT_INCLUDED
SSE_SZSE_A_SHARES,639777013923.35,2023-01-18,268636000000.0,371141013923.35,INCOMPLETE_BSE_NOT_INCLUDED
SSE_SZSE_A_SHARES,689062830102.81,2023-01-19,298008000000.0,391054830102.81,INCOMPLETE_BSE_NOT_INCLUDED
SSE_SZSE_A_SHARES,750057140488.47,2023-01-20,329320000000.0,420737140488.47,INCOMPLETE_BSE_NOT_INCLUDED
SSE_SZSE_A_SHARES,1064484681292.32,2023-01-30,454130000000.0,610354681292.32,INCOMPLETE_BSE_NOT_INCLUDED
SSE_SZSE_A_SHARES,903039992196.96,2023-01-31,376478000000.0,526561992196.96,INCOMPLETE_BSE_NOT_INCLUDED
SSE_SZSE_A_SHARES,1007427593285.08,2023-02-01,414854000000.0,592573593285.0801,INCOMPLETE_BSE_NOT_INCLUDED
SSE_SZSE_A_SHARES,1028183799708.76,2023-02-02,431302000000.00006,596881799708.76,INCOMPLETE_BSE_NOT_INCLUDED
SSE_SZSE_A_SHARES,916333762375.27,2023-02-03,379581000000.0,536752762375.27,INCOMPLETE_BSE_NOT_INCLUDED
SSE_SZSE_A_SHARES,876156299849.31,2023-02-06,349523000000.00006,526633299849.31,INCOMPLETE_BSE_NOT_INCLUDED
SSE_SZSE_A_SHARES,847774155422.54,2023-02-07,322177000000.0,525597155422.54,INCOMPLETE_BSE_NOT_INCLUDED
SSE_SZSE_A_SHARES,806784711489.8301,2023-02-08,294430000000.0,512354711489.83,INCOMPLETE_BSE_NOT_INCLUDED
SSE_SZSE_A_SHARES,904995235665.85,2023-02-09,353293999999.99994,551701235665.85,INCOMPLETE_BSE_NOT_INCLUDED
SSE_SZSE_A_SHARES,895168620963.3201,2023-02-10,343104000000.0,552064620963.3201,INCOMPLETE_BSE_NOT_INCLUDED
SSE_SZSE_A_SHARES,982314827681.63,2023-02-13,398872000000.0,583442827681.63,INCOMPLETE_BSE_NOT_INCLUDED
SSE_SZSE_A_SHARES,917461439550.05,2023-02-14,357058000000.0,560403439550.05,INCOMPLETE_BSE_NOT_INCLUDED
SSE_SZSE_A_SHARES,939599580926.13,2023-02-15,358479000000.0,581120580926.13,INCOMPLETE_BSE_NOT_INCLUDED
SSE_SZSE_A_SHARES,1194849420280.39,2023-02-16,469112000000.0,725737420280.39,INCOMPLETE_BSE_NOT_INCLUDED
SSE_SZSE_A_SHARES,915354993918.97,2023-02-17,355951000000.0,559403993918.97,INCOMPLETE_BSE_NOT_INCLUDED
SSE_SZSE_A_SHARES,953128636200.15,2023-02-20,398779000000.0,554349636200.15,INCOMPLETE_BSE_NOT_INCLUDED
SSE_SZSE_A_SHARES,922876137421.7,2023-02-21,391450000000.0,531426137421.6999,INCOMPLETE_BSE_NOT_INCLUDED
SSE_SZSE_A_SHARES,785491409935.28,2023-02-22,321277000000.0,464214409935.28,INCOMPLETE_BSE_NOT_INCLUDED
SSE_SZSE_A_SHARES,809448530711.7799,2023-02-23,335189999999.99994,474258530711.78,INCOMPLETE_BSE_NOT_INCLUDED
SSE_SZSE_A_SHARES,727351513239.13,2023-02-24,308655000000.0,418696513239.13,INCOMPLETE_BSE_NOT_INCLUDED
SSE_SZSE_A_SHARES,756053246257.76,2023-02-27,325270000000.0,430783246257.76,INCOMPLETE_BSE_NOT_INCLUDED
SSE_SZSE_A_SHARES,759708331037.21,2023-02-28,319373000000.0,440335331037.21,INCOMPLETE_BSE_NOT_INCLUDED
SSE_SZSE_A_SHARES,923209133578.54,2023-03-01,386170000000.0,537039133578.54,INCOMPLETE_BSE_NOT_INCLUDED
SSE_SZSE_A_SHARES,937338997271.54,2023-03-02,391242000000.0,546096997271.54,INCOMPLETE_BSE_NOT_INCLUDED
SSE_SZSE_A_SHARES,870886935512.11,2023-03-03,389527000000.0,481359935512.11,INCOMPLETE_BSE_NOT_INCLUDED
SSE_SZSE_A_SHARES,953227538457.13,2023-03-06,433105000000.0,520122538457.13,INCOMPLETE_BSE_NOT_INCLUDED
SSE_SZSE_A_SHARES,934323654669.93,2023-03-07,430720000000.0,503603654669.93005,INCOMPLETE_BSE_NOT_INCLUDED
SSE_SZSE_A_SHARES,720373449368.23,2023-03-08,313582000000.0,406791449368.2301,INCOMPLETE_BSE_NOT_INCLUDED
SSE_SZSE_A_SHARES,758738783798.54,2023-03-09,329781000000.00006,428957783798.54,INCOMPLETE_BSE_NOT_INCLUDED
SSE_SZSE_A_SHARES,810946195971.91,2023-03-10,342943000000.0,468003195971.91,INCOMPLETE_BSE_NOT_INCLUDED
SSE_SZSE_A_SHARES,842284731050.4199,2023-03-13,366505000000.0,475779731050.42,INCOMPLETE_BSE_NOT_INCLUDED
SSE_SZSE_A_SHARES,933593364406.38,2023-03-14,410528000000.00006,523065364406.38,INCOMPLETE_BSE_NOT_INCLUDED
SSE_SZSE_A_SHARES,821185601703.74,2023-03-15,374738000000.0,446447601703.74,INCOMPLETE_BSE_NOT_INCLUDED
SSE_SZSE_A_SHARES,847424061161.02,2023-03-16,393559000000.0,453865061161.02,INCOMPLETE_BSE_NOT_INCLUDED
SSE_SZSE_A_SHARES,976522928193.47,2023-03-17,433743999999.99994,542778928193.47,INCOMPLETE_BSE_NOT_INCLUDED
SSE_SZSE_A_SHARES,1059587474745.5798,2023-03-20,481547999999.99994,578039474745.58,INCOMPLETE_BSE_NOT_INCLUDED
SSE_SZSE_A_SHARES,897358623033.62,2023-03-21,390822000000.0,506536623033.62,INCOMPLETE_BSE_NOT_INCLUDED
SSE_SZSE_A_SHARES,959977964369.85,2023-03-22,383483000000.0,576494964369.85,INCOMPLETE_BSE_NOT_INCLUDED
SSE_SZSE_A_SHARES,1023512995333.47,2023-03-23,428212000000.0,595300995333.47,INCOMPLETE_BSE_NOT_INCLUDED
SSE_SZSE_A_SHARES,1076764357279.97,2023-03-24,431745000000.0,645019357279.97,INCOMPLETE_BSE_NOT_INCLUDED
SSE_SZSE_A_SHARES,1144654284750.12,2023-03-27,456374000000.0,688280284750.12,INCOMPLETE_BSE_NOT_INCLUDED
SSE_SZSE_A_SHARES,1006703221791.74,2023-03-28,397988000000.0,608715221791.7401,INCOMPLETE_BSE_NOT_INCLUDED
SSE_SZSE_A_SHARES,983094433801.47,2023-03-29,406638000000.0,576456433801.47,INCOMPLETE_BSE_NOT_INCLUDED
SSE_SZSE_A_SHARES,946227558761.59,2023-03-30,402347000000.0,543880558761.59,INCOMPLETE_BSE_NOT_INCLUDED
SSE_SZSE_A_SHARES,955588955406.84,2023-03-31,397380000000.0,558208955406.84,INCOMPLETE_BSE_NOT_INCLUDED
SSE_SZSE_A_SHARES,1254870920758.91,2023-04-03,514343000000.0,740527920758.9099,INCOMPLETE_BSE_NOT_INCLUDED
SSE_SZSE_A_SHARES,1325963421182.97,2023-04-04,556329000000.0,769634421182.97,INCOMPLETE_BSE_NOT_INCLUDED
SSE_SZSE_A_SHARES,1195409582724.34,2023-04-06,507636000000.00006,687773582724.3401,INCOMPLETE_BSE_NOT_INCLUDED
SSE_SZSE_A_SHARES,1055868183841.26,2023-04-07,437205999999.99994,618662183841.26,INCOMPLETE_BSE_NOT_INCLUDED
SSE_SZSE_A_SHARES,1227508324049.86,2023-04-10,517627000000.00006,709881324049.86,INCOMPLETE_BSE_NOT_INCLUDED
SSE_SZSE_A_SHARES,1085020644954.92,2023-04-11,467895000000.0,617125644954.92,INCOMPLETE_BSE_NOT_INCLUDED
SSE_SZSE_A_SHARES,1134141586386.08,2023-04-12,483278000000.00006,650863586386.08,INCOMPLETE_BSE_NOT_INCLUDED
SSE_SZSE_A_SHARES,1140257464308.39,2023-04-13,479785000000.00006,660472464308.39,INCOMPLETE_BSE_NOT_INCLUDED
SSE_SZSE_A_SHARES,1116682651992.67,2023-04-14,479374000000.0,637308651992.67,INCOMPLETE_BSE_NOT_INCLUDED
SSE_SZSE_A_SHARES,1122533631072.53,2023-04-17,524759000000.0,597774631072.53,INCOMPLETE_BSE_NOT_INCLUDED
SSE_SZSE_A_SHARES,1061966151907.47,2023-04-18,475242000000.0,586724151907.47,INCOMPLETE_BSE_NOT_INCLUDED
SSE_SZSE_A_SHARES,1085139419831.44,2023-04-19,478142000000.0,606997419831.4401,INCOMPLETE_BSE_NOT_INCLUDED
SSE_SZSE_A_SHARES,1142167786939.72,2023-04-20,502568000000.0,639599786939.72,INCOMPLETE_BSE_NOT_INCLUDED
SSE_SZSE_A_SHARES,1219996890092.23,2023-04-21,531945000000.0,688051890092.23,INCOMPLETE_BSE_NOT_INCLUDED
SSE_SZSE_A_SHARES,1086212422263.3,2023-04-24,474458000000.0,611754422263.2999,INCOMPLETE_BSE_NOT_INCLUDED
SSE_SZSE_A_SHARES,1136563842722.9502,2023-04-25,495771000000.0,640792842722.9501,INCOMPLETE_BSE_NOT_INCLUDED
SSE_SZSE_A_SHARES,1124478853293.81,2023-04-26,481979000000.0,642499853293.8099,INCOMPLETE_BSE_NOT_INCLUDED
SSE_SZSE_A_SHARES,1047588562062.38,2023-04-27,467364999999.99994,580223562062.38,INCOMPLETE_BSE_NOT_INCLUDED
SSE_SZSE_A_SHARES,1118407784917.95,2023-04-28,515687000000.00006,602720784917.95,INCOMPLETE_BSE_NOT_INCLUDED
SSE_SZSE_A_SHARES,1173261275850.39,2023-05-04,550873000000.0,622388275850.39,INCOMPLETE_BSE_NOT_INCLUDED
SSE_SZSE_A_SHARES,1072583410137.34,2023-05-05,499623000000.00006,572960410137.34,INCOMPLETE_BSE_NOT_INCLUDED
SSE_SZSE_A_SHARES,1138669286368.5698,2023-05-08,565604000000.0,573065286368.57,INCOMPLETE_BSE_NOT_INCLUDED
SSE_SZSE_A_SHARES,1224370963387.22,2023-05-09,619972000000.0,604398963387.22,INCOMPLETE_BSE_NOT_INCLUDED
SSE_SZSE_A_SHARES,1023045143218.01,2023-05-10,490795000000.0,532250143218.01,INCOMPLETE_BSE_NOT_INCLUDED
SSE_SZSE_A_SHARES,897937117208.6101,2023-05-11,402038000000.0,495899117208.6101,INCOMPLETE_BSE_NOT_INCLUDED
SSE_SZSE_A_SHARES,851006924759.7,2023-05-12,388443000000.0,462563924759.7,INCOMPLETE_BSE_NOT_INCLUDED
SSE_SZSE_A_SHARES,940354070319.87,2023-05-15,432547000000.0,507807070319.87,INCOMPLETE_BSE_NOT_INCLUDED
SSE_SZSE_A_SHARES,869592529327.1101,2023-05-16,386654000000.0,482938529327.1101,INCOMPLETE_BSE_NOT_INCLUDED
SSE_SZSE_A_SHARES,784501349792.6599,2023-05-17,342432000000.0,442069349792.66,INCOMPLETE_BSE_NOT_INCLUDED
SSE_SZSE_A_SHARES,882643950173.39,2023-05-18,369358000000.0,513285950173.39,INCOMPLETE_BSE_NOT_INCLUDED
SSE_SZSE_A_SHARES,850838399261.8301,2023-05-19,360902000000.00006,489936399261.8299,INCOMPLETE_BSE_NOT_INCLUDED
SSE_SZSE_A_SHARES,799118066672.8,2023-05-22,344639000000.00006,454479066672.8001,INCOMPLETE_BSE_NOT_INCLUDED
SSE_SZSE_A_SHARES,767259157488.33,2023-05-23,325522000000.0,441737157488.3299,INCOMPLETE_BSE_NOT_INCLUDED
SSE_SZSE_A_SHARES,805308341337.36,2023-05-24,343507000000.0,461801341337.36,INCOMPLETE_BSE_NOT_INCLUDED
SSE_SZSE_A_SHARES,860279255771.23,2023-05-25,349961000000.0,510318255771.2301,INCOMPLETE_BSE_NOT_INCLUDED
SSE_SZSE_A_SHARES,822391953552.31,2023-05-26,334271000000.0,488120953552.31006,INCOMPLETE_BSE_NOT_INCLUDED
SSE_SZSE_A_SHARES,923813404812.55,2023-05-29,379597000000.0,544216404812.55,INCOMPLETE_BSE_NOT_INCLUDED
SSE_SZSE_A_SHARES,936177132246.94,2023-05-30,377859000000.0,558318132246.9401,INCOMPLETE_BSE_NOT_INCLUDED
SSE_SZSE_A_SHARES,941107862201.45,2023-05-31,386404000000.0,554703862201.45,INCOMPLETE_BSE_NOT_INCLUDED
SSE_SZSE_A_SHARES,988980054120.53,2023-06-01,401825000000.0,587155054120.53,INCOMPLETE_BSE_NOT_INCLUDED
SSE_SZSE_A_SHARES,942471593964.26,2023-06-02,378495000000.0,563976593964.2599,INCOMPLETE_BSE_NOT_INCLUDED
SSE_SZSE_A_SHARES,877219121387.19,2023-06-05,360135999999.99994,517083121387.19,INCOMPLETE_BSE_NOT_INCLUDED
SSE_SZSE_A_SHARES,940554593274.96,2023-06-06,388545000000.0,552009593274.9601,INCOMPLETE_BSE_NOT_INCLUDED
SSE_SZSE_A_SHARES,818142368343.12,2023-06-07,332954000000.0,485188368343.12,INCOMPLETE_BSE_NOT_INCLUDED
SSE_SZSE_A_SHARES,861855596841.8501,2023-06-08,354889000000.00006,506966596841.85,INCOMPLETE_BSE_NOT_INCLUDED
SSE_SZSE_A_SHARES,992074677190.55,2023-06-09,414426000000.0,577648677190.5499,INCOMPLETE_BSE_NOT_INCLUDED
SSE_SZSE_A_SHARES,967449763283.89,2023-06-12,404217000000.0,563232763283.89,INCOMPLETE_BSE_NOT_INCLUDED
SSE_SZSE_A_SHARES,947325742165.79,2023-06-13,380914000000.0,566411742165.79,INCOMPLETE_BSE_NOT_INCLUDED
SSE_SZSE_A_SHARES,1003032069097.01,2023-06-14,405342000000.0,597690069097.01,INCOMPLETE_BSE_NOT_INCLUDED
SSE_SZSE_A_SHARES,1076637570895.37,2023-06-15,439779000000.0,636858570895.37,INCOMPLETE_BSE_NOT_INCLUDED
SSE_SZSE_A_SHARES,1071384914246.77,2023-06-16,446891000000.0,624493914246.7699,INCOMPLETE_BSE_NOT_INCLUDED
SSE_SZSE_A_SHARES,1109474460793.11,2023-06-19,456451000000.0,653023460793.1101,INCOMPLETE_BSE_NOT_INCLUDED
SSE_SZSE_A_SHARES,1093378209882.58,2023-06-20,434582000000.0,658796209882.5801,INCOMPLETE_BSE_NOT_INCLUDED
SSE_SZSE_A_SHARES,1024552864777.87,2023-06-21,407732000000.0,616820864777.87,INCOMPLETE_BSE_NOT_INCLUDED
SSE_SZSE_A_SHARES,980489303656.94,2023-06-26,399760999999.99994,580728303656.94,INCOMPLETE_BSE_NOT_INCLUDED
SSE_SZSE_A_SHARES,848014409478.1301,2023-06-27,358685000000.00006,489329409478.13,INCOMPLETE_BSE_NOT_INCLUDED
SSE_SZSE_A_SHARES,892014487597.1699,2023-06-28,361302000000.0,530712487597.17,INCOMPLETE_BSE_NOT_INCLUDED
SSE_SZSE_A_SHARES,869767145143.3,2023-06-29,343967000000.0,525800145143.3,INCOMPLETE_BSE_NOT_INCLUDED
SSE_SZSE_A_SHARES,920784948373.14,2023-06-30,360313000000.0,560471948373.1399,INCOMPLETE_BSE_NOT_INCLUDED
SSE_SZSE_A_SHARES,1027084111824.34,2023-07-03,422319000000.00006,604765111824.34,INCOMPLETE_BSE_NOT_INCLUDED
SSE_SZSE_A_SHARES,933297335787.08,2023-07-04,389880000000.0,543417335787.08,INCOMPLETE_BSE_NOT_INCLUDED
SSE_SZSE_A_SHARES,870225624652.3601,2023-07-05,352130000000.0,518095624652.3601,INCOMPLETE_BSE_NOT_INCLUDED
SSE_SZSE_A_SHARES,825413192003.4199,2023-07-06,325427000000.0,499986192003.42,INCOMPLETE_BSE_NOT_INCLUDED
SSE_SZSE_A_SHARES,802707179836.51,2023-07-07,315219000000.0,487488179836.51,INCOMPLETE_BSE_NOT_INCLUDED
SSE_SZSE_A_SHARES,763128515001.59,2023-07-10,312435999999.99994,450692515001.59,INCOMPLETE_BSE_NOT_INCLUDED
SSE_SZSE_A_SHARES,778323340456.31,2023-07-11,313058000000.0,465265340456.31,INCOMPLETE_BSE_NOT_INCLUDED
SSE_SZSE_A_SHARES,914201886568.62,2023-07-12,366760000000.00006,547441886568.62,INCOMPLETE_BSE_NOT_INCLUDED
SSE_SZSE_A_SHARES,923848057573.55,2023-07-13,374538000000.0,549310057573.55,INCOMPLETE_BSE_NOT_INCLUDED
SSE_SZSE_A_SHARES,925782858446.91,2023-07-14,369703000000.0,556079858446.91,INCOMPLETE_BSE_NOT_INCLUDED
SSE_SZSE_A_SHARES,806219695175.73,2023-07-17,323336000000.0,482883695175.73,INCOMPLETE_BSE_NOT_INCLUDED
SSE_SZSE_A_SHARES,779821155829.69,2023-07-18,308867000000.0,470954155829.69,INCOMPLETE_BSE_NOT_INCLUDED
SSE_SZSE_A_SHARES,704684847345.25,2023-07-19,282042000000.0,422642847345.25,INCOMPLETE_BSE_NOT_INCLUDED
SSE_SZSE_A_SHARES,787487980899.2,2023-07-20,303109000000.0,484378980899.2,INCOMPLETE_BSE_NOT_INCLUDED
SSE_SZSE_A_SHARES,712941141760.79,2023-07-21,281770000000.0,431171141760.79,INCOMPLETE_BSE_NOT_INCLUDED
SSE_SZSE_A_SHARES,660865901319.62,2023-07-24,261114000000.00003,399751901319.62,INCOMPLETE_BSE_NOT_INCLUDED
SSE_SZSE_A_SHARES,952772821625.1702,2023-07-25,412136000000.00006,540636821625.1701,INCOMPLETE_BSE_NOT_INCLUDED
SSE_SZSE_A_SHARES,798590064450.53,2023-07-26,333445000000.0,465145064450.53,INCOMPLETE_BSE_NOT_INCLUDED
SSE_SZSE_A_SHARES,783660065337.97,2023-07-27,333802000000.0,449858065337.97,INCOMPLETE_BSE_NOT_INCLUDED
SSE_SZSE_A_SHARES,950897608204.16,2023-07-28,438203000000.0,512694608204.16,INCOMPLETE_BSE_NOT_INCLUDED
SSE_SZSE_A_SHARES,1106638069228.5,2023-07-31,512151000000.0,594487069228.5,INCOMPLETE_BSE_NOT_INCLUDED
SSE_SZSE_A_SHARES,958957737771.59,2023-08-01,441852000000.00006,517105737771.59,INCOMPLETE_BSE_NOT_INCLUDED
SSE_SZSE_A_SHARES,838005431707.51,2023-08-02,389285000000.0,448720431707.51,INCOMPLETE_BSE_NOT_INCLUDED
SSE_SZSE_A_SHARES,834333954656.05,2023-08-03,390135000000.0,444198954656.05,INCOMPLETE_BSE_NOT_INCLUDED
SSE_SZSE_A_SHARES,1050478603475.24,2023-08-04,497918999999.99994,552559603475.24,INCOMPLETE_BSE_NOT_INCLUDED
SSE_SZSE_A_SHARES,891261013848.73,2023-08-07,393881000000.0,497380013848.7301,INCOMPLETE_BSE_NOT_INCLUDED
SSE_SZSE_A_SHARES,800037312463.8201,2023-08-08,356396000000.0,443641312463.82,INCOMPLETE_BSE_NOT_INCLUDED
SSE_SZSE_A_SHARES,737471433606.63,2023-08-09,310161000000.0,427310433606.63,INCOMPLETE_BSE_NOT_INCLUDED
SSE_SZSE_A_SHARES,696076560083.75,2023-08-10,308325000000.0,387751560083.75,INCOMPLETE_BSE_NOT_INCLUDED
SSE_SZSE_A_SHARES,764346068403.4,2023-08-11,339699000000.0,424647068403.4,INCOMPLETE_BSE_NOT_INCLUDED
SSE_SZSE_A_SHARES,746578034733.8201,2023-08-14,323975000000.0,422603034733.82,INCOMPLETE_BSE_NOT_INCLUDED
SSE_SZSE_A_SHARES,708245723028.69,2023-08-15,301740000000.0,406505723028.69,INCOMPLETE_BSE_NOT_INCLUDED
SSE_SZSE_A_SHARES,705987192007.7899,2023-08-16,304035999999.99994,401951192007.79,INCOMPLETE_BSE_NOT_INCLUDED
SSE_SZSE_A_SHARES,743199893459.3501,2023-08-17,322867000000.0,420332893459.3501,INCOMPLETE_BSE_NOT_INCLUDED
SSE_SZSE_A_SHARES,747589785811.95,2023-08-18,322247999999.99994,425341785811.95,INCOMPLETE_BSE_NOT_INCLUDED
SSE_SZSE_A_SHARES,680377201640.1,2023-08-21,294669000000.0,385708201640.1,INCOMPLETE_BSE_NOT_INCLUDED
SSE_SZSE_A_SHARES,820999766954.58,2023-08-22,350185999999.99994,470813766954.58,INCOMPLETE_BSE_NOT_INCLUDED
SSE_SZSE_A_SHARES,707570293342.56,2023-08-23,299197000000.0,408373293342.56,INCOMPLETE_BSE_NOT_INCLUDED
SSE_SZSE_A_SHARES,787995271607.8301,2023-08-24,334135000000.00006,453860271607.83,INCOMPLETE_BSE_NOT_INCLUDED
SSE_SZSE_A_SHARES,768010787600.1799,2023-08-25,319129000000.0,448881787600.18,INCOMPLETE_BSE_NOT_INCLUDED
SSE_SZSE_A_SHARES,1128506003101.4202,2023-08-28,518137000000.00006,610369003101.42,INCOMPLETE_BSE_NOT_INCLUDED
SSE_SZSE_A_SHARES,1040076201579.58,2023-08-29,445345000000.0,594731201579.58,INCOMPLETE_BSE_NOT_INCLUDED
SSE_SZSE_A_SHARES,988112773953.12,2023-08-30,415674000000.0,572438773953.12,INCOMPLETE_BSE_NOT_INCLUDED
SSE_SZSE_A_SHARES,830973561566.8401,2023-08-31,363382000000.0,467591561566.84,INCOMPLETE_BSE_NOT_INCLUDED
SSE_SZSE_A_SHARES,746503020654.32,2023-09-01,334932000000.0,411571020654.31995,INCOMPLETE_BSE_NOT_INCLUDED
SSE_SZSE_A_SHARES,886635633954.48,2023-09-04,404829000000.0,481806633954.48,INCOMPLETE_BSE_NOT_INCLUDED
SSE_SZSE_A_SHARES,805644676172.77,2023-09-05,343325000000.0,462319676172.77,INCOMPLETE_BSE_NOT_INCLUDED
SSE_SZSE_A_SHARES,772326332106.4299,2023-09-06,324257000000.0,448069332106.43,INCOMPLETE_BSE_NOT_INCLUDED
SSE_SZSE_A_SHARES,768297455159.13,2023-09-07,317983000000.0,450314455159.13,INCOMPLETE_BSE_NOT_INCLUDED
SSE_SZSE_A_SHARES,683381085367.42,2023-09-08,270811000000.0,412570085367.42,INCOMPLETE_BSE_NOT_INCLUDED
SSE_SZSE_A_SHARES,842706254834.91,2023-09-11,352579000000.0,490127254834.91,INCOMPLETE_BSE_NOT_INCLUDED
SSE_SZSE_A_SHARES,710040172527.13,2023-09-12,282797000000.0,427243172527.13,INCOMPLETE_BSE_NOT_INCLUDED
SSE_SZSE_A_SHARES,699963796950.5701,2023-09-13,282902000000.0,417061796950.57,INCOMPLETE_BSE_NOT_INCLUDED
SSE_SZSE_A_SHARES,666918590251.14,2023-09-14,282366000000.0,384552590251.14,INCOMPLETE_BSE_NOT_INCLUDED
SSE_SZSE_A_SHARES,724103550146.77,2023-09-15,327697000000.0,396406550146.77,INCOMPLETE_BSE_NOT_INCLUDED
SSE_SZSE_A_SHARES,699817987327.94,2023-09-18,300257000000.0,399560987327.94,INCOMPLETE_BSE_NOT_INCLUDED
SSE_SZSE_A_SHARES,635842036914.76,2023-09-19,274348000000.0,361494036914.76,INCOMPLETE_BSE_NOT_INCLUDED
SSE_SZSE_A_SHARES,575162704757.34,2023-09-20,243643999999.99997,331518704757.34,INCOMPLETE_BSE_NOT_INCLUDED
SSE_SZSE_A_SHARES,580609690602.37,2023-09-21,244267000000.0,336342690602.37,INCOMPLETE_BSE_NOT_INCLUDED
SSE_SZSE_A_SHARES,768127295877.1,2023-09-22,322016000000.0,446111295877.1,INCOMPLETE_BSE_NOT_INCLUDED
SSE_SZSE_A_SHARES,720629860693.22,2023-09-25,295715000000.0,424914860693.22,INCOMPLETE_BSE_NOT_INCLUDED
SSE_SZSE_A_SHARES,668005970369.3999,2023-09-26,271256000000.0,396749970369.4,INCOMPLETE_BSE_NOT_INCLUDED
SSE_SZSE_A_SHARES,718218624668.38,2023-09-27,294451000000.0,423767624668.38,INCOMPLETE_BSE_NOT_INCLUDED
SSE_SZSE_A_SHARES,718524640204.8201,2023-09-28,289393000000.0,429131640204.82,INCOMPLETE_BSE_NOT_INCLUDED
SSE_SZSE_A_SHARES,771121672616.77,2023-10-09,302993000000.0,468128672616.77,INCOMPLETE_BSE_NOT_INCLUDED
SSE_SZSE_A_SHARES,775831937547.2,2023-10-10,294177000000.0,481654937547.2,INCOMPLETE_BSE_NOT_INCLUDED
SSE_SZSE_A_SHARES,839874804510.0701,2023-10-11,327100000000.0,512774804510.07,INCOMPLETE_BSE_NOT_INCLUDED
SSE_SZSE_A_SHARES,832648103488.22,2023-10-12,326347999999.99994,506300103488.22,INCOMPLETE_BSE_NOT_INCLUDED
SSE_SZSE_A_SHARES,810284654391.21,2023-10-13,310587000000.0,499697654391.2099,INCOMPLETE_BSE_NOT_INCLUDED
SSE_SZSE_A_SHARES,813403616827.0701,2023-10-16,314510000000.0,498893616827.07,INCOMPLETE_BSE_NOT_INCLUDED
SSE_SZSE_A_SHARES,736904325617.1399,2023-10-17,300967000000.0,435937325617.1399,INCOMPLETE_BSE_NOT_INCLUDED
SSE_SZSE_A_SHARES,768178713587.84,2023-10-18,311117000000.0,457061713587.84,INCOMPLETE_BSE_NOT_INCLUDED
SSE_SZSE_A_SHARES,813555397420.1001,2023-10-19,355681000000.0,457874397420.1,INCOMPLETE_BSE_NOT_INCLUDED
SSE_SZSE_A_SHARES,733919359816.46,2023-10-20,308102000000.0,425817359816.46,INCOMPLETE_BSE_NOT_INCLUDED
SSE_SZSE_A_SHARES,723116618679.77,2023-10-23,304603000000.0,418513618679.77,INCOMPLETE_BSE_NOT_INCLUDED
SSE_SZSE_A_SHARES,806254425564.37,2023-10-24,340756000000.0,465498425564.37,INCOMPLETE_BSE_NOT_INCLUDED
SSE_SZSE_A_SHARES,875168227330.69,2023-10-25,363466000000.0,511702227330.69,INCOMPLETE_BSE_NOT_INCLUDED
SSE_SZSE_A_SHARES,844408725253.6,2023-10-26,333322000000.0,511086725253.6,INCOMPLETE_BSE_NOT_INCLUDED
SSE_SZSE_A_SHARES,965489012742.13,2023-10-27,386322999999.99994,579166012742.13,INCOMPLETE_BSE_NOT_INCLUDED
SSE_SZSE_A_SHARES,1040319556248.3,2023-10-30,441150000000.0,599169556248.2999,INCOMPLETE_BSE_NOT_INCLUDED
SSE_SZSE_A_SHARES,919669693300.6,2023-10-31,386625000000.0,533044693300.6,INCOMPLETE_BSE_NOT_INCLUDED
SSE_SZSE_A_SHARES,813288140001.06,2023-11-01,347983000000.0,465305140001.06,INCOMPLETE_BSE_NOT_INCLUDED
SSE_SZSE_A_SHARES,768228143655.74,2023-11-02,312732000000.0,455496143655.74,INCOMPLETE_BSE_NOT_INCLUDED
SSE_SZSE_A_SHARES,810847330301.03,2023-11-03,330140000000.0,480707330301.03,INCOMPLETE_BSE_NOT_INCLUDED
SSE_SZSE_A_SHARES,1066036088908.06,2023-11-06,448172000000.0,617864088908.0599,INCOMPLETE_BSE_NOT_INCLUDED
SSE_SZSE_A_SHARES,993868284145.72,2023-11-07,401507000000.0,592361284145.7201,INCOMPLETE_BSE_NOT_INCLUDED
SSE_SZSE_A_SHARES,1038982783341.52,2023-11-08,416879000000.0,622103783341.52,INCOMPLETE_BSE_NOT_INCLUDED
SSE_SZSE_A_SHARES,965354858123.6,2023-11-09,389294000000.0,576060858123.6001,INCOMPLETE_BSE_NOT_INCLUDED
SSE_SZSE_A_SHARES,828751627878.84,2023-11-10,347531000000.0,481220627878.84,INCOMPLETE_BSE_NOT_INCLUDED
SSE_SZSE_A_SHARES,869757003263.6299,2023-11-13,344793999999.99994,524963003263.63,INCOMPLETE_BSE_NOT_INCLUDED
SSE_SZSE_A_SHARES,895889458567.42,2023-11-14,359854000000.0,536035458567.42,INCOMPLETE_BSE_NOT_INCLUDED
SSE_SZSE_A_SHARES,991530875887.0898,2023-11-15,390414999999.99994,601115875887.09,INCOMPLETE_BSE_NOT_INCLUDED
SSE_SZSE_A_SHARES,851758887305.76,2023-11-16,329807000000.0,521951887305.75995,INCOMPLETE_BSE_NOT_INCLUDED
SSE_SZSE_A_SHARES,828236185078.2,2023-11-17,329260000000.0,498976185078.2,INCOMPLETE_BSE_NOT_INCLUDED
SSE_SZSE_A_SHARES,930284496115.27,2023-11-20,367966000000.0,562318496115.27,INCOMPLETE_BSE_NOT_INCLUDED
SSE_SZSE_A_SHARES,999650892693.87,2023-11-21,392107000000.0,607543892693.87,INCOMPLETE_BSE_NOT_INCLUDED
SSE_SZSE_A_SHARES,876725288016.3501,2023-11-22,330903000000.0,545822288016.3501,INCOMPLETE_BSE_NOT_INCLUDED
SSE_SZSE_A_SHARES,825236181896.4401,2023-11-23,316087000000.00006,509149181896.44,INCOMPLETE_BSE_NOT_INCLUDED
SSE_SZSE_A_SHARES,814057732673.22,2023-11-24,311844000000.0,502213732673.22,INCOMPLETE_BSE_NOT_INCLUDED
SSE_SZSE_A_SHARES,829939330423.24,2023-11-27,351120000000.0,478819330423.24005,INCOMPLETE_BSE_NOT_INCLUDED
SSE_SZSE_A_SHARES,774152568930.11,2023-11-28,318278000000.0,455874568930.11,INCOMPLETE_BSE_NOT_INCLUDED
SSE_SZSE_A_SHARES,776639205135.3899,2023-11-29,323069000000.0,453570205135.3899,INCOMPLETE_BSE_NOT_INCLUDED
SSE_SZSE_A_SHARES,774136851717.71,2023-11-30,326902000000.0,447234851717.7099,INCOMPLETE_BSE_NOT_INCLUDED
SSE_SZSE_A_SHARES,835684671398.4202,2023-12-01,336391000000.00006,499293671398.42,INCOMPLETE_BSE_NOT_INCLUDED
SSE_SZSE_A_SHARES,852906385388.51,2023-12-04,345302000000.0,507604385388.51,INCOMPLETE_BSE_NOT_INCLUDED
SSE_SZSE_A_SHARES,823570970828.79,2023-12-05,340957000000.0,482613970828.7901,INCOMPLETE_BSE_NOT_INCLUDED
SSE_SZSE_A_SHARES,819142247700.73,2023-12-06,337462000000.0,481680247700.73,INCOMPLETE_BSE_NOT_INCLUDED
SSE_SZSE_A_SHARES,821287156245.23,2023-12-07,348698000000.0,472589156245.23,INCOMPLETE_BSE_NOT_INCLUDED
SSE_SZSE_A_SHARES,963749343172.5,2023-12-08,424177000000.00006,539572343172.5,INCOMPLETE_BSE_NOT_INCLUDED
SSE_SZSE_A_SHARES,912471415039.2,2023-12-11,405627000000.0,506844415039.2,INCOMPLETE_BSE_NOT_INCLUDED
SSE_SZSE_A_SHARES,789043655970.69,2023-12-12,334037000000.0,455006655970.69,INCOMPLETE_BSE_NOT_INCLUDED
SSE_SZSE_A_SHARES,770305692825.58,2023-12-13,332147000000.0,438158692825.58,INCOMPLETE_BSE_NOT_INCLUDED
SSE_SZSE_A_SHARES,738651213055.79,2023-12-14,313582000000.0,425069213055.79,INCOMPLETE_BSE_NOT_INCLUDED
SSE_SZSE_A_SHARES,735604642480.34,2023-12-15,323432000000.0,412172642480.34,INCOMPLETE_BSE_NOT_INCLUDED
SSE_SZSE_A_SHARES,694677343130.02,2023-12-18,306280000000.0,388397343130.02,INCOMPLETE_BSE_NOT_INCLUDED
SSE_SZSE_A_SHARES,644832425150.41,2023-12-19,284421000000.0,360411425150.41,INCOMPLETE_BSE_NOT_INCLUDED
SSE_SZSE_A_SHARES,667708988188.98,2023-12-20,294085000000.0,373623988188.98,INCOMPLETE_BSE_NOT_INCLUDED
SSE_SZSE_A_SHARES,735978767149.59,2023-12-21,318567000000.0,417411767149.59,INCOMPLETE_BSE_NOT_INCLUDED
SSE_SZSE_A_SHARES,780874031842.22,2023-12-22,328279000000.0,452595031842.22,INCOMPLETE_BSE_NOT_INCLUDED
SSE_SZSE_A_SHARES,612160131789.24,2023-12-25,264752999999.99997,347407131789.24005,INCOMPLETE_BSE_NOT_INCLUDED
SSE_SZSE_A_SHARES,612370498458.31,2023-12-26,262022000000.00003,350348498458.31,INCOMPLETE_BSE_NOT_INCLUDED
SSE_SZSE_A_SHARES,639749455044.6201,2023-12-27,280602000000.00006,359147455044.62,INCOMPLETE_BSE_NOT_INCLUDED
SSE_SZSE_A_SHARES,885953457745.4199,2023-12-28,393465000000.0,492488457745.42,INCOMPLETE_BSE_NOT_INCLUDED
SSE_SZSE_A_SHARES,823635883554.76,2023-12-29,349543000000.0,474092883554.76,INCOMPLETE_BSE_NOT_INCLUDED
SSE_SZSE_A_SHARES,789625526153.8201,2024-01-02,346731000000.00006,442894526153.82,INCOMPLETE_BSE_NOT_INCLUDED
SSE_SZSE_A_SHARES,738812072860.54,2024-01-03,321826000000.0,416986072860.54,INCOMPLETE_BSE_NOT_INCLUDED
SSE_SZSE_A_SHARES,676070684861.2999,2024-01-04,298410999999.99994,377659684861.3,INCOMPLETE_BSE_NOT_INCLUDED
SSE_SZSE_A_SHARES,737336446524.04,2024-01-05,326346000000.0,410990446524.04,INCOMPLETE_BSE_NOT_INCLUDED
SSE_SZSE_A_SHARES,658865731763.6699,2024-01-08,291084000000.0,367781731763.67,INCOMPLETE_BSE_NOT_INCLUDED
SSE_SZSE_A_SHARES,676436941639.4,2024-01-09,296105000000.0,380331941639.4,INCOMPLETE_BSE_NOT_INCLUDED
SSE_SZSE_A_SHARES,648744601562.5801,2024-01-10,282454000000.0,366290601562.58,INCOMPLETE_BSE_NOT_INCLUDED
SSE_SZSE_A_SHARES,713407905748.37,2024-01-11,299149000000.0,414258905748.37,INCOMPLETE_BSE_NOT_INCLUDED
SSE_SZSE_A_SHARES,677773141569.71,2024-01-12,283439999999.99994,394333141569.71,INCOMPLETE_BSE_NOT_INCLUDED
SSE_SZSE_A_SHARES,611830314440.8301,2024-01-15,269698000000.0,342132314440.83,INCOMPLETE_BSE_NOT_INCLUDED
SSE_SZSE_A_SHARES,687173386486.24,2024-01-16,302450000000.0,384723386486.24,INCOMPLETE_BSE_NOT_INCLUDED
SSE_SZSE_A_SHARES,638509888447.6,2024-01-17,283399000000.0,355110888447.6,INCOMPLETE_BSE_NOT_INCLUDED
SSE_SZSE_A_SHARES,867018096555.5,2024-01-18,402572000000.0,464446096555.5,INCOMPLETE_BSE_NOT_INCLUDED
SSE_SZSE_A_SHARES,667379149523.22,2024-01-19,296966000000.0,370413149523.22,INCOMPLETE_BSE_NOT_INCLUDED
SSE_SZSE_A_SHARES,795509948251.98,2024-01-22,360509000000.0,435000948251.98,INCOMPLETE_BSE_NOT_INCLUDED
SSE_SZSE_A_SHARES,707158532106.31,2024-01-23,314056000000.0,393102532106.31,INCOMPLETE_BSE_NOT_INCLUDED
SSE_SZSE_A_SHARES,768154682529.72,2024-01-24,357290000000.0,410864682529.72,INCOMPLETE_BSE_NOT_INCLUDED
SSE_SZSE_A_SHARES,893760949933.1799,2024-01-25,438872999999.99994,454887949933.18,INCOMPLETE_BSE_NOT_INCLUDED
SSE_SZSE_A_SHARES,829247343305.1699,2024-01-26,402765000000.0,426482343305.17,INCOMPLETE_BSE_NOT_INCLUDED
SSE_SZSE_A_SHARES,805564759318.27,2024-01-29,396964000000.00006,408600759318.27,INCOMPLETE_BSE_NOT_INCLUDED
SSE_SZSE_A_SHARES,664716676336.39,2024-01-30,329975000000.0,334741676336.39,INCOMPLETE_BSE_NOT_INCLUDED
SSE_SZSE_A_SHARES,758863231953.6499,2024-01-31,355764999999.99994,403098231953.65,INCOMPLETE_BSE_NOT_INCLUDED
SSE_SZSE_A_SHARES,704492625876.8799,2024-02-01,338589000000.0,365903625876.87994,INCOMPLETE_BSE_NOT_INCLUDED
SSE_SZSE_A_SHARES,806466853506.84,2024-02-02,393016000000.0,413450853506.84,INCOMPLETE_BSE_NOT_INCLUDED
SSE_SZSE_A_SHARES,878279777938.51,2024-02-05,425293999999.99994,452985777938.51,INCOMPLETE_BSE_NOT_INCLUDED
SSE_SZSE_A_SHARES,927509956169.51,2024-02-06,441702000000.00006,485807956169.51,INCOMPLETE_BSE_NOT_INCLUDED
SSE_SZSE_A_SHARES,1023444427291.73,2024-02-07,496636000000.00006,526808427291.7301,INCOMPLETE_BSE_NOT_INCLUDED
SSE_SZSE_A_SHARES,1019219522286.82,2024-02-08,484217000000.0,535002522286.81995,INCOMPLETE_BSE_NOT_INCLUDED
SSE_SZSE_A_SHARES,958176860467.49,2024-02-19,442290000000.00006,515886860467.49005,INCOMPLETE_BSE_NOT_INCLUDED
SSE_SZSE_A_SHARES,794821106571.0801,2024-02-20,361743000000.0,433078106571.08,INCOMPLETE_BSE_NOT_INCLUDED
SSE_SZSE_A_SHARES,980932436177.57,2024-02-21,451207000000.0,529725436177.57,INCOMPLETE_BSE_NOT_INCLUDED
SSE_SZSE_A_SHARES,823419997575.29,2024-02-22,365648000000.00006,457771997575.2901,INCOMPLETE_BSE_NOT_INCLUDED
SSE_SZSE_A_SHARES,922354970330.04,2024-02-23,398230000000.0,524124970330.04,INCOMPLETE_BSE_NOT_INCLUDED
SSE_SZSE_A_SHARES,990765949768.96,2024-02-26,428879000000.0,561886949768.96,INCOMPLETE_BSE_NOT_INCLUDED
SSE_SZSE_A_SHARES,993692590308.34,2024-02-27,415563000000.0,578129590308.34,INCOMPLETE_BSE_NOT_INCLUDED
SSE_SZSE_A_SHARES,1357295526269.93,2024-02-28,576667000000.0,780628526269.9299,INCOMPLETE_BSE_NOT_INCLUDED
SSE_SZSE_A_SHARES,1052947847578.67,2024-02-29,453033000000.0,599914847578.6699,INCOMPLETE_BSE_NOT_INCLUDED
SSE_SZSE_A_SHARES,1056257140588.41,2024-03-01,443338000000.0,612919140588.41,INCOMPLETE_BSE_NOT_INCLUDED
SSE_SZSE_A_SHARES,1078857816872.46,2024-03-04,462295000000.0,616562816872.4601,INCOMPLETE_BSE_NOT_INCLUDED
SSE_SZSE_A_SHARES,1069699076089.18,2024-03-05,461155999999.99994,608543076089.1799,INCOMPLETE_BSE_NOT_INCLUDED
SSE_SZSE_A_SHARES,933804590894.05,2024-03-06,402382000000.0,531422590894.05,INCOMPLETE_BSE_NOT_INCLUDED
SSE_SZSE_A_SHARES,982310648337.35,2024-03-07,423501000000.0,558809648337.35,INCOMPLETE_BSE_NOT_INCLUDED
SSE_SZSE_A_SHARES,861827411787.3201,2024-03-08,371542000000.0,490285411787.32,INCOMPLETE_BSE_NOT_INCLUDED
SSE_SZSE_A_SHARES,1006880838515.9,2024-03-11,428122000000.0,578758838515.9,INCOMPLETE_BSE_NOT_INCLUDED
SSE_SZSE_A_SHARES,1147886303900.86,2024-03-12,496013999999.99994,651872303900.86,INCOMPLETE_BSE_NOT_INCLUDED
SSE_SZSE_A_SHARES,1056570455056.13,2024-03-13,443268000000.0,613302455056.13,INCOMPLETE_BSE_NOT_INCLUDED
SSE_SZSE_A_SHARES,1010075957370.06,2024-03-14,438382000000.0,571693957370.06,INCOMPLETE_BSE_NOT_INCLUDED
SSE_SZSE_A_SHARES,945271702110.43,2024-03-15,406039999999.99994,539231702110.43,INCOMPLETE_BSE_NOT_INCLUDED
SSE_SZSE_A_SHARES,1138652601250.4,2024-03-18,485839000000.00006,652813601250.4,INCOMPLETE_BSE_NOT_INCLUDED
SSE_SZSE_A_SHARES,1078701885844.06,2024-03-19,447388000000.0,631313885844.0599,INCOMPLETE_BSE_NOT_INCLUDED
SSE_SZSE_A_SHARES,1002005788571.32,2024-03-20,408438000000.0,593567788571.3201,INCOMPLETE_BSE_NOT_INCLUDED
SSE_SZSE_A_SHARES,1068369039905.1802,2024-03-21,437756000000.00006,630613039905.18,INCOMPLETE_BSE_NOT_INCLUDED
SSE_SZSE_A_SHARES,1098414056296.46,2024-03-22,457120000000.0,641294056296.46,INCOMPLETE_BSE_NOT_INCLUDED
SSE_SZSE_A_SHARES,1045242379899.87,2024-03-25,444786000000.00006,600456379899.87,INCOMPLETE_BSE_NOT_INCLUDED
SSE_SZSE_A_SHARES,958240551211.83,2024-03-26,398009000000.0,560231551211.83,INCOMPLETE_BSE_NOT_INCLUDED
SSE_SZSE_A_SHARES,890215145958.28,2024-03-27,376946000000.0,513269145958.28,INCOMPLETE_BSE_NOT_INCLUDED
SSE_SZSE_A_SHARES,933426669740.35,2024-03-28,393088000000.0,540338669740.35,INCOMPLETE_BSE_NOT_INCLUDED
SSE_SZSE_A_SHARES,859936344729.8501,2024-03-29,365689000000.0,494247344729.8501,INCOMPLETE_BSE_NOT_INCLUDED
SSE_SZSE_A_SHARES,1000699432023.61,2024-04-01,421846000000.0,578853432023.61,INCOMPLETE_BSE_NOT_INCLUDED
SSE_SZSE_A_SHARES,970681121780.43,2024-04-02,399141000000.0,571540121780.4299,INCOMPLETE_BSE_NOT_INCLUDED
SSE_SZSE_A_SHARES,919310480032.05,2024-04-03,393758999999.99994,525551480032.05,INCOMPLETE_BSE_NOT_INCLUDED
SSE_SZSE_A_SHARES,931945787295.87,2024-04-08,422105000000.0,509840787295.87,INCOMPLETE_BSE_NOT_INCLUDED
SSE_SZSE_A_SHARES,796757458770.87,2024-04-09,347914000000.0,448843458770.87,INCOMPLETE_BSE_NOT_INCLUDED
SSE_SZSE_A_SHARES,830720518597.63,2024-04-10,365014000000.0,465706518597.63,INCOMPLETE_BSE_NOT_INCLUDED
SSE_SZSE_A_SHARES,813211942045.56,2024-04-11,364358000000.0,448853942045.56,INCOMPLETE_BSE_NOT_INCLUDED
SSE_SZSE_A_SHARES,810673889730.78,2024-04-12,363248000000.0,447425889730.78,INCOMPLETE_BSE_NOT_INCLUDED
SSE_SZSE_A_SHARES,997922122766.66,2024-04-15,460353000000.0,537569122766.66,INCOMPLETE_BSE_NOT_INCLUDED
SSE_SZSE_A_SHARES,949883403787.33,2024-04-16,437126000000.0,512757403787.33,INCOMPLETE_BSE_NOT_INCLUDED
SSE_SZSE_A_SHARES,919746966363.92,2024-04-17,416726999999.99994,503019966363.92,INCOMPLETE_BSE_NOT_INCLUDED
SSE_SZSE_A_SHARES,950115833191.1802,2024-04-18,441677000000.00006,508438833191.18005,INCOMPLETE_BSE_NOT_INCLUDED
SSE_SZSE_A_SHARES,861062128449.5901,2024-04-19,396689000000.0,464373128449.59,INCOMPLETE_BSE_NOT_INCLUDED
SSE_SZSE_A_SHARES,822781765485.56,2024-04-22,382533000000.00006,440248765485.56,INCOMPLETE_BSE_NOT_INCLUDED
SSE_SZSE_A_SHARES,776921287223.47,2024-04-23,349538000000.0,427383287223.47,INCOMPLETE_BSE_NOT_INCLUDED
SSE_SZSE_A_SHARES,796633684378.48,2024-04-24,335649000000.0,460984684378.48,INCOMPLETE_BSE_NOT_INCLUDED
SSE_SZSE_A_SHARES,775323379903.0,2024-04-25,316221000000.0,459102379903.0,INCOMPLETE_BSE_NOT_INCLUDED
SSE_SZSE_A_SHARES,1087519766019.01,2024-04-26,484937999999.99994,602581766019.01,INCOMPLETE_BSE_NOT_INCLUDED
SSE_SZSE_A_SHARES,1212097301144.1,2024-04-29,555096000000.0,657001301144.1,INCOMPLETE_BSE_NOT_INCLUDED
SSE_SZSE_A_SHARES,1032059552853.65,2024-04-30,474493999999.99994,557565552853.6499,INCOMPLETE_BSE_NOT_INCLUDED
SSE_SZSE_A_SHARES,1103414083688.05,2024-05-06,511607000000.0,591807083688.05,INCOMPLETE_BSE_NOT_INCLUDED
SSE_SZSE_A_SHARES,972450148752.4,2024-05-07,428938000000.0,543512148752.4,INCOMPLETE_BSE_NOT_INCLUDED
SSE_SZSE_A_SHARES,865328486826.13,2024-05-08,367649000000.0,497679486826.13,INCOMPLETE_BSE_NOT_INCLUDED
SSE_SZSE_A_SHARES,902530550570.67,2024-05-09,399942000000.0,502588550570.6701,INCOMPLETE_BSE_NOT_INCLUDED
SSE_SZSE_A_SHARES,913473509912.48,2024-05-10,407126000000.0,506347509912.48,INCOMPLETE_BSE_NOT_INCLUDED
SSE_SZSE_A_SHARES,910603590774.89,2024-05-13,426126999999.99994,484476590774.89,INCOMPLETE_BSE_NOT_INCLUDED
SSE_SZSE_A_SHARES,826460686164.64,2024-05-14,371120000000.0,455340686164.64,INCOMPLETE_BSE_NOT_INCLUDED
SSE_SZSE_A_SHARES,761407016044.1799,2024-05-15,333082000000.0,428325016044.18,INCOMPLETE_BSE_NOT_INCLUDED
SSE_SZSE_A_SHARES,848373142534.69,2024-05-16,377834000000.0,470539142534.68994,INCOMPLETE_BSE_NOT_INCLUDED
SSE_SZSE_A_SHARES,888178559523.8601,2024-05-17,390083000000.00006,498095559523.86,INCOMPLETE_BSE_NOT_INCLUDED
SSE_SZSE_A_SHARES,996221670108.07,2024-05-20,449351000000.0,546870670108.06995,INCOMPLETE_BSE_NOT_INCLUDED
SSE_SZSE_A_SHARES,799653505564.61,2024-05-21,346791000000.0,452862505564.61,INCOMPLETE_BSE_NOT_INCLUDED
SSE_SZSE_A_SHARES,831945946449.94,2024-05-22,364357000000.0,467588946449.94,INCOMPLETE_BSE_NOT_INCLUDED
SSE_SZSE_A_SHARES,848376703140.63,2024-05-23,357031000000.0,491345703140.63,INCOMPLETE_BSE_NOT_INCLUDED
SSE_SZSE_A_SHARES,764432784037.47,2024-05-24,323096000000.0,441336784037.47,INCOMPLETE_BSE_NOT_INCLUDED
SSE_SZSE_A_SHARES,775878151857.5701,2024-05-27,346151000000.0,429727151857.57,INCOMPLETE_BSE_NOT_INCLUDED
SSE_SZSE_A_SHARES,742257975287.89,2024-05-28,321397000000.0,420860975287.89,INCOMPLETE_BSE_NOT_INCLUDED
SSE_SZSE_A_SHARES,708956079665.2999,2024-05-29,297833999999.99994,411122079665.3,INCOMPLETE_BSE_NOT_INCLUDED
SSE_SZSE_A_SHARES,723783072392.85,2024-05-30,318693000000.0,405090072392.85,INCOMPLETE_BSE_NOT_INCLUDED
SSE_SZSE_A_SHARES,715950450260.48,2024-05-31,301697000000.0,414253450260.48,INCOMPLETE_BSE_NOT_INCLUDED
SSE_SZSE_A_SHARES,832232736423.0701,2024-06-03,368782000000.0,463450736423.07,INCOMPLETE_BSE_NOT_INCLUDED
SSE_SZSE_A_SHARES,746193123736.24,2024-06-04,325796000000.0,420397123736.24005,INCOMPLETE_BSE_NOT_INCLUDED
SSE_SZSE_A_SHARES,689653130124.62,2024-06-05,299856000000.0,389797130124.62,INCOMPLETE_BSE_NOT_INCLUDED
SSE_SZSE_A_SHARES,846579002729.55,2024-06-06,371616000000.0,474963002729.55,INCOMPLETE_BSE_NOT_INCLUDED
SSE_SZSE_A_SHARES,717141193778.3999,2024-06-07,319140000000.0,398001193778.4,INCOMPLETE_BSE_NOT_INCLUDED
SSE_SZSE_A_SHARES,703324113771.23,2024-06-11,332977000000.0,370347113771.23,INCOMPLETE_BSE_NOT_INCLUDED
SSE_SZSE_A_SHARES,692737314504.77,2024-06-12,312684000000.0,380053314504.7699,INCOMPLETE_BSE_NOT_INCLUDED
SSE_SZSE_A_SHARES,753675471818.4401,2024-06-13,337881000000.00006,415794471818.44,INCOMPLETE_BSE_NOT_INCLUDED
SSE_SZSE_A_SHARES,848985801354.3601,2024-06-14,396918000000.0,452067801354.3601,INCOMPLETE_BSE_NOT_INCLUDED
SSE_SZSE_A_SHARES,752458629817.6799,2024-06-17,338591000000.0,413867629817.68,INCOMPLETE_BSE_NOT_INCLUDED
SSE_SZSE_A_SHARES,738260564768.28,2024-06-18,317972000000.0,420288564768.28,INCOMPLETE_BSE_NOT_INCLUDED
SSE_SZSE_A_SHARES,705393110387.65,2024-06-19,300646000000.0,404747110387.65,INCOMPLETE_BSE_NOT_INCLUDED
SSE_SZSE_A_SHARES,724988577150.72,2024-06-20,324495000000.0,400493577150.72,INCOMPLETE_BSE_NOT_INCLUDED
SSE_SZSE_A_SHARES,620453197691.9299,2024-06-21,280953000000.0,339500197691.93,INCOMPLETE_BSE_NOT_INCLUDED
SSE_SZSE_A_SHARES,696023870038.5801,2024-06-24,318688000000.0,377335870038.58,INCOMPLETE_BSE_NOT_INCLUDED
SSE_SZSE_A_SHARES,648821774010.99,2024-06-25,296913000000.0,351908774010.99,INCOMPLETE_BSE_NOT_INCLUDED
SSE_SZSE_A_SHARES,644276114939.26,2024-06-26,276596000000.0,367680114939.26,INCOMPLETE_BSE_NOT_INCLUDED
SSE_SZSE_A_SHARES,626914836915.58,2024-06-27,267089000000.0,359825836915.57996,INCOMPLETE_BSE_NOT_INCLUDED
SSE_SZSE_A_SHARES,706952816828.51,2024-06-28,316941000000.00006,390011816828.51,INCOMPLETE_BSE_NOT_INCLUDED
SSE_SZSE_A_SHARES,658761099469.26,2024-07-01,294623000000.0,364138099469.26,INCOMPLETE_BSE_NOT_INCLUDED
SSE_SZSE_A_SHARES,646014369010.4,2024-07-02,283583000000.0,362431369010.4,INCOMPLETE_BSE_NOT_INCLUDED
SSE_SZSE_A_SHARES,581460697083.11,2024-07-03,258835999999.99997,322624697083.11005,INCOMPLETE_BSE_NOT_INCLUDED
SSE_SZSE_A_SHARES,583608204474.01,2024-07-04,259192000000.0,324416204474.01,INCOMPLETE_BSE_NOT_INCLUDED
SSE_SZSE_A_SHARES,575369783160.79,2024-07-05,271903000000.00003,303466783160.79,INCOMPLETE_BSE_NOT_INCLUDED
SSE_SZSE_A_SHARES,582506322135.12,2024-07-08,271151000000.00003,311355322135.12,INCOMPLETE_BSE_NOT_INCLUDED
SSE_SZSE_A_SHARES,725074269853.64,2024-07-09,320748000000.0,404326269853.64,INCOMPLETE_BSE_NOT_INCLUDED
SSE_SZSE_A_SHARES,678181504591.51,2024-07-10,306175000000.0,372006504591.51,INCOMPLETE_BSE_NOT_INCLUDED
SSE_SZSE_A_SHARES,787402491576.27,2024-07-11,337910000000.0,449492491576.27,INCOMPLETE_BSE_NOT_INCLUDED
SSE_SZSE_A_SHARES,687424665078.13,2024-07-12,302715000000.0,384709665078.13,INCOMPLETE_BSE_NOT_INCLUDED
SSE_SZSE_A_SHARES,602294933166.6,2024-07-15,268729000000.0,333565933166.6,INCOMPLETE_BSE_NOT_INCLUDED
SSE_SZSE_A_SHARES,641005314214.45,2024-07-16,279288000000.0,361717314214.45,INCOMPLETE_BSE_NOT_INCLUDED
SSE_SZSE_A_SHARES,675567359296.6599,2024-07-17,305564999999.99994,370002359296.66,INCOMPLETE_BSE_NOT_INCLUDED
SSE_SZSE_A_SHARES,672572298700.64,2024-07-18,301429000000.0,371143298700.64,INCOMPLETE_BSE_NOT_INCLUDED
SSE_SZSE_A_SHARES,670174648290.63,2024-07-19,319381000000.0,350793648290.63,INCOMPLETE_BSE_NOT_INCLUDED
SSE_SZSE_A_SHARES,656926139114.69,2024-07-22,316568000000.0,340358139114.69,INCOMPLETE_BSE_NOT_INCLUDED
SSE_SZSE_A_SHARES,662889139604.53,2024-07-23,307564000000.0,355325139604.53,INCOMPLETE_BSE_NOT_INCLUDED
SSE_SZSE_A_SHARES,628459014286.6699,2024-07-24,289542000000.0,338917014286.67,INCOMPLETE_BSE_NOT_INCLUDED
SSE_SZSE_A_SHARES,589530509439.29,2024-07-25,273937000000.0,315593509439.29,INCOMPLETE_BSE_NOT_INCLUDED
SSE_SZSE_A_SHARES,607207583188.1799,2024-07-26,276225000000.0,330982583188.18,INCOMPLETE_BSE_NOT_INCLUDED
SSE_SZSE_A_SHARES,586810826527.7799,2024-07-29,260587999999.99997,326222826527.77997,INCOMPLETE_BSE_NOT_INCLUDED
SSE_SZSE_A_SHARES,600676799099.04,2024-07-30,270084000000.0,330592799099.04,INCOMPLETE_BSE_NOT_INCLUDED
SSE_SZSE_A_SHARES,904410395188.94,2024-07-31,419504000000.0,484906395188.94,INCOMPLETE_BSE_NOT_INCLUDED
SSE_SZSE_A_SHARES,783543271574.82,2024-08-01,353458999999.99994,430084271574.82,INCOMPLETE_BSE_NOT_INCLUDED
SSE_SZSE_A_SHARES,723092793845.76,2024-08-02,315333000000.0,407759793845.76,INCOMPLETE_BSE_NOT_INCLUDED
SSE_SZSE_A_SHARES,791053422218.7,2024-08-05,356903000000.0,434150422218.7,INCOMPLETE_BSE_NOT_INCLUDED
SSE_SZSE_A_SHARES,654848237174.3701,2024-08-06,296149000000.0,358699237174.37006,INCOMPLETE_BSE_NOT_INCLUDED
SSE_SZSE_A_SHARES,592347901766.19,2024-08-07,263910000000.0,328437901766.19,INCOMPLETE_BSE_NOT_INCLUDED
SSE_SZSE_A_SHARES,620304430389.7,2024-08-08,271427000000.0,348877430389.7,INCOMPLETE_BSE_NOT_INCLUDED
SSE_SZSE_A_SHARES,563802069588.9401,2024-08-09,253424000000.00003,310378069588.94,INCOMPLETE_BSE_NOT_INCLUDED
SSE_SZSE_A_SHARES,496172760690.3299,2024-08-12,217776000000.00003,278396760690.32996,INCOMPLETE_BSE_NOT_INCLUDED
SSE_SZSE_A_SHARES,477907345790.89,2024-08-13,211158000000.0,266749345790.89,INCOMPLETE_BSE_NOT_INCLUDED
SSE_SZSE_A_SHARES,477743174581.97,2024-08-14,207596000000.0,270147174581.97,INCOMPLETE_BSE_NOT_INCLUDED
SSE_SZSE_A_SHARES,592688261615.58,2024-08-15,255615000000.0,337073261615.57996,INCOMPLETE_BSE_NOT_INCLUDED
SSE_SZSE_A_SHARES,592329087789.64,2024-08-16,244059000000.0,348270087789.64,INCOMPLETE_BSE_NOT_INCLUDED
SSE_SZSE_A_SHARES,571101832416.95,2024-08-19,243213000000.0,327888832416.95,INCOMPLETE_BSE_NOT_INCLUDED
SSE_SZSE_A_SHARES,558157844832.31,2024-08-20,237564000000.0,320593844832.31,INCOMPLETE_BSE_NOT_INCLUDED
SSE_SZSE_A_SHARES,509883671013.43,2024-08-21,210077000000.0,299806671013.43,INCOMPLETE_BSE_NOT_INCLUDED
SSE_SZSE_A_SHARES,549881525160.85,2024-08-22,230484000000.0,319397525160.85,INCOMPLETE_BSE_NOT_INCLUDED
SSE_SZSE_A_SHARES,510868311361.6999,2024-08-23,215073999999.99997,295794311361.7,INCOMPLETE_BSE_NOT_INCLUDED
SSE_SZSE_A_SHARES,527164567717.05,2024-08-26,217158000000.0,310006567717.05,INCOMPLETE_BSE_NOT_INCLUDED
SSE_SZSE_A_SHARES,511571546067.6499,2024-08-27,215666000000.0,295905546067.64996,INCOMPLETE_BSE_NOT_INCLUDED
SSE_SZSE_A_SHARES,497175169620.42,2024-08-28,213984000000.0,283191169620.42004,INCOMPLETE_BSE_NOT_INCLUDED
SSE_SZSE_A_SHARES,608312642874.41,2024-08-29,258222999999.99997,350089642874.41003,INCOMPLETE_BSE_NOT_INCLUDED
SSE_SZSE_A_SHARES,877209750104.98,2024-08-30,384547999999.99994,492661750104.98,INCOMPLETE_BSE_NOT_INCLUDED
SSE_SZSE_A_SHARES,706577178553.79,2024-09-02,315421000000.0,391156178553.7901,INCOMPLETE_BSE_NOT_INCLUDED
SSE_SZSE_A_SHARES,584973321077.5901,2024-09-03,256991000000.0,327982321077.59,INCOMPLETE_BSE_NOT_INCLUDED
SSE_SZSE_A_SHARES,559930673322.21,2024-09-04,235009000000.0,324921673322.20996,INCOMPLETE_BSE_NOT_INCLUDED
SSE_SZSE_A_SHARES,535488865257.95,2024-09-05,227860000000.0,307628865257.95,INCOMPLETE_BSE_NOT_INCLUDED
SSE_SZSE_A_SHARES,542809454095.5901,2024-09-06,228630000000.00003,314179454095.59,INCOMPLETE_BSE_NOT_INCLUDED
SSE_SZSE_A_SHARES,521073700165.66,2024-09-09,238927000000.0,282146700165.66,INCOMPLETE_BSE_NOT_INCLUDED
SSE_SZSE_A_SHARES,528181882405.69,2024-09-10,226681000000.0,301500882405.69,INCOMPLETE_BSE_NOT_INCLUDED
SSE_SZSE_A_SHARES,499825091812.0299,2024-09-11,219869999999.99997,279955091812.02997,INCOMPLETE_BSE_NOT_INCLUDED
SSE_SZSE_A_SHARES,516632794097.5,2024-09-12,219527999999.99997,297104794097.5,INCOMPLETE_BSE_NOT_INCLUDED
SSE_SZSE_A_SHARES,525422336914.18005,2024-09-13,228105000000.00003,297317336914.18,INCOMPLETE_BSE_NOT_INCLUDED
SSE_SZSE_A_SHARES,480090440641.31,2024-09-18,213741000000.0,266349440641.31,INCOMPLETE_BSE_NOT_INCLUDED
SSE_SZSE_A_SHARES,627659278245.96,2024-09-19,280962000000.0,346697278245.96,INCOMPLETE_BSE_NOT_INCLUDED
SSE_SZSE_A_SHARES,575339999901.9299,2024-09-20,255931000000.0,319408999901.93,INCOMPLETE_BSE_NOT_INCLUDED
SSE_SZSE_A_SHARES,551856577658.39,2024-09-23,235846000000.0,316010577658.39,INCOMPLETE_BSE_NOT_INCLUDED
SSE_SZSE_A_SHARES,972679628361.17,2024-09-24,443734000000.0,528945628361.17,INCOMPLETE_BSE_NOT_INCLUDED
SSE_SZSE_A_SHARES,1157886151556.6902,2024-09-25,517144000000.00006,640742151556.6901,INCOMPLETE_BSE_NOT_INCLUDED
SSE_SZSE_A_SHARES,1164457656826.44,2024-09-26,525438999999.99994,639018656826.4401,INCOMPLETE_BSE_NOT_INCLUDED
SSE_SZSE_A_SHARES,1446328947417.52,2024-09-27,480740000000.00006,965588947417.52,INCOMPLETE_BSE_NOT_INCLUDED
SSE_SZSE_A_SHARES,2593385249829.8203,2024-09-30,1167749000000.0,1425636249829.82,INCOMPLETE_BSE_NOT_INCLUDED
SSE_SZSE_A_SHARES,3453416735975.7803,2024-10-08,1510431000000.0002,1942985735975.78,INCOMPLETE_BSE_NOT_INCLUDED
SSE_SZSE_A_SHARES,2940287121373.4297,2024-10-09,1264372000000.0,1675915121373.43,INCOMPLETE_BSE_NOT_INCLUDED
SSE_SZSE_A_SHARES,2144925821581.58,2024-10-10,948853000000.0,1196072821581.5798,INCOMPLETE_BSE_NOT_INCLUDED
SSE_SZSE_A_SHARES,1573153425771.24,2024-10-11,664389000000.0,908764425771.24,INCOMPLETE_BSE_NOT_INCLUDED
SSE_SZSE_A_SHARES,1636211999089.42,2024-10-14,702024000000.0,934187999089.42,INCOMPLETE_BSE_NOT_INCLUDED
SSE_SZSE_A_SHARES,1636043463780.7798,2024-10-15,619603000000.0,1016440463780.78,INCOMPLETE_BSE_NOT_INCLUDED
SSE_SZSE_A_SHARES,1376443610363.24,2024-10-16,533645000000.00006,842798610363.24,INCOMPLETE_BSE_NOT_INCLUDED
SSE_SZSE_A_SHARES,1492083451886.03,2024-10-17,557771000000.0,934312451886.03,INCOMPLETE_BSE_NOT_INCLUDED
SSE_SZSE_A_SHARES,2098478657649.5496,2024-10-18,828493000000.0,1269985657649.5498,INCOMPLETE_BSE_NOT_INCLUDED
SSE_SZSE_A_SHARES,2185592937431.8096,2024-10-21,855967000000.0,1329625937431.8098,INCOMPLETE_BSE_NOT_INCLUDED
SSE_SZSE_A_SHARES,1913554826613.73,2024-10-22,699588000000.0,1213966826613.73,INCOMPLETE_BSE_NOT_INCLUDED
SSE_SZSE_A_SHARES,1928475847164.3,2024-10-23,760896000000.0,1167579847164.3,INCOMPLETE_BSE_NOT_INCLUDED
SSE_SZSE_A_SHARES,1521599074152.92,2024-10-24,585655000000.0,935944074152.92,INCOMPLETE_BSE_NOT_INCLUDED
SSE_SZSE_A_SHARES,1773699288465.95,2024-10-25,678004000000.0,1095695288465.95,INCOMPLETE_BSE_NOT_INCLUDED
SSE_SZSE_A_SHARES,1865015068484.54,2024-10-28,718562999999.9999,1146452068484.54,INCOMPLETE_BSE_NOT_INCLUDED
SSE_SZSE_A_SHARES,2063054020750.6704,2024-10-29,806948000000.0,1256106020750.6702,INCOMPLETE_BSE_NOT_INCLUDED
SSE_SZSE_A_SHARES,1847495867673.85,2024-10-30,731101000000.0,1116394867673.85,INCOMPLETE_BSE_NOT_INCLUDED
SSE_SZSE_A_SHARES,2219046214086.45,2024-10-31,865442000000.0,1353604214086.45,INCOMPLETE_BSE_NOT_INCLUDED
SSE_SZSE_A_SHARES,2231113054517.09,2024-11-01,878686000000.0,1352427054517.0898,INCOMPLETE_BSE_NOT_INCLUDED
SSE_SZSE_A_SHARES,1695113192050.8398,2024-11-04,692999000000.0,1002114192050.84,INCOMPLETE_BSE_NOT_INCLUDED
SSE_SZSE_A_SHARES,2305462331638.84,2024-11-05,930331000000.0,1375131331638.84,INCOMPLETE_BSE_NOT_INCLUDED
SSE_SZSE_A_SHARES,2563469548395.59,2024-11-06,1026788000000.0,1536681548395.59,INCOMPLETE_BSE_NOT_INCLUDED
SSE_SZSE_A_SHARES,2508220773466.6797,2024-11-07,1050681000000.0,1457539773466.68,INCOMPLETE_BSE_NOT_INCLUDED
SSE_SZSE_A_SHARES,2682451725926.1504,2024-11-08,1108369000000.0,1574082725926.15,INCOMPLETE_BSE_NOT_INCLUDED
SSE_SZSE_A_SHARES,2509116608602.07,2024-11-11,1024482000000.0,1484634608602.0698,INCOMPLETE_BSE_NOT_INCLUDED
SSE_SZSE_A_SHARES,2553139791573.55,2024-11-12,1041081000000.0,1512058791573.55,INCOMPLETE_BSE_NOT_INCLUDED
SSE_SZSE_A_SHARES,2012036319338.45,2024-11-13,831381000000.0,1180655319338.45,INCOMPLETE_BSE_NOT_INCLUDED
SSE_SZSE_A_SHARES,1839717604481.88,2024-11-14,763595000000.0,1076122604481.88,INCOMPLETE_BSE_NOT_INCLUDED
SSE_SZSE_A_SHARES,1827460482726.2,2024-11-15,746543000000.0,1080917482726.2,INCOMPLETE_BSE_NOT_INCLUDED
SSE_SZSE_A_SHARES,1758353357930.81,2024-11-18,756193000000.0,1002160357930.81,INCOMPLETE_BSE_NOT_INCLUDED
SSE_SZSE_A_SHARES,1559825400944.38,2024-11-19,652421999999.9999,907403400944.38,INCOMPLETE_BSE_NOT_INCLUDED
SSE_SZSE_A_SHARES,1615641820089.01,2024-11-20,628238000000.0,987403820089.01,INCOMPLETE_BSE_NOT_INCLUDED
SSE_SZSE_A_SHARES,1612223293004.4502,2024-11-21,614988000000.0,997235293004.45,INCOMPLETE_BSE_NOT_INCLUDED
SSE_SZSE_A_SHARES,1790382729781.21,2024-11-22,708057000000.0,1082325729781.21,INCOMPLETE_BSE_NOT_INCLUDED
SSE_SZSE_A_SHARES,1492272891910.44,2024-11-25,598303000000.0,893969891910.4401,INCOMPLETE_BSE_NOT_INCLUDED
SSE_SZSE_A_SHARES,1306567975141.0598,2024-11-26,509904999999.99994,796662975141.0599,INCOMPLETE_BSE_NOT_INCLUDED
SSE_SZSE_A_SHARES,1459843606030.7395,2024-11-27,572217999999.9999,887625606030.74,INCOMPLETE_BSE_NOT_INCLUDED
SSE_SZSE_A_SHARES,1491444331264.6,2024-11-28,558404000000.0,933040331264.6,INCOMPLETE_BSE_NOT_INCLUDED
SSE_SZSE_A_SHARES,1709576036224.36,2024-11-29,664429000000.0,1045147036224.36,INCOMPLETE_BSE_NOT_INCLUDED
SSE_SZSE_A_SHARES,1788803766878.3003,2024-12-02,710620000000.0001,1078183766878.3,INCOMPLETE_BSE_NOT_INCLUDED
SSE_SZSE_A_SHARES,1716316391460.3198,2024-12-03,684243000000.0,1032073391460.32,INCOMPLETE_BSE_NOT_INCLUDED
SSE_SZSE_A_SHARES,1664717042972.22,2024-12-04,654695000000.0,1010022042972.22,INCOMPLETE_BSE_NOT_INCLUDED
SSE_SZSE_A_SHARES,1499582429906.95,2024-12-05,565962000000.0,933620429906.95,INCOMPLETE_BSE_NOT_INCLUDED
SSE_SZSE_A_SHARES,1790815307260.74,2024-12-06,687451000000.0,1103364307260.74,INCOMPLETE_BSE_NOT_INCLUDED
SSE_SZSE_A_SHARES,1635698607490.8198,2024-12-09,649712999999.9999,985985607490.82,INCOMPLETE_BSE_NOT_INCLUDED
SSE_SZSE_A_SHARES,2201831090595.45,2024-12-10,861340000000.0,1340491090595.45,INCOMPLETE_BSE_NOT_INCLUDED
SSE_SZSE_A_SHARES,1782197911801.9302,2024-12-11,697487000000.0001,1084710911801.93,INCOMPLETE_BSE_NOT_INCLUDED
SSE_SZSE_A_SHARES,1872982782782.85,2024-12-12,739236000000.0,1133746782782.85,INCOMPLETE_BSE_NOT_INCLUDED
SSE_SZSE_A_SHARES,2072323215489.05,2024-12-13,851858000000.0,1220465215489.05,INCOMPLETE_BSE_NOT_INCLUDED
SSE_SZSE_A_SHARES,1700638502489.7698,2024-12-16,675745999999.9999,1024892502489.77,INCOMPLETE_BSE_NOT_INCLUDED
SSE_SZSE_A_SHARES,1511878073651.7998,2024-12-17,585209000000.0,926669073651.8,INCOMPLETE_BSE_NOT_INCLUDED
SSE_SZSE_A_SHARES,1361532722452.5,2024-12-18,540111000000.00006,821421722452.5,INCOMPLETE_BSE_NOT_INCLUDED
SSE_SZSE_A_SHARES,1446172081173.11,2024-12-19,559524000000.0001,886648081173.11,INCOMPLETE_BSE_NOT_INCLUDED
SSE_SZSE_A_SHARES,1516366563835.6,2024-12-20,597390000000.0,918976563835.6,INCOMPLETE_BSE_NOT_INCLUDED
SSE_SZSE_A_SHARES,1531826036594.76,2024-12-23,623388000000.0,908438036594.76,INCOMPLETE_BSE_NOT_INCLUDED
SSE_SZSE_A_SHARES,1310871741360.19,2024-12-24,531609000000.0,779262741360.19,INCOMPLETE_BSE_NOT_INCLUDED
SSE_SZSE_A_SHARES,1283849970410.86,2024-12-25,523839000000.00006,760010970410.86,INCOMPLETE_BSE_NOT_INCLUDED
SSE_SZSE_A_SHARES,1276231137146.2,2024-12-26,520274000000.0,755957137146.2,INCOMPLETE_BSE_NOT_INCLUDED
SSE_SZSE_A_SHARES,1435631074391.5498,2024-12-27,586942000000.0,848689074391.5499,INCOMPLETE_BSE_NOT_INCLUDED
SSE_SZSE_A_SHARES,1278823895882.98,2024-12-30,523702000000.00006,755121895882.98,INCOMPLETE_BSE_NOT_INCLUDED
SSE_SZSE_A_SHARES,1346785236740.02,2024-12-31,563332000000.0,783453236740.0199,INCOMPLETE_BSE_NOT_INCLUDED
SSE_SZSE_A_SHARES,1397761976066.45,2025-01-02,603904000000.0,793857976066.45,INCOMPLETE_BSE_NOT_INCLUDED
SSE_SZSE_A_SHARES,1268327355933.88,2025-01-03,523288000000.0,745039355933.88,INCOMPLETE_BSE_NOT_INCLUDED
SSE_SZSE_A_SHARES,1058970767601.77,2025-01-06,444242000000.0,614728767601.77,INCOMPLETE_BSE_NOT_INCLUDED
SSE_SZSE_A_SHARES,1077578657141.46,2025-01-07,437109000000.0,640469657141.46,INCOMPLETE_BSE_NOT_INCLUDED
SSE_SZSE_A_SHARES,1243377612767.51,2025-01-08,508388999999.99994,734988612767.51,INCOMPLETE_BSE_NOT_INCLUDED
SSE_SZSE_A_SHARES,1112502177988.65,2025-01-09,434810000000.00006,677692177988.6499,INCOMPLETE_BSE_NOT_INCLUDED
SSE_SZSE_A_SHARES,1148923302025.63,2025-01-10,466089999999.99994,682833302025.63,INCOMPLETE_BSE_NOT_INCLUDED
SSE_SZSE_A_SHARES,966914867595.68,2025-01-13,412030999999.99994,554883867595.68,INCOMPLETE_BSE_NOT_INCLUDED
SSE_SZSE_A_SHARES,1352329196669.7,2025-01-14,539454000000.0,812875196669.7,INCOMPLETE_BSE_NOT_INCLUDED
SSE_SZSE_A_SHARES,1189656492898.51,2025-01-15,466567000000.0,723089492898.51,INCOMPLETE_BSE_NOT_INCLUDED
SSE_SZSE_A_SHARES,1274774679992.2,2025-01-16,499367000000.0,775407679992.2,INCOMPLETE_BSE_NOT_INCLUDED
SSE_SZSE_A_SHARES,1136118667163.62,2025-01-17,456658000000.0,679460667163.62,INCOMPLETE_BSE_NOT_INCLUDED
SSE_SZSE_A_SHARES,1183517829874.79,2025-01-20,469888999999.99994,713628829874.79,INCOMPLETE_BSE_NOT_INCLUDED
SSE_SZSE_A_SHARES,1206462306061.98,2025-01-21,469189000000.00006,737273306061.98,INCOMPLETE_BSE_NOT_INCLUDED
SSE_SZSE_A_SHARES,1136492639118.98,2025-01-22,452513000000.0,683979639118.98,INCOMPLETE_BSE_NOT_INCLUDED
SSE_SZSE_A_SHARES,1356795289116.63,2025-01-23,540149000000.0,816646289116.63,INCOMPLETE_BSE_NOT_INCLUDED
SSE_SZSE_A_SHARES,1223029922853.45,2025-01-24,481379000000.0,741650922853.45,INCOMPLETE_BSE_NOT_INCLUDED
SSE_SZSE_A_SHARES,1118358471352.03,2025-01-27,450576000000.0,667782471352.03,INCOMPLETE_BSE_NOT_INCLUDED
SSE_SZSE_A_SHARES,1289830871482.74,2025-02-05,521295000000.0,768535871482.74,INCOMPLETE_BSE_NOT_INCLUDED
SSE_SZSE_A_SHARES,1537091693045.2,2025-02-06,591575999999.9999,945515693045.2,INCOMPLETE_BSE_NOT_INCLUDED
SSE_SZSE_A_SHARES,1961408952785.57,2025-02-07,758264000000.0,1203144952785.57,INCOMPLETE_BSE_NOT_INCLUDED
SSE_SZSE_A_SHARES,1731517015908.51,2025-02-10,677342000000.0,1054175015908.51,INCOMPLETE_BSE_NOT_INCLUDED
SSE_SZSE_A_SHARES,1636852813375.66,2025-02-11,632512999999.9999,1004339813375.66,INCOMPLETE_BSE_NOT_INCLUDED
SSE_SZSE_A_SHARES,1677631237436.02,2025-02-12,647575000000.0,1030056237436.02,INCOMPLETE_BSE_NOT_INCLUDED
SSE_SZSE_A_SHARES,1820686605785.92,2025-02-13,706424000000.0,1114262605785.9202,INCOMPLETE_BSE_NOT_INCLUDED
SSE_SZSE_A_SHARES,1715882813029.79,2025-02-14,668038000000.0,1047844813029.79,INCOMPLETE_BSE_NOT_INCLUDED
SSE_SZSE_A_SHARES,1942087902218.68,2025-02-17,750341000000.0,1191746902218.68,INCOMPLETE_BSE_NOT_INCLUDED
SSE_SZSE_A_SHARES,1799663192606.7998,2025-02-18,697026000000.0,1102637192606.7998,INCOMPLETE_BSE_NOT_INCLUDED
SSE_SZSE_A_SHARES,1722274526633.4502,2025-02-19,675340000000.0,1046934526633.45,INCOMPLETE_BSE_NOT_INCLUDED
SSE_SZSE_A_SHARES,1757673031321.87,2025-02-20,670395000000.0,1087278031321.87,INCOMPLETE_BSE_NOT_INCLUDED
SSE_SZSE_A_SHARES,2193402695998.0,2025-02-21,855700000000.0,1337702695998.0,INCOMPLETE_BSE_NOT_INCLUDED
SSE_SZSE_A_SHARES,2081551285536.89,2025-02-24,802922000000.0,1278629285536.89,INCOMPLETE_BSE_NOT_INCLUDED
SSE_SZSE_A_SHARES,1897646924372.74,2025-02-25,727800000000.0,1169846924372.74,INCOMPLETE_BSE_NOT_INCLUDED
SSE_SZSE_A_SHARES,1939529469909.92,2025-02-26,748494000000.0,1191035469909.92,INCOMPLETE_BSE_NOT_INCLUDED
SSE_SZSE_A_SHARES,2005332424461.98,2025-02-27,774399000000.0,1230933424461.98,INCOMPLETE_BSE_NOT_INCLUDED
SSE_SZSE_A_SHARES,1867854807188.32,2025-02-28,757923000000.0,1109931807188.32,INCOMPLETE_BSE_NOT_INCLUDED
SSE_SZSE_A_SHARES,1625347830968.29,2025-03-03,644194000000.0,981153830968.29,INCOMPLETE_BSE_NOT_INCLUDED
SSE_SZSE_A_SHARES,1436992538205.2002,2025-03-04,569483000000.0,867509538205.2001,INCOMPLETE_BSE_NOT_INCLUDED
SSE_SZSE_A_SHARES,1495206546046.28,2025-03-05,588563000000.0,906643546046.28,INCOMPLETE_BSE_NOT_INCLUDED
SSE_SZSE_A_SHARES,1907543719485.47,2025-03-06,736938000000.0,1170605719485.47,INCOMPLETE_BSE_NOT_INCLUDED
SSE_SZSE_A_SHARES,1819040164767.84,2025-03-07,688234000000.0,1130806164767.8398,INCOMPLETE_BSE_NOT_INCLUDED
SSE_SZSE_A_SHARES,1506140454280.76,2025-03-10,595202000000.0,910938454280.76,INCOMPLETE_BSE_NOT_INCLUDED
SSE_SZSE_A_SHARES,1482961209436.09,2025-03-11,592932000000.0001,890029209436.09,INCOMPLETE_BSE_NOT_INCLUDED
SSE_SZSE_A_SHARES,1688029845229.74,2025-03-12,652226000000.0,1035803845229.74,INCOMPLETE_BSE_NOT_INCLUDED
SSE_SZSE_A_SHARES,1609576327407.8003,2025-03-13,638612000000.0001,970964327407.8,INCOMPLETE_BSE_NOT_INCLUDED
SSE_SZSE_A_SHARES,1792842563049.03,2025-03-14,750410000000.0,1042432563049.03,INCOMPLETE_BSE_NOT_INCLUDED
SSE_SZSE_A_SHARES,1573920405327.6,2025-03-17,640008000000.0,933912405327.6,INCOMPLETE_BSE_NOT_INCLUDED
SSE_SZSE_A_SHARES,1521460175126.43,2025-03-18,587269000000.0,934191175126.43,INCOMPLETE_BSE_NOT_INCLUDED
SSE_SZSE_A_SHARES,1467974812392.42,2025-03-19,561206000000.0,906768812392.42,INCOMPLETE_BSE_NOT_INCLUDED
SSE_SZSE_A_SHARES,1443303143188.45,2025-03-20,566523000000.0,876780143188.45,INCOMPLETE_BSE_NOT_INCLUDED
SSE_SZSE_A_SHARES,1551575477921.1,2025-03-21,623753000000.0,927822477921.1,INCOMPLETE_BSE_NOT_INCLUDED
SSE_SZSE_A_SHARES,1451313584710.11,2025-03-24,587010000000.0,864303584710.11,INCOMPLETE_BSE_NOT_INCLUDED
SSE_SZSE_A_SHARES,1258916486909.52,2025-03-25,516652000000.00006,742264486909.52,INCOMPLETE_BSE_NOT_INCLUDED
SSE_SZSE_A_SHARES,1154922002575.5698,2025-03-26,485487000000.0,669435002575.57,INCOMPLETE_BSE_NOT_INCLUDED
SSE_SZSE_A_SHARES,1191459011467.52,2025-03-27,496668000000.0,694791011467.52,INCOMPLETE_BSE_NOT_INCLUDED
SSE_SZSE_A_SHARES,1119939802916.42,2025-03-28,469529000000.0,650410802916.4199,INCOMPLETE_BSE_NOT_INCLUDED
SSE_SZSE_A_SHARES,1222178399145.89,2025-03-31,531685000000.00006,690493399145.89,INCOMPLETE_BSE_NOT_INCLUDED
SSE_SZSE_A_SHARES,1132871688139.86,2025-04-01,499474000000.0,633397688139.86,INCOMPLETE_BSE_NOT_INCLUDED
SSE_SZSE_A_SHARES,974969682328.09,2025-04-02,411900000000.0,563069682328.09,INCOMPLETE_BSE_NOT_INCLUDED
SSE_SZSE_A_SHARES,1138092713490.91,2025-04-03,486783000000.0,651309713490.9099,INCOMPLETE_BSE_NOT_INCLUDED
SSE_SZSE_A_SHARES,1587610696181.66,2025-04-07,735144000000.0,852466696181.6599,INCOMPLETE_BSE_NOT_INCLUDED
SSE_SZSE_A_SHARES,1625938196265.0,2025-04-08,730253000000.0,895685196265.0,INCOMPLETE_BSE_NOT_INCLUDED
SSE_SZSE_A_SHARES,1700785233756.5898,2025-04-09,756486000000.0,944299233756.59,INCOMPLETE_BSE_NOT_INCLUDED
SSE_SZSE_A_SHARES,1610391639832.47,2025-04-10,682801000000.0,927590639832.47,INCOMPLETE_BSE_NOT_INCLUDED
SSE_SZSE_A_SHARES,1349108913691.36,2025-04-11,580927000000.0,768181913691.36,INCOMPLETE_BSE_NOT_INCLUDED
SSE_SZSE_A_SHARES,1277738043190.89,2025-04-14,543849000000.0,733889043190.89,INCOMPLETE_BSE_NOT_INCLUDED
SSE_SZSE_A_SHARES,1077708861815.03,2025-04-15,456596000000.0,621112861815.03,INCOMPLETE_BSE_NOT_INCLUDED
SSE_SZSE_A_SHARES,1113493100000.41,2025-04-16,490642000000.0,622851100000.4099,INCOMPLETE_BSE_NOT_INCLUDED
SSE_SZSE_A_SHARES,999971513277.08,2025-04-17,442895000000.0,557076513277.0801,INCOMPLETE_BSE_NOT_INCLUDED
SSE_SZSE_A_SHARES,915141805765.72,2025-04-18,380647000000.0,534494805765.72,INCOMPLETE_BSE_NOT_INCLUDED
SSE_SZSE_A_SHARES,1042349162107.42,2025-04-21,429885000000.00006,612464162107.4199,INCOMPLETE_BSE_NOT_INCLUDED
SSE_SZSE_A_SHARES,1090445456463.57,2025-04-22,452900000000.0,637545456463.57,INCOMPLETE_BSE_NOT_INCLUDED
SSE_SZSE_A_SHARES,1231142136749.26,2025-04-23,487309000000.0,743833136749.26,INCOMPLETE_BSE_NOT_INCLUDED
SSE_SZSE_A_SHARES,1109623201448.9302,2025-04-24,435182000000.0,674441201448.93,INCOMPLETE_BSE_NOT_INCLUDED
SSE_SZSE_A_SHARES,1114312275350.95,2025-04-25,445819000000.00006,668493275350.95,INCOMPLETE_BSE_NOT_INCLUDED
SSE_SZSE_A_SHARES,1057010827277.0798,2025-04-28,442410999999.99994,614599827277.08,INCOMPLETE_BSE_NOT_INCLUDED
SSE_SZSE_A_SHARES,1023028825981.8,2025-04-29,431026000000.0,592002825981.8,INCOMPLETE_BSE_NOT_INCLUDED
SSE_SZSE_A_SHARES,1170071242447.39,2025-04-30,505588000000.0,664483242447.39,INCOMPLETE_BSE_NOT_INCLUDED
SSE_SZSE_A_SHARES,1338298990534.88,2025-05-06,552911000000.0,785387990534.88,INCOMPLETE_BSE_NOT_INCLUDED
SSE_SZSE_A_SHARES,1469785098430.3198,2025-05-07,595835000000.0,873950098430.32,INCOMPLETE_BSE_NOT_INCLUDED
SSE_SZSE_A_SHARES,1295244342653.9502,2025-05-08,502510000000.00006,792734342653.9501,INCOMPLETE_BSE_NOT_INCLUDED
SSE_SZSE_A_SHARES,1192823380986.2898,2025-05-09,465210999999.99994,727612380986.2899,INCOMPLETE_BSE_NOT_INCLUDED
SSE_SZSE_A_SHARES,1309532983011.48,2025-05-12,522422000000.0,787110983011.48,INCOMPLETE_BSE_NOT_INCLUDED
SSE_SZSE_A_SHARES,1292171272319.31,2025-05-13,506930999999.99994,785240272319.31,INCOMPLETE_BSE_NOT_INCLUDED
SSE_SZSE_A_SHARES,1317023006757.41,2025-05-14,534967999999.99994,782055006757.41,INCOMPLETE_BSE_NOT_INCLUDED
SSE_SZSE_A_SHARES,1153074597135.33,2025-05-15,461507000000.0,691567597135.33,INCOMPLETE_BSE_NOT_INCLUDED
SSE_SZSE_A_SHARES,1090071343704.7,2025-05-16,435841000000.0,654230343704.7001,INCOMPLETE_BSE_NOT_INCLUDED
SSE_SZSE_A_SHARES,1087372845560.1,2025-05-19,437277000000.00006,650095845560.1,INCOMPLETE_BSE_NOT_INCLUDED
SSE_SZSE_A_SHARES,1170918447246.55,2025-05-20,450947999999.99994,719970447246.55,INCOMPLETE_BSE_NOT_INCLUDED
SSE_SZSE_A_SHARES,1174875328321.32,2025-05-21,466757000000.0,708118328321.3201,INCOMPLETE_BSE_NOT_INCLUDED
SSE_SZSE_A_SHARES,1103453067285.88,2025-05-22,438780999999.99994,664672067285.88,INCOMPLETE_BSE_NOT_INCLUDED
SSE_SZSE_A_SHARES,1156217433170.77,2025-05-23,468980000000.0,687237433170.77,INCOMPLETE_BSE_NOT_INCLUDED
SSE_SZSE_A_SHARES,1011249485515.37,2025-05-26,401307000000.0,609942485515.37,INCOMPLETE_BSE_NOT_INCLUDED
SSE_SZSE_A_SHARES,1000048351826.96,2025-05-27,395323000000.0,604725351826.96,INCOMPLETE_BSE_NOT_INCLUDED
SSE_SZSE_A_SHARES,1010701543721.78,2025-05-28,389469000000.0,621232543721.7799,INCOMPLETE_BSE_NOT_INCLUDED
SSE_SZSE_A_SHARES,1186824903917.27,2025-05-29,454022999999.99994,732801903917.27,INCOMPLETE_BSE_NOT_INCLUDED
SSE_SZSE_A_SHARES,1139456437035.6902,2025-05-30,443336000000.00006,696120437035.6901,INCOMPLETE_BSE_NOT_INCLUDED
SSE_SZSE_A_SHARES,1142144975978.12,2025-06-03,468546000000.0,673598975978.12,INCOMPLETE_BSE_NOT_INCLUDED
SSE_SZSE_A_SHARES,1155638256433.05,2025-06-04,448655000000.0,706983256433.05,INCOMPLETE_BSE_NOT_INCLUDED
SSE_SZSE_A_SHARES,1291261311001.12,2025-06-05,498309000000.0,792952311001.12,INCOMPLETE_BSE_NOT_INCLUDED
SSE_SZSE_A_SHARES,1152812465679.23,2025-06-06,452888000000.0,699924465679.23,INCOMPLETE_BSE_NOT_INCLUDED
SSE_SZSE_A_SHARES,1288274163933.71,2025-06-09,512360000000.00006,775914163933.71,INCOMPLETE_BSE_NOT_INCLUDED
SSE_SZSE_A_SHARES,1415812819876.35,2025-06-10,557639000000.0,858173819876.35,INCOMPLETE_BSE_NOT_INCLUDED
SSE_SZSE_A_SHARES,1257251785021.15,2025-06-11,502478000000.00006,754773785021.1499,INCOMPLETE_BSE_NOT_INCLUDED
SSE_SZSE_A_SHARES,1272989966442.24,2025-06-12,502353000000.0,770636966442.24,INCOMPLETE_BSE_NOT_INCLUDED
SSE_SZSE_A_SHARES,1471524120356.37,2025-06-13,609012000000.0001,862512120356.37,INCOMPLETE_BSE_NOT_INCLUDED
SSE_SZSE_A_SHARES,1216642743316.3398,2025-06-16,482782000000.0,733860743316.34,INCOMPLETE_BSE_NOT_INCLUDED
SSE_SZSE_A_SHARES,1208176349122.89,2025-06-17,458582000000.0,749594349122.89,INCOMPLETE_BSE_NOT_INCLUDED
SSE_SZSE_A_SHARES,1191690485506.55,2025-06-18,441332000000.0,750358485506.55,INCOMPLETE_BSE_NOT_INCLUDED
SSE_SZSE_A_SHARES,1251470741776.2,2025-06-19,473710000000.00006,777760741776.2,INCOMPLETE_BSE_NOT_INCLUDED
SSE_SZSE_A_SHARES,1068930949524.09,2025-06-20,411283000000.0,657647949524.09,INCOMPLETE_BSE_NOT_INCLUDED
SSE_SZSE_A_SHARES,1123862308269.87,2025-06-23,443507000000.0,680355308269.87,INCOMPLETE_BSE_NOT_INCLUDED
SSE_SZSE_A_SHARES,1415657391315.55,2025-06-24,545206000000.00006,870451391315.5499,INCOMPLETE_BSE_NOT_INCLUDED
SSE_SZSE_A_SHARES,1604613909944.33,2025-06-25,620583000000.0,984030909944.33,INCOMPLETE_BSE_NOT_INCLUDED
SSE_SZSE_A_SHARES,1584328020400.33,2025-06-26,603598000000.0,980730020400.33,INCOMPLETE_BSE_NOT_INCLUDED
SSE_SZSE_A_SHARES,1542074757702.14,2025-06-27,606059000000.0,936015757702.14,INCOMPLETE_BSE_NOT_INCLUDED
SSE_SZSE_A_SHARES,1487803595061.21,2025-06-30,567523000000.0,920280595061.21,INCOMPLETE_BSE_NOT_INCLUDED
SSE_SZSE_A_SHARES,1467854448786.98,2025-07-01,554449000000.0,913405448786.98,INCOMPLETE_BSE_NOT_INCLUDED
SSE_SZSE_A_SHARES,1377753187514.17,2025-07-02,543313000000.0,834440187514.1699,INCOMPLETE_BSE_NOT_INCLUDED
SSE_SZSE_A_SHARES,1311483732422.51,2025-07-03,500570000000.00006,810913732422.51,INCOMPLETE_BSE_NOT_INCLUDED
SSE_SZSE_A_SHARES,1430418816880.79,2025-07-04,567441000000.0,862977816880.79,INCOMPLETE_BSE_NOT_INCLUDED
SSE_SZSE_A_SHARES,1209605161228.37,2025-07-07,476688000000.0,732917161228.37,INCOMPLETE_BSE_NOT_INCLUDED
SSE_SZSE_A_SHARES,1455427939900.4,2025-07-08,568189000000.0,887238939900.4,INCOMPLETE_BSE_NOT_INCLUDED
SSE_SZSE_A_SHARES,1505998723557.27,2025-07-09,596296000000.0,909702723557.27,INCOMPLETE_BSE_NOT_INCLUDED
SSE_SZSE_A_SHARES,1495155059336.3398,2025-07-10,613236000000.0,881919059336.34,INCOMPLETE_BSE_NOT_INCLUDED
SSE_SZSE_A_SHARES,1713589369822.02,2025-07-11,754144000000.0,959445369822.02,INCOMPLETE_BSE_NOT_INCLUDED
SSE_SZSE_A_SHARES,1459536447623.88,2025-07-14,623348000000.0,836188447623.88,INCOMPLETE_BSE_NOT_INCLUDED
SSE_SZSE_A_SHARES,1613010143135.4,2025-07-15,647446999999.9999,965563143135.4,INCOMPLETE_BSE_NOT_INCLUDED
SSE_SZSE_A_SHARES,1443234966246.2805,2025-07-16,572878000000.0001,870356966246.28,INCOMPLETE_BSE_NOT_INCLUDED
SSE_SZSE_A_SHARES,1540869113951.33,2025-07-17,610517000000.0,930352113951.33,INCOMPLETE_BSE_NOT_INCLUDED
SSE_SZSE_A_SHARES,1572376322600.94,2025-07-18,644125000000.0,928251322600.94,INCOMPLETE_BSE_NOT_INCLUDED
SSE_SZSE_A_SHARES,1701508724746.25,2025-07-21,731809000000.0,969699724746.25,INCOMPLETE_BSE_NOT_INCLUDED
SSE_SZSE_A_SHARES,1894441472699.2,2025-07-22,841335000000.0,1053106472699.2,INCOMPLETE_BSE_NOT_INCLUDED
SSE_SZSE_A_SHARES,1866943884646.63,2025-07-23,858223000000.0,1008720884646.63,INCOMPLETE_BSE_NOT_INCLUDED
SSE_SZSE_A_SHARES,1846383035179.9905,2025-07-24,852941000000.0,993442035179.99,INCOMPLETE_BSE_NOT_INCLUDED
SSE_SZSE_A_SHARES,1789425772851.04,2025-07-25,822039000000.0,967386772851.04,INCOMPLETE_BSE_NOT_INCLUDED
SSE_SZSE_A_SHARES,1744059418877.4102,2025-07-28,762440000000.0,981619418877.41,INCOMPLETE_BSE_NOT_INCLUDED
SSE_SZSE_A_SHARES,1805913353440.38,2025-07-29,794939000000.0,1010974353440.38,INCOMPLETE_BSE_NOT_INCLUDED
SSE_SZSE_A_SHARES,1845426120221.45,2025-07-30,820398000000.0,1025028120221.45,INCOMPLETE_BSE_NOT_INCLUDED
SSE_SZSE_A_SHARES,1937677266143.5,2025-07-31,846386000000.0,1091291266143.5,INCOMPLETE_BSE_NOT_INCLUDED
SSE_SZSE_A_SHARES,1600362686098.02,2025-08-01,684974000000.0,915388686098.02,INCOMPLETE_BSE_NOT_INCLUDED
SSE_SZSE_A_SHARES,1501273401154.62,2025-08-04,640447000000.0,860826401154.62,INCOMPLETE_BSE_NOT_INCLUDED
SSE_SZSE_A_SHARES,1597483712683.56,2025-08-05,657391000000.0,940092712683.56,INCOMPLETE_BSE_NOT_INCLUDED
SSE_SZSE_A_SHARES,1736579074681.44,2025-08-06,707923000000.0,1028656074681.44,INCOMPLETE_BSE_NOT_INCLUDED
SSE_SZSE_A_SHARES,1826506740714.08,2025-08-07,750033000000.0,1076473740714.08,INCOMPLETE_BSE_NOT_INCLUDED
SSE_SZSE_A_SHARES,1711094223553.28,2025-08-08,713612000000.0,997482223553.28,INCOMPLETE_BSE_NOT_INCLUDED
SSE_SZSE_A_SHARES,1828589252211.62,2025-08-11,751821000000.0,1076768252211.62,INCOMPLETE_BSE_NOT_INCLUDED
SSE_SZSE_A_SHARES,1882755176414.42,2025-08-12,778377000000.0,1104378176414.42,INCOMPLETE_BSE_NOT_INCLUDED
SSE_SZSE_A_SHARES,2151779847088.95,2025-08-13,887335000000.0,1264444847088.95,INCOMPLETE_BSE_NOT_INCLUDED
SSE_SZSE_A_SHARES,2279551882146.99,2025-08-14,949434000000.0,1330117882146.99,INCOMPLETE_BSE_NOT_INCLUDED
SSE_SZSE_A_SHARES,2245310562294.67,2025-08-15,960664000000.0,1284646562294.67,INCOMPLETE_BSE_NOT_INCLUDED
SSE_SZSE_A_SHARES,2764693564562.4805,2025-08-18,1134148000000.0002,1630545564562.48,INCOMPLETE_BSE_NOT_INCLUDED
SSE_SZSE_A_SHARES,2589647995571.9697,2025-08-19,1061038000000.0,1528609995571.97,INCOMPLETE_BSE_NOT_INCLUDED
SSE_SZSE_A_SHARES,2409156398923.66,2025-08-20,1017578000000.0,1391578398923.66,INCOMPLETE_BSE_NOT_INCLUDED
SSE_SZSE_A_SHARES,2424556795114.77,2025-08-21,997987000000.0,1426569795114.77,INCOMPLETE_BSE_NOT_INCLUDED
SSE_SZSE_A_SHARES,2547975762247.59,2025-08-22,1095491000000.0,1452484762247.59,INCOMPLETE_BSE_NOT_INCLUDED
SSE_SZSE_A_SHARES,3143273610528.37,2025-08-25,1362053000000.0,1781220610528.37,INCOMPLETE_BSE_NOT_INCLUDED
SSE_SZSE_A_SHARES,2683171768251.38,2025-08-26,1117925000000.0,1565246768251.38,INCOMPLETE_BSE_NOT_INCLUDED
SSE_SZSE_A_SHARES,3166576108516.04,2025-08-27,1327115000000.0002,1839461108516.04,INCOMPLETE_BSE_NOT_INCLUDED
SSE_SZSE_A_SHARES,2972723822285.4697,2025-08-28,1265695000000.0,1707028822285.47,INCOMPLETE_BSE_NOT_INCLUDED
SSE_SZSE_A_SHARES,2799768267530.21,2025-08-29,1222159000000.0,1577609267530.21,INCOMPLETE_BSE_NOT_INCLUDED
SSE_SZSE_A_SHARES,2752480197580.21,2025-09-01,1209719000000.0,1542761197580.2102,INCOMPLETE_BSE_NOT_INCLUDED
SSE_SZSE_A_SHARES,2876012016906.34,2025-09-02,1223331000000.0,1652681016906.3398,INCOMPLETE_BSE_NOT_INCLUDED
SSE_SZSE_A_SHARES,2365578339092.31,2025-09-03,1013218000000.0,1352360339092.31,INCOMPLETE_BSE_NOT_INCLUDED
SSE_SZSE_A_SHARES,2545474663441.12,2025-09-04,1108227000000.0,1437247663441.12,INCOMPLETE_BSE_NOT_INCLUDED
SSE_SZSE_A_SHARES,2306531185110.95,2025-09-05,980132000000.0,1326399185110.95,INCOMPLETE_BSE_NOT_INCLUDED
SSE_SZSE_A_SHARES,2421425151047.66,2025-09-08,1026744000000.0,1394681151047.6602,INCOMPLETE_BSE_NOT_INCLUDED
SSE_SZSE_A_SHARES,2120162032616.72,2025-09-09,918407000000.0,1201755032616.72,INCOMPLETE_BSE_NOT_INCLUDED
SSE_SZSE_A_SHARES,1981494732282.2305,2025-09-10,822633000000.0,1158861732282.2302,INCOMPLETE_BSE_NOT_INCLUDED
SSE_SZSE_A_SHARES,2441060960460.37,2025-09-11,1018695000000.0,1422365960460.37,INCOMPLETE_BSE_NOT_INCLUDED
SSE_SZSE_A_SHARES,2527613242204.1396,2025-09-12,1099173000000.0,1428440242204.14,INCOMPLETE_BSE_NOT_INCLUDED
SSE_SZSE_A_SHARES,2279499694709.09,2025-09-15,986955000000.0,1292544694709.09,INCOMPLETE_BSE_NOT_INCLUDED
SSE_SZSE_A_SHARES,2343695835026.45,2025-09-16,990788000000.0,1352907835026.45,INCOMPLETE_BSE_NOT_INCLUDED
SSE_SZSE_A_SHARES,2378695036709.91,2025-09-17,1007404000000.0,1371291036709.91,INCOMPLETE_BSE_NOT_INCLUDED
SSE_SZSE_A_SHARES,3146073386909.3896,2025-09-18,1373070000000.0,1773003386909.39,INCOMPLETE_BSE_NOT_INCLUDED
SSE_SZSE_A_SHARES,2324667328151.29,2025-09-19,1016604000000.0,1308063328151.2898,INCOMPLETE_BSE_NOT_INCLUDED
SSE_SZSE_A_SHARES,2123900604326.7605,2025-09-22,943229000000.0,1180671604326.76,INCOMPLETE_BSE_NOT_INCLUDED
SSE_SZSE_A_SHARES,2495705050528.77,2025-09-23,1071808000000.0,1423897050528.77,INCOMPLETE_BSE_NOT_INCLUDED
SSE_SZSE_A_SHARES,2330830211074.0303,2025-09-24,1017702000000.0,1313128211074.03,INCOMPLETE_BSE_NOT_INCLUDED
SSE_SZSE_A_SHARES,2373477850157.13,2025-09-25,1002382000000.0,1371095850157.13,INCOMPLETE_BSE_NOT_INCLUDED
SSE_SZSE_A_SHARES,2150016033623.82,2025-09-26,929648000000.0,1220368033623.8198,INCOMPLETE_BSE_NOT_INCLUDED
SSE_SZSE_A_SHARES,2164254315359.74,2025-09-29,969935000000.0,1194319315359.74,INCOMPLETE_BSE_NOT_INCLUDED
SSE_SZSE_A_SHARES,2183752414737.43,2025-09-30,974492000000.0,1209260414737.43,INCOMPLETE_BSE_NOT_INCLUDED
SSE_SZSE_A_SHARES,2655458113242.53,2025-10-09,1217834000000.0,1437624113242.5298,INCOMPLETE_BSE_NOT_INCLUDED
SSE_SZSE_A_SHARES,2517449914876.45,2025-10-10,1132867000000.0,1384582914876.45,INCOMPLETE_BSE_NOT_INCLUDED
SSE_SZSE_A_SHARES,2357402623452.3604,2025-10-13,1086267000000.0,1271135623452.36,INCOMPLETE_BSE_NOT_INCLUDED
SSE_SZSE_A_SHARES,2577920592533.15,2025-10-14,1210332000000.0,1367588592533.15,INCOMPLETE_BSE_NOT_INCLUDED
SSE_SZSE_A_SHARES,2074320686487.92,2025-10-15,961957000000.0,1112363686487.92,INCOMPLETE_BSE_NOT_INCLUDED
SSE_SZSE_A_SHARES,1932933054932.73,2025-10-16,869745000000.0001,1063188054932.73,INCOMPLETE_BSE_NOT_INCLUDED
SSE_SZSE_A_SHARES,1939153044932.4504,2025-10-17,873678000000.0001,1065475044932.45,INCOMPLETE_BSE_NOT_INCLUDED
SSE_SZSE_A_SHARES,1738603121950.36,2025-10-20,773143000000.0,965460121950.36,INCOMPLETE_BSE_NOT_INCLUDED
SSE_SZSE_A_SHARES,1876593786452.17,2025-10-21,839666000000.0,1036927786452.17,INCOMPLETE_BSE_NOT_INCLUDED
SSE_SZSE_A_SHARES,1669237615469.03,2025-10-22,742202000000.0,927035615469.03,INCOMPLETE_BSE_NOT_INCLUDED
SSE_SZSE_A_SHARES,1646690950928.0298,2025-10-23,720804000000.0,925886950928.03,INCOMPLETE_BSE_NOT_INCLUDED
SSE_SZSE_A_SHARES,1975265557170.72,2025-10-24,858893000000.0,1116372557170.72,INCOMPLETE_BSE_NOT_INCLUDED
SSE_SZSE_A_SHARES,2341371506074.1797,2025-10-27,1044014000000.0,1297357506074.18,INCOMPLETE_BSE_NOT_INCLUDED
SSE_SZSE_A_SHARES,2149764086730.4895,2025-10-28,941130000000.0,1208634086730.49,INCOMPLETE_BSE_NOT_INCLUDED
SSE_SZSE_A_SHARES,2257171600584.86,2025-10-29,968728000000.0,1288443600584.86,INCOMPLETE_BSE_NOT_INCLUDED
SSE_SZSE_A_SHARES,2422566297044.66,2025-10-30,1070318000000.0,1352248297044.6602,INCOMPLETE_BSE_NOT_INCLUDED
SSE_SZSE_A_SHARES,2320185732726.4297,2025-10-31,1032573000000.0,1287612732726.43,INCOMPLETE_BSE_NOT_INCLUDED
SSE_SZSE_A_SHARES,2109355452293.84,2025-11-03,942774000000.0,1166581452293.84,INCOMPLETE_BSE_NOT_INCLUDED
SSE_SZSE_A_SHARES,1918264442478.9304,2025-11-04,855200000000.0,1063064442478.93,INCOMPLETE_BSE_NOT_INCLUDED
SSE_SZSE_A_SHARES,1873682058423.31,2025-11-05,827974000000.0,1045708058423.31,INCOMPLETE_BSE_NOT_INCLUDED
SSE_SZSE_A_SHARES,2057514487830.84,2025-11-06,931346000000.0,1126168487830.8398,INCOMPLETE_BSE_NOT_INCLUDED
SSE_SZSE_A_SHARES,2001220484618.68,2025-11-07,876685000000.0,1124535484618.68,INCOMPLETE_BSE_NOT_INCLUDED
SSE_SZSE_A_SHARES,2176311692078.19,2025-11-10,961862000000.0,1214449692078.19,INCOMPLETE_BSE_NOT_INCLUDED
SSE_SZSE_A_SHARES,1995153818952.4905,2025-11-11,859095000000.0001,1136058818952.49,INCOMPLETE_BSE_NOT_INCLUDED
SSE_SZSE_A_SHARES,1946867950908.2,2025-11-12,840751000000.0,1106116950908.2,INCOMPLETE_BSE_NOT_INCLUDED
SSE_SZSE_A_SHARES,2044778441255.08,2025-11-13,877961999999.9999,1166816441255.08,INCOMPLETE_BSE_NOT_INCLUDED
SSE_SZSE_A_SHARES,1959924187647.82,2025-11-14,839384000000.0,1120540187647.82,INCOMPLETE_BSE_NOT_INCLUDED
SSE_SZSE_A_SHARES,1912129245011.2,2025-11-17,806535000000.0,1105594245011.2,INCOMPLETE_BSE_NOT_INCLUDED
SSE_SZSE_A_SHARES,1927214681792.32,2025-11-18,791486000000.0,1135728681792.32,INCOMPLETE_BSE_NOT_INCLUDED
SSE_SZSE_A_SHARES,1727637936739.6,2025-11-19,722404000000.0,1005233936739.6,INCOMPLETE_BSE_NOT_INCLUDED
SSE_SZSE_A_SHARES,1709993712386.94,2025-11-20,711817000000.0,998176712386.94,INCOMPLETE_BSE_NOT_INCLUDED
SSE_SZSE_A_SHARES,1966004491527.11,2025-11-21,825068000000.0,1140936491527.11,INCOMPLETE_BSE_NOT_INCLUDED
SSE_SZSE_A_SHARES,1728794792764.26,2025-11-24,716085000000.0,1012709792764.26,INCOMPLETE_BSE_NOT_INCLUDED
SSE_SZSE_A_SHARES,1813454333222.82,2025-11-25,723596000000.0,1089858333222.82,INCOMPLETE_BSE_NOT_INCLUDED
SSE_SZSE_A_SHARES,1784825449793.14,2025-11-26,701439000000.0,1083386449793.14,INCOMPLETE_BSE_NOT_INCLUDED
SSE_SZSE_A_SHARES,1712090696116.2195,2025-11-27,700179999999.9999,1011910696116.22,INCOMPLETE_BSE_NOT_INCLUDED
SSE_SZSE_A_SHARES,1587169999455.27,2025-11-28,646694000000.0,940475999455.27,INCOMPLETE_BSE_NOT_INCLUDED
SSE_SZSE_A_SHARES,1875916820415.65,2025-12-01,786783000000.0,1089133820415.65,INCOMPLETE_BSE_NOT_INCLUDED
SSE_SZSE_A_SHARES,1594927865574.56,2025-12-02,628285000000.0,966642865574.56,INCOMPLETE_BSE_NOT_INCLUDED
SSE_SZSE_A_SHARES,1671693265210.99,2025-12-03,648208000000.0,1023485265210.99,INCOMPLETE_BSE_NOT_INCLUDED
SSE_SZSE_A_SHARES,1550202733463.29,2025-12-04,624394000000.0,925808733463.29,INCOMPLETE_BSE_NOT_INCLUDED
SSE_SZSE_A_SHARES,1728126759476.35,2025-12-05,718038000000.0,1010088759476.35,INCOMPLETE_BSE_NOT_INCLUDED
SSE_SZSE_A_SHARES,2039207313851.07,2025-12-08,840268000000.0,1198939313851.07,INCOMPLETE_BSE_NOT_INCLUDED
SSE_SZSE_A_SHARES,1905591947508.8,2025-12-09,782166000000.0,1123425947508.8,INCOMPLETE_BSE_NOT_INCLUDED
SSE_SZSE_A_SHARES,1779924159005.58,2025-12-10,731180000000.0,1048744159005.58,INCOMPLETE_BSE_NOT_INCLUDED
SSE_SZSE_A_SHARES,1858170866329.07,2025-12-11,764934000000.0,1093236866329.07,INCOMPLETE_BSE_NOT_INCLUDED
SSE_SZSE_A_SHARES,2095850989400.77,2025-12-12,911482000000.0,1184368989400.77,INCOMPLETE_BSE_NOT_INCLUDED
SSE_SZSE_A_SHARES,1777465792069.44,2025-12-15,766139000000.0,1011326792069.44,INCOMPLETE_BSE_NOT_INCLUDED
SSE_SZSE_A_SHARES,1725640774607.04,2025-12-16,734254000000.0,991386774607.04,INCOMPLETE_BSE_NOT_INCLUDED
SSE_SZSE_A_SHARES,1813218633609.6,2025-12-17,768179000000.0,1045039633609.6,INCOMPLETE_BSE_NOT_INCLUDED
SSE_SZSE_A_SHARES,1659107238003.34,2025-12-18,707871000000.0,951236238003.34,INCOMPLETE_BSE_NOT_INCLUDED
SSE_SZSE_A_SHARES,1728613806436.13,2025-12-19,740108000000.0,988505806436.13,INCOMPLETE_BSE_NOT_INCLUDED
SSE_SZSE_A_SHARES,1864537299610.73,2025-12-22,790690000000.0,1073847299610.73,INCOMPLETE_BSE_NOT_INCLUDED
SSE_SZSE_A_SHARES,1901262766107.83,2025-12-23,807695000000.0,1093567766107.83,INCOMPLETE_BSE_NOT_INCLUDED
SSE_SZSE_A_SHARES,1883099433924.24,2025-12-24,774903000000.0001,1108196433924.24,INCOMPLETE_BSE_NOT_INCLUDED
SSE_SZSE_A_SHARES,1926573895198.99,2025-12-25,785810000000.0,1140763895198.99,INCOMPLETE_BSE_NOT_INCLUDED
SSE_SZSE_A_SHARES,2168222211641.63,2025-12-26,894886000000.0,1273336211641.63,INCOMPLETE_BSE_NOT_INCLUDED
SSE_SZSE_A_SHARES,2141741949475.81,2025-12-29,905374000000.0,1236367949475.81,INCOMPLETE_BSE_NOT_INCLUDED
SSE_SZSE_A_SHARES,2144864020899.3096,2025-12-30,888143000000.0,1256721020899.3098,INCOMPLETE_BSE_NOT_INCLUDED
SSE_SZSE_A_SHARES,2046234541731.2605,2025-12-31,829829000000.0001,1216405541731.26,INCOMPLETE_BSE_NOT_INCLUDED
SSE_SZSE_A_SHARES,2548671565914.9697,2026-01-05,1068780000000.0,1479891565914.97,INCOMPLETE_BSE_NOT_INCLUDED
SSE_SZSE_A_SHARES,2808907236027.41,2026-01-06,1176993000000.0,1631914236027.41,INCOMPLETE_BSE_NOT_INCLUDED
SSE_SZSE_A_SHARES,2856164347160.01,2026-01-07,1198740000000.0,1657424347160.0098,INCOMPLETE_BSE_NOT_INCLUDED
SSE_SZSE_A_SHARES,2801935097108.75,2026-01-08,1183832000000.0,1618103097108.75,INCOMPLETE_BSE_NOT_INCLUDED
SSE_SZSE_A_SHARES,3126472683693.35,2026-01-09,1292155000000.0,1834317683693.35,INCOMPLETE_BSE_NOT_INCLUDED
SSE_SZSE_A_SHARES,3603766163277.8,2026-01-12,1447109000000.0,2156657163277.8,INCOMPLETE_BSE_NOT_INCLUDED
SSE_SZSE_A_SHARES,3653304848278.28,2026-01-13,1482778000000.0,2170526848278.28,INCOMPLETE_BSE_NOT_INCLUDED
SSE_SZSE_A_SHARES,3943705098227.1104,2026-01-14,1608177000000.0,2335528098227.1104,INCOMPLETE_BSE_NOT_INCLUDED
SSE_SZSE_A_SHARES,2908008103953.26,2026-01-15,1177168000000.0,1730840103953.26,INCOMPLETE_BSE_NOT_INCLUDED
SSE_SZSE_A_SHARES,3031430522919.43,2026-01-16,1341968000000.0,1689462522919.4302,INCOMPLETE_BSE_NOT_INCLUDED
SSE_SZSE_A_SHARES,2709973546041.02,2026-01-19,1191004000000.0,1518969546041.02,INCOMPLETE_BSE_NOT_INCLUDED
SSE_SZSE_A_SHARES,2778671085719.4697,2026-01-20,1221870000000.0,1556801085719.47,INCOMPLETE_BSE_NOT_INCLUDED
SSE_SZSE_A_SHARES,2602203324898.96,2026-01-21,1181077000000.0,1421126324898.96,INCOMPLETE_BSE_NOT_INCLUDED
SSE_SZSE_A_SHARES,2694960604525.17,2026-01-22,1203705000000.0,1491255604525.1702,INCOMPLETE_BSE_NOT_INCLUDED
SSE_SZSE_A_SHARES,3087767587135.6196,2026-01-23,1338350999999.9998,1749416587135.62,INCOMPLETE_BSE_NOT_INCLUDED
SSE_SZSE_A_SHARES,3250406876652.2305,2026-01-26,1452570000000.0,1797836876652.2302,INCOMPLETE_BSE_NOT_INCLUDED
SSE_SZSE_A_SHARES,2896067124303.87,2026-01-27,1289800000000.0,1606267124303.87,INCOMPLETE_BSE_NOT_INCLUDED
SSE_SZSE_A_SHARES,2966883596232.05,2026-01-28,1366143999999.9998,1600739596232.05,INCOMPLETE_BSE_NOT_INCLUDED
SSE_SZSE_A_SHARES,3230832644738.98,2026-01-29,1486056000000.0,1744776644738.98,INCOMPLETE_BSE_NOT_INCLUDED
SSE_SZSE_A_SHARES,2836909278965.42,2026-01-30,1270757000000.0,1566152278965.4202,INCOMPLETE_BSE_NOT_INCLUDED
SSE_SZSE_A_SHARES,2585409578544.3506,2026-02-02,1163931000000.0002,1421478578544.35,INCOMPLETE_BSE_NOT_INCLUDED
SSE_SZSE_A_SHARES,2546335355330.26,2026-02-03,1112112000000.0,1434223355330.26,INCOMPLETE_BSE_NOT_INCLUDED
SSE_SZSE_A_SHARES,2482253678449.9097,2026-02-04,1064068000000.0,1418185678449.91,INCOMPLETE_BSE_NOT_INCLUDED
SSE_SZSE_A_SHARES,2177710109045.11,2026-02-05,947424000000.0,1230286109045.11,INCOMPLETE_BSE_NOT_INCLUDED
SSE_SZSE_A_SHARES,2147211502737.4304,2026-02-06,899238000000.0001,1247973502737.43,INCOMPLETE_BSE_NOT_INCLUDED
SSE_SZSE_A_SHARES,2252793973718.29,2026-02-09,950613000000.0,1302180973718.29,INCOMPLETE_BSE_NOT_INCLUDED
SSE_SZSE_A_SHARES,2107344479206.0396,2026-02-10,883361999999.9999,1223982479206.0398,INCOMPLETE_BSE_NOT_INCLUDED
SSE_SZSE_A_SHARES,1985676986335.56,2026-02-11,823340000000.0,1162336986335.5598,INCOMPLETE_BSE_NOT_INCLUDED
SSE_SZSE_A_SHARES,2142977313379.64,2026-02-12,898529999999.9999,1244447313379.64,INCOMPLETE_BSE_NOT_INCLUDED
SSE_SZSE_A_SHARES,1983233637272.61,2026-02-13,847104999999.9999,1136128637272.61,INCOMPLETE_BSE_NOT_INCLUDED
SSE_SZSE_A_SHARES,2202927149914.67,2026-02-24,938920000000.0,1264007149914.67,INCOMPLETE_BSE_NOT_INCLUDED
SSE_SZSE_A_SHARES,2463702779925.2803,2026-02-25,1086372000000.0,1377330779925.28,INCOMPLETE_BSE_NOT_INCLUDED
SSE_SZSE_A_SHARES,2539729749919.2803,2026-02-26,1067964000000.0,1471765749919.28,INCOMPLETE_BSE_NOT_INCLUDED
SSE_SZSE_A_SHARES,2489475420303.05,2026-02-27,1073559000000.0,1415916420303.05,INCOMPLETE_BSE_NOT_INCLUDED
SSE_SZSE_A_SHARES,3021838026957.84,2026-03-02,1345946000000.0,1675892026957.84,INCOMPLETE_BSE_NOT_INCLUDED
SSE_SZSE_A_SHARES,3131445220555.34,2026-03-03,1425780000000.0,1705665220555.34,INCOMPLETE_BSE_NOT_INCLUDED
SSE_SZSE_A_SHARES,2366958813918.96,2026-03-04,1113927000000.0,1253031813918.96,INCOMPLETE_BSE_NOT_INCLUDED
SSE_SZSE_A_SHARES,2391104590887.8,2026-03-05,1068625000000.0,1322479590887.8,INCOMPLETE_BSE_NOT_INCLUDED
SSE_SZSE_A_SHARES,2201131366597.7803,2026-03-06,979284000000.0,1221847366597.78,INCOMPLETE_BSE_NOT_INCLUDED
SSE_SZSE_A_SHARES,2648011895319.06,2026-03-09,1194196000000.0,1453815895319.06,INCOMPLETE_BSE_NOT_INCLUDED
SSE_SZSE_A_SHARES,2398972679162.73,2026-03-10,1037085000000.0,1361887679162.73,INCOMPLETE_BSE_NOT_INCLUDED
SSE_SZSE_A_SHARES,2509837441413.21,2026-03-11,1064384000000.0,1445453441413.21,INCOMPLETE_BSE_NOT_INCLUDED
SSE_SZSE_A_SHARES,2443122219984.72,2026-03-12,1078937000000.0,1364185219984.72,INCOMPLETE_BSE_NOT_INCLUDED
SSE_SZSE_A_SHARES,2401430272683.02,2026-03-13,1064643000000.0,1336787272683.02,INCOMPLETE_BSE_NOT_INCLUDED
SSE_SZSE_A_SHARES,2327453985247.09,2026-03-16,1038491000000.0,1288962985247.09,INCOMPLETE_BSE_NOT_INCLUDED
SSE_SZSE_A_SHARES,2209281053273.1504,2026-03-17,952114000000.0,1257167053273.15,INCOMPLETE_BSE_NOT_INCLUDED
SSE_SZSE_A_SHARES,2047184207947.66,2026-03-18,876831000000.0,1170353207947.6602,INCOMPLETE_BSE_NOT_INCLUDED
SSE_SZSE_A_SHARES,2112048901660.14,2026-03-19,935635000000.0,1176413901660.14,INCOMPLETE_BSE_NOT_INCLUDED
SSE_SZSE_A_SHARES,2288761377071.81,2026-03-20,966528000000.0,1322233377071.81,INCOMPLETE_BSE_NOT_INCLUDED
SSE_SZSE_A_SHARES,2431800795107.79,2026-03-23,1086421000000.0,1345379795107.79,INCOMPLETE_BSE_NOT_INCLUDED
SSE_SZSE_A_SHARES,2083896171643.9304,2026-03-24,931959000000.0,1151937171643.9302,INCOMPLETE_BSE_NOT_INCLUDED
SSE_SZSE_A_SHARES,2181417978540.5,2026-03-25,968554000000.0,1212863978540.5,INCOMPLETE_BSE_NOT_INCLUDED
SSE_SZSE_A_SHARES,1944230056594.9895,2026-03-26,848795999999.9999,1095434056594.99,INCOMPLETE_BSE_NOT_INCLUDED
SSE_SZSE_A_SHARES,1854760192626.36,2026-03-27,800645000000.0,1054115192626.36,INCOMPLETE_BSE_NOT_INCLUDED
SSE_SZSE_A_SHARES,1917007861951.58,2026-03-30,840759000000.0,1076248861951.58,INCOMPLETE_BSE_NOT_INCLUDED
SSE_SZSE_A_SHARES,1993653208007.32,2026-03-31,892099000000.0,1101554208007.32,INCOMPLETE_BSE_NOT_INCLUDED
SSE_SZSE_A_SHARES,2013509718439.46,2026-04-01,897816000000.0,1115693718439.46,INCOMPLETE_BSE_NOT_INCLUDED
SSE_SZSE_A_SHARES,1843223016149.65,2026-04-02,811994000000.0,1031229016149.65,INCOMPLETE_BSE_NOT_INCLUDED
SSE_SZSE_A_SHARES,1656870850605.52,2026-04-03,714076000000.0,942794850605.52,INCOMPLETE_BSE_NOT_INCLUDED
SSE_SZSE_A_SHARES,1615740625452.02,2026-04-07,724938000000.0,890802625452.02,INCOMPLETE_BSE_NOT_INCLUDED
SSE_SZSE_A_SHARES,2436021166539.2695,2026-04-08,1074932000000.0,1361089166539.2698,INCOMPLETE_BSE_NOT_INCLUDED
SSE_SZSE_A_SHARES,2135472514210.0896,2026-04-09,902700000000.0,1232772514210.0898,INCOMPLETE_BSE_NOT_INCLUDED
SSE_SZSE_A_SHARES,2324477064330.56,2026-04-10,956665000000.0,1367812064330.56,INCOMPLETE_BSE_NOT_INCLUDED
SSE_SZSE_A_SHARES,2151957936014.43,2026-04-13,920234000000.0,1231723936014.43,INCOMPLETE_BSE_NOT_INCLUDED
SSE_SZSE_A_SHARES,2385351356618.73,2026-04-14,999451000000.0,1385900356618.73,INCOMPLETE_BSE_NOT_INCLUDED
SSE_SZSE_A_SHARES,2417470777498.51,2026-04-15,1029558000000.0,1387912777498.51,INCOMPLETE_BSE_NOT_INCLUDED
SSE_SZSE_A_SHARES,2343178565852.7803,2026-04-16,977277000000.0,1365901565852.78,INCOMPLETE_BSE_NOT_INCLUDED
SSE_SZSE_A_SHARES,2426988583312.19,2026-04-17,1014143000000.0,1412845583312.19,INCOMPLETE_BSE_NOT_INCLUDED
SSE_SZSE_A_SHARES,2581069010322.65,2026-04-20,1086561000000.0,1494508010322.65,INCOMPLETE_BSE_NOT_INCLUDED
SSE_SZSE_A_SHARES,2409503457641.73,2026-04-21,1033670000000.0,1375833457641.73,INCOMPLETE_BSE_NOT_INCLUDED
SSE_SZSE_A_SHARES,2560617507510.0,2026-04-22,1094341000000.0,1466276507510.0,INCOMPLETE_BSE_NOT_INCLUDED
SSE_SZSE_A_SHARES,2805559354542.7197,2026-04-23,1235199000000.0,1570360354542.72,INCOMPLETE_BSE_NOT_INCLUDED
SSE_SZSE_A_SHARES,2643915111386.4697,2026-04-24,1143383000000.0,1500532111386.47,INCOMPLETE_BSE_NOT_INCLUDED
SSE_SZSE_A_SHARES,2590547220099.6504,2026-04-27,1136407000000.0,1454140220099.65,INCOMPLETE_BSE_NOT_INCLUDED
SSE_SZSE_A_SHARES,2538773564149.12,2026-04-28,1114306000000.0002,1424467564149.12,INCOMPLETE_BSE_NOT_INCLUDED
SSE_SZSE_A_SHARES,2592519743492.74,2026-04-29,1127317000000.0,1465202743492.74,INCOMPLETE_BSE_NOT_INCLUDED
SSE_SZSE_A_SHARES,2741894460816.94,2026-04-30,1276781000000.0,1465113460816.94,INCOMPLETE_BSE_NOT_INCLUDED
SSE_SZSE_A_SHARES,3228161455084.87,2026-05-06,1466635000000.0,1761526455084.87,INCOMPLETE_BSE_NOT_INCLUDED
SSE_SZSE_A_SHARES,3145373548058.92,2026-05-07,1359682000000.0,1785691548058.92,INCOMPLETE_BSE_NOT_INCLUDED
SSE_SZSE_A_SHARES,3050138577108.1396,2026-05-08,1332243000000.0,1717895577108.14,INCOMPLETE_BSE_NOT_INCLUDED
SSE_SZSE_A_SHARES,3540310153303.59,2026-05-11,1584925000000.0,1955385153303.59,INCOMPLETE_BSE_NOT_INCLUDED
SSE_SZSE_A_SHARES,3243804211167.6,2026-05-12,1465872000000.0,1777932211167.6,INCOMPLETE_BSE_NOT_INCLUDED
SSE_SZSE_A_SHARES,3241750349517.0,2026-05-13,1447836000000.0,1793914349517.0,INCOMPLETE_BSE_NOT_INCLUDED
SSE_SZSE_A_SHARES,3363553043903.0303,2026-05-14,1498703000000.0,1864850043903.03,INCOMPLETE_BSE_NOT_INCLUDED
SSE_SZSE_A_SHARES,3347271195855.46,2026-05-15,1520882999999.9998,1826388195855.46,INCOMPLETE_BSE_NOT_INCLUDED
SSE_SZSE_A_SHARES,2896694097604.26,2026-05-18,1317189000000.0,1579505097604.26,INCOMPLETE_BSE_NOT_INCLUDED
SSE_SZSE_A_SHARES,2889742274888.07,2026-05-19,1308925000000.0,1580817274888.0698,INCOMPLETE_BSE_NOT_INCLUDED
SSE_SZSE_A_SHARES,2955752472109.1797,2026-05-20,1360664000000.0,1595088472109.18,INCOMPLETE_BSE_NOT_INCLUDED
SSE_SZSE_A_SHARES,3484850049678.8203,2026-05-21,1596168000000.0,1888682049678.82,INCOMPLETE_BSE_NOT_INCLUDED
SSE_SZSE_A_SHARES,2907297700845.04,2026-05-22,1287769000000.0,1619528700845.04,INCOMPLETE_BSE_NOT_INCLUDED
SSE_SZSE_A_SHARES,3208796419756.35,2026-05-25,1447357000000.0,1761439419756.35,INCOMPLETE_BSE_NOT_INCLUDED
SSE_SZSE_A_SHARES,3245086723849.23,2026-05-26,1462023000000.0,1783063723849.23,INCOMPLETE_BSE_NOT_INCLUDED
SSE_SZSE_A_SHARES,3240476773414.97,2026-05-27,1474872000000.0,1765604773414.9702,INCOMPLETE_BSE_NOT_INCLUDED
SSE_SZSE_A_SHARES,2969834668502.1104,2026-05-28,1362366000000.0,1607468668502.11,INCOMPLETE_BSE_NOT_INCLUDED
SSE_SZSE_A_SHARES,3320484684997.81,2026-05-29,1532670000000.0,1787814684997.81,INCOMPLETE_BSE_NOT_INCLUDED
SSE_SZSE_A_SHARES,2878434408452.66,2026-06-01,1320082000000.0,1558352408452.66,INCOMPLETE_BSE_NOT_INCLUDED
SSE_SZSE_A_SHARES,2793701912253.3096,2026-06-02,1281079000000.0,1512622912253.3098,INCOMPLETE_BSE_NOT_INCLUDED
SSE_SZSE_A_SHARES,3133361250249.51,2026-06-03,1431767000000.0,1701594250249.51,INCOMPLETE_BSE_NOT_INCLUDED
SSE_SZSE_A_SHARES,2763666093879.6396,2026-06-04,1277812000000.0,1485854093879.64,INCOMPLETE_BSE_NOT_INCLUDED
SSE_SZSE_A_SHARES,3070179145649.13,2026-06-05,1364332000000.0,1705847145649.13,INCOMPLETE_BSE_NOT_INCLUDED
SSE_SZSE_A_SHARES,2793522005660.55,2026-06-08,1267711000000.0,1525811005660.55,INCOMPLETE_BSE_NOT_INCLUDED
SSE_SZSE_A_SHARES,2642444597827.6396,2026-06-09,1174550000000.0,1467894597827.64,INCOMPLETE_BSE_NOT_INCLUDED
SSE_SZSE_A_SHARES,2621081328079.58,2026-06-10,1228216000000.0,1392865328079.5798,INCOMPLETE_BSE_NOT_INCLUDED
SSE_SZSE_A_SHARES,2554048967944.9697,2026-06-11,1186544000000.0,1367504967944.97,INCOMPLETE_BSE_NOT_INCLUDED
SSE_SZSE_A_SHARES,3219367741602.8496,2026-06-12,1539852000000.0,1679515741602.85,INCOMPLETE_BSE_NOT_INCLUDED
SSE_SZSE_A_SHARES,3033864642739.4297,2026-06-15,1404959999999.9998,1628904642739.43,INCOMPLETE_BSE_NOT_INCLUDED
SSE_SZSE_A_SHARES,3066765432652.54,2026-06-16,1370820000000.0,1695945432652.54,INCOMPLETE_BSE_NOT_INCLUDED
SSE_SZSE_A_SHARES,3093970090411.6,2026-06-17,1403871000000.0,1690099090411.6,INCOMPLETE_BSE_NOT_INCLUDED
SSE_SZSE_A_SHARES,3311831121884.16,2026-06-18,1560936000000.0,1750895121884.1602,INCOMPLETE_BSE_NOT_INCLUDED
SSE_SZSE_A_SHARES,3738867319159.37,2026-06-22,1704620000000.0,2034247319159.37,INCOMPLETE_BSE_NOT_INCLUDED
SSE_SZSE_A_SHARES,3443786336294.94,2026-06-23,1595667000000.0,1848119336294.94,INCOMPLETE_BSE_NOT_INCLUDED
SSE_SZSE_A_SHARES,3287923698989.5303,2026-06-24,1515871000000.0,1772052698989.53,INCOMPLETE_BSE_NOT_INCLUDED
SSE_SZSE_A_SHARES,3597706445896.51,2026-06-25,1621016999999.9998,1976689445896.51,INCOMPLETE_BSE_NOT_INCLUDED
SSE_SZSE_A_SHARES,3554120249407.28,2026-06-26,1621937000000.0,1932183249407.28,INCOMPLETE_BSE_NOT_INCLUDED
SSE_SZSE_A_SHARES,3520228672389.41,2026-06-29,1667583000000.0002,1852645672389.41,INCOMPLETE_BSE_NOT_INCLUDED
SSE_SZSE_A_SHARES,3277898333727.37,2026-06-30,1531853000000.0,1746045333727.37,INCOMPLETE_BSE_NOT_INCLUDED
SSE_SZSE_A_SHARES,3662621668905.37,2026-07-01,1698934999999.9998,1963686668905.37,INCOMPLETE_BSE_NOT_INCLUDED
SSE_SZSE_A_SHARES,3452072996306.49,2026-07-02,1577547000000.0,1874525996306.4905,INCOMPLETE_BSE_NOT_INCLUDED
SSE_SZSE_A_SHARES,3185281610767.1504,2026-07-03,1466659000000.0,1718622610767.15,INCOMPLETE_BSE_NOT_INCLUDED
SSE_SZSE_A_SHARES,3094445866649.9697,2026-07-06,1432991000000.0,1661454866649.97,INCOMPLETE_BSE_NOT_INCLUDED
SSE_SZSE_A_SHARES,2584959027439.01,2026-07-07,1198112000000.0,1386847027439.01,INCOMPLETE_BSE_NOT_INCLUDED
SSE_SZSE_A_SHARES,2568021354326.23,2026-07-08,1195552000000.0,1372469354326.23,INCOMPLETE_BSE_NOT_INCLUDED
SSE_SZSE_A_SHARES,2917839066383.0,2026-07-09,1366401000000.0,1551438066383.0,INCOMPLETE_BSE_NOT_INCLUDED
SSE_SZSE_A_SHARES,3392474800927.75,2026-07-10,1564333000000.0,1828141800927.75,INCOMPLETE_BSE_NOT_INCLUDED
SSE_SZSE_A_SHARES,2820701340423.46,2026-07-13,1336200000000.0,1484501340423.46,INCOMPLETE_BSE_NOT_INCLUDED
SSE_SZSE_A_SHARES,2708044154064.27,2026-07-14,1273270000000.0,1434774154064.27,INCOMPLETE_BSE_NOT_INCLUDED
SSE_SZSE_A_SHARES,2573040000626.29,2026-07-15,1227058000000.0,1345982000626.29,INCOMPLETE_BSE_NOT_INCLUDED
SSE_SZSE_A_SHARES,2407448302162.33,2026-07-16,1124990000000.0,1282458302162.33,INCOMPLETE_BSE_NOT_INCLUDED
SSE_SZSE_A_SHARES,2657519096833.12,2026-07-17,1247755000000.0,1409764096833.12,INCOMPLETE_BSE_NOT_INCLUDED
SSE_SZSE_A_SHARES,2703771632138.7197,2026-07-20,1295636000000.0,1408135632138.72,INCOMPLETE_BSE_NOT_INCLUDED
SSE_SZSE_A_SHARES,2960321149975.83,2026-07-21,1398346000000.0,1561975149975.83,INCOMPLETE_BSE_NOT_INCLUDED
SSE_SZSE_A_SHARES,2655449825892.76,2026-07-22,1259107000000.0,1396342825892.76,INCOMPLETE_BSE_NOT_INCLUDED
SSE_SZSE_A_SHARES,2197781837606.4,2026-07-23,1026778000000.0,1171003837606.4,INCOMPLETE_BSE_NOT_INCLUDED
SSE_SZSE_A_SHARES,1932963655963.72,2026-07-24,916130000000.0,1016833655963.72,INCOMPLETE_BSE_NOT_INCLUDED
SSE_SZSE_A_SHARES,2079348891897.88,2026-07-27,1033016000000.0,1046332891897.88,INCOMPLETE_BSE_NOT_INCLUDED
SSE_SZSE_A_SHARES,2027645445231.76,2026-07-28,950902000000.0,1076743445231.76,INCOMPLETE_BSE_NOT_INCLUDED
SSE_SZSE_A_SHARES,2298703113573.41,2026-07-29,1088532000000.0,1210171113573.4102,INCOMPLETE_BSE_NOT_INCLUDED
SSE_SZSE_A_SHARES,2345003577547.5703,2026-07-30,1107751000000.0,1237252577547.57,INCOMPLETE_BSE_NOT_INCLUDED
SSE_SZSE_A_SHARES,2545038253638.15,2026-07-31,1189655000000.0,1355383253638.15,INCOMPLETE_BSE_NOT_INCLUDED
SSE_SZSE_A_SHARES,1999369882081.04,2026-08-03,953485000000.0,1045884882081.04,INCOMPLETE_BSE_NOT_INCLUDED
SSE_SZSE_A_SHARES,2215203173807.33,2026-08-04,1008963000000.0,1206240173807.33,INCOMPLETE_BSE_NOT_INCLUDED
SSE_SZSE_A_SHARES,2662187738312.4,2026-08-05,1209607000000.0,1452580738312.4,INCOMPLETE_BSE_NOT_INCLUDED
SSE_SZSE_A_SHARES,2532178242875.04,2026-08-06,1168779000000.0,1363399242875.0398,INCOMPLETE_BSE_NOT_INCLUDED
SSE_SZSE_A_SHARES,2667015274973.73,2026-08-07,1211012000000.0,1456003274973.73,INCOMPLETE_BSE_NOT_INCLUDED
SSE_SZSE_A_SHARES,2525781203277.92,2026-08-10,1168253000000.0,1357528203277.92,INCOMPLETE_BSE_NOT_INCLUDED
SSE_SZSE_A_SHARES,2323459800248.68,2026-08-11,1067678000000.0,1255781800248.68,INCOMPLETE_BSE_NOT_INCLUDED
SSE_SZSE_A_SHARES,2154658298616.8296,2026-08-12,987202000000.0,1167456298616.8298,INCOMPLETE_BSE_NOT_INCLUDED
SSE_SZSE_A_SHARES,2553820109473.46,2026-08-13,1166001000000.0,1387819109473.46,INCOMPLETE_BSE_NOT_INCLUDED
SSE_SZSE_A_SHARES,2145023504496.3,2026-08-14,991681000000.0,1153342504496.2998,INCOMPLETE_BSE_NOT_INCLUDED
SSE_SZSE_A_SHARES,2390155296028.18,2026-08-17,1114296000000.0,1275859296028.1802,INCOMPLETE_BSE_NOT_INCLUDED
SSE_SZSE_A_SHARES,2402620433119.52,2026-08-18,1135984000000.0,1266636433119.52,INCOMPLETE_BSE_NOT_INCLUDED
SSE_SZSE_A_SHARES,2512671803300.69,2026-08-19,1219048000000.0,1293623803300.69,INCOMPLETE_BSE_NOT_INCLUDED
SSE_SZSE_A_SHARES,2081592887120.0696,2026-08-20,1019907000000.0,1061685887120.07,INCOMPLETE_BSE_NOT_INCLUDED
SSE_SZSE_A_SHARES,1881814687906.03,2026-08-21,884358000000.0,997456687906.03,INCOMPLETE_BSE_NOT_INCLUDED
SSE_SZSE_A_SHARES,2008638695948.24,2026-08-24,952618000000.0,1056020695948.24,INCOMPLETE_BSE_NOT_INCLUDED
SSE_SZSE_A_SHARES,1834965849894.13,2026-08-25,860923000000.0,974042849894.13,INCOMPLETE_BSE_NOT_INCLUDED
SSE_SZSE_A_SHARES,1810325533447.76,2026-08-26,858051000000.0,952274533447.76,INCOMPLETE_BSE_NOT_INCLUDED
SSE_SZSE_A_SHARES,2128276469464.74,2026-08-27,1011299000000.0,1116977469464.74,INCOMPLETE_BSE_NOT_INCLUDED
SSE_SZSE_A_SHARES,2103659528425.4895,2026-08-28,971338000000.0,1132321528425.49,INCOMPLETE_BSE_NOT_INCLUDED
SSE_SZSE_A_SHARES,2132920732606.87,2026-08-31,1015110000000.0,1117810732606.87,INCOMPLETE_BSE_NOT_INCLUDED
SSE_SZSE_A_SHARES,2035262818879.45,2026-09-01,944952000000.0,1090310818879.45,INCOMPLETE_BSE_NOT_INCLUDED
SSE_SZSE_A_SHARES,1792586991941.9702,2026-09-02,835916000000.0,956670991941.97,INCOMPLETE_BSE_NOT_INCLUDED
SSE_SZSE_A_SHARES,1760475096068.52,2026-09-03,820460000000.0,940015096068.52,INCOMPLETE_BSE_NOT_INCLUDED
SSE_SZSE_A_SHARES,2033355090517.8296,2026-09-04,939397000000.0,1093958090517.83,INCOMPLETE_BSE_NOT_INCLUDED
SSE_SZSE_A_SHARES,1949218042089.71,2026-09-07,899589000000.0,1049629042089.71,INCOMPLETE_BSE_NOT_INCLUDED
SSE_SZSE_A_SHARES,1962087190192.0105,2026-09-08,916462000000.0,1045625190192.01,INCOMPLETE_BSE_NOT_INCLUDED
SSE_SZSE_A_SHARES,1857509925119.64,2026-09-09,874836999999.9999,982672925119.64,INCOMPLETE_BSE_NOT_INCLUDED
SSE_SZSE_A_SHARES,1648847455458.44,2026-09-10,780327000000.0,868520455458.44,INCOMPLETE_BSE_NOT_INCLUDED
SSE_SZSE_A_SHARES,1974326279594.29,2026-09-11,959791000000.0,1014535279594.29,INCOMPLETE_BSE_NOT_INCLUDED
SSE_SZSE_A_SHARES,1630996690109.91,2026-09-14,780058000000.0,850938690109.9099,INCOMPLETE_BSE_NOT_INCLUDED
SSE_SZSE_A_SHARES,1614189583589.71,2026-09-15,764763000000.0,849426583589.71,INCOMPLETE_BSE_NOT_INCLUDED
SSE_SZSE_A_SHARES,1840723290007.94,2026-09-16,871877999999.9999,968845290007.94,INCOMPLETE_BSE_NOT_INCLUDED
SSE_SZSE_A_SHARES,1824970737649.1997,2026-09-17,869768999999.9999,955201737649.2,INCOMPLETE_BSE_NOT_INCLUDED
SSE_SZSE_A_SHARES,2078838719826.67,2026-09-18,994874000000.0,1083964719826.67,INCOMPLETE_BSE_NOT_INCLUDED
SSE_SZSE_A_SHARES,2033759165319.21,2026-09-21,947715000000.0,1086044165319.21,INCOMPLETE_BSE_NOT_INCLUDED
SSE_SZSE_A_SHARES,2138754995206.44,2026-09-22,1008857000000.0,1129897995206.44,INCOMPLETE_BSE_NOT_INCLUDED
SSE_SZSE_A_SHARES,1766770877481.72,2026-09-23,834825000000.0,931945877481.72,INCOMPLETE_BSE_NOT_INCLUDED
SSE_SZSE_A_SHARES,1655172039688.94,2026-09-24,784331000000.0,870841039688.94,INCOMPLETE_BSE_NOT_INCLUDED
SSE_SZSE_A_SHARES,1704489935014.0098,2026-09-28,805254999999.9999,899234935014.01,INCOMPLETE_BSE_NOT_INCLUDED
SSE_SZSE_A_SHARES,1410802927876.24,2026-09-29,662330000000.0,748472927876.24,INCOMPLETE_BSE_NOT_INCLUDED
SSE_SZSE_A_SHARES,1439173663221.03,2026-09-30,679888000000.0,759285663221.03,INCOMPLETE_BSE_NOT_INCLUDED
