date,domain_id,benchmark_id,benchmark_role,index_name,index_code,open,high,low,close,pct_chg,volume,amount,sample_count,rolling_pe,provider,provider_identifier,valuation_source_state,point_in_time,source_observation_date,availability_semantics
2024-01-01,CORE_BETA,CORE_BETA_A500,DOMAIN_PRIMARY,CSI_A500,000510,4075.19,4075.19,4030.38,4030.38,-1.2,16713652455.0,2405.86,,,csindex:index_perf,000510,OFFICIAL_HISTORICAL_VALUATION_AVAILABLE,True,2024-01-01,OFFICIAL_DAILY_OBSERVATION_DATE_NO_INTRADAY_TIMESTAMP_CLAIM
2024-01-02,CORE_BETA,CORE_BETA_A500,DOMAIN_PRIMARY,CSI_A500,000510,4075.19,4075.19,4030.38,4030.38,-1.2,16713652455.0,2405.86,,,csindex:index_perf,000510,OFFICIAL_HISTORICAL_VALUATION_AVAILABLE,True,2024-01-02,OFFICIAL_DAILY_OBSERVATION_DATE_NO_INTRADAY_TIMESTAMP_CLAIM
2024-01-03,CORE_BETA,CORE_BETA_A500,DOMAIN_PRIMARY,CSI_A500,000510,4021.54,4031.18,4000.55,4018.73,-0.29,15523772041.0,2221.87,,,csindex:index_perf,000510,OFFICIAL_HISTORICAL_VALUATION_AVAILABLE,True,2024-01-03,OFFICIAL_DAILY_OBSERVATION_DATE_NO_INTRADAY_TIMESTAMP_CLAIM
2024-01-04,CORE_BETA,CORE_BETA_A500,DOMAIN_PRIMARY,CSI_A500,000510,4014.23,4014.23,3962.03,3979.08,-0.99,14807729322.0,2142.43,,,csindex:index_perf,000510,OFFICIAL_HISTORICAL_VALUATION_AVAILABLE,True,2024-01-04,OFFICIAL_DAILY_OBSERVATION_DATE_NO_INTRADAY_TIMESTAMP_CLAIM
2024-01-05,CORE_BETA,CORE_BETA_A500,DOMAIN_PRIMARY,CSI_A500,000510,3972.12,3994.27,3933.66,3946.39,-0.82,16211963534.0,2324.78,,,csindex:index_perf,000510,OFFICIAL_HISTORICAL_VALUATION_AVAILABLE,True,2024-01-05,OFFICIAL_DAILY_OBSERVATION_DATE_NO_INTRADAY_TIMESTAMP_CLAIM
2024-01-08,CORE_BETA,CORE_BETA_A500,DOMAIN_PRIMARY,CSI_A500,000510,3938.92,3938.92,3888.18,3888.8,-1.46,15351319846.0,2161.07,,,csindex:index_perf,000510,OFFICIAL_HISTORICAL_VALUATION_AVAILABLE,True,2024-01-08,OFFICIAL_DAILY_OBSERVATION_DATE_NO_INTRADAY_TIMESTAMP_CLAIM
2024-01-09,CORE_BETA,CORE_BETA_A500,DOMAIN_PRIMARY,CSI_A500,000510,3891.36,3910.34,3876.3,3898.32,0.25,14719281162.0,2184.93,,,csindex:index_perf,000510,OFFICIAL_HISTORICAL_VALUATION_AVAILABLE,True,2024-01-09,OFFICIAL_DAILY_OBSERVATION_DATE_NO_INTRADAY_TIMESTAMP_CLAIM
2024-01-10,CORE_BETA,CORE_BETA_A500,DOMAIN_PRIMARY,CSI_A500,000510,3885.82,3921.82,3865.56,3878.46,-0.51,13066990154.0,2040.97,,,csindex:index_perf,000510,OFFICIAL_HISTORICAL_VALUATION_AVAILABLE,True,2024-01-10,OFFICIAL_DAILY_OBSERVATION_DATE_NO_INTRADAY_TIMESTAMP_CLAIM
2024-01-11,CORE_BETA,CORE_BETA_A500,DOMAIN_PRIMARY,CSI_A500,000510,3876.11,3923.73,3868.54,3910.39,0.82,15328400068.0,2418.39,,,csindex:index_perf,000510,OFFICIAL_HISTORICAL_VALUATION_AVAILABLE,True,2024-01-11,OFFICIAL_DAILY_OBSERVATION_DATE_NO_INTRADAY_TIMESTAMP_CLAIM
2024-01-12,CORE_BETA,CORE_BETA_A500,DOMAIN_PRIMARY,CSI_A500,000510,3897.71,3926.55,3894.86,3894.86,-0.4,13605107465.0,2074.67,,,csindex:index_perf,000510,OFFICIAL_HISTORICAL_VALUATION_AVAILABLE,True,2024-01-12,OFFICIAL_DAILY_OBSERVATION_DATE_NO_INTRADAY_TIMESTAMP_CLAIM
2024-01-15,CORE_BETA,CORE_BETA_A500,DOMAIN_PRIMARY,CSI_A500,000510,3878.4,3910.19,3873.87,3889.0,-0.15,12124091272.0,1867.37,,,csindex:index_perf,000510,OFFICIAL_HISTORICAL_VALUATION_AVAILABLE,True,2024-01-15,OFFICIAL_DAILY_OBSERVATION_DATE_NO_INTRADAY_TIMESTAMP_CLAIM
2024-01-16,CORE_BETA,CORE_BETA_A500,DOMAIN_PRIMARY,CSI_A500,000510,3880.05,3904.44,3856.08,3902.64,0.35,14606648244.0,2178.23,,,csindex:index_perf,000510,OFFICIAL_HISTORICAL_VALUATION_AVAILABLE,True,2024-01-16,OFFICIAL_DAILY_OBSERVATION_DATE_NO_INTRADAY_TIMESTAMP_CLAIM
2024-01-17,CORE_BETA,CORE_BETA_A500,DOMAIN_PRIMARY,CSI_A500,000510,3891.44,3891.44,3810.06,3810.06,-2.37,14040500476.0,2135.62,,,csindex:index_perf,000510,OFFICIAL_HISTORICAL_VALUATION_AVAILABLE,True,2024-01-17,OFFICIAL_DAILY_OBSERVATION_DATE_NO_INTRADAY_TIMESTAMP_CLAIM
2024-01-18,CORE_BETA,CORE_BETA_A500,DOMAIN_PRIMARY,CSI_A500,000510,3790.75,3858.23,3743.2,3858.23,1.26,21893346549.0,3086.35,,,csindex:index_perf,000510,OFFICIAL_HISTORICAL_VALUATION_AVAILABLE,True,2024-01-18,OFFICIAL_DAILY_OBSERVATION_DATE_NO_INTRADAY_TIMESTAMP_CLAIM
2024-01-19,CORE_BETA,CORE_BETA_A500,DOMAIN_PRIMARY,CSI_A500,000510,3843.96,3869.02,3835.38,3846.48,-0.3,15473468069.0,2370.0,,,csindex:index_perf,000510,OFFICIAL_HISTORICAL_VALUATION_AVAILABLE,True,2024-01-19,OFFICIAL_DAILY_OBSERVATION_DATE_NO_INTRADAY_TIMESTAMP_CLAIM
2024-01-22,CORE_BETA,CORE_BETA_A500,DOMAIN_PRIMARY,CSI_A500,000510,3837.82,3837.82,3757.89,3758.49,-2.29,19244018195.0,2763.5,,,csindex:index_perf,000510,OFFICIAL_HISTORICAL_VALUATION_AVAILABLE,True,2024-01-22,OFFICIAL_DAILY_OBSERVATION_DATE_NO_INTRADAY_TIMESTAMP_CLAIM
2024-01-23,CORE_BETA,CORE_BETA_A500,DOMAIN_PRIMARY,CSI_A500,000510,3747.46,3801.96,3738.45,3784.04,0.68,16668651613.0,2446.28,,,csindex:index_perf,000510,OFFICIAL_HISTORICAL_VALUATION_AVAILABLE,True,2024-01-23,OFFICIAL_DAILY_OBSERVATION_DATE_NO_INTRADAY_TIMESTAMP_CLAIM
2024-01-24,CORE_BETA,CORE_BETA_A500,DOMAIN_PRIMARY,CSI_A500,000510,3800.6,3831.3,3726.42,3831.15,1.25,19245771098.0,2606.13,,,csindex:index_perf,000510,OFFICIAL_HISTORICAL_VALUATION_AVAILABLE,True,2024-01-24,OFFICIAL_DAILY_OBSERVATION_DATE_NO_INTRADAY_TIMESTAMP_CLAIM
2024-01-25,CORE_BETA,CORE_BETA_A500,DOMAIN_PRIMARY,CSI_A500,000510,3828.64,3916.82,3827.29,3916.82,2.24,24394461105.0,3172.95,,,csindex:index_perf,000510,OFFICIAL_HISTORICAL_VALUATION_AVAILABLE,True,2024-01-25,OFFICIAL_DAILY_OBSERVATION_DATE_NO_INTRADAY_TIMESTAMP_CLAIM
2024-01-26,CORE_BETA,CORE_BETA_A500,DOMAIN_PRIMARY,CSI_A500,000510,3898.31,3916.23,3886.86,3895.91,-0.53,22212048440.0,2856.06,,,csindex:index_perf,000510,OFFICIAL_HISTORICAL_VALUATION_AVAILABLE,True,2024-01-26,OFFICIAL_DAILY_OBSERVATION_DATE_NO_INTRADAY_TIMESTAMP_CLAIM
2024-01-29,CORE_BETA,CORE_BETA_A500,DOMAIN_PRIMARY,CSI_A500,000510,3897.04,3898.87,3846.1,3846.1,-1.28,21991359837.0,2881.93,,,csindex:index_perf,000510,OFFICIAL_HISTORICAL_VALUATION_AVAILABLE,True,2024-01-29,OFFICIAL_DAILY_OBSERVATION_DATE_NO_INTRADAY_TIMESTAMP_CLAIM
2024-01-30,CORE_BETA,CORE_BETA_A500,DOMAIN_PRIMARY,CSI_A500,000510,3823.13,3832.52,3772.67,3772.67,-1.91,17846039102.0,2356.44,,,csindex:index_perf,000510,OFFICIAL_HISTORICAL_VALUATION_AVAILABLE,True,2024-01-30,OFFICIAL_DAILY_OBSERVATION_DATE_NO_INTRADAY_TIMESTAMP_CLAIM
2024-01-31,CORE_BETA,CORE_BETA_A500,DOMAIN_PRIMARY,CSI_A500,000510,3755.19,3779.88,3713.67,3720.82,-1.37,20504557170.0,2679.82,,,csindex:index_perf,000510,OFFICIAL_HISTORICAL_VALUATION_AVAILABLE,True,2024-01-31,OFFICIAL_DAILY_OBSERVATION_DATE_NO_INTRADAY_TIMESTAMP_CLAIM
2024-02-01,CORE_BETA,CORE_BETA_A500,DOMAIN_PRIMARY,CSI_A500,000510,3704.23,3764.76,3690.98,3721.23,0.01,18995294390.0,2474.74,,,csindex:index_perf,000510,OFFICIAL_HISTORICAL_VALUATION_AVAILABLE,True,2024-02-01,OFFICIAL_DAILY_OBSERVATION_DATE_NO_INTRADAY_TIMESTAMP_CLAIM
2024-02-02,CORE_BETA,CORE_BETA_A500,DOMAIN_PRIMARY,CSI_A500,000510,3724.34,3736.23,3616.9,3663.77,-1.54,22643745414.0,2831.26,,,csindex:index_perf,000510,OFFICIAL_HISTORICAL_VALUATION_AVAILABLE,True,2024-02-02,OFFICIAL_DAILY_OBSERVATION_DATE_NO_INTRADAY_TIMESTAMP_CLAIM
2024-02-05,CORE_BETA,CORE_BETA_A500,DOMAIN_PRIMARY,CSI_A500,000510,3643.05,3718.34,3573.37,3663.41,-0.01,27044668933.0,3373.03,,,csindex:index_perf,000510,OFFICIAL_HISTORICAL_VALUATION_AVAILABLE,True,2024-02-05,OFFICIAL_DAILY_OBSERVATION_DATE_NO_INTRADAY_TIMESTAMP_CLAIM
2024-02-06,CORE_BETA,CORE_BETA_A500,DOMAIN_PRIMARY,CSI_A500,000510,3641.68,3826.15,3641.68,3825.41,4.42,27388860415.0,3488.87,,,csindex:index_perf,000510,OFFICIAL_HISTORICAL_VALUATION_AVAILABLE,True,2024-02-06,OFFICIAL_DAILY_OBSERVATION_DATE_NO_INTRADAY_TIMESTAMP_CLAIM
2024-02-07,CORE_BETA,CORE_BETA_A500,DOMAIN_PRIMARY,CSI_A500,000510,3829.72,3902.19,3829.72,3902.19,2.01,30634714421.0,3893.09,,,csindex:index_perf,000510,OFFICIAL_HISTORICAL_VALUATION_AVAILABLE,True,2024-02-07,OFFICIAL_DAILY_OBSERVATION_DATE_NO_INTRADAY_TIMESTAMP_CLAIM
2024-02-08,CORE_BETA,CORE_BETA_A500,DOMAIN_PRIMARY,CSI_A500,000510,3913.36,3960.96,3908.79,3934.25,0.82,27928105835.0,3656.6,,,csindex:index_perf,000510,OFFICIAL_HISTORICAL_VALUATION_AVAILABLE,True,2024-02-08,OFFICIAL_DAILY_OBSERVATION_DATE_NO_INTRADAY_TIMESTAMP_CLAIM
2024-02-19,CORE_BETA,CORE_BETA_A500,DOMAIN_PRIMARY,CSI_A500,000510,3977.84,3977.84,3939.47,3976.73,1.08,25796034328.0,3508.28,,,csindex:index_perf,000510,OFFICIAL_HISTORICAL_VALUATION_AVAILABLE,True,2024-02-19,OFFICIAL_DAILY_OBSERVATION_DATE_NO_INTRADAY_TIMESTAMP_CLAIM
2024-02-20,CORE_BETA,CORE_BETA_A500,DOMAIN_PRIMARY,CSI_A500,000510,3962.66,3982.01,3944.53,3978.07,0.03,19165577287.0,2774.38,,,csindex:index_perf,000510,OFFICIAL_HISTORICAL_VALUATION_AVAILABLE,True,2024-02-20,OFFICIAL_DAILY_OBSERVATION_DATE_NO_INTRADAY_TIMESTAMP_CLAIM
2024-02-21,CORE_BETA,CORE_BETA_A500,DOMAIN_PRIMARY,CSI_A500,000510,3952.44,4077.72,3952.44,4021.93,1.1,24890755721.0,3549.95,,,csindex:index_perf,000510,OFFICIAL_HISTORICAL_VALUATION_AVAILABLE,True,2024-02-21,OFFICIAL_DAILY_OBSERVATION_DATE_NO_INTRADAY_TIMESTAMP_CLAIM
2024-02-22,CORE_BETA,CORE_BETA_A500,DOMAIN_PRIMARY,CSI_A500,000510,4015.26,4056.43,4015.26,4056.43,0.86,19152280845.0,2789.25,,,csindex:index_perf,000510,OFFICIAL_HISTORICAL_VALUATION_AVAILABLE,True,2024-02-22,OFFICIAL_DAILY_OBSERVATION_DATE_NO_INTRADAY_TIMESTAMP_CLAIM
2024-02-23,CORE_BETA,CORE_BETA_A500,DOMAIN_PRIMARY,CSI_A500,000510,4063.41,4067.08,4041.82,4064.84,0.21,21052261005.0,3024.93,,,csindex:index_perf,000510,OFFICIAL_HISTORICAL_VALUATION_AVAILABLE,True,2024-02-23,OFFICIAL_DAILY_OBSERVATION_DATE_NO_INTRADAY_TIMESTAMP_CLAIM
2024-02-26,CORE_BETA,CORE_BETA_A500,DOMAIN_PRIMARY,CSI_A500,000510,4061.71,4065.16,4032.08,4034.64,-0.74,22014907559.0,3135.08,,,csindex:index_perf,000510,OFFICIAL_HISTORICAL_VALUATION_AVAILABLE,True,2024-02-26,OFFICIAL_DAILY_OBSERVATION_DATE_NO_INTRADAY_TIMESTAMP_CLAIM
2024-02-27,CORE_BETA,CORE_BETA_A500,DOMAIN_PRIMARY,CSI_A500,000510,4018.3,4094.55,4018.3,4094.55,1.49,21323904829.0,3261.93,,,csindex:index_perf,000510,OFFICIAL_HISTORICAL_VALUATION_AVAILABLE,True,2024-02-27,OFFICIAL_DAILY_OBSERVATION_DATE_NO_INTRADAY_TIMESTAMP_CLAIM
2024-02-28,CORE_BETA,CORE_BETA_A500,DOMAIN_PRIMARY,CSI_A500,000510,4100.27,4130.17,4026.96,4026.96,-1.65,28588740400.0,4341.78,,,csindex:index_perf,000510,OFFICIAL_HISTORICAL_VALUATION_AVAILABLE,True,2024-02-28,OFFICIAL_DAILY_OBSERVATION_DATE_NO_INTRADAY_TIMESTAMP_CLAIM
2024-02-29,CORE_BETA,CORE_BETA_A500,DOMAIN_PRIMARY,CSI_A500,000510,4010.72,4118.96,4010.72,4118.96,2.29,22934157754.0,3682.39,,,csindex:index_perf,000510,OFFICIAL_HISTORICAL_VALUATION_AVAILABLE,True,2024-02-29,OFFICIAL_DAILY_OBSERVATION_DATE_NO_INTRADAY_TIMESTAMP_CLAIM
2024-03-01,CORE_BETA,CORE_BETA_A500,DOMAIN_PRIMARY,CSI_A500,000510,4118.51,4150.71,4114.77,4147.92,0.7,23186138177.0,3770.69,,,csindex:index_perf,000510,OFFICIAL_HISTORICAL_VALUATION_AVAILABLE,True,2024-03-01,OFFICIAL_DAILY_OBSERVATION_DATE_NO_INTRADAY_TIMESTAMP_CLAIM
2024-03-04,CORE_BETA,CORE_BETA_A500,DOMAIN_PRIMARY,CSI_A500,000510,4151.15,4158.59,4125.83,4156.22,0.2,23651745107.0,3914.52,,,csindex:index_perf,000510,OFFICIAL_HISTORICAL_VALUATION_AVAILABLE,True,2024-03-04,OFFICIAL_DAILY_OBSERVATION_DATE_NO_INTRADAY_TIMESTAMP_CLAIM
2024-03-05,CORE_BETA,CORE_BETA_A500,DOMAIN_PRIMARY,CSI_A500,000510,4135.3,4173.52,4135.3,4170.82,0.35,24033242390.0,3935.17,,,csindex:index_perf,000510,OFFICIAL_HISTORICAL_VALUATION_AVAILABLE,True,2024-03-05,OFFICIAL_DAILY_OBSERVATION_DATE_NO_INTRADAY_TIMESTAMP_CLAIM
2024-03-06,CORE_BETA,CORE_BETA_A500,DOMAIN_PRIMARY,CSI_A500,000510,4157.82,4181.35,4147.29,4158.08,-0.3,20364313054.0,3238.29,,,csindex:index_perf,000510,OFFICIAL_HISTORICAL_VALUATION_AVAILABLE,True,2024-03-06,OFFICIAL_DAILY_OBSERVATION_DATE_NO_INTRADAY_TIMESTAMP_CLAIM
2024-03-07,CORE_BETA,CORE_BETA_A500,DOMAIN_PRIMARY,CSI_A500,000510,4155.57,4175.16,4122.04,4124.08,-0.82,22389905020.0,3347.16,,,csindex:index_perf,000510,OFFICIAL_HISTORICAL_VALUATION_AVAILABLE,True,2024-03-07,OFFICIAL_DAILY_OBSERVATION_DATE_NO_INTRADAY_TIMESTAMP_CLAIM
2024-03-08,CORE_BETA,CORE_BETA_A500,DOMAIN_PRIMARY,CSI_A500,000510,4125.13,4155.4,4110.22,4152.9,0.7,19039429268.0,3020.68,,,csindex:index_perf,000510,OFFICIAL_HISTORICAL_VALUATION_AVAILABLE,True,2024-03-08,OFFICIAL_DAILY_OBSERVATION_DATE_NO_INTRADAY_TIMESTAMP_CLAIM
2024-03-11,CORE_BETA,CORE_BETA_A500,DOMAIN_PRIMARY,CSI_A500,000510,4153.05,4212.5,4153.05,4212.5,1.44,22486441895.0,3785.09,,,csindex:index_perf,000510,OFFICIAL_HISTORICAL_VALUATION_AVAILABLE,True,2024-03-11,OFFICIAL_DAILY_OBSERVATION_DATE_NO_INTRADAY_TIMESTAMP_CLAIM
2024-03-12,CORE_BETA,CORE_BETA_A500,DOMAIN_PRIMARY,CSI_A500,000510,4217.75,4233.11,4200.3,4221.12,0.21,25753486055.0,4321.94,,,csindex:index_perf,000510,OFFICIAL_HISTORICAL_VALUATION_AVAILABLE,True,2024-03-12,OFFICIAL_DAILY_OBSERVATION_DATE_NO_INTRADAY_TIMESTAMP_CLAIM
2024-03-13,CORE_BETA,CORE_BETA_A500,DOMAIN_PRIMARY,CSI_A500,000510,4219.94,4224.04,4189.95,4200.65,-0.49,22969401729.0,3652.12,,,csindex:index_perf,000510,OFFICIAL_HISTORICAL_VALUATION_AVAILABLE,True,2024-03-13,OFFICIAL_DAILY_OBSERVATION_DATE_NO_INTRADAY_TIMESTAMP_CLAIM
2024-03-14,CORE_BETA,CORE_BETA_A500,DOMAIN_PRIMARY,CSI_A500,000510,4201.69,4225.18,4169.34,4189.25,-0.27,22131588327.0,3523.78,,,csindex:index_perf,000510,OFFICIAL_HISTORICAL_VALUATION_AVAILABLE,True,2024-03-14,OFFICIAL_DAILY_OBSERVATION_DATE_NO_INTRADAY_TIMESTAMP_CLAIM
2024-03-15,CORE_BETA,CORE_BETA_A500,DOMAIN_PRIMARY,CSI_A500,000510,4179.5,4209.11,4154.52,4207.05,0.43,21830336278.0,3386.81,,,csindex:index_perf,000510,OFFICIAL_HISTORICAL_VALUATION_AVAILABLE,True,2024-03-15,OFFICIAL_DAILY_OBSERVATION_DATE_NO_INTRADAY_TIMESTAMP_CLAIM
2024-03-18,CORE_BETA,CORE_BETA_A500,DOMAIN_PRIMARY,CSI_A500,000510,4218.0,4250.5,4217.68,4250.22,1.03,24680417587.0,3975.66,,,csindex:index_perf,000510,OFFICIAL_HISTORICAL_VALUATION_AVAILABLE,True,2024-03-18,OFFICIAL_DAILY_OBSERVATION_DATE_NO_INTRADAY_TIMESTAMP_CLAIM
2024-03-19,CORE_BETA,CORE_BETA_A500,DOMAIN_PRIMARY,CSI_A500,000510,4238.6,4254.57,4217.7,4217.7,-0.77,23733176613.0,3653.15,,,csindex:index_perf,000510,OFFICIAL_HISTORICAL_VALUATION_AVAILABLE,True,2024-03-19,OFFICIAL_DAILY_OBSERVATION_DATE_NO_INTRADAY_TIMESTAMP_CLAIM
2024-03-20,CORE_BETA,CORE_BETA_A500,DOMAIN_PRIMARY,CSI_A500,000510,4207.41,4231.98,4207.41,4229.9,0.29,20890980628.0,3220.58,,,csindex:index_perf,000510,OFFICIAL_HISTORICAL_VALUATION_AVAILABLE,True,2024-03-20,OFFICIAL_DAILY_OBSERVATION_DATE_NO_INTRADAY_TIMESTAMP_CLAIM
2024-03-21,CORE_BETA,CORE_BETA_A500,DOMAIN_PRIMARY,CSI_A500,000510,4240.68,4242.53,4213.48,4219.38,-0.25,20818149227.0,3284.3,,,csindex:index_perf,000510,OFFICIAL_HISTORICAL_VALUATION_AVAILABLE,True,2024-03-21,OFFICIAL_DAILY_OBSERVATION_DATE_NO_INTRADAY_TIMESTAMP_CLAIM
2024-03-22,CORE_BETA,CORE_BETA_A500,DOMAIN_PRIMARY,CSI_A500,000510,4207.53,4207.53,4152.85,4176.06,-1.03,22509423255.0,3519.17,,,csindex:index_perf,000510,OFFICIAL_HISTORICAL_VALUATION_AVAILABLE,True,2024-03-22,OFFICIAL_DAILY_OBSERVATION_DATE_NO_INTRADAY_TIMESTAMP_CLAIM
2024-03-25,CORE_BETA,CORE_BETA_A500,DOMAIN_PRIMARY,CSI_A500,000510,4166.91,4197.62,4142.67,4142.67,-0.8,21588928582.0,3297.88,,,csindex:index_perf,000510,OFFICIAL_HISTORICAL_VALUATION_AVAILABLE,True,2024-03-25,OFFICIAL_DAILY_OBSERVATION_DATE_NO_INTRADAY_TIMESTAMP_CLAIM
2024-03-26,CORE_BETA,CORE_BETA_A500,DOMAIN_PRIMARY,CSI_A500,000510,4142.27,4159.5,4131.18,4157.11,0.35,19586807439.0,3216.37,,,csindex:index_perf,000510,OFFICIAL_HISTORICAL_VALUATION_AVAILABLE,True,2024-03-26,OFFICIAL_DAILY_OBSERVATION_DATE_NO_INTRADAY_TIMESTAMP_CLAIM
2024-03-27,CORE_BETA,CORE_BETA_A500,DOMAIN_PRIMARY,CSI_A500,000510,4152.11,4152.11,4093.02,4093.02,-1.54,19062661218.0,2946.66,,,csindex:index_perf,000510,OFFICIAL_HISTORICAL_VALUATION_AVAILABLE,True,2024-03-27,OFFICIAL_DAILY_OBSERVATION_DATE_NO_INTRADAY_TIMESTAMP_CLAIM
2024-03-28,CORE_BETA,CORE_BETA_A500,DOMAIN_PRIMARY,CSI_A500,000510,4089.34,4156.79,4089.34,4127.86,0.85,20319001204.0,3169.19,,,csindex:index_perf,000510,OFFICIAL_HISTORICAL_VALUATION_AVAILABLE,True,2024-03-28,OFFICIAL_DAILY_OBSERVATION_DATE_NO_INTRADAY_TIMESTAMP_CLAIM
2024-03-29,CORE_BETA,CORE_BETA_A500,DOMAIN_PRIMARY,CSI_A500,000510,4124.6,4154.62,4124.6,4154.54,0.65,18752564306.0,2835.36,,,csindex:index_perf,000510,OFFICIAL_HISTORICAL_VALUATION_AVAILABLE,True,2024-03-29,OFFICIAL_DAILY_OBSERVATION_DATE_NO_INTRADAY_TIMESTAMP_CLAIM
2024-04-01,CORE_BETA,CORE_BETA_A500,DOMAIN_PRIMARY,CSI_A500,000510,4172.24,4231.91,4172.24,4231.91,1.86,23782747195.0,3561.84,,,csindex:index_perf,000510,OFFICIAL_HISTORICAL_VALUATION_AVAILABLE,True,2024-04-01,OFFICIAL_DAILY_OBSERVATION_DATE_NO_INTRADAY_TIMESTAMP_CLAIM
2024-04-02,CORE_BETA,CORE_BETA_A500,DOMAIN_PRIMARY,CSI_A500,000510,4228.03,4228.26,4200.02,4214.18,-0.42,21736577457.0,3219.36,,,csindex:index_perf,000510,OFFICIAL_HISTORICAL_VALUATION_AVAILABLE,True,2024-04-02,OFFICIAL_DAILY_OBSERVATION_DATE_NO_INTRADAY_TIMESTAMP_CLAIM
2024-04-03,CORE_BETA,CORE_BETA_A500,DOMAIN_PRIMARY,CSI_A500,000510,4211.6,4211.6,4193.81,4200.94,-0.31,22078655968.0,3195.89,,,csindex:index_perf,000510,OFFICIAL_HISTORICAL_VALUATION_AVAILABLE,True,2024-04-03,OFFICIAL_DAILY_OBSERVATION_DATE_NO_INTRADAY_TIMESTAMP_CLAIM
2024-04-08,CORE_BETA,CORE_BETA_A500,DOMAIN_PRIMARY,CSI_A500,000510,4186.06,4201.28,4158.94,4158.94,-1.0,24220822694.0,3437.28,,,csindex:index_perf,000510,OFFICIAL_HISTORICAL_VALUATION_AVAILABLE,True,2024-04-08,OFFICIAL_DAILY_OBSERVATION_DATE_NO_INTRADAY_TIMESTAMP_CLAIM
2024-04-09,CORE_BETA,CORE_BETA_A500,DOMAIN_PRIMARY,CSI_A500,000510,4154.99,4166.77,4143.92,4164.4,0.13,19721790641.0,2846.39,,,csindex:index_perf,000510,OFFICIAL_HISTORICAL_VALUATION_AVAILABLE,True,2024-04-09,OFFICIAL_DAILY_OBSERVATION_DATE_NO_INTRADAY_TIMESTAMP_CLAIM
2024-04-10,CORE_BETA,CORE_BETA_A500,DOMAIN_PRIMARY,CSI_A500,000510,4158.02,4158.02,4106.17,4125.57,-0.93,19620457939.0,2842.95,,,csindex:index_perf,000510,OFFICIAL_HISTORICAL_VALUATION_AVAILABLE,True,2024-04-10,OFFICIAL_DAILY_OBSERVATION_DATE_NO_INTRADAY_TIMESTAMP_CLAIM
2024-04-11,CORE_BETA,CORE_BETA_A500,DOMAIN_PRIMARY,CSI_A500,000510,4100.18,4149.3,4100.18,4128.58,0.07,19849632119.0,2873.32,,,csindex:index_perf,000510,OFFICIAL_HISTORICAL_VALUATION_AVAILABLE,True,2024-04-11,OFFICIAL_DAILY_OBSERVATION_DATE_NO_INTRADAY_TIMESTAMP_CLAIM
2024-04-12,CORE_BETA,CORE_BETA_A500,DOMAIN_PRIMARY,CSI_A500,000510,4130.67,4133.26,4098.47,4099.5,-0.7,18948479785.0,2878.06,,,csindex:index_perf,000510,OFFICIAL_HISTORICAL_VALUATION_AVAILABLE,True,2024-04-12,OFFICIAL_DAILY_OBSERVATION_DATE_NO_INTRADAY_TIMESTAMP_CLAIM
2024-04-15,CORE_BETA,CORE_BETA_A500,DOMAIN_PRIMARY,CSI_A500,000510,4094.97,4177.15,4092.06,4173.03,1.79,25913188682.0,3557.65,,,csindex:index_perf,000510,OFFICIAL_HISTORICAL_VALUATION_AVAILABLE,True,2024-04-15,OFFICIAL_DAILY_OBSERVATION_DATE_NO_INTRADAY_TIMESTAMP_CLAIM
2024-04-16,CORE_BETA,CORE_BETA_A500,DOMAIN_PRIMARY,CSI_A500,000510,4152.72,4159.71,4107.54,4107.54,-1.57,25729962912.0,3449.33,,,csindex:index_perf,000510,OFFICIAL_HISTORICAL_VALUATION_AVAILABLE,True,2024-04-16,OFFICIAL_DAILY_OBSERVATION_DATE_NO_INTRADAY_TIMESTAMP_CLAIM
2024-04-17,CORE_BETA,CORE_BETA_A500,DOMAIN_PRIMARY,CSI_A500,000510,4110.4,4186.05,4110.4,4185.72,1.9,23724569082.0,3264.46,,,csindex:index_perf,000510,OFFICIAL_HISTORICAL_VALUATION_AVAILABLE,True,2024-04-17,OFFICIAL_DAILY_OBSERVATION_DATE_NO_INTRADAY_TIMESTAMP_CLAIM
2024-04-18,CORE_BETA,CORE_BETA_A500,DOMAIN_PRIMARY,CSI_A500,000510,4166.67,4222.5,4166.67,4186.64,0.02,24272907999.0,3447.57,,,csindex:index_perf,000510,OFFICIAL_HISTORICAL_VALUATION_AVAILABLE,True,2024-04-18,OFFICIAL_DAILY_OBSERVATION_DATE_NO_INTRADAY_TIMESTAMP_CLAIM
2024-04-19,CORE_BETA,CORE_BETA_A500,DOMAIN_PRIMARY,CSI_A500,000510,4164.72,4176.88,4142.07,4156.64,-0.72,21959194111.0,3182.16,,,csindex:index_perf,000510,OFFICIAL_HISTORICAL_VALUATION_AVAILABLE,True,2024-04-19,OFFICIAL_DAILY_OBSERVATION_DATE_NO_INTRADAY_TIMESTAMP_CLAIM
2024-04-22,CORE_BETA,CORE_BETA_A500,DOMAIN_PRIMARY,CSI_A500,000510,4146.97,4172.22,4134.82,4136.7,-0.48,21596164349.0,3099.1,,,csindex:index_perf,000510,OFFICIAL_HISTORICAL_VALUATION_AVAILABLE,True,2024-04-22,OFFICIAL_DAILY_OBSERVATION_DATE_NO_INTRADAY_TIMESTAMP_CLAIM
2024-04-23,CORE_BETA,CORE_BETA_A500,DOMAIN_PRIMARY,CSI_A500,000510,4128.27,4128.27,4094.65,4101.91,-0.84,20770377894.0,2919.0,,,csindex:index_perf,000510,OFFICIAL_HISTORICAL_VALUATION_AVAILABLE,True,2024-04-23,OFFICIAL_DAILY_OBSERVATION_DATE_NO_INTRADAY_TIMESTAMP_CLAIM
2024-04-24,CORE_BETA,CORE_BETA_A500,DOMAIN_PRIMARY,CSI_A500,000510,4109.15,4128.71,4095.82,4128.71,0.65,18543040390.0,2780.43,,,csindex:index_perf,000510,OFFICIAL_HISTORICAL_VALUATION_AVAILABLE,True,2024-04-24,OFFICIAL_DAILY_OBSERVATION_DATE_NO_INTRADAY_TIMESTAMP_CLAIM
2024-04-25,CORE_BETA,CORE_BETA_A500,DOMAIN_PRIMARY,CSI_A500,000510,4113.85,4149.33,4111.42,4135.89,0.17,17911906008.0,2647.95,,,csindex:index_perf,000510,OFFICIAL_HISTORICAL_VALUATION_AVAILABLE,True,2024-04-25,OFFICIAL_DAILY_OBSERVATION_DATE_NO_INTRADAY_TIMESTAMP_CLAIM
2024-04-26,CORE_BETA,CORE_BETA_A500,DOMAIN_PRIMARY,CSI_A500,000510,4134.19,4204.85,4134.19,4204.26,1.65,26003433989.0,3933.99,,,csindex:index_perf,000510,OFFICIAL_HISTORICAL_VALUATION_AVAILABLE,True,2024-04-26,OFFICIAL_DAILY_OBSERVATION_DATE_NO_INTRADAY_TIMESTAMP_CLAIM
2024-04-29,CORE_BETA,CORE_BETA_A500,DOMAIN_PRIMARY,CSI_A500,000510,4204.85,4275.84,4204.85,4260.22,1.33,29710994208.0,4534.39,,,csindex:index_perf,000510,OFFICIAL_HISTORICAL_VALUATION_AVAILABLE,True,2024-04-29,OFFICIAL_DAILY_OBSERVATION_DATE_NO_INTRADAY_TIMESTAMP_CLAIM
2024-04-30,CORE_BETA,CORE_BETA_A500,DOMAIN_PRIMARY,CSI_A500,000510,4254.6,4260.42,4232.69,4232.69,-0.65,26317449576.0,3686.92,,,csindex:index_perf,000510,OFFICIAL_HISTORICAL_VALUATION_AVAILABLE,True,2024-04-30,OFFICIAL_DAILY_OBSERVATION_DATE_NO_INTRADAY_TIMESTAMP_CLAIM
2024-05-06,CORE_BETA,CORE_BETA_A500,DOMAIN_PRIMARY,CSI_A500,000510,4289.71,4308.44,4286.69,4301.89,1.64,28371906921.0,4249.65,,,csindex:index_perf,000510,OFFICIAL_HISTORICAL_VALUATION_AVAILABLE,True,2024-05-06,OFFICIAL_DAILY_OBSERVATION_DATE_NO_INTRADAY_TIMESTAMP_CLAIM
2024-05-07,CORE_BETA,CORE_BETA_A500,DOMAIN_PRIMARY,CSI_A500,000510,4301.92,4312.33,4293.72,4304.15,0.05,22970546633.0,3326.91,,,csindex:index_perf,000510,OFFICIAL_HISTORICAL_VALUATION_AVAILABLE,True,2024-05-07,OFFICIAL_DAILY_OBSERVATION_DATE_NO_INTRADAY_TIMESTAMP_CLAIM
2024-05-08,CORE_BETA,CORE_BETA_A500,DOMAIN_PRIMARY,CSI_A500,000510,4293.86,4293.86,4260.78,4261.39,-0.99,19201723118.0,2759.4,,,csindex:index_perf,000510,OFFICIAL_HISTORICAL_VALUATION_AVAILABLE,True,2024-05-08,OFFICIAL_DAILY_OBSERVATION_DATE_NO_INTRADAY_TIMESTAMP_CLAIM
2024-05-09,CORE_BETA,CORE_BETA_A500,DOMAIN_PRIMARY,CSI_A500,000510,4262.29,4315.22,4262.29,4311.92,1.19,21179650545.0,3154.65,,,csindex:index_perf,000510,OFFICIAL_HISTORICAL_VALUATION_AVAILABLE,True,2024-05-09,OFFICIAL_DAILY_OBSERVATION_DATE_NO_INTRADAY_TIMESTAMP_CLAIM
2024-05-10,CORE_BETA,CORE_BETA_A500,DOMAIN_PRIMARY,CSI_A500,000510,4317.68,4317.68,4280.8,4305.79,-0.14,21063115979.0,3080.69,,,csindex:index_perf,000510,OFFICIAL_HISTORICAL_VALUATION_AVAILABLE,True,2024-05-10,OFFICIAL_DAILY_OBSERVATION_DATE_NO_INTRADAY_TIMESTAMP_CLAIM
2024-05-13,CORE_BETA,CORE_BETA_A500,DOMAIN_PRIMARY,CSI_A500,000510,4280.39,4303.02,4270.7,4293.77,-0.28,21133940372.0,3123.94,,,csindex:index_perf,000510,OFFICIAL_HISTORICAL_VALUATION_AVAILABLE,True,2024-05-13,OFFICIAL_DAILY_OBSERVATION_DATE_NO_INTRADAY_TIMESTAMP_CLAIM
2024-05-14,CORE_BETA,CORE_BETA_A500,DOMAIN_PRIMARY,CSI_A500,000510,4299.03,4306.41,4278.31,4285.8,-0.19,19053357576.0,2774.95,,,csindex:index_perf,000510,OFFICIAL_HISTORICAL_VALUATION_AVAILABLE,True,2024-05-14,OFFICIAL_DAILY_OBSERVATION_DATE_NO_INTRADAY_TIMESTAMP_CLAIM
2024-05-15,CORE_BETA,CORE_BETA_A500,DOMAIN_PRIMARY,CSI_A500,000510,4277.51,4278.63,4249.97,4251.0,-0.81,17363462011.0,2488.52,,,csindex:index_perf,000510,OFFICIAL_HISTORICAL_VALUATION_AVAILABLE,True,2024-05-15,OFFICIAL_DAILY_OBSERVATION_DATE_NO_INTRADAY_TIMESTAMP_CLAIM
2024-05-16,CORE_BETA,CORE_BETA_A500,DOMAIN_PRIMARY,CSI_A500,000510,4263.55,4280.86,4253.62,4260.77,0.23,20994322564.0,3050.78,,,csindex:index_perf,000510,OFFICIAL_HISTORICAL_VALUATION_AVAILABLE,True,2024-05-16,OFFICIAL_DAILY_OBSERVATION_DATE_NO_INTRADAY_TIMESTAMP_CLAIM
2024-05-17,CORE_BETA,CORE_BETA_A500,DOMAIN_PRIMARY,CSI_A500,000510,4258.81,4307.94,4248.06,4307.94,1.11,22140982222.0,3198.11,,,csindex:index_perf,000510,OFFICIAL_HISTORICAL_VALUATION_AVAILABLE,True,2024-05-17,OFFICIAL_DAILY_OBSERVATION_DATE_NO_INTRADAY_TIMESTAMP_CLAIM
2024-05-20,CORE_BETA,CORE_BETA_A500,DOMAIN_PRIMARY,CSI_A500,000510,4313.03,4331.97,4310.82,4326.88,0.44,25181309998.0,3652.98,,,csindex:index_perf,000510,OFFICIAL_HISTORICAL_VALUATION_AVAILABLE,True,2024-05-20,OFFICIAL_DAILY_OBSERVATION_DATE_NO_INTRADAY_TIMESTAMP_CLAIM
2024-05-21,CORE_BETA,CORE_BETA_A500,DOMAIN_PRIMARY,CSI_A500,000510,4316.79,4316.79,4293.18,4302.33,-0.57,18991760923.0,2640.18,,,csindex:index_perf,000510,OFFICIAL_HISTORICAL_VALUATION_AVAILABLE,True,2024-05-21,OFFICIAL_DAILY_OBSERVATION_DATE_NO_INTRADAY_TIMESTAMP_CLAIM
2024-05-22,CORE_BETA,CORE_BETA_A500,DOMAIN_PRIMARY,CSI_A500,000510,4299.72,4312.17,4293.09,4307.33,0.12,20123246052.0,2926.99,,,csindex:index_perf,000510,OFFICIAL_HISTORICAL_VALUATION_AVAILABLE,True,2024-05-22,OFFICIAL_DAILY_OBSERVATION_DATE_NO_INTRADAY_TIMESTAMP_CLAIM
2024-05-23,CORE_BETA,CORE_BETA_A500,DOMAIN_PRIMARY,CSI_A500,000510,4291.61,4291.61,4239.79,4248.86,-1.36,20132728964.0,2838.59,,,csindex:index_perf,000510,OFFICIAL_HISTORICAL_VALUATION_AVAILABLE,True,2024-05-23,OFFICIAL_DAILY_OBSERVATION_DATE_NO_INTRADAY_TIMESTAMP_CLAIM
2024-05-24,CORE_BETA,CORE_BETA_A500,DOMAIN_PRIMARY,CSI_A500,000510,4235.86,4257.12,4202.24,4202.59,-1.09,16949045871.0,2502.81,,,csindex:index_perf,000510,OFFICIAL_HISTORICAL_VALUATION_AVAILABLE,True,2024-05-24,OFFICIAL_DAILY_OBSERVATION_DATE_NO_INTRADAY_TIMESTAMP_CLAIM
2024-05-27,CORE_BETA,CORE_BETA_A500,DOMAIN_PRIMARY,CSI_A500,000510,4209.41,4245.31,4201.84,4243.43,0.97,18210211284.0,2637.05,,,csindex:index_perf,000510,OFFICIAL_HISTORICAL_VALUATION_AVAILABLE,True,2024-05-27,OFFICIAL_DAILY_OBSERVATION_DATE_NO_INTRADAY_TIMESTAMP_CLAIM
2024-05-28,CORE_BETA,CORE_BETA_A500,DOMAIN_PRIMARY,CSI_A500,000510,4239.46,4240.97,4208.66,4209.6,-0.8,17205018446.0,2427.65,,,csindex:index_perf,000510,OFFICIAL_HISTORICAL_VALUATION_AVAILABLE,True,2024-05-28,OFFICIAL_DAILY_OBSERVATION_DATE_NO_INTRADAY_TIMESTAMP_CLAIM
2024-05-29,CORE_BETA,CORE_BETA_A500,DOMAIN_PRIMARY,CSI_A500,000510,4208.23,4234.56,4205.31,4218.6,0.21,16360477116.0,2343.25,,,csindex:index_perf,000510,OFFICIAL_HISTORICAL_VALUATION_AVAILABLE,True,2024-05-29,OFFICIAL_DAILY_OBSERVATION_DATE_NO_INTRADAY_TIMESTAMP_CLAIM
2024-05-30,CORE_BETA,CORE_BETA_A500,DOMAIN_PRIMARY,CSI_A500,000510,4211.13,4226.05,4192.76,4197.96,-0.49,17356588320.0,2513.77,,,csindex:index_perf,000510,OFFICIAL_HISTORICAL_VALUATION_AVAILABLE,True,2024-05-30,OFFICIAL_DAILY_OBSERVATION_DATE_NO_INTRADAY_TIMESTAMP_CLAIM
2024-05-31,CORE_BETA,CORE_BETA_A500,DOMAIN_PRIMARY,CSI_A500,000510,4202.9,4222.02,4182.71,4182.71,-0.36,15927014325.0,2344.73,,,csindex:index_perf,000510,OFFICIAL_HISTORICAL_VALUATION_AVAILABLE,True,2024-05-31,OFFICIAL_DAILY_OBSERVATION_DATE_NO_INTRADAY_TIMESTAMP_CLAIM
2024-06-03,CORE_BETA,CORE_BETA_A500,DOMAIN_PRIMARY,CSI_A500,000510,4180.01,4204.01,4166.09,4189.86,0.17,19747936055.0,2835.3,,,csindex:index_perf,000510,OFFICIAL_HISTORICAL_VALUATION_AVAILABLE,True,2024-06-03,OFFICIAL_DAILY_OBSERVATION_DATE_NO_INTRADAY_TIMESTAMP_CLAIM
2024-06-04,CORE_BETA,CORE_BETA_A500,DOMAIN_PRIMARY,CSI_A500,000510,4182.84,4232.92,4181.04,4228.1,0.91,17684897489.0,2545.09,,,csindex:index_perf,000510,OFFICIAL_HISTORICAL_VALUATION_AVAILABLE,True,2024-06-04,OFFICIAL_DAILY_OBSERVATION_DATE_NO_INTRADAY_TIMESTAMP_CLAIM
2024-06-05,CORE_BETA,CORE_BETA_A500,DOMAIN_PRIMARY,CSI_A500,000510,4219.22,4234.73,4199.37,4199.37,-0.68,16761552217.0,2403.06,,,csindex:index_perf,000510,OFFICIAL_HISTORICAL_VALUATION_AVAILABLE,True,2024-06-05,OFFICIAL_DAILY_OBSERVATION_DATE_NO_INTRADAY_TIMESTAMP_CLAIM
2024-06-06,CORE_BETA,CORE_BETA_A500,DOMAIN_PRIMARY,CSI_A500,000510,4209.46,4229.33,4185.87,4189.64,-0.23,20998658190.0,2938.97,,,csindex:index_perf,000510,OFFICIAL_HISTORICAL_VALUATION_AVAILABLE,True,2024-06-06,OFFICIAL_DAILY_OBSERVATION_DATE_NO_INTRADAY_TIMESTAMP_CLAIM
2024-06-07,CORE_BETA,CORE_BETA_A500,DOMAIN_PRIMARY,CSI_A500,000510,4194.34,4198.29,4144.15,4167.53,-0.53,18206981232.0,2647.28,,,csindex:index_perf,000510,OFFICIAL_HISTORICAL_VALUATION_AVAILABLE,True,2024-06-07,OFFICIAL_DAILY_OBSERVATION_DATE_NO_INTRADAY_TIMESTAMP_CLAIM
2024-06-11,CORE_BETA,CORE_BETA_A500,DOMAIN_PRIMARY,CSI_A500,000510,4143.6,4146.94,4119.16,4140.49,-0.65,18814087885.0,2732.55,,,csindex:index_perf,000510,OFFICIAL_HISTORICAL_VALUATION_AVAILABLE,True,2024-06-11,OFFICIAL_DAILY_OBSERVATION_DATE_NO_INTRADAY_TIMESTAMP_CLAIM
2024-06-12,CORE_BETA,CORE_BETA_A500,DOMAIN_PRIMARY,CSI_A500,000510,4134.95,4152.84,4132.63,4145.07,0.11,17081555996.0,2530.73,,,csindex:index_perf,000510,OFFICIAL_HISTORICAL_VALUATION_AVAILABLE,True,2024-06-12,OFFICIAL_DAILY_OBSERVATION_DATE_NO_INTRADAY_TIMESTAMP_CLAIM
2024-06-13,CORE_BETA,CORE_BETA_A500,DOMAIN_PRIMARY,CSI_A500,000510,4148.59,4148.59,4115.11,4120.63,-0.59,17356709415.0,2700.12,,,csindex:index_perf,000510,OFFICIAL_HISTORICAL_VALUATION_AVAILABLE,True,2024-06-13,OFFICIAL_DAILY_OBSERVATION_DATE_NO_INTRADAY_TIMESTAMP_CLAIM
2024-06-14,CORE_BETA,CORE_BETA_A500,DOMAIN_PRIMARY,CSI_A500,000510,4108.41,4140.21,4097.36,4134.26,0.33,21692591389.0,3438.42,,,csindex:index_perf,000510,OFFICIAL_HISTORICAL_VALUATION_AVAILABLE,True,2024-06-14,OFFICIAL_DAILY_OBSERVATION_DATE_NO_INTRADAY_TIMESTAMP_CLAIM
2024-06-17,CORE_BETA,CORE_BETA_A500,DOMAIN_PRIMARY,CSI_A500,000510,4113.48,4137.98,4113.48,4132.53,-0.04,18864411493.0,2994.65,,,csindex:index_perf,000510,OFFICIAL_HISTORICAL_VALUATION_AVAILABLE,True,2024-06-17,OFFICIAL_DAILY_OBSERVATION_DATE_NO_INTRADAY_TIMESTAMP_CLAIM
2024-06-18,CORE_BETA,CORE_BETA_A500,DOMAIN_PRIMARY,CSI_A500,000510,4129.74,4152.36,4129.74,4146.0,0.33,17054245172.0,2718.63,,,csindex:index_perf,000510,OFFICIAL_HISTORICAL_VALUATION_AVAILABLE,True,2024-06-18,OFFICIAL_DAILY_OBSERVATION_DATE_NO_INTRADAY_TIMESTAMP_CLAIM
2024-06-19,CORE_BETA,CORE_BETA_A500,DOMAIN_PRIMARY,CSI_A500,000510,4144.97,4144.97,4117.54,4120.39,-0.62,15029783105.0,2460.51,,,csindex:index_perf,000510,OFFICIAL_HISTORICAL_VALUATION_AVAILABLE,True,2024-06-19,OFFICIAL_DAILY_OBSERVATION_DATE_NO_INTRADAY_TIMESTAMP_CLAIM
2024-06-20,CORE_BETA,CORE_BETA_A500,DOMAIN_PRIMARY,CSI_A500,000510,4115.75,4126.35,4080.57,4080.57,-0.97,16249016374.0,2459.72,,,csindex:index_perf,000510,OFFICIAL_HISTORICAL_VALUATION_AVAILABLE,True,2024-06-20,OFFICIAL_DAILY_OBSERVATION_DATE_NO_INTRADAY_TIMESTAMP_CLAIM
2024-06-21,CORE_BETA,CORE_BETA_A500,DOMAIN_PRIMARY,CSI_A500,000510,4072.12,4085.85,4051.41,4074.68,-0.14,14412245497.0,2260.24,,,csindex:index_perf,000510,OFFICIAL_HISTORICAL_VALUATION_AVAILABLE,True,2024-06-21,OFFICIAL_DAILY_OBSERVATION_DATE_NO_INTRADAY_TIMESTAMP_CLAIM
2024-06-24,CORE_BETA,CORE_BETA_A500,DOMAIN_PRIMARY,CSI_A500,000510,4048.54,4073.08,4039.08,4040.09,-0.85,16558945770.0,2516.05,,,csindex:index_perf,000510,OFFICIAL_HISTORICAL_VALUATION_AVAILABLE,True,2024-06-24,OFFICIAL_DAILY_OBSERVATION_DATE_NO_INTRADAY_TIMESTAMP_CLAIM
2024-06-25,CORE_BETA,CORE_BETA_A500,DOMAIN_PRIMARY,CSI_A500,000510,4037.86,4046.58,3998.49,4015.32,-0.61,16028874194.0,2425.66,,,csindex:index_perf,000510,OFFICIAL_HISTORICAL_VALUATION_AVAILABLE,True,2024-06-25,OFFICIAL_DAILY_OBSERVATION_DATE_NO_INTRADAY_TIMESTAMP_CLAIM
2024-06-26,CORE_BETA,CORE_BETA_A500,DOMAIN_PRIMARY,CSI_A500,000510,4008.99,4054.1,3997.91,4052.84,0.93,16726774894.0,2283.11,,,csindex:index_perf,000510,OFFICIAL_HISTORICAL_VALUATION_AVAILABLE,True,2024-06-26,OFFICIAL_DAILY_OBSERVATION_DATE_NO_INTRADAY_TIMESTAMP_CLAIM
2024-06-27,CORE_BETA,CORE_BETA_A500,DOMAIN_PRIMARY,CSI_A500,000510,4036.54,4036.54,4009.55,4009.55,-1.07,16595130015.0,2222.64,,,csindex:index_perf,000510,OFFICIAL_HISTORICAL_VALUATION_AVAILABLE,True,2024-06-27,OFFICIAL_DAILY_OBSERVATION_DATE_NO_INTRADAY_TIMESTAMP_CLAIM
2024-06-28,CORE_BETA,CORE_BETA_A500,DOMAIN_PRIMARY,CSI_A500,000510,3997.22,4049.11,3997.22,4023.33,0.34,18499206336.0,2574.03,,,csindex:index_perf,000510,OFFICIAL_HISTORICAL_VALUATION_AVAILABLE,True,2024-06-28,OFFICIAL_DAILY_OBSERVATION_DATE_NO_INTRADAY_TIMESTAMP_CLAIM
2024-07-01,CORE_BETA,CORE_BETA_A500,DOMAIN_PRIMARY,CSI_A500,000510,4020.46,4050.69,4002.89,4046.46,0.58,16901406633.0,2409.7,,,csindex:index_perf,000510,OFFICIAL_HISTORICAL_VALUATION_AVAILABLE,True,2024-07-01,OFFICIAL_DAILY_OBSERVATION_DATE_NO_INTRADAY_TIMESTAMP_CLAIM
2024-07-02,CORE_BETA,CORE_BETA_A500,DOMAIN_PRIMARY,CSI_A500,000510,4040.41,4052.74,4025.85,4029.67,-0.42,16510702568.0,2361.38,,,csindex:index_perf,000510,OFFICIAL_HISTORICAL_VALUATION_AVAILABLE,True,2024-07-02,OFFICIAL_DAILY_OBSERVATION_DATE_NO_INTRADAY_TIMESTAMP_CLAIM
2024-07-03,CORE_BETA,CORE_BETA_A500,DOMAIN_PRIMARY,CSI_A500,000510,4029.17,4029.17,4011.12,4017.39,-0.3,14206330529.0,2091.34,,,csindex:index_perf,000510,OFFICIAL_HISTORICAL_VALUATION_AVAILABLE,True,2024-07-03,OFFICIAL_DAILY_OBSERVATION_DATE_NO_INTRADAY_TIMESTAMP_CLAIM
2024-07-04,CORE_BETA,CORE_BETA_A500,DOMAIN_PRIMARY,CSI_A500,000510,4024.16,4038.13,3991.19,3991.19,-0.65,15538204043.0,2078.94,,,csindex:index_perf,000510,OFFICIAL_HISTORICAL_VALUATION_AVAILABLE,True,2024-07-04,OFFICIAL_DAILY_OBSERVATION_DATE_NO_INTRADAY_TIMESTAMP_CLAIM
2024-07-05,CORE_BETA,CORE_BETA_A500,DOMAIN_PRIMARY,CSI_A500,000510,3988.15,3988.15,3945.07,3985.52,-0.14,15950238492.0,2266.63,,,csindex:index_perf,000510,OFFICIAL_HISTORICAL_VALUATION_AVAILABLE,True,2024-07-05,OFFICIAL_DAILY_OBSERVATION_DATE_NO_INTRADAY_TIMESTAMP_CLAIM
2024-07-08,CORE_BETA,CORE_BETA_A500,DOMAIN_PRIMARY,CSI_A500,000510,3974.21,3974.21,3945.55,3945.64,-1.0,16239645248.0,2252.66,,,csindex:index_perf,000510,OFFICIAL_HISTORICAL_VALUATION_AVAILABLE,True,2024-07-08,OFFICIAL_DAILY_OBSERVATION_DATE_NO_INTRADAY_TIMESTAMP_CLAIM
2024-07-09,CORE_BETA,CORE_BETA_A500,DOMAIN_PRIMARY,CSI_A500,000510,3938.93,4004.26,3924.78,3997.4,1.31,19643453382.0,2832.33,,,csindex:index_perf,000510,OFFICIAL_HISTORICAL_VALUATION_AVAILABLE,True,2024-07-09,OFFICIAL_DAILY_OBSERVATION_DATE_NO_INTRADAY_TIMESTAMP_CLAIM
2024-07-10,CORE_BETA,CORE_BETA_A500,DOMAIN_PRIMARY,CSI_A500,000510,3982.84,4007.59,3980.73,3985.72,-0.29,18546244872.0,2628.64,,,csindex:index_perf,000510,OFFICIAL_HISTORICAL_VALUATION_AVAILABLE,True,2024-07-10,OFFICIAL_DAILY_OBSERVATION_DATE_NO_INTRADAY_TIMESTAMP_CLAIM
2024-07-11,CORE_BETA,CORE_BETA_A500,DOMAIN_PRIMARY,CSI_A500,000510,4016.19,4044.96,4008.69,4043.58,1.45,20862280802.0,3101.45,,,csindex:index_perf,000510,OFFICIAL_HISTORICAL_VALUATION_AVAILABLE,True,2024-07-11,OFFICIAL_DAILY_OBSERVATION_DATE_NO_INTRADAY_TIMESTAMP_CLAIM
2024-07-12,CORE_BETA,CORE_BETA_A500,DOMAIN_PRIMARY,CSI_A500,000510,4035.04,4053.86,4033.93,4046.25,0.07,18575216044.0,2680.54,,,csindex:index_perf,000510,OFFICIAL_HISTORICAL_VALUATION_AVAILABLE,True,2024-07-12,OFFICIAL_DAILY_OBSERVATION_DATE_NO_INTRADAY_TIMESTAMP_CLAIM
2024-07-15,CORE_BETA,CORE_BETA_A500,DOMAIN_PRIMARY,CSI_A500,000510,4033.05,4044.97,4032.41,4039.64,-0.16,17206841573.0,2286.44,,,csindex:index_perf,000510,OFFICIAL_HISTORICAL_VALUATION_AVAILABLE,True,2024-07-15,OFFICIAL_DAILY_OBSERVATION_DATE_NO_INTRADAY_TIMESTAMP_CLAIM
2024-07-16,CORE_BETA,CORE_BETA_A500,DOMAIN_PRIMARY,CSI_A500,000510,4029.37,4065.23,4029.35,4064.56,0.62,17704127714.0,2668.03,,,csindex:index_perf,000510,OFFICIAL_HISTORICAL_VALUATION_AVAILABLE,True,2024-07-16,OFFICIAL_DAILY_OBSERVATION_DATE_NO_INTRADAY_TIMESTAMP_CLAIM
2024-07-17,CORE_BETA,CORE_BETA_A500,DOMAIN_PRIMARY,CSI_A500,000510,4059.98,4072.0,4049.45,4057.22,-0.18,18130997431.0,2888.69,,,csindex:index_perf,000510,OFFICIAL_HISTORICAL_VALUATION_AVAILABLE,True,2024-07-17,OFFICIAL_DAILY_OBSERVATION_DATE_NO_INTRADAY_TIMESTAMP_CLAIM
2024-07-18,CORE_BETA,CORE_BETA_A500,DOMAIN_PRIMARY,CSI_A500,000510,4033.52,4079.29,4025.47,4079.29,0.54,17249795109.0,2780.65,,,csindex:index_perf,000510,OFFICIAL_HISTORICAL_VALUATION_AVAILABLE,True,2024-07-18,OFFICIAL_DAILY_OBSERVATION_DATE_NO_INTRADAY_TIMESTAMP_CLAIM
2024-07-19,CORE_BETA,CORE_BETA_A500,DOMAIN_PRIMARY,CSI_A500,000510,4054.97,4099.69,4047.81,4094.49,0.37,17618454445.0,2839.19,,,csindex:index_perf,000510,OFFICIAL_HISTORICAL_VALUATION_AVAILABLE,True,2024-07-19,OFFICIAL_DAILY_OBSERVATION_DATE_NO_INTRADAY_TIMESTAMP_CLAIM
2024-07-22,CORE_BETA,CORE_BETA_A500,DOMAIN_PRIMARY,CSI_A500,000510,4093.43,4093.43,4054.48,4073.01,-0.52,17375151190.0,2714.41,,,csindex:index_perf,000510,OFFICIAL_HISTORICAL_VALUATION_AVAILABLE,True,2024-07-22,OFFICIAL_DAILY_OBSERVATION_DATE_NO_INTRADAY_TIMESTAMP_CLAIM
2024-07-23,CORE_BETA,CORE_BETA_A500,DOMAIN_PRIMARY,CSI_A500,000510,4068.31,4068.31,3975.66,3975.66,-2.39,17702788981.0,2570.89,,,csindex:index_perf,000510,OFFICIAL_HISTORICAL_VALUATION_AVAILABLE,True,2024-07-23,OFFICIAL_DAILY_OBSERVATION_DATE_NO_INTRADAY_TIMESTAMP_CLAIM
2024-07-24,CORE_BETA,CORE_BETA_A500,DOMAIN_PRIMARY,CSI_A500,000510,3967.09,3987.72,3936.09,3946.05,-0.75,18718247936.0,2366.28,,,csindex:index_perf,000510,OFFICIAL_HISTORICAL_VALUATION_AVAILABLE,True,2024-07-24,OFFICIAL_DAILY_OBSERVATION_DATE_NO_INTRADAY_TIMESTAMP_CLAIM
2024-07-25,CORE_BETA,CORE_BETA_A500,DOMAIN_PRIMARY,CSI_A500,000510,3927.99,3942.55,3909.82,3925.35,-0.53,16536196398.0,2365.28,,,csindex:index_perf,000510,OFFICIAL_HISTORICAL_VALUATION_AVAILABLE,True,2024-07-25,OFFICIAL_DAILY_OBSERVATION_DATE_NO_INTRADAY_TIMESTAMP_CLAIM
2024-07-26,CORE_BETA,CORE_BETA_A500,DOMAIN_PRIMARY,CSI_A500,000510,3930.96,3955.95,3924.72,3948.59,0.59,16099487180.0,2345.09,,,csindex:index_perf,000510,OFFICIAL_HISTORICAL_VALUATION_AVAILABLE,True,2024-07-26,OFFICIAL_DAILY_OBSERVATION_DATE_NO_INTRADAY_TIMESTAMP_CLAIM
2024-07-29,CORE_BETA,CORE_BETA_A500,DOMAIN_PRIMARY,CSI_A500,000510,3945.81,3945.81,3924.42,3924.42,-0.61,14704981006.0,2142.6,,,csindex:index_perf,000510,OFFICIAL_HISTORICAL_VALUATION_AVAILABLE,True,2024-07-29,OFFICIAL_DAILY_OBSERVATION_DATE_NO_INTRADAY_TIMESTAMP_CLAIM
2024-07-30,CORE_BETA,CORE_BETA_A500,DOMAIN_PRIMARY,CSI_A500,000510,3912.63,3912.63,3884.14,3901.81,-0.58,14615524913.0,2116.92,,,csindex:index_perf,000510,OFFICIAL_HISTORICAL_VALUATION_AVAILABLE,True,2024-07-30,OFFICIAL_DAILY_OBSERVATION_DATE_NO_INTRADAY_TIMESTAMP_CLAIM
2024-07-31,CORE_BETA,CORE_BETA_A500,DOMAIN_PRIMARY,CSI_A500,000510,3895.13,3999.15,3895.13,3997.47,2.45,23135874502.0,3224.26,,,csindex:index_perf,000510,OFFICIAL_HISTORICAL_VALUATION_AVAILABLE,True,2024-07-31,OFFICIAL_DAILY_OBSERVATION_DATE_NO_INTRADAY_TIMESTAMP_CLAIM
2024-08-01,CORE_BETA,CORE_BETA_A500,DOMAIN_PRIMARY,CSI_A500,000510,4000.96,4000.96,3967.97,3970.35,-0.68,18270966949.0,2602.81,,,csindex:index_perf,000510,OFFICIAL_HISTORICAL_VALUATION_AVAILABLE,True,2024-08-01,OFFICIAL_DAILY_OBSERVATION_DATE_NO_INTRADAY_TIMESTAMP_CLAIM
2024-08-02,CORE_BETA,CORE_BETA_A500,DOMAIN_PRIMARY,CSI_A500,000510,3939.36,3969.81,3926.47,3926.47,-1.11,16462071314.0,2353.37,,,csindex:index_perf,000510,OFFICIAL_HISTORICAL_VALUATION_AVAILABLE,True,2024-08-02,OFFICIAL_DAILY_OBSERVATION_DATE_NO_INTRADAY_TIMESTAMP_CLAIM
2024-08-05,CORE_BETA,CORE_BETA_A500,DOMAIN_PRIMARY,CSI_A500,000510,3898.67,3951.54,3869.26,3869.26,-1.46,19532958626.0,2861.05,,,csindex:index_perf,000510,OFFICIAL_HISTORICAL_VALUATION_AVAILABLE,True,2024-08-05,OFFICIAL_DAILY_OBSERVATION_DATE_NO_INTRADAY_TIMESTAMP_CLAIM
2024-08-06,CORE_BETA,CORE_BETA_A500,DOMAIN_PRIMARY,CSI_A500,000510,3900.91,3900.91,3849.57,3879.57,0.27,17475444652.0,2361.11,,,csindex:index_perf,000510,OFFICIAL_HISTORICAL_VALUATION_AVAILABLE,True,2024-08-06,OFFICIAL_DAILY_OBSERVATION_DATE_NO_INTRADAY_TIMESTAMP_CLAIM
2024-08-07,CORE_BETA,CORE_BETA_A500,DOMAIN_PRIMARY,CSI_A500,000510,3874.5,3901.49,3874.5,3877.82,-0.04,14546546988.0,1960.61,,,csindex:index_perf,000510,OFFICIAL_HISTORICAL_VALUATION_AVAILABLE,True,2024-08-07,OFFICIAL_DAILY_OBSERVATION_DATE_NO_INTRADAY_TIMESTAMP_CLAIM
2024-08-08,CORE_BETA,CORE_BETA_A500,DOMAIN_PRIMARY,CSI_A500,000510,3866.57,3895.73,3852.97,3876.53,-0.03,14673373910.0,1961.16,,,csindex:index_perf,000510,OFFICIAL_HISTORICAL_VALUATION_AVAILABLE,True,2024-08-08,OFFICIAL_DAILY_OBSERVATION_DATE_NO_INTRADAY_TIMESTAMP_CLAIM
2024-08-09,CORE_BETA,CORE_BETA_A500,DOMAIN_PRIMARY,CSI_A500,000510,3895.67,3900.49,3861.37,3861.37,-0.39,15323417043.0,1870.24,,,csindex:index_perf,000510,OFFICIAL_HISTORICAL_VALUATION_AVAILABLE,True,2024-08-09,OFFICIAL_DAILY_OBSERVATION_DATE_NO_INTRADAY_TIMESTAMP_CLAIM
2024-08-12,CORE_BETA,CORE_BETA_A500,DOMAIN_PRIMARY,CSI_A500,000510,3857.79,3866.47,3849.81,3854.76,-0.17,12755068733.0,1558.91,,,csindex:index_perf,000510,OFFICIAL_HISTORICAL_VALUATION_AVAILABLE,True,2024-08-12,OFFICIAL_DAILY_OBSERVATION_DATE_NO_INTRADAY_TIMESTAMP_CLAIM
2024-08-13,CORE_BETA,CORE_BETA_A500,DOMAIN_PRIMARY,CSI_A500,000510,3856.81,3865.01,3836.86,3864.83,0.26,12129208714.0,1581.59,,,csindex:index_perf,000510,OFFICIAL_HISTORICAL_VALUATION_AVAILABLE,True,2024-08-13,OFFICIAL_DAILY_OBSERVATION_DATE_NO_INTRADAY_TIMESTAMP_CLAIM
2024-08-14,CORE_BETA,CORE_BETA_A500,DOMAIN_PRIMARY,CSI_A500,000510,3863.29,3863.29,3830.21,3830.21,-0.9,11328913834.0,1472.89,,,csindex:index_perf,000510,OFFICIAL_HISTORICAL_VALUATION_AVAILABLE,True,2024-08-14,OFFICIAL_DAILY_OBSERVATION_DATE_NO_INTRADAY_TIMESTAMP_CLAIM
2024-08-15,CORE_BETA,CORE_BETA_A500,DOMAIN_PRIMARY,CSI_A500,000510,3821.18,3882.75,3821.18,3866.78,0.96,15186719326.0,1894.19,,,csindex:index_perf,000510,OFFICIAL_HISTORICAL_VALUATION_AVAILABLE,True,2024-08-15,OFFICIAL_DAILY_OBSERVATION_DATE_NO_INTRADAY_TIMESTAMP_CLAIM
2024-08-16,CORE_BETA,CORE_BETA_A500,DOMAIN_PRIMARY,CSI_A500,000510,3868.6,3881.79,3862.29,3867.01,0.01,14076342836.0,1773.04,,,csindex:index_perf,000510,OFFICIAL_HISTORICAL_VALUATION_AVAILABLE,True,2024-08-16,OFFICIAL_DAILY_OBSERVATION_DATE_NO_INTRADAY_TIMESTAMP_CLAIM
2024-08-19,CORE_BETA,CORE_BETA_A500,DOMAIN_PRIMARY,CSI_A500,000510,3865.5,3900.08,3865.5,3878.35,0.29,14616864194.0,1805.27,,,csindex:index_perf,000510,OFFICIAL_HISTORICAL_VALUATION_AVAILABLE,True,2024-08-19,OFFICIAL_DAILY_OBSERVATION_DATE_NO_INTRADAY_TIMESTAMP_CLAIM
2024-08-20,CORE_BETA,CORE_BETA_A500,DOMAIN_PRIMARY,CSI_A500,000510,3883.6,3883.6,3836.83,3844.69,-0.87,14957686194.0,1771.49,,,csindex:index_perf,000510,OFFICIAL_HISTORICAL_VALUATION_AVAILABLE,True,2024-08-20,OFFICIAL_DAILY_OBSERVATION_DATE_NO_INTRADAY_TIMESTAMP_CLAIM
2024-08-21,CORE_BETA,CORE_BETA_A500,DOMAIN_PRIMARY,CSI_A500,000510,3833.41,3851.54,3826.1,3834.75,-0.26,13715139240.0,1681.98,,,csindex:index_perf,000510,OFFICIAL_HISTORICAL_VALUATION_AVAILABLE,True,2024-08-21,OFFICIAL_DAILY_OBSERVATION_DATE_NO_INTRADAY_TIMESTAMP_CLAIM
2024-08-22,CORE_BETA,CORE_BETA_A500,DOMAIN_PRIMARY,CSI_A500,000510,3836.03,3836.09,3815.35,3818.68,-0.42,14551515246.0,1864.74,,,csindex:index_perf,000510,OFFICIAL_HISTORICAL_VALUATION_AVAILABLE,True,2024-08-22,OFFICIAL_DAILY_OBSERVATION_DATE_NO_INTRADAY_TIMESTAMP_CLAIM
2024-08-23,CORE_BETA,CORE_BETA_A500,DOMAIN_PRIMARY,CSI_A500,000510,3809.99,3838.15,3809.99,3833.19,0.38,12800209763.0,1689.71,,,csindex:index_perf,000510,OFFICIAL_HISTORICAL_VALUATION_AVAILABLE,True,2024-08-23,OFFICIAL_DAILY_OBSERVATION_DATE_NO_INTRADAY_TIMESTAMP_CLAIM
2024-08-26,CORE_BETA,CORE_BETA_A500,DOMAIN_PRIMARY,CSI_A500,000510,3838.45,3838.45,3820.28,3832.7,-0.01,14193773124.0,1869.3,,,csindex:index_perf,000510,OFFICIAL_HISTORICAL_VALUATION_AVAILABLE,True,2024-08-26,OFFICIAL_DAILY_OBSERVATION_DATE_NO_INTRADAY_TIMESTAMP_CLAIM
2024-08-27,CORE_BETA,CORE_BETA_A500,DOMAIN_PRIMARY,CSI_A500,000510,3822.64,3822.64,3800.97,3807.54,-0.66,14199506666.0,1745.07,,,csindex:index_perf,000510,OFFICIAL_HISTORICAL_VALUATION_AVAILABLE,True,2024-08-27,OFFICIAL_DAILY_OBSERVATION_DATE_NO_INTRADAY_TIMESTAMP_CLAIM
2024-08-28,CORE_BETA,CORE_BETA_A500,DOMAIN_PRIMARY,CSI_A500,000510,3800.78,3803.57,3781.19,3790.86,-0.44,13976729807.0,1749.93,,,csindex:index_perf,000510,OFFICIAL_HISTORICAL_VALUATION_AVAILABLE,True,2024-08-28,OFFICIAL_DAILY_OBSERVATION_DATE_NO_INTRADAY_TIMESTAMP_CLAIM
2024-08-29,CORE_BETA,CORE_BETA_A500,DOMAIN_PRIMARY,CSI_A500,000510,3775.32,3807.75,3775.32,3795.78,0.13,18435712251.0,2252.66,,,csindex:index_perf,000510,OFFICIAL_HISTORICAL_VALUATION_AVAILABLE,True,2024-08-29,OFFICIAL_DAILY_OBSERVATION_DATE_NO_INTRADAY_TIMESTAMP_CLAIM
2024-09-03,CORE_BETA,CORE_BETA_A500,DOMAIN_PRIMARY,CSI_A500,000510,,,,3800.66,0.53,17384716680.0,2059.04,500.0,12.2,csindex:index_perf,000510,OFFICIAL_HISTORICAL_VALUATION_AVAILABLE,True,2024-09-03,OFFICIAL_DAILY_OBSERVATION_DATE_NO_INTRADAY_TIMESTAMP_CLAIM
2024-09-04,CORE_BETA,CORE_BETA_A500,DOMAIN_PRIMARY,CSI_A500,000510,,,,3777.34,-0.61,15797571400.0,1929.06,500.0,12.11,csindex:index_perf,000510,OFFICIAL_HISTORICAL_VALUATION_AVAILABLE,True,2024-09-04,OFFICIAL_DAILY_OBSERVATION_DATE_NO_INTRADAY_TIMESTAMP_CLAIM
2024-09-05,CORE_BETA,CORE_BETA_A500,DOMAIN_PRIMARY,CSI_A500,000510,,,,3785.99,0.23,14425279123.0,1804.19,500.0,12.11,csindex:index_perf,000510,OFFICIAL_HISTORICAL_VALUATION_AVAILABLE,True,2024-09-05,OFFICIAL_DAILY_OBSERVATION_DATE_NO_INTRADAY_TIMESTAMP_CLAIM
2024-09-06,CORE_BETA,CORE_BETA_A500,DOMAIN_PRIMARY,CSI_A500,000510,,,,3747.96,-1.0,13048056339.0,1636.03,500.0,12.01,csindex:index_perf,000510,OFFICIAL_HISTORICAL_VALUATION_AVAILABLE,True,2024-09-06,OFFICIAL_DAILY_OBSERVATION_DATE_NO_INTRADAY_TIMESTAMP_CLAIM
2024-09-09,CORE_BETA,CORE_BETA_A500,DOMAIN_PRIMARY,CSI_A500,000510,,,,3706.38,-1.11,14692394758.0,1862.22,500.0,,csindex:index_perf,000510,OFFICIAL_HISTORICAL_VALUATION_AVAILABLE,True,2024-09-09,OFFICIAL_DAILY_OBSERVATION_DATE_NO_INTRADAY_TIMESTAMP_CLAIM
2024-09-10,CORE_BETA,CORE_BETA_A500,DOMAIN_PRIMARY,CSI_A500,000510,,,,3710.91,0.12,14533165927.0,1822.64,500.0,11.91,csindex:index_perf,000510,OFFICIAL_HISTORICAL_VALUATION_AVAILABLE,True,2024-09-10,OFFICIAL_DAILY_OBSERVATION_DATE_NO_INTRADAY_TIMESTAMP_CLAIM
2024-09-11,CORE_BETA,CORE_BETA_A500,DOMAIN_PRIMARY,CSI_A500,000510,,,,3709.2,-0.05,14080021704.0,1884.69,500.0,11.84,csindex:index_perf,000510,OFFICIAL_HISTORICAL_VALUATION_AVAILABLE,True,2024-09-11,OFFICIAL_DAILY_OBSERVATION_DATE_NO_INTRADAY_TIMESTAMP_CLAIM
2024-09-12,CORE_BETA,CORE_BETA_A500,DOMAIN_PRIMARY,CSI_A500,000510,,,,3691.62,-0.47,13369058116.0,1801.14,500.0,11.8,csindex:index_perf,000510,OFFICIAL_HISTORICAL_VALUATION_AVAILABLE,True,2024-09-12,OFFICIAL_DAILY_OBSERVATION_DATE_NO_INTRADAY_TIMESTAMP_CLAIM
2024-09-13,CORE_BETA,CORE_BETA_A500,DOMAIN_PRIMARY,CSI_A500,000510,,,,3671.06,-0.56,12733546359.0,1820.7,500.0,11.75,csindex:index_perf,000510,OFFICIAL_HISTORICAL_VALUATION_AVAILABLE,True,2024-09-13,OFFICIAL_DAILY_OBSERVATION_DATE_NO_INTRADAY_TIMESTAMP_CLAIM
2024-09-18,CORE_BETA,CORE_BETA_A500,DOMAIN_PRIMARY,CSI_A500,000510,,,,3685.02,0.38,12396797981.0,1631.02,500.0,11.83,csindex:index_perf,000510,OFFICIAL_HISTORICAL_VALUATION_AVAILABLE,True,2024-09-18,OFFICIAL_DAILY_OBSERVATION_DATE_NO_INTRADAY_TIMESTAMP_CLAIM
2024-09-19,CORE_BETA,CORE_BETA_A500,DOMAIN_PRIMARY,CSI_A500,000510,,,,3716.39,0.85,18086070245.0,2347.4,500.0,11.88,csindex:index_perf,000510,OFFICIAL_HISTORICAL_VALUATION_AVAILABLE,True,2024-09-19,OFFICIAL_DAILY_OBSERVATION_DATE_NO_INTRADAY_TIMESTAMP_CLAIM
2024-09-20,CORE_BETA,CORE_BETA_A500,DOMAIN_PRIMARY,CSI_A500,000510,,,,3717.17,0.02,16503127655.0,2129.77,500.0,11.91,csindex:index_perf,000510,OFFICIAL_HISTORICAL_VALUATION_AVAILABLE,True,2024-09-20,OFFICIAL_DAILY_OBSERVATION_DATE_NO_INTRADAY_TIMESTAMP_CLAIM
2024-09-23,CORE_BETA,CORE_BETA_A500,DOMAIN_PRIMARY,CSI_A500,000510,3716.39,3748.63,3711.59,3725.78,0.23,14284392700.0,1923.78,500.0,11.96,csindex:index_perf,000510,OFFICIAL_HISTORICAL_VALUATION_AVAILABLE,True,2024-09-23,OFFICIAL_DAILY_OBSERVATION_DATE_NO_INTRADAY_TIMESTAMP_CLAIM
2024-09-24,CORE_BETA,CORE_BETA_A500,DOMAIN_PRIMARY,CSI_A500,000510,3761.02,3885.23,3734.17,3885.17,4.28,28166127900.0,3796.97,500.0,12.47,csindex:index_perf,000510,OFFICIAL_HISTORICAL_VALUATION_AVAILABLE,True,2024-09-24,OFFICIAL_DAILY_OBSERVATION_DATE_NO_INTRADAY_TIMESTAMP_CLAIM
2024-09-25,CORE_BETA,CORE_BETA_A500,DOMAIN_PRIMARY,CSI_A500,000510,3941.61,4016.42,3929.48,3937.37,1.34,33304232200.0,4371.33,500.0,12.62,csindex:index_perf,000510,OFFICIAL_HISTORICAL_VALUATION_AVAILABLE,True,2024-09-25,OFFICIAL_DAILY_OBSERVATION_DATE_NO_INTRADAY_TIMESTAMP_CLAIM
2024-09-26,CORE_BETA,CORE_BETA_A500,DOMAIN_PRIMARY,CSI_A500,000510,3934.95,4103.82,3926.96,4103.82,4.23,32911887600.0,4521.23,500.0,13.09,csindex:index_perf,000510,OFFICIAL_HISTORICAL_VALUATION_AVAILABLE,True,2024-09-26,OFFICIAL_DAILY_OBSERVATION_DATE_NO_INTRADAY_TIMESTAMP_CLAIM
2024-09-27,CORE_BETA,CORE_BETA_A500,DOMAIN_PRIMARY,CSI_A500,000510,4184.84,4311.02,4169.28,4298.56,4.75,37942962400.0,5886.23,500.0,13.54,csindex:index_perf,000510,OFFICIAL_HISTORICAL_VALUATION_AVAILABLE,True,2024-09-27,OFFICIAL_DAILY_OBSERVATION_DATE_NO_INTRADAY_TIMESTAMP_CLAIM
2024-09-30,CORE_BETA,CORE_BETA_A500,DOMAIN_PRIMARY,CSI_A500,000510,4468.09,4707.59,4414.16,4684.89,8.99,67661206400.0,10433.05,500.0,14.64,csindex:index_perf,000510,OFFICIAL_HISTORICAL_VALUATION_AVAILABLE,True,2024-09-30,OFFICIAL_DAILY_OBSERVATION_DATE_NO_INTRADAY_TIMESTAMP_CLAIM
2024-10-08,CORE_BETA,CORE_BETA_A500,DOMAIN_PRIMARY,CSI_A500,000510,5207.26,5207.26,4773.3,4981.3,6.33,82474901100.0,14087.17,500.0,15.4,csindex:index_perf,000510,OFFICIAL_HISTORICAL_VALUATION_AVAILABLE,True,2024-10-08,OFFICIAL_DAILY_OBSERVATION_DATE_NO_INTRADAY_TIMESTAMP_CLAIM
2024-10-09,CORE_BETA,CORE_BETA_A500,DOMAIN_PRIMARY,CSI_A500,000510,4874.78,4911.48,4611.87,4630.94,-7.03,64138449700.0,12365.12,500.0,14.33,csindex:index_perf,000510,OFFICIAL_HISTORICAL_VALUATION_AVAILABLE,True,2024-10-09,OFFICIAL_DAILY_OBSERVATION_DATE_NO_INTRADAY_TIMESTAMP_CLAIM
2024-10-10,CORE_BETA,CORE_BETA_A500,DOMAIN_PRIMARY,CSI_A500,000510,4653.03,4787.16,4567.81,4661.03,0.65,51328544500.0,8789.62,500.0,14.54,csindex:index_perf,000510,OFFICIAL_HISTORICAL_VALUATION_AVAILABLE,True,2024-10-10,OFFICIAL_DAILY_OBSERVATION_DATE_NO_INTRADAY_TIMESTAMP_CLAIM
2024-10-11,CORE_BETA,CORE_BETA_A500,DOMAIN_PRIMARY,CSI_A500,000510,4626.32,4627.9,4467.05,4516.47,-3.1,36485748300.0,6011.82,500.0,14.16,csindex:index_perf,000510,OFFICIAL_HISTORICAL_VALUATION_AVAILABLE,True,2024-10-11,OFFICIAL_DAILY_OBSERVATION_DATE_NO_INTRADAY_TIMESTAMP_CLAIM
2024-10-14,CORE_BETA,CORE_BETA_A500,DOMAIN_PRIMARY,CSI_A500,000510,4544.02,4628.73,4488.86,4609.55,2.06,38326059300.0,6351.34,500.0,14.45,csindex:index_perf,000510,OFFICIAL_HISTORICAL_VALUATION_AVAILABLE,True,2024-10-14,OFFICIAL_DAILY_OBSERVATION_DATE_NO_INTRADAY_TIMESTAMP_CLAIM
2024-10-15,CORE_BETA,CORE_BETA_A500,DOMAIN_PRIMARY,CSI_A500,000510,4589.99,4631.73,4495.57,4495.57,-2.47,33999948300.0,5840.15,500.0,14.07,csindex:index_perf,000510,OFFICIAL_HISTORICAL_VALUATION_AVAILABLE,True,2024-10-15,OFFICIAL_DAILY_OBSERVATION_DATE_NO_INTRADAY_TIMESTAMP_CLAIM
2024-10-16,CORE_BETA,CORE_BETA_A500,DOMAIN_PRIMARY,CSI_A500,000510,4435.37,4520.04,4433.82,4464.92,-0.68,29813015500.0,4855.37,500.0,14.01,csindex:index_perf,000510,OFFICIAL_HISTORICAL_VALUATION_AVAILABLE,True,2024-10-16,OFFICIAL_DAILY_OBSERVATION_DATE_NO_INTRADAY_TIMESTAMP_CLAIM
2024-10-17,CORE_BETA,CORE_BETA_A500,DOMAIN_PRIMARY,CSI_A500,000510,4493.66,4524.22,4417.99,4418.55,-1.04,31230299000.0,5053.2,500.0,13.86,csindex:index_perf,000510,OFFICIAL_HISTORICAL_VALUATION_AVAILABLE,True,2024-10-17,OFFICIAL_DAILY_OBSERVATION_DATE_NO_INTRADAY_TIMESTAMP_CLAIM
2024-10-18,CORE_BETA,CORE_BETA_A500,DOMAIN_PRIMARY,CSI_A500,000510,4410.63,4669.67,4401.31,4581.32,3.68,43018608600.0,7935.42,500.0,14.28,csindex:index_perf,000510,OFFICIAL_HISTORICAL_VALUATION_AVAILABLE,True,2024-10-18,OFFICIAL_DAILY_OBSERVATION_DATE_NO_INTRADAY_TIMESTAMP_CLAIM
2024-10-21,CORE_BETA,CORE_BETA_A500,DOMAIN_PRIMARY,CSI_A500,000510,4614.82,4671.84,4563.6,4614.35,0.72,41624359300.0,7991.59,500.0,14.32,csindex:index_perf,000510,OFFICIAL_HISTORICAL_VALUATION_AVAILABLE,True,2024-10-21,OFFICIAL_DAILY_OBSERVATION_DATE_NO_INTRADAY_TIMESTAMP_CLAIM
2024-10-22,CORE_BETA,CORE_BETA_A500,DOMAIN_PRIMARY,CSI_A500,000510,4605.48,4659.02,4593.14,4644.92,0.66,35813568100.0,6465.9,500.0,14.4,csindex:index_perf,000510,OFFICIAL_HISTORICAL_VALUATION_AVAILABLE,True,2024-10-22,OFFICIAL_DAILY_OBSERVATION_DATE_NO_INTRADAY_TIMESTAMP_CLAIM
2024-10-23,CORE_BETA,CORE_BETA_A500,DOMAIN_PRIMARY,CSI_A500,000510,4638.2,4712.37,4621.25,4664.25,0.42,39303113400.0,6756.25,500.0,14.45,csindex:index_perf,000510,OFFICIAL_HISTORICAL_VALUATION_AVAILABLE,True,2024-10-23,OFFICIAL_DAILY_OBSERVATION_DATE_NO_INTRADAY_TIMESTAMP_CLAIM
2024-10-24,CORE_BETA,CORE_BETA_A500,DOMAIN_PRIMARY,CSI_A500,000510,4637.76,4644.82,4593.87,4610.74,-1.15,28980129300.0,5051.49,500.0,14.31,csindex:index_perf,000510,OFFICIAL_HISTORICAL_VALUATION_AVAILABLE,True,2024-10-24,OFFICIAL_DAILY_OBSERVATION_DATE_NO_INTRADAY_TIMESTAMP_CLAIM
2024-10-25,CORE_BETA,CORE_BETA_A500,DOMAIN_PRIMARY,CSI_A500,000510,4614.29,4698.68,4608.53,4655.91,0.98,34461268800.0,6080.62,500.0,14.39,csindex:index_perf,000510,OFFICIAL_HISTORICAL_VALUATION_AVAILABLE,True,2024-10-25,OFFICIAL_DAILY_OBSERVATION_DATE_NO_INTRADAY_TIMESTAMP_CLAIM
2024-10-28,CORE_BETA,CORE_BETA_A500,DOMAIN_PRIMARY,CSI_A500,000510,4653.78,4674.82,4613.18,4674.82,0.41,36637214300.0,5823.07,500.0,14.42,csindex:index_perf,000510,OFFICIAL_HISTORICAL_VALUATION_AVAILABLE,True,2024-10-28,OFFICIAL_DAILY_OBSERVATION_DATE_NO_INTRADAY_TIMESTAMP_CLAIM
2024-10-29,CORE_BETA,CORE_BETA_A500,DOMAIN_PRIMARY,CSI_A500,000510,4684.82,4703.42,4625.51,4628.61,-0.99,36643457200.0,6329.75,500.0,14.29,csindex:index_perf,000510,OFFICIAL_HISTORICAL_VALUATION_AVAILABLE,True,2024-10-29,OFFICIAL_DAILY_OBSERVATION_DATE_NO_INTRADAY_TIMESTAMP_CLAIM
2024-10-30,CORE_BETA,CORE_BETA_A500,DOMAIN_PRIMARY,CSI_A500,000510,4607.54,4639.69,4570.49,4603.98,-0.53,36078406700.0,5801.67,500.0,14.18,csindex:index_perf,000510,OFFICIAL_HISTORICAL_VALUATION_AVAILABLE,True,2024-10-30,OFFICIAL_DAILY_OBSERVATION_DATE_NO_INTRADAY_TIMESTAMP_CLAIM
2024-10-31,CORE_BETA,CORE_BETA_A500,DOMAIN_PRIMARY,CSI_A500,000510,4605.79,4647.17,4574.01,4614.79,0.23,45962287100.0,7472.58,500.0,14.17,csindex:index_perf,000510,OFFICIAL_HISTORICAL_VALUATION_AVAILABLE,True,2024-10-31,OFFICIAL_DAILY_OBSERVATION_DATE_NO_INTRADAY_TIMESTAMP_CLAIM
2024-11-01,CORE_BETA,CORE_BETA_A500,DOMAIN_PRIMARY,CSI_A500,000510,4605.01,4653.59,4581.68,4597.45,-0.38,51562586900.0,7654.81,500.0,13.85,csindex:index_perf,000510,OFFICIAL_HISTORICAL_VALUATION_AVAILABLE,True,2024-11-01,OFFICIAL_DAILY_OBSERVATION_DATE_NO_INTRADAY_TIMESTAMP_CLAIM
2024-11-04,CORE_BETA,CORE_BETA_A500,DOMAIN_PRIMARY,CSI_A500,000510,4601.77,4665.2,4601.25,4665.2,1.47,38194059600.0,6030.55,500.0,14.01,csindex:index_perf,000510,OFFICIAL_HISTORICAL_VALUATION_AVAILABLE,True,2024-11-04,OFFICIAL_DAILY_OBSERVATION_DATE_NO_INTRADAY_TIMESTAMP_CLAIM
2024-11-05,CORE_BETA,CORE_BETA_A500,DOMAIN_PRIMARY,CSI_A500,000510,4658.9,4793.63,4647.61,4789.76,2.67,50333020300.0,8396.49,500.0,14.34,csindex:index_perf,000510,OFFICIAL_HISTORICAL_VALUATION_AVAILABLE,True,2024-11-05,OFFICIAL_DAILY_OBSERVATION_DATE_NO_INTRADAY_TIMESTAMP_CLAIM
2024-11-06,CORE_BETA,CORE_BETA_A500,DOMAIN_PRIMARY,CSI_A500,000510,4799.07,4846.21,4748.2,4775.62,-0.3,56091227000.0,9282.39,500.0,14.28,csindex:index_perf,000510,OFFICIAL_HISTORICAL_VALUATION_AVAILABLE,True,2024-11-06,OFFICIAL_DAILY_OBSERVATION_DATE_NO_INTRADAY_TIMESTAMP_CLAIM
2024-11-07,CORE_BETA,CORE_BETA_A500,DOMAIN_PRIMARY,CSI_A500,000510,4730.62,4893.84,4725.59,4893.31,2.46,55475811400.0,9067.09,500.0,14.64,csindex:index_perf,000510,OFFICIAL_HISTORICAL_VALUATION_AVAILABLE,True,2024-11-07,OFFICIAL_DAILY_OBSERVATION_DATE_NO_INTRADAY_TIMESTAMP_CLAIM
2024-11-08,CORE_BETA,CORE_BETA_A500,DOMAIN_PRIMARY,CSI_A500,000510,4945.49,4960.8,4849.16,4860.88,-0.66,53712525900.0,9563.35,500.0,14.52,csindex:index_perf,000510,OFFICIAL_HISTORICAL_VALUATION_AVAILABLE,True,2024-11-08,OFFICIAL_DAILY_OBSERVATION_DATE_NO_INTRADAY_TIMESTAMP_CLAIM
2024-11-11,CORE_BETA,CORE_BETA_A500,DOMAIN_PRIMARY,CSI_A500,000510,4825.69,4915.27,4811.57,4913.93,1.09,49883460300.0,9304.44,500.0,14.58,csindex:index_perf,000510,OFFICIAL_HISTORICAL_VALUATION_AVAILABLE,True,2024-11-11,OFFICIAL_DAILY_OBSERVATION_DATE_NO_INTRADAY_TIMESTAMP_CLAIM
2024-11-12,CORE_BETA,CORE_BETA_A500,DOMAIN_PRIMARY,CSI_A500,000510,4919.65,4970.27,4828.72,4862.39,-1.05,50009885800.0,9545.26,500.0,14.42,csindex:index_perf,000510,OFFICIAL_HISTORICAL_VALUATION_AVAILABLE,True,2024-11-12,OFFICIAL_DAILY_OBSERVATION_DATE_NO_INTRADAY_TIMESTAMP_CLAIM
2024-11-13,CORE_BETA,CORE_BETA_A500,DOMAIN_PRIMARY,CSI_A500,000510,4832.59,4894.34,4825.14,4883.98,0.44,39600771100.0,7336.76,500.0,14.5,csindex:index_perf,000510,OFFICIAL_HISTORICAL_VALUATION_AVAILABLE,True,2024-11-13,OFFICIAL_DAILY_OBSERVATION_DATE_NO_INTRADAY_TIMESTAMP_CLAIM
2024-11-14,CORE_BETA,CORE_BETA_A500,DOMAIN_PRIMARY,CSI_A500,000510,4870.79,4881.99,4773.77,4779.67,-2.14,37451939400.0,6549.37,500.0,14.27,csindex:index_perf,000510,OFFICIAL_HISTORICAL_VALUATION_AVAILABLE,True,2024-11-14,OFFICIAL_DAILY_OBSERVATION_DATE_NO_INTRADAY_TIMESTAMP_CLAIM
2024-11-15,CORE_BETA,CORE_BETA_A500,DOMAIN_PRIMARY,CSI_A500,000510,4761.36,4789.42,4687.89,4687.89,-1.92,39194428800.0,6647.52,500.0,14.06,csindex:index_perf,000510,OFFICIAL_HISTORICAL_VALUATION_AVAILABLE,True,2024-11-15,OFFICIAL_DAILY_OBSERVATION_DATE_NO_INTRADAY_TIMESTAMP_CLAIM
2024-11-18,CORE_BETA,CORE_BETA_A500,DOMAIN_PRIMARY,CSI_A500,000510,4703.52,4749.58,4624.82,4648.17,-0.85,45791150600.0,6432.87,500.0,14.03,csindex:index_perf,000510,OFFICIAL_HISTORICAL_VALUATION_AVAILABLE,True,2024-11-18,OFFICIAL_DAILY_OBSERVATION_DATE_NO_INTRADAY_TIMESTAMP_CLAIM
2024-11-19,CORE_BETA,CORE_BETA_A500,DOMAIN_PRIMARY,CSI_A500,000510,4651.31,4694.55,4586.66,4692.88,0.96,37903269600.0,5598.21,500.0,14.1,csindex:index_perf,000510,OFFICIAL_HISTORICAL_VALUATION_AVAILABLE,True,2024-11-19,OFFICIAL_DAILY_OBSERVATION_DATE_NO_INTRADAY_TIMESTAMP_CLAIM
2024-11-20,CORE_BETA,CORE_BETA_A500,DOMAIN_PRIMARY,CSI_A500,000510,4680.87,4735.26,4671.91,4715.84,0.49,32979540300.0,5271.56,500.0,14.15,csindex:index_perf,000510,OFFICIAL_HISTORICAL_VALUATION_AVAILABLE,True,2024-11-20,OFFICIAL_DAILY_OBSERVATION_DATE_NO_INTRADAY_TIMESTAMP_CLAIM
2024-11-21,CORE_BETA,CORE_BETA_A500,DOMAIN_PRIMARY,CSI_A500,000510,4704.81,4731.45,4687.11,4716.76,0.02,31172973000.0,4995.57,500.0,14.14,csindex:index_perf,000510,OFFICIAL_HISTORICAL_VALUATION_AVAILABLE,True,2024-11-21,OFFICIAL_DAILY_OBSERVATION_DATE_NO_INTRADAY_TIMESTAMP_CLAIM
2024-11-22,CORE_BETA,CORE_BETA_A500,DOMAIN_PRIMARY,CSI_A500,000510,4708.37,4718.0,4566.55,4566.55,-3.18,37147150700.0,5764.57,500.0,13.73,csindex:index_perf,000510,OFFICIAL_HISTORICAL_VALUATION_AVAILABLE,True,2024-11-22,OFFICIAL_DAILY_OBSERVATION_DATE_NO_INTRADAY_TIMESTAMP_CLAIM
2024-11-25,CORE_BETA,CORE_BETA_A500,DOMAIN_PRIMARY,CSI_A500,000510,4577.14,4591.98,4499.35,4544.75,-0.48,32382237400.0,4986.98,500.0,13.67,csindex:index_perf,000510,OFFICIAL_HISTORICAL_VALUATION_AVAILABLE,True,2024-11-25,OFFICIAL_DAILY_OBSERVATION_DATE_NO_INTRADAY_TIMESTAMP_CLAIM
2024-11-26,CORE_BETA,CORE_BETA_A500,DOMAIN_PRIMARY,CSI_A500,000510,4532.19,4573.35,4523.53,4524.87,-0.44,26549117900.0,3886.68,500.0,13.65,csindex:index_perf,000510,OFFICIAL_HISTORICAL_VALUATION_AVAILABLE,True,2024-11-26,OFFICIAL_DAILY_OBSERVATION_DATE_NO_INTRADAY_TIMESTAMP_CLAIM
2024-11-27,CORE_BETA,CORE_BETA_A500,DOMAIN_PRIMARY,CSI_A500,000510,4509.84,4608.55,4488.28,4608.38,1.85,30797386100.0,4658.1,500.0,13.86,csindex:index_perf,000510,OFFICIAL_HISTORICAL_VALUATION_AVAILABLE,True,2024-11-27,OFFICIAL_DAILY_OBSERVATION_DATE_NO_INTRADAY_TIMESTAMP_CLAIM
2024-11-28,CORE_BETA,CORE_BETA_A500,DOMAIN_PRIMARY,CSI_A500,000510,4607.31,4613.13,4557.88,4565.13,-0.94,29032817900.0,4389.08,500.0,13.75,csindex:index_perf,000510,OFFICIAL_HISTORICAL_VALUATION_AVAILABLE,True,2024-11-28,OFFICIAL_DAILY_OBSERVATION_DATE_NO_INTRADAY_TIMESTAMP_CLAIM
2024-11-29,CORE_BETA,CORE_BETA_A500,DOMAIN_PRIMARY,CSI_A500,000510,4560.63,4668.85,4560.63,4620.27,1.21,30639736300.0,5204.83,500.0,13.88,csindex:index_perf,000510,OFFICIAL_HISTORICAL_VALUATION_AVAILABLE,True,2024-11-29,OFFICIAL_DAILY_OBSERVATION_DATE_NO_INTRADAY_TIMESTAMP_CLAIM
2024-12-02,CORE_BETA,CORE_BETA_A500,DOMAIN_PRIMARY,CSI_A500,000510,4615.63,4678.66,4608.16,4669.07,1.06,34232878000.0,5296.75,500.0,14.01,csindex:index_perf,000510,OFFICIAL_HISTORICAL_VALUATION_AVAILABLE,True,2024-12-02,OFFICIAL_DAILY_OBSERVATION_DATE_NO_INTRADAY_TIMESTAMP_CLAIM
2024-12-03,CORE_BETA,CORE_BETA_A500,DOMAIN_PRIMARY,CSI_A500,000510,4670.11,4682.43,4632.7,4666.91,-0.05,31736642600.0,4782.58,500.0,14.04,csindex:index_perf,000510,OFFICIAL_HISTORICAL_VALUATION_AVAILABLE,True,2024-12-03,OFFICIAL_DAILY_OBSERVATION_DATE_NO_INTRADAY_TIMESTAMP_CLAIM
2024-12-04,CORE_BETA,CORE_BETA_A500,DOMAIN_PRIMARY,CSI_A500,000510,4663.31,4672.97,4619.06,4635.88,-0.66,32422231200.0,4633.63,500.0,14.0,csindex:index_perf,000510,OFFICIAL_HISTORICAL_VALUATION_AVAILABLE,True,2024-12-04,OFFICIAL_DAILY_OBSERVATION_DATE_NO_INTRADAY_TIMESTAMP_CLAIM
2024-12-05,CORE_BETA,CORE_BETA_A500,DOMAIN_PRIMARY,CSI_A500,000510,4618.0,4647.91,4614.05,4631.03,-0.1,27223625800.0,3967.92,500.0,13.96,csindex:index_perf,000510,OFFICIAL_HISTORICAL_VALUATION_AVAILABLE,True,2024-12-05,OFFICIAL_DAILY_OBSERVATION_DATE_NO_INTRADAY_TIMESTAMP_CLAIM
2024-12-06,CORE_BETA,CORE_BETA_A500,DOMAIN_PRIMARY,CSI_A500,000510,4634.75,4721.46,4632.16,4694.33,1.37,37928862400.0,5202.84,500.0,14.14,csindex:index_perf,000510,OFFICIAL_HISTORICAL_VALUATION_AVAILABLE,True,2024-12-06,OFFICIAL_DAILY_OBSERVATION_DATE_NO_INTRADAY_TIMESTAMP_CLAIM
2024-12-09,CORE_BETA,CORE_BETA_A500,DOMAIN_PRIMARY,CSI_A500,000510,4693.41,4718.48,4659.81,4682.52,-0.25,38886929400.0,4634.29,500.0,14.14,csindex:index_perf,000510,OFFICIAL_HISTORICAL_VALUATION_AVAILABLE,True,2024-12-09,OFFICIAL_DAILY_OBSERVATION_DATE_NO_INTRADAY_TIMESTAMP_CLAIM
2024-12-10,CORE_BETA,CORE_BETA_A500,DOMAIN_PRIMARY,CSI_A500,000510,4829.76,4835.09,4707.74,4715.94,0.71,47395477300.0,6799.29,500.0,14.23,csindex:index_perf,000510,OFFICIAL_HISTORICAL_VALUATION_AVAILABLE,True,2024-12-10,OFFICIAL_DAILY_OBSERVATION_DATE_NO_INTRADAY_TIMESTAMP_CLAIM
2024-12-11,CORE_BETA,CORE_BETA_A500,DOMAIN_PRIMARY,CSI_A500,000510,4705.85,4730.95,4700.65,4717.18,0.03,35229379200.0,4675.59,500.0,14.22,csindex:index_perf,000510,OFFICIAL_HISTORICAL_VALUATION_AVAILABLE,True,2024-12-11,OFFICIAL_DAILY_OBSERVATION_DATE_NO_INTRADAY_TIMESTAMP_CLAIM
2024-12-12,CORE_BETA,CORE_BETA_A500,DOMAIN_PRIMARY,CSI_A500,000510,4715.81,4763.25,4706.85,4759.41,0.9,33402274400.0,4870.1,500.0,14.36,csindex:index_perf,000510,OFFICIAL_HISTORICAL_VALUATION_AVAILABLE,True,2024-12-12,OFFICIAL_DAILY_OBSERVATION_DATE_NO_INTRADAY_TIMESTAMP_CLAIM
2024-12-13,CORE_BETA,CORE_BETA_A500,DOMAIN_PRIMARY,CSI_A500,000510,4727.31,4727.31,4648.42,4649.95,-2.3,39973388300.0,6051.7,500.0,14.05,csindex:index_perf,000510,OFFICIAL_HISTORICAL_VALUATION_AVAILABLE,True,2024-12-13,OFFICIAL_DAILY_OBSERVATION_DATE_NO_INTRADAY_TIMESTAMP_CLAIM
2024-12-16,CORE_BETA,CORE_BETA_A500,DOMAIN_PRIMARY,CSI_A500,000510,4647.3,4653.92,4604.04,4617.17,-0.7,29971427500.0,4690.85,500.0,14.1,csindex:index_perf,000510,OFFICIAL_HISTORICAL_VALUATION_AVAILABLE,True,2024-12-16,OFFICIAL_DAILY_OBSERVATION_DATE_NO_INTRADAY_TIMESTAMP_CLAIM
2024-12-17,CORE_BETA,CORE_BETA_A500,DOMAIN_PRIMARY,CSI_A500,000510,4611.39,4661.0,4611.39,4616.95,0.0,26502288700.0,4204.47,500.0,14.12,csindex:index_perf,000510,OFFICIAL_HISTORICAL_VALUATION_AVAILABLE,True,2024-12-17,OFFICIAL_DAILY_OBSERVATION_DATE_NO_INTRADAY_TIMESTAMP_CLAIM
2024-12-18,CORE_BETA,CORE_BETA_A500,DOMAIN_PRIMARY,CSI_A500,000510,4631.34,4661.28,4630.11,4643.69,0.58,25404908500.0,3832.17,500.0,14.19,csindex:index_perf,000510,OFFICIAL_HISTORICAL_VALUATION_AVAILABLE,True,2024-12-18,OFFICIAL_DAILY_OBSERVATION_DATE_NO_INTRADAY_TIMESTAMP_CLAIM
2024-12-19,CORE_BETA,CORE_BETA_A500,DOMAIN_PRIMARY,CSI_A500,000510,4605.11,4664.18,4591.5,4653.51,0.21,26443613000.0,4432.35,500.0,14.17,csindex:index_perf,000510,OFFICIAL_HISTORICAL_VALUATION_AVAILABLE,True,2024-12-19,OFFICIAL_DAILY_OBSERVATION_DATE_NO_INTRADAY_TIMESTAMP_CLAIM
2024-12-20,CORE_BETA,CORE_BETA_A500,DOMAIN_PRIMARY,CSI_A500,000510,4643.56,4674.41,4632.14,4639.21,-0.31,26447215500.0,4672.46,500.0,14.11,csindex:index_perf,000510,OFFICIAL_HISTORICAL_VALUATION_AVAILABLE,True,2024-12-20,OFFICIAL_DAILY_OBSERVATION_DATE_NO_INTRADAY_TIMESTAMP_CLAIM
2024-12-23,CORE_BETA,CORE_BETA_A500,DOMAIN_PRIMARY,CSI_A500,000510,4639.14,4673.61,4622.43,4626.14,-0.28,28464188200.0,4740.76,500.0,14.16,csindex:index_perf,000510,OFFICIAL_HISTORICAL_VALUATION_AVAILABLE,True,2024-12-23,OFFICIAL_DAILY_OBSERVATION_DATE_NO_INTRADAY_TIMESTAMP_CLAIM
2024-12-24,CORE_BETA,CORE_BETA_A500,DOMAIN_PRIMARY,CSI_A500,000510,4628.76,4684.44,4628.76,4682.22,1.21,23758245800.0,4066.22,500.0,14.33,csindex:index_perf,000510,OFFICIAL_HISTORICAL_VALUATION_AVAILABLE,True,2024-12-24,OFFICIAL_DAILY_OBSERVATION_DATE_NO_INTRADAY_TIMESTAMP_CLAIM
2024-12-25,CORE_BETA,CORE_BETA_A500,DOMAIN_PRIMARY,CSI_A500,000510,4686.92,4700.02,4652.85,4673.14,-0.19,23172224800.0,3922.24,500.0,14.37,csindex:index_perf,000510,OFFICIAL_HISTORICAL_VALUATION_AVAILABLE,True,2024-12-25,OFFICIAL_DAILY_OBSERVATION_DATE_NO_INTRADAY_TIMESTAMP_CLAIM
2024-12-26,CORE_BETA,CORE_BETA_A500,DOMAIN_PRIMARY,CSI_A500,000510,4668.98,4690.97,4655.23,4684.84,0.25,21511260700.0,4123.22,500.0,14.38,csindex:index_perf,000510,OFFICIAL_HISTORICAL_VALUATION_AVAILABLE,True,2024-12-26,OFFICIAL_DAILY_OBSERVATION_DATE_NO_INTRADAY_TIMESTAMP_CLAIM
2024-12-27,CORE_BETA,CORE_BETA_A500,DOMAIN_PRIMARY,CSI_A500,000510,4686.82,4716.01,4668.79,4678.68,-0.13,24410531500.0,4594.0,500.0,14.36,csindex:index_perf,000510,OFFICIAL_HISTORICAL_VALUATION_AVAILABLE,True,2024-12-27,OFFICIAL_DAILY_OBSERVATION_DATE_NO_INTRADAY_TIMESTAMP_CLAIM
2024-12-30,CORE_BETA,CORE_BETA_A500,DOMAIN_PRIMARY,CSI_A500,000510,4673.47,4705.78,4673.47,4693.23,0.31,22775454500.0,4146.79,500.0,14.42,csindex:index_perf,000510,OFFICIAL_HISTORICAL_VALUATION_AVAILABLE,True,2024-12-30,OFFICIAL_DAILY_OBSERVATION_DATE_NO_INTRADAY_TIMESTAMP_CLAIM
2024-12-31,CORE_BETA,CORE_BETA_A500,DOMAIN_PRIMARY,CSI_A500,000510,4690.98,4698.3,4608.94,4608.94,-1.8,25943757900.0,4489.06,500.0,14.22,csindex:index_perf,000510,OFFICIAL_HISTORICAL_VALUATION_AVAILABLE,True,2024-12-31,OFFICIAL_DAILY_OBSERVATION_DATE_NO_INTRADAY_TIMESTAMP_CLAIM
2025-01-02,CORE_BETA,CORE_BETA_A500,DOMAIN_PRIMARY,CSI_A500,000510,4604.75,4607.87,4443.25,4473.66,-2.94,29133815500.0,4871.36,500.0,13.82,csindex:index_perf,000510,OFFICIAL_HISTORICAL_VALUATION_AVAILABLE,True,2025-01-02,OFFICIAL_DAILY_OBSERVATION_DATE_NO_INTRADAY_TIMESTAMP_CLAIM
2025-01-03,CORE_BETA,CORE_BETA_A500,DOMAIN_PRIMARY,CSI_A500,000510,4478.69,4494.12,4404.2,4411.04,-1.4,25268473800.0,3966.5,500.0,13.66,csindex:index_perf,000510,OFFICIAL_HISTORICAL_VALUATION_AVAILABLE,True,2025-01-03,OFFICIAL_DAILY_OBSERVATION_DATE_NO_INTRADAY_TIMESTAMP_CLAIM
2025-01-06,CORE_BETA,CORE_BETA_A500,DOMAIN_PRIMARY,CSI_A500,000510,4411.58,4428.34,4377.56,4402.91,-0.18,21028969800.0,3355.2,500.0,13.64,csindex:index_perf,000510,OFFICIAL_HISTORICAL_VALUATION_AVAILABLE,True,2025-01-06,OFFICIAL_DAILY_OBSERVATION_DATE_NO_INTRADAY_TIMESTAMP_CLAIM
2025-01-07,CORE_BETA,CORE_BETA_A500,DOMAIN_PRIMARY,CSI_A500,000510,4395.18,4442.64,4380.71,4440.99,0.86,21656149200.0,3501.29,500.0,13.71,csindex:index_perf,000510,OFFICIAL_HISTORICAL_VALUATION_AVAILABLE,True,2025-01-07,OFFICIAL_DAILY_OBSERVATION_DATE_NO_INTRADAY_TIMESTAMP_CLAIM
2025-01-08,CORE_BETA,CORE_BETA_A500,DOMAIN_PRIMARY,CSI_A500,000510,4422.52,4456.12,4351.58,4428.28,-0.29,25171965200.0,3935.85,500.0,13.69,csindex:index_perf,000510,OFFICIAL_HISTORICAL_VALUATION_AVAILABLE,True,2025-01-08,OFFICIAL_DAILY_OBSERVATION_DATE_NO_INTRADAY_TIMESTAMP_CLAIM
2025-01-09,CORE_BETA,CORE_BETA_A500,DOMAIN_PRIMARY,CSI_A500,000510,4416.29,4443.22,4407.13,4424.24,-0.09,20688696700.0,3391.62,500.0,13.63,csindex:index_perf,000510,OFFICIAL_HISTORICAL_VALUATION_AVAILABLE,True,2025-01-09,OFFICIAL_DAILY_OBSERVATION_DATE_NO_INTRADAY_TIMESTAMP_CLAIM
2025-01-10,CORE_BETA,CORE_BETA_A500,DOMAIN_PRIMARY,CSI_A500,000510,4422.17,4437.57,4365.54,4365.54,-1.33,21685936700.0,3655.43,500.0,13.47,csindex:index_perf,000510,OFFICIAL_HISTORICAL_VALUATION_AVAILABLE,True,2025-01-10,OFFICIAL_DAILY_OBSERVATION_DATE_NO_INTRADAY_TIMESTAMP_CLAIM
2025-01-13,CORE_BETA,CORE_BETA_A500,DOMAIN_PRIMARY,CSI_A500,000510,4331.32,4380.1,4330.84,4358.2,-0.17,20102372300.0,3220.74,500.0,13.43,csindex:index_perf,000510,OFFICIAL_HISTORICAL_VALUATION_AVAILABLE,True,2025-01-13,OFFICIAL_DAILY_OBSERVATION_DATE_NO_INTRADAY_TIMESTAMP_CLAIM
2025-01-14,CORE_BETA,CORE_BETA_A500,DOMAIN_PRIMARY,CSI_A500,000510,4365.85,4491.23,4354.0,4484.09,2.89,26041525600.0,4582.5,500.0,13.76,csindex:index_perf,000510,OFFICIAL_HISTORICAL_VALUATION_AVAILABLE,True,2025-01-14,OFFICIAL_DAILY_OBSERVATION_DATE_NO_INTRADAY_TIMESTAMP_CLAIM
2025-01-15,CORE_BETA,CORE_BETA_A500,DOMAIN_PRIMARY,CSI_A500,000510,4473.02,4478.3,4444.21,4452.02,-0.72,21370494900.0,3717.76,500.0,13.67,csindex:index_perf,000510,OFFICIAL_HISTORICAL_VALUATION_AVAILABLE,True,2025-01-15,OFFICIAL_DAILY_OBSERVATION_DATE_NO_INTRADAY_TIMESTAMP_CLAIM
2025-01-16,CORE_BETA,CORE_BETA_A500,DOMAIN_PRIMARY,CSI_A500,000510,4471.47,4516.12,4429.68,4458.96,0.16,23898404500.0,4116.28,500.0,13.71,csindex:index_perf,000510,OFFICIAL_HISTORICAL_VALUATION_AVAILABLE,True,2025-01-16,OFFICIAL_DAILY_OBSERVATION_DATE_NO_INTRADAY_TIMESTAMP_CLAIM
2025-01-17,CORE_BETA,CORE_BETA_A500,DOMAIN_PRIMARY,CSI_A500,000510,4443.74,4502.55,4436.89,4476.98,0.4,20089774600.0,3583.58,500.0,13.74,csindex:index_perf,000510,OFFICIAL_HISTORICAL_VALUATION_AVAILABLE,True,2025-01-17,OFFICIAL_DAILY_OBSERVATION_DATE_NO_INTRADAY_TIMESTAMP_CLAIM
2025-01-20,CORE_BETA,CORE_BETA_A500,DOMAIN_PRIMARY,CSI_A500,000510,4504.53,4534.69,4489.28,4499.54,0.5,21091592400.0,3846.43,500.0,13.77,csindex:index_perf,000510,OFFICIAL_HISTORICAL_VALUATION_AVAILABLE,True,2025-01-20,OFFICIAL_DAILY_OBSERVATION_DATE_NO_INTRADAY_TIMESTAMP_CLAIM
2025-01-21,CORE_BETA,CORE_BETA_A500,DOMAIN_PRIMARY,CSI_A500,000510,4523.87,4524.69,4482.18,4507.06,0.17,21210912800.0,3768.11,500.0,13.77,csindex:index_perf,000510,OFFICIAL_HISTORICAL_VALUATION_AVAILABLE,True,2025-01-21,OFFICIAL_DAILY_OBSERVATION_DATE_NO_INTRADAY_TIMESTAMP_CLAIM
2025-01-22,CORE_BETA,CORE_BETA_A500,DOMAIN_PRIMARY,CSI_A500,000510,4493.62,4494.47,4448.01,4466.66,-0.9,19953274400.0,3763.62,500.0,13.63,csindex:index_perf,000510,OFFICIAL_HISTORICAL_VALUATION_AVAILABLE,True,2025-01-22,OFFICIAL_DAILY_OBSERVATION_DATE_NO_INTRADAY_TIMESTAMP_CLAIM
2025-01-23,CORE_BETA,CORE_BETA_A500,DOMAIN_PRIMARY,CSI_A500,000510,4504.55,4545.73,4463.82,4463.97,-0.06,25618479900.0,4430.59,500.0,13.68,csindex:index_perf,000510,OFFICIAL_HISTORICAL_VALUATION_AVAILABLE,True,2025-01-23,OFFICIAL_DAILY_OBSERVATION_DATE_NO_INTRADAY_TIMESTAMP_CLAIM
2025-01-24,CORE_BETA,CORE_BETA_A500,DOMAIN_PRIMARY,CSI_A500,000510,4452.77,4519.86,4452.43,4504.01,0.9,22667902600.0,3941.1,500.0,13.82,csindex:index_perf,000510,OFFICIAL_HISTORICAL_VALUATION_AVAILABLE,True,2025-01-24,OFFICIAL_DAILY_OBSERVATION_DATE_NO_INTRADAY_TIMESTAMP_CLAIM
2025-01-27,CORE_BETA,CORE_BETA_A500,DOMAIN_PRIMARY,CSI_A500,000510,4509.72,4527.05,4478.66,4478.66,-0.56,21348344000.0,3644.58,500.0,13.82,csindex:index_perf,000510,OFFICIAL_HISTORICAL_VALUATION_AVAILABLE,True,2025-01-27,OFFICIAL_DAILY_OBSERVATION_DATE_NO_INTRADAY_TIMESTAMP_CLAIM
2025-02-05,CORE_BETA,CORE_BETA_A500,DOMAIN_PRIMARY,CSI_A500,000510,4517.17,4517.41,4453.54,4468.24,-0.23,25573904400.0,4748.38,500.0,13.72,csindex:index_perf,000510,OFFICIAL_HISTORICAL_VALUATION_AVAILABLE,True,2025-02-05,OFFICIAL_DAILY_OBSERVATION_DATE_NO_INTRADAY_TIMESTAMP_CLAIM
2025-02-06,CORE_BETA,CORE_BETA_A500,DOMAIN_PRIMARY,CSI_A500,000510,4462.06,4541.52,4460.47,4540.92,1.63,29111162900.0,5369.68,500.0,13.9,csindex:index_perf,000510,OFFICIAL_HISTORICAL_VALUATION_AVAILABLE,True,2025-02-06,OFFICIAL_DAILY_OBSERVATION_DATE_NO_INTRADAY_TIMESTAMP_CLAIM
2025-02-07,CORE_BETA,CORE_BETA_A500,DOMAIN_PRIMARY,CSI_A500,000510,4542.96,4639.96,4531.02,4606.19,1.44,36650113800.0,6923.72,500.0,14.06,csindex:index_perf,000510,OFFICIAL_HISTORICAL_VALUATION_AVAILABLE,True,2025-02-07,OFFICIAL_DAILY_OBSERVATION_DATE_NO_INTRADAY_TIMESTAMP_CLAIM
2025-02-10,CORE_BETA,CORE_BETA_A500,DOMAIN_PRIMARY,CSI_A500,000510,4616.93,4633.01,4593.34,4627.01,0.45,33335431400.0,5809.61,500.0,14.1,csindex:index_perf,000510,OFFICIAL_HISTORICAL_VALUATION_AVAILABLE,True,2025-02-10,OFFICIAL_DAILY_OBSERVATION_DATE_NO_INTRADAY_TIMESTAMP_CLAIM
2025-02-11,CORE_BETA,CORE_BETA_A500,DOMAIN_PRIMARY,CSI_A500,000510,4631.23,4631.23,4589.74,4603.14,-0.52,30191825000.0,5196.55,500.0,14.07,csindex:index_perf,000510,OFFICIAL_HISTORICAL_VALUATION_AVAILABLE,True,2025-02-11,OFFICIAL_DAILY_OBSERVATION_DATE_NO_INTRADAY_TIMESTAMP_CLAIM
2025-02-12,CORE_BETA,CORE_BETA_A500,DOMAIN_PRIMARY,CSI_A500,000510,4592.66,4653.52,4586.05,4652.67,1.08,30272025400.0,5528.45,500.0,14.2,csindex:index_perf,000510,OFFICIAL_HISTORICAL_VALUATION_AVAILABLE,True,2025-02-12,OFFICIAL_DAILY_OBSERVATION_DATE_NO_INTRADAY_TIMESTAMP_CLAIM
2025-02-13,CORE_BETA,CORE_BETA_A500,DOMAIN_PRIMARY,CSI_A500,000510,4646.46,4673.18,4630.37,4630.56,-0.48,32064929100.0,5738.17,500.0,14.16,csindex:index_perf,000510,OFFICIAL_HISTORICAL_VALUATION_AVAILABLE,True,2025-02-13,OFFICIAL_DAILY_OBSERVATION_DATE_NO_INTRADAY_TIMESTAMP_CLAIM
2025-02-14,CORE_BETA,CORE_BETA_A500,DOMAIN_PRIMARY,CSI_A500,000510,4626.83,4680.18,4626.83,4675.97,0.98,31256671300.0,5647.19,500.0,14.28,csindex:index_perf,000510,OFFICIAL_HISTORICAL_VALUATION_AVAILABLE,True,2025-02-14,OFFICIAL_DAILY_OBSERVATION_DATE_NO_INTRADAY_TIMESTAMP_CLAIM
2025-02-17,CORE_BETA,CORE_BETA_A500,DOMAIN_PRIMARY,CSI_A500,000510,4695.53,4697.86,4650.05,4681.52,0.12,35563339800.0,6531.61,500.0,14.23,csindex:index_perf,000510,OFFICIAL_HISTORICAL_VALUATION_AVAILABLE,True,2025-02-17,OFFICIAL_DAILY_OBSERVATION_DATE_NO_INTRADAY_TIMESTAMP_CLAIM
2025-02-18,CORE_BETA,CORE_BETA_A500,DOMAIN_PRIMARY,CSI_A500,000510,4676.19,4696.7,4614.63,4629.25,-1.12,33496342000.0,5890.53,500.0,14.13,csindex:index_perf,000510,OFFICIAL_HISTORICAL_VALUATION_AVAILABLE,True,2025-02-18,OFFICIAL_DAILY_OBSERVATION_DATE_NO_INTRADAY_TIMESTAMP_CLAIM
2025-02-19,CORE_BETA,CORE_BETA_A500,DOMAIN_PRIMARY,CSI_A500,000510,4622.44,4674.85,4619.77,4674.28,0.97,30367015900.0,5499.85,500.0,14.21,csindex:index_perf,000510,OFFICIAL_HISTORICAL_VALUATION_AVAILABLE,True,2025-02-19,OFFICIAL_DAILY_OBSERVATION_DATE_NO_INTRADAY_TIMESTAMP_CLAIM
2025-02-20,CORE_BETA,CORE_BETA_A500,DOMAIN_PRIMARY,CSI_A500,000510,4669.6,4681.29,4647.27,4667.88,-0.14,29715398300.0,5274.72,500.0,14.19,csindex:index_perf,000510,OFFICIAL_HISTORICAL_VALUATION_AVAILABLE,True,2025-02-20,OFFICIAL_DAILY_OBSERVATION_DATE_NO_INTRADAY_TIMESTAMP_CLAIM
2025-02-21,CORE_BETA,CORE_BETA_A500,DOMAIN_PRIMARY,CSI_A500,000510,4679.27,4738.14,4668.32,4734.86,1.43,38744073800.0,7612.47,500.0,14.32,csindex:index_perf,000510,OFFICIAL_HISTORICAL_VALUATION_AVAILABLE,True,2025-02-21,OFFICIAL_DAILY_OBSERVATION_DATE_NO_INTRADAY_TIMESTAMP_CLAIM
2025-02-24,CORE_BETA,CORE_BETA_A500,DOMAIN_PRIMARY,CSI_A500,000510,4728.67,4751.84,4697.3,4725.35,-0.2,37676799400.0,6954.84,500.0,14.28,csindex:index_perf,000510,OFFICIAL_HISTORICAL_VALUATION_AVAILABLE,True,2025-02-24,OFFICIAL_DAILY_OBSERVATION_DATE_NO_INTRADAY_TIMESTAMP_CLAIM
2025-02-25,CORE_BETA,CORE_BETA_A500,DOMAIN_PRIMARY,CSI_A500,000510,4675.99,4714.77,4661.33,4673.99,-1.09,31445096700.0,6034.05,500.0,14.11,csindex:index_perf,000510,OFFICIAL_HISTORICAL_VALUATION_AVAILABLE,True,2025-02-25,OFFICIAL_DAILY_OBSERVATION_DATE_NO_INTRADAY_TIMESTAMP_CLAIM
2025-02-26,CORE_BETA,CORE_BETA_A500,DOMAIN_PRIMARY,CSI_A500,000510,4682.26,4712.92,4674.69,4712.62,0.83,31409509200.0,5831.26,500.0,14.21,csindex:index_perf,000510,OFFICIAL_HISTORICAL_VALUATION_AVAILABLE,True,2025-02-26,OFFICIAL_DAILY_OBSERVATION_DATE_NO_INTRADAY_TIMESTAMP_CLAIM
2025-02-27,CORE_BETA,CORE_BETA_A500,DOMAIN_PRIMARY,CSI_A500,000510,4715.19,4726.83,4666.33,4712.33,-0.01,32230444300.0,6123.22,500.0,14.24,csindex:index_perf,000510,OFFICIAL_HISTORICAL_VALUATION_AVAILABLE,True,2025-02-27,OFFICIAL_DAILY_OBSERVATION_DATE_NO_INTRADAY_TIMESTAMP_CLAIM
2025-02-28,CORE_BETA,CORE_BETA_A500,DOMAIN_PRIMARY,CSI_A500,000510,4690.26,4710.33,4600.87,4606.36,-2.25,30583004500.0,5835.2,500.0,13.98,csindex:index_perf,000510,OFFICIAL_HISTORICAL_VALUATION_AVAILABLE,True,2025-02-28,OFFICIAL_DAILY_OBSERVATION_DATE_NO_INTRADAY_TIMESTAMP_CLAIM
2025-03-03,CORE_BETA,CORE_BETA_A500,DOMAIN_PRIMARY,CSI_A500,000510,4619.52,4666.39,4590.34,4611.58,0.11,28200319000.0,5140.49,500.0,13.98,csindex:index_perf,000510,OFFICIAL_HISTORICAL_VALUATION_AVAILABLE,True,2025-03-03,OFFICIAL_DAILY_OBSERVATION_DATE_NO_INTRADAY_TIMESTAMP_CLAIM
2025-03-04,CORE_BETA,CORE_BETA_A500,DOMAIN_PRIMARY,CSI_A500,000510,4582.4,4619.65,4571.56,4613.8,0.05,23490217300.0,4298.9,500.0,13.95,csindex:index_perf,000510,OFFICIAL_HISTORICAL_VALUATION_AVAILABLE,True,2025-03-04,OFFICIAL_DAILY_OBSERVATION_DATE_NO_INTRADAY_TIMESTAMP_CLAIM
2025-03-05,CORE_BETA,CORE_BETA_A500,DOMAIN_PRIMARY,CSI_A500,000510,4616.51,4637.18,4599.16,4632.25,0.4,24335878400.0,4213.76,500.0,14.02,csindex:index_perf,000510,OFFICIAL_HISTORICAL_VALUATION_AVAILABLE,True,2025-03-05,OFFICIAL_DAILY_OBSERVATION_DATE_NO_INTRADAY_TIMESTAMP_CLAIM
2025-03-06,CORE_BETA,CORE_BETA_A500,DOMAIN_PRIMARY,CSI_A500,000510,4658.8,4714.48,4654.32,4704.58,1.56,31204173300.0,5766.14,500.0,14.19,csindex:index_perf,000510,OFFICIAL_HISTORICAL_VALUATION_AVAILABLE,True,2025-03-06,OFFICIAL_DAILY_OBSERVATION_DATE_NO_INTRADAY_TIMESTAMP_CLAIM
2025-03-07,CORE_BETA,CORE_BETA_A500,DOMAIN_PRIMARY,CSI_A500,000510,4691.89,4722.65,4676.88,4690.56,-0.3,31040655200.0,5336.71,500.0,14.16,csindex:index_perf,000510,OFFICIAL_HISTORICAL_VALUATION_AVAILABLE,True,2025-03-07,OFFICIAL_DAILY_OBSERVATION_DATE_NO_INTRADAY_TIMESTAMP_CLAIM
2025-03-10,CORE_BETA,CORE_BETA_A500,DOMAIN_PRIMARY,CSI_A500,000510,4695.09,4703.32,4647.87,4677.52,-0.28,26660176300.0,4514.05,500.0,14.11,csindex:index_perf,000510,OFFICIAL_HISTORICAL_VALUATION_AVAILABLE,True,2025-03-10,OFFICIAL_DAILY_OBSERVATION_DATE_NO_INTRADAY_TIMESTAMP_CLAIM
2025-03-11,CORE_BETA,CORE_BETA_A500,DOMAIN_PRIMARY,CSI_A500,000510,4627.47,4692.04,4626.03,4692.04,0.31,25654004000.0,4396.82,500.0,14.15,csindex:index_perf,000510,OFFICIAL_HISTORICAL_VALUATION_AVAILABLE,True,2025-03-11,OFFICIAL_DAILY_OBSERVATION_DATE_NO_INTRADAY_TIMESTAMP_CLAIM
2025-03-12,CORE_BETA,CORE_BETA_A500,DOMAIN_PRIMARY,CSI_A500,000510,4702.18,4709.99,4672.44,4676.3,-0.34,27304930200.0,4686.13,500.0,14.1,csindex:index_perf,000510,OFFICIAL_HISTORICAL_VALUATION_AVAILABLE,True,2025-03-12,OFFICIAL_DAILY_OBSERVATION_DATE_NO_INTRADAY_TIMESTAMP_CLAIM
2025-03-13,CORE_BETA,CORE_BETA_A500,DOMAIN_PRIMARY,CSI_A500,000510,4674.31,4685.52,4627.27,4648.53,-0.59,25623878000.0,4352.39,500.0,14.06,csindex:index_perf,000510,OFFICIAL_HISTORICAL_VALUATION_AVAILABLE,True,2025-03-13,OFFICIAL_DAILY_OBSERVATION_DATE_NO_INTRADAY_TIMESTAMP_CLAIM
2025-03-14,CORE_BETA,CORE_BETA_A500,DOMAIN_PRIMARY,CSI_A500,000510,4656.84,4760.57,4656.05,4755.15,2.29,30542301200.0,5756.71,500.0,14.35,csindex:index_perf,000510,OFFICIAL_HISTORICAL_VALUATION_AVAILABLE,True,2025-03-14,OFFICIAL_DAILY_OBSERVATION_DATE_NO_INTRADAY_TIMESTAMP_CLAIM
2025-03-17,CORE_BETA,CORE_BETA_A500,DOMAIN_PRIMARY,CSI_A500,000510,4772.79,4773.67,4743.43,4748.1,-0.15,25274333000.0,4482.49,500.0,14.35,csindex:index_perf,000510,OFFICIAL_HISTORICAL_VALUATION_AVAILABLE,True,2025-03-17,OFFICIAL_DAILY_OBSERVATION_DATE_NO_INTRADAY_TIMESTAMP_CLAIM
2025-03-18,CORE_BETA,CORE_BETA_A500,DOMAIN_PRIMARY,CSI_A500,000510,4765.91,4778.26,4751.57,4765.55,0.37,23335675900.0,4303.1,500.0,14.37,csindex:index_perf,000510,OFFICIAL_HISTORICAL_VALUATION_AVAILABLE,True,2025-03-18,OFFICIAL_DAILY_OBSERVATION_DATE_NO_INTRADAY_TIMESTAMP_CLAIM
2025-03-19,CORE_BETA,CORE_BETA_A500,DOMAIN_PRIMARY,CSI_A500,000510,4760.18,4778.0,4735.37,4758.89,-0.14,22534257300.0,4091.9,500.0,14.38,csindex:index_perf,000510,OFFICIAL_HISTORICAL_VALUATION_AVAILABLE,True,2025-03-19,OFFICIAL_DAILY_OBSERVATION_DATE_NO_INTRADAY_TIMESTAMP_CLAIM
2025-03-20,CORE_BETA,CORE_BETA_A500,DOMAIN_PRIMARY,CSI_A500,000510,4759.64,4760.99,4713.25,4718.18,-0.86,20839653900.0,3690.09,500.0,14.27,csindex:index_perf,000510,OFFICIAL_HISTORICAL_VALUATION_AVAILABLE,True,2025-03-20,OFFICIAL_DAILY_OBSERVATION_DATE_NO_INTRADAY_TIMESTAMP_CLAIM
2025-03-21,CORE_BETA,CORE_BETA_A500,DOMAIN_PRIMARY,CSI_A500,000510,4706.38,4725.76,4630.97,4642.74,-1.6,24898904800.0,4293.97,500.0,14.07,csindex:index_perf,000510,OFFICIAL_HISTORICAL_VALUATION_AVAILABLE,True,2025-03-21,OFFICIAL_DAILY_OBSERVATION_DATE_NO_INTRADAY_TIMESTAMP_CLAIM
2025-03-24,CORE_BETA,CORE_BETA_A500,DOMAIN_PRIMARY,CSI_A500,000510,4645.2,4667.36,4620.0,4661.75,0.41,23638428800.0,3864.16,500.0,14.14,csindex:index_perf,000510,OFFICIAL_HISTORICAL_VALUATION_AVAILABLE,True,2025-03-24,OFFICIAL_DAILY_OBSERVATION_DATE_NO_INTRADAY_TIMESTAMP_CLAIM
2025-03-25,CORE_BETA,CORE_BETA_A500,DOMAIN_PRIMARY,CSI_A500,000510,4664.75,4675.27,4642.38,4653.25,-0.18,20754959000.0,3389.56,500.0,14.15,csindex:index_perf,000510,OFFICIAL_HISTORICAL_VALUATION_AVAILABLE,True,2025-03-25,OFFICIAL_DAILY_OBSERVATION_DATE_NO_INTRADAY_TIMESTAMP_CLAIM
2025-03-26,CORE_BETA,CORE_BETA_A500,DOMAIN_PRIMARY,CSI_A500,000510,4649.7,4666.88,4635.54,4638.73,-0.31,18327420100.0,3016.06,500.0,14.11,csindex:index_perf,000510,OFFICIAL_HISTORICAL_VALUATION_AVAILABLE,True,2025-03-26,OFFICIAL_DAILY_OBSERVATION_DATE_NO_INTRADAY_TIMESTAMP_CLAIM
2025-03-27,CORE_BETA,CORE_BETA_A500,DOMAIN_PRIMARY,CSI_A500,000510,4628.29,4679.45,4612.92,4652.07,0.29,18480938100.0,3175.88,500.0,14.16,csindex:index_perf,000510,OFFICIAL_HISTORICAL_VALUATION_AVAILABLE,True,2025-03-27,OFFICIAL_DAILY_OBSERVATION_DATE_NO_INTRADAY_TIMESTAMP_CLAIM
2025-03-28,CORE_BETA,CORE_BETA_A500,DOMAIN_PRIMARY,CSI_A500,000510,4649.09,4654.62,4619.64,4627.14,-0.54,18073335100.0,2899.39,500.0,14.08,csindex:index_perf,000510,OFFICIAL_HISTORICAL_VALUATION_AVAILABLE,True,2025-03-28,OFFICIAL_DAILY_OBSERVATION_DATE_NO_INTRADAY_TIMESTAMP_CLAIM
2025-03-31,CORE_BETA,CORE_BETA_A500,DOMAIN_PRIMARY,CSI_A500,000510,4612.6,4637.17,4569.19,4591.71,-0.77,22227454500.0,3482.94,500.0,14.02,csindex:index_perf,000510,OFFICIAL_HISTORICAL_VALUATION_AVAILABLE,True,2025-03-31,OFFICIAL_DAILY_OBSERVATION_DATE_NO_INTRADAY_TIMESTAMP_CLAIM
2025-04-01,CORE_BETA,CORE_BETA_A500,DOMAIN_PRIMARY,CSI_A500,000510,4599.36,4619.71,4588.89,4596.44,0.1,18886662200.0,3243.28,500.0,14.02,csindex:index_perf,000510,OFFICIAL_HISTORICAL_VALUATION_AVAILABLE,True,2025-04-01,OFFICIAL_DAILY_OBSERVATION_DATE_NO_INTRADAY_TIMESTAMP_CLAIM
2025-04-02,CORE_BETA,CORE_BETA_A500,DOMAIN_PRIMARY,CSI_A500,000510,4592.3,4613.59,4581.96,4590.67,-0.13,15420627100.0,2618.04,500.0,14.01,csindex:index_perf,000510,OFFICIAL_HISTORICAL_VALUATION_AVAILABLE,True,2025-04-02,OFFICIAL_DAILY_OBSERVATION_DATE_NO_INTRADAY_TIMESTAMP_CLAIM
2025-04-03,CORE_BETA,CORE_BETA_A500,DOMAIN_PRIMARY,CSI_A500,000510,4541.08,4587.14,4540.42,4554.25,-0.79,19008206600.0,3364.13,500.0,13.94,csindex:index_perf,000510,OFFICIAL_HISTORICAL_VALUATION_AVAILABLE,True,2025-04-03,OFFICIAL_DAILY_OBSERVATION_DATE_NO_INTRADAY_TIMESTAMP_CLAIM
2025-04-07,CORE_BETA,CORE_BETA_A500,DOMAIN_PRIMARY,CSI_A500,000510,4319.46,4359.1,4117.62,4199.09,-7.8,38282160700.0,6129.86,500.0,12.98,csindex:index_perf,000510,OFFICIAL_HISTORICAL_VALUATION_AVAILABLE,True,2025-04-07,OFFICIAL_DAILY_OBSERVATION_DATE_NO_INTRADAY_TIMESTAMP_CLAIM
2025-04-08,CORE_BETA,CORE_BETA_A500,DOMAIN_PRIMARY,CSI_A500,000510,4204.8,4259.31,4185.43,4259.31,1.43,36210083400.0,5692.76,500.0,13.22,csindex:index_perf,000510,OFFICIAL_HISTORICAL_VALUATION_AVAILABLE,True,2025-04-08,OFFICIAL_DAILY_OBSERVATION_DATE_NO_INTRADAY_TIMESTAMP_CLAIM
2025-04-09,CORE_BETA,CORE_BETA_A500,DOMAIN_PRIMARY,CSI_A500,000510,4201.71,4315.34,4162.83,4311.84,1.23,35591958000.0,5764.3,500.0,13.32,csindex:index_perf,000510,OFFICIAL_HISTORICAL_VALUATION_AVAILABLE,True,2025-04-09,OFFICIAL_DAILY_OBSERVATION_DATE_NO_INTRADAY_TIMESTAMP_CLAIM
2025-04-10,CORE_BETA,CORE_BETA_A500,DOMAIN_PRIMARY,CSI_A500,000510,4391.88,4409.12,4349.24,4376.28,1.49,31277004900.0,5237.04,500.0,13.47,csindex:index_perf,000510,OFFICIAL_HISTORICAL_VALUATION_AVAILABLE,True,2025-04-10,OFFICIAL_DAILY_OBSERVATION_DATE_NO_INTRADAY_TIMESTAMP_CLAIM
2025-04-11,CORE_BETA,CORE_BETA_A500,DOMAIN_PRIMARY,CSI_A500,000510,4366.75,4419.76,4349.81,4400.64,0.56,23533484800.0,4239.5,500.0,13.52,csindex:index_perf,000510,OFFICIAL_HISTORICAL_VALUATION_AVAILABLE,True,2025-04-11,OFFICIAL_DAILY_OBSERVATION_DATE_NO_INTRADAY_TIMESTAMP_CLAIM
2025-04-14,CORE_BETA,CORE_BETA_A500,DOMAIN_PRIMARY,CSI_A500,000510,4431.98,4441.24,4410.15,4417.52,0.38,22864871600.0,3906.37,500.0,13.58,csindex:index_perf,000510,OFFICIAL_HISTORICAL_VALUATION_AVAILABLE,True,2025-04-14,OFFICIAL_DAILY_OBSERVATION_DATE_NO_INTRADAY_TIMESTAMP_CLAIM
2025-04-15,CORE_BETA,CORE_BETA_A500,DOMAIN_PRIMARY,CSI_A500,000510,4415.16,4415.86,4388.31,4412.31,-0.12,18452929500.0,3039.85,500.0,13.61,csindex:index_perf,000510,OFFICIAL_HISTORICAL_VALUATION_AVAILABLE,True,2025-04-15,OFFICIAL_DAILY_OBSERVATION_DATE_NO_INTRADAY_TIMESTAMP_CLAIM
2025-04-16,CORE_BETA,CORE_BETA_A500,DOMAIN_PRIMARY,CSI_A500,000510,4408.37,4417.86,4357.23,4415.38,0.07,20899877600.0,3359.28,500.0,13.66,csindex:index_perf,000510,OFFICIAL_HISTORICAL_VALUATION_AVAILABLE,True,2025-04-16,OFFICIAL_DAILY_OBSERVATION_DATE_NO_INTRADAY_TIMESTAMP_CLAIM
2025-04-17,CORE_BETA,CORE_BETA_A500,DOMAIN_PRIMARY,CSI_A500,000510,4393.8,4425.34,4390.48,4412.42,-0.07,16885451900.0,2773.21,500.0,13.65,csindex:index_perf,000510,OFFICIAL_HISTORICAL_VALUATION_AVAILABLE,True,2025-04-17,OFFICIAL_DAILY_OBSERVATION_DATE_NO_INTRADAY_TIMESTAMP_CLAIM
2025-04-18,CORE_BETA,CORE_BETA_A500,DOMAIN_PRIMARY,CSI_A500,000510,4399.41,4422.5,4390.65,4413.14,0.02,14476069500.0,2351.82,500.0,13.66,csindex:index_perf,000510,OFFICIAL_HISTORICAL_VALUATION_AVAILABLE,True,2025-04-18,OFFICIAL_DAILY_OBSERVATION_DATE_NO_INTRADAY_TIMESTAMP_CLAIM
2025-04-21,CORE_BETA,CORE_BETA_A500,DOMAIN_PRIMARY,CSI_A500,000510,4409.68,4449.47,4401.31,4444.33,0.71,17547393100.0,2862.51,500.0,13.7,csindex:index_perf,000510,OFFICIAL_HISTORICAL_VALUATION_AVAILABLE,True,2025-04-21,OFFICIAL_DAILY_OBSERVATION_DATE_NO_INTRADAY_TIMESTAMP_CLAIM
2025-04-22,CORE_BETA,CORE_BETA_A500,DOMAIN_PRIMARY,CSI_A500,000510,4438.65,4456.2,4435.6,4436.51,-0.18,18915663300.0,2965.48,500.0,13.72,csindex:index_perf,000510,OFFICIAL_HISTORICAL_VALUATION_AVAILABLE,True,2025-04-22,OFFICIAL_DAILY_OBSERVATION_DATE_NO_INTRADAY_TIMESTAMP_CLAIM
2025-04-23,CORE_BETA,CORE_BETA_A500,DOMAIN_PRIMARY,CSI_A500,000510,4460.99,4468.75,4436.92,4444.97,0.19,19480565000.0,3386.58,500.0,13.72,csindex:index_perf,000510,OFFICIAL_HISTORICAL_VALUATION_AVAILABLE,True,2025-04-23,OFFICIAL_DAILY_OBSERVATION_DATE_NO_INTRADAY_TIMESTAMP_CLAIM
2025-04-24,CORE_BETA,CORE_BETA_A500,DOMAIN_PRIMARY,CSI_A500,000510,4446.36,4466.18,4423.07,4435.18,-0.22,17071269300.0,2809.44,500.0,13.74,csindex:index_perf,000510,OFFICIAL_HISTORICAL_VALUATION_AVAILABLE,True,2025-04-24,OFFICIAL_DAILY_OBSERVATION_DATE_NO_INTRADAY_TIMESTAMP_CLAIM
2025-04-25,CORE_BETA,CORE_BETA_A500,DOMAIN_PRIMARY,CSI_A500,000510,4444.7,4463.85,4436.79,4443.17,0.18,18173967000.0,3034.76,500.0,13.73,csindex:index_perf,000510,OFFICIAL_HISTORICAL_VALUATION_AVAILABLE,True,2025-04-25,OFFICIAL_DAILY_OBSERVATION_DATE_NO_INTRADAY_TIMESTAMP_CLAIM
2025-04-28,CORE_BETA,CORE_BETA_A500,DOMAIN_PRIMARY,CSI_A500,000510,4441.32,4444.37,4422.87,4432.14,-0.25,17779690700.0,2875.75,500.0,13.71,csindex:index_perf,000510,OFFICIAL_HISTORICAL_VALUATION_AVAILABLE,True,2025-04-28,OFFICIAL_DAILY_OBSERVATION_DATE_NO_INTRADAY_TIMESTAMP_CLAIM
2025-04-29,CORE_BETA,CORE_BETA_A500,DOMAIN_PRIMARY,CSI_A500,000510,4425.82,4443.39,4419.1,4431.63,-0.01,16480776100.0,2688.04,500.0,13.69,csindex:index_perf,000510,OFFICIAL_HISTORICAL_VALUATION_AVAILABLE,True,2025-04-29,OFFICIAL_DAILY_OBSERVATION_DATE_NO_INTRADAY_TIMESTAMP_CLAIM
2025-04-30,CORE_BETA,CORE_BETA_A500,DOMAIN_PRIMARY,CSI_A500,000510,4433.0,4452.09,4426.55,4435.81,0.09,20698707700.0,3297.14,500.0,13.65,csindex:index_perf,000510,OFFICIAL_HISTORICAL_VALUATION_AVAILABLE,True,2025-04-30,OFFICIAL_DAILY_OBSERVATION_DATE_NO_INTRADAY_TIMESTAMP_CLAIM
2025-05-06,CORE_BETA,CORE_BETA_A500,DOMAIN_PRIMARY,CSI_A500,000510,4465.59,4494.97,4454.9,4494.63,1.33,23707364500.0,3775.95,500.0,13.4,csindex:index_perf,000510,OFFICIAL_HISTORICAL_VALUATION_AVAILABLE,True,2025-05-06,OFFICIAL_DAILY_OBSERVATION_DATE_NO_INTRADAY_TIMESTAMP_CLAIM
2025-05-07,CORE_BETA,CORE_BETA_A500,DOMAIN_PRIMARY,CSI_A500,000510,4555.08,4558.13,4494.86,4517.5,0.51,24265384600.0,4024.8,500.0,13.51,csindex:index_perf,000510,OFFICIAL_HISTORICAL_VALUATION_AVAILABLE,True,2025-05-07,OFFICIAL_DAILY_OBSERVATION_DATE_NO_INTRADAY_TIMESTAMP_CLAIM
2025-05-08,CORE_BETA,CORE_BETA_A500,DOMAIN_PRIMARY,CSI_A500,000510,4504.16,4558.64,4498.89,4543.64,0.58,19669891100.0,3522.5,500.0,13.56,csindex:index_perf,000510,OFFICIAL_HISTORICAL_VALUATION_AVAILABLE,True,2025-05-08,OFFICIAL_DAILY_OBSERVATION_DATE_NO_INTRADAY_TIMESTAMP_CLAIM
2025-05-09,CORE_BETA,CORE_BETA_A500,DOMAIN_PRIMARY,CSI_A500,000510,4539.06,4539.06,4514.22,4526.24,-0.38,17608243500.0,3112.2,500.0,13.54,csindex:index_perf,000510,OFFICIAL_HISTORICAL_VALUATION_AVAILABLE,True,2025-05-09,OFFICIAL_DAILY_OBSERVATION_DATE_NO_INTRADAY_TIMESTAMP_CLAIM
2025-05-12,CORE_BETA,CORE_BETA_A500,DOMAIN_PRIMARY,CSI_A500,000510,4551.69,4583.34,4543.62,4583.19,1.26,21462438300.0,4013.02,500.0,13.67,csindex:index_perf,000510,OFFICIAL_HISTORICAL_VALUATION_AVAILABLE,True,2025-05-12,OFFICIAL_DAILY_OBSERVATION_DATE_NO_INTRADAY_TIMESTAMP_CLAIM
2025-05-13,CORE_BETA,CORE_BETA_A500,DOMAIN_PRIMARY,CSI_A500,000510,4614.86,4614.86,4578.61,4584.7,0.03,20850592900.0,3690.54,500.0,13.7,csindex:index_perf,000510,OFFICIAL_HISTORICAL_VALUATION_AVAILABLE,True,2025-05-13,OFFICIAL_DAILY_OBSERVATION_DATE_NO_INTRADAY_TIMESTAMP_CLAIM
2025-05-14,CORE_BETA,CORE_BETA_A500,DOMAIN_PRIMARY,CSI_A500,000510,4582.27,4647.8,4573.93,4626.07,0.9,21748453800.0,3861.26,500.0,13.84,csindex:index_perf,000510,OFFICIAL_HISTORICAL_VALUATION_AVAILABLE,True,2025-05-14,OFFICIAL_DAILY_OBSERVATION_DATE_NO_INTRADAY_TIMESTAMP_CLAIM
2025-05-15,CORE_BETA,CORE_BETA_A500,DOMAIN_PRIMARY,CSI_A500,000510,4616.53,4616.53,4575.28,4578.18,-1.04,19693241700.0,3188.39,500.0,13.74,csindex:index_perf,000510,OFFICIAL_HISTORICAL_VALUATION_AVAILABLE,True,2025-05-15,OFFICIAL_DAILY_OBSERVATION_DATE_NO_INTRADAY_TIMESTAMP_CLAIM
2025-05-16,CORE_BETA,CORE_BETA_A500,DOMAIN_PRIMARY,CSI_A500,000510,4566.87,4577.21,4549.5,4563.02,-0.33,16614547300.0,2731.01,500.0,13.67,csindex:index_perf,000510,OFFICIAL_HISTORICAL_VALUATION_AVAILABLE,True,2025-05-16,OFFICIAL_DAILY_OBSERVATION_DATE_NO_INTRADAY_TIMESTAMP_CLAIM
2025-05-19,CORE_BETA,CORE_BETA_A500,DOMAIN_PRIMARY,CSI_A500,000510,4557.92,4560.21,4533.86,4552.41,-0.23,15327448400.0,2553.4,500.0,13.63,csindex:index_perf,000510,OFFICIAL_HISTORICAL_VALUATION_AVAILABLE,True,2025-05-19,OFFICIAL_DAILY_OBSERVATION_DATE_NO_INTRADAY_TIMESTAMP_CLAIM
2025-05-20,CORE_BETA,CORE_BETA_A500,DOMAIN_PRIMARY,CSI_A500,000510,4558.26,4592.82,4552.35,4579.38,0.59,16593611700.0,2852.83,500.0,13.69,csindex:index_perf,000510,OFFICIAL_HISTORICAL_VALUATION_AVAILABLE,True,2025-05-20,OFFICIAL_DAILY_OBSERVATION_DATE_NO_INTRADAY_TIMESTAMP_CLAIM
2025-05-21,CORE_BETA,CORE_BETA_A500,DOMAIN_PRIMARY,CSI_A500,000510,4579.73,4612.05,4579.73,4599.67,0.44,16839819300.0,3072.41,500.0,13.76,csindex:index_perf,000510,OFFICIAL_HISTORICAL_VALUATION_AVAILABLE,True,2025-05-21,OFFICIAL_DAILY_OBSERVATION_DATE_NO_INTRADAY_TIMESTAMP_CLAIM
2025-05-22,CORE_BETA,CORE_BETA_A500,DOMAIN_PRIMARY,CSI_A500,000510,4592.66,4599.46,4581.3,4585.83,-0.3,16182560500.0,2764.53,500.0,13.73,csindex:index_perf,000510,OFFICIAL_HISTORICAL_VALUATION_AVAILABLE,True,2025-05-22,OFFICIAL_DAILY_OBSERVATION_DATE_NO_INTRADAY_TIMESTAMP_CLAIM
2025-05-23,CORE_BETA,CORE_BETA_A500,DOMAIN_PRIMARY,CSI_A500,000510,4581.12,4611.2,4549.89,4549.89,-0.78,17335017000.0,3121.84,500.0,13.62,csindex:index_perf,000510,OFFICIAL_HISTORICAL_VALUATION_AVAILABLE,True,2025-05-23,OFFICIAL_DAILY_OBSERVATION_DATE_NO_INTRADAY_TIMESTAMP_CLAIM
2025-05-26,CORE_BETA,CORE_BETA_A500,DOMAIN_PRIMARY,CSI_A500,000510,4543.6,4559.06,4517.02,4531.73,-0.4,15674735400.0,2786.85,500.0,13.56,csindex:index_perf,000510,OFFICIAL_HISTORICAL_VALUATION_AVAILABLE,True,2025-05-26,OFFICIAL_DAILY_OBSERVATION_DATE_NO_INTRADAY_TIMESTAMP_CLAIM
2025-05-27,CORE_BETA,CORE_BETA_A500,DOMAIN_PRIMARY,CSI_A500,000510,4527.78,4531.53,4497.04,4504.86,-0.59,14443590000.0,2464.96,500.0,13.5,csindex:index_perf,000510,OFFICIAL_HISTORICAL_VALUATION_AVAILABLE,True,2025-05-27,OFFICIAL_DAILY_OBSERVATION_DATE_NO_INTRADAY_TIMESTAMP_CLAIM
2025-05-28,CORE_BETA,CORE_BETA_A500,DOMAIN_PRIMARY,CSI_A500,000510,4508.46,4515.77,4494.12,4497.62,-0.16,13648454400.0,2267.11,500.0,13.49,csindex:index_perf,000510,OFFICIAL_HISTORICAL_VALUATION_AVAILABLE,True,2025-05-28,OFFICIAL_DAILY_OBSERVATION_DATE_NO_INTRADAY_TIMESTAMP_CLAIM
2025-05-29,CORE_BETA,CORE_BETA_A500,DOMAIN_PRIMARY,CSI_A500,000510,4498.31,4543.3,4492.38,4532.18,0.77,16073946100.0,2817.44,500.0,13.55,csindex:index_perf,000510,OFFICIAL_HISTORICAL_VALUATION_AVAILABLE,True,2025-05-29,OFFICIAL_DAILY_OBSERVATION_DATE_NO_INTRADAY_TIMESTAMP_CLAIM
2025-05-30,CORE_BETA,CORE_BETA_A500,DOMAIN_PRIMARY,CSI_A500,000510,4521.59,4528.13,4493.8,4503.46,-0.63,15939560200.0,2649.91,500.0,13.5,csindex:index_perf,000510,OFFICIAL_HISTORICAL_VALUATION_AVAILABLE,True,2025-05-30,OFFICIAL_DAILY_OBSERVATION_DATE_NO_INTRADAY_TIMESTAMP_CLAIM
2025-06-03,CORE_BETA,CORE_BETA_A500,DOMAIN_PRIMARY,CSI_A500,000510,4493.96,4523.95,4493.96,4512.07,0.19,17914222900.0,2999.86,500.0,13.52,csindex:index_perf,000510,OFFICIAL_HISTORICAL_VALUATION_AVAILABLE,True,2025-06-03,OFFICIAL_DAILY_OBSERVATION_DATE_NO_INTRADAY_TIMESTAMP_CLAIM
2025-06-04,CORE_BETA,CORE_BETA_A500,DOMAIN_PRIMARY,CSI_A500,000510,4516.49,4542.08,4516.49,4533.83,0.48,16489389100.0,2812.36,500.0,13.56,csindex:index_perf,000510,OFFICIAL_HISTORICAL_VALUATION_AVAILABLE,True,2025-06-04,OFFICIAL_DAILY_OBSERVATION_DATE_NO_INTRADAY_TIMESTAMP_CLAIM
2025-06-05,CORE_BETA,CORE_BETA_A500,DOMAIN_PRIMARY,CSI_A500,000510,4538.17,4555.79,4525.48,4549.54,0.35,17327291300.0,3085.35,500.0,13.6,csindex:index_perf,000510,OFFICIAL_HISTORICAL_VALUATION_AVAILABLE,True,2025-06-05,OFFICIAL_DAILY_OBSERVATION_DATE_NO_INTRADAY_TIMESTAMP_CLAIM
2025-06-06,CORE_BETA,CORE_BETA_A500,DOMAIN_PRIMARY,CSI_A500,000510,4549.64,4560.72,4538.74,4545.1,-0.1,15589747000.0,2707.73,500.0,13.6,csindex:index_perf,000510,OFFICIAL_HISTORICAL_VALUATION_AVAILABLE,True,2025-06-06,OFFICIAL_DAILY_OBSERVATION_DATE_NO_INTRADAY_TIMESTAMP_CLAIM
2025-06-09,CORE_BETA,CORE_BETA_A500,DOMAIN_PRIMARY,CSI_A500,000510,4549.5,4575.94,4543.84,4562.77,0.39,18449782600.0,3407.44,500.0,13.62,csindex:index_perf,000510,OFFICIAL_HISTORICAL_VALUATION_AVAILABLE,True,2025-06-09,OFFICIAL_DAILY_OBSERVATION_DATE_NO_INTRADAY_TIMESTAMP_CLAIM
2025-06-10,CORE_BETA,CORE_BETA_A500,DOMAIN_PRIMARY,CSI_A500,000510,4565.93,4572.48,4514.65,4536.05,-0.59,20301052700.0,3535.95,500.0,13.57,csindex:index_perf,000510,OFFICIAL_HISTORICAL_VALUATION_AVAILABLE,True,2025-06-10,OFFICIAL_DAILY_OBSERVATION_DATE_NO_INTRADAY_TIMESTAMP_CLAIM
2025-06-11,CORE_BETA,CORE_BETA_A500,DOMAIN_PRIMARY,CSI_A500,000510,4541.33,4586.93,4541.33,4567.49,0.69,18228702100.0,3226.41,500.0,13.66,csindex:index_perf,000510,OFFICIAL_HISTORICAL_VALUATION_AVAILABLE,True,2025-06-11,OFFICIAL_DAILY_OBSERVATION_DATE_NO_INTRADAY_TIMESTAMP_CLAIM
2025-06-12,CORE_BETA,CORE_BETA_A500,DOMAIN_PRIMARY,CSI_A500,000510,4557.29,4576.25,4542.12,4566.6,-0.02,18178311200.0,3349.91,500.0,13.65,csindex:index_perf,000510,OFFICIAL_HISTORICAL_VALUATION_AVAILABLE,True,2025-06-12,OFFICIAL_DAILY_OBSERVATION_DATE_NO_INTRADAY_TIMESTAMP_CLAIM
2025-06-13,CORE_BETA,CORE_BETA_A500,DOMAIN_PRIMARY,CSI_A500,000510,4553.37,4562.87,4520.02,4532.8,-0.74,23744575200.0,4129.52,500.0,13.57,csindex:index_perf,000510,OFFICIAL_HISTORICAL_VALUATION_AVAILABLE,True,2025-06-13,OFFICIAL_DAILY_OBSERVATION_DATE_NO_INTRADAY_TIMESTAMP_CLAIM
2025-06-16,CORE_BETA,CORE_BETA_A500,DOMAIN_PRIMARY,CSI_A500,000510,4520.84,4546.81,4520.84,4543.99,0.25,18822839800.0,3395.48,500.0,13.62,csindex:index_perf,000510,OFFICIAL_HISTORICAL_VALUATION_AVAILABLE,True,2025-06-16,OFFICIAL_DAILY_OBSERVATION_DATE_NO_INTRADAY_TIMESTAMP_CLAIM
2025-06-17,CORE_BETA,CORE_BETA_A500,DOMAIN_PRIMARY,CSI_A500,000510,4546.57,4552.54,4528.28,4537.18,-0.15,17763747300.0,3092.78,500.0,13.62,csindex:index_perf,000510,OFFICIAL_HISTORICAL_VALUATION_AVAILABLE,True,2025-06-17,OFFICIAL_DAILY_OBSERVATION_DATE_NO_INTRADAY_TIMESTAMP_CLAIM
2025-06-18,CORE_BETA,CORE_BETA_A500,DOMAIN_PRIMARY,CSI_A500,000510,4535.65,4547.12,4518.14,4540.41,0.07,17258424100.0,3092.91,500.0,13.64,csindex:index_perf,000510,OFFICIAL_HISTORICAL_VALUATION_AVAILABLE,True,2025-06-18,OFFICIAL_DAILY_OBSERVATION_DATE_NO_INTRADAY_TIMESTAMP_CLAIM
2025-06-19,CORE_BETA,CORE_BETA_A500,DOMAIN_PRIMARY,CSI_A500,000510,4534.09,4538.51,4489.68,4499.82,-0.89,18302357800.0,3191.03,500.0,13.55,csindex:index_perf,000510,OFFICIAL_HISTORICAL_VALUATION_AVAILABLE,True,2025-06-19,OFFICIAL_DAILY_OBSERVATION_DATE_NO_INTRADAY_TIMESTAMP_CLAIM
2025-06-20,CORE_BETA,CORE_BETA_A500,DOMAIN_PRIMARY,CSI_A500,000510,4494.87,4512.76,4489.29,4492.54,-0.16,15801964800.0,2785.32,500.0,13.54,csindex:index_perf,000510,OFFICIAL_HISTORICAL_VALUATION_AVAILABLE,True,2025-06-20,OFFICIAL_DAILY_OBSERVATION_DATE_NO_INTRADAY_TIMESTAMP_CLAIM
2025-06-23,CORE_BETA,CORE_BETA_A500,DOMAIN_PRIMARY,CSI_A500,000510,4473.55,4519.99,4473.55,4509.89,0.39,17636950900.0,3035.0,500.0,13.6,csindex:index_perf,000510,OFFICIAL_HISTORICAL_VALUATION_AVAILABLE,True,2025-06-23,OFFICIAL_DAILY_OBSERVATION_DATE_NO_INTRADAY_TIMESTAMP_CLAIM
2025-06-24,CORE_BETA,CORE_BETA_A500,DOMAIN_PRIMARY,CSI_A500,000510,4516.53,4576.89,4516.53,4570.19,1.34,22017834200.0,3871.33,500.0,13.67,csindex:index_perf,000510,OFFICIAL_HISTORICAL_VALUATION_AVAILABLE,True,2025-06-24,OFFICIAL_DAILY_OBSERVATION_DATE_NO_INTRADAY_TIMESTAMP_CLAIM
2025-06-25,CORE_BETA,CORE_BETA_A500,DOMAIN_PRIMARY,CSI_A500,000510,4574.17,4634.55,4569.68,4631.27,1.34,24365613300.0,4545.71,500.0,13.81,csindex:index_perf,000510,OFFICIAL_HISTORICAL_VALUATION_AVAILABLE,True,2025-06-25,OFFICIAL_DAILY_OBSERVATION_DATE_NO_INTRADAY_TIMESTAMP_CLAIM
2025-06-26,CORE_BETA,CORE_BETA_A500,DOMAIN_PRIMARY,CSI_A500,000510,4624.61,4642.11,4613.47,4614.44,-0.36,22743981500.0,4332.61,500.0,13.74,csindex:index_perf,000510,OFFICIAL_HISTORICAL_VALUATION_AVAILABLE,True,2025-06-26,OFFICIAL_DAILY_OBSERVATION_DATE_NO_INTRADAY_TIMESTAMP_CLAIM
2025-06-27,CORE_BETA,CORE_BETA_A500,DOMAIN_PRIMARY,CSI_A500,000510,4622.25,4646.59,4598.61,4601.77,-0.27,25203763100.0,4418.6,500.0,13.64,csindex:index_perf,000510,OFFICIAL_HISTORICAL_VALUATION_AVAILABLE,True,2025-06-27,OFFICIAL_DAILY_OBSERVATION_DATE_NO_INTRADAY_TIMESTAMP_CLAIM
2025-06-30,CORE_BETA,CORE_BETA_A500,DOMAIN_PRIMARY,CSI_A500,000510,4604.57,4634.95,4601.02,4630.45,0.62,21746835400.0,4064.41,500.0,13.7,csindex:index_perf,000510,OFFICIAL_HISTORICAL_VALUATION_AVAILABLE,True,2025-06-30,OFFICIAL_DAILY_OBSERVATION_DATE_NO_INTRADAY_TIMESTAMP_CLAIM
2025-07-01,CORE_BETA,CORE_BETA_A500,DOMAIN_PRIMARY,CSI_A500,000510,4630.7,4640.33,4614.74,4636.79,0.14,19888788200.0,3539.76,500.0,13.74,csindex:index_perf,000510,OFFICIAL_HISTORICAL_VALUATION_AVAILABLE,True,2025-07-01,OFFICIAL_DAILY_OBSERVATION_DATE_NO_INTRADAY_TIMESTAMP_CLAIM
2025-07-02,CORE_BETA,CORE_BETA_A500,DOMAIN_PRIMARY,CSI_A500,000510,4634.62,4637.93,4615.19,4627.66,-0.2,21080843500.0,3461.84,500.0,13.72,csindex:index_perf,000510,OFFICIAL_HISTORICAL_VALUATION_AVAILABLE,True,2025-07-02,OFFICIAL_DAILY_OBSERVATION_DATE_NO_INTRADAY_TIMESTAMP_CLAIM
2025-07-03,CORE_BETA,CORE_BETA_A500,DOMAIN_PRIMARY,CSI_A500,000510,4633.87,4661.48,4628.12,4656.91,0.63,18589621700.0,3483.77,500.0,13.76,csindex:index_perf,000510,OFFICIAL_HISTORICAL_VALUATION_AVAILABLE,True,2025-07-03,OFFICIAL_DAILY_OBSERVATION_DATE_NO_INTRADAY_TIMESTAMP_CLAIM
2025-07-04,CORE_BETA,CORE_BETA_A500,DOMAIN_PRIMARY,CSI_A500,000510,4655.6,4701.58,4642.83,4662.51,0.12,20598185600.0,3791.65,500.0,13.81,csindex:index_perf,000510,OFFICIAL_HISTORICAL_VALUATION_AVAILABLE,True,2025-07-04,OFFICIAL_DAILY_OBSERVATION_DATE_NO_INTRADAY_TIMESTAMP_CLAIM
2025-07-07,CORE_BETA,CORE_BETA_A500,DOMAIN_PRIMARY,CSI_A500,000510,4655.59,4658.66,4633.74,4639.96,-0.48,16901301300.0,2961.78,500.0,13.76,csindex:index_perf,000510,OFFICIAL_HISTORICAL_VALUATION_AVAILABLE,True,2025-07-07,OFFICIAL_DAILY_OBSERVATION_DATE_NO_INTRADAY_TIMESTAMP_CLAIM
2025-07-08,CORE_BETA,CORE_BETA_A500,DOMAIN_PRIMARY,CSI_A500,000510,4640.03,4691.44,4640.03,4687.58,1.03,21060712000.0,3862.32,500.0,13.86,csindex:index_perf,000510,OFFICIAL_HISTORICAL_VALUATION_AVAILABLE,True,2025-07-08,OFFICIAL_DAILY_OBSERVATION_DATE_NO_INTRADAY_TIMESTAMP_CLAIM
2025-07-09,CORE_BETA,CORE_BETA_A500,DOMAIN_PRIMARY,CSI_A500,000510,4686.97,4706.37,4670.25,4676.05,-0.25,22771419300.0,3946.07,500.0,13.85,csindex:index_perf,000510,OFFICIAL_HISTORICAL_VALUATION_AVAILABLE,True,2025-07-09,OFFICIAL_DAILY_OBSERVATION_DATE_NO_INTRADAY_TIMESTAMP_CLAIM
2025-07-10,CORE_BETA,CORE_BETA_A500,DOMAIN_PRIMARY,CSI_A500,000510,4678.81,4720.42,4675.81,4696.44,0.44,25797356400.0,4293.72,500.0,13.93,csindex:index_perf,000510,OFFICIAL_HISTORICAL_VALUATION_AVAILABLE,True,2025-07-10,OFFICIAL_DAILY_OBSERVATION_DATE_NO_INTRADAY_TIMESTAMP_CLAIM
2025-07-11,CORE_BETA,CORE_BETA_A500,DOMAIN_PRIMARY,CSI_A500,000510,4696.09,4756.91,4691.91,4707.08,0.23,31383765000.0,5275.45,500.0,13.92,csindex:index_perf,000510,OFFICIAL_HISTORICAL_VALUATION_AVAILABLE,True,2025-07-11,OFFICIAL_DAILY_OBSERVATION_DATE_NO_INTRADAY_TIMESTAMP_CLAIM
2025-07-14,CORE_BETA,CORE_BETA_A500,DOMAIN_PRIMARY,CSI_A500,000510,4714.65,4725.02,4709.78,4709.78,0.06,26405101700.0,4145.21,500.0,13.95,csindex:index_perf,000510,OFFICIAL_HISTORICAL_VALUATION_AVAILABLE,True,2025-07-14,OFFICIAL_DAILY_OBSERVATION_DATE_NO_INTRADAY_TIMESTAMP_CLAIM
2025-07-15,CORE_BETA,CORE_BETA_A500,DOMAIN_PRIMARY,CSI_A500,000510,4714.65,4739.16,4685.45,4717.89,0.17,26291079600.0,4674.29,500.0,13.95,csindex:index_perf,000510,OFFICIAL_HISTORICAL_VALUATION_AVAILABLE,True,2025-07-15,OFFICIAL_DAILY_OBSERVATION_DATE_NO_INTRADAY_TIMESTAMP_CLAIM
2025-07-16,CORE_BETA,CORE_BETA_A500,DOMAIN_PRIMARY,CSI_A500,000510,4720.21,4735.13,4693.78,4707.35,-0.22,22099201400.0,4102.52,500.0,13.91,csindex:index_perf,000510,OFFICIAL_HISTORICAL_VALUATION_AVAILABLE,True,2025-07-16,OFFICIAL_DAILY_OBSERVATION_DATE_NO_INTRADAY_TIMESTAMP_CLAIM
2025-07-17,CORE_BETA,CORE_BETA_A500,DOMAIN_PRIMARY,CSI_A500,000510,4705.23,4749.83,4705.23,4749.74,0.9,23165109700.0,4526.98,500.0,13.97,csindex:index_perf,000510,OFFICIAL_HISTORICAL_VALUATION_AVAILABLE,True,2025-07-17,OFFICIAL_DAILY_OBSERVATION_DATE_NO_INTRADAY_TIMESTAMP_CLAIM
2025-07-18,CORE_BETA,CORE_BETA_A500,DOMAIN_PRIMARY,CSI_A500,000510,4756.31,4780.61,4752.43,4773.24,0.49,25712606000.0,4821.23,500.0,14.05,csindex:index_perf,000510,OFFICIAL_HISTORICAL_VALUATION_AVAILABLE,True,2025-07-18,OFFICIAL_DAILY_OBSERVATION_DATE_NO_INTRADAY_TIMESTAMP_CLAIM
2025-07-21,CORE_BETA,CORE_BETA_A500,DOMAIN_PRIMARY,CSI_A500,000510,4788.65,4809.26,4780.24,4808.62,0.74,31504466600.0,5110.65,500.0,14.14,csindex:index_perf,000510,OFFICIAL_HISTORICAL_VALUATION_AVAILABLE,True,2025-07-21,OFFICIAL_DAILY_OBSERVATION_DATE_NO_INTRADAY_TIMESTAMP_CLAIM
2025-07-22,CORE_BETA,CORE_BETA_A500,DOMAIN_PRIMARY,CSI_A500,000510,4810.45,4849.51,4793.56,4849.17,0.84,35685932100.0,6017.05,500.0,14.24,csindex:index_perf,000510,OFFICIAL_HISTORICAL_VALUATION_AVAILABLE,True,2025-07-22,OFFICIAL_DAILY_OBSERVATION_DATE_NO_INTRADAY_TIMESTAMP_CLAIM
2025-07-23,CORE_BETA,CORE_BETA_A500,DOMAIN_PRIMARY,CSI_A500,000510,4858.34,4885.3,4837.96,4844.33,-0.1,38157029200.0,5915.36,500.0,14.25,csindex:index_perf,000510,OFFICIAL_HISTORICAL_VALUATION_AVAILABLE,True,2025-07-23,OFFICIAL_DAILY_OBSERVATION_DATE_NO_INTRADAY_TIMESTAMP_CLAIM
2025-07-24,CORE_BETA,CORE_BETA_A500,DOMAIN_PRIMARY,CSI_A500,000510,4842.76,4888.72,4839.99,4888.72,0.92,40031618000.0,6116.94,500.0,14.32,csindex:index_perf,000510,OFFICIAL_HISTORICAL_VALUATION_AVAILABLE,True,2025-07-24,OFFICIAL_DAILY_OBSERVATION_DATE_NO_INTRADAY_TIMESTAMP_CLAIM
2025-07-25,CORE_BETA,CORE_BETA_A500,DOMAIN_PRIMARY,CSI_A500,000510,4884.99,4892.38,4859.16,4871.12,-0.36,36808731700.0,5703.44,500.0,14.25,csindex:index_perf,000510,OFFICIAL_HISTORICAL_VALUATION_AVAILABLE,True,2025-07-25,OFFICIAL_DAILY_OBSERVATION_DATE_NO_INTRADAY_TIMESTAMP_CLAIM
2025-07-28,CORE_BETA,CORE_BETA_A500,DOMAIN_PRIMARY,CSI_A500,000510,4875.23,4890.55,4854.31,4885.77,0.3,31034584100.0,5666.26,500.0,14.27,csindex:index_perf,000510,OFFICIAL_HISTORICAL_VALUATION_AVAILABLE,True,2025-07-28,OFFICIAL_DAILY_OBSERVATION_DATE_NO_INTRADAY_TIMESTAMP_CLAIM
2025-07-29,CORE_BETA,CORE_BETA_A500,DOMAIN_PRIMARY,CSI_A500,000510,4881.75,4911.03,4865.62,4910.19,0.5,31187533000.0,5720.65,500.0,14.08,csindex:index_perf,000510,OFFICIAL_HISTORICAL_VALUATION_AVAILABLE,True,2025-07-29,OFFICIAL_DAILY_OBSERVATION_DATE_NO_INTRADAY_TIMESTAMP_CLAIM
2025-07-30,CORE_BETA,CORE_BETA_A500,DOMAIN_PRIMARY,CSI_A500,000510,4905.01,4942.27,4869.57,4899.2,-0.22,33598195000.0,5958.3,500.0,14.09,csindex:index_perf,000510,OFFICIAL_HISTORICAL_VALUATION_AVAILABLE,True,2025-07-30,OFFICIAL_DAILY_OBSERVATION_DATE_NO_INTRADAY_TIMESTAMP_CLAIM
2025-07-31,CORE_BETA,CORE_BETA_A500,DOMAIN_PRIMARY,CSI_A500,000510,4889.25,4889.25,4799.24,4813.39,-1.75,36099001700.0,6456.33,500.0,13.88,csindex:index_perf,000510,OFFICIAL_HISTORICAL_VALUATION_AVAILABLE,True,2025-07-31,OFFICIAL_DAILY_OBSERVATION_DATE_NO_INTRADAY_TIMESTAMP_CLAIM
2025-08-01,CORE_BETA,CORE_BETA_A500,DOMAIN_PRIMARY,CSI_A500,000510,4807.41,4826.84,4771.45,4792.42,-0.44,27218292400.0,4885.61,500.0,13.81,csindex:index_perf,000510,OFFICIAL_HISTORICAL_VALUATION_AVAILABLE,True,2025-08-01,OFFICIAL_DAILY_OBSERVATION_DATE_NO_INTRADAY_TIMESTAMP_CLAIM
2025-08-04,CORE_BETA,CORE_BETA_A500,DOMAIN_PRIMARY,CSI_A500,000510,4772.53,4814.07,4772.53,4814.07,0.45,23294320100.0,4248.9,500.0,13.88,csindex:index_perf,000510,OFFICIAL_HISTORICAL_VALUATION_AVAILABLE,True,2025-08-04,OFFICIAL_DAILY_OBSERVATION_DATE_NO_INTRADAY_TIMESTAMP_CLAIM
2025-08-05,CORE_BETA,CORE_BETA_A500,DOMAIN_PRIMARY,CSI_A500,000510,4826.1,4848.75,4819.26,4846.51,0.67,24467571300.0,4262.22,500.0,13.99,csindex:index_perf,000510,OFFICIAL_HISTORICAL_VALUATION_AVAILABLE,True,2025-08-05,OFFICIAL_DAILY_OBSERVATION_DATE_NO_INTRADAY_TIMESTAMP_CLAIM
2025-08-06,CORE_BETA,CORE_BETA_A500,DOMAIN_PRIMARY,CSI_A500,000510,4843.15,4868.54,4840.72,4866.34,0.41,25788715700.0,4491.25,500.0,14.04,csindex:index_perf,000510,OFFICIAL_HISTORICAL_VALUATION_AVAILABLE,True,2025-08-06,OFFICIAL_DAILY_OBSERVATION_DATE_NO_INTRADAY_TIMESTAMP_CLAIM
2025-08-07,CORE_BETA,CORE_BETA_A500,DOMAIN_PRIMARY,CSI_A500,000510,4871.93,4881.34,4837.5,4864.07,-0.05,28508571800.0,5092.73,500.0,14.06,csindex:index_perf,000510,OFFICIAL_HISTORICAL_VALUATION_AVAILABLE,True,2025-08-07,OFFICIAL_DAILY_OBSERVATION_DATE_NO_INTRADAY_TIMESTAMP_CLAIM
2025-08-08,CORE_BETA,CORE_BETA_A500,DOMAIN_PRIMARY,CSI_A500,000510,4856.28,4873.02,4843.05,4852.41,-0.24,25736775500.0,4488.64,500.0,14.04,csindex:index_perf,000510,OFFICIAL_HISTORICAL_VALUATION_AVAILABLE,True,2025-08-08,OFFICIAL_DAILY_OBSERVATION_DATE_NO_INTRADAY_TIMESTAMP_CLAIM
2025-08-11,CORE_BETA,CORE_BETA_A500,DOMAIN_PRIMARY,CSI_A500,000510,4861.1,4899.38,4858.78,4886.84,0.71,27559731500.0,5069.29,500.0,14.08,csindex:index_perf,000510,OFFICIAL_HISTORICAL_VALUATION_AVAILABLE,True,2025-08-11,OFFICIAL_DAILY_OBSERVATION_DATE_NO_INTRADAY_TIMESTAMP_CLAIM
2025-08-12,CORE_BETA,CORE_BETA_A500,DOMAIN_PRIMARY,CSI_A500,000510,4886.75,4914.82,4881.34,4907.8,0.43,26513101600.0,5386.65,500.0,14.16,csindex:index_perf,000510,OFFICIAL_HISTORICAL_VALUATION_AVAILABLE,True,2025-08-12,OFFICIAL_DAILY_OBSERVATION_DATE_NO_INTRADAY_TIMESTAMP_CLAIM
2025-08-13,CORE_BETA,CORE_BETA_A500,DOMAIN_PRIMARY,CSI_A500,000510,4914.48,4963.38,4914.48,4956.03,0.98,30802869900.0,6349.59,500.0,14.24,csindex:index_perf,000510,OFFICIAL_HISTORICAL_VALUATION_AVAILABLE,True,2025-08-13,OFFICIAL_DAILY_OBSERVATION_DATE_NO_INTRADAY_TIMESTAMP_CLAIM
2025-08-14,CORE_BETA,CORE_BETA_A500,DOMAIN_PRIMARY,CSI_A500,000510,4959.54,4995.57,4927.49,4939.05,-0.34,32525333300.0,6623.22,500.0,14.22,csindex:index_perf,000510,OFFICIAL_HISTORICAL_VALUATION_AVAILABLE,True,2025-08-14,OFFICIAL_DAILY_OBSERVATION_DATE_NO_INTRADAY_TIMESTAMP_CLAIM
2025-08-15,CORE_BETA,CORE_BETA_A500,DOMAIN_PRIMARY,CSI_A500,000510,4926.29,4997.99,4925.54,4985.83,0.95,34719002000.0,6753.11,500.0,14.29,csindex:index_perf,000510,OFFICIAL_HISTORICAL_VALUATION_AVAILABLE,True,2025-08-15,OFFICIAL_DAILY_OBSERVATION_DATE_NO_INTRADAY_TIMESTAMP_CLAIM
2025-08-18,CORE_BETA,CORE_BETA_A500,DOMAIN_PRIMARY,CSI_A500,000510,5006.35,5075.98,4990.63,5038.68,1.06,43690299100.0,8613.27,500.0,14.42,csindex:index_perf,000510,OFFICIAL_HISTORICAL_VALUATION_AVAILABLE,True,2025-08-18,OFFICIAL_DAILY_OBSERVATION_DATE_NO_INTRADAY_TIMESTAMP_CLAIM
2025-08-19,CORE_BETA,CORE_BETA_A500,DOMAIN_PRIMARY,CSI_A500,000510,5040.91,5068.26,5006.36,5016.82,-0.43,37304840200.0,7641.19,500.0,14.39,csindex:index_perf,000510,OFFICIAL_HISTORICAL_VALUATION_AVAILABLE,True,2025-08-19,OFFICIAL_DAILY_OBSERVATION_DATE_NO_INTRADAY_TIMESTAMP_CLAIM
2025-08-20,CORE_BETA,CORE_BETA_A500,DOMAIN_PRIMARY,CSI_A500,000510,4999.36,5075.49,4977.97,5075.22,1.16,37970909200.0,7452.03,500.0,14.55,csindex:index_perf,000510,OFFICIAL_HISTORICAL_VALUATION_AVAILABLE,True,2025-08-20,OFFICIAL_DAILY_OBSERVATION_DATE_NO_INTRADAY_TIMESTAMP_CLAIM
2025-08-21,CORE_BETA,CORE_BETA_A500,DOMAIN_PRIMARY,CSI_A500,000510,5087.93,5116.13,5070.32,5089.34,0.28,37852135100.0,7516.04,500.0,14.62,csindex:index_perf,000510,OFFICIAL_HISTORICAL_VALUATION_AVAILABLE,True,2025-08-21,OFFICIAL_DAILY_OBSERVATION_DATE_NO_INTRADAY_TIMESTAMP_CLAIM
2025-08-22,CORE_BETA,CORE_BETA_A500,DOMAIN_PRIMARY,CSI_A500,000510,5089.73,5199.05,5089.73,5198.91,2.15,40267133300.0,8797.31,500.0,14.87,csindex:index_perf,000510,OFFICIAL_HISTORICAL_VALUATION_AVAILABLE,True,2025-08-22,OFFICIAL_DAILY_OBSERVATION_DATE_NO_INTRADAY_TIMESTAMP_CLAIM
2025-08-25,CORE_BETA,CORE_BETA_A500,DOMAIN_PRIMARY,CSI_A500,000510,5246.93,5316.3,5232.8,5311.73,2.17,51527911700.0,11053.43,500.0,15.14,csindex:index_perf,000510,OFFICIAL_HISTORICAL_VALUATION_AVAILABLE,True,2025-08-25,OFFICIAL_DAILY_OBSERVATION_DATE_NO_INTRADAY_TIMESTAMP_CLAIM
2025-08-26,CORE_BETA,CORE_BETA_A500,DOMAIN_PRIMARY,CSI_A500,000510,5293.46,5334.86,5275.45,5304.51,-0.14,42550441100.0,8967.33,500.0,15.11,csindex:index_perf,000510,OFFICIAL_HISTORICAL_VALUATION_AVAILABLE,True,2025-08-26,OFFICIAL_DAILY_OBSERVATION_DATE_NO_INTRADAY_TIMESTAMP_CLAIM
2025-08-27,CORE_BETA,CORE_BETA_A500,DOMAIN_PRIMARY,CSI_A500,000510,5312.21,5367.36,5227.98,5227.98,-1.44,50265778600.0,10944.78,500.0,14.87,csindex:index_perf,000510,OFFICIAL_HISTORICAL_VALUATION_AVAILABLE,True,2025-08-27,OFFICIAL_DAILY_OBSERVATION_DATE_NO_INTRADAY_TIMESTAMP_CLAIM
2025-08-28,CORE_BETA,CORE_BETA_A500,DOMAIN_PRIMARY,CSI_A500,000510,5220.86,5328.64,5198.02,5327.88,1.91,45147684400.0,10295.46,500.0,15.08,csindex:index_perf,000510,OFFICIAL_HISTORICAL_VALUATION_AVAILABLE,True,2025-08-28,OFFICIAL_DAILY_OBSERVATION_DATE_NO_INTRADAY_TIMESTAMP_CLAIM
2025-08-29,CORE_BETA,CORE_BETA_A500,DOMAIN_PRIMARY,CSI_A500,000510,5324.09,5399.82,5314.52,5372.76,0.84,47222236600.0,10922.72,500.0,15.18,csindex:index_perf,000510,OFFICIAL_HISTORICAL_VALUATION_AVAILABLE,True,2025-08-29,OFFICIAL_DAILY_OBSERVATION_DATE_NO_INTRADAY_TIMESTAMP_CLAIM
2025-09-01,CORE_BETA,CORE_BETA_A500,DOMAIN_PRIMARY,CSI_A500,000510,5401.46,5420.69,5365.55,5418.52,0.85,44806133000.0,10574.72,500.0,15.74,csindex:index_perf,000510,OFFICIAL_HISTORICAL_VALUATION_AVAILABLE,True,2025-09-01,OFFICIAL_DAILY_OBSERVATION_DATE_NO_INTRADAY_TIMESTAMP_CLAIM
2025-09-02,CORE_BETA,CORE_BETA_A500,DOMAIN_PRIMARY,CSI_A500,000510,5417.21,5441.69,5315.06,5358.44,-1.11,44490619300.0,10772.66,500.0,15.68,csindex:index_perf,000510,OFFICIAL_HISTORICAL_VALUATION_AVAILABLE,True,2025-09-02,OFFICIAL_DAILY_OBSERVATION_DATE_NO_INTRADAY_TIMESTAMP_CLAIM
2025-09-03,CORE_BETA,CORE_BETA_A500,DOMAIN_PRIMARY,CSI_A500,000510,5373.92,5387.19,5288.33,5323.49,-0.65,38005480800.0,9059.86,500.0,15.55,csindex:index_perf,000510,OFFICIAL_HISTORICAL_VALUATION_AVAILABLE,True,2025-09-03,OFFICIAL_DAILY_OBSERVATION_DATE_NO_INTRADAY_TIMESTAMP_CLAIM
2025-09-04,CORE_BETA,CORE_BETA_A500,DOMAIN_PRIMARY,CSI_A500,000510,5327.19,5335.04,5141.27,5192.02,-2.47,43430950600.0,10350.84,500.0,15.29,csindex:index_perf,000510,OFFICIAL_HISTORICAL_VALUATION_AVAILABLE,True,2025-09-04,OFFICIAL_DAILY_OBSERVATION_DATE_NO_INTRADAY_TIMESTAMP_CLAIM
2025-09-05,CORE_BETA,CORE_BETA_A500,DOMAIN_PRIMARY,CSI_A500,000510,5194.33,5339.27,5178.46,5333.07,2.72,37356582900.0,9220.43,500.0,15.54,csindex:index_perf,000510,OFFICIAL_HISTORICAL_VALUATION_AVAILABLE,True,2025-09-05,OFFICIAL_DAILY_OBSERVATION_DATE_NO_INTRADAY_TIMESTAMP_CLAIM
2025-09-08,CORE_BETA,CORE_BETA_A500,DOMAIN_PRIMARY,CSI_A500,000510,5347.12,5365.87,5311.59,5358.7,0.48,39291827800.0,9574.51,500.0,15.6,csindex:index_perf,000510,OFFICIAL_HISTORICAL_VALUATION_AVAILABLE,True,2025-09-08,OFFICIAL_DAILY_OBSERVATION_DATE_NO_INTRADAY_TIMESTAMP_CLAIM
2025-09-09,CORE_BETA,CORE_BETA_A500,DOMAIN_PRIMARY,CSI_A500,000510,5333.67,5366.82,5287.66,5314.41,-0.83,35211214000.0,8109.19,500.0,15.51,csindex:index_perf,000510,OFFICIAL_HISTORICAL_VALUATION_AVAILABLE,True,2025-09-09,OFFICIAL_DAILY_OBSERVATION_DATE_NO_INTRADAY_TIMESTAMP_CLAIM
2025-09-10,CORE_BETA,CORE_BETA_A500,DOMAIN_PRIMARY,CSI_A500,000510,5310.82,5351.4,5279.63,5325.81,0.21,30989229500.0,7546.92,500.0,15.53,csindex:index_perf,000510,OFFICIAL_HISTORICAL_VALUATION_AVAILABLE,True,2025-09-10,OFFICIAL_DAILY_OBSERVATION_DATE_NO_INTRADAY_TIMESTAMP_CLAIM
2025-09-11,CORE_BETA,CORE_BETA_A500,DOMAIN_PRIMARY,CSI_A500,000510,5317.67,5454.27,5298.28,5454.27,2.41,37079546500.0,9543.89,500.0,15.83,csindex:index_perf,000510,OFFICIAL_HISTORICAL_VALUATION_AVAILABLE,True,2025-09-11,OFFICIAL_DAILY_OBSERVATION_DATE_NO_INTRADAY_TIMESTAMP_CLAIM
2025-09-12,CORE_BETA,CORE_BETA_A500,DOMAIN_PRIMARY,CSI_A500,000510,5449.17,5477.87,5428.24,5432.21,-0.4,39586270000.0,9655.44,500.0,15.76,csindex:index_perf,000510,OFFICIAL_HISTORICAL_VALUATION_AVAILABLE,True,2025-09-12,OFFICIAL_DAILY_OBSERVATION_DATE_NO_INTRADAY_TIMESTAMP_CLAIM
2025-09-15,CORE_BETA,CORE_BETA_A500,DOMAIN_PRIMARY,CSI_A500,000510,5450.6,5487.09,5436.93,5448.41,0.3,34473896200.0,8581.72,500.0,15.79,csindex:index_perf,000510,OFFICIAL_HISTORICAL_VALUATION_AVAILABLE,True,2025-09-15,OFFICIAL_DAILY_OBSERVATION_DATE_NO_INTRADAY_TIMESTAMP_CLAIM
2025-09-16,CORE_BETA,CORE_BETA_A500,DOMAIN_PRIMARY,CSI_A500,000510,5459.35,5474.66,5400.78,5449.98,0.03,35835688700.0,8446.97,500.0,15.76,csindex:index_perf,000510,OFFICIAL_HISTORICAL_VALUATION_AVAILABLE,True,2025-09-16,OFFICIAL_DAILY_OBSERVATION_DATE_NO_INTRADAY_TIMESTAMP_CLAIM
2025-09-17,CORE_BETA,CORE_BETA_A500,DOMAIN_PRIMARY,CSI_A500,000510,5444.27,5494.84,5426.8,5492.41,0.78,36415718700.0,8411.7,500.0,15.85,csindex:index_perf,000510,OFFICIAL_HISTORICAL_VALUATION_AVAILABLE,True,2025-09-17,OFFICIAL_DAILY_OBSERVATION_DATE_NO_INTRADAY_TIMESTAMP_CLAIM
2025-09-18,CORE_BETA,CORE_BETA_A500,DOMAIN_PRIMARY,CSI_A500,000510,5485.65,5529.97,5376.73,5433.76,-1.07,47889584400.0,11635.27,500.0,15.64,csindex:index_perf,000510,OFFICIAL_HISTORICAL_VALUATION_AVAILABLE,True,2025-09-18,OFFICIAL_DAILY_OBSERVATION_DATE_NO_INTRADAY_TIMESTAMP_CLAIM
2025-09-19,CORE_BETA,CORE_BETA_A500,DOMAIN_PRIMARY,CSI_A500,000510,5434.93,5474.65,5419.33,5433.29,-0.01,34753254300.0,8556.01,500.0,15.62,csindex:index_perf,000510,OFFICIAL_HISTORICAL_VALUATION_AVAILABLE,True,2025-09-19,OFFICIAL_DAILY_OBSERVATION_DATE_NO_INTRADAY_TIMESTAMP_CLAIM
2025-09-22,CORE_BETA,CORE_BETA_A500,DOMAIN_PRIMARY,CSI_A500,000510,5446.4,5457.6,5409.52,5457.29,0.44,32114798200.0,7936.33,500.0,15.64,csindex:index_perf,000510,OFFICIAL_HISTORICAL_VALUATION_AVAILABLE,True,2025-09-22,OFFICIAL_DAILY_OBSERVATION_DATE_NO_INTRADAY_TIMESTAMP_CLAIM
2025-09-23,CORE_BETA,CORE_BETA_A500,DOMAIN_PRIMARY,CSI_A500,000510,5475.48,5499.23,5362.6,5446.02,-0.21,39395868600.0,9610.67,500.0,15.66,csindex:index_perf,000510,OFFICIAL_HISTORICAL_VALUATION_AVAILABLE,True,2025-09-23,OFFICIAL_DAILY_OBSERVATION_DATE_NO_INTRADAY_TIMESTAMP_CLAIM
2025-09-24,CORE_BETA,CORE_BETA_A500,DOMAIN_PRIMARY,CSI_A500,000510,5416.51,5522.63,5413.86,5521.82,1.39,34964445200.0,9056.91,500.0,15.81,csindex:index_perf,000510,OFFICIAL_HISTORICAL_VALUATION_AVAILABLE,True,2025-09-24,OFFICIAL_DAILY_OBSERVATION_DATE_NO_INTRADAY_TIMESTAMP_CLAIM
2025-09-25,CORE_BETA,CORE_BETA_A500,DOMAIN_PRIMARY,CSI_A500,000510,5521.41,5588.11,5515.69,5561.13,0.71,36665015400.0,9768.43,500.0,15.88,csindex:index_perf,000510,OFFICIAL_HISTORICAL_VALUATION_AVAILABLE,True,2025-09-25,OFFICIAL_DAILY_OBSERVATION_DATE_NO_INTRADAY_TIMESTAMP_CLAIM
2025-09-26,CORE_BETA,CORE_BETA_A500,DOMAIN_PRIMARY,CSI_A500,000510,5539.67,5568.8,5497.73,5497.73,-1.14,32492407700.0,8599.69,500.0,15.75,csindex:index_perf,000510,OFFICIAL_HISTORICAL_VALUATION_AVAILABLE,True,2025-09-26,OFFICIAL_DAILY_OBSERVATION_DATE_NO_INTRADAY_TIMESTAMP_CLAIM
2025-09-29,CORE_BETA,CORE_BETA_A500,DOMAIN_PRIMARY,CSI_A500,000510,5507.29,5604.97,5486.58,5579.03,1.48,35218954500.0,8933.4,500.0,15.93,csindex:index_perf,000510,OFFICIAL_HISTORICAL_VALUATION_AVAILABLE,True,2025-09-29,OFFICIAL_DAILY_OBSERVATION_DATE_NO_INTRADAY_TIMESTAMP_CLAIM
2025-09-30,CORE_BETA,CORE_BETA_A500,DOMAIN_PRIMARY,CSI_A500,000510,5593.61,5626.96,5586.48,5618.71,0.71,34905142000.0,9112.24,500.0,16.01,csindex:index_perf,000510,OFFICIAL_HISTORICAL_VALUATION_AVAILABLE,True,2025-09-30,OFFICIAL_DAILY_OBSERVATION_DATE_NO_INTRADAY_TIMESTAMP_CLAIM
2025-10-09,CORE_BETA,CORE_BETA_A500,DOMAIN_PRIMARY,CSI_A500,000510,5652.56,5725.36,5636.58,5708.29,1.59,47561573200.0,11434.77,500.0,16.24,csindex:index_perf,000510,OFFICIAL_HISTORICAL_VALUATION_AVAILABLE,True,2025-10-09,OFFICIAL_DAILY_OBSERVATION_DATE_NO_INTRADAY_TIMESTAMP_CLAIM
2025-10-10,CORE_BETA,CORE_BETA_A500,DOMAIN_PRIMARY,CSI_A500,000510,5670.44,5673.44,5558.4,5577.65,-2.29,42431325500.0,10469.8,500.0,15.98,csindex:index_perf,000510,OFFICIAL_HISTORICAL_VALUATION_AVAILABLE,True,2025-10-10,OFFICIAL_DAILY_OBSERVATION_DATE_NO_INTRADAY_TIMESTAMP_CLAIM
2025-10-13,CORE_BETA,CORE_BETA_A500,DOMAIN_PRIMARY,CSI_A500,000510,5407.31,5560.42,5407.31,5550.3,-0.49,42080021100.0,9505.23,500.0,15.9,csindex:index_perf,000510,OFFICIAL_HISTORICAL_VALUATION_AVAILABLE,True,2025-10-13,OFFICIAL_DAILY_OBSERVATION_DATE_NO_INTRADAY_TIMESTAMP_CLAIM
2025-10-14,CORE_BETA,CORE_BETA_A500,DOMAIN_PRIMARY,CSI_A500,000510,5601.32,5607.8,5429.01,5451.59,-1.78,48203098100.0,10523.76,500.0,15.75,csindex:index_perf,000510,OFFICIAL_HISTORICAL_VALUATION_AVAILABLE,True,2025-10-14,OFFICIAL_DAILY_OBSERVATION_DATE_NO_INTRADAY_TIMESTAMP_CLAIM
2025-10-15,CORE_BETA,CORE_BETA_A500,DOMAIN_PRIMARY,CSI_A500,000510,5459.33,5535.51,5431.15,5534.09,1.51,36875129700.0,7949.58,500.0,15.94,csindex:index_perf,000510,OFFICIAL_HISTORICAL_VALUATION_AVAILABLE,True,2025-10-15,OFFICIAL_DAILY_OBSERVATION_DATE_NO_INTRADAY_TIMESTAMP_CLAIM
2025-10-16,CORE_BETA,CORE_BETA_A500,DOMAIN_PRIMARY,CSI_A500,000510,5514.36,5573.38,5508.87,5531.79,-0.04,32385287000.0,7340.61,500.0,16.0,csindex:index_perf,000510,OFFICIAL_HISTORICAL_VALUATION_AVAILABLE,True,2025-10-16,OFFICIAL_DAILY_OBSERVATION_DATE_NO_INTRADAY_TIMESTAMP_CLAIM
2025-10-17,CORE_BETA,CORE_BETA_A500,DOMAIN_PRIMARY,CSI_A500,000510,5524.29,5535.44,5387.09,5392.97,-2.51,33584372500.0,7286.01,500.0,15.69,csindex:index_perf,000510,OFFICIAL_HISTORICAL_VALUATION_AVAILABLE,True,2025-10-17,OFFICIAL_DAILY_OBSERVATION_DATE_NO_INTRADAY_TIMESTAMP_CLAIM
2025-10-20,CORE_BETA,CORE_BETA_A500,DOMAIN_PRIMARY,CSI_A500,000510,5449.5,5469.53,5404.08,5427.08,0.63,28559418500.0,6645.51,500.0,15.79,csindex:index_perf,000510,OFFICIAL_HISTORICAL_VALUATION_AVAILABLE,True,2025-10-20,OFFICIAL_DAILY_OBSERVATION_DATE_NO_INTRADAY_TIMESTAMP_CLAIM
2025-10-21,CORE_BETA,CORE_BETA_A500,DOMAIN_PRIMARY,CSI_A500,000510,5450.9,5523.82,5439.84,5516.48,1.65,28279048700.0,7098.61,500.0,16.01,csindex:index_perf,000510,OFFICIAL_HISTORICAL_VALUATION_AVAILABLE,True,2025-10-21,OFFICIAL_DAILY_OBSERVATION_DATE_NO_INTRADAY_TIMESTAMP_CLAIM
2025-10-22,CORE_BETA,CORE_BETA_A500,DOMAIN_PRIMARY,CSI_A500,000510,5475.94,5510.26,5464.47,5494.74,-0.39,24293717100.0,5850.75,500.0,16.02,csindex:index_perf,000510,OFFICIAL_HISTORICAL_VALUATION_AVAILABLE,True,2025-10-22,OFFICIAL_DAILY_OBSERVATION_DATE_NO_INTRADAY_TIMESTAMP_CLAIM
2025-10-23,CORE_BETA,CORE_BETA_A500,DOMAIN_PRIMARY,CSI_A500,000510,5476.5,5516.93,5424.31,5510.46,0.29,25766153300.0,5599.04,500.0,16.08,csindex:index_perf,000510,OFFICIAL_HISTORICAL_VALUATION_AVAILABLE,True,2025-10-23,OFFICIAL_DAILY_OBSERVATION_DATE_NO_INTRADAY_TIMESTAMP_CLAIM
2025-10-24,CORE_BETA,CORE_BETA_A500,DOMAIN_PRIMARY,CSI_A500,000510,5532.52,5586.35,5532.52,5586.35,1.38,27511639100.0,7313.98,500.0,16.24,csindex:index_perf,000510,OFFICIAL_HISTORICAL_VALUATION_AVAILABLE,True,2025-10-24,OFFICIAL_DAILY_OBSERVATION_DATE_NO_INTRADAY_TIMESTAMP_CLAIM
2025-10-27,CORE_BETA,CORE_BETA_A500,DOMAIN_PRIMARY,CSI_A500,000510,5639.11,5665.03,5618.89,5658.85,1.3,34746252400.0,9096.26,500.0,16.43,csindex:index_perf,000510,OFFICIAL_HISTORICAL_VALUATION_AVAILABLE,True,2025-10-27,OFFICIAL_DAILY_OBSERVATION_DATE_NO_INTRADAY_TIMESTAMP_CLAIM
2025-10-28,CORE_BETA,CORE_BETA_A500,DOMAIN_PRIMARY,CSI_A500,000510,5635.69,5680.5,5610.25,5628.29,-0.54,30368194600.0,7899.52,500.0,16.37,csindex:index_perf,000510,OFFICIAL_HISTORICAL_VALUATION_AVAILABLE,True,2025-10-28,OFFICIAL_DAILY_OBSERVATION_DATE_NO_INTRADAY_TIMESTAMP_CLAIM
2025-10-29,CORE_BETA,CORE_BETA_A500,DOMAIN_PRIMARY,CSI_A500,000510,5638.44,5703.99,5638.3,5703.99,1.34,32511339400.0,8642.64,500.0,16.5,csindex:index_perf,000510,OFFICIAL_HISTORICAL_VALUATION_AVAILABLE,True,2025-10-29,OFFICIAL_DAILY_OBSERVATION_DATE_NO_INTRADAY_TIMESTAMP_CLAIM
2025-10-30,CORE_BETA,CORE_BETA_A500,DOMAIN_PRIMARY,CSI_A500,000510,5688.99,5713.42,5646.93,5653.75,-0.88,38156944300.0,9686.43,500.0,16.37,csindex:index_perf,000510,OFFICIAL_HISTORICAL_VALUATION_AVAILABLE,True,2025-10-30,OFFICIAL_DAILY_OBSERVATION_DATE_NO_INTRADAY_TIMESTAMP_CLAIM
2025-10-31,CORE_BETA,CORE_BETA_A500,DOMAIN_PRIMARY,CSI_A500,000510,5644.62,5659.09,5583.72,5583.72,-1.24,39417755500.0,9284.63,500.0,16.17,csindex:index_perf,000510,OFFICIAL_HISTORICAL_VALUATION_AVAILABLE,True,2025-10-31,OFFICIAL_DAILY_OBSERVATION_DATE_NO_INTRADAY_TIMESTAMP_CLAIM
2025-11-03,CORE_BETA,CORE_BETA_A500,DOMAIN_PRIMARY,CSI_A500,000510,5582.68,5594.52,5516.5,5594.41,0.19,35473592400.0,7795.29,500.0,16.22,csindex:index_perf,000510,OFFICIAL_HISTORICAL_VALUATION_AVAILABLE,True,2025-11-03,OFFICIAL_DAILY_OBSERVATION_DATE_NO_INTRADAY_TIMESTAMP_CLAIM
2025-11-04,CORE_BETA,CORE_BETA_A500,DOMAIN_PRIMARY,CSI_A500,000510,5587.56,5603.55,5504.75,5535.37,-1.06,32671658300.0,6894.61,500.0,16.12,csindex:index_perf,000510,OFFICIAL_HISTORICAL_VALUATION_AVAILABLE,True,2025-11-04,OFFICIAL_DAILY_OBSERVATION_DATE_NO_INTRADAY_TIMESTAMP_CLAIM
2025-11-05,CORE_BETA,CORE_BETA_A500,DOMAIN_PRIMARY,CSI_A500,000510,5458.63,5567.82,5458.63,5548.07,0.23,30251964700.0,6485.88,500.0,16.14,csindex:index_perf,000510,OFFICIAL_HISTORICAL_VALUATION_AVAILABLE,True,2025-11-05,OFFICIAL_DAILY_OBSERVATION_DATE_NO_INTRADAY_TIMESTAMP_CLAIM
2025-11-06,CORE_BETA,CORE_BETA_A500,DOMAIN_PRIMARY,CSI_A500,000510,5565.25,5638.13,5565.25,5633.52,1.54,32629549400.0,7507.95,500.0,16.35,csindex:index_perf,000510,OFFICIAL_HISTORICAL_VALUATION_AVAILABLE,True,2025-11-06,OFFICIAL_DAILY_OBSERVATION_DATE_NO_INTRADAY_TIMESTAMP_CLAIM
2025-11-07,CORE_BETA,CORE_BETA_A500,DOMAIN_PRIMARY,CSI_A500,000510,5608.88,5650.18,5594.13,5622.12,-0.2,31205351900.0,7108.49,500.0,16.31,csindex:index_perf,000510,OFFICIAL_HISTORICAL_VALUATION_AVAILABLE,True,2025-11-07,OFFICIAL_DAILY_OBSERVATION_DATE_NO_INTRADAY_TIMESTAMP_CLAIM
2025-11-10,CORE_BETA,CORE_BETA_A500,DOMAIN_PRIMARY,CSI_A500,000510,5640.03,5651.39,5594.77,5635.39,0.24,34027226800.0,8159.6,500.0,16.37,csindex:index_perf,000510,OFFICIAL_HISTORICAL_VALUATION_AVAILABLE,True,2025-11-10,OFFICIAL_DAILY_OBSERVATION_DATE_NO_INTRADAY_TIMESTAMP_CLAIM
2025-11-11,CORE_BETA,CORE_BETA_A500,DOMAIN_PRIMARY,CSI_A500,000510,5651.92,5656.86,5582.77,5588.23,-0.84,28486015600.0,6811.13,500.0,16.27,csindex:index_perf,000510,OFFICIAL_HISTORICAL_VALUATION_AVAILABLE,True,2025-11-11,OFFICIAL_DAILY_OBSERVATION_DATE_NO_INTRADAY_TIMESTAMP_CLAIM
2025-11-12,CORE_BETA,CORE_BETA_A500,DOMAIN_PRIMARY,CSI_A500,000510,5574.22,5606.02,5539.37,5574.51,-0.25,29970640100.0,6741.93,500.0,16.3,csindex:index_perf,000510,OFFICIAL_HISTORICAL_VALUATION_AVAILABLE,True,2025-11-12,OFFICIAL_DAILY_OBSERVATION_DATE_NO_INTRADAY_TIMESTAMP_CLAIM
2025-11-13,CORE_BETA,CORE_BETA_A500,DOMAIN_PRIMARY,CSI_A500,000510,5574.02,5655.17,5574.02,5654.44,1.43,30747275400.0,7156.07,500.0,16.46,csindex:index_perf,000510,OFFICIAL_HISTORICAL_VALUATION_AVAILABLE,True,2025-11-13,OFFICIAL_DAILY_OBSERVATION_DATE_NO_INTRADAY_TIMESTAMP_CLAIM
2025-11-14,CORE_BETA,CORE_BETA_A500,DOMAIN_PRIMARY,CSI_A500,000510,5603.37,5632.31,5563.4,5563.5,-1.61,28129714500.0,6268.67,500.0,16.24,csindex:index_perf,000510,OFFICIAL_HISTORICAL_VALUATION_AVAILABLE,True,2025-11-14,OFFICIAL_DAILY_OBSERVATION_DATE_NO_INTRADAY_TIMESTAMP_CLAIM
2025-11-17,CORE_BETA,CORE_BETA_A500,DOMAIN_PRIMARY,CSI_A500,000510,5554.86,5566.62,5515.98,5540.11,-0.42,27801969000.0,6246.59,500.0,16.13,csindex:index_perf,000510,OFFICIAL_HISTORICAL_VALUATION_AVAILABLE,True,2025-11-17,OFFICIAL_DAILY_OBSERVATION_DATE_NO_INTRADAY_TIMESTAMP_CLAIM
2025-11-18,CORE_BETA,CORE_BETA_A500,DOMAIN_PRIMARY,CSI_A500,000510,5525.48,5543.98,5475.83,5496.54,-0.79,29466990300.0,6239.25,500.0,16.01,csindex:index_perf,000510,OFFICIAL_HISTORICAL_VALUATION_AVAILABLE,True,2025-11-18,OFFICIAL_DAILY_OBSERVATION_DATE_NO_INTRADAY_TIMESTAMP_CLAIM
2025-11-19,CORE_BETA,CORE_BETA_A500,DOMAIN_PRIMARY,CSI_A500,000510,5495.45,5537.06,5485.83,5512.38,0.29,26045902200.0,5523.89,500.0,16.11,csindex:index_perf,000510,OFFICIAL_HISTORICAL_VALUATION_AVAILABLE,True,2025-11-19,OFFICIAL_DAILY_OBSERVATION_DATE_NO_INTRADAY_TIMESTAMP_CLAIM
2025-11-20,CORE_BETA,CORE_BETA_A500,DOMAIN_PRIMARY,CSI_A500,000510,5547.67,5550.04,5470.02,5475.55,-0.67,26058263700.0,5664.48,500.0,16.04,csindex:index_perf,000510,OFFICIAL_HISTORICAL_VALUATION_AVAILABLE,True,2025-11-20,OFFICIAL_DAILY_OBSERVATION_DATE_NO_INTRADAY_TIMESTAMP_CLAIM
2025-11-21,CORE_BETA,CORE_BETA_A500,DOMAIN_PRIMARY,CSI_A500,000510,5404.3,5420.81,5325.99,5325.99,-2.73,31963521700.0,6565.63,500.0,15.7,csindex:index_perf,000510,OFFICIAL_HISTORICAL_VALUATION_AVAILABLE,True,2025-11-21,OFFICIAL_DAILY_OBSERVATION_DATE_NO_INTRADAY_TIMESTAMP_CLAIM
2025-11-24,CORE_BETA,CORE_BETA_A500,DOMAIN_PRIMARY,CSI_A500,000510,5352.08,5359.09,5293.63,5334.31,0.16,27386755600.0,5828.22,500.0,15.68,csindex:index_perf,000510,OFFICIAL_HISTORICAL_VALUATION_AVAILABLE,True,2025-11-24,OFFICIAL_DAILY_OBSERVATION_DATE_NO_INTRADAY_TIMESTAMP_CLAIM
2025-11-25,CORE_BETA,CORE_BETA_A500,DOMAIN_PRIMARY,CSI_A500,000510,5370.12,5422.71,5362.25,5392.91,1.1,26501401700.0,5908.59,500.0,15.83,csindex:index_perf,000510,OFFICIAL_HISTORICAL_VALUATION_AVAILABLE,True,2025-11-25,OFFICIAL_DAILY_OBSERVATION_DATE_NO_INTRADAY_TIMESTAMP_CLAIM
2025-11-26,CORE_BETA,CORE_BETA_A500,DOMAIN_PRIMARY,CSI_A500,000510,5392.61,5451.79,5384.84,5422.52,0.55,23727094700.0,5896.52,500.0,15.85,csindex:index_perf,000510,OFFICIAL_HISTORICAL_VALUATION_AVAILABLE,True,2025-11-26,OFFICIAL_DAILY_OBSERVATION_DATE_NO_INTRADAY_TIMESTAMP_CLAIM
2025-11-27,CORE_BETA,CORE_BETA_A500,DOMAIN_PRIMARY,CSI_A500,000510,5425.47,5478.01,5409.7,5415.93,-0.12,22173503000.0,5650.29,500.0,15.87,csindex:index_perf,000510,OFFICIAL_HISTORICAL_VALUATION_AVAILABLE,True,2025-11-27,OFFICIAL_DAILY_OBSERVATION_DATE_NO_INTRADAY_TIMESTAMP_CLAIM
2025-11-28,CORE_BETA,CORE_BETA_A500,DOMAIN_PRIMARY,CSI_A500,000510,5412.0,5446.15,5393.67,5440.94,0.46,21050270700.0,4850.48,500.0,15.9,csindex:index_perf,000510,OFFICIAL_HISTORICAL_VALUATION_AVAILABLE,True,2025-11-28,OFFICIAL_DAILY_OBSERVATION_DATE_NO_INTRADAY_TIMESTAMP_CLAIM
2025-12-01,CORE_BETA,CORE_BETA_A500,DOMAIN_PRIMARY,CSI_A500,000510,5461.41,5505.58,5451.84,5505.28,1.18,27558291500.0,6395.97,500.0,16.06,csindex:index_perf,000510,OFFICIAL_HISTORICAL_VALUATION_AVAILABLE,True,2025-12-01,OFFICIAL_DAILY_OBSERVATION_DATE_NO_INTRADAY_TIMESTAMP_CLAIM
2025-12-02,CORE_BETA,CORE_BETA_A500,DOMAIN_PRIMARY,CSI_A500,000510,5497.84,5498.29,5453.88,5471.19,-0.62,21481260300.0,5016.68,500.0,16.0,csindex:index_perf,000510,OFFICIAL_HISTORICAL_VALUATION_AVAILABLE,True,2025-12-02,OFFICIAL_DAILY_OBSERVATION_DATE_NO_INTRADAY_TIMESTAMP_CLAIM
2025-12-03,CORE_BETA,CORE_BETA_A500,DOMAIN_PRIMARY,CSI_A500,000510,5472.5,5490.53,5429.3,5440.62,-0.56,23992523400.0,5220.87,500.0,15.92,csindex:index_perf,000510,OFFICIAL_HISTORICAL_VALUATION_AVAILABLE,True,2025-12-03,OFFICIAL_DAILY_OBSERVATION_DATE_NO_INTRADAY_TIMESTAMP_CLAIM
2025-12-04,CORE_BETA,CORE_BETA_A500,DOMAIN_PRIMARY,CSI_A500,000510,5444.27,5474.93,5419.83,5461.75,0.39,21483423700.0,4924.26,500.0,15.96,csindex:index_perf,000510,OFFICIAL_HISTORICAL_VALUATION_AVAILABLE,True,2025-12-04,OFFICIAL_DAILY_OBSERVATION_DATE_NO_INTRADAY_TIMESTAMP_CLAIM
2025-12-05,CORE_BETA,CORE_BETA_A500,DOMAIN_PRIMARY,CSI_A500,000510,5461.84,5522.36,5441.68,5513.75,0.95,25950546000.0,5537.32,500.0,16.06,csindex:index_perf,000510,OFFICIAL_HISTORICAL_VALUATION_AVAILABLE,True,2025-12-05,OFFICIAL_DAILY_OBSERVATION_DATE_NO_INTRADAY_TIMESTAMP_CLAIM
2025-12-08,CORE_BETA,CORE_BETA_A500,DOMAIN_PRIMARY,CSI_A500,000510,5523.82,5582.67,5522.41,5561.37,0.86,26305733600.0,6662.31,500.0,16.15,csindex:index_perf,000510,OFFICIAL_HISTORICAL_VALUATION_AVAILABLE,True,2025-12-08,OFFICIAL_DAILY_OBSERVATION_DATE_NO_INTRADAY_TIMESTAMP_CLAIM
2025-12-09,CORE_BETA,CORE_BETA_A500,DOMAIN_PRIMARY,CSI_A500,000510,5546.81,5569.85,5513.75,5530.03,-0.56,24435163800.0,6069.14,500.0,16.08,csindex:index_perf,000510,OFFICIAL_HISTORICAL_VALUATION_AVAILABLE,True,2025-12-09,OFFICIAL_DAILY_OBSERVATION_DATE_NO_INTRADAY_TIMESTAMP_CLAIM
2025-12-10,CORE_BETA,CORE_BETA_A500,DOMAIN_PRIMARY,CSI_A500,000510,5518.15,5541.46,5473.38,5532.59,0.05,22715555300.0,5536.42,500.0,16.04,csindex:index_perf,000510,OFFICIAL_HISTORICAL_VALUATION_AVAILABLE,True,2025-12-10,OFFICIAL_DAILY_OBSERVATION_DATE_NO_INTRADAY_TIMESTAMP_CLAIM
2025-12-11,CORE_BETA,CORE_BETA_A500,DOMAIN_PRIMARY,CSI_A500,000510,5542.22,5561.29,5482.01,5486.31,-0.84,24111274600.0,6043.67,500.0,15.95,csindex:index_perf,000510,OFFICIAL_HISTORICAL_VALUATION_AVAILABLE,True,2025-12-11,OFFICIAL_DAILY_OBSERVATION_DATE_NO_INTRADAY_TIMESTAMP_CLAIM
2025-12-12,CORE_BETA,CORE_BETA_A500,DOMAIN_PRIMARY,CSI_A500,000510,5495.96,5534.02,5464.25,5530.39,0.8,29841308200.0,7393.61,500.0,16.02,csindex:index_perf,000510,OFFICIAL_HISTORICAL_VALUATION_AVAILABLE,True,2025-12-12,OFFICIAL_DAILY_OBSERVATION_DATE_NO_INTRADAY_TIMESTAMP_CLAIM
2025-12-15,CORE_BETA,CORE_BETA_A500,DOMAIN_PRIMARY,CSI_A500,000510,5493.07,5542.39,5489.66,5490.12,-0.73,24521157600.0,6008.98,500.0,16.17,csindex:index_perf,000510,OFFICIAL_HISTORICAL_VALUATION_AVAILABLE,True,2025-12-15,OFFICIAL_DAILY_OBSERVATION_DATE_NO_INTRADAY_TIMESTAMP_CLAIM
2025-12-16,CORE_BETA,CORE_BETA_A500,DOMAIN_PRIMARY,CSI_A500,000510,5478.72,5486.47,5393.82,5414.93,-1.37,25333559200.0,5697.25,500.0,15.99,csindex:index_perf,000510,OFFICIAL_HISTORICAL_VALUATION_AVAILABLE,True,2025-12-16,OFFICIAL_DAILY_OBSERVATION_DATE_NO_INTRADAY_TIMESTAMP_CLAIM
2025-12-17,CORE_BETA,CORE_BETA_A500,DOMAIN_PRIMARY,CSI_A500,000510,5418.03,5537.7,5418.03,5520.78,1.95,25943354700.0,6265.38,500.0,16.24,csindex:index_perf,000510,OFFICIAL_HISTORICAL_VALUATION_AVAILABLE,True,2025-12-17,OFFICIAL_DAILY_OBSERVATION_DATE_NO_INTRADAY_TIMESTAMP_CLAIM
2025-12-18,CORE_BETA,CORE_BETA_A500,DOMAIN_PRIMARY,CSI_A500,000510,5487.47,5521.54,5483.49,5486.26,-0.63,22297116700.0,5356.87,500.0,15.69,csindex:index_perf,000510,OFFICIAL_HISTORICAL_VALUATION_AVAILABLE,True,2025-12-18,OFFICIAL_DAILY_OBSERVATION_DATE_NO_INTRADAY_TIMESTAMP_CLAIM
2025-12-19,CORE_BETA,CORE_BETA_A500,DOMAIN_PRIMARY,CSI_A500,000510,5499.08,5542.9,5484.3,5516.17,0.55,24990571800.0,5509.74,500.0,15.73,csindex:index_perf,000510,OFFICIAL_HISTORICAL_VALUATION_AVAILABLE,True,2025-12-19,OFFICIAL_DAILY_OBSERVATION_DATE_NO_INTRADAY_TIMESTAMP_CLAIM
2025-12-22,CORE_BETA,CORE_BETA_A500,DOMAIN_PRIMARY,CSI_A500,000510,5543.19,5586.17,5543.19,5580.28,1.16,25528934700.0,6437.8,500.0,15.87,csindex:index_perf,000510,OFFICIAL_HISTORICAL_VALUATION_AVAILABLE,True,2025-12-22,OFFICIAL_DAILY_OBSERVATION_DATE_NO_INTRADAY_TIMESTAMP_CLAIM
2025-12-23,CORE_BETA,CORE_BETA_A500,DOMAIN_PRIMARY,CSI_A500,000510,5585.21,5621.37,5572.0,5592.43,0.22,25377826400.0,6322.84,500.0,15.92,csindex:index_perf,000510,OFFICIAL_HISTORICAL_VALUATION_AVAILABLE,True,2025-12-23,OFFICIAL_DAILY_OBSERVATION_DATE_NO_INTRADAY_TIMESTAMP_CLAIM
2025-12-24,CORE_BETA,CORE_BETA_A500,DOMAIN_PRIMARY,CSI_A500,000510,5594.94,5628.68,5576.09,5622.52,0.54,24090020000.0,6135.54,500.0,15.96,csindex:index_perf,000510,OFFICIAL_HISTORICAL_VALUATION_AVAILABLE,True,2025-12-24,OFFICIAL_DAILY_OBSERVATION_DATE_NO_INTRADAY_TIMESTAMP_CLAIM
2025-12-25,CORE_BETA,CORE_BETA_A500,DOMAIN_PRIMARY,CSI_A500,000510,5614.04,5647.79,5601.7,5636.74,0.25,22815548700.0,5995.54,500.0,15.99,csindex:index_perf,000510,OFFICIAL_HISTORICAL_VALUATION_AVAILABLE,True,2025-12-25,OFFICIAL_DAILY_OBSERVATION_DATE_NO_INTRADAY_TIMESTAMP_CLAIM
2025-12-26,CORE_BETA,CORE_BETA_A500,DOMAIN_PRIMARY,CSI_A500,000510,5639.7,5689.56,5634.21,5667.82,0.55,27619265600.0,7031.5,500.0,16.03,csindex:index_perf,000510,OFFICIAL_HISTORICAL_VALUATION_AVAILABLE,True,2025-12-26,OFFICIAL_DAILY_OBSERVATION_DATE_NO_INTRADAY_TIMESTAMP_CLAIM
2025-12-29,CORE_BETA,CORE_BETA_A500,DOMAIN_PRIMARY,CSI_A500,000510,5670.95,5685.5,5627.2,5640.76,-0.48,29228783900.0,7209.24,500.0,16.01,csindex:index_perf,000510,OFFICIAL_HISTORICAL_VALUATION_AVAILABLE,True,2025-12-29,OFFICIAL_DAILY_OBSERVATION_DATE_NO_INTRADAY_TIMESTAMP_CLAIM
2025-12-30,CORE_BETA,CORE_BETA_A500,DOMAIN_PRIMARY,CSI_A500,000510,5611.88,5678.18,5611.23,5658.69,0.32,28432654400.0,7231.4,500.0,16.06,csindex:index_perf,000510,OFFICIAL_HISTORICAL_VALUATION_AVAILABLE,True,2025-12-30,OFFICIAL_DAILY_OBSERVATION_DATE_NO_INTRADAY_TIMESTAMP_CLAIM
2025-12-31,CORE_BETA,CORE_BETA_A500,DOMAIN_PRIMARY,CSI_A500,000510,5668.07,5681.08,5628.91,5642.82,-0.28,28181547700.0,6924.95,500.0,16.04,csindex:index_perf,000510,OFFICIAL_HISTORICAL_VALUATION_AVAILABLE,True,2025-12-31,OFFICIAL_DAILY_OBSERVATION_DATE_NO_INTRADAY_TIMESTAMP_CLAIM
2026-01-05,CORE_BETA,CORE_BETA_A500,DOMAIN_PRIMARY,CSI_A500,000510,5686.6,5766.39,5686.6,5763.3,2.14,38169187300.0,9528.8,500.0,16.27,csindex:index_perf,000510,OFFICIAL_HISTORICAL_VALUATION_AVAILABLE,True,2026-01-05,OFFICIAL_DAILY_OBSERVATION_DATE_NO_INTRADAY_TIMESTAMP_CLAIM
2026-01-06,CORE_BETA,CORE_BETA_A500,DOMAIN_PRIMARY,CSI_A500,000510,5768.4,5860.2,5768.4,5860.2,1.68,47045404300.0,10827.36,500.0,16.51,csindex:index_perf,000510,OFFICIAL_HISTORICAL_VALUATION_AVAILABLE,True,2026-01-06,OFFICIAL_DAILY_OBSERVATION_DATE_NO_INTRADAY_TIMESTAMP_CLAIM
2026-01-07,CORE_BETA,CORE_BETA_A500,DOMAIN_PRIMARY,CSI_A500,000510,5871.41,5888.59,5826.52,5860.25,0.0,42760908800.0,10400.48,500.0,16.48,csindex:index_perf,000510,OFFICIAL_HISTORICAL_VALUATION_AVAILABLE,True,2026-01-07,OFFICIAL_DAILY_OBSERVATION_DATE_NO_INTRADAY_TIMESTAMP_CLAIM
2026-01-08,CORE_BETA,CORE_BETA_A500,DOMAIN_PRIMARY,CSI_A500,000510,5840.52,5861.97,5800.81,5830.57,-0.51,41974905200.0,10030.15,500.0,16.4,csindex:index_perf,000510,OFFICIAL_HISTORICAL_VALUATION_AVAILABLE,True,2026-01-08,OFFICIAL_DAILY_OBSERVATION_DATE_NO_INTRADAY_TIMESTAMP_CLAIM
2026-01-09,CORE_BETA,CORE_BETA_A500,DOMAIN_PRIMARY,CSI_A500,000510,5821.14,5896.92,5821.14,5881.95,0.88,44442740600.0,10970.66,500.0,16.52,csindex:index_perf,000510,OFFICIAL_HISTORICAL_VALUATION_AVAILABLE,True,2026-01-09,OFFICIAL_DAILY_OBSERVATION_DATE_NO_INTRADAY_TIMESTAMP_CLAIM
2026-01-12,CORE_BETA,CORE_BETA_A500,DOMAIN_PRIMARY,CSI_A500,000510,5911.49,5957.41,5876.42,5948.7,1.13,48188356000.0,12418.31,500.0,16.65,csindex:index_perf,000510,OFFICIAL_HISTORICAL_VALUATION_AVAILABLE,True,2026-01-12,OFFICIAL_DAILY_OBSERVATION_DATE_NO_INTRADAY_TIMESTAMP_CLAIM
2026-01-13,CORE_BETA,CORE_BETA_A500,DOMAIN_PRIMARY,CSI_A500,000510,5962.15,5996.83,5879.67,5901.21,-0.8,51432467700.0,12957.82,500.0,16.57,csindex:index_perf,000510,OFFICIAL_HISTORICAL_VALUATION_AVAILABLE,True,2026-01-13,OFFICIAL_DAILY_OBSERVATION_DATE_NO_INTRADAY_TIMESTAMP_CLAIM
2026-01-14,CORE_BETA,CORE_BETA_A500,DOMAIN_PRIMARY,CSI_A500,000510,5911.83,5998.09,5860.21,5901.2,0.0,60586329700.0,14339.39,500.0,16.51,csindex:index_perf,000510,OFFICIAL_HISTORICAL_VALUATION_AVAILABLE,True,2026-01-14,OFFICIAL_DAILY_OBSERVATION_DATE_NO_INTRADAY_TIMESTAMP_CLAIM
2026-01-15,CORE_BETA,CORE_BETA_A500,DOMAIN_PRIMARY,CSI_A500,000510,5870.51,5933.68,5869.53,5914.56,0.23,44548249500.0,10696.08,500.0,16.52,csindex:index_perf,000510,OFFICIAL_HISTORICAL_VALUATION_AVAILABLE,True,2026-01-15,OFFICIAL_DAILY_OBSERVATION_DATE_NO_INTRADAY_TIMESTAMP_CLAIM
2026-01-16,CORE_BETA,CORE_BETA_A500,DOMAIN_PRIMARY,CSI_A500,000510,5941.32,5964.65,5871.73,5889.35,-0.43,47210807400.0,11579.57,500.0,16.42,csindex:index_perf,000510,OFFICIAL_HISTORICAL_VALUATION_AVAILABLE,True,2026-01-16,OFFICIAL_DAILY_OBSERVATION_DATE_NO_INTRADAY_TIMESTAMP_CLAIM
2026-01-19,CORE_BETA,CORE_BETA_A500,DOMAIN_PRIMARY,CSI_A500,000510,5871.93,5937.73,5871.93,5905.94,0.28,41995832000.0,10143.64,500.0,16.47,csindex:index_perf,000510,OFFICIAL_HISTORICAL_VALUATION_AVAILABLE,True,2026-01-19,OFFICIAL_DAILY_OBSERVATION_DATE_NO_INTRADAY_TIMESTAMP_CLAIM
2026-01-20,CORE_BETA,CORE_BETA_A500,DOMAIN_PRIMARY,CSI_A500,000510,5913.91,5930.24,5828.22,5878.74,-0.46,45518989200.0,10627.42,500.0,16.45,csindex:index_perf,000510,OFFICIAL_HISTORICAL_VALUATION_AVAILABLE,True,2026-01-20,OFFICIAL_DAILY_OBSERVATION_DATE_NO_INTRADAY_TIMESTAMP_CLAIM
2026-01-21,CORE_BETA,CORE_BETA_A500,DOMAIN_PRIMARY,CSI_A500,000510,5866.46,5938.4,5866.46,5904.57,0.44,40670005800.0,10035.08,500.0,16.44,csindex:index_perf,000510,OFFICIAL_HISTORICAL_VALUATION_AVAILABLE,True,2026-01-21,OFFICIAL_DAILY_OBSERVATION_DATE_NO_INTRADAY_TIMESTAMP_CLAIM
2026-01-22,CORE_BETA,CORE_BETA_A500,DOMAIN_PRIMARY,CSI_A500,000510,5925.93,5948.48,5880.0,5911.78,0.12,43612185100.0,10504.36,500.0,16.44,csindex:index_perf,000510,OFFICIAL_HISTORICAL_VALUATION_AVAILABLE,True,2026-01-22,OFFICIAL_DAILY_OBSERVATION_DATE_NO_INTRADAY_TIMESTAMP_CLAIM
2026-01-23,CORE_BETA,CORE_BETA_A500,DOMAIN_PRIMARY,CSI_A500,000510,5925.13,5946.33,5905.74,5935.11,0.39,51749704600.0,11933.27,500.0,16.42,csindex:index_perf,000510,OFFICIAL_HISTORICAL_VALUATION_AVAILABLE,True,2026-01-23,OFFICIAL_DAILY_OBSERVATION_DATE_NO_INTRADAY_TIMESTAMP_CLAIM
2026-01-26,CORE_BETA,CORE_BETA_A500,DOMAIN_PRIMARY,CSI_A500,000510,5960.47,5986.22,5910.19,5925.53,-0.16,55996490200.0,12591.92,500.0,16.47,csindex:index_perf,000510,OFFICIAL_HISTORICAL_VALUATION_AVAILABLE,True,2026-01-26,OFFICIAL_DAILY_OBSERVATION_DATE_NO_INTRADAY_TIMESTAMP_CLAIM
2026-01-27,CORE_BETA,CORE_BETA_A500,DOMAIN_PRIMARY,CSI_A500,000510,5915.4,5962.57,5869.95,5930.42,0.08,47623113500.0,11117.95,500.0,16.46,csindex:index_perf,000510,OFFICIAL_HISTORICAL_VALUATION_AVAILABLE,True,2026-01-27,OFFICIAL_DAILY_OBSERVATION_DATE_NO_INTRADAY_TIMESTAMP_CLAIM
2026-01-28,CORE_BETA,CORE_BETA_A500,DOMAIN_PRIMARY,CSI_A500,000510,5953.38,5976.93,5917.28,5951.1,0.35,54855457900.0,12115.43,500.0,16.52,csindex:index_perf,000510,OFFICIAL_HISTORICAL_VALUATION_AVAILABLE,True,2026-01-28,OFFICIAL_DAILY_OBSERVATION_DATE_NO_INTRADAY_TIMESTAMP_CLAIM
2026-01-29,CORE_BETA,CORE_BETA_A500,DOMAIN_PRIMARY,CSI_A500,000510,5962.43,5995.05,5926.44,5968.91,0.3,60395920700.0,13225.18,500.0,16.61,csindex:index_perf,000510,OFFICIAL_HISTORICAL_VALUATION_AVAILABLE,True,2026-01-29,OFFICIAL_DAILY_OBSERVATION_DATE_NO_INTRADAY_TIMESTAMP_CLAIM
2026-01-30,CORE_BETA,CORE_BETA_A500,DOMAIN_PRIMARY,CSI_A500,000510,5923.55,5946.27,5803.91,5898.13,-1.19,49724846100.0,11318.58,500.0,16.44,csindex:index_perf,000510,OFFICIAL_HISTORICAL_VALUATION_AVAILABLE,True,2026-01-30,OFFICIAL_DAILY_OBSERVATION_DATE_NO_INTRADAY_TIMESTAMP_CLAIM
2026-02-02,CORE_BETA,CORE_BETA_A500,DOMAIN_PRIMARY,CSI_A500,000510,5848.04,5890.9,5738.36,5742.49,-2.64,45874269400.0,10593.53,500.0,16.07,csindex:index_perf,000510,OFFICIAL_HISTORICAL_VALUATION_AVAILABLE,True,2026-02-02,OFFICIAL_DAILY_OBSERVATION_DATE_NO_INTRADAY_TIMESTAMP_CLAIM
2026-02-03,CORE_BETA,CORE_BETA_A500,DOMAIN_PRIMARY,CSI_A500,000510,5803.74,5853.78,5729.76,5852.15,1.91,42608276700.0,10452.52,500.0,16.26,csindex:index_perf,000510,OFFICIAL_HISTORICAL_VALUATION_AVAILABLE,True,2026-02-03,OFFICIAL_DAILY_OBSERVATION_DATE_NO_INTRADAY_TIMESTAMP_CLAIM
2026-02-04,CORE_BETA,CORE_BETA_A500,DOMAIN_PRIMARY,CSI_A500,000510,5838.74,5891.37,5813.68,5886.58,0.59,41493195900.0,9739.65,500.0,16.4,csindex:index_perf,000510,OFFICIAL_HISTORICAL_VALUATION_AVAILABLE,True,2026-02-04,OFFICIAL_DAILY_OBSERVATION_DATE_NO_INTRADAY_TIMESTAMP_CLAIM
2026-02-05,CORE_BETA,CORE_BETA_A500,DOMAIN_PRIMARY,CSI_A500,000510,5832.18,5857.76,5780.59,5817.6,-1.17,35958081600.0,8326.68,500.0,16.27,csindex:index_perf,000510,OFFICIAL_HISTORICAL_VALUATION_AVAILABLE,True,2026-02-05,OFFICIAL_DAILY_OBSERVATION_DATE_NO_INTRADAY_TIMESTAMP_CLAIM
2026-02-06,CORE_BETA,CORE_BETA_A500,DOMAIN_PRIMARY,CSI_A500,000510,5751.53,5843.66,5729.5,5792.01,-0.44,32202201100.0,7819.19,500.0,16.21,csindex:index_perf,000510,OFFICIAL_HISTORICAL_VALUATION_AVAILABLE,True,2026-02-06,OFFICIAL_DAILY_OBSERVATION_DATE_NO_INTRADAY_TIMESTAMP_CLAIM
2026-02-09,CORE_BETA,CORE_BETA_A500,DOMAIN_PRIMARY,CSI_A500,000510,5868.65,5900.21,5848.6,5899.22,1.85,33065922600.0,8122.87,500.0,16.44,csindex:index_perf,000510,OFFICIAL_HISTORICAL_VALUATION_AVAILABLE,True,2026-02-09,OFFICIAL_DAILY_OBSERVATION_DATE_NO_INTRADAY_TIMESTAMP_CLAIM
2026-02-10,CORE_BETA,CORE_BETA_A500,DOMAIN_PRIMARY,CSI_A500,000510,5899.34,5916.42,5884.8,5903.47,0.07,30532745900.0,7222.35,500.0,16.47,csindex:index_perf,000510,OFFICIAL_HISTORICAL_VALUATION_AVAILABLE,True,2026-02-10,OFFICIAL_DAILY_OBSERVATION_DATE_NO_INTRADAY_TIMESTAMP_CLAIM
2026-02-11,CORE_BETA,CORE_BETA_A500,DOMAIN_PRIMARY,CSI_A500,000510,5892.52,5915.71,5889.8,5896.15,-0.12,29200260600.0,7002.39,500.0,16.47,csindex:index_perf,000510,OFFICIAL_HISTORICAL_VALUATION_AVAILABLE,True,2026-02-11,OFFICIAL_DAILY_OBSERVATION_DATE_NO_INTRADAY_TIMESTAMP_CLAIM
2026-02-12,CORE_BETA,CORE_BETA_A500,DOMAIN_PRIMARY,CSI_A500,000510,5904.2,5926.27,5898.76,5923.15,0.46,32072950600.0,7732.52,500.0,16.49,csindex:index_perf,000510,OFFICIAL_HISTORICAL_VALUATION_AVAILABLE,True,2026-02-12,OFFICIAL_DAILY_OBSERVATION_DATE_NO_INTRADAY_TIMESTAMP_CLAIM
2026-02-13,CORE_BETA,CORE_BETA_A500,DOMAIN_PRIMARY,CSI_A500,000510,5883.48,5902.31,5837.52,5840.73,-1.39,30123837900.0,7075.77,500.0,16.25,csindex:index_perf,000510,OFFICIAL_HISTORICAL_VALUATION_AVAILABLE,True,2026-02-13,OFFICIAL_DAILY_OBSERVATION_DATE_NO_INTRADAY_TIMESTAMP_CLAIM
2026-02-24,CORE_BETA,CORE_BETA_A500,DOMAIN_PRIMARY,CSI_A500,000510,5931.03,5936.89,5891.7,5910.73,1.2,35430970300.0,8202.06,500.0,16.42,csindex:index_perf,000510,OFFICIAL_HISTORICAL_VALUATION_AVAILABLE,True,2026-02-24,OFFICIAL_DAILY_OBSERVATION_DATE_NO_INTRADAY_TIMESTAMP_CLAIM
2026-02-25,CORE_BETA,CORE_BETA_A500,DOMAIN_PRIMARY,CSI_A500,000510,5920.44,5994.57,5919.22,5967.3,0.96,43772884800.0,9392.77,500.0,16.54,csindex:index_perf,000510,OFFICIAL_HISTORICAL_VALUATION_AVAILABLE,True,2026-02-25,OFFICIAL_DAILY_OBSERVATION_DATE_NO_INTRADAY_TIMESTAMP_CLAIM
2026-02-26,CORE_BETA,CORE_BETA_A500,DOMAIN_PRIMARY,CSI_A500,000510,5976.33,5976.88,5934.04,5961.51,-0.1,39705538500.0,9559.18,500.0,16.51,csindex:index_perf,000510,OFFICIAL_HISTORICAL_VALUATION_AVAILABLE,True,2026-02-26,OFFICIAL_DAILY_OBSERVATION_DATE_NO_INTRADAY_TIMESTAMP_CLAIM
2026-02-27,CORE_BETA,CORE_BETA_A500,DOMAIN_PRIMARY,CSI_A500,000510,5922.25,5970.89,5922.2,5965.35,0.06,43811142200.0,9278.31,500.0,16.52,csindex:index_perf,000510,OFFICIAL_HISTORICAL_VALUATION_AVAILABLE,True,2026-02-27,OFFICIAL_DAILY_OBSERVATION_DATE_NO_INTRADAY_TIMESTAMP_CLAIM
2026-03-02,CORE_BETA,CORE_BETA_A500,DOMAIN_PRIMARY,CSI_A500,000510,5923.9,5993.62,5905.97,5984.75,0.33,54343434400.0,11547.04,500.0,16.68,csindex:index_perf,000510,OFFICIAL_HISTORICAL_VALUATION_AVAILABLE,True,2026-03-02,OFFICIAL_DAILY_OBSERVATION_DATE_NO_INTRADAY_TIMESTAMP_CLAIM
2026-03-03,CORE_BETA,CORE_BETA_A500,DOMAIN_PRIMARY,CSI_A500,000510,5993.5,6001.29,5834.24,5840.58,-2.41,56303716000.0,12148.3,500.0,16.5,csindex:index_perf,000510,OFFICIAL_HISTORICAL_VALUATION_AVAILABLE,True,2026-03-03,OFFICIAL_DAILY_OBSERVATION_DATE_NO_INTRADAY_TIMESTAMP_CLAIM
2026-03-04,CORE_BETA,CORE_BETA_A500,DOMAIN_PRIMARY,CSI_A500,000510,5771.3,5845.49,5753.92,5784.57,-0.96,43061443300.0,8888.43,500.0,16.34,csindex:index_perf,000510,OFFICIAL_HISTORICAL_VALUATION_AVAILABLE,True,2026-03-04,OFFICIAL_DAILY_OBSERVATION_DATE_NO_INTRADAY_TIMESTAMP_CLAIM
2026-03-05,CORE_BETA,CORE_BETA_A500,DOMAIN_PRIMARY,CSI_A500,000510,5859.02,5878.63,5814.1,5843.49,1.02,40517555700.0,8849.18,500.0,16.44,csindex:index_perf,000510,OFFICIAL_HISTORICAL_VALUATION_AVAILABLE,True,2026-03-05,OFFICIAL_DAILY_OBSERVATION_DATE_NO_INTRADAY_TIMESTAMP_CLAIM
2026-03-06,CORE_BETA,CORE_BETA_A500,DOMAIN_PRIMARY,CSI_A500,000510,5808.98,5874.51,5797.71,5859.12,0.27,37135615500.0,7629.22,500.0,16.47,csindex:index_perf,000510,OFFICIAL_HISTORICAL_VALUATION_AVAILABLE,True,2026-03-06,OFFICIAL_DAILY_OBSERVATION_DATE_NO_INTRADAY_TIMESTAMP_CLAIM
2026-03-09,CORE_BETA,CORE_BETA_A500,DOMAIN_PRIMARY,CSI_A500,000510,5772.39,5820.15,5690.34,5804.09,-0.94,47783812600.0,9952.79,500.0,16.37,csindex:index_perf,000510,OFFICIAL_HISTORICAL_VALUATION_AVAILABLE,True,2026-03-09,OFFICIAL_DAILY_OBSERVATION_DATE_NO_INTRADAY_TIMESTAMP_CLAIM
2026-03-10,CORE_BETA,CORE_BETA_A500,DOMAIN_PRIMARY,CSI_A500,000510,5850.43,5892.14,5850.43,5890.0,1.48,39773029500.0,8582.74,500.0,16.48,csindex:index_perf,000510,OFFICIAL_HISTORICAL_VALUATION_AVAILABLE,True,2026-03-10,OFFICIAL_DAILY_OBSERVATION_DATE_NO_INTRADAY_TIMESTAMP_CLAIM
2026-03-11,CORE_BETA,CORE_BETA_A500,DOMAIN_PRIMARY,CSI_A500,000510,5898.39,5935.94,5893.79,5919.99,0.51,42412925200.0,9165.91,500.0,16.59,csindex:index_perf,000510,OFFICIAL_HISTORICAL_VALUATION_AVAILABLE,True,2026-03-11,OFFICIAL_DAILY_OBSERVATION_DATE_NO_INTRADAY_TIMESTAMP_CLAIM
2026-03-12,CORE_BETA,CORE_BETA_A500,DOMAIN_PRIMARY,CSI_A500,000510,5913.8,5921.66,5842.78,5888.21,-0.54,45518033800.0,8951.05,500.0,16.55,csindex:index_perf,000510,OFFICIAL_HISTORICAL_VALUATION_AVAILABLE,True,2026-03-12,OFFICIAL_DAILY_OBSERVATION_DATE_NO_INTRADAY_TIMESTAMP_CLAIM
2026-03-13,CORE_BETA,CORE_BETA_A500,DOMAIN_PRIMARY,CSI_A500,000510,5861.85,5912.72,5831.16,5844.62,-0.74,45159499900.0,8837.26,500.0,16.45,csindex:index_perf,000510,OFFICIAL_HISTORICAL_VALUATION_AVAILABLE,True,2026-03-13,OFFICIAL_DAILY_OBSERVATION_DATE_NO_INTRADAY_TIMESTAMP_CLAIM
2026-03-16,CORE_BETA,CORE_BETA_A500,DOMAIN_PRIMARY,CSI_A500,000510,5842.52,5848.06,5762.87,5835.28,-0.16,42129449600.0,8781.96,500.0,16.42,csindex:index_perf,000510,OFFICIAL_HISTORICAL_VALUATION_AVAILABLE,True,2026-03-16,OFFICIAL_DAILY_OBSERVATION_DATE_NO_INTRADAY_TIMESTAMP_CLAIM
2026-03-17,CORE_BETA,CORE_BETA_A500,DOMAIN_PRIMARY,CSI_A500,000510,5854.51,5885.95,5767.73,5767.73,-1.16,35954008800.0,8131.67,500.0,16.31,csindex:index_perf,000510,OFFICIAL_HISTORICAL_VALUATION_AVAILABLE,True,2026-03-17,OFFICIAL_DAILY_OBSERVATION_DATE_NO_INTRADAY_TIMESTAMP_CLAIM
2026-03-18,CORE_BETA,CORE_BETA_A500,DOMAIN_PRIMARY,CSI_A500,000510,5784.68,5807.93,5724.78,5802.65,0.61,33149495400.0,7584.23,500.0,16.36,csindex:index_perf,000510,OFFICIAL_HISTORICAL_VALUATION_AVAILABLE,True,2026-03-18,OFFICIAL_DAILY_OBSERVATION_DATE_NO_INTRADAY_TIMESTAMP_CLAIM
2026-03-19,CORE_BETA,CORE_BETA_A500,DOMAIN_PRIMARY,CSI_A500,000510,5733.88,5759.06,5670.67,5688.63,-1.96,36145114800.0,7900.98,500.0,16.15,csindex:index_perf,000510,OFFICIAL_HISTORICAL_VALUATION_AVAILABLE,True,2026-03-19,OFFICIAL_DAILY_OBSERVATION_DATE_NO_INTRADAY_TIMESTAMP_CLAIM
2026-03-20,CORE_BETA,CORE_BETA_A500,DOMAIN_PRIMARY,CSI_A500,000510,5716.89,5751.24,5655.44,5659.05,-0.52,36146098300.0,8789.91,500.0,16.04,csindex:index_perf,000510,OFFICIAL_HISTORICAL_VALUATION_AVAILABLE,True,2026-03-20,OFFICIAL_DAILY_OBSERVATION_DATE_NO_INTRADAY_TIMESTAMP_CLAIM
2026-03-23,CORE_BETA,CORE_BETA_A500,DOMAIN_PRIMARY,CSI_A500,000510,5567.08,5605.42,5439.46,5466.9,-3.4,44389372000.0,9345.26,500.0,15.55,csindex:index_perf,000510,OFFICIAL_HISTORICAL_VALUATION_AVAILABLE,True,2026-03-23,OFFICIAL_DAILY_OBSERVATION_DATE_NO_INTRADAY_TIMESTAMP_CLAIM
2026-03-24,CORE_BETA,CORE_BETA_A500,DOMAIN_PRIMARY,CSI_A500,000510,5526.33,5542.47,5419.44,5542.36,1.38,35820677800.0,7659.98,500.0,15.71,csindex:index_perf,000510,OFFICIAL_HISTORICAL_VALUATION_AVAILABLE,True,2026-03-24,OFFICIAL_DAILY_OBSERVATION_DATE_NO_INTRADAY_TIMESTAMP_CLAIM
2026-03-25,CORE_BETA,CORE_BETA_A500,DOMAIN_PRIMARY,CSI_A500,000510,5588.74,5639.96,5588.74,5633.1,1.64,37710893200.0,8088.97,500.0,15.91,csindex:index_perf,000510,OFFICIAL_HISTORICAL_VALUATION_AVAILABLE,True,2026-03-25,OFFICIAL_DAILY_OBSERVATION_DATE_NO_INTRADAY_TIMESTAMP_CLAIM
2026-03-26,CORE_BETA,CORE_BETA_A500,DOMAIN_PRIMARY,CSI_A500,000510,5619.28,5639.95,5540.81,5552.78,-1.43,30600085300.0,6961.3,500.0,15.73,csindex:index_perf,000510,OFFICIAL_HISTORICAL_VALUATION_AVAILABLE,True,2026-03-26,OFFICIAL_DAILY_OBSERVATION_DATE_NO_INTRADAY_TIMESTAMP_CLAIM
2026-03-27,CORE_BETA,CORE_BETA_A500,DOMAIN_PRIMARY,CSI_A500,000510,5488.97,5626.68,5488.97,5600.34,0.86,28442428700.0,6675.36,500.0,15.83,csindex:index_perf,000510,OFFICIAL_HISTORICAL_VALUATION_AVAILABLE,True,2026-03-27,OFFICIAL_DAILY_OBSERVATION_DATE_NO_INTRADAY_TIMESTAMP_CLAIM
2026-03-30,CORE_BETA,CORE_BETA_A500,DOMAIN_PRIMARY,CSI_A500,000510,5547.18,5600.32,5522.39,5594.45,-0.11,30812081500.0,6782.91,500.0,15.86,csindex:index_perf,000510,OFFICIAL_HISTORICAL_VALUATION_AVAILABLE,True,2026-03-30,OFFICIAL_DAILY_OBSERVATION_DATE_NO_INTRADAY_TIMESTAMP_CLAIM
2026-03-31,CORE_BETA,CORE_BETA_A500,DOMAIN_PRIMARY,CSI_A500,000510,5591.78,5632.15,5526.73,5526.73,-1.21,31558713200.0,7122.77,500.0,15.73,csindex:index_perf,000510,OFFICIAL_HISTORICAL_VALUATION_AVAILABLE,True,2026-03-31,OFFICIAL_DAILY_OBSERVATION_DATE_NO_INTRADAY_TIMESTAMP_CLAIM
2026-04-01,CORE_BETA,CORE_BETA_A500,DOMAIN_PRIMARY,CSI_A500,000510,5619.66,5638.33,5582.98,5626.33,1.8,29843226900.0,7147.38,500.0,15.94,csindex:index_perf,000510,OFFICIAL_HISTORICAL_VALUATION_AVAILABLE,True,2026-04-01,OFFICIAL_DAILY_OBSERVATION_DATE_NO_INTRADAY_TIMESTAMP_CLAIM
2026-04-02,CORE_BETA,CORE_BETA_A500,DOMAIN_PRIMARY,CSI_A500,000510,5610.27,5615.39,5524.32,5550.74,-1.34,27641212500.0,6329.49,500.0,15.83,csindex:index_perf,000510,OFFICIAL_HISTORICAL_VALUATION_AVAILABLE,True,2026-04-02,OFFICIAL_DAILY_OBSERVATION_DATE_NO_INTRADAY_TIMESTAMP_CLAIM
2026-04-03,CORE_BETA,CORE_BETA_A500,DOMAIN_PRIMARY,CSI_A500,000510,5570.71,5572.77,5496.86,5501.88,-0.88,24311348600.0,5539.36,500.0,15.69,csindex:index_perf,000510,OFFICIAL_HISTORICAL_VALUATION_AVAILABLE,True,2026-04-03,OFFICIAL_DAILY_OBSERVATION_DATE_NO_INTRADAY_TIMESTAMP_CLAIM
2026-04-07,CORE_BETA,CORE_BETA_A500,DOMAIN_PRIMARY,CSI_A500,000510,5512.09,5537.37,5482.61,5510.74,0.16,23669202700.0,5495.09,500.0,15.69,csindex:index_perf,000510,OFFICIAL_HISTORICAL_VALUATION_AVAILABLE,True,2026-04-07,OFFICIAL_DAILY_OBSERVATION_DATE_NO_INTRADAY_TIMESTAMP_CLAIM
2026-04-08,CORE_BETA,CORE_BETA_A500,DOMAIN_PRIMARY,CSI_A500,000510,5619.19,5728.38,5617.7,5728.38,3.95,37126463400.0,9174.29,500.0,16.11,csindex:index_perf,000510,OFFICIAL_HISTORICAL_VALUATION_AVAILABLE,True,2026-04-08,OFFICIAL_DAILY_OBSERVATION_DATE_NO_INTRADAY_TIMESTAMP_CLAIM
2026-04-09,CORE_BETA,CORE_BETA_A500,DOMAIN_PRIMARY,CSI_A500,000510,5683.46,5719.66,5669.09,5698.95,-0.51,29575849100.0,7655.05,500.0,16.04,csindex:index_perf,000510,OFFICIAL_HISTORICAL_VALUATION_AVAILABLE,True,2026-04-09,OFFICIAL_DAILY_OBSERVATION_DATE_NO_INTRADAY_TIMESTAMP_CLAIM
2026-04-10,CORE_BETA,CORE_BETA_A500,DOMAIN_PRIMARY,CSI_A500,000510,5736.26,5808.29,5730.63,5783.05,1.48,31674349000.0,8949.93,500.0,16.2,csindex:index_perf,000510,OFFICIAL_HISTORICAL_VALUATION_AVAILABLE,True,2026-04-10,OFFICIAL_DAILY_OBSERVATION_DATE_NO_INTRADAY_TIMESTAMP_CLAIM
2026-04-13,CORE_BETA,CORE_BETA_A500,DOMAIN_PRIMARY,CSI_A500,000510,5752.34,5804.08,5752.34,5792.78,0.17,30564356100.0,8212.85,500.0,16.23,csindex:index_perf,000510,OFFICIAL_HISTORICAL_VALUATION_AVAILABLE,True,2026-04-13,OFFICIAL_DAILY_OBSERVATION_DATE_NO_INTRADAY_TIMESTAMP_CLAIM
2026-04-14,CORE_BETA,CORE_BETA_A500,DOMAIN_PRIMARY,CSI_A500,000510,5834.01,5865.35,5803.45,5865.35,1.25,32281119500.0,9001.18,500.0,16.39,csindex:index_perf,000510,OFFICIAL_HISTORICAL_VALUATION_AVAILABLE,True,2026-04-14,OFFICIAL_DAILY_OBSERVATION_DATE_NO_INTRADAY_TIMESTAMP_CLAIM
2026-04-15,CORE_BETA,CORE_BETA_A500,DOMAIN_PRIMARY,CSI_A500,000510,5900.11,5905.44,5820.41,5837.45,-0.48,31988162300.0,9022.15,500.0,16.36,csindex:index_perf,000510,OFFICIAL_HISTORICAL_VALUATION_AVAILABLE,True,2026-04-15,OFFICIAL_DAILY_OBSERVATION_DATE_NO_INTRADAY_TIMESTAMP_CLAIM
2026-04-16,CORE_BETA,CORE_BETA_A500,DOMAIN_PRIMARY,CSI_A500,000510,5850.92,5917.04,5844.99,5914.06,1.31,30349675100.0,8460.72,500.0,16.51,csindex:index_perf,000510,OFFICIAL_HISTORICAL_VALUATION_AVAILABLE,True,2026-04-16,OFFICIAL_DAILY_OBSERVATION_DATE_NO_INTRADAY_TIMESTAMP_CLAIM
2026-04-17,CORE_BETA,CORE_BETA_A500,DOMAIN_PRIMARY,CSI_A500,000510,5902.03,5925.14,5890.41,5913.84,0.0,30004682600.0,8823.38,500.0,16.47,csindex:index_perf,000510,OFFICIAL_HISTORICAL_VALUATION_AVAILABLE,True,2026-04-17,OFFICIAL_DAILY_OBSERVATION_DATE_NO_INTRADAY_TIMESTAMP_CLAIM
2026-04-20,CORE_BETA,CORE_BETA_A500,DOMAIN_PRIMARY,CSI_A500,000510,5910.99,5963.73,5903.69,5954.83,0.69,34693591600.0,9495.24,500.0,16.58,csindex:index_perf,000510,OFFICIAL_HISTORICAL_VALUATION_AVAILABLE,True,2026-04-20,OFFICIAL_DAILY_OBSERVATION_DATE_NO_INTRADAY_TIMESTAMP_CLAIM
2026-04-21,CORE_BETA,CORE_BETA_A500,DOMAIN_PRIMARY,CSI_A500,000510,5944.04,5970.94,5899.35,5959.66,0.08,31574178700.0,8631.23,500.0,16.6,csindex:index_perf,000510,OFFICIAL_HISTORICAL_VALUATION_AVAILABLE,True,2026-04-21,OFFICIAL_DAILY_OBSERVATION_DATE_NO_INTRADAY_TIMESTAMP_CLAIM
2026-04-22,CORE_BETA,CORE_BETA_A500,DOMAIN_PRIMARY,CSI_A500,000510,5933.64,6008.54,5933.64,6006.67,0.79,31770029900.0,9288.11,500.0,16.66,csindex:index_perf,000510,OFFICIAL_HISTORICAL_VALUATION_AVAILABLE,True,2026-04-22,OFFICIAL_DAILY_OBSERVATION_DATE_NO_INTRADAY_TIMESTAMP_CLAIM
2026-04-23,CORE_BETA,CORE_BETA_A500,DOMAIN_PRIMARY,CSI_A500,000510,6026.53,6030.82,5936.64,5973.41,-0.55,35699766100.0,10302.38,500.0,16.63,csindex:index_perf,000510,OFFICIAL_HISTORICAL_VALUATION_AVAILABLE,True,2026-04-23,OFFICIAL_DAILY_OBSERVATION_DATE_NO_INTRADAY_TIMESTAMP_CLAIM
2026-04-24,CORE_BETA,CORE_BETA_A500,DOMAIN_PRIMARY,CSI_A500,000510,5949.59,5978.89,5906.77,5952.46,-0.35,31589069700.0,10003.53,500.0,16.59,csindex:index_perf,000510,OFFICIAL_HISTORICAL_VALUATION_AVAILABLE,True,2026-04-24,OFFICIAL_DAILY_OBSERVATION_DATE_NO_INTRADAY_TIMESTAMP_CLAIM
2026-04-27,CORE_BETA,CORE_BETA_A500,DOMAIN_PRIMARY,CSI_A500,000510,5956.61,5986.94,5946.28,5965.38,0.22,32249565400.0,9908.34,500.0,16.58,csindex:index_perf,000510,OFFICIAL_HISTORICAL_VALUATION_AVAILABLE,True,2026-04-27,OFFICIAL_DAILY_OBSERVATION_DATE_NO_INTRADAY_TIMESTAMP_CLAIM
2026-04-28,CORE_BETA,CORE_BETA_A500,DOMAIN_PRIMARY,CSI_A500,000510,5947.46,5964.71,5909.46,5929.56,-0.6,32618472100.0,9249.24,500.0,16.55,csindex:index_perf,000510,OFFICIAL_HISTORICAL_VALUATION_AVAILABLE,True,2026-04-28,OFFICIAL_DAILY_OBSERVATION_DATE_NO_INTRADAY_TIMESTAMP_CLAIM
2026-04-29,CORE_BETA,CORE_BETA_A500,DOMAIN_PRIMARY,CSI_A500,000510,5901.44,6019.18,5901.23,6013.41,1.41,35920822100.0,9922.49,500.0,16.71,csindex:index_perf,000510,OFFICIAL_HISTORICAL_VALUATION_AVAILABLE,True,2026-04-29,OFFICIAL_DAILY_OBSERVATION_DATE_NO_INTRADAY_TIMESTAMP_CLAIM
2026-04-30,CORE_BETA,CORE_BETA_A500,DOMAIN_PRIMARY,CSI_A500,000510,6026.19,6037.86,6000.33,6020.44,0.12,37841385300.0,10662.6,500.0,16.71,csindex:index_perf,000510,OFFICIAL_HISTORICAL_VALUATION_AVAILABLE,True,2026-04-30,OFFICIAL_DAILY_OBSERVATION_DATE_NO_INTRADAY_TIMESTAMP_CLAIM
2026-05-06,CORE_BETA,CORE_BETA_A500,DOMAIN_PRIMARY,CSI_A500,000510,6091.54,6158.3,6071.0,6135.86,1.92,41346208000.0,12704.79,500.0,17.14,csindex:index_perf,000510,OFFICIAL_HISTORICAL_VALUATION_AVAILABLE,True,2026-05-06,OFFICIAL_DAILY_OBSERVATION_DATE_NO_INTRADAY_TIMESTAMP_CLAIM
2026-05-07,CORE_BETA,CORE_BETA_A500,DOMAIN_PRIMARY,CSI_A500,000510,6162.67,6184.64,6129.85,6183.01,0.77,40463779700.0,11825.67,500.0,17.18,csindex:index_perf,000510,OFFICIAL_HISTORICAL_VALUATION_AVAILABLE,True,2026-05-07,OFFICIAL_DAILY_OBSERVATION_DATE_NO_INTRADAY_TIMESTAMP_CLAIM
2026-05-08,CORE_BETA,CORE_BETA_A500,DOMAIN_PRIMARY,CSI_A500,000510,6143.03,6171.13,6116.41,6154.27,-0.46,40964524200.0,11254.55,500.0,17.11,csindex:index_perf,000510,OFFICIAL_HISTORICAL_VALUATION_AVAILABLE,True,2026-05-08,OFFICIAL_DAILY_OBSERVATION_DATE_NO_INTRADAY_TIMESTAMP_CLAIM
2026-05-11,CORE_BETA,CORE_BETA_A500,DOMAIN_PRIMARY,CSI_A500,000510,6200.38,6271.66,6179.09,6262.31,1.76,46372462200.0,13592.16,500.0,17.33,csindex:index_perf,000510,OFFICIAL_HISTORICAL_VALUATION_AVAILABLE,True,2026-05-11,OFFICIAL_DAILY_OBSERVATION_DATE_NO_INTRADAY_TIMESTAMP_CLAIM
2026-05-12,CORE_BETA,CORE_BETA_A500,DOMAIN_PRIMARY,CSI_A500,000510,6279.93,6279.93,6219.22,6249.23,-0.21,41293711300.0,12247.76,500.0,17.3,csindex:index_perf,000510,OFFICIAL_HISTORICAL_VALUATION_AVAILABLE,True,2026-05-12,OFFICIAL_DAILY_OBSERVATION_DATE_NO_INTRADAY_TIMESTAMP_CLAIM
2026-05-13,CORE_BETA,CORE_BETA_A500,DOMAIN_PRIMARY,CSI_A500,000510,6209.93,6321.63,6209.93,6318.04,1.1,40294776100.0,12031.5,500.0,17.41,csindex:index_perf,000510,OFFICIAL_HISTORICAL_VALUATION_AVAILABLE,True,2026-05-13,OFFICIAL_DAILY_OBSERVATION_DATE_NO_INTRADAY_TIMESTAMP_CLAIM
2026-05-14,CORE_BETA,CORE_BETA_A500,DOMAIN_PRIMARY,CSI_A500,000510,6351.56,6354.96,6182.97,6182.97,-2.14,41354626900.0,12319.49,500.0,17.11,csindex:index_perf,000510,OFFICIAL_HISTORICAL_VALUATION_AVAILABLE,True,2026-05-14,OFFICIAL_DAILY_OBSERVATION_DATE_NO_INTRADAY_TIMESTAMP_CLAIM
2026-05-15,CORE_BETA,CORE_BETA_A500,DOMAIN_PRIMARY,CSI_A500,000510,6179.61,6215.2,6068.01,6105.87,-1.25,40785868100.0,12648.67,500.0,16.94,csindex:index_perf,000510,OFFICIAL_HISTORICAL_VALUATION_AVAILABLE,True,2026-05-15,OFFICIAL_DAILY_OBSERVATION_DATE_NO_INTRADAY_TIMESTAMP_CLAIM
2026-05-18,CORE_BETA,CORE_BETA_A500,DOMAIN_PRIMARY,CSI_A500,000510,6076.37,6132.44,6047.1,6084.51,-0.35,35437254700.0,10662.81,500.0,16.87,csindex:index_perf,000510,OFFICIAL_HISTORICAL_VALUATION_AVAILABLE,True,2026-05-18,OFFICIAL_DAILY_OBSERVATION_DATE_NO_INTRADAY_TIMESTAMP_CLAIM
2026-05-19,CORE_BETA,CORE_BETA_A500,DOMAIN_PRIMARY,CSI_A500,000510,6065.38,6123.5,5998.14,6121.09,0.6,35294008900.0,10662.99,500.0,16.97,csindex:index_perf,000510,OFFICIAL_HISTORICAL_VALUATION_AVAILABLE,True,2026-05-19,OFFICIAL_DAILY_OBSERVATION_DATE_NO_INTRADAY_TIMESTAMP_CLAIM
2026-05-20,CORE_BETA,CORE_BETA_A500,DOMAIN_PRIMARY,CSI_A500,000510,6088.76,6150.03,6086.23,6130.45,0.15,34039682900.0,11022.23,500.0,16.93,csindex:index_perf,000510,OFFICIAL_HISTORICAL_VALUATION_AVAILABLE,True,2026-05-20,OFFICIAL_DAILY_OBSERVATION_DATE_NO_INTRADAY_TIMESTAMP_CLAIM
2026-05-21,CORE_BETA,CORE_BETA_A500,DOMAIN_PRIMARY,CSI_A500,000510,6176.26,6239.14,6014.99,6019.55,-1.81,42653036100.0,13228.36,500.0,16.68,csindex:index_perf,000510,OFFICIAL_HISTORICAL_VALUATION_AVAILABLE,True,2026-05-21,OFFICIAL_DAILY_OBSERVATION_DATE_NO_INTRADAY_TIMESTAMP_CLAIM
2026-05-22,CORE_BETA,CORE_BETA_A500,DOMAIN_PRIMARY,CSI_A500,000510,6065.32,6122.72,6025.3,6115.18,1.59,39684504900.0,11149.37,500.0,16.85,csindex:index_perf,000510,OFFICIAL_HISTORICAL_VALUATION_AVAILABLE,True,2026-05-22,OFFICIAL_DAILY_OBSERVATION_DATE_NO_INTRADAY_TIMESTAMP_CLAIM
2026-05-25,CORE_BETA,CORE_BETA_A500,DOMAIN_PRIMARY,CSI_A500,000510,6151.38,6211.89,6114.18,6211.1,1.57,38492549900.0,12451.34,500.0,17.03,csindex:index_perf,000510,OFFICIAL_HISTORICAL_VALUATION_AVAILABLE,True,2026-05-25,OFFICIAL_DAILY_OBSERVATION_DATE_NO_INTRADAY_TIMESTAMP_CLAIM
2026-05-26,CORE_BETA,CORE_BETA_A500,DOMAIN_PRIMARY,CSI_A500,000510,6182.89,6236.64,6150.63,6228.65,0.28,42638933900.0,12943.71,500.0,17.09,csindex:index_perf,000510,OFFICIAL_HISTORICAL_VALUATION_AVAILABLE,True,2026-05-26,OFFICIAL_DAILY_OBSERVATION_DATE_NO_INTRADAY_TIMESTAMP_CLAIM
2026-05-27,CORE_BETA,CORE_BETA_A500,DOMAIN_PRIMARY,CSI_A500,000510,6220.67,6264.1,6134.6,6159.17,-1.12,43222112500.0,13033.8,500.0,16.9,csindex:index_perf,000510,OFFICIAL_HISTORICAL_VALUATION_AVAILABLE,True,2026-05-27,OFFICIAL_DAILY_OBSERVATION_DATE_NO_INTRADAY_TIMESTAMP_CLAIM
2026-05-28,CORE_BETA,CORE_BETA_A500,DOMAIN_PRIMARY,CSI_A500,000510,6135.34,6180.99,6071.25,6169.84,0.17,37816971300.0,11497.41,500.0,16.87,csindex:index_perf,000510,OFFICIAL_HISTORICAL_VALUATION_AVAILABLE,True,2026-05-28,OFFICIAL_DAILY_OBSERVATION_DATE_NO_INTRADAY_TIMESTAMP_CLAIM
2026-05-29,CORE_BETA,CORE_BETA_A500,DOMAIN_PRIMARY,CSI_A500,000510,6195.98,6201.89,6074.8,6100.14,-1.13,45436645700.0,13029.23,500.0,16.79,csindex:index_perf,000510,OFFICIAL_HISTORICAL_VALUATION_AVAILABLE,True,2026-05-29,OFFICIAL_DAILY_OBSERVATION_DATE_NO_INTRADAY_TIMESTAMP_CLAIM
2026-06-01,CORE_BETA,CORE_BETA_A500,DOMAIN_PRIMARY,CSI_A500,000510,6104.13,6144.24,6021.12,6030.69,-1.14,40341819600.0,11375.95,500.0,16.68,csindex:index_perf,000510,OFFICIAL_HISTORICAL_VALUATION_AVAILABLE,True,2026-06-01,OFFICIAL_DAILY_OBSERVATION_DATE_NO_INTRADAY_TIMESTAMP_CLAIM
2026-06-02,CORE_BETA,CORE_BETA_A500,DOMAIN_PRIMARY,CSI_A500,000510,6051.24,6136.61,5992.14,6111.15,1.33,38139362800.0,10951.61,500.0,16.84,csindex:index_perf,000510,OFFICIAL_HISTORICAL_VALUATION_AVAILABLE,True,2026-06-02,OFFICIAL_DAILY_OBSERVATION_DATE_NO_INTRADAY_TIMESTAMP_CLAIM
2026-06-03,CORE_BETA,CORE_BETA_A500,DOMAIN_PRIMARY,CSI_A500,000510,6121.09,6218.76,6096.69,6144.49,0.55,41141783900.0,12278.78,500.0,16.88,csindex:index_perf,000510,OFFICIAL_HISTORICAL_VALUATION_AVAILABLE,True,2026-06-03,OFFICIAL_DAILY_OBSERVATION_DATE_NO_INTRADAY_TIMESTAMP_CLAIM
2026-06-04,CORE_BETA,CORE_BETA_A500,DOMAIN_PRIMARY,CSI_A500,000510,6088.35,6149.11,6084.01,6113.49,-0.5,36611886600.0,10481.08,500.0,16.75,csindex:index_perf,000510,OFFICIAL_HISTORICAL_VALUATION_AVAILABLE,True,2026-06-04,OFFICIAL_DAILY_OBSERVATION_DATE_NO_INTRADAY_TIMESTAMP_CLAIM
2026-06-05,CORE_BETA,CORE_BETA_A500,DOMAIN_PRIMARY,CSI_A500,000510,6090.4,6136.15,5985.81,6009.39,-1.7,41481223900.0,12037.92,500.0,16.56,csindex:index_perf,000510,OFFICIAL_HISTORICAL_VALUATION_AVAILABLE,True,2026-06-05,OFFICIAL_DAILY_OBSERVATION_DATE_NO_INTRADAY_TIMESTAMP_CLAIM
2026-06-08,CORE_BETA,CORE_BETA_A500,DOMAIN_PRIMARY,CSI_A500,000510,5848.71,5952.75,5807.47,5855.89,-2.55,41514901500.0,11024.78,500.0,16.28,csindex:index_perf,000510,OFFICIAL_HISTORICAL_VALUATION_AVAILABLE,True,2026-06-08,OFFICIAL_DAILY_OBSERVATION_DATE_NO_INTRADAY_TIMESTAMP_CLAIM
2026-06-09,CORE_BETA,CORE_BETA_A500,DOMAIN_PRIMARY,CSI_A500,000510,5905.59,5983.36,5854.99,5981.78,2.15,35673398600.0,10186.22,500.0,16.51,csindex:index_perf,000510,OFFICIAL_HISTORICAL_VALUATION_AVAILABLE,True,2026-06-09,OFFICIAL_DAILY_OBSERVATION_DATE_NO_INTRADAY_TIMESTAMP_CLAIM
2026-06-10,CORE_BETA,CORE_BETA_A500,DOMAIN_PRIMARY,CSI_A500,000510,5917.14,5959.62,5857.12,5902.97,-1.32,35723738300.0,9954.17,500.0,16.37,csindex:index_perf,000510,OFFICIAL_HISTORICAL_VALUATION_AVAILABLE,True,2026-06-10,OFFICIAL_DAILY_OBSERVATION_DATE_NO_INTRADAY_TIMESTAMP_CLAIM
2026-06-11,CORE_BETA,CORE_BETA_A500,DOMAIN_PRIMARY,CSI_A500,000510,5877.5,5928.26,5824.6,5872.7,-0.51,34344915300.0,9713.69,500.0,16.3,csindex:index_perf,000510,OFFICIAL_HISTORICAL_VALUATION_AVAILABLE,True,2026-06-11,OFFICIAL_DAILY_OBSERVATION_DATE_NO_INTRADAY_TIMESTAMP_CLAIM
2026-06-12,CORE_BETA,CORE_BETA_A500,DOMAIN_PRIMARY,CSI_A500,000510,5965.24,5994.47,5921.89,5931.65,1.0,46192391200.0,12718.63,500.0,16.49,csindex:index_perf,000510,OFFICIAL_HISTORICAL_VALUATION_AVAILABLE,True,2026-06-12,OFFICIAL_DAILY_OBSERVATION_DATE_NO_INTRADAY_TIMESTAMP_CLAIM
2026-06-15,CORE_BETA,CORE_BETA_A500,DOMAIN_PRIMARY,CSI_A500,000510,6001.76,6099.82,5970.26,6099.19,2.82,43398261300.0,12557.52,500.0,17.04,csindex:index_perf,000510,OFFICIAL_HISTORICAL_VALUATION_AVAILABLE,True,2026-06-15,OFFICIAL_DAILY_OBSERVATION_DATE_NO_INTRADAY_TIMESTAMP_CLAIM
2026-06-16,CORE_BETA,CORE_BETA_A500,DOMAIN_PRIMARY,CSI_A500,000510,6107.75,6141.37,6085.31,6111.86,0.21,39226536200.0,12225.04,500.0,17.0,csindex:index_perf,000510,OFFICIAL_HISTORICAL_VALUATION_AVAILABLE,True,2026-06-16,OFFICIAL_DAILY_OBSERVATION_DATE_NO_INTRADAY_TIMESTAMP_CLAIM
2026-06-17,CORE_BETA,CORE_BETA_A500,DOMAIN_PRIMARY,CSI_A500,000510,6078.53,6190.91,6078.53,6188.1,1.25,38800402100.0,12475.34,500.0,17.12,csindex:index_perf,000510,OFFICIAL_HISTORICAL_VALUATION_AVAILABLE,True,2026-06-17,OFFICIAL_DAILY_OBSERVATION_DATE_NO_INTRADAY_TIMESTAMP_CLAIM
2026-06-18,CORE_BETA,CORE_BETA_A500,DOMAIN_PRIMARY,CSI_A500,000510,6166.62,6253.78,6166.62,6219.79,0.51,44073120900.0,13984.66,500.0,17.09,csindex:index_perf,000510,OFFICIAL_HISTORICAL_VALUATION_AVAILABLE,True,2026-06-18,OFFICIAL_DAILY_OBSERVATION_DATE_NO_INTRADAY_TIMESTAMP_CLAIM
2026-06-22,CORE_BETA,CORE_BETA_A500,DOMAIN_PRIMARY,CSI_A500,000510,6235.3,6375.33,6205.79,6373.56,2.47,49557162000.0,15896.99,500.0,17.48,csindex:index_perf,000510,OFFICIAL_HISTORICAL_VALUATION_AVAILABLE,True,2026-06-22,OFFICIAL_DAILY_OBSERVATION_DATE_NO_INTRADAY_TIMESTAMP_CLAIM
2026-06-23,CORE_BETA,CORE_BETA_A500,DOMAIN_PRIMARY,CSI_A500,000510,6356.14,6371.8,6147.74,6182.57,-3.0,44892697200.0,14439.92,500.0,17.08,csindex:index_perf,000510,OFFICIAL_HISTORICAL_VALUATION_AVAILABLE,True,2026-06-23,OFFICIAL_DAILY_OBSERVATION_DATE_NO_INTRADAY_TIMESTAMP_CLAIM
2026-06-24,CORE_BETA,CORE_BETA_A500,DOMAIN_PRIMARY,CSI_A500,000510,6156.58,6256.38,6155.24,6247.01,1.04,41676928700.0,13557.83,500.0,17.15,csindex:index_perf,000510,OFFICIAL_HISTORICAL_VALUATION_AVAILABLE,True,2026-06-24,OFFICIAL_DAILY_OBSERVATION_DATE_NO_INTRADAY_TIMESTAMP_CLAIM
2026-06-25,CORE_BETA,CORE_BETA_A500,DOMAIN_PRIMARY,CSI_A500,000510,6257.95,6351.08,6247.85,6343.21,1.54,45414662000.0,15340.84,500.0,17.3,csindex:index_perf,000510,OFFICIAL_HISTORICAL_VALUATION_AVAILABLE,True,2026-06-25,OFFICIAL_DAILY_OBSERVATION_DATE_NO_INTRADAY_TIMESTAMP_CLAIM
2026-06-26,CORE_BETA,CORE_BETA_A500,DOMAIN_PRIMARY,CSI_A500,000510,6296.72,6296.92,6115.33,6147.45,-3.09,46003434000.0,15142.39,500.0,16.83,csindex:index_perf,000510,OFFICIAL_HISTORICAL_VALUATION_AVAILABLE,True,2026-06-26,OFFICIAL_DAILY_OBSERVATION_DATE_NO_INTRADAY_TIMESTAMP_CLAIM
2026-06-29,CORE_BETA,CORE_BETA_A500,DOMAIN_PRIMARY,CSI_A500,000510,6147.92,6224.94,6090.69,6222.36,1.22,44226646800.0,14886.81,500.0,17.0,csindex:index_perf,000510,OFFICIAL_HISTORICAL_VALUATION_AVAILABLE,True,2026-06-29,OFFICIAL_DAILY_OBSERVATION_DATE_NO_INTRADAY_TIMESTAMP_CLAIM
2026-06-30,CORE_BETA,CORE_BETA_A500,DOMAIN_PRIMARY,CSI_A500,000510,6209.73,6324.44,6202.6,6314.99,1.49,41323374200.0,13884.19,500.0,17.14,csindex:index_perf,000510,OFFICIAL_HISTORICAL_VALUATION_AVAILABLE,True,2026-06-30,OFFICIAL_DAILY_OBSERVATION_DATE_NO_INTRADAY_TIMESTAMP_CLAIM
2026-07-01,CORE_BETA,CORE_BETA_A500,DOMAIN_PRIMARY,CSI_A500,000510,6310.21,6354.22,6232.17,6277.78,-0.59,45234995100.0,15182.48,500.0,17.1,csindex:index_perf,000510,OFFICIAL_HISTORICAL_VALUATION_AVAILABLE,True,2026-07-01,OFFICIAL_DAILY_OBSERVATION_DATE_NO_INTRADAY_TIMESTAMP_CLAIM
2026-07-02,CORE_BETA,CORE_BETA_A500,DOMAIN_PRIMARY,CSI_A500,000510,6147.43,6204.36,6060.14,6076.25,-3.21,46213078000.0,14537.94,500.0,16.69,csindex:index_perf,000510,OFFICIAL_HISTORICAL_VALUATION_AVAILABLE,True,2026-07-02,OFFICIAL_DAILY_OBSERVATION_DATE_NO_INTRADAY_TIMESTAMP_CLAIM
2026-07-03,CORE_BETA,CORE_BETA_A500,DOMAIN_PRIMARY,CSI_A500,000510,6076.51,6191.02,6068.15,6117.37,0.68,41238093000.0,13325.94,500.0,16.82,csindex:index_perf,000510,OFFICIAL_HISTORICAL_VALUATION_AVAILABLE,True,2026-07-03,OFFICIAL_DAILY_OBSERVATION_DATE_NO_INTRADAY_TIMESTAMP_CLAIM
2026-07-06,CORE_BETA,CORE_BETA_A500,DOMAIN_PRIMARY,CSI_A500,000510,6151.47,6171.45,6037.34,6097.12,-0.33,40004453500.0,12906.7,500.0,16.84,csindex:index_perf,000510,OFFICIAL_HISTORICAL_VALUATION_AVAILABLE,True,2026-07-06,OFFICIAL_DAILY_OBSERVATION_DATE_NO_INTRADAY_TIMESTAMP_CLAIM
2026-07-07,CORE_BETA,CORE_BETA_A500,DOMAIN_PRIMARY,CSI_A500,000510,6061.02,6101.06,5978.35,6023.6,-1.21,35018996100.0,10850.95,500.0,16.67,csindex:index_perf,000510,OFFICIAL_HISTORICAL_VALUATION_AVAILABLE,True,2026-07-07,OFFICIAL_DAILY_OBSERVATION_DATE_NO_INTRADAY_TIMESTAMP_CLAIM
2026-07-08,CORE_BETA,CORE_BETA_A500,DOMAIN_PRIMARY,CSI_A500,000510,6038.88,6063.72,5942.87,5952.43,-1.18,34884850600.0,10998.92,500.0,16.54,csindex:index_perf,000510,OFFICIAL_HISTORICAL_VALUATION_AVAILABLE,True,2026-07-08,OFFICIAL_DAILY_OBSERVATION_DATE_NO_INTRADAY_TIMESTAMP_CLAIM
2026-07-09,CORE_BETA,CORE_BETA_A500,DOMAIN_PRIMARY,CSI_A500,000510,5980.78,6128.15,5914.31,6120.87,2.83,39190113500.0,13026.65,500.0,16.85,csindex:index_perf,000510,OFFICIAL_HISTORICAL_VALUATION_AVAILABLE,True,2026-07-09,OFFICIAL_DAILY_OBSERVATION_DATE_NO_INTRADAY_TIMESTAMP_CLAIM
2026-07-10,CORE_BETA,CORE_BETA_A500,DOMAIN_PRIMARY,CSI_A500,000510,6139.9,6177.95,6005.87,6005.87,-1.88,44023366500.0,15177.73,500.0,16.63,csindex:index_perf,000510,OFFICIAL_HISTORICAL_VALUATION_AVAILABLE,True,2026-07-10,OFFICIAL_DAILY_OBSERVATION_DATE_NO_INTRADAY_TIMESTAMP_CLAIM
2026-07-13,CORE_BETA,CORE_BETA_A500,DOMAIN_PRIMARY,CSI_A500,000510,5953.72,5988.43,5821.45,5851.82,-2.56,39367008800.0,12560.61,500.0,16.36,csindex:index_perf,000510,OFFICIAL_HISTORICAL_VALUATION_AVAILABLE,True,2026-07-13,OFFICIAL_DAILY_OBSERVATION_DATE_NO_INTRADAY_TIMESTAMP_CLAIM
2026-07-14,CORE_BETA,CORE_BETA_A500,DOMAIN_PRIMARY,CSI_A500,000510,5845.97,5984.37,5776.77,5984.37,2.27,38898494100.0,12660.47,500.0,16.67,csindex:index_perf,000510,OFFICIAL_HISTORICAL_VALUATION_AVAILABLE,True,2026-07-14,OFFICIAL_DAILY_OBSERVATION_DATE_NO_INTRADAY_TIMESTAMP_CLAIM
2026-07-15,CORE_BETA,CORE_BETA_A500,DOMAIN_PRIMARY,CSI_A500,000510,5991.99,6015.66,5933.8,5943.88,-0.68,37349143600.0,11822.71,500.0,16.63,csindex:index_perf,000510,OFFICIAL_HISTORICAL_VALUATION_AVAILABLE,True,2026-07-15,OFFICIAL_DAILY_OBSERVATION_DATE_NO_INTRADAY_TIMESTAMP_CLAIM
2026-07-16,CORE_BETA,CORE_BETA_A500,DOMAIN_PRIMARY,CSI_A500,000510,5843.29,5932.07,5792.87,5825.99,-1.98,34437413500.0,10907.92,500.0,16.36,csindex:index_perf,000510,OFFICIAL_HISTORICAL_VALUATION_AVAILABLE,True,2026-07-16,OFFICIAL_DAILY_OBSERVATION_DATE_NO_INTRADAY_TIMESTAMP_CLAIM
2026-07-17,CORE_BETA,CORE_BETA_A500,DOMAIN_PRIMARY,CSI_A500,000510,5777.74,5781.31,5532.12,5577.7,-4.26,40495538400.0,12213.79,500.0,15.89,csindex:index_perf,000510,OFFICIAL_HISTORICAL_VALUATION_AVAILABLE,True,2026-07-17,OFFICIAL_DAILY_OBSERVATION_DATE_NO_INTRADAY_TIMESTAMP_CLAIM
2026-07-20,CORE_BETA,CORE_BETA_A500,DOMAIN_PRIMARY,CSI_A500,000510,5640.16,5689.29,5517.74,5622.82,0.81,43173580900.0,12278.64,500.0,16.13,csindex:index_perf,000510,OFFICIAL_HISTORICAL_VALUATION_AVAILABLE,True,2026-07-20,OFFICIAL_DAILY_OBSERVATION_DATE_NO_INTRADAY_TIMESTAMP_CLAIM
2026-07-21,CORE_BETA,CORE_BETA_A500,DOMAIN_PRIMARY,CSI_A500,000510,5662.6,5840.07,5561.53,5839.91,3.86,45783622600.0,13573.51,500.0,16.5,csindex:index_perf,000510,OFFICIAL_HISTORICAL_VALUATION_AVAILABLE,True,2026-07-21,OFFICIAL_DAILY_OBSERVATION_DATE_NO_INTRADAY_TIMESTAMP_CLAIM
2026-07-22,CORE_BETA,CORE_BETA_A500,DOMAIN_PRIMARY,CSI_A500,000510,5803.26,5889.7,5772.12,5803.77,-0.62,38907146900.0,12529.54,500.0,16.47,csindex:index_perf,000510,OFFICIAL_HISTORICAL_VALUATION_AVAILABLE,True,2026-07-22,OFFICIAL_DAILY_OBSERVATION_DATE_NO_INTRADAY_TIMESTAMP_CLAIM
2026-07-23,CORE_BETA,CORE_BETA_A500,DOMAIN_PRIMARY,CSI_A500,000510,5824.26,5833.7,5772.92,5814.56,0.19,33470105300.0,9961.61,500.0,16.52,csindex:index_perf,000510,OFFICIAL_HISTORICAL_VALUATION_AVAILABLE,True,2026-07-23,OFFICIAL_DAILY_OBSERVATION_DATE_NO_INTRADAY_TIMESTAMP_CLAIM
2026-07-24,CORE_BETA,CORE_BETA_A500,DOMAIN_PRIMARY,CSI_A500,000510,5751.54,5787.07,5698.09,5703.87,-1.9,30308512600.0,8537.0,500.0,16.28,csindex:index_perf,000510,OFFICIAL_HISTORICAL_VALUATION_AVAILABLE,True,2026-07-24,OFFICIAL_DAILY_OBSERVATION_DATE_NO_INTRADAY_TIMESTAMP_CLAIM
2026-07-27,CORE_BETA,CORE_BETA_A500,DOMAIN_PRIMARY,CSI_A500,000510,5710.49,5790.92,5659.57,5790.92,1.53,28245151600.0,8357.8,500.0,16.47,csindex:index_perf,000510,OFFICIAL_HISTORICAL_VALUATION_AVAILABLE,True,2026-07-27,OFFICIAL_DAILY_OBSERVATION_DATE_NO_INTRADAY_TIMESTAMP_CLAIM
2026-07-28,CORE_BETA,CORE_BETA_A500,DOMAIN_PRIMARY,CSI_A500,000510,5685.8,5719.62,5583.43,5606.08,-3.19,28960181900.0,8746.16,500.0,16.17,csindex:index_perf,000510,OFFICIAL_HISTORICAL_VALUATION_AVAILABLE,True,2026-07-28,OFFICIAL_DAILY_OBSERVATION_DATE_NO_INTRADAY_TIMESTAMP_CLAIM
2026-07-29,CORE_BETA,CORE_BETA_A500,DOMAIN_PRIMARY,CSI_A500,000510,5619.27,5682.65,5526.46,5647.03,0.73,34838477600.0,10097.71,500.0,16.23,csindex:index_perf,000510,OFFICIAL_HISTORICAL_VALUATION_AVAILABLE,True,2026-07-29,OFFICIAL_DAILY_OBSERVATION_DATE_NO_INTRADAY_TIMESTAMP_CLAIM
2026-07-30,CORE_BETA,CORE_BETA_A500,DOMAIN_PRIMARY,CSI_A500,000510,5605.01,5643.27,5471.57,5557.94,-1.58,36945125600.0,10569.01,500.0,16.14,csindex:index_perf,000510,OFFICIAL_HISTORICAL_VALUATION_AVAILABLE,True,2026-07-30,OFFICIAL_DAILY_OBSERVATION_DATE_NO_INTRADAY_TIMESTAMP_CLAIM
2026-07-31,CORE_BETA,CORE_BETA_A500,DOMAIN_PRIMARY,CSI_A500,000510,5675.57,5707.98,5629.73,5629.73,1.29,38274754800.0,11232.81,500.0,16.23,csindex:index_perf,000510,OFFICIAL_HISTORICAL_VALUATION_AVAILABLE,True,2026-07-31,OFFICIAL_DAILY_OBSERVATION_DATE_NO_INTRADAY_TIMESTAMP_CLAIM
2026-08-03,CORE_BETA,CORE_BETA_A500,DOMAIN_PRIMARY,CSI_A500,000510,5598.87,5612.78,5553.82,5571.45,-1.04,32637321900.0,8475.13,500.0,16.08,csindex:index_perf,000510,OFFICIAL_HISTORICAL_VALUATION_AVAILABLE,True,2026-08-03,OFFICIAL_DAILY_OBSERVATION_DATE_NO_INTRADAY_TIMESTAMP_CLAIM
2026-08-04,CORE_BETA,CORE_BETA_A500,DOMAIN_PRIMARY,CSI_A500,000510,5606.68,5687.97,5591.99,5669.91,1.77,34655031800.0,9549.63,500.0,16.17,csindex:index_perf,000510,OFFICIAL_HISTORICAL_VALUATION_AVAILABLE,True,2026-08-04,OFFICIAL_DAILY_OBSERVATION_DATE_NO_INTRADAY_TIMESTAMP_CLAIM
2026-08-05,CORE_BETA,CORE_BETA_A500,DOMAIN_PRIMARY,CSI_A500,000510,5609.44,5791.84,5609.44,5763.71,1.65,39524177600.0,11892.43,500.0,16.34,csindex:index_perf,000510,OFFICIAL_HISTORICAL_VALUATION_AVAILABLE,True,2026-08-05,OFFICIAL_DAILY_OBSERVATION_DATE_NO_INTRADAY_TIMESTAMP_CLAIM
2026-08-06,CORE_BETA,CORE_BETA_A500,DOMAIN_PRIMARY,CSI_A500,000510,5715.05,5789.9,5699.51,5753.21,-0.18,36482583200.0,10376.98,500.0,16.34,csindex:index_perf,000510,OFFICIAL_HISTORICAL_VALUATION_AVAILABLE,True,2026-08-06,OFFICIAL_DAILY_OBSERVATION_DATE_NO_INTRADAY_TIMESTAMP_CLAIM
2026-08-07,CORE_BETA,CORE_BETA_A500,DOMAIN_PRIMARY,CSI_A500,000510,5761.18,5845.93,5744.96,5831.36,1.36,35103613100.0,11122.37,500.0,16.51,csindex:index_perf,000510,OFFICIAL_HISTORICAL_VALUATION_AVAILABLE,True,2026-08-07,OFFICIAL_DAILY_OBSERVATION_DATE_NO_INTRADAY_TIMESTAMP_CLAIM
2026-08-10,CORE_BETA,CORE_BETA_A500,DOMAIN_PRIMARY,CSI_A500,000510,5840.63,5853.3,5776.13,5841.1,0.17,31662174800.0,10287.0,500.0,16.56,csindex:index_perf,000510,OFFICIAL_HISTORICAL_VALUATION_AVAILABLE,True,2026-08-10,OFFICIAL_DAILY_OBSERVATION_DATE_NO_INTRADAY_TIMESTAMP_CLAIM
2026-08-11,CORE_BETA,CORE_BETA_A500,DOMAIN_PRIMARY,CSI_A500,000510,5819.93,5864.43,5786.98,5792.47,-0.83,30713145000.0,9169.31,500.0,16.45,csindex:index_perf,000510,OFFICIAL_HISTORICAL_VALUATION_AVAILABLE,True,2026-08-11,OFFICIAL_DAILY_OBSERVATION_DATE_NO_INTRADAY_TIMESTAMP_CLAIM
2026-08-12,CORE_BETA,CORE_BETA_A500,DOMAIN_PRIMARY,CSI_A500,000510,5791.93,5849.83,5786.83,5835.38,0.74,27958960600.0,8253.88,500.0,16.5,csindex:index_perf,000510,OFFICIAL_HISTORICAL_VALUATION_AVAILABLE,True,2026-08-12,OFFICIAL_DAILY_OBSERVATION_DATE_NO_INTRADAY_TIMESTAMP_CLAIM
2026-08-13,CORE_BETA,CORE_BETA_A500,DOMAIN_PRIMARY,CSI_A500,000510,5869.57,5886.49,5788.21,5789.89,-0.78,32837649300.0,9852.53,500.0,16.41,csindex:index_perf,000510,OFFICIAL_HISTORICAL_VALUATION_AVAILABLE,True,2026-08-13,OFFICIAL_DAILY_OBSERVATION_DATE_NO_INTRADAY_TIMESTAMP_CLAIM
2026-08-14,CORE_BETA,CORE_BETA_A500,DOMAIN_PRIMARY,CSI_A500,000510,5802.46,5812.34,5752.84,5801.17,0.19,27117832700.0,8023.16,500.0,16.41,csindex:index_perf,000510,OFFICIAL_HISTORICAL_VALUATION_AVAILABLE,True,2026-08-14,OFFICIAL_DAILY_OBSERVATION_DATE_NO_INTRADAY_TIMESTAMP_CLAIM
2026-08-17,CORE_BETA,CORE_BETA_A500,DOMAIN_PRIMARY,CSI_A500,000510,5811.69,5912.38,5799.64,5911.44,1.9,28051021800.0,9286.29,500.0,16.64,csindex:index_perf,000510,OFFICIAL_HISTORICAL_VALUATION_AVAILABLE,True,2026-08-17,OFFICIAL_DAILY_OBSERVATION_DATE_NO_INTRADAY_TIMESTAMP_CLAIM
2026-08-18,CORE_BETA,CORE_BETA_A500,DOMAIN_PRIMARY,CSI_A500,000510,5904.07,5918.75,5835.75,5892.61,-0.32,29303605800.0,8893.48,500.0,16.65,csindex:index_perf,000510,OFFICIAL_HISTORICAL_VALUATION_AVAILABLE,True,2026-08-18,OFFICIAL_DAILY_OBSERVATION_DATE_NO_INTRADAY_TIMESTAMP_CLAIM
2026-08-19,CORE_BETA,CORE_BETA_A500,DOMAIN_PRIMARY,CSI_A500,000510,5797.35,5814.7,5657.21,5681.74,-3.58,33219567800.0,9776.14,500.0,16.26,csindex:index_perf,000510,OFFICIAL_HISTORICAL_VALUATION_AVAILABLE,True,2026-08-19,OFFICIAL_DAILY_OBSERVATION_DATE_NO_INTRADAY_TIMESTAMP_CLAIM
2026-08-20,CORE_BETA,CORE_BETA_A500,DOMAIN_PRIMARY,CSI_A500,000510,5724.56,5746.82,5661.25,5694.08,0.22,27708868800.0,7850.4,500.0,16.26,csindex:index_perf,000510,OFFICIAL_HISTORICAL_VALUATION_AVAILABLE,True,2026-08-20,OFFICIAL_DAILY_OBSERVATION_DATE_NO_INTRADAY_TIMESTAMP_CLAIM
2026-08-21,CORE_BETA,CORE_BETA_A500,DOMAIN_PRIMARY,CSI_A500,000510,5680.98,5740.61,5669.4,5725.6,0.55,24203816700.0,7161.38,500.0,16.33,csindex:index_perf,000510,OFFICIAL_HISTORICAL_VALUATION_AVAILABLE,True,2026-08-21,OFFICIAL_DAILY_OBSERVATION_DATE_NO_INTRADAY_TIMESTAMP_CLAIM
2026-08-24,CORE_BETA,CORE_BETA_A500,DOMAIN_PRIMARY,CSI_A500,000510,5729.39,5729.8,5585.31,5637.96,-1.53,27214686900.0,7948.17,500.0,16.19,csindex:index_perf,000510,OFFICIAL_HISTORICAL_VALUATION_AVAILABLE,True,2026-08-24,OFFICIAL_DAILY_OBSERVATION_DATE_NO_INTRADAY_TIMESTAMP_CLAIM
2026-08-25,CORE_BETA,CORE_BETA_A500,DOMAIN_PRIMARY,CSI_A500,000510,5607.15,5659.72,5574.14,5630.78,-0.13,23439818800.0,6680.53,500.0,16.18,csindex:index_perf,000510,OFFICIAL_HISTORICAL_VALUATION_AVAILABLE,True,2026-08-25,OFFICIAL_DAILY_OBSERVATION_DATE_NO_INTRADAY_TIMESTAMP_CLAIM
2026-08-26,CORE_BETA,CORE_BETA_A500,DOMAIN_PRIMARY,CSI_A500,000510,5631.6,5709.4,5624.53,5675.34,0.79,24880248900.0,6664.42,500.0,16.29,csindex:index_perf,000510,OFFICIAL_HISTORICAL_VALUATION_AVAILABLE,True,2026-08-26,OFFICIAL_DAILY_OBSERVATION_DATE_NO_INTRADAY_TIMESTAMP_CLAIM
2026-08-27,CORE_BETA,CORE_BETA_A500,DOMAIN_PRIMARY,CSI_A500,000510,5681.84,5742.13,5666.71,5740.88,1.15,26920350500.0,7913.93,500.0,16.41,csindex:index_perf,000510,OFFICIAL_HISTORICAL_VALUATION_AVAILABLE,True,2026-08-27,OFFICIAL_DAILY_OBSERVATION_DATE_NO_INTRADAY_TIMESTAMP_CLAIM
2026-08-28,CORE_BETA,CORE_BETA_A500,DOMAIN_PRIMARY,CSI_A500,000510,5724.84,5759.12,5709.57,5710.5,-0.53,25995170100.0,7591.97,500.0,16.37,csindex:index_perf,000510,OFFICIAL_HISTORICAL_VALUATION_AVAILABLE,True,2026-08-28,OFFICIAL_DAILY_OBSERVATION_DATE_NO_INTRADAY_TIMESTAMP_CLAIM
2026-08-31,CORE_BETA,CORE_BETA_A500,DOMAIN_PRIMARY,CSI_A500,000510,5642.36,5729.95,5631.06,5729.95,0.34,31070560600.0,7886.38,500.0,16.49,csindex:index_perf,000510,OFFICIAL_HISTORICAL_VALUATION_AVAILABLE,True,2026-08-31,OFFICIAL_DAILY_OBSERVATION_DATE_NO_INTRADAY_TIMESTAMP_CLAIM
2026-09-01,CORE_BETA,CORE_BETA_A500,DOMAIN_PRIMARY,CSI_A500,000510,5724.83,5739.45,5691.6,5699.15,-0.54,28426289700.0,7177.96,500.0,15.47,csindex:index_perf,000510,OFFICIAL_HISTORICAL_VALUATION_AVAILABLE,True,2026-09-01,OFFICIAL_DAILY_OBSERVATION_DATE_NO_INTRADAY_TIMESTAMP_CLAIM
2026-09-02,CORE_BETA,CORE_BETA_A500,DOMAIN_PRIMARY,CSI_A500,000510,5653.85,5655.91,5590.01,5613.89,-1.5,24936717100.0,6313.31,500.0,15.29,csindex:index_perf,000510,OFFICIAL_HISTORICAL_VALUATION_AVAILABLE,True,2026-09-02,OFFICIAL_DAILY_OBSERVATION_DATE_NO_INTRADAY_TIMESTAMP_CLAIM
2026-09-03,CORE_BETA,CORE_BETA_A500,DOMAIN_PRIMARY,CSI_A500,000510,5646.03,5658.11,5594.84,5623.55,0.17,23078213500.0,5841.13,500.0,15.29,csindex:index_perf,000510,OFFICIAL_HISTORICAL_VALUATION_AVAILABLE,True,2026-09-03,OFFICIAL_DAILY_OBSERVATION_DATE_NO_INTRADAY_TIMESTAMP_CLAIM
2026-09-04,CORE_BETA,CORE_BETA_A500,DOMAIN_PRIMARY,CSI_A500,000510,5655.67,5683.84,5571.57,5595.61,-0.5,26770269300.0,6952.34,500.0,15.24,csindex:index_perf,000510,OFFICIAL_HISTORICAL_VALUATION_AVAILABLE,True,2026-09-04,OFFICIAL_DAILY_OBSERVATION_DATE_NO_INTRADAY_TIMESTAMP_CLAIM
2026-09-07,CORE_BETA,CORE_BETA_A500,DOMAIN_PRIMARY,CSI_A500,000510,5620.62,5657.26,5606.2,5644.97,0.88,23539647500.0,7026.93,500.0,15.26,csindex:index_perf,000510,OFFICIAL_HISTORICAL_VALUATION_AVAILABLE,True,2026-09-07,OFFICIAL_DAILY_OBSERVATION_DATE_NO_INTRADAY_TIMESTAMP_CLAIM
2026-09-08,CORE_BETA,CORE_BETA_A500,DOMAIN_PRIMARY,CSI_A500,000510,5649.6,5669.88,5612.8,5630.04,-0.26,23743556400.0,6732.09,500.0,15.24,csindex:index_perf,000510,OFFICIAL_HISTORICAL_VALUATION_AVAILABLE,True,2026-09-08,OFFICIAL_DAILY_OBSERVATION_DATE_NO_INTRADAY_TIMESTAMP_CLAIM
2026-09-09,CORE_BETA,CORE_BETA_A500,DOMAIN_PRIMARY,CSI_A500,000510,5655.05,5656.4,5612.16,5644.65,0.26,22363165800.0,6147.37,500.0,15.29,csindex:index_perf,000510,OFFICIAL_HISTORICAL_VALUATION_AVAILABLE,True,2026-09-09,OFFICIAL_DAILY_OBSERVATION_DATE_NO_INTRADAY_TIMESTAMP_CLAIM
2026-09-10,CORE_BETA,CORE_BETA_A500,DOMAIN_PRIMARY,CSI_A500,000510,5615.32,5637.57,5593.79,5606.98,-0.67,19942941700.0,5304.31,500.0,15.24,csindex:index_perf,000510,OFFICIAL_HISTORICAL_VALUATION_AVAILABLE,True,2026-09-10,OFFICIAL_DAILY_OBSERVATION_DATE_NO_INTRADAY_TIMESTAMP_CLAIM
2026-09-11,CORE_BETA,CORE_BETA_A500,DOMAIN_PRIMARY,CSI_A500,000510,5556.88,5561.54,5475.63,5547.27,-1.06,27339094100.0,7035.73,500.0,15.1,csindex:index_perf,000510,OFFICIAL_HISTORICAL_VALUATION_AVAILABLE,True,2026-09-11,OFFICIAL_DAILY_OBSERVATION_DATE_NO_INTRADAY_TIMESTAMP_CLAIM
2026-09-14,CORE_BETA,CORE_BETA_A500,DOMAIN_PRIMARY,CSI_A500,000510,5499.76,5548.0,5493.34,5515.85,-0.57,19485613200.0,5313.56,500.0,15.04,csindex:index_perf,000510,OFFICIAL_HISTORICAL_VALUATION_AVAILABLE,True,2026-09-14,OFFICIAL_DAILY_OBSERVATION_DATE_NO_INTRADAY_TIMESTAMP_CLAIM
2026-09-15,CORE_BETA,CORE_BETA_A500,DOMAIN_PRIMARY,CSI_A500,000510,5506.76,5547.26,5478.19,5485.45,-0.55,18741661500.0,5309.08,500.0,14.97,csindex:index_perf,000510,OFFICIAL_HISTORICAL_VALUATION_AVAILABLE,True,2026-09-15,OFFICIAL_DAILY_OBSERVATION_DATE_NO_INTRADAY_TIMESTAMP_CLAIM
2026-09-16,CORE_BETA,CORE_BETA_A500,DOMAIN_PRIMARY,CSI_A500,000510,5485.65,5543.26,5447.57,5537.96,0.96,21868976400.0,6464.28,500.0,15.04,csindex:index_perf,000510,OFFICIAL_HISTORICAL_VALUATION_AVAILABLE,True,2026-09-16,OFFICIAL_DAILY_OBSERVATION_DATE_NO_INTRADAY_TIMESTAMP_CLAIM
2026-09-17,CORE_BETA,CORE_BETA_A500,DOMAIN_PRIMARY,CSI_A500,000510,5516.79,5565.6,5503.63,5515.99,-0.4,22470518900.0,6213.15,500.0,14.98,csindex:index_perf,000510,OFFICIAL_HISTORICAL_VALUATION_AVAILABLE,True,2026-09-17,OFFICIAL_DAILY_OBSERVATION_DATE_NO_INTRADAY_TIMESTAMP_CLAIM
2026-09-18,CORE_BETA,CORE_BETA_A500,DOMAIN_PRIMARY,CSI_A500,000510,5564.15,5603.5,5544.33,5586.09,1.27,25137527300.0,7411.91,500.0,15.09,csindex:index_perf,000510,OFFICIAL_HISTORICAL_VALUATION_AVAILABLE,True,2026-09-18,OFFICIAL_DAILY_OBSERVATION_DATE_NO_INTRADAY_TIMESTAMP_CLAIM
2026-09-21,CORE_BETA,CORE_BETA_A500,DOMAIN_PRIMARY,CSI_A500,000510,5609.83,5632.41,5593.56,5626.57,0.72,25371276100.0,6917.34,500.0,15.2,csindex:index_perf,000510,OFFICIAL_HISTORICAL_VALUATION_AVAILABLE,True,2026-09-21,OFFICIAL_DAILY_OBSERVATION_DATE_NO_INTRADAY_TIMESTAMP_CLAIM
2026-09-22,CORE_BETA,CORE_BETA_A500,DOMAIN_PRIMARY,CSI_A500,000510,5670.76,5686.72,5619.59,5630.46,0.07,25542606400.0,7395.22,500.0,15.21,csindex:index_perf,000510,OFFICIAL_HISTORICAL_VALUATION_AVAILABLE,True,2026-09-22,OFFICIAL_DAILY_OBSERVATION_DATE_NO_INTRADAY_TIMESTAMP_CLAIM
2026-09-23,CORE_BETA,CORE_BETA_A500,DOMAIN_PRIMARY,CSI_A500,000510,5636.19,5636.62,5591.22,5596.18,-0.61,22128003900.0,5372.15,500.0,15.12,csindex:index_perf,000510,OFFICIAL_HISTORICAL_VALUATION_AVAILABLE,True,2026-09-23,OFFICIAL_DAILY_OBSERVATION_DATE_NO_INTRADAY_TIMESTAMP_CLAIM
2026-09-24,CORE_BETA,CORE_BETA_A500,DOMAIN_PRIMARY,CSI_A500,000510,5573.28,5573.9,5486.01,5486.01,-1.97,20872577400.0,5222.39,500.0,14.91,csindex:index_perf,000510,OFFICIAL_HISTORICAL_VALUATION_AVAILABLE,True,2026-09-24,OFFICIAL_DAILY_OBSERVATION_DATE_NO_INTRADAY_TIMESTAMP_CLAIM
2026-09-28,CORE_BETA,CORE_BETA_A500,DOMAIN_PRIMARY,CSI_A500,000510,5463.88,5464.56,5326.1,5348.5,-2.51,22541792500.0,5802.78,500.0,14.65,csindex:index_perf,000510,OFFICIAL_HISTORICAL_VALUATION_AVAILABLE,True,2026-09-28,OFFICIAL_DAILY_OBSERVATION_DATE_NO_INTRADAY_TIMESTAMP_CLAIM
2026-09-29,CORE_BETA,CORE_BETA_A500,DOMAIN_PRIMARY,CSI_A500,000510,5340.17,5378.69,5330.71,5360.18,0.22,20064099600.0,4727.62,500.0,14.67,csindex:index_perf,000510,OFFICIAL_HISTORICAL_VALUATION_AVAILABLE,True,2026-09-29,OFFICIAL_DAILY_OBSERVATION_DATE_NO_INTRADAY_TIMESTAMP_CLAIM
2024-01-01,DEFENSE,DEFENSE_399973,DOMAIN_PRIMARY,CSI_DEFENSE,399973,1437.84,1467.33,1433.93,1444.36,0.55,553008207.0,126.84,47.0,36.59,csindex:index_perf,399973,OFFICIAL_HISTORICAL_VALUATION_AVAILABLE,True,2024-01-01,OFFICIAL_DAILY_OBSERVATION_DATE_NO_INTRADAY_TIMESTAMP_CLAIM
2024-01-02,DEFENSE,DEFENSE_399973,DOMAIN_PRIMARY,CSI_DEFENSE,399973,1437.84,1467.33,1433.93,1444.36,0.55,553008207.0,126.84,47.0,36.59,csindex:index_perf,399973,OFFICIAL_HISTORICAL_VALUATION_AVAILABLE,True,2024-01-02,OFFICIAL_DAILY_OBSERVATION_DATE_NO_INTRADAY_TIMESTAMP_CLAIM
2024-01-03,DEFENSE,DEFENSE_399973,DOMAIN_PRIMARY,CSI_DEFENSE,399973,1440.57,1440.57,1412.06,1422.29,-1.53,387810415.0,88.73,47.0,36.12,csindex:index_perf,399973,OFFICIAL_HISTORICAL_VALUATION_AVAILABLE,True,2024-01-03,OFFICIAL_DAILY_OBSERVATION_DATE_NO_INTRADAY_TIMESTAMP_CLAIM
2024-01-04,DEFENSE,DEFENSE_399973,DOMAIN_PRIMARY,CSI_DEFENSE,399973,1420.63,1425.19,1396.27,1403.78,-1.3,337789935.0,77.79,47.0,35.67,csindex:index_perf,399973,OFFICIAL_HISTORICAL_VALUATION_AVAILABLE,True,2024-01-04,OFFICIAL_DAILY_OBSERVATION_DATE_NO_INTRADAY_TIMESTAMP_CLAIM
2024-01-05,DEFENSE,DEFENSE_399973,DOMAIN_PRIMARY,CSI_DEFENSE,399973,1400.92,1401.1,1344.19,1352.69,-3.64,518695271.0,111.28,47.0,34.44,csindex:index_perf,399973,OFFICIAL_HISTORICAL_VALUATION_AVAILABLE,True,2024-01-05,OFFICIAL_DAILY_OBSERVATION_DATE_NO_INTRADAY_TIMESTAMP_CLAIM
2024-01-08,DEFENSE,DEFENSE_399973,DOMAIN_PRIMARY,CSI_DEFENSE,399973,1348.35,1349.28,1307.97,1307.97,-3.31,432877614.0,90.7,47.0,33.34,csindex:index_perf,399973,OFFICIAL_HISTORICAL_VALUATION_AVAILABLE,True,2024-01-08,OFFICIAL_DAILY_OBSERVATION_DATE_NO_INTRADAY_TIMESTAMP_CLAIM
2024-01-09,DEFENSE,DEFENSE_399973,DOMAIN_PRIMARY,CSI_DEFENSE,399973,1309.31,1315.44,1291.15,1299.19,-0.67,372449741.0,84.48,47.0,33.08,csindex:index_perf,399973,OFFICIAL_HISTORICAL_VALUATION_AVAILABLE,True,2024-01-09,OFFICIAL_DAILY_OBSERVATION_DATE_NO_INTRADAY_TIMESTAMP_CLAIM
2024-01-10,DEFENSE,DEFENSE_399973,DOMAIN_PRIMARY,CSI_DEFENSE,399973,1295.03,1306.77,1274.97,1284.23,-1.15,309211094.0,67.94,47.0,32.69,csindex:index_perf,399973,OFFICIAL_HISTORICAL_VALUATION_AVAILABLE,True,2024-01-10,OFFICIAL_DAILY_OBSERVATION_DATE_NO_INTRADAY_TIMESTAMP_CLAIM
2024-01-11,DEFENSE,DEFENSE_399973,DOMAIN_PRIMARY,CSI_DEFENSE,399973,1283.73,1307.64,1283.6,1303.8,1.52,347758160.0,77.31,47.0,33.19,csindex:index_perf,399973,OFFICIAL_HISTORICAL_VALUATION_AVAILABLE,True,2024-01-11,OFFICIAL_DAILY_OBSERVATION_DATE_NO_INTRADAY_TIMESTAMP_CLAIM
2024-01-12,DEFENSE,DEFENSE_399973,DOMAIN_PRIMARY,CSI_DEFENSE,399973,1302.42,1305.76,1288.63,1294.07,-0.75,328555407.0,74.92,47.0,32.96,csindex:index_perf,399973,OFFICIAL_HISTORICAL_VALUATION_AVAILABLE,True,2024-01-12,OFFICIAL_DAILY_OBSERVATION_DATE_NO_INTRADAY_TIMESTAMP_CLAIM
2024-01-15,DEFENSE,DEFENSE_399973,DOMAIN_PRIMARY,CSI_DEFENSE,399973,1288.5,1288.5,1256.09,1258.7,-2.73,454954100.0,95.1,47.0,32.08,csindex:index_perf,399973,OFFICIAL_HISTORICAL_VALUATION_AVAILABLE,True,2024-01-15,OFFICIAL_DAILY_OBSERVATION_DATE_NO_INTRADAY_TIMESTAMP_CLAIM
2024-01-16,DEFENSE,DEFENSE_399973,DOMAIN_PRIMARY,CSI_DEFENSE,399973,1255.88,1259.88,1228.24,1246.2,-0.99,477627897.0,88.8,47.0,31.81,csindex:index_perf,399973,OFFICIAL_HISTORICAL_VALUATION_AVAILABLE,True,2024-01-16,OFFICIAL_DAILY_OBSERVATION_DATE_NO_INTRADAY_TIMESTAMP_CLAIM
2024-01-17,DEFENSE,DEFENSE_399973,DOMAIN_PRIMARY,CSI_DEFENSE,399973,1243.79,1245.07,1203.59,1203.59,-3.42,430695368.0,81.75,47.0,30.74,csindex:index_perf,399973,OFFICIAL_HISTORICAL_VALUATION_AVAILABLE,True,2024-01-17,OFFICIAL_DAILY_OBSERVATION_DATE_NO_INTRADAY_TIMESTAMP_CLAIM
2024-01-18,DEFENSE,DEFENSE_399973,DOMAIN_PRIMARY,CSI_DEFENSE,399973,1195.68,1214.48,1170.16,1213.93,0.86,559042239.0,106.46,47.0,31.05,csindex:index_perf,399973,OFFICIAL_HISTORICAL_VALUATION_AVAILABLE,True,2024-01-18,OFFICIAL_DAILY_OBSERVATION_DATE_NO_INTRADAY_TIMESTAMP_CLAIM
2024-01-19,DEFENSE,DEFENSE_399973,DOMAIN_PRIMARY,CSI_DEFENSE,399973,1208.32,1213.38,1193.69,1195.99,-1.48,329103063.0,66.15,47.0,30.61,csindex:index_perf,399973,OFFICIAL_HISTORICAL_VALUATION_AVAILABLE,True,2024-01-19,OFFICIAL_DAILY_OBSERVATION_DATE_NO_INTRADAY_TIMESTAMP_CLAIM
2024-01-22,DEFENSE,DEFENSE_399973,DOMAIN_PRIMARY,CSI_DEFENSE,399973,1192.75,1195.15,1136.57,1143.8,-4.36,506442999.0,93.52,47.0,29.31,csindex:index_perf,399973,OFFICIAL_HISTORICAL_VALUATION_AVAILABLE,True,2024-01-22,OFFICIAL_DAILY_OBSERVATION_DATE_NO_INTRADAY_TIMESTAMP_CLAIM
2024-01-23,DEFENSE,DEFENSE_399973,DOMAIN_PRIMARY,CSI_DEFENSE,399973,1141.36,1163.76,1132.81,1159.16,1.34,405397197.0,78.31,47.0,29.7,csindex:index_perf,399973,OFFICIAL_HISTORICAL_VALUATION_AVAILABLE,True,2024-01-23,OFFICIAL_DAILY_OBSERVATION_DATE_NO_INTRADAY_TIMESTAMP_CLAIM
2024-01-24,DEFENSE,DEFENSE_399973,DOMAIN_PRIMARY,CSI_DEFENSE,399973,1164.01,1170.89,1127.75,1169.28,0.87,438739845.0,80.55,47.0,29.95,csindex:index_perf,399973,OFFICIAL_HISTORICAL_VALUATION_AVAILABLE,True,2024-01-24,OFFICIAL_DAILY_OBSERVATION_DATE_NO_INTRADAY_TIMESTAMP_CLAIM
2024-01-25,DEFENSE,DEFENSE_399973,DOMAIN_PRIMARY,CSI_DEFENSE,399973,1168.68,1217.38,1161.93,1215.64,3.96,550930985.0,108.24,47.0,31.15,csindex:index_perf,399973,OFFICIAL_HISTORICAL_VALUATION_AVAILABLE,True,2024-01-25,OFFICIAL_DAILY_OBSERVATION_DATE_NO_INTRADAY_TIMESTAMP_CLAIM
2024-01-26,DEFENSE,DEFENSE_399973,DOMAIN_PRIMARY,CSI_DEFENSE,399973,1213.64,1218.76,1195.2,1199.93,-1.29,403710724.0,77.62,47.0,30.75,csindex:index_perf,399973,OFFICIAL_HISTORICAL_VALUATION_AVAILABLE,True,2024-01-26,OFFICIAL_DAILY_OBSERVATION_DATE_NO_INTRADAY_TIMESTAMP_CLAIM
2024-01-29,DEFENSE,DEFENSE_399973,DOMAIN_PRIMARY,CSI_DEFENSE,399973,1203.76,1209.43,1172.62,1172.62,-2.28,374402749.0,71.09,47.0,30.08,csindex:index_perf,399973,OFFICIAL_HISTORICAL_VALUATION_AVAILABLE,True,2024-01-29,OFFICIAL_DAILY_OBSERVATION_DATE_NO_INTRADAY_TIMESTAMP_CLAIM
2024-01-30,DEFENSE,DEFENSE_399973,DOMAIN_PRIMARY,CSI_DEFENSE,399973,1165.13,1179.91,1149.03,1150.16,-1.92,356513912.0,67.33,47.0,29.54,csindex:index_perf,399973,OFFICIAL_HISTORICAL_VALUATION_AVAILABLE,True,2024-01-30,OFFICIAL_DAILY_OBSERVATION_DATE_NO_INTRADAY_TIMESTAMP_CLAIM
2024-01-31,DEFENSE,DEFENSE_399973,DOMAIN_PRIMARY,CSI_DEFENSE,399973,1142.13,1144.08,1098.28,1100.3,-4.34,527898539.0,88.03,47.0,28.27,csindex:index_perf,399973,OFFICIAL_HISTORICAL_VALUATION_AVAILABLE,True,2024-01-31,OFFICIAL_DAILY_OBSERVATION_DATE_NO_INTRADAY_TIMESTAMP_CLAIM
2024-02-01,DEFENSE,DEFENSE_399973,DOMAIN_PRIMARY,CSI_DEFENSE,399973,1093.31,1120.55,1082.81,1099.68,-0.06,465704175.0,80.56,47.0,28.25,csindex:index_perf,399973,OFFICIAL_HISTORICAL_VALUATION_AVAILABLE,True,2024-02-01,OFFICIAL_DAILY_OBSERVATION_DATE_NO_INTRADAY_TIMESTAMP_CLAIM
2024-02-02,DEFENSE,DEFENSE_399973,DOMAIN_PRIMARY,CSI_DEFENSE,399973,1100.3,1109.21,1019.79,1051.86,-4.35,611744663.0,99.85,47.0,27.02,csindex:index_perf,399973,OFFICIAL_HISTORICAL_VALUATION_AVAILABLE,True,2024-02-02,OFFICIAL_DAILY_OBSERVATION_DATE_NO_INTRADAY_TIMESTAMP_CLAIM
2024-02-05,DEFENSE,DEFENSE_399973,DOMAIN_PRIMARY,CSI_DEFENSE,399973,1042.69,1052.85,976.52,1021.54,-2.88,726587712.0,112.33,47.0,26.29,csindex:index_perf,399973,OFFICIAL_HISTORICAL_VALUATION_AVAILABLE,True,2024-02-05,OFFICIAL_DAILY_OBSERVATION_DATE_NO_INTRADAY_TIMESTAMP_CLAIM
2024-02-06,DEFENSE,DEFENSE_399973,DOMAIN_PRIMARY,CSI_DEFENSE,399973,1012.96,1105.08,1007.19,1101.46,7.82,726409135.0,118.04,47.0,28.29,csindex:index_perf,399973,OFFICIAL_HISTORICAL_VALUATION_AVAILABLE,True,2024-02-06,OFFICIAL_DAILY_OBSERVATION_DATE_NO_INTRADAY_TIMESTAMP_CLAIM
2024-02-07,DEFENSE,DEFENSE_399973,DOMAIN_PRIMARY,CSI_DEFENSE,399973,1103.77,1160.97,1103.77,1157.14,5.06,889097502.0,154.29,47.0,29.69,csindex:index_perf,399973,OFFICIAL_HISTORICAL_VALUATION_AVAILABLE,True,2024-02-07,OFFICIAL_DAILY_OBSERVATION_DATE_NO_INTRADAY_TIMESTAMP_CLAIM
2024-02-08,DEFENSE,DEFENSE_399973,DOMAIN_PRIMARY,CSI_DEFENSE,399973,1165.83,1212.6,1165.51,1188.11,2.68,823296030.0,150.97,47.0,30.49,csindex:index_perf,399973,OFFICIAL_HISTORICAL_VALUATION_AVAILABLE,True,2024-02-08,OFFICIAL_DAILY_OBSERVATION_DATE_NO_INTRADAY_TIMESTAMP_CLAIM
2024-02-19,DEFENSE,DEFENSE_399973,DOMAIN_PRIMARY,CSI_DEFENSE,399973,1201.03,1201.03,1161.32,1174.86,-1.12,669879904.0,119.73,47.0,30.18,csindex:index_perf,399973,OFFICIAL_HISTORICAL_VALUATION_AVAILABLE,True,2024-02-19,OFFICIAL_DAILY_OBSERVATION_DATE_NO_INTRADAY_TIMESTAMP_CLAIM
2024-02-20,DEFENSE,DEFENSE_399973,DOMAIN_PRIMARY,CSI_DEFENSE,399973,1168.44,1177.86,1156.99,1175.6,0.06,437551481.0,80.65,47.0,30.19,csindex:index_perf,399973,OFFICIAL_HISTORICAL_VALUATION_AVAILABLE,True,2024-02-20,OFFICIAL_DAILY_OBSERVATION_DATE_NO_INTRADAY_TIMESTAMP_CLAIM
2024-02-21,DEFENSE,DEFENSE_399973,DOMAIN_PRIMARY,CSI_DEFENSE,399973,1166.94,1207.52,1159.2,1182.53,0.59,562662183.0,102.49,47.0,30.38,csindex:index_perf,399973,OFFICIAL_HISTORICAL_VALUATION_AVAILABLE,True,2024-02-21,OFFICIAL_DAILY_OBSERVATION_DATE_NO_INTRADAY_TIMESTAMP_CLAIM
2024-02-22,DEFENSE,DEFENSE_399973,DOMAIN_PRIMARY,CSI_DEFENSE,399973,1178.42,1194.57,1177.04,1192.27,0.82,431719310.0,78.92,47.0,30.63,csindex:index_perf,399973,OFFICIAL_HISTORICAL_VALUATION_AVAILABLE,True,2024-02-22,OFFICIAL_DAILY_OBSERVATION_DATE_NO_INTRADAY_TIMESTAMP_CLAIM
2024-02-23,DEFENSE,DEFENSE_399973,DOMAIN_PRIMARY,CSI_DEFENSE,399973,1194.01,1207.14,1178.82,1205.47,1.11,539901887.0,100.07,47.0,30.97,csindex:index_perf,399973,OFFICIAL_HISTORICAL_VALUATION_AVAILABLE,True,2024-02-23,OFFICIAL_DAILY_OBSERVATION_DATE_NO_INTRADAY_TIMESTAMP_CLAIM
2024-02-26,DEFENSE,DEFENSE_399973,DOMAIN_PRIMARY,CSI_DEFENSE,399973,1204.77,1231.29,1197.74,1215.77,0.85,580586516.0,112.46,47.0,31.21,csindex:index_perf,399973,OFFICIAL_HISTORICAL_VALUATION_AVAILABLE,True,2024-02-26,OFFICIAL_DAILY_OBSERVATION_DATE_NO_INTRADAY_TIMESTAMP_CLAIM
2024-02-27,DEFENSE,DEFENSE_399973,DOMAIN_PRIMARY,CSI_DEFENSE,399973,1209.15,1248.81,1206.04,1248.81,2.72,586050573.0,122.45,47.0,32.01,csindex:index_perf,399973,OFFICIAL_HISTORICAL_VALUATION_AVAILABLE,True,2024-02-27,OFFICIAL_DAILY_OBSERVATION_DATE_NO_INTRADAY_TIMESTAMP_CLAIM
2024-02-28,DEFENSE,DEFENSE_399973,DOMAIN_PRIMARY,CSI_DEFENSE,399973,1250.32,1262.88,1200.74,1200.76,-3.85,770884872.0,158.53,47.0,30.82,csindex:index_perf,399973,OFFICIAL_HISTORICAL_VALUATION_AVAILABLE,True,2024-02-28,OFFICIAL_DAILY_OBSERVATION_DATE_NO_INTRADAY_TIMESTAMP_CLAIM
2024-02-29,DEFENSE,DEFENSE_399973,DOMAIN_PRIMARY,CSI_DEFENSE,399973,1192.97,1242.61,1192.97,1242.39,3.47,619516179.0,128.8,47.0,31.85,csindex:index_perf,399973,OFFICIAL_HISTORICAL_VALUATION_AVAILABLE,True,2024-02-29,OFFICIAL_DAILY_OBSERVATION_DATE_NO_INTRADAY_TIMESTAMP_CLAIM
2024-03-01,DEFENSE,DEFENSE_399973,DOMAIN_PRIMARY,CSI_DEFENSE,399973,1244.95,1261.27,1238.33,1260.34,1.45,547662677.0,118.39,47.0,32.29,csindex:index_perf,399973,OFFICIAL_HISTORICAL_VALUATION_AVAILABLE,True,2024-03-01,OFFICIAL_DAILY_OBSERVATION_DATE_NO_INTRADAY_TIMESTAMP_CLAIM
2024-03-04,DEFENSE,DEFENSE_399973,DOMAIN_PRIMARY,CSI_DEFENSE,399973,1259.58,1259.58,1237.84,1251.83,-0.68,496299827.0,103.38,47.0,32.08,csindex:index_perf,399973,OFFICIAL_HISTORICAL_VALUATION_AVAILABLE,True,2024-03-04,OFFICIAL_DAILY_OBSERVATION_DATE_NO_INTRADAY_TIMESTAMP_CLAIM
2024-03-05,DEFENSE,DEFENSE_399973,DOMAIN_PRIMARY,CSI_DEFENSE,399973,1246.42,1282.08,1242.75,1266.76,1.19,702715039.0,149.61,47.0,32.48,csindex:index_perf,399973,OFFICIAL_HISTORICAL_VALUATION_AVAILABLE,True,2024-03-05,OFFICIAL_DAILY_OBSERVATION_DATE_NO_INTRADAY_TIMESTAMP_CLAIM
2024-03-06,DEFENSE,DEFENSE_399973,DOMAIN_PRIMARY,CSI_DEFENSE,399973,1261.87,1271.78,1242.91,1262.88,-0.31,546131950.0,112.86,47.0,32.39,csindex:index_perf,399973,OFFICIAL_HISTORICAL_VALUATION_AVAILABLE,True,2024-03-06,OFFICIAL_DAILY_OBSERVATION_DATE_NO_INTRADAY_TIMESTAMP_CLAIM
2024-03-07,DEFENSE,DEFENSE_399973,DOMAIN_PRIMARY,CSI_DEFENSE,399973,1262.6,1265.87,1229.58,1229.58,-2.64,520365427.0,103.91,47.0,31.54,csindex:index_perf,399973,OFFICIAL_HISTORICAL_VALUATION_AVAILABLE,True,2024-03-07,OFFICIAL_DAILY_OBSERVATION_DATE_NO_INTRADAY_TIMESTAMP_CLAIM
2024-03-08,DEFENSE,DEFENSE_399973,DOMAIN_PRIMARY,CSI_DEFENSE,399973,1232.69,1249.3,1220.8,1246.57,1.38,516544116.0,99.32,47.0,31.96,csindex:index_perf,399973,OFFICIAL_HISTORICAL_VALUATION_AVAILABLE,True,2024-03-08,OFFICIAL_DAILY_OBSERVATION_DATE_NO_INTRADAY_TIMESTAMP_CLAIM
2024-03-11,DEFENSE,DEFENSE_399973,DOMAIN_PRIMARY,CSI_DEFENSE,399973,1244.88,1269.52,1243.09,1269.52,1.84,503620138.0,105.4,47.0,32.55,csindex:index_perf,399973,OFFICIAL_HISTORICAL_VALUATION_AVAILABLE,True,2024-03-11,OFFICIAL_DAILY_OBSERVATION_DATE_NO_INTRADAY_TIMESTAMP_CLAIM
2024-03-12,DEFENSE,DEFENSE_399973,DOMAIN_PRIMARY,CSI_DEFENSE,399973,1275.45,1299.71,1275.45,1293.66,1.9,827708827.0,157.8,47.0,33.2,csindex:index_perf,399973,OFFICIAL_HISTORICAL_VALUATION_AVAILABLE,True,2024-03-12,OFFICIAL_DAILY_OBSERVATION_DATE_NO_INTRADAY_TIMESTAMP_CLAIM
2024-03-13,DEFENSE,DEFENSE_399973,DOMAIN_PRIMARY,CSI_DEFENSE,399973,1296.0,1311.73,1280.66,1295.99,0.18,845462555.0,159.68,47.0,33.26,csindex:index_perf,399973,OFFICIAL_HISTORICAL_VALUATION_AVAILABLE,True,2024-03-13,OFFICIAL_DAILY_OBSERVATION_DATE_NO_INTRADAY_TIMESTAMP_CLAIM
2024-03-14,DEFENSE,DEFENSE_399973,DOMAIN_PRIMARY,CSI_DEFENSE,399973,1289.47,1294.66,1260.47,1271.67,-1.88,673935437.0,127.25,47.0,32.6,csindex:index_perf,399973,OFFICIAL_HISTORICAL_VALUATION_AVAILABLE,True,2024-03-14,OFFICIAL_DAILY_OBSERVATION_DATE_NO_INTRADAY_TIMESTAMP_CLAIM
2024-03-15,DEFENSE,DEFENSE_399973,DOMAIN_PRIMARY,CSI_DEFENSE,399973,1268.44,1279.91,1258.84,1277.93,0.49,546176757.0,103.98,47.0,32.79,csindex:index_perf,399973,OFFICIAL_HISTORICAL_VALUATION_AVAILABLE,True,2024-03-15,OFFICIAL_DAILY_OBSERVATION_DATE_NO_INTRADAY_TIMESTAMP_CLAIM
2024-03-18,DEFENSE,DEFENSE_399973,DOMAIN_PRIMARY,CSI_DEFENSE,399973,1281.22,1307.33,1281.22,1307.22,2.29,769141121.0,154.32,47.0,33.51,csindex:index_perf,399973,OFFICIAL_HISTORICAL_VALUATION_AVAILABLE,True,2024-03-18,OFFICIAL_DAILY_OBSERVATION_DATE_NO_INTRADAY_TIMESTAMP_CLAIM
2024-03-19,DEFENSE,DEFENSE_399973,DOMAIN_PRIMARY,CSI_DEFENSE,399973,1306.46,1321.2,1300.54,1306.9,-0.02,848641261.0,160.97,47.0,33.49,csindex:index_perf,399973,OFFICIAL_HISTORICAL_VALUATION_AVAILABLE,True,2024-03-19,OFFICIAL_DAILY_OBSERVATION_DATE_NO_INTRADAY_TIMESTAMP_CLAIM
2024-03-20,DEFENSE,DEFENSE_399973,DOMAIN_PRIMARY,CSI_DEFENSE,399973,1305.42,1313.11,1296.44,1305.58,-0.1,611555983.0,116.93,47.0,33.45,csindex:index_perf,399973,OFFICIAL_HISTORICAL_VALUATION_AVAILABLE,True,2024-03-20,OFFICIAL_DAILY_OBSERVATION_DATE_NO_INTRADAY_TIMESTAMP_CLAIM
2024-03-21,DEFENSE,DEFENSE_399973,DOMAIN_PRIMARY,CSI_DEFENSE,399973,1306.64,1308.89,1283.92,1300.95,-0.35,661739342.0,130.26,47.0,33.33,csindex:index_perf,399973,OFFICIAL_HISTORICAL_VALUATION_AVAILABLE,True,2024-03-21,OFFICIAL_DAILY_OBSERVATION_DATE_NO_INTRADAY_TIMESTAMP_CLAIM
2024-03-22,DEFENSE,DEFENSE_399973,DOMAIN_PRIMARY,CSI_DEFENSE,399973,1296.31,1296.69,1270.49,1276.49,-1.88,671859767.0,133.53,47.0,32.7,csindex:index_perf,399973,OFFICIAL_HISTORICAL_VALUATION_AVAILABLE,True,2024-03-22,OFFICIAL_DAILY_OBSERVATION_DATE_NO_INTRADAY_TIMESTAMP_CLAIM
2024-03-25,DEFENSE,DEFENSE_399973,DOMAIN_PRIMARY,CSI_DEFENSE,399973,1272.63,1274.43,1241.42,1241.48,-2.74,591505154.0,118.65,47.0,31.81,csindex:index_perf,399973,OFFICIAL_HISTORICAL_VALUATION_AVAILABLE,True,2024-03-25,OFFICIAL_DAILY_OBSERVATION_DATE_NO_INTRADAY_TIMESTAMP_CLAIM
2024-03-26,DEFENSE,DEFENSE_399973,DOMAIN_PRIMARY,CSI_DEFENSE,399973,1238.54,1246.28,1214.77,1228.97,-1.01,525582322.0,104.01,47.0,31.47,csindex:index_perf,399973,OFFICIAL_HISTORICAL_VALUATION_AVAILABLE,True,2024-03-26,OFFICIAL_DAILY_OBSERVATION_DATE_NO_INTRADAY_TIMESTAMP_CLAIM
2024-03-27,DEFENSE,DEFENSE_399973,DOMAIN_PRIMARY,CSI_DEFENSE,399973,1227.51,1228.03,1180.2,1180.72,-3.93,556340494.0,104.52,47.0,30.3,csindex:index_perf,399973,OFFICIAL_HISTORICAL_VALUATION_AVAILABLE,True,2024-03-27,OFFICIAL_DAILY_OBSERVATION_DATE_NO_INTRADAY_TIMESTAMP_CLAIM
2024-03-28,DEFENSE,DEFENSE_399973,DOMAIN_PRIMARY,CSI_DEFENSE,399973,1182.25,1240.57,1182.25,1230.88,4.25,774790284.0,152.48,47.0,31.65,csindex:index_perf,399973,OFFICIAL_HISTORICAL_VALUATION_AVAILABLE,True,2024-03-28,OFFICIAL_DAILY_OBSERVATION_DATE_NO_INTRADAY_TIMESTAMP_CLAIM
2024-03-29,DEFENSE,DEFENSE_399973,DOMAIN_PRIMARY,CSI_DEFENSE,399973,1227.64,1239.33,1217.09,1238.79,0.64,542598640.0,109.21,47.0,31.86,csindex:index_perf,399973,OFFICIAL_HISTORICAL_VALUATION_AVAILABLE,True,2024-03-29,OFFICIAL_DAILY_OBSERVATION_DATE_NO_INTRADAY_TIMESTAMP_CLAIM
2024-04-01,DEFENSE,DEFENSE_399973,DOMAIN_PRIMARY,CSI_DEFENSE,399973,1243.15,1251.55,1239.44,1249.67,0.88,653352303.0,126.08,47.0,32.13,csindex:index_perf,399973,OFFICIAL_HISTORICAL_VALUATION_AVAILABLE,True,2024-04-01,OFFICIAL_DAILY_OBSERVATION_DATE_NO_INTRADAY_TIMESTAMP_CLAIM
2024-04-02,DEFENSE,DEFENSE_399973,DOMAIN_PRIMARY,CSI_DEFENSE,399973,1246.99,1246.99,1221.97,1231.63,-1.44,581457314.0,112.38,47.0,31.67,csindex:index_perf,399973,OFFICIAL_HISTORICAL_VALUATION_AVAILABLE,True,2024-04-02,OFFICIAL_DAILY_OBSERVATION_DATE_NO_INTRADAY_TIMESTAMP_CLAIM
2024-04-03,DEFENSE,DEFENSE_399973,DOMAIN_PRIMARY,CSI_DEFENSE,399973,1226.42,1226.56,1206.4,1214.76,-1.37,542242487.0,105.72,47.0,31.24,csindex:index_perf,399973,OFFICIAL_HISTORICAL_VALUATION_AVAILABLE,True,2024-04-03,OFFICIAL_DAILY_OBSERVATION_DATE_NO_INTRADAY_TIMESTAMP_CLAIM
2024-04-08,DEFENSE,DEFENSE_399973,DOMAIN_PRIMARY,CSI_DEFENSE,399973,1209.56,1213.74,1182.74,1182.86,-2.63,517320667.0,102.06,47.0,30.45,csindex:index_perf,399973,OFFICIAL_HISTORICAL_VALUATION_AVAILABLE,True,2024-04-08,OFFICIAL_DAILY_OBSERVATION_DATE_NO_INTRADAY_TIMESTAMP_CLAIM
2024-04-09,DEFENSE,DEFENSE_399973,DOMAIN_PRIMARY,CSI_DEFENSE,399973,1184.22,1200.81,1181.82,1197.09,1.2,516919535.0,92.74,47.0,30.79,csindex:index_perf,399973,OFFICIAL_HISTORICAL_VALUATION_AVAILABLE,True,2024-04-09,OFFICIAL_DAILY_OBSERVATION_DATE_NO_INTRADAY_TIMESTAMP_CLAIM
2024-04-10,DEFENSE,DEFENSE_399973,DOMAIN_PRIMARY,CSI_DEFENSE,399973,1193.04,1193.14,1160.21,1173.53,-1.97,536340736.0,96.5,47.0,30.21,csindex:index_perf,399973,OFFICIAL_HISTORICAL_VALUATION_AVAILABLE,True,2024-04-10,OFFICIAL_DAILY_OBSERVATION_DATE_NO_INTRADAY_TIMESTAMP_CLAIM
2024-04-11,DEFENSE,DEFENSE_399973,DOMAIN_PRIMARY,CSI_DEFENSE,399973,1165.93,1178.31,1161.72,1163.47,-0.86,440905404.0,80.4,47.0,29.96,csindex:index_perf,399973,OFFICIAL_HISTORICAL_VALUATION_AVAILABLE,True,2024-04-11,OFFICIAL_DAILY_OBSERVATION_DATE_NO_INTRADAY_TIMESTAMP_CLAIM
2024-04-12,DEFENSE,DEFENSE_399973,DOMAIN_PRIMARY,CSI_DEFENSE,399973,1162.25,1174.65,1156.13,1158.3,-0.44,475594066.0,88.22,47.0,29.83,csindex:index_perf,399973,OFFICIAL_HISTORICAL_VALUATION_AVAILABLE,True,2024-04-12,OFFICIAL_DAILY_OBSERVATION_DATE_NO_INTRADAY_TIMESTAMP_CLAIM
2024-04-15,DEFENSE,DEFENSE_399973,DOMAIN_PRIMARY,CSI_DEFENSE,399973,1160.66,1194.99,1152.27,1182.93,2.13,759275235.0,150.24,47.0,30.51,csindex:index_perf,399973,OFFICIAL_HISTORICAL_VALUATION_AVAILABLE,True,2024-04-15,OFFICIAL_DAILY_OBSERVATION_DATE_NO_INTRADAY_TIMESTAMP_CLAIM
2024-04-16,DEFENSE,DEFENSE_399973,DOMAIN_PRIMARY,CSI_DEFENSE,399973,1176.33,1183.14,1140.41,1141.88,-3.47,729372673.0,134.44,47.0,29.49,csindex:index_perf,399973,OFFICIAL_HISTORICAL_VALUATION_AVAILABLE,True,2024-04-16,OFFICIAL_DAILY_OBSERVATION_DATE_NO_INTRADAY_TIMESTAMP_CLAIM
2024-04-17,DEFENSE,DEFENSE_399973,DOMAIN_PRIMARY,CSI_DEFENSE,399973,1147.67,1182.16,1147.67,1182.0,3.51,646307030.0,120.84,47.0,30.48,csindex:index_perf,399973,OFFICIAL_HISTORICAL_VALUATION_AVAILABLE,True,2024-04-17,OFFICIAL_DAILY_OBSERVATION_DATE_NO_INTRADAY_TIMESTAMP_CLAIM
2024-04-18,DEFENSE,DEFENSE_399973,DOMAIN_PRIMARY,CSI_DEFENSE,399973,1179.34,1201.66,1171.43,1186.71,0.4,718472242.0,134.82,47.0,30.6,csindex:index_perf,399973,OFFICIAL_HISTORICAL_VALUATION_AVAILABLE,True,2024-04-18,OFFICIAL_DAILY_OBSERVATION_DATE_NO_INTRADAY_TIMESTAMP_CLAIM
2024-04-19,DEFENSE,DEFENSE_399973,DOMAIN_PRIMARY,CSI_DEFENSE,399973,1178.09,1209.08,1177.19,1203.54,1.42,798301598.0,153.48,47.0,31.05,csindex:index_perf,399973,OFFICIAL_HISTORICAL_VALUATION_AVAILABLE,True,2024-04-19,OFFICIAL_DAILY_OBSERVATION_DATE_NO_INTRADAY_TIMESTAMP_CLAIM
2024-04-22,DEFENSE,DEFENSE_399973,DOMAIN_PRIMARY,CSI_DEFENSE,399973,1210.04,1241.47,1198.41,1233.1,2.46,1035572615.0,209.28,47.0,31.87,csindex:index_perf,399973,OFFICIAL_HISTORICAL_VALUATION_AVAILABLE,True,2024-04-22,OFFICIAL_DAILY_OBSERVATION_DATE_NO_INTRADAY_TIMESTAMP_CLAIM
2024-04-23,DEFENSE,DEFENSE_399973,DOMAIN_PRIMARY,CSI_DEFENSE,399973,1228.93,1236.16,1213.86,1218.02,-1.22,906800140.0,172.9,47.0,31.49,csindex:index_perf,399973,OFFICIAL_HISTORICAL_VALUATION_AVAILABLE,True,2024-04-23,OFFICIAL_DAILY_OBSERVATION_DATE_NO_INTRADAY_TIMESTAMP_CLAIM
2024-04-24,DEFENSE,DEFENSE_399973,DOMAIN_PRIMARY,CSI_DEFENSE,399973,1216.55,1245.39,1214.52,1245.39,2.25,982311776.0,172.83,47.0,32.19,csindex:index_perf,399973,OFFICIAL_HISTORICAL_VALUATION_AVAILABLE,True,2024-04-24,OFFICIAL_DAILY_OBSERVATION_DATE_NO_INTRADAY_TIMESTAMP_CLAIM
2024-04-25,DEFENSE,DEFENSE_399973,DOMAIN_PRIMARY,CSI_DEFENSE,399973,1240.47,1240.47,1220.7,1223.5,-1.76,853448810.0,153.96,47.0,31.69,csindex:index_perf,399973,OFFICIAL_HISTORICAL_VALUATION_AVAILABLE,True,2024-04-25,OFFICIAL_DAILY_OBSERVATION_DATE_NO_INTRADAY_TIMESTAMP_CLAIM
2024-04-26,DEFENSE,DEFENSE_399973,DOMAIN_PRIMARY,CSI_DEFENSE,399973,1218.38,1241.15,1217.85,1235.65,0.99,958112997.0,174.68,47.0,32.0,csindex:index_perf,399973,OFFICIAL_HISTORICAL_VALUATION_AVAILABLE,True,2024-04-26,OFFICIAL_DAILY_OBSERVATION_DATE_NO_INTRADAY_TIMESTAMP_CLAIM
2024-04-29,DEFENSE,DEFENSE_399973,DOMAIN_PRIMARY,CSI_DEFENSE,399973,1229.09,1259.12,1228.36,1256.31,1.67,1005292731.0,195.02,47.0,32.51,csindex:index_perf,399973,OFFICIAL_HISTORICAL_VALUATION_AVAILABLE,True,2024-04-29,OFFICIAL_DAILY_OBSERVATION_DATE_NO_INTRADAY_TIMESTAMP_CLAIM
2024-04-30,DEFENSE,DEFENSE_399973,DOMAIN_PRIMARY,CSI_DEFENSE,399973,1256.73,1260.62,1236.66,1239.43,-1.34,824110230.0,163.26,47.0,32.09,csindex:index_perf,399973,OFFICIAL_HISTORICAL_VALUATION_AVAILABLE,True,2024-04-30,OFFICIAL_DAILY_OBSERVATION_DATE_NO_INTRADAY_TIMESTAMP_CLAIM
2024-05-06,DEFENSE,DEFENSE_399973,DOMAIN_PRIMARY,CSI_DEFENSE,399973,1252.57,1260.89,1248.42,1251.23,0.95,713483292.0,139.43,47.0,37.17,csindex:index_perf,399973,OFFICIAL_HISTORICAL_VALUATION_AVAILABLE,True,2024-05-06,OFFICIAL_DAILY_OBSERVATION_DATE_NO_INTRADAY_TIMESTAMP_CLAIM
2024-05-07,DEFENSE,DEFENSE_399973,DOMAIN_PRIMARY,CSI_DEFENSE,399973,1249.79,1296.24,1245.52,1292.15,3.27,1052068361.0,214.13,47.0,38.31,csindex:index_perf,399973,OFFICIAL_HISTORICAL_VALUATION_AVAILABLE,True,2024-05-07,OFFICIAL_DAILY_OBSERVATION_DATE_NO_INTRADAY_TIMESTAMP_CLAIM
2024-05-08,DEFENSE,DEFENSE_399973,DOMAIN_PRIMARY,CSI_DEFENSE,399973,1287.59,1287.59,1273.63,1275.67,-1.28,805683102.0,157.05,47.0,37.88,csindex:index_perf,399973,OFFICIAL_HISTORICAL_VALUATION_AVAILABLE,True,2024-05-08,OFFICIAL_DAILY_OBSERVATION_DATE_NO_INTRADAY_TIMESTAMP_CLAIM
2024-05-09,DEFENSE,DEFENSE_399973,DOMAIN_PRIMARY,CSI_DEFENSE,399973,1273.1,1330.71,1270.51,1329.98,4.26,1103971678.0,240.94,47.0,39.38,csindex:index_perf,399973,OFFICIAL_HISTORICAL_VALUATION_AVAILABLE,True,2024-05-09,OFFICIAL_DAILY_OBSERVATION_DATE_NO_INTRADAY_TIMESTAMP_CLAIM
2024-05-10,DEFENSE,DEFENSE_399973,DOMAIN_PRIMARY,CSI_DEFENSE,399973,1330.45,1339.11,1308.6,1315.0,-1.13,906019082.0,194.79,47.0,38.95,csindex:index_perf,399973,OFFICIAL_HISTORICAL_VALUATION_AVAILABLE,True,2024-05-10,OFFICIAL_DAILY_OBSERVATION_DATE_NO_INTRADAY_TIMESTAMP_CLAIM
2024-05-13,DEFENSE,DEFENSE_399973,DOMAIN_PRIMARY,CSI_DEFENSE,399973,1303.45,1313.57,1283.5,1300.68,-1.09,729075080.0,150.96,47.0,38.55,csindex:index_perf,399973,OFFICIAL_HISTORICAL_VALUATION_AVAILABLE,True,2024-05-13,OFFICIAL_DAILY_OBSERVATION_DATE_NO_INTRADAY_TIMESTAMP_CLAIM
2024-05-14,DEFENSE,DEFENSE_399973,DOMAIN_PRIMARY,CSI_DEFENSE,399973,1297.38,1304.89,1282.69,1286.33,-1.1,581680971.0,120.02,47.0,38.05,csindex:index_perf,399973,OFFICIAL_HISTORICAL_VALUATION_AVAILABLE,True,2024-05-14,OFFICIAL_DAILY_OBSERVATION_DATE_NO_INTRADAY_TIMESTAMP_CLAIM
2024-05-15,DEFENSE,DEFENSE_399973,DOMAIN_PRIMARY,CSI_DEFENSE,399973,1282.94,1294.37,1272.71,1273.75,-0.98,519208382.0,108.89,47.0,37.67,csindex:index_perf,399973,OFFICIAL_HISTORICAL_VALUATION_AVAILABLE,True,2024-05-15,OFFICIAL_DAILY_OBSERVATION_DATE_NO_INTRADAY_TIMESTAMP_CLAIM
2024-05-16,DEFENSE,DEFENSE_399973,DOMAIN_PRIMARY,CSI_DEFENSE,399973,1274.16,1287.16,1264.67,1270.18,-0.28,549981119.0,111.93,47.0,37.54,csindex:index_perf,399973,OFFICIAL_HISTORICAL_VALUATION_AVAILABLE,True,2024-05-16,OFFICIAL_DAILY_OBSERVATION_DATE_NO_INTRADAY_TIMESTAMP_CLAIM
2024-05-17,DEFENSE,DEFENSE_399973,DOMAIN_PRIMARY,CSI_DEFENSE,399973,1270.45,1299.12,1267.37,1298.91,2.26,669196266.0,138.81,47.0,38.36,csindex:index_perf,399973,OFFICIAL_HISTORICAL_VALUATION_AVAILABLE,True,2024-05-17,OFFICIAL_DAILY_OBSERVATION_DATE_NO_INTRADAY_TIMESTAMP_CLAIM
2024-05-20,DEFENSE,DEFENSE_399973,DOMAIN_PRIMARY,CSI_DEFENSE,399973,1298.38,1332.08,1295.99,1316.53,1.36,846703477.0,177.77,47.0,38.81,csindex:index_perf,399973,OFFICIAL_HISTORICAL_VALUATION_AVAILABLE,True,2024-05-20,OFFICIAL_DAILY_OBSERVATION_DATE_NO_INTRADAY_TIMESTAMP_CLAIM
2024-05-21,DEFENSE,DEFENSE_399973,DOMAIN_PRIMARY,CSI_DEFENSE,399973,1309.31,1309.31,1292.15,1295.86,-1.57,557234185.0,115.63,47.0,38.2,csindex:index_perf,399973,OFFICIAL_HISTORICAL_VALUATION_AVAILABLE,True,2024-05-21,OFFICIAL_DAILY_OBSERVATION_DATE_NO_INTRADAY_TIMESTAMP_CLAIM
2024-05-22,DEFENSE,DEFENSE_399973,DOMAIN_PRIMARY,CSI_DEFENSE,399973,1294.33,1298.23,1280.54,1292.74,-0.24,456429154.0,93.22,47.0,38.11,csindex:index_perf,399973,OFFICIAL_HISTORICAL_VALUATION_AVAILABLE,True,2024-05-22,OFFICIAL_DAILY_OBSERVATION_DATE_NO_INTRADAY_TIMESTAMP_CLAIM
2024-05-23,DEFENSE,DEFENSE_399973,DOMAIN_PRIMARY,CSI_DEFENSE,399973,1294.51,1299.25,1275.04,1276.13,-1.29,699763201.0,131.76,47.0,37.62,csindex:index_perf,399973,OFFICIAL_HISTORICAL_VALUATION_AVAILABLE,True,2024-05-23,OFFICIAL_DAILY_OBSERVATION_DATE_NO_INTRADAY_TIMESTAMP_CLAIM
2024-05-24,DEFENSE,DEFENSE_399973,DOMAIN_PRIMARY,CSI_DEFENSE,399973,1269.08,1270.15,1248.27,1248.37,-2.18,572315510.0,105.65,47.0,36.82,csindex:index_perf,399973,OFFICIAL_HISTORICAL_VALUATION_AVAILABLE,True,2024-05-24,OFFICIAL_DAILY_OBSERVATION_DATE_NO_INTRADAY_TIMESTAMP_CLAIM
2024-05-27,DEFENSE,DEFENSE_399973,DOMAIN_PRIMARY,CSI_DEFENSE,399973,1247.67,1254.46,1224.92,1253.97,0.45,544938830.0,101.61,47.0,36.94,csindex:index_perf,399973,OFFICIAL_HISTORICAL_VALUATION_AVAILABLE,True,2024-05-27,OFFICIAL_DAILY_OBSERVATION_DATE_NO_INTRADAY_TIMESTAMP_CLAIM
2024-05-28,DEFENSE,DEFENSE_399973,DOMAIN_PRIMARY,CSI_DEFENSE,399973,1248.26,1269.0,1236.8,1250.19,-0.3,467671393.0,96.17,47.0,36.64,csindex:index_perf,399973,OFFICIAL_HISTORICAL_VALUATION_AVAILABLE,True,2024-05-28,OFFICIAL_DAILY_OBSERVATION_DATE_NO_INTRADAY_TIMESTAMP_CLAIM
2024-05-29,DEFENSE,DEFENSE_399973,DOMAIN_PRIMARY,CSI_DEFENSE,399973,1251.69,1262.44,1237.53,1243.62,-0.53,381974542.0,73.79,47.0,36.47,csindex:index_perf,399973,OFFICIAL_HISTORICAL_VALUATION_AVAILABLE,True,2024-05-29,OFFICIAL_DAILY_OBSERVATION_DATE_NO_INTRADAY_TIMESTAMP_CLAIM
2024-05-30,DEFENSE,DEFENSE_399973,DOMAIN_PRIMARY,CSI_DEFENSE,399973,1237.03,1271.43,1230.25,1262.11,1.49,581087614.0,111.17,47.0,37.02,csindex:index_perf,399973,OFFICIAL_HISTORICAL_VALUATION_AVAILABLE,True,2024-05-30,OFFICIAL_DAILY_OBSERVATION_DATE_NO_INTRADAY_TIMESTAMP_CLAIM
2024-05-31,DEFENSE,DEFENSE_399973,DOMAIN_PRIMARY,CSI_DEFENSE,399973,1262.3,1289.54,1262.3,1279.01,1.34,653362629.0,126.92,47.0,37.5,csindex:index_perf,399973,OFFICIAL_HISTORICAL_VALUATION_AVAILABLE,True,2024-05-31,OFFICIAL_DAILY_OBSERVATION_DATE_NO_INTRADAY_TIMESTAMP_CLAIM
2024-06-03,DEFENSE,DEFENSE_399973,DOMAIN_PRIMARY,CSI_DEFENSE,399973,1276.94,1284.1,1258.11,1267.5,-0.9,602230101.0,111.41,47.0,37.22,csindex:index_perf,399973,OFFICIAL_HISTORICAL_VALUATION_AVAILABLE,True,2024-06-03,OFFICIAL_DAILY_OBSERVATION_DATE_NO_INTRADAY_TIMESTAMP_CLAIM
2024-06-04,DEFENSE,DEFENSE_399973,DOMAIN_PRIMARY,CSI_DEFENSE,399973,1263.83,1292.09,1259.07,1290.42,1.81,602555112.0,122.45,47.0,37.86,csindex:index_perf,399973,OFFICIAL_HISTORICAL_VALUATION_AVAILABLE,True,2024-06-04,OFFICIAL_DAILY_OBSERVATION_DATE_NO_INTRADAY_TIMESTAMP_CLAIM
2024-06-05,DEFENSE,DEFENSE_399973,DOMAIN_PRIMARY,CSI_DEFENSE,399973,1286.4,1331.64,1285.87,1307.77,1.34,952838527.0,195.74,47.0,38.39,csindex:index_perf,399973,OFFICIAL_HISTORICAL_VALUATION_AVAILABLE,True,2024-06-05,OFFICIAL_DAILY_OBSERVATION_DATE_NO_INTRADAY_TIMESTAMP_CLAIM
2024-06-06,DEFENSE,DEFENSE_399973,DOMAIN_PRIMARY,CSI_DEFENSE,399973,1304.84,1308.48,1274.19,1277.56,-2.31,808649378.0,149.08,47.0,37.57,csindex:index_perf,399973,OFFICIAL_HISTORICAL_VALUATION_AVAILABLE,True,2024-06-06,OFFICIAL_DAILY_OBSERVATION_DATE_NO_INTRADAY_TIMESTAMP_CLAIM
2024-06-07,DEFENSE,DEFENSE_399973,DOMAIN_PRIMARY,CSI_DEFENSE,399973,1284.02,1298.81,1268.35,1280.29,0.21,661781740.0,128.84,47.0,37.68,csindex:index_perf,399973,OFFICIAL_HISTORICAL_VALUATION_AVAILABLE,True,2024-06-07,OFFICIAL_DAILY_OBSERVATION_DATE_NO_INTRADAY_TIMESTAMP_CLAIM
2024-06-11,DEFENSE,DEFENSE_399973,DOMAIN_PRIMARY,CSI_DEFENSE,399973,1273.64,1311.73,1268.22,1309.07,2.25,678967697.0,139.56,47.0,38.49,csindex:index_perf,399973,OFFICIAL_HISTORICAL_VALUATION_AVAILABLE,True,2024-06-11,OFFICIAL_DAILY_OBSERVATION_DATE_NO_INTRADAY_TIMESTAMP_CLAIM
2024-06-12,DEFENSE,DEFENSE_399973,DOMAIN_PRIMARY,CSI_DEFENSE,399973,1303.01,1322.57,1301.95,1302.79,-0.48,633174216.0,127.15,47.0,38.3,csindex:index_perf,399973,OFFICIAL_HISTORICAL_VALUATION_AVAILABLE,True,2024-06-12,OFFICIAL_DAILY_OBSERVATION_DATE_NO_INTRADAY_TIMESTAMP_CLAIM
2024-06-13,DEFENSE,DEFENSE_399973,DOMAIN_PRIMARY,CSI_DEFENSE,399973,1300.13,1313.38,1292.46,1306.22,0.26,600841229.0,120.92,47.0,38.4,csindex:index_perf,399973,OFFICIAL_HISTORICAL_VALUATION_AVAILABLE,True,2024-06-13,OFFICIAL_DAILY_OBSERVATION_DATE_NO_INTRADAY_TIMESTAMP_CLAIM
2024-06-14,DEFENSE,DEFENSE_399973,DOMAIN_PRIMARY,CSI_DEFENSE,399973,1299.75,1299.75,1280.69,1290.62,-1.19,636500506.0,128.89,47.0,37.88,csindex:index_perf,399973,OFFICIAL_HISTORICAL_VALUATION_AVAILABLE,True,2024-06-14,OFFICIAL_DAILY_OBSERVATION_DATE_NO_INTRADAY_TIMESTAMP_CLAIM
2024-06-17,DEFENSE,DEFENSE_399973,DOMAIN_PRIMARY,CSI_DEFENSE,399973,1285.3,1305.55,1284.23,1297.07,0.5,595938376.0,124.5,49.0,38.43,csindex:index_perf,399973,OFFICIAL_HISTORICAL_VALUATION_AVAILABLE,True,2024-06-17,OFFICIAL_DAILY_OBSERVATION_DATE_NO_INTRADAY_TIMESTAMP_CLAIM
2024-06-18,DEFENSE,DEFENSE_399973,DOMAIN_PRIMARY,CSI_DEFENSE,399973,1294.01,1305.29,1292.45,1297.99,0.07,517731706.0,104.21,49.0,38.45,csindex:index_perf,399973,OFFICIAL_HISTORICAL_VALUATION_AVAILABLE,True,2024-06-18,OFFICIAL_DAILY_OBSERVATION_DATE_NO_INTRADAY_TIMESTAMP_CLAIM
2024-06-19,DEFENSE,DEFENSE_399973,DOMAIN_PRIMARY,CSI_DEFENSE,399973,1295.89,1296.67,1275.55,1275.55,-1.73,461885790.0,91.19,49.0,37.83,csindex:index_perf,399973,OFFICIAL_HISTORICAL_VALUATION_AVAILABLE,True,2024-06-19,OFFICIAL_DAILY_OBSERVATION_DATE_NO_INTRADAY_TIMESTAMP_CLAIM
2024-06-20,DEFENSE,DEFENSE_399973,DOMAIN_PRIMARY,CSI_DEFENSE,399973,1272.91,1276.48,1249.18,1249.18,-2.07,533479145.0,99.97,49.0,37.08,csindex:index_perf,399973,OFFICIAL_HISTORICAL_VALUATION_AVAILABLE,True,2024-06-20,OFFICIAL_DAILY_OBSERVATION_DATE_NO_INTRADAY_TIMESTAMP_CLAIM
2024-06-21,DEFENSE,DEFENSE_399973,DOMAIN_PRIMARY,CSI_DEFENSE,399973,1248.34,1262.17,1243.87,1250.49,0.1,385341913.0,73.26,49.0,37.12,csindex:index_perf,399973,OFFICIAL_HISTORICAL_VALUATION_AVAILABLE,True,2024-06-21,OFFICIAL_DAILY_OBSERVATION_DATE_NO_INTRADAY_TIMESTAMP_CLAIM
2024-06-24,DEFENSE,DEFENSE_399973,DOMAIN_PRIMARY,CSI_DEFENSE,399973,1247.3,1253.97,1222.05,1222.14,-2.27,497231716.0,93.76,49.0,36.28,csindex:index_perf,399973,OFFICIAL_HISTORICAL_VALUATION_AVAILABLE,True,2024-06-24,OFFICIAL_DAILY_OBSERVATION_DATE_NO_INTRADAY_TIMESTAMP_CLAIM
2024-06-25,DEFENSE,DEFENSE_399973,DOMAIN_PRIMARY,CSI_DEFENSE,399973,1222.02,1228.01,1195.67,1204.08,-1.48,464674901.0,86.12,49.0,35.76,csindex:index_perf,399973,OFFICIAL_HISTORICAL_VALUATION_AVAILABLE,True,2024-06-25,OFFICIAL_DAILY_OBSERVATION_DATE_NO_INTRADAY_TIMESTAMP_CLAIM
2024-06-26,DEFENSE,DEFENSE_399973,DOMAIN_PRIMARY,CSI_DEFENSE,399973,1203.82,1228.48,1195.66,1227.14,1.92,441607969.0,81.48,49.0,36.41,csindex:index_perf,399973,OFFICIAL_HISTORICAL_VALUATION_AVAILABLE,True,2024-06-26,OFFICIAL_DAILY_OBSERVATION_DATE_NO_INTRADAY_TIMESTAMP_CLAIM
2024-06-27,DEFENSE,DEFENSE_399973,DOMAIN_PRIMARY,CSI_DEFENSE,399973,1221.23,1221.46,1203.02,1204.05,-1.88,384401744.0,75.86,49.0,35.74,csindex:index_perf,399973,OFFICIAL_HISTORICAL_VALUATION_AVAILABLE,True,2024-06-27,OFFICIAL_DAILY_OBSERVATION_DATE_NO_INTRADAY_TIMESTAMP_CLAIM
2024-06-28,DEFENSE,DEFENSE_399973,DOMAIN_PRIMARY,CSI_DEFENSE,399973,1200.08,1246.47,1199.85,1237.37,2.77,615671227.0,119.87,49.0,36.74,csindex:index_perf,399973,OFFICIAL_HISTORICAL_VALUATION_AVAILABLE,True,2024-06-28,OFFICIAL_DAILY_OBSERVATION_DATE_NO_INTRADAY_TIMESTAMP_CLAIM
2024-07-01,DEFENSE,DEFENSE_399973,DOMAIN_PRIMARY,CSI_DEFENSE,399973,1234.16,1238.7,1216.11,1233.87,-0.28,473307723.0,90.02,49.0,36.64,csindex:index_perf,399973,OFFICIAL_HISTORICAL_VALUATION_AVAILABLE,True,2024-07-01,OFFICIAL_DAILY_OBSERVATION_DATE_NO_INTRADAY_TIMESTAMP_CLAIM
2024-07-02,DEFENSE,DEFENSE_399973,DOMAIN_PRIMARY,CSI_DEFENSE,399973,1232.58,1236.7,1214.16,1218.7,-1.23,435248036.0,83.52,49.0,35.84,csindex:index_perf,399973,OFFICIAL_HISTORICAL_VALUATION_AVAILABLE,True,2024-07-02,OFFICIAL_DAILY_OBSERVATION_DATE_NO_INTRADAY_TIMESTAMP_CLAIM
2024-07-03,DEFENSE,DEFENSE_399973,DOMAIN_PRIMARY,CSI_DEFENSE,399973,1215.91,1216.15,1193.21,1195.82,-1.88,420586903.0,81.93,49.0,35.19,csindex:index_perf,399973,OFFICIAL_HISTORICAL_VALUATION_AVAILABLE,True,2024-07-03,OFFICIAL_DAILY_OBSERVATION_DATE_NO_INTRADAY_TIMESTAMP_CLAIM
2024-07-04,DEFENSE,DEFENSE_399973,DOMAIN_PRIMARY,CSI_DEFENSE,399973,1195.95,1204.78,1181.65,1183.17,-1.06,428519912.0,81.32,49.0,34.65,csindex:index_perf,399973,OFFICIAL_HISTORICAL_VALUATION_AVAILABLE,True,2024-07-04,OFFICIAL_DAILY_OBSERVATION_DATE_NO_INTRADAY_TIMESTAMP_CLAIM
2024-07-05,DEFENSE,DEFENSE_399973,DOMAIN_PRIMARY,CSI_DEFENSE,399973,1180.41,1189.78,1163.68,1189.21,0.51,434025304.0,84.87,49.0,34.84,csindex:index_perf,399973,OFFICIAL_HISTORICAL_VALUATION_AVAILABLE,True,2024-07-05,OFFICIAL_DAILY_OBSERVATION_DATE_NO_INTRADAY_TIMESTAMP_CLAIM
2024-07-08,DEFENSE,DEFENSE_399973,DOMAIN_PRIMARY,CSI_DEFENSE,399973,1184.96,1184.96,1158.04,1160.87,-2.38,458953728.0,81.34,49.0,34.05,csindex:index_perf,399973,OFFICIAL_HISTORICAL_VALUATION_AVAILABLE,True,2024-07-08,OFFICIAL_DAILY_OBSERVATION_DATE_NO_INTRADAY_TIMESTAMP_CLAIM
2024-07-09,DEFENSE,DEFENSE_399973,DOMAIN_PRIMARY,CSI_DEFENSE,399973,1157.59,1179.84,1147.46,1174.85,1.2,639525098.0,107.06,49.0,34.45,csindex:index_perf,399973,OFFICIAL_HISTORICAL_VALUATION_AVAILABLE,True,2024-07-09,OFFICIAL_DAILY_OBSERVATION_DATE_NO_INTRADAY_TIMESTAMP_CLAIM
2024-07-10,DEFENSE,DEFENSE_399973,DOMAIN_PRIMARY,CSI_DEFENSE,399973,1170.4,1180.39,1168.32,1172.05,-0.24,490674040.0,82.68,49.0,34.38,csindex:index_perf,399973,OFFICIAL_HISTORICAL_VALUATION_AVAILABLE,True,2024-07-10,OFFICIAL_DAILY_OBSERVATION_DATE_NO_INTRADAY_TIMESTAMP_CLAIM
2024-07-11,DEFENSE,DEFENSE_399973,DOMAIN_PRIMARY,CSI_DEFENSE,399973,1187.15,1202.36,1178.18,1201.93,2.55,583481633.0,98.41,49.0,35.19,csindex:index_perf,399973,OFFICIAL_HISTORICAL_VALUATION_AVAILABLE,True,2024-07-11,OFFICIAL_DAILY_OBSERVATION_DATE_NO_INTRADAY_TIMESTAMP_CLAIM
2024-07-12,DEFENSE,DEFENSE_399973,DOMAIN_PRIMARY,CSI_DEFENSE,399973,1201.62,1204.91,1190.99,1192.09,-0.82,461857885.0,87.78,49.0,34.94,csindex:index_perf,399973,OFFICIAL_HISTORICAL_VALUATION_AVAILABLE,True,2024-07-12,OFFICIAL_DAILY_OBSERVATION_DATE_NO_INTRADAY_TIMESTAMP_CLAIM
2024-07-15,DEFENSE,DEFENSE_399973,DOMAIN_PRIMARY,CSI_DEFENSE,399973,1191.96,1199.43,1180.98,1185.77,-0.53,496772838.0,84.33,49.0,34.73,csindex:index_perf,399973,OFFICIAL_HISTORICAL_VALUATION_AVAILABLE,True,2024-07-15,OFFICIAL_DAILY_OBSERVATION_DATE_NO_INTRADAY_TIMESTAMP_CLAIM
2024-07-16,DEFENSE,DEFENSE_399973,DOMAIN_PRIMARY,CSI_DEFENSE,399973,1181.06,1197.13,1178.96,1196.51,0.91,467826034.0,81.5,49.0,35.04,csindex:index_perf,399973,OFFICIAL_HISTORICAL_VALUATION_AVAILABLE,True,2024-07-16,OFFICIAL_DAILY_OBSERVATION_DATE_NO_INTRADAY_TIMESTAMP_CLAIM
2024-07-17,DEFENSE,DEFENSE_399973,DOMAIN_PRIMARY,CSI_DEFENSE,399973,1195.12,1201.92,1191.1,1193.77,-0.23,443020930.0,83.0,49.0,34.91,csindex:index_perf,399973,OFFICIAL_HISTORICAL_VALUATION_AVAILABLE,True,2024-07-17,OFFICIAL_DAILY_OBSERVATION_DATE_NO_INTRADAY_TIMESTAMP_CLAIM
2024-07-18,DEFENSE,DEFENSE_399973,DOMAIN_PRIMARY,CSI_DEFENSE,399973,1187.34,1228.39,1181.17,1224.04,2.54,615176956.0,121.63,49.0,35.8,csindex:index_perf,399973,OFFICIAL_HISTORICAL_VALUATION_AVAILABLE,True,2024-07-18,OFFICIAL_DAILY_OBSERVATION_DATE_NO_INTRADAY_TIMESTAMP_CLAIM
2024-07-19,DEFENSE,DEFENSE_399973,DOMAIN_PRIMARY,CSI_DEFENSE,399973,1219.51,1245.77,1216.83,1242.64,1.52,559387747.0,111.61,49.0,36.38,csindex:index_perf,399973,OFFICIAL_HISTORICAL_VALUATION_AVAILABLE,True,2024-07-19,OFFICIAL_DAILY_OBSERVATION_DATE_NO_INTRADAY_TIMESTAMP_CLAIM
2024-07-22,DEFENSE,DEFENSE_399973,DOMAIN_PRIMARY,CSI_DEFENSE,399973,1243.5,1259.76,1242.31,1250.93,0.67,554306963.0,109.64,49.0,36.6,csindex:index_perf,399973,OFFICIAL_HISTORICAL_VALUATION_AVAILABLE,True,2024-07-22,OFFICIAL_DAILY_OBSERVATION_DATE_NO_INTRADAY_TIMESTAMP_CLAIM
2024-07-23,DEFENSE,DEFENSE_399973,DOMAIN_PRIMARY,CSI_DEFENSE,399973,1249.35,1249.35,1213.01,1213.03,-3.03,484082028.0,89.83,49.0,35.52,csindex:index_perf,399973,OFFICIAL_HISTORICAL_VALUATION_AVAILABLE,True,2024-07-23,OFFICIAL_DAILY_OBSERVATION_DATE_NO_INTRADAY_TIMESTAMP_CLAIM
2024-07-24,DEFENSE,DEFENSE_399973,DOMAIN_PRIMARY,CSI_DEFENSE,399973,1210.0,1242.79,1210.0,1222.21,0.76,587107731.0,108.96,49.0,35.75,csindex:index_perf,399973,OFFICIAL_HISTORICAL_VALUATION_AVAILABLE,True,2024-07-24,OFFICIAL_DAILY_OBSERVATION_DATE_NO_INTRADAY_TIMESTAMP_CLAIM
2024-07-25,DEFENSE,DEFENSE_399973,DOMAIN_PRIMARY,CSI_DEFENSE,399973,1216.03,1224.76,1205.02,1216.52,-0.47,407679276.0,76.18,49.0,35.56,csindex:index_perf,399973,OFFICIAL_HISTORICAL_VALUATION_AVAILABLE,True,2024-07-25,OFFICIAL_DAILY_OBSERVATION_DATE_NO_INTRADAY_TIMESTAMP_CLAIM
2024-07-26,DEFENSE,DEFENSE_399973,DOMAIN_PRIMARY,CSI_DEFENSE,399973,1215.93,1268.77,1215.93,1266.74,4.13,758592558.0,146.69,49.0,37.03,csindex:index_perf,399973,OFFICIAL_HISTORICAL_VALUATION_AVAILABLE,True,2024-07-26,OFFICIAL_DAILY_OBSERVATION_DATE_NO_INTRADAY_TIMESTAMP_CLAIM
2024-07-29,DEFENSE,DEFENSE_399973,DOMAIN_PRIMARY,CSI_DEFENSE,399973,1270.54,1280.77,1260.96,1270.05,0.26,815974849.0,147.26,49.0,37.11,csindex:index_perf,399973,OFFICIAL_HISTORICAL_VALUATION_AVAILABLE,True,2024-07-29,OFFICIAL_DAILY_OBSERVATION_DATE_NO_INTRADAY_TIMESTAMP_CLAIM
2024-07-30,DEFENSE,DEFENSE_399973,DOMAIN_PRIMARY,CSI_DEFENSE,399973,1266.76,1280.23,1250.0,1270.95,0.07,711990211.0,126.3,49.0,37.12,csindex:index_perf,399973,OFFICIAL_HISTORICAL_VALUATION_AVAILABLE,True,2024-07-30,OFFICIAL_DAILY_OBSERVATION_DATE_NO_INTRADAY_TIMESTAMP_CLAIM
2024-07-31,DEFENSE,DEFENSE_399973,DOMAIN_PRIMARY,CSI_DEFENSE,399973,1267.5,1291.71,1259.74,1290.23,1.52,888376770.0,163.34,49.0,37.68,csindex:index_perf,399973,OFFICIAL_HISTORICAL_VALUATION_AVAILABLE,True,2024-07-31,OFFICIAL_DAILY_OBSERVATION_DATE_NO_INTRADAY_TIMESTAMP_CLAIM
2024-08-01,DEFENSE,DEFENSE_399973,DOMAIN_PRIMARY,CSI_DEFENSE,399973,1288.61,1313.71,1287.57,1288.41,-0.14,967769010.0,174.08,49.0,37.67,csindex:index_perf,399973,OFFICIAL_HISTORICAL_VALUATION_AVAILABLE,True,2024-08-01,OFFICIAL_DAILY_OBSERVATION_DATE_NO_INTRADAY_TIMESTAMP_CLAIM
2024-08-02,DEFENSE,DEFENSE_399973,DOMAIN_PRIMARY,CSI_DEFENSE,399973,1276.94,1305.8,1270.65,1272.84,-1.21,819889082.0,142.69,49.0,37.23,csindex:index_perf,399973,OFFICIAL_HISTORICAL_VALUATION_AVAILABLE,True,2024-08-02,OFFICIAL_DAILY_OBSERVATION_DATE_NO_INTRADAY_TIMESTAMP_CLAIM
2024-08-05,DEFENSE,DEFENSE_399973,DOMAIN_PRIMARY,CSI_DEFENSE,399973,1268.76,1289.59,1242.18,1242.2,-2.41,774198421.0,134.81,49.0,36.38,csindex:index_perf,399973,OFFICIAL_HISTORICAL_VALUATION_AVAILABLE,True,2024-08-05,OFFICIAL_DAILY_OBSERVATION_DATE_NO_INTRADAY_TIMESTAMP_CLAIM
2024-08-06,DEFENSE,DEFENSE_399973,DOMAIN_PRIMARY,CSI_DEFENSE,399973,1253.49,1290.01,1250.46,1280.49,3.08,1025234551.0,156.74,49.0,37.47,csindex:index_perf,399973,OFFICIAL_HISTORICAL_VALUATION_AVAILABLE,True,2024-08-06,OFFICIAL_DAILY_OBSERVATION_DATE_NO_INTRADAY_TIMESTAMP_CLAIM
2024-08-07,DEFENSE,DEFENSE_399973,DOMAIN_PRIMARY,CSI_DEFENSE,399973,1279.54,1296.68,1272.2,1285.31,0.38,974755627.0,160.91,49.0,37.56,csindex:index_perf,399973,OFFICIAL_HISTORICAL_VALUATION_AVAILABLE,True,2024-08-07,OFFICIAL_DAILY_OBSERVATION_DATE_NO_INTRADAY_TIMESTAMP_CLAIM
2024-08-08,DEFENSE,DEFENSE_399973,DOMAIN_PRIMARY,CSI_DEFENSE,399973,1278.59,1278.59,1234.81,1240.86,-3.46,822415573.0,142.79,49.0,36.26,csindex:index_perf,399973,OFFICIAL_HISTORICAL_VALUATION_AVAILABLE,True,2024-08-08,OFFICIAL_DAILY_OBSERVATION_DATE_NO_INTRADAY_TIMESTAMP_CLAIM
2024-08-09,DEFENSE,DEFENSE_399973,DOMAIN_PRIMARY,CSI_DEFENSE,399973,1243.66,1252.08,1228.85,1229.36,-0.93,497830972.0,84.32,49.0,35.95,csindex:index_perf,399973,OFFICIAL_HISTORICAL_VALUATION_AVAILABLE,True,2024-08-09,OFFICIAL_DAILY_OBSERVATION_DATE_NO_INTRADAY_TIMESTAMP_CLAIM
2024-08-12,DEFENSE,DEFENSE_399973,DOMAIN_PRIMARY,CSI_DEFENSE,399973,1225.63,1226.17,1210.65,1217.44,-0.97,464411243.0,74.8,49.0,35.64,csindex:index_perf,399973,OFFICIAL_HISTORICAL_VALUATION_AVAILABLE,True,2024-08-12,OFFICIAL_DAILY_OBSERVATION_DATE_NO_INTRADAY_TIMESTAMP_CLAIM
2024-08-13,DEFENSE,DEFENSE_399973,DOMAIN_PRIMARY,CSI_DEFENSE,399973,1217.39,1230.95,1217.39,1230.92,1.11,427818030.0,71.69,49.0,36.03,csindex:index_perf,399973,OFFICIAL_HISTORICAL_VALUATION_AVAILABLE,True,2024-08-13,OFFICIAL_DAILY_OBSERVATION_DATE_NO_INTRADAY_TIMESTAMP_CLAIM
2024-08-14,DEFENSE,DEFENSE_399973,DOMAIN_PRIMARY,CSI_DEFENSE,399973,1228.52,1229.53,1210.81,1210.81,-1.63,351314044.0,59.49,49.0,35.44,csindex:index_perf,399973,OFFICIAL_HISTORICAL_VALUATION_AVAILABLE,True,2024-08-14,OFFICIAL_DAILY_OBSERVATION_DATE_NO_INTRADAY_TIMESTAMP_CLAIM
2024-08-15,DEFENSE,DEFENSE_399973,DOMAIN_PRIMARY,CSI_DEFENSE,399973,1208.54,1225.92,1205.76,1214.16,0.28,418664507.0,69.69,49.0,35.53,csindex:index_perf,399973,OFFICIAL_HISTORICAL_VALUATION_AVAILABLE,True,2024-08-15,OFFICIAL_DAILY_OBSERVATION_DATE_NO_INTRADAY_TIMESTAMP_CLAIM
2024-08-16,DEFENSE,DEFENSE_399973,DOMAIN_PRIMARY,CSI_DEFENSE,399973,1216.87,1217.65,1188.88,1191.06,-1.9,474245888.0,81.36,49.0,34.83,csindex:index_perf,399973,OFFICIAL_HISTORICAL_VALUATION_AVAILABLE,True,2024-08-16,OFFICIAL_DAILY_OBSERVATION_DATE_NO_INTRADAY_TIMESTAMP_CLAIM
2024-08-19,DEFENSE,DEFENSE_399973,DOMAIN_PRIMARY,CSI_DEFENSE,399973,1186.77,1202.52,1185.64,1186.3,-0.4,373221054.0,65.48,49.0,34.69,csindex:index_perf,399973,OFFICIAL_HISTORICAL_VALUATION_AVAILABLE,True,2024-08-19,OFFICIAL_DAILY_OBSERVATION_DATE_NO_INTRADAY_TIMESTAMP_CLAIM
2024-08-20,DEFENSE,DEFENSE_399973,DOMAIN_PRIMARY,CSI_DEFENSE,399973,1185.92,1189.39,1161.63,1167.84,-1.56,418867200.0,72.69,49.0,34.17,csindex:index_perf,399973,OFFICIAL_HISTORICAL_VALUATION_AVAILABLE,True,2024-08-20,OFFICIAL_DAILY_OBSERVATION_DATE_NO_INTRADAY_TIMESTAMP_CLAIM
2024-08-21,DEFENSE,DEFENSE_399973,DOMAIN_PRIMARY,CSI_DEFENSE,399973,1163.15,1171.49,1157.18,1158.1,-0.83,307655403.0,52.69,49.0,33.89,csindex:index_perf,399973,OFFICIAL_HISTORICAL_VALUATION_AVAILABLE,True,2024-08-21,OFFICIAL_DAILY_OBSERVATION_DATE_NO_INTRADAY_TIMESTAMP_CLAIM
2024-08-22,DEFENSE,DEFENSE_399973,DOMAIN_PRIMARY,CSI_DEFENSE,399973,1158.15,1167.05,1147.32,1154.64,-0.3,376580145.0,63.52,49.0,33.82,csindex:index_perf,399973,OFFICIAL_HISTORICAL_VALUATION_AVAILABLE,True,2024-08-22,OFFICIAL_DAILY_OBSERVATION_DATE_NO_INTRADAY_TIMESTAMP_CLAIM
2024-08-23,DEFENSE,DEFENSE_399973,DOMAIN_PRIMARY,CSI_DEFENSE,399973,1152.69,1158.83,1145.78,1155.88,0.11,338535122.0,55.27,49.0,33.87,csindex:index_perf,399973,OFFICIAL_HISTORICAL_VALUATION_AVAILABLE,True,2024-08-23,OFFICIAL_DAILY_OBSERVATION_DATE_NO_INTRADAY_TIMESTAMP_CLAIM
2024-08-26,DEFENSE,DEFENSE_399973,DOMAIN_PRIMARY,CSI_DEFENSE,399973,1152.24,1153.04,1134.78,1142.48,-1.16,427109553.0,74.69,49.0,33.49,csindex:index_perf,399973,OFFICIAL_HISTORICAL_VALUATION_AVAILABLE,True,2024-08-26,OFFICIAL_DAILY_OBSERVATION_DATE_NO_INTRADAY_TIMESTAMP_CLAIM
2024-08-27,DEFENSE,DEFENSE_399973,DOMAIN_PRIMARY,CSI_DEFENSE,399973,1137.56,1138.32,1123.93,1126.52,-1.4,390115785.0,59.92,49.0,33.04,csindex:index_perf,399973,OFFICIAL_HISTORICAL_VALUATION_AVAILABLE,True,2024-08-27,OFFICIAL_DAILY_OBSERVATION_DATE_NO_INTRADAY_TIMESTAMP_CLAIM
2024-08-28,DEFENSE,DEFENSE_399973,DOMAIN_PRIMARY,CSI_DEFENSE,399973,1121.89,1144.4,1121.72,1140.83,1.27,394210356.0,70.14,49.0,33.44,csindex:index_perf,399973,OFFICIAL_HISTORICAL_VALUATION_AVAILABLE,True,2024-08-28,OFFICIAL_DAILY_OBSERVATION_DATE_NO_INTRADAY_TIMESTAMP_CLAIM
2024-08-29,DEFENSE,DEFENSE_399973,DOMAIN_PRIMARY,CSI_DEFENSE,399973,1136.09,1168.86,1135.25,1160.38,1.71,482652148.0,83.65,49.0,33.97,csindex:index_perf,399973,OFFICIAL_HISTORICAL_VALUATION_AVAILABLE,True,2024-08-29,OFFICIAL_DAILY_OBSERVATION_DATE_NO_INTRADAY_TIMESTAMP_CLAIM
2024-08-30,DEFENSE,DEFENSE_399973,DOMAIN_PRIMARY,CSI_DEFENSE,399973,1159.37,1191.11,1158.78,1178.12,1.53,558874445.0,101.94,49.0,34.47,csindex:index_perf,399973,OFFICIAL_HISTORICAL_VALUATION_AVAILABLE,True,2024-08-30,OFFICIAL_DAILY_OBSERVATION_DATE_NO_INTRADAY_TIMESTAMP_CLAIM
2024-09-02,DEFENSE,DEFENSE_399973,DOMAIN_PRIMARY,CSI_DEFENSE,399973,1173.64,1174.85,1148.35,1148.87,-2.48,477777579.0,79.3,49.0,35.84,csindex:index_perf,399973,OFFICIAL_HISTORICAL_VALUATION_AVAILABLE,True,2024-09-02,OFFICIAL_DAILY_OBSERVATION_DATE_NO_INTRADAY_TIMESTAMP_CLAIM
2024-09-03,DEFENSE,DEFENSE_399973,DOMAIN_PRIMARY,CSI_DEFENSE,399973,1150.44,1168.8,1150.44,1163.66,1.29,353253154.0,61.05,49.0,36.32,csindex:index_perf,399973,OFFICIAL_HISTORICAL_VALUATION_AVAILABLE,True,2024-09-03,OFFICIAL_DAILY_OBSERVATION_DATE_NO_INTRADAY_TIMESTAMP_CLAIM
2024-09-04,DEFENSE,DEFENSE_399973,DOMAIN_PRIMARY,CSI_DEFENSE,399973,1157.78,1169.21,1152.67,1161.92,-0.15,318987787.0,51.3,49.0,36.27,csindex:index_perf,399973,OFFICIAL_HISTORICAL_VALUATION_AVAILABLE,True,2024-09-04,OFFICIAL_DAILY_OBSERVATION_DATE_NO_INTRADAY_TIMESTAMP_CLAIM
2024-09-05,DEFENSE,DEFENSE_399973,DOMAIN_PRIMARY,CSI_DEFENSE,399973,1163.05,1176.34,1161.43,1168.18,0.54,299658803.0,50.61,49.0,36.45,csindex:index_perf,399973,OFFICIAL_HISTORICAL_VALUATION_AVAILABLE,True,2024-09-05,OFFICIAL_DAILY_OBSERVATION_DATE_NO_INTRADAY_TIMESTAMP_CLAIM
2024-09-06,DEFENSE,DEFENSE_399973,DOMAIN_PRIMARY,CSI_DEFENSE,399973,1168.74,1170.07,1147.16,1147.61,-1.76,281763635.0,45.94,49.0,35.84,csindex:index_perf,399973,OFFICIAL_HISTORICAL_VALUATION_AVAILABLE,True,2024-09-06,OFFICIAL_DAILY_OBSERVATION_DATE_NO_INTRADAY_TIMESTAMP_CLAIM
2024-09-09,DEFENSE,DEFENSE_399973,DOMAIN_PRIMARY,CSI_DEFENSE,399973,1142.99,1154.41,1136.78,1142.8,-0.42,323356150.0,54.06,49.0,35.63,csindex:index_perf,399973,OFFICIAL_HISTORICAL_VALUATION_AVAILABLE,True,2024-09-09,OFFICIAL_DAILY_OBSERVATION_DATE_NO_INTRADAY_TIMESTAMP_CLAIM
2024-09-10,DEFENSE,DEFENSE_399973,DOMAIN_PRIMARY,CSI_DEFENSE,399973,1144.29,1148.47,1123.29,1144.18,0.12,350198872.0,57.08,49.0,35.66,csindex:index_perf,399973,OFFICIAL_HISTORICAL_VALUATION_AVAILABLE,True,2024-09-10,OFFICIAL_DAILY_OBSERVATION_DATE_NO_INTRADAY_TIMESTAMP_CLAIM
2024-09-11,DEFENSE,DEFENSE_399973,DOMAIN_PRIMARY,CSI_DEFENSE,399973,1139.66,1146.51,1136.27,1141.74,-0.21,252024818.0,42.65,49.0,35.59,csindex:index_perf,399973,OFFICIAL_HISTORICAL_VALUATION_AVAILABLE,True,2024-09-11,OFFICIAL_DAILY_OBSERVATION_DATE_NO_INTRADAY_TIMESTAMP_CLAIM
2024-09-12,DEFENSE,DEFENSE_399973,DOMAIN_PRIMARY,CSI_DEFENSE,399973,1143.68,1155.71,1133.66,1133.66,-0.71,271117521.0,43.99,49.0,35.35,csindex:index_perf,399973,OFFICIAL_HISTORICAL_VALUATION_AVAILABLE,True,2024-09-12,OFFICIAL_DAILY_OBSERVATION_DATE_NO_INTRADAY_TIMESTAMP_CLAIM
2024-09-13,DEFENSE,DEFENSE_399973,DOMAIN_PRIMARY,CSI_DEFENSE,399973,1134.09,1138.05,1121.36,1121.73,-1.05,277118375.0,46.32,49.0,35.01,csindex:index_perf,399973,OFFICIAL_HISTORICAL_VALUATION_AVAILABLE,True,2024-09-13,OFFICIAL_DAILY_OBSERVATION_DATE_NO_INTRADAY_TIMESTAMP_CLAIM
2024-09-18,DEFENSE,DEFENSE_399973,DOMAIN_PRIMARY,CSI_DEFENSE,399973,1121.48,1125.49,1100.22,1117.26,-0.4,360096529.0,56.82,49.0,34.82,csindex:index_perf,399973,OFFICIAL_HISTORICAL_VALUATION_AVAILABLE,True,2024-09-18,OFFICIAL_DAILY_OBSERVATION_DATE_NO_INTRADAY_TIMESTAMP_CLAIM
2024-09-19,DEFENSE,DEFENSE_399973,DOMAIN_PRIMARY,CSI_DEFENSE,399973,1121.6,1128.04,1098.72,1118.74,0.13,424910078.0,70.4,49.0,34.78,csindex:index_perf,399973,OFFICIAL_HISTORICAL_VALUATION_AVAILABLE,True,2024-09-19,OFFICIAL_DAILY_OBSERVATION_DATE_NO_INTRADAY_TIMESTAMP_CLAIM
2024-09-20,DEFENSE,DEFENSE_399973,DOMAIN_PRIMARY,CSI_DEFENSE,399973,1117.48,1119.71,1100.93,1111.54,-0.64,327311705.0,55.99,49.0,34.57,csindex:index_perf,399973,OFFICIAL_HISTORICAL_VALUATION_AVAILABLE,True,2024-09-20,OFFICIAL_DAILY_OBSERVATION_DATE_NO_INTRADAY_TIMESTAMP_CLAIM
2024-09-23,DEFENSE,DEFENSE_399973,DOMAIN_PRIMARY,CSI_DEFENSE,399973,1109.34,1126.03,1109.12,1114.34,0.25,384611857.0,59.88,49.0,34.65,csindex:index_perf,399973,OFFICIAL_HISTORICAL_VALUATION_AVAILABLE,True,2024-09-23,OFFICIAL_DAILY_OBSERVATION_DATE_NO_INTRADAY_TIMESTAMP_CLAIM
2024-09-24,DEFENSE,DEFENSE_399973,DOMAIN_PRIMARY,CSI_DEFENSE,399973,1119.58,1150.84,1109.86,1150.84,3.28,623636250.0,97.19,49.0,35.8,csindex:index_perf,399973,OFFICIAL_HISTORICAL_VALUATION_AVAILABLE,True,2024-09-24,OFFICIAL_DAILY_OBSERVATION_DATE_NO_INTRADAY_TIMESTAMP_CLAIM
2024-09-25,DEFENSE,DEFENSE_399973,DOMAIN_PRIMARY,CSI_DEFENSE,399973,1158.25,1181.74,1154.33,1162.23,0.99,742701847.0,121.7,49.0,36.14,csindex:index_perf,399973,OFFICIAL_HISTORICAL_VALUATION_AVAILABLE,True,2024-09-25,OFFICIAL_DAILY_OBSERVATION_DATE_NO_INTRADAY_TIMESTAMP_CLAIM
2024-09-26,DEFENSE,DEFENSE_399973,DOMAIN_PRIMARY,CSI_DEFENSE,399973,1159.78,1205.86,1157.59,1205.86,3.75,722426793.0,121.01,49.0,37.45,csindex:index_perf,399973,OFFICIAL_HISTORICAL_VALUATION_AVAILABLE,True,2024-09-26,OFFICIAL_DAILY_OBSERVATION_DATE_NO_INTRADAY_TIMESTAMP_CLAIM
2024-09-27,DEFENSE,DEFENSE_399973,DOMAIN_PRIMARY,CSI_DEFENSE,399973,1219.3,1271.39,1219.3,1266.27,5.01,859544363.0,154.45,49.0,39.3,csindex:index_perf,399973,OFFICIAL_HISTORICAL_VALUATION_AVAILABLE,True,2024-09-27,OFFICIAL_DAILY_OBSERVATION_DATE_NO_INTRADAY_TIMESTAMP_CLAIM
2024-09-30,DEFENSE,DEFENSE_399973,DOMAIN_PRIMARY,CSI_DEFENSE,399973,1317.75,1403.64,1304.31,1400.01,10.56,1759191208.0,343.96,49.0,43.49,csindex:index_perf,399973,OFFICIAL_HISTORICAL_VALUATION_AVAILABLE,True,2024-09-30,OFFICIAL_DAILY_OBSERVATION_DATE_NO_INTRADAY_TIMESTAMP_CLAIM
2024-10-08,DEFENSE,DEFENSE_399973,DOMAIN_PRIMARY,CSI_DEFENSE,399973,1570.46,1570.46,1447.98,1542.64,10.19,2247501552.0,511.33,49.0,48.0,csindex:index_perf,399973,OFFICIAL_HISTORICAL_VALUATION_AVAILABLE,True,2024-10-08,OFFICIAL_DAILY_OBSERVATION_DATE_NO_INTRADAY_TIMESTAMP_CLAIM
2024-10-09,DEFENSE,DEFENSE_399973,DOMAIN_PRIMARY,CSI_DEFENSE,399973,1500.86,1510.54,1417.45,1429.47,-7.34,1730274164.0,394.1,49.0,44.46,csindex:index_perf,399973,OFFICIAL_HISTORICAL_VALUATION_AVAILABLE,True,2024-10-09,OFFICIAL_DAILY_OBSERVATION_DATE_NO_INTRADAY_TIMESTAMP_CLAIM
2024-10-10,DEFENSE,DEFENSE_399973,DOMAIN_PRIMARY,CSI_DEFENSE,399973,1436.63,1483.04,1402.69,1428.83,-0.04,1346757838.0,318.38,49.0,44.58,csindex:index_perf,399973,OFFICIAL_HISTORICAL_VALUATION_AVAILABLE,True,2024-10-10,OFFICIAL_DAILY_OBSERVATION_DATE_NO_INTRADAY_TIMESTAMP_CLAIM
2024-10-11,DEFENSE,DEFENSE_399973,DOMAIN_PRIMARY,CSI_DEFENSE,399973,1417.53,1418.06,1335.22,1349.17,-5.58,1086132119.0,239.84,49.0,42.09,csindex:index_perf,399973,OFFICIAL_HISTORICAL_VALUATION_AVAILABLE,True,2024-10-11,OFFICIAL_DAILY_OBSERVATION_DATE_NO_INTRADAY_TIMESTAMP_CLAIM
2024-10-14,DEFENSE,DEFENSE_399973,DOMAIN_PRIMARY,CSI_DEFENSE,399973,1369.82,1420.86,1363.92,1415.8,4.94,1298861693.0,298.47,49.0,44.18,csindex:index_perf,399973,OFFICIAL_HISTORICAL_VALUATION_AVAILABLE,True,2024-10-14,OFFICIAL_DAILY_OBSERVATION_DATE_NO_INTRADAY_TIMESTAMP_CLAIM
2024-10-15,DEFENSE,DEFENSE_399973,DOMAIN_PRIMARY,CSI_DEFENSE,399973,1403.2,1447.39,1389.85,1404.48,-0.8,1317710025.0,301.54,49.0,43.71,csindex:index_perf,399973,OFFICIAL_HISTORICAL_VALUATION_AVAILABLE,True,2024-10-15,OFFICIAL_DAILY_OBSERVATION_DATE_NO_INTRADAY_TIMESTAMP_CLAIM
2024-10-16,DEFENSE,DEFENSE_399973,DOMAIN_PRIMARY,CSI_DEFENSE,399973,1385.62,1414.17,1377.09,1387.81,-1.19,987766505.0,207.75,49.0,43.18,csindex:index_perf,399973,OFFICIAL_HISTORICAL_VALUATION_AVAILABLE,True,2024-10-16,OFFICIAL_DAILY_OBSERVATION_DATE_NO_INTRADAY_TIMESTAMP_CLAIM
2024-10-17,DEFENSE,DEFENSE_399973,DOMAIN_PRIMARY,CSI_DEFENSE,399973,1391.34,1426.43,1391.34,1401.85,1.01,1247623974.0,250.5,49.0,43.56,csindex:index_perf,399973,OFFICIAL_HISTORICAL_VALUATION_AVAILABLE,True,2024-10-17,OFFICIAL_DAILY_OBSERVATION_DATE_NO_INTRADAY_TIMESTAMP_CLAIM
2024-10-18,DEFENSE,DEFENSE_399973,DOMAIN_PRIMARY,CSI_DEFENSE,399973,1396.91,1485.51,1386.64,1455.52,3.83,1628768896.0,338.88,49.0,45.23,csindex:index_perf,399973,OFFICIAL_HISTORICAL_VALUATION_AVAILABLE,True,2024-10-18,OFFICIAL_DAILY_OBSERVATION_DATE_NO_INTRADAY_TIMESTAMP_CLAIM
2024-10-21,DEFENSE,DEFENSE_399973,DOMAIN_PRIMARY,CSI_DEFENSE,399973,1473.53,1544.01,1473.53,1513.27,3.97,1986152669.0,446.0,49.0,47.06,csindex:index_perf,399973,OFFICIAL_HISTORICAL_VALUATION_AVAILABLE,True,2024-10-21,OFFICIAL_DAILY_OBSERVATION_DATE_NO_INTRADAY_TIMESTAMP_CLAIM
2024-10-22,DEFENSE,DEFENSE_399973,DOMAIN_PRIMARY,CSI_DEFENSE,399973,1513.87,1515.55,1478.68,1494.34,-1.25,1467178400.0,331.64,49.0,46.49,csindex:index_perf,399973,OFFICIAL_HISTORICAL_VALUATION_AVAILABLE,True,2024-10-22,OFFICIAL_DAILY_OBSERVATION_DATE_NO_INTRADAY_TIMESTAMP_CLAIM
2024-10-23,DEFENSE,DEFENSE_399973,DOMAIN_PRIMARY,CSI_DEFENSE,399973,1489.36,1573.71,1486.68,1534.1,2.66,1917814688.0,454.4,49.0,47.84,csindex:index_perf,399973,OFFICIAL_HISTORICAL_VALUATION_AVAILABLE,True,2024-10-23,OFFICIAL_DAILY_OBSERVATION_DATE_NO_INTRADAY_TIMESTAMP_CLAIM
2024-10-24,DEFENSE,DEFENSE_399973,DOMAIN_PRIMARY,CSI_DEFENSE,399973,1526.91,1526.91,1486.13,1498.37,-2.33,1111546406.0,261.21,49.0,46.71,csindex:index_perf,399973,OFFICIAL_HISTORICAL_VALUATION_AVAILABLE,True,2024-10-24,OFFICIAL_DAILY_OBSERVATION_DATE_NO_INTRADAY_TIMESTAMP_CLAIM
2024-10-25,DEFENSE,DEFENSE_399973,DOMAIN_PRIMARY,CSI_DEFENSE,399973,1499.34,1521.51,1498.32,1513.06,0.98,1124984850.0,265.74,49.0,47.14,csindex:index_perf,399973,OFFICIAL_HISTORICAL_VALUATION_AVAILABLE,True,2024-10-25,OFFICIAL_DAILY_OBSERVATION_DATE_NO_INTRADAY_TIMESTAMP_CLAIM
2024-10-28,DEFENSE,DEFENSE_399973,DOMAIN_PRIMARY,CSI_DEFENSE,399973,1517.59,1553.61,1517.26,1530.42,1.15,1406890303.0,312.04,49.0,47.66,csindex:index_perf,399973,OFFICIAL_HISTORICAL_VALUATION_AVAILABLE,True,2024-10-28,OFFICIAL_DAILY_OBSERVATION_DATE_NO_INTRADAY_TIMESTAMP_CLAIM
2024-10-29,DEFENSE,DEFENSE_399973,DOMAIN_PRIMARY,CSI_DEFENSE,399973,1525.67,1538.26,1506.69,1508.28,-1.45,1438688414.0,312.52,49.0,46.91,csindex:index_perf,399973,OFFICIAL_HISTORICAL_VALUATION_AVAILABLE,True,2024-10-29,OFFICIAL_DAILY_OBSERVATION_DATE_NO_INTRADAY_TIMESTAMP_CLAIM
2024-10-30,DEFENSE,DEFENSE_399973,DOMAIN_PRIMARY,CSI_DEFENSE,399973,1496.72,1531.33,1494.79,1509.14,0.06,1300638097.0,288.97,49.0,46.85,csindex:index_perf,399973,OFFICIAL_HISTORICAL_VALUATION_AVAILABLE,True,2024-10-30,OFFICIAL_DAILY_OBSERVATION_DATE_NO_INTRADAY_TIMESTAMP_CLAIM
2024-10-31,DEFENSE,DEFENSE_399973,DOMAIN_PRIMARY,CSI_DEFENSE,399973,1501.47,1523.66,1486.8,1513.18,0.27,1551516160.0,339.11,49.0,46.9,csindex:index_perf,399973,OFFICIAL_HISTORICAL_VALUATION_AVAILABLE,True,2024-10-31,OFFICIAL_DAILY_OBSERVATION_DATE_NO_INTRADAY_TIMESTAMP_CLAIM
2024-11-01,DEFENSE,DEFENSE_399973,DOMAIN_PRIMARY,CSI_DEFENSE,399973,1505.2,1519.29,1463.91,1464.91,-3.19,1318439538.0,293.77,49.0,48.96,csindex:index_perf,399973,OFFICIAL_HISTORICAL_VALUATION_AVAILABLE,True,2024-11-01,OFFICIAL_DAILY_OBSERVATION_DATE_NO_INTRADAY_TIMESTAMP_CLAIM
2024-11-04,DEFENSE,DEFENSE_399973,DOMAIN_PRIMARY,CSI_DEFENSE,399973,1463.46,1518.78,1463.46,1511.04,3.15,1178286807.0,256.92,49.0,50.58,csindex:index_perf,399973,OFFICIAL_HISTORICAL_VALUATION_AVAILABLE,True,2024-11-04,OFFICIAL_DAILY_OBSERVATION_DATE_NO_INTRADAY_TIMESTAMP_CLAIM
2024-11-05,DEFENSE,DEFENSE_399973,DOMAIN_PRIMARY,CSI_DEFENSE,399973,1535.3,1616.05,1535.3,1614.51,6.85,1993754526.0,490.77,49.0,54.2,csindex:index_perf,399973,OFFICIAL_HISTORICAL_VALUATION_AVAILABLE,True,2024-11-05,OFFICIAL_DAILY_OBSERVATION_DATE_NO_INTRADAY_TIMESTAMP_CLAIM
2024-11-06,DEFENSE,DEFENSE_399973,DOMAIN_PRIMARY,CSI_DEFENSE,399973,1657.19,1666.16,1616.6,1626.32,0.73,2056654824.0,540.09,49.0,54.75,csindex:index_perf,399973,OFFICIAL_HISTORICAL_VALUATION_AVAILABLE,True,2024-11-06,OFFICIAL_DAILY_OBSERVATION_DATE_NO_INTRADAY_TIMESTAMP_CLAIM
2024-11-07,DEFENSE,DEFENSE_399973,DOMAIN_PRIMARY,CSI_DEFENSE,399973,1601.16,1601.38,1550.13,1594.86,-1.93,1694884778.0,451.78,49.0,53.58,csindex:index_perf,399973,OFFICIAL_HISTORICAL_VALUATION_AVAILABLE,True,2024-11-07,OFFICIAL_DAILY_OBSERVATION_DATE_NO_INTRADAY_TIMESTAMP_CLAIM
2024-11-08,DEFENSE,DEFENSE_399973,DOMAIN_PRIMARY,CSI_DEFENSE,399973,1600.22,1661.16,1600.22,1643.75,3.07,1941369067.0,515.86,49.0,55.41,csindex:index_perf,399973,OFFICIAL_HISTORICAL_VALUATION_AVAILABLE,True,2024-11-08,OFFICIAL_DAILY_OBSERVATION_DATE_NO_INTRADAY_TIMESTAMP_CLAIM
2024-11-11,DEFENSE,DEFENSE_399973,DOMAIN_PRIMARY,CSI_DEFENSE,399973,1657.55,1680.96,1626.75,1679.68,2.19,2048428979.0,515.6,49.0,56.4,csindex:index_perf,399973,OFFICIAL_HISTORICAL_VALUATION_AVAILABLE,True,2024-11-11,OFFICIAL_DAILY_OBSERVATION_DATE_NO_INTRADAY_TIMESTAMP_CLAIM
2024-11-12,DEFENSE,DEFENSE_399973,DOMAIN_PRIMARY,CSI_DEFENSE,399973,1681.3,1682.21,1594.1,1611.11,-4.08,1716832883.0,445.83,49.0,53.98,csindex:index_perf,399973,OFFICIAL_HISTORICAL_VALUATION_AVAILABLE,True,2024-11-12,OFFICIAL_DAILY_OBSERVATION_DATE_NO_INTRADAY_TIMESTAMP_CLAIM
2024-11-13,DEFENSE,DEFENSE_399973,DOMAIN_PRIMARY,CSI_DEFENSE,399973,1599.19,1615.07,1573.28,1601.05,-0.62,1114171132.0,268.3,49.0,53.7,csindex:index_perf,399973,OFFICIAL_HISTORICAL_VALUATION_AVAILABLE,True,2024-11-13,OFFICIAL_DAILY_OBSERVATION_DATE_NO_INTRADAY_TIMESTAMP_CLAIM
2024-11-14,DEFENSE,DEFENSE_399973,DOMAIN_PRIMARY,CSI_DEFENSE,399973,1599.38,1599.38,1536.07,1539.14,-3.87,1051813991.0,254.34,49.0,51.62,csindex:index_perf,399973,OFFICIAL_HISTORICAL_VALUATION_AVAILABLE,True,2024-11-14,OFFICIAL_DAILY_OBSERVATION_DATE_NO_INTRADAY_TIMESTAMP_CLAIM
2024-11-15,DEFENSE,DEFENSE_399973,DOMAIN_PRIMARY,CSI_DEFENSE,399973,1533.29,1542.75,1485.45,1485.45,-3.49,1000794324.0,242.79,49.0,49.8,csindex:index_perf,399973,OFFICIAL_HISTORICAL_VALUATION_AVAILABLE,True,2024-11-15,OFFICIAL_DAILY_OBSERVATION_DATE_NO_INTRADAY_TIMESTAMP_CLAIM
2024-11-18,DEFENSE,DEFENSE_399973,DOMAIN_PRIMARY,CSI_DEFENSE,399973,1487.69,1499.55,1457.48,1467.52,-1.21,989693460.0,226.54,49.0,49.21,csindex:index_perf,399973,OFFICIAL_HISTORICAL_VALUATION_AVAILABLE,True,2024-11-18,OFFICIAL_DAILY_OBSERVATION_DATE_NO_INTRADAY_TIMESTAMP_CLAIM
2024-11-19,DEFENSE,DEFENSE_399973,DOMAIN_PRIMARY,CSI_DEFENSE,399973,1474.49,1490.59,1448.25,1489.82,1.52,845205514.0,195.1,49.0,49.95,csindex:index_perf,399973,OFFICIAL_HISTORICAL_VALUATION_AVAILABLE,True,2024-11-19,OFFICIAL_DAILY_OBSERVATION_DATE_NO_INTRADAY_TIMESTAMP_CLAIM
2024-11-20,DEFENSE,DEFENSE_399973,DOMAIN_PRIMARY,CSI_DEFENSE,399973,1488.61,1514.16,1479.59,1510.23,1.37,918813966.0,211.02,49.0,50.64,csindex:index_perf,399973,OFFICIAL_HISTORICAL_VALUATION_AVAILABLE,True,2024-11-20,OFFICIAL_DAILY_OBSERVATION_DATE_NO_INTRADAY_TIMESTAMP_CLAIM
2024-11-21,DEFENSE,DEFENSE_399973,DOMAIN_PRIMARY,CSI_DEFENSE,399973,1508.57,1515.98,1493.58,1505.81,-0.29,684417329.0,164.87,49.0,50.5,csindex:index_perf,399973,OFFICIAL_HISTORICAL_VALUATION_AVAILABLE,True,2024-11-21,OFFICIAL_DAILY_OBSERVATION_DATE_NO_INTRADAY_TIMESTAMP_CLAIM
2024-11-22,DEFENSE,DEFENSE_399973,DOMAIN_PRIMARY,CSI_DEFENSE,399973,1504.06,1508.19,1453.41,1453.41,-3.48,1251959694.0,275.47,49.0,48.74,csindex:index_perf,399973,OFFICIAL_HISTORICAL_VALUATION_AVAILABLE,True,2024-11-22,OFFICIAL_DAILY_OBSERVATION_DATE_NO_INTRADAY_TIMESTAMP_CLAIM
2024-11-25,DEFENSE,DEFENSE_399973,DOMAIN_PRIMARY,CSI_DEFENSE,399973,1445.02,1450.9,1407.18,1431.31,-1.52,1119277604.0,242.96,49.0,47.93,csindex:index_perf,399973,OFFICIAL_HISTORICAL_VALUATION_AVAILABLE,True,2024-11-25,OFFICIAL_DAILY_OBSERVATION_DATE_NO_INTRADAY_TIMESTAMP_CLAIM
2024-11-26,DEFENSE,DEFENSE_399973,DOMAIN_PRIMARY,CSI_DEFENSE,399973,1427.78,1444.1,1420.55,1421.48,-0.69,756125646.0,159.41,49.0,47.66,csindex:index_perf,399973,OFFICIAL_HISTORICAL_VALUATION_AVAILABLE,True,2024-11-26,OFFICIAL_DAILY_OBSERVATION_DATE_NO_INTRADAY_TIMESTAMP_CLAIM
2024-11-27,DEFENSE,DEFENSE_399973,DOMAIN_PRIMARY,CSI_DEFENSE,399973,1415.2,1471.45,1400.61,1470.65,3.46,1117457839.0,244.39,49.0,49.32,csindex:index_perf,399973,OFFICIAL_HISTORICAL_VALUATION_AVAILABLE,True,2024-11-27,OFFICIAL_DAILY_OBSERVATION_DATE_NO_INTRADAY_TIMESTAMP_CLAIM
2024-11-28,DEFENSE,DEFENSE_399973,DOMAIN_PRIMARY,CSI_DEFENSE,399973,1469.91,1493.73,1461.1,1462.64,-0.54,893950819.0,210.76,49.0,49.0,csindex:index_perf,399973,OFFICIAL_HISTORICAL_VALUATION_AVAILABLE,True,2024-11-28,OFFICIAL_DAILY_OBSERVATION_DATE_NO_INTRADAY_TIMESTAMP_CLAIM
2024-11-29,DEFENSE,DEFENSE_399973,DOMAIN_PRIMARY,CSI_DEFENSE,399973,1455.57,1490.02,1445.79,1479.58,1.16,903115683.0,203.05,49.0,49.57,csindex:index_perf,399973,OFFICIAL_HISTORICAL_VALUATION_AVAILABLE,True,2024-11-29,OFFICIAL_DAILY_OBSERVATION_DATE_NO_INTRADAY_TIMESTAMP_CLAIM
2024-12-02,DEFENSE,DEFENSE_399973,DOMAIN_PRIMARY,CSI_DEFENSE,399973,1478.55,1497.06,1474.6,1490.15,0.71,848045002.0,196.08,49.0,49.86,csindex:index_perf,399973,OFFICIAL_HISTORICAL_VALUATION_AVAILABLE,True,2024-12-02,OFFICIAL_DAILY_OBSERVATION_DATE_NO_INTRADAY_TIMESTAMP_CLAIM
2024-12-03,DEFENSE,DEFENSE_399973,DOMAIN_PRIMARY,CSI_DEFENSE,399973,1489.94,1490.45,1462.0,1473.12,-1.14,747219789.0,167.37,49.0,49.23,csindex:index_perf,399973,OFFICIAL_HISTORICAL_VALUATION_AVAILABLE,True,2024-12-03,OFFICIAL_DAILY_OBSERVATION_DATE_NO_INTRADAY_TIMESTAMP_CLAIM
2024-12-04,DEFENSE,DEFENSE_399973,DOMAIN_PRIMARY,CSI_DEFENSE,399973,1471.63,1473.53,1444.29,1449.66,-1.59,669684193.0,146.28,49.0,48.46,csindex:index_perf,399973,OFFICIAL_HISTORICAL_VALUATION_AVAILABLE,True,2024-12-04,OFFICIAL_DAILY_OBSERVATION_DATE_NO_INTRADAY_TIMESTAMP_CLAIM
2024-12-05,DEFENSE,DEFENSE_399973,DOMAIN_PRIMARY,CSI_DEFENSE,399973,1445.98,1476.22,1445.75,1467.08,1.2,685701493.0,147.67,49.0,49.01,csindex:index_perf,399973,OFFICIAL_HISTORICAL_VALUATION_AVAILABLE,True,2024-12-05,OFFICIAL_DAILY_OBSERVATION_DATE_NO_INTRADAY_TIMESTAMP_CLAIM
2024-12-06,DEFENSE,DEFENSE_399973,DOMAIN_PRIMARY,CSI_DEFENSE,399973,1470.81,1488.99,1458.59,1480.83,0.94,837841248.0,182.38,49.0,49.49,csindex:index_perf,399973,OFFICIAL_HISTORICAL_VALUATION_AVAILABLE,True,2024-12-06,OFFICIAL_DAILY_OBSERVATION_DATE_NO_INTRADAY_TIMESTAMP_CLAIM
2024-12-09,DEFENSE,DEFENSE_399973,DOMAIN_PRIMARY,CSI_DEFENSE,399973,1476.67,1476.67,1448.27,1456.49,-1.64,719347208.0,160.75,49.0,48.69,csindex:index_perf,399973,OFFICIAL_HISTORICAL_VALUATION_AVAILABLE,True,2024-12-09,OFFICIAL_DAILY_OBSERVATION_DATE_NO_INTRADAY_TIMESTAMP_CLAIM
2024-12-10,DEFENSE,DEFENSE_399973,DOMAIN_PRIMARY,CSI_DEFENSE,399973,1495.99,1498.09,1471.83,1473.76,1.19,1084926597.0,236.42,49.0,49.22,csindex:index_perf,399973,OFFICIAL_HISTORICAL_VALUATION_AVAILABLE,True,2024-12-10,OFFICIAL_DAILY_OBSERVATION_DATE_NO_INTRADAY_TIMESTAMP_CLAIM
2024-12-11,DEFENSE,DEFENSE_399973,DOMAIN_PRIMARY,CSI_DEFENSE,399973,1470.9,1479.07,1466.76,1478.66,0.33,767296021.0,167.79,49.0,49.37,csindex:index_perf,399973,OFFICIAL_HISTORICAL_VALUATION_AVAILABLE,True,2024-12-11,OFFICIAL_DAILY_OBSERVATION_DATE_NO_INTRADAY_TIMESTAMP_CLAIM
2024-12-12,DEFENSE,DEFENSE_399973,DOMAIN_PRIMARY,CSI_DEFENSE,399973,1485.23,1513.23,1485.23,1508.03,1.99,1050760582.0,258.55,49.0,50.39,csindex:index_perf,399973,OFFICIAL_HISTORICAL_VALUATION_AVAILABLE,True,2024-12-12,OFFICIAL_DAILY_OBSERVATION_DATE_NO_INTRADAY_TIMESTAMP_CLAIM
2024-12-13,DEFENSE,DEFENSE_399973,DOMAIN_PRIMARY,CSI_DEFENSE,399973,1496.99,1497.02,1459.4,1460.88,-3.13,1002389917.0,223.13,49.0,48.81,csindex:index_perf,399973,OFFICIAL_HISTORICAL_VALUATION_AVAILABLE,True,2024-12-13,OFFICIAL_DAILY_OBSERVATION_DATE_NO_INTRADAY_TIMESTAMP_CLAIM
2024-12-16,DEFENSE,DEFENSE_399973,DOMAIN_PRIMARY,CSI_DEFENSE,399973,1458.6,1460.48,1434.92,1441.19,-1.35,795360616.0,176.22,50.0,47.4,csindex:index_perf,399973,OFFICIAL_HISTORICAL_VALUATION_AVAILABLE,True,2024-12-16,OFFICIAL_DAILY_OBSERVATION_DATE_NO_INTRADAY_TIMESTAMP_CLAIM
2024-12-17,DEFENSE,DEFENSE_399973,DOMAIN_PRIMARY,CSI_DEFENSE,399973,1439.22,1448.46,1422.65,1425.78,-1.07,626537270.0,141.53,50.0,46.92,csindex:index_perf,399973,OFFICIAL_HISTORICAL_VALUATION_AVAILABLE,True,2024-12-17,OFFICIAL_DAILY_OBSERVATION_DATE_NO_INTRADAY_TIMESTAMP_CLAIM
2024-12-18,DEFENSE,DEFENSE_399973,DOMAIN_PRIMARY,CSI_DEFENSE,399973,1430.01,1444.14,1428.23,1437.9,0.85,541643537.0,133.13,50.0,47.34,csindex:index_perf,399973,OFFICIAL_HISTORICAL_VALUATION_AVAILABLE,True,2024-12-18,OFFICIAL_DAILY_OBSERVATION_DATE_NO_INTRADAY_TIMESTAMP_CLAIM
2024-12-19,DEFENSE,DEFENSE_399973,DOMAIN_PRIMARY,CSI_DEFENSE,399973,1423.93,1437.04,1414.13,1434.3,-0.25,505041437.0,120.63,50.0,47.22,csindex:index_perf,399973,OFFICIAL_HISTORICAL_VALUATION_AVAILABLE,True,2024-12-19,OFFICIAL_DAILY_OBSERVATION_DATE_NO_INTRADAY_TIMESTAMP_CLAIM
2024-12-20,DEFENSE,DEFENSE_399973,DOMAIN_PRIMARY,CSI_DEFENSE,399973,1431.81,1455.57,1429.66,1448.88,1.02,549678234.0,141.57,50.0,47.7,csindex:index_perf,399973,OFFICIAL_HISTORICAL_VALUATION_AVAILABLE,True,2024-12-20,OFFICIAL_DAILY_OBSERVATION_DATE_NO_INTRADAY_TIMESTAMP_CLAIM
2024-12-23,DEFENSE,DEFENSE_399973,DOMAIN_PRIMARY,CSI_DEFENSE,399973,1446.81,1446.97,1414.47,1415.7,-2.29,669274553.0,157.48,50.0,46.64,csindex:index_perf,399973,OFFICIAL_HISTORICAL_VALUATION_AVAILABLE,True,2024-12-23,OFFICIAL_DAILY_OBSERVATION_DATE_NO_INTRADAY_TIMESTAMP_CLAIM
2024-12-24,DEFENSE,DEFENSE_399973,DOMAIN_PRIMARY,CSI_DEFENSE,399973,1417.09,1428.06,1412.34,1420.47,0.34,535958346.0,130.98,50.0,46.77,csindex:index_perf,399973,OFFICIAL_HISTORICAL_VALUATION_AVAILABLE,True,2024-12-24,OFFICIAL_DAILY_OBSERVATION_DATE_NO_INTRADAY_TIMESTAMP_CLAIM
2024-12-25,DEFENSE,DEFENSE_399973,DOMAIN_PRIMARY,CSI_DEFENSE,399973,1419.01,1419.63,1396.06,1410.96,-0.67,603729452.0,145.97,50.0,46.53,csindex:index_perf,399973,OFFICIAL_HISTORICAL_VALUATION_AVAILABLE,True,2024-12-25,OFFICIAL_DAILY_OBSERVATION_DATE_NO_INTRADAY_TIMESTAMP_CLAIM
2024-12-26,DEFENSE,DEFENSE_399973,DOMAIN_PRIMARY,CSI_DEFENSE,399973,1419.44,1446.98,1419.44,1434.16,1.64,717082949.0,187.03,50.0,47.33,csindex:index_perf,399973,OFFICIAL_HISTORICAL_VALUATION_AVAILABLE,True,2024-12-26,OFFICIAL_DAILY_OBSERVATION_DATE_NO_INTRADAY_TIMESTAMP_CLAIM
2024-12-27,DEFENSE,DEFENSE_399973,DOMAIN_PRIMARY,CSI_DEFENSE,399973,1474.28,1480.31,1452.95,1454.55,1.42,1058617307.0,289.99,50.0,48.01,csindex:index_perf,399973,OFFICIAL_HISTORICAL_VALUATION_AVAILABLE,True,2024-12-27,OFFICIAL_DAILY_OBSERVATION_DATE_NO_INTRADAY_TIMESTAMP_CLAIM
2024-12-30,DEFENSE,DEFENSE_399973,DOMAIN_PRIMARY,CSI_DEFENSE,399973,1457.85,1466.84,1442.94,1449.69,-0.33,741841878.0,190.68,50.0,47.92,csindex:index_perf,399973,OFFICIAL_HISTORICAL_VALUATION_AVAILABLE,True,2024-12-30,OFFICIAL_DAILY_OBSERVATION_DATE_NO_INTRADAY_TIMESTAMP_CLAIM
2024-12-31,DEFENSE,DEFENSE_399973,DOMAIN_PRIMARY,CSI_DEFENSE,399973,1448.47,1449.66,1423.23,1425.03,-1.7,773057414.0,192.46,50.0,47.28,csindex:index_perf,399973,OFFICIAL_HISTORICAL_VALUATION_AVAILABLE,True,2024-12-31,OFFICIAL_DAILY_OBSERVATION_DATE_NO_INTRADAY_TIMESTAMP_CLAIM
2025-01-02,DEFENSE,DEFENSE_399973,DOMAIN_PRIMARY,CSI_DEFENSE,399973,1416.28,1416.57,1351.67,1362.64,-4.38,783456645.0,183.13,50.0,45.15,csindex:index_perf,399973,OFFICIAL_HISTORICAL_VALUATION_AVAILABLE,True,2025-01-02,OFFICIAL_DAILY_OBSERVATION_DATE_NO_INTRADAY_TIMESTAMP_CLAIM
2025-01-03,DEFENSE,DEFENSE_399973,DOMAIN_PRIMARY,CSI_DEFENSE,399973,1361.07,1364.84,1323.43,1325.31,-2.74,660815003.0,146.06,50.0,43.88,csindex:index_perf,399973,OFFICIAL_HISTORICAL_VALUATION_AVAILABLE,True,2025-01-03,OFFICIAL_DAILY_OBSERVATION_DATE_NO_INTRADAY_TIMESTAMP_CLAIM
2025-01-06,DEFENSE,DEFENSE_399973,DOMAIN_PRIMARY,CSI_DEFENSE,399973,1322.37,1333.11,1301.13,1312.08,-1.0,521454663.0,112.19,50.0,43.4,csindex:index_perf,399973,OFFICIAL_HISTORICAL_VALUATION_AVAILABLE,True,2025-01-06,OFFICIAL_DAILY_OBSERVATION_DATE_NO_INTRADAY_TIMESTAMP_CLAIM
2025-01-07,DEFENSE,DEFENSE_399973,DOMAIN_PRIMARY,CSI_DEFENSE,399973,1314.92,1333.31,1314.89,1333.05,1.6,490219509.0,104.72,50.0,44.06,csindex:index_perf,399973,OFFICIAL_HISTORICAL_VALUATION_AVAILABLE,True,2025-01-07,OFFICIAL_DAILY_OBSERVATION_DATE_NO_INTRADAY_TIMESTAMP_CLAIM
2025-01-08,DEFENSE,DEFENSE_399973,DOMAIN_PRIMARY,CSI_DEFENSE,399973,1328.95,1330.36,1281.78,1314.35,-1.4,680848942.0,140.75,50.0,43.39,csindex:index_perf,399973,OFFICIAL_HISTORICAL_VALUATION_AVAILABLE,True,2025-01-08,OFFICIAL_DAILY_OBSERVATION_DATE_NO_INTRADAY_TIMESTAMP_CLAIM
2025-01-09,DEFENSE,DEFENSE_399973,DOMAIN_PRIMARY,CSI_DEFENSE,399973,1308.56,1357.63,1307.35,1348.84,2.62,688334844.0,158.77,50.0,44.59,csindex:index_perf,399973,OFFICIAL_HISTORICAL_VALUATION_AVAILABLE,True,2025-01-09,OFFICIAL_DAILY_OBSERVATION_DATE_NO_INTRADAY_TIMESTAMP_CLAIM
2025-01-10,DEFENSE,DEFENSE_399973,DOMAIN_PRIMARY,CSI_DEFENSE,399973,1342.35,1375.96,1333.76,1333.76,-1.12,603396391.0,137.84,50.0,44.09,csindex:index_perf,399973,OFFICIAL_HISTORICAL_VALUATION_AVAILABLE,True,2025-01-10,OFFICIAL_DAILY_OBSERVATION_DATE_NO_INTRADAY_TIMESTAMP_CLAIM
2025-01-13,DEFENSE,DEFENSE_399973,DOMAIN_PRIMARY,CSI_DEFENSE,399973,1320.02,1351.82,1315.1,1333.41,-0.03,452998014.0,98.99,50.0,44.05,csindex:index_perf,399973,OFFICIAL_HISTORICAL_VALUATION_AVAILABLE,True,2025-01-13,OFFICIAL_DAILY_OBSERVATION_DATE_NO_INTRADAY_TIMESTAMP_CLAIM
2025-01-14,DEFENSE,DEFENSE_399973,DOMAIN_PRIMARY,CSI_DEFENSE,399973,1335.23,1380.93,1328.56,1377.22,3.29,683607116.0,147.86,50.0,45.46,csindex:index_perf,399973,OFFICIAL_HISTORICAL_VALUATION_AVAILABLE,True,2025-01-14,OFFICIAL_DAILY_OBSERVATION_DATE_NO_INTRADAY_TIMESTAMP_CLAIM
2025-01-15,DEFENSE,DEFENSE_399973,DOMAIN_PRIMARY,CSI_DEFENSE,399973,1374.41,1377.53,1349.23,1351.04,-1.9,575556619.0,122.14,50.0,44.59,csindex:index_perf,399973,OFFICIAL_HISTORICAL_VALUATION_AVAILABLE,True,2025-01-15,OFFICIAL_DAILY_OBSERVATION_DATE_NO_INTRADAY_TIMESTAMP_CLAIM
2025-01-16,DEFENSE,DEFENSE_399973,DOMAIN_PRIMARY,CSI_DEFENSE,399973,1355.61,1373.1,1339.99,1346.38,-0.35,540577870.0,116.21,50.0,44.42,csindex:index_perf,399973,OFFICIAL_HISTORICAL_VALUATION_AVAILABLE,True,2025-01-16,OFFICIAL_DAILY_OBSERVATION_DATE_NO_INTRADAY_TIMESTAMP_CLAIM
2025-01-17,DEFENSE,DEFENSE_399973,DOMAIN_PRIMARY,CSI_DEFENSE,399973,1341.51,1383.47,1340.23,1372.24,1.92,579231096.0,140.75,50.0,45.26,csindex:index_perf,399973,OFFICIAL_HISTORICAL_VALUATION_AVAILABLE,True,2025-01-17,OFFICIAL_DAILY_OBSERVATION_DATE_NO_INTRADAY_TIMESTAMP_CLAIM
2025-01-20,DEFENSE,DEFENSE_399973,DOMAIN_PRIMARY,CSI_DEFENSE,399973,1375.64,1386.47,1370.5,1377.67,0.4,562381596.0,128.09,50.0,45.47,csindex:index_perf,399973,OFFICIAL_HISTORICAL_VALUATION_AVAILABLE,True,2025-01-20,OFFICIAL_DAILY_OBSERVATION_DATE_NO_INTRADAY_TIMESTAMP_CLAIM
2025-01-21,DEFENSE,DEFENSE_399973,DOMAIN_PRIMARY,CSI_DEFENSE,399973,1380.81,1381.3,1356.55,1365.77,-0.86,467028518.0,111.55,50.0,45.06,csindex:index_perf,399973,OFFICIAL_HISTORICAL_VALUATION_AVAILABLE,True,2025-01-21,OFFICIAL_DAILY_OBSERVATION_DATE_NO_INTRADAY_TIMESTAMP_CLAIM
2025-01-22,DEFENSE,DEFENSE_399973,DOMAIN_PRIMARY,CSI_DEFENSE,399973,1363.37,1363.37,1345.38,1355.61,-0.74,464854837.0,112.66,50.0,44.72,csindex:index_perf,399973,OFFICIAL_HISTORICAL_VALUATION_AVAILABLE,True,2025-01-22,OFFICIAL_DAILY_OBSERVATION_DATE_NO_INTRADAY_TIMESTAMP_CLAIM
2025-01-23,DEFENSE,DEFENSE_399973,DOMAIN_PRIMARY,CSI_DEFENSE,399973,1365.89,1379.25,1347.45,1347.45,-0.6,647988372.0,140.97,50.0,44.55,csindex:index_perf,399973,OFFICIAL_HISTORICAL_VALUATION_AVAILABLE,True,2025-01-23,OFFICIAL_DAILY_OBSERVATION_DATE_NO_INTRADAY_TIMESTAMP_CLAIM
2025-01-24,DEFENSE,DEFENSE_399973,DOMAIN_PRIMARY,CSI_DEFENSE,399973,1345.69,1361.39,1343.44,1356.77,0.69,538267716.0,122.95,50.0,49.54,csindex:index_perf,399973,OFFICIAL_HISTORICAL_VALUATION_AVAILABLE,True,2025-01-24,OFFICIAL_DAILY_OBSERVATION_DATE_NO_INTRADAY_TIMESTAMP_CLAIM
2025-01-27,DEFENSE,DEFENSE_399973,DOMAIN_PRIMARY,CSI_DEFENSE,399973,1358.62,1365.54,1342.85,1342.85,-1.03,444837498.0,105.05,50.0,48.87,csindex:index_perf,399973,OFFICIAL_HISTORICAL_VALUATION_AVAILABLE,True,2025-01-27,OFFICIAL_DAILY_OBSERVATION_DATE_NO_INTRADAY_TIMESTAMP_CLAIM
2025-02-05,DEFENSE,DEFENSE_399973,DOMAIN_PRIMARY,CSI_DEFENSE,399973,1349.76,1358.01,1336.83,1349.07,0.46,502474190.0,118.91,50.0,48.94,csindex:index_perf,399973,OFFICIAL_HISTORICAL_VALUATION_AVAILABLE,True,2025-02-05,OFFICIAL_DAILY_OBSERVATION_DATE_NO_INTRADAY_TIMESTAMP_CLAIM
2025-02-06,DEFENSE,DEFENSE_399973,DOMAIN_PRIMARY,CSI_DEFENSE,399973,1346.79,1392.1,1339.85,1391.92,3.18,795854028.0,181.25,50.0,50.66,csindex:index_perf,399973,OFFICIAL_HISTORICAL_VALUATION_AVAILABLE,True,2025-02-06,OFFICIAL_DAILY_OBSERVATION_DATE_NO_INTRADAY_TIMESTAMP_CLAIM
2025-02-07,DEFENSE,DEFENSE_399973,DOMAIN_PRIMARY,CSI_DEFENSE,399973,1390.21,1415.79,1384.98,1401.43,0.68,820175849.0,193.08,50.0,50.97,csindex:index_perf,399973,OFFICIAL_HISTORICAL_VALUATION_AVAILABLE,True,2025-02-07,OFFICIAL_DAILY_OBSERVATION_DATE_NO_INTRADAY_TIMESTAMP_CLAIM
2025-02-10,DEFENSE,DEFENSE_399973,DOMAIN_PRIMARY,CSI_DEFENSE,399973,1404.45,1416.83,1399.69,1413.01,0.83,732345912.0,169.41,50.0,51.36,csindex:index_perf,399973,OFFICIAL_HISTORICAL_VALUATION_AVAILABLE,True,2025-02-10,OFFICIAL_DAILY_OBSERVATION_DATE_NO_INTRADAY_TIMESTAMP_CLAIM
2025-02-11,DEFENSE,DEFENSE_399973,DOMAIN_PRIMARY,CSI_DEFENSE,399973,1411.77,1411.77,1389.34,1398.99,-0.99,675843633.0,155.59,50.0,50.8,csindex:index_perf,399973,OFFICIAL_HISTORICAL_VALUATION_AVAILABLE,True,2025-02-11,OFFICIAL_DAILY_OBSERVATION_DATE_NO_INTRADAY_TIMESTAMP_CLAIM
2025-02-12,DEFENSE,DEFENSE_399973,DOMAIN_PRIMARY,CSI_DEFENSE,399973,1394.89,1408.46,1390.83,1408.43,0.67,670006525.0,146.79,50.0,51.13,csindex:index_perf,399973,OFFICIAL_HISTORICAL_VALUATION_AVAILABLE,True,2025-02-12,OFFICIAL_DAILY_OBSERVATION_DATE_NO_INTRADAY_TIMESTAMP_CLAIM
2025-02-13,DEFENSE,DEFENSE_399973,DOMAIN_PRIMARY,CSI_DEFENSE,399973,1409.72,1421.09,1396.7,1396.75,-0.83,699222187.0,175.42,50.0,50.93,csindex:index_perf,399973,OFFICIAL_HISTORICAL_VALUATION_AVAILABLE,True,2025-02-13,OFFICIAL_DAILY_OBSERVATION_DATE_NO_INTRADAY_TIMESTAMP_CLAIM
2025-02-14,DEFENSE,DEFENSE_399973,DOMAIN_PRIMARY,CSI_DEFENSE,399973,1393.65,1398.04,1376.24,1385.96,-0.77,699181712.0,166.62,50.0,50.56,csindex:index_perf,399973,OFFICIAL_HISTORICAL_VALUATION_AVAILABLE,True,2025-02-14,OFFICIAL_DAILY_OBSERVATION_DATE_NO_INTRADAY_TIMESTAMP_CLAIM
2025-02-17,DEFENSE,DEFENSE_399973,DOMAIN_PRIMARY,CSI_DEFENSE,399973,1387.06,1389.05,1367.44,1376.71,-0.67,701492358.0,168.72,50.0,43.88,csindex:index_perf,399973,OFFICIAL_HISTORICAL_VALUATION_AVAILABLE,True,2025-02-17,OFFICIAL_DAILY_OBSERVATION_DATE_NO_INTRADAY_TIMESTAMP_CLAIM
2025-02-18,DEFENSE,DEFENSE_399973,DOMAIN_PRIMARY,CSI_DEFENSE,399973,1376.73,1378.55,1337.32,1344.31,-2.35,663120172.0,157.33,50.0,42.9,csindex:index_perf,399973,OFFICIAL_HISTORICAL_VALUATION_AVAILABLE,True,2025-02-18,OFFICIAL_DAILY_OBSERVATION_DATE_NO_INTRADAY_TIMESTAMP_CLAIM
2025-02-19,DEFENSE,DEFENSE_399973,DOMAIN_PRIMARY,CSI_DEFENSE,399973,1343.64,1373.01,1343.46,1372.8,2.12,665259093.0,154.36,50.0,43.67,csindex:index_perf,399973,OFFICIAL_HISTORICAL_VALUATION_AVAILABLE,True,2025-02-19,OFFICIAL_DAILY_OBSERVATION_DATE_NO_INTRADAY_TIMESTAMP_CLAIM
2025-02-20,DEFENSE,DEFENSE_399973,DOMAIN_PRIMARY,CSI_DEFENSE,399973,1371.56,1406.61,1369.47,1404.54,2.31,1014323440.0,229.94,50.0,44.53,csindex:index_perf,399973,OFFICIAL_HISTORICAL_VALUATION_AVAILABLE,True,2025-02-20,OFFICIAL_DAILY_OBSERVATION_DATE_NO_INTRADAY_TIMESTAMP_CLAIM
2025-02-21,DEFENSE,DEFENSE_399973,DOMAIN_PRIMARY,CSI_DEFENSE,399973,1401.28,1419.5,1395.61,1415.18,0.76,1004806820.0,227.48,50.0,44.89,csindex:index_perf,399973,OFFICIAL_HISTORICAL_VALUATION_AVAILABLE,True,2025-02-21,OFFICIAL_DAILY_OBSERVATION_DATE_NO_INTRADAY_TIMESTAMP_CLAIM
2025-02-24,DEFENSE,DEFENSE_399973,DOMAIN_PRIMARY,CSI_DEFENSE,399973,1418.02,1434.63,1404.73,1420.31,0.36,1011600137.0,225.27,50.0,44.91,csindex:index_perf,399973,OFFICIAL_HISTORICAL_VALUATION_AVAILABLE,True,2025-02-24,OFFICIAL_DAILY_OBSERVATION_DATE_NO_INTRADAY_TIMESTAMP_CLAIM
2025-02-25,DEFENSE,DEFENSE_399973,DOMAIN_PRIMARY,CSI_DEFENSE,399973,1404.31,1422.12,1399.55,1410.64,-0.68,1002207306.0,212.3,50.0,44.69,csindex:index_perf,399973,OFFICIAL_HISTORICAL_VALUATION_AVAILABLE,True,2025-02-25,OFFICIAL_DAILY_OBSERVATION_DATE_NO_INTRADAY_TIMESTAMP_CLAIM
2025-02-26,DEFENSE,DEFENSE_399973,DOMAIN_PRIMARY,CSI_DEFENSE,399973,1410.98,1435.76,1409.24,1430.17,1.38,1102923501.0,240.37,50.0,45.24,csindex:index_perf,399973,OFFICIAL_HISTORICAL_VALUATION_AVAILABLE,True,2025-02-26,OFFICIAL_DAILY_OBSERVATION_DATE_NO_INTRADAY_TIMESTAMP_CLAIM
2025-02-27,DEFENSE,DEFENSE_399973,DOMAIN_PRIMARY,CSI_DEFENSE,399973,1429.7,1430.02,1393.98,1414.23,-1.11,906176859.0,202.66,50.0,44.82,csindex:index_perf,399973,OFFICIAL_HISTORICAL_VALUATION_AVAILABLE,True,2025-02-27,OFFICIAL_DAILY_OBSERVATION_DATE_NO_INTRADAY_TIMESTAMP_CLAIM
2025-02-28,DEFENSE,DEFENSE_399973,DOMAIN_PRIMARY,CSI_DEFENSE,399973,1407.41,1412.83,1375.74,1378.2,-2.55,858300325.0,192.8,50.0,43.73,csindex:index_perf,399973,OFFICIAL_HISTORICAL_VALUATION_AVAILABLE,True,2025-02-28,OFFICIAL_DAILY_OBSERVATION_DATE_NO_INTRADAY_TIMESTAMP_CLAIM
2025-03-03,DEFENSE,DEFENSE_399973,DOMAIN_PRIMARY,CSI_DEFENSE,399973,1379.02,1407.21,1378.72,1388.73,0.76,766952097.0,177.45,50.0,44.09,csindex:index_perf,399973,OFFICIAL_HISTORICAL_VALUATION_AVAILABLE,True,2025-03-03,OFFICIAL_DAILY_OBSERVATION_DATE_NO_INTRADAY_TIMESTAMP_CLAIM
2025-03-04,DEFENSE,DEFENSE_399973,DOMAIN_PRIMARY,CSI_DEFENSE,399973,1388.0,1444.24,1387.15,1438.47,3.58,1166659215.0,280.36,50.0,45.57,csindex:index_perf,399973,OFFICIAL_HISTORICAL_VALUATION_AVAILABLE,True,2025-03-04,OFFICIAL_DAILY_OBSERVATION_DATE_NO_INTRADAY_TIMESTAMP_CLAIM
2025-03-05,DEFENSE,DEFENSE_399973,DOMAIN_PRIMARY,CSI_DEFENSE,399973,1435.37,1454.26,1434.15,1441.89,0.24,949856019.0,226.94,50.0,45.58,csindex:index_perf,399973,OFFICIAL_HISTORICAL_VALUATION_AVAILABLE,True,2025-03-05,OFFICIAL_DAILY_OBSERVATION_DATE_NO_INTRADAY_TIMESTAMP_CLAIM
2025-03-06,DEFENSE,DEFENSE_399973,DOMAIN_PRIMARY,CSI_DEFENSE,399973,1446.88,1470.79,1438.56,1467.26,1.76,1095659246.0,256.2,50.0,46.27,csindex:index_perf,399973,OFFICIAL_HISTORICAL_VALUATION_AVAILABLE,True,2025-03-06,OFFICIAL_DAILY_OBSERVATION_DATE_NO_INTRADAY_TIMESTAMP_CLAIM
2025-03-07,DEFENSE,DEFENSE_399973,DOMAIN_PRIMARY,CSI_DEFENSE,399973,1462.76,1533.96,1461.22,1501.97,2.37,1560795608.0,400.94,50.0,47.46,csindex:index_perf,399973,OFFICIAL_HISTORICAL_VALUATION_AVAILABLE,True,2025-03-07,OFFICIAL_DAILY_OBSERVATION_DATE_NO_INTRADAY_TIMESTAMP_CLAIM
2025-03-10,DEFENSE,DEFENSE_399973,DOMAIN_PRIMARY,CSI_DEFENSE,399973,1506.16,1531.57,1502.75,1509.04,0.47,1163287745.0,295.2,50.0,47.67,csindex:index_perf,399973,OFFICIAL_HISTORICAL_VALUATION_AVAILABLE,True,2025-03-10,OFFICIAL_DAILY_OBSERVATION_DATE_NO_INTRADAY_TIMESTAMP_CLAIM
2025-03-11,DEFENSE,DEFENSE_399973,DOMAIN_PRIMARY,CSI_DEFENSE,399973,1490.19,1553.0,1488.67,1552.95,2.91,1390914022.0,353.03,50.0,49.12,csindex:index_perf,399973,OFFICIAL_HISTORICAL_VALUATION_AVAILABLE,True,2025-03-11,OFFICIAL_DAILY_OBSERVATION_DATE_NO_INTRADAY_TIMESTAMP_CLAIM
2025-03-12,DEFENSE,DEFENSE_399973,DOMAIN_PRIMARY,CSI_DEFENSE,399973,1562.49,1578.81,1540.09,1541.25,-0.75,1315075091.0,331.34,50.0,48.71,csindex:index_perf,399973,OFFICIAL_HISTORICAL_VALUATION_AVAILABLE,True,2025-03-12,OFFICIAL_DAILY_OBSERVATION_DATE_NO_INTRADAY_TIMESTAMP_CLAIM
2025-03-13,DEFENSE,DEFENSE_399973,DOMAIN_PRIMARY,CSI_DEFENSE,399973,1540.19,1550.77,1517.35,1543.13,0.12,1313008807.0,301.65,50.0,48.77,csindex:index_perf,399973,OFFICIAL_HISTORICAL_VALUATION_AVAILABLE,True,2025-03-13,OFFICIAL_DAILY_OBSERVATION_DATE_NO_INTRADAY_TIMESTAMP_CLAIM
2025-03-14,DEFENSE,DEFENSE_399973,DOMAIN_PRIMARY,CSI_DEFENSE,399973,1543.69,1545.5,1514.35,1541.61,-0.1,1142116662.0,288.84,50.0,48.79,csindex:index_perf,399973,OFFICIAL_HISTORICAL_VALUATION_AVAILABLE,True,2025-03-14,OFFICIAL_DAILY_OBSERVATION_DATE_NO_INTRADAY_TIMESTAMP_CLAIM
2025-03-17,DEFENSE,DEFENSE_399973,DOMAIN_PRIMARY,CSI_DEFENSE,399973,1544.62,1548.0,1529.07,1532.55,-0.59,959567361.0,256.75,50.0,48.53,csindex:index_perf,399973,OFFICIAL_HISTORICAL_VALUATION_AVAILABLE,True,2025-03-17,OFFICIAL_DAILY_OBSERVATION_DATE_NO_INTRADAY_TIMESTAMP_CLAIM
2025-03-18,DEFENSE,DEFENSE_399973,DOMAIN_PRIMARY,CSI_DEFENSE,399973,1532.11,1543.85,1519.27,1522.21,-0.68,856023607.0,223.74,50.0,48.18,csindex:index_perf,399973,OFFICIAL_HISTORICAL_VALUATION_AVAILABLE,True,2025-03-18,OFFICIAL_DAILY_OBSERVATION_DATE_NO_INTRADAY_TIMESTAMP_CLAIM
2025-03-19,DEFENSE,DEFENSE_399973,DOMAIN_PRIMARY,CSI_DEFENSE,399973,1518.35,1518.55,1503.71,1509.0,-0.87,724241021.0,182.64,50.0,47.73,csindex:index_perf,399973,OFFICIAL_HISTORICAL_VALUATION_AVAILABLE,True,2025-03-19,OFFICIAL_DAILY_OBSERVATION_DATE_NO_INTRADAY_TIMESTAMP_CLAIM
2025-03-20,DEFENSE,DEFENSE_399973,DOMAIN_PRIMARY,CSI_DEFENSE,399973,1508.18,1539.89,1499.09,1519.07,0.67,957316761.0,240.22,50.0,48.09,csindex:index_perf,399973,OFFICIAL_HISTORICAL_VALUATION_AVAILABLE,True,2025-03-20,OFFICIAL_DAILY_OBSERVATION_DATE_NO_INTRADAY_TIMESTAMP_CLAIM
2025-03-21,DEFENSE,DEFENSE_399973,DOMAIN_PRIMARY,CSI_DEFENSE,399973,1510.58,1531.99,1495.95,1503.3,-1.04,951255018.0,242.21,50.0,47.64,csindex:index_perf,399973,OFFICIAL_HISTORICAL_VALUATION_AVAILABLE,True,2025-03-21,OFFICIAL_DAILY_OBSERVATION_DATE_NO_INTRADAY_TIMESTAMP_CLAIM
2025-03-24,DEFENSE,DEFENSE_399973,DOMAIN_PRIMARY,CSI_DEFENSE,399973,1503.14,1509.83,1452.34,1475.88,-1.82,947746888.0,234.73,50.0,46.8,csindex:index_perf,399973,OFFICIAL_HISTORICAL_VALUATION_AVAILABLE,True,2025-03-24,OFFICIAL_DAILY_OBSERVATION_DATE_NO_INTRADAY_TIMESTAMP_CLAIM
2025-03-25,DEFENSE,DEFENSE_399973,DOMAIN_PRIMARY,CSI_DEFENSE,399973,1474.65,1513.93,1473.7,1485.73,0.67,958148312.0,246.72,50.0,47.08,csindex:index_perf,399973,OFFICIAL_HISTORICAL_VALUATION_AVAILABLE,True,2025-03-25,OFFICIAL_DAILY_OBSERVATION_DATE_NO_INTRADAY_TIMESTAMP_CLAIM
2025-03-26,DEFENSE,DEFENSE_399973,DOMAIN_PRIMARY,CSI_DEFENSE,399973,1482.58,1500.36,1478.57,1484.49,-0.08,670800973.0,179.18,50.0,47.04,csindex:index_perf,399973,OFFICIAL_HISTORICAL_VALUATION_AVAILABLE,True,2025-03-26,OFFICIAL_DAILY_OBSERVATION_DATE_NO_INTRADAY_TIMESTAMP_CLAIM
2025-03-27,DEFENSE,DEFENSE_399973,DOMAIN_PRIMARY,CSI_DEFENSE,399973,1479.01,1492.15,1452.58,1473.54,-0.74,671900895.0,164.91,50.0,46.65,csindex:index_perf,399973,OFFICIAL_HISTORICAL_VALUATION_AVAILABLE,True,2025-03-27,OFFICIAL_DAILY_OBSERVATION_DATE_NO_INTRADAY_TIMESTAMP_CLAIM
2025-03-28,DEFENSE,DEFENSE_399973,DOMAIN_PRIMARY,CSI_DEFENSE,399973,1471.4,1480.88,1458.14,1463.84,-0.66,512922874.0,125.58,50.0,46.36,csindex:index_perf,399973,OFFICIAL_HISTORICAL_VALUATION_AVAILABLE,True,2025-03-28,OFFICIAL_DAILY_OBSERVATION_DATE_NO_INTRADAY_TIMESTAMP_CLAIM
2025-03-31,DEFENSE,DEFENSE_399973,DOMAIN_PRIMARY,CSI_DEFENSE,399973,1452.32,1454.07,1419.6,1435.21,-1.96,738923146.0,169.99,50.0,45.43,csindex:index_perf,399973,OFFICIAL_HISTORICAL_VALUATION_AVAILABLE,True,2025-03-31,OFFICIAL_DAILY_OBSERVATION_DATE_NO_INTRADAY_TIMESTAMP_CLAIM
2025-04-01,DEFENSE,DEFENSE_399973,DOMAIN_PRIMARY,CSI_DEFENSE,399973,1446.06,1481.58,1446.06,1462.92,1.93,790787335.0,209.41,50.0,46.36,csindex:index_perf,399973,OFFICIAL_HISTORICAL_VALUATION_AVAILABLE,True,2025-04-01,OFFICIAL_DAILY_OBSERVATION_DATE_NO_INTRADAY_TIMESTAMP_CLAIM
2025-04-02,DEFENSE,DEFENSE_399973,DOMAIN_PRIMARY,CSI_DEFENSE,399973,1456.31,1456.31,1432.01,1438.47,-1.67,710840291.0,183.45,50.0,45.47,csindex:index_perf,399973,OFFICIAL_HISTORICAL_VALUATION_AVAILABLE,True,2025-04-02,OFFICIAL_DAILY_OBSERVATION_DATE_NO_INTRADAY_TIMESTAMP_CLAIM
2025-04-03,DEFENSE,DEFENSE_399973,DOMAIN_PRIMARY,CSI_DEFENSE,399973,1425.69,1452.32,1425.65,1432.13,-0.44,573286303.0,145.12,50.0,45.28,csindex:index_perf,399973,OFFICIAL_HISTORICAL_VALUATION_AVAILABLE,True,2025-04-03,OFFICIAL_DAILY_OBSERVATION_DATE_NO_INTRADAY_TIMESTAMP_CLAIM
2025-04-07,DEFENSE,DEFENSE_399973,DOMAIN_PRIMARY,CSI_DEFENSE,399973,1362.57,1394.91,1280.02,1315.07,-8.17,1121426402.0,271.72,50.0,41.74,csindex:index_perf,399973,OFFICIAL_HISTORICAL_VALUATION_AVAILABLE,True,2025-04-07,OFFICIAL_DAILY_OBSERVATION_DATE_NO_INTRADAY_TIMESTAMP_CLAIM
2025-04-08,DEFENSE,DEFENSE_399973,DOMAIN_PRIMARY,CSI_DEFENSE,399973,1318.57,1348.51,1315.9,1337.42,1.7,932591524.0,209.19,50.0,42.54,csindex:index_perf,399973,OFFICIAL_HISTORICAL_VALUATION_AVAILABLE,True,2025-04-08,OFFICIAL_DAILY_OBSERVATION_DATE_NO_INTRADAY_TIMESTAMP_CLAIM
2025-04-09,DEFENSE,DEFENSE_399973,DOMAIN_PRIMARY,CSI_DEFENSE,399973,1324.11,1422.24,1320.26,1414.91,5.79,1264721544.0,299.05,50.0,44.9,csindex:index_perf,399973,OFFICIAL_HISTORICAL_VALUATION_AVAILABLE,True,2025-04-09,OFFICIAL_DAILY_OBSERVATION_DATE_NO_INTRADAY_TIMESTAMP_CLAIM
2025-04-10,DEFENSE,DEFENSE_399973,DOMAIN_PRIMARY,CSI_DEFENSE,399973,1424.0,1443.35,1409.17,1428.09,0.93,1046769676.0,263.57,50.0,45.25,csindex:index_perf,399973,OFFICIAL_HISTORICAL_VALUATION_AVAILABLE,True,2025-04-10,OFFICIAL_DAILY_OBSERVATION_DATE_NO_INTRADAY_TIMESTAMP_CLAIM
2025-04-11,DEFENSE,DEFENSE_399973,DOMAIN_PRIMARY,CSI_DEFENSE,399973,1421.54,1460.59,1419.74,1445.02,1.19,877043477.0,234.7,50.0,45.8,csindex:index_perf,399973,OFFICIAL_HISTORICAL_VALUATION_AVAILABLE,True,2025-04-11,OFFICIAL_DAILY_OBSERVATION_DATE_NO_INTRADAY_TIMESTAMP_CLAIM
2025-04-14,DEFENSE,DEFENSE_399973,DOMAIN_PRIMARY,CSI_DEFENSE,399973,1449.48,1451.44,1437.72,1441.73,-0.23,707670829.0,188.6,50.0,45.68,csindex:index_perf,399973,OFFICIAL_HISTORICAL_VALUATION_AVAILABLE,True,2025-04-14,OFFICIAL_DAILY_OBSERVATION_DATE_NO_INTRADAY_TIMESTAMP_CLAIM
2025-04-15,DEFENSE,DEFENSE_399973,DOMAIN_PRIMARY,CSI_DEFENSE,399973,1437.78,1437.89,1400.0,1411.33,-2.11,642497555.0,170.36,50.0,44.73,csindex:index_perf,399973,OFFICIAL_HISTORICAL_VALUATION_AVAILABLE,True,2025-04-15,OFFICIAL_DAILY_OBSERVATION_DATE_NO_INTRADAY_TIMESTAMP_CLAIM
2025-04-16,DEFENSE,DEFENSE_399973,DOMAIN_PRIMARY,CSI_DEFENSE,399973,1420.56,1427.96,1389.98,1407.07,-0.3,610662009.0,150.99,50.0,44.64,csindex:index_perf,399973,OFFICIAL_HISTORICAL_VALUATION_AVAILABLE,True,2025-04-16,OFFICIAL_DAILY_OBSERVATION_DATE_NO_INTRADAY_TIMESTAMP_CLAIM
2025-04-17,DEFENSE,DEFENSE_399973,DOMAIN_PRIMARY,CSI_DEFENSE,399973,1396.97,1426.53,1396.97,1402.07,-0.36,612028835.0,155.84,50.0,44.45,csindex:index_perf,399973,OFFICIAL_HISTORICAL_VALUATION_AVAILABLE,True,2025-04-17,OFFICIAL_DAILY_OBSERVATION_DATE_NO_INTRADAY_TIMESTAMP_CLAIM
2025-04-18,DEFENSE,DEFENSE_399973,DOMAIN_PRIMARY,CSI_DEFENSE,399973,1396.38,1401.05,1385.99,1393.0,-0.65,474739112.0,122.43,50.0,44.16,csindex:index_perf,399973,OFFICIAL_HISTORICAL_VALUATION_AVAILABLE,True,2025-04-18,OFFICIAL_DAILY_OBSERVATION_DATE_NO_INTRADAY_TIMESTAMP_CLAIM
2025-04-21,DEFENSE,DEFENSE_399973,DOMAIN_PRIMARY,CSI_DEFENSE,399973,1393.49,1421.73,1393.49,1418.59,1.84,598722350.0,146.25,50.0,44.91,csindex:index_perf,399973,OFFICIAL_HISTORICAL_VALUATION_AVAILABLE,True,2025-04-21,OFFICIAL_DAILY_OBSERVATION_DATE_NO_INTRADAY_TIMESTAMP_CLAIM
2025-04-22,DEFENSE,DEFENSE_399973,DOMAIN_PRIMARY,CSI_DEFENSE,399973,1414.33,1425.27,1407.41,1412.35,-0.44,560019318.0,136.14,50.0,44.73,csindex:index_perf,399973,OFFICIAL_HISTORICAL_VALUATION_AVAILABLE,True,2025-04-22,OFFICIAL_DAILY_OBSERVATION_DATE_NO_INTRADAY_TIMESTAMP_CLAIM
2025-04-23,DEFENSE,DEFENSE_399973,DOMAIN_PRIMARY,CSI_DEFENSE,399973,1415.9,1419.16,1399.1,1406.0,-0.45,577500696.0,135.84,50.0,44.48,csindex:index_perf,399973,OFFICIAL_HISTORICAL_VALUATION_AVAILABLE,True,2025-04-23,OFFICIAL_DAILY_OBSERVATION_DATE_NO_INTRADAY_TIMESTAMP_CLAIM
2025-04-24,DEFENSE,DEFENSE_399973,DOMAIN_PRIMARY,CSI_DEFENSE,399973,1400.32,1404.17,1389.18,1394.91,-0.79,594306471.0,148.55,50.0,44.1,csindex:index_perf,399973,OFFICIAL_HISTORICAL_VALUATION_AVAILABLE,True,2025-04-24,OFFICIAL_DAILY_OBSERVATION_DATE_NO_INTRADAY_TIMESTAMP_CLAIM
2025-04-25,DEFENSE,DEFENSE_399973,DOMAIN_PRIMARY,CSI_DEFENSE,399973,1395.46,1403.58,1384.45,1397.41,0.18,492062837.0,123.58,50.0,44.17,csindex:index_perf,399973,OFFICIAL_HISTORICAL_VALUATION_AVAILABLE,True,2025-04-25,OFFICIAL_DAILY_OBSERVATION_DATE_NO_INTRADAY_TIMESTAMP_CLAIM
2025-04-28,DEFENSE,DEFENSE_399973,DOMAIN_PRIMARY,CSI_DEFENSE,399973,1395.19,1399.55,1384.39,1385.93,-0.82,485238465.0,120.47,50.0,43.72,csindex:index_perf,399973,OFFICIAL_HISTORICAL_VALUATION_AVAILABLE,True,2025-04-28,OFFICIAL_DAILY_OBSERVATION_DATE_NO_INTRADAY_TIMESTAMP_CLAIM
2025-04-29,DEFENSE,DEFENSE_399973,DOMAIN_PRIMARY,CSI_DEFENSE,399973,1372.71,1385.97,1366.19,1382.58,-0.24,580805938.0,137.24,50.0,43.6,csindex:index_perf,399973,OFFICIAL_HISTORICAL_VALUATION_AVAILABLE,True,2025-04-29,OFFICIAL_DAILY_OBSERVATION_DATE_NO_INTRADAY_TIMESTAMP_CLAIM
2025-04-30,DEFENSE,DEFENSE_399973,DOMAIN_PRIMARY,CSI_DEFENSE,399973,1380.5,1392.44,1380.42,1387.03,0.32,595397917.0,128.99,50.0,43.7,csindex:index_perf,399973,OFFICIAL_HISTORICAL_VALUATION_AVAILABLE,True,2025-04-30,OFFICIAL_DAILY_OBSERVATION_DATE_NO_INTRADAY_TIMESTAMP_CLAIM
2025-05-06,DEFENSE,DEFENSE_399973,DOMAIN_PRIMARY,CSI_DEFENSE,399973,1393.26,1408.66,1393.26,1408.66,1.56,667482298.0,156.76,50.0,50.98,csindex:index_perf,399973,OFFICIAL_HISTORICAL_VALUATION_AVAILABLE,True,2025-05-06,OFFICIAL_DAILY_OBSERVATION_DATE_NO_INTRADAY_TIMESTAMP_CLAIM
2025-05-07,DEFENSE,DEFENSE_399973,DOMAIN_PRIMARY,CSI_DEFENSE,399973,1434.35,1487.73,1429.93,1465.52,4.04,1536376850.0,398.25,50.0,52.99,csindex:index_perf,399973,OFFICIAL_HISTORICAL_VALUATION_AVAILABLE,True,2025-05-07,OFFICIAL_DAILY_OBSERVATION_DATE_NO_INTRADAY_TIMESTAMP_CLAIM
2025-05-08,DEFENSE,DEFENSE_399973,DOMAIN_PRIMARY,CSI_DEFENSE,399973,1461.67,1506.56,1448.06,1505.4,2.72,1452438267.0,406.16,50.0,54.3,csindex:index_perf,399973,OFFICIAL_HISTORICAL_VALUATION_AVAILABLE,True,2025-05-08,OFFICIAL_DAILY_OBSERVATION_DATE_NO_INTRADAY_TIMESTAMP_CLAIM
2025-05-09,DEFENSE,DEFENSE_399973,DOMAIN_PRIMARY,CSI_DEFENSE,399973,1509.86,1509.86,1462.19,1464.88,-2.69,1172104056.0,361.72,50.0,52.92,csindex:index_perf,399973,OFFICIAL_HISTORICAL_VALUATION_AVAILABLE,True,2025-05-09,OFFICIAL_DAILY_OBSERVATION_DATE_NO_INTRADAY_TIMESTAMP_CLAIM
2025-05-12,DEFENSE,DEFENSE_399973,DOMAIN_PRIMARY,CSI_DEFENSE,399973,1465.61,1559.57,1463.05,1537.38,4.95,1931869619.0,570.46,49.0,55.02,csindex:index_perf,399973,OFFICIAL_HISTORICAL_VALUATION_AVAILABLE,True,2025-05-12,OFFICIAL_DAILY_OBSERVATION_DATE_NO_INTRADAY_TIMESTAMP_CLAIM
2025-05-13,DEFENSE,DEFENSE_399973,DOMAIN_PRIMARY,CSI_DEFENSE,399973,1537.02,1537.02,1488.35,1491.64,-2.97,1658585347.0,449.31,49.0,53.36,csindex:index_perf,399973,OFFICIAL_HISTORICAL_VALUATION_AVAILABLE,True,2025-05-13,OFFICIAL_DAILY_OBSERVATION_DATE_NO_INTRADAY_TIMESTAMP_CLAIM
2025-05-14,DEFENSE,DEFENSE_399973,DOMAIN_PRIMARY,CSI_DEFENSE,399973,1489.52,1497.32,1475.74,1479.29,-0.83,1092959511.0,300.55,49.0,52.91,csindex:index_perf,399973,OFFICIAL_HISTORICAL_VALUATION_AVAILABLE,True,2025-05-14,OFFICIAL_DAILY_OBSERVATION_DATE_NO_INTRADAY_TIMESTAMP_CLAIM
2025-05-15,DEFENSE,DEFENSE_399973,DOMAIN_PRIMARY,CSI_DEFENSE,399973,1475.45,1482.37,1450.88,1452.16,-1.83,846269551.0,241.92,49.0,52.01,csindex:index_perf,399973,OFFICIAL_HISTORICAL_VALUATION_AVAILABLE,True,2025-05-15,OFFICIAL_DAILY_OBSERVATION_DATE_NO_INTRADAY_TIMESTAMP_CLAIM
2025-05-16,DEFENSE,DEFENSE_399973,DOMAIN_PRIMARY,CSI_DEFENSE,399973,1448.27,1473.06,1448.27,1449.82,-0.16,722309131.0,202.95,49.0,51.96,csindex:index_perf,399973,OFFICIAL_HISTORICAL_VALUATION_AVAILABLE,True,2025-05-16,OFFICIAL_DAILY_OBSERVATION_DATE_NO_INTRADAY_TIMESTAMP_CLAIM
2025-05-19,DEFENSE,DEFENSE_399973,DOMAIN_PRIMARY,CSI_DEFENSE,399973,1462.04,1473.23,1446.64,1467.92,1.25,834793328.0,235.18,49.0,52.55,csindex:index_perf,399973,OFFICIAL_HISTORICAL_VALUATION_AVAILABLE,True,2025-05-19,OFFICIAL_DAILY_OBSERVATION_DATE_NO_INTRADAY_TIMESTAMP_CLAIM
2025-05-20,DEFENSE,DEFENSE_399973,DOMAIN_PRIMARY,CSI_DEFENSE,399973,1467.18,1467.18,1448.75,1461.31,-0.45,1086893687.0,261.98,49.0,52.42,csindex:index_perf,399973,OFFICIAL_HISTORICAL_VALUATION_AVAILABLE,True,2025-05-20,OFFICIAL_DAILY_OBSERVATION_DATE_NO_INTRADAY_TIMESTAMP_CLAIM
2025-05-21,DEFENSE,DEFENSE_399973,DOMAIN_PRIMARY,CSI_DEFENSE,399973,1456.3,1466.75,1451.26,1463.83,0.17,870535866.0,206.91,49.0,52.11,csindex:index_perf,399973,OFFICIAL_HISTORICAL_VALUATION_AVAILABLE,True,2025-05-21,OFFICIAL_DAILY_OBSERVATION_DATE_NO_INTRADAY_TIMESTAMP_CLAIM
2025-05-22,DEFENSE,DEFENSE_399973,DOMAIN_PRIMARY,CSI_DEFENSE,399973,1459.29,1485.72,1455.07,1455.85,-0.55,1005700006.0,248.68,49.0,51.92,csindex:index_perf,399973,OFFICIAL_HISTORICAL_VALUATION_AVAILABLE,True,2025-05-22,OFFICIAL_DAILY_OBSERVATION_DATE_NO_INTRADAY_TIMESTAMP_CLAIM
2025-05-23,DEFENSE,DEFENSE_399973,DOMAIN_PRIMARY,CSI_DEFENSE,399973,1451.77,1460.54,1440.19,1440.19,-1.08,745589380.0,185.79,49.0,51.38,csindex:index_perf,399973,OFFICIAL_HISTORICAL_VALUATION_AVAILABLE,True,2025-05-23,OFFICIAL_DAILY_OBSERVATION_DATE_NO_INTRADAY_TIMESTAMP_CLAIM
2025-05-26,DEFENSE,DEFENSE_399973,DOMAIN_PRIMARY,CSI_DEFENSE,399973,1443.6,1458.14,1438.25,1454.55,1.0,696353328.0,163.6,49.0,51.86,csindex:index_perf,399973,OFFICIAL_HISTORICAL_VALUATION_AVAILABLE,True,2025-05-26,OFFICIAL_DAILY_OBSERVATION_DATE_NO_INTRADAY_TIMESTAMP_CLAIM
2025-05-27,DEFENSE,DEFENSE_399973,DOMAIN_PRIMARY,CSI_DEFENSE,399973,1453.25,1453.53,1431.13,1444.05,-0.72,714324137.0,166.56,49.0,51.38,csindex:index_perf,399973,OFFICIAL_HISTORICAL_VALUATION_AVAILABLE,True,2025-05-27,OFFICIAL_DAILY_OBSERVATION_DATE_NO_INTRADAY_TIMESTAMP_CLAIM
2025-05-28,DEFENSE,DEFENSE_399973,DOMAIN_PRIMARY,CSI_DEFENSE,399973,1441.53,1449.16,1433.33,1434.99,-0.63,604002462.0,146.78,49.0,51.19,csindex:index_perf,399973,OFFICIAL_HISTORICAL_VALUATION_AVAILABLE,True,2025-05-28,OFFICIAL_DAILY_OBSERVATION_DATE_NO_INTRADAY_TIMESTAMP_CLAIM
2025-05-29,DEFENSE,DEFENSE_399973,DOMAIN_PRIMARY,CSI_DEFENSE,399973,1433.38,1458.42,1433.23,1456.37,1.49,716543401.0,165.36,49.0,51.99,csindex:index_perf,399973,OFFICIAL_HISTORICAL_VALUATION_AVAILABLE,True,2025-05-29,OFFICIAL_DAILY_OBSERVATION_DATE_NO_INTRADAY_TIMESTAMP_CLAIM
2025-05-30,DEFENSE,DEFENSE_399973,DOMAIN_PRIMARY,CSI_DEFENSE,399973,1450.64,1472.78,1445.22,1463.16,0.47,1064849300.0,237.07,49.0,51.88,csindex:index_perf,399973,OFFICIAL_HISTORICAL_VALUATION_AVAILABLE,True,2025-05-30,OFFICIAL_DAILY_OBSERVATION_DATE_NO_INTRADAY_TIMESTAMP_CLAIM
2025-06-03,DEFENSE,DEFENSE_399973,DOMAIN_PRIMARY,CSI_DEFENSE,399973,1475.23,1497.8,1465.61,1476.55,0.91,1259085939.0,283.47,49.0,52.36,csindex:index_perf,399973,OFFICIAL_HISTORICAL_VALUATION_AVAILABLE,True,2025-06-03,OFFICIAL_DAILY_OBSERVATION_DATE_NO_INTRADAY_TIMESTAMP_CLAIM
2025-06-04,DEFENSE,DEFENSE_399973,DOMAIN_PRIMARY,CSI_DEFENSE,399973,1472.83,1480.11,1468.62,1471.55,-0.34,919418226.0,198.33,49.0,52.2,csindex:index_perf,399973,OFFICIAL_HISTORICAL_VALUATION_AVAILABLE,True,2025-06-04,OFFICIAL_DAILY_OBSERVATION_DATE_NO_INTRADAY_TIMESTAMP_CLAIM
2025-06-05,DEFENSE,DEFENSE_399973,DOMAIN_PRIMARY,CSI_DEFENSE,399973,1470.12,1479.4,1459.8,1476.82,0.36,803249539.0,195.28,49.0,52.37,csindex:index_perf,399973,OFFICIAL_HISTORICAL_VALUATION_AVAILABLE,True,2025-06-05,OFFICIAL_DAILY_OBSERVATION_DATE_NO_INTRADAY_TIMESTAMP_CLAIM
2025-06-06,DEFENSE,DEFENSE_399973,DOMAIN_PRIMARY,CSI_DEFENSE,399973,1483.06,1499.35,1473.21,1473.61,-0.22,804256379.0,210.87,49.0,52.22,csindex:index_perf,399973,OFFICIAL_HISTORICAL_VALUATION_AVAILABLE,True,2025-06-06,OFFICIAL_DAILY_OBSERVATION_DATE_NO_INTRADAY_TIMESTAMP_CLAIM
2025-06-09,DEFENSE,DEFENSE_399973,DOMAIN_PRIMARY,CSI_DEFENSE,399973,1487.66,1519.22,1487.66,1501.51,1.89,1033653877.0,288.94,49.0,53.46,csindex:index_perf,399973,OFFICIAL_HISTORICAL_VALUATION_AVAILABLE,True,2025-06-09,OFFICIAL_DAILY_OBSERVATION_DATE_NO_INTRADAY_TIMESTAMP_CLAIM
2025-06-10,DEFENSE,DEFENSE_399973,DOMAIN_PRIMARY,CSI_DEFENSE,399973,1492.71,1492.82,1459.54,1469.42,-2.14,875562087.0,227.35,49.0,52.32,csindex:index_perf,399973,OFFICIAL_HISTORICAL_VALUATION_AVAILABLE,True,2025-06-10,OFFICIAL_DAILY_OBSERVATION_DATE_NO_INTRADAY_TIMESTAMP_CLAIM
2025-06-11,DEFENSE,DEFENSE_399973,DOMAIN_PRIMARY,CSI_DEFENSE,399973,1469.13,1481.68,1463.17,1478.18,0.6,567749169.0,144.76,49.0,52.71,csindex:index_perf,399973,OFFICIAL_HISTORICAL_VALUATION_AVAILABLE,True,2025-06-11,OFFICIAL_DAILY_OBSERVATION_DATE_NO_INTRADAY_TIMESTAMP_CLAIM
2025-06-12,DEFENSE,DEFENSE_399973,DOMAIN_PRIMARY,CSI_DEFENSE,399973,1473.63,1481.12,1468.55,1470.38,-0.53,668390547.0,156.01,49.0,52.41,csindex:index_perf,399973,OFFICIAL_HISTORICAL_VALUATION_AVAILABLE,True,2025-06-12,OFFICIAL_DAILY_OBSERVATION_DATE_NO_INTRADAY_TIMESTAMP_CLAIM
2025-06-13,DEFENSE,DEFENSE_399973,DOMAIN_PRIMARY,CSI_DEFENSE,399973,1481.84,1502.91,1470.85,1495.34,1.7,1380540631.0,362.25,49.0,53.11,csindex:index_perf,399973,OFFICIAL_HISTORICAL_VALUATION_AVAILABLE,True,2025-06-13,OFFICIAL_DAILY_OBSERVATION_DATE_NO_INTRADAY_TIMESTAMP_CLAIM
2025-06-16,DEFENSE,DEFENSE_399973,DOMAIN_PRIMARY,CSI_DEFENSE,399973,1494.89,1501.75,1478.16,1493.53,-0.12,993224410.0,258.25,50.0,52.52,csindex:index_perf,399973,OFFICIAL_HISTORICAL_VALUATION_AVAILABLE,True,2025-06-16,OFFICIAL_DAILY_OBSERVATION_DATE_NO_INTRADAY_TIMESTAMP_CLAIM
2025-06-17,DEFENSE,DEFENSE_399973,DOMAIN_PRIMARY,CSI_DEFENSE,399973,1489.35,1498.17,1475.19,1491.25,-0.15,841748467.0,205.94,50.0,52.54,csindex:index_perf,399973,OFFICIAL_HISTORICAL_VALUATION_AVAILABLE,True,2025-06-17,OFFICIAL_DAILY_OBSERVATION_DATE_NO_INTRADAY_TIMESTAMP_CLAIM
2025-06-18,DEFENSE,DEFENSE_399973,DOMAIN_PRIMARY,CSI_DEFENSE,399973,1488.94,1516.21,1487.69,1500.79,0.64,1090744186.0,273.8,50.0,52.79,csindex:index_perf,399973,OFFICIAL_HISTORICAL_VALUATION_AVAILABLE,True,2025-06-18,OFFICIAL_DAILY_OBSERVATION_DATE_NO_INTRADAY_TIMESTAMP_CLAIM
2025-06-19,DEFENSE,DEFENSE_399973,DOMAIN_PRIMARY,CSI_DEFENSE,399973,1492.36,1492.36,1460.95,1476.71,-1.6,1071024877.0,254.86,50.0,51.93,csindex:index_perf,399973,OFFICIAL_HISTORICAL_VALUATION_AVAILABLE,True,2025-06-19,OFFICIAL_DAILY_OBSERVATION_DATE_NO_INTRADAY_TIMESTAMP_CLAIM
2025-06-20,DEFENSE,DEFENSE_399973,DOMAIN_PRIMARY,CSI_DEFENSE,399973,1470.17,1470.69,1452.97,1455.02,-1.47,745646228.0,172.69,50.0,51.24,csindex:index_perf,399973,OFFICIAL_HISTORICAL_VALUATION_AVAILABLE,True,2025-06-20,OFFICIAL_DAILY_OBSERVATION_DATE_NO_INTRADAY_TIMESTAMP_CLAIM
2025-06-23,DEFENSE,DEFENSE_399973,DOMAIN_PRIMARY,CSI_DEFENSE,399973,1456.74,1478.92,1456.58,1477.17,1.52,829169704.0,189.85,50.0,51.97,csindex:index_perf,399973,OFFICIAL_HISTORICAL_VALUATION_AVAILABLE,True,2025-06-23,OFFICIAL_DAILY_OBSERVATION_DATE_NO_INTRADAY_TIMESTAMP_CLAIM
2025-06-24,DEFENSE,DEFENSE_399973,DOMAIN_PRIMARY,CSI_DEFENSE,399973,1458.14,1490.15,1451.82,1484.03,0.46,1103630489.0,250.48,50.0,52.32,csindex:index_perf,399973,OFFICIAL_HISTORICAL_VALUATION_AVAILABLE,True,2025-06-24,OFFICIAL_DAILY_OBSERVATION_DATE_NO_INTRADAY_TIMESTAMP_CLAIM
2025-06-25,DEFENSE,DEFENSE_399973,DOMAIN_PRIMARY,CSI_DEFENSE,399973,1486.48,1539.38,1486.36,1538.64,3.68,1686329205.0,390.08,50.0,54.1,csindex:index_perf,399973,OFFICIAL_HISTORICAL_VALUATION_AVAILABLE,True,2025-06-25,OFFICIAL_DAILY_OBSERVATION_DATE_NO_INTRADAY_TIMESTAMP_CLAIM
2025-06-26,DEFENSE,DEFENSE_399973,DOMAIN_PRIMARY,CSI_DEFENSE,399973,1542.35,1570.84,1539.01,1539.46,0.05,1770630807.0,404.62,50.0,54.06,csindex:index_perf,399973,OFFICIAL_HISTORICAL_VALUATION_AVAILABLE,True,2025-06-26,OFFICIAL_DAILY_OBSERVATION_DATE_NO_INTRADAY_TIMESTAMP_CLAIM
2025-06-27,DEFENSE,DEFENSE_399973,DOMAIN_PRIMARY,CSI_DEFENSE,399973,1542.34,1570.83,1542.09,1553.24,0.9,1615156261.0,345.85,50.0,54.56,csindex:index_perf,399973,OFFICIAL_HISTORICAL_VALUATION_AVAILABLE,True,2025-06-27,OFFICIAL_DAILY_OBSERVATION_DATE_NO_INTRADAY_TIMESTAMP_CLAIM
2025-06-30,DEFENSE,DEFENSE_399973,DOMAIN_PRIMARY,CSI_DEFENSE,399973,1560.77,1628.11,1560.77,1627.64,4.79,2251895973.0,522.98,50.0,57.05,csindex:index_perf,399973,OFFICIAL_HISTORICAL_VALUATION_AVAILABLE,True,2025-06-30,OFFICIAL_DAILY_OBSERVATION_DATE_NO_INTRADAY_TIMESTAMP_CLAIM
2025-07-01,DEFENSE,DEFENSE_399973,DOMAIN_PRIMARY,CSI_DEFENSE,399973,1627.65,1629.18,1603.5,1619.75,-0.48,2127313083.0,480.07,50.0,56.79,csindex:index_perf,399973,OFFICIAL_HISTORICAL_VALUATION_AVAILABLE,True,2025-07-01,OFFICIAL_DAILY_OBSERVATION_DATE_NO_INTRADAY_TIMESTAMP_CLAIM
2025-07-02,DEFENSE,DEFENSE_399973,DOMAIN_PRIMARY,CSI_DEFENSE,399973,1611.83,1611.83,1577.89,1584.03,-2.21,1488575554.0,335.55,50.0,55.55,csindex:index_perf,399973,OFFICIAL_HISTORICAL_VALUATION_AVAILABLE,True,2025-07-02,OFFICIAL_DAILY_OBSERVATION_DATE_NO_INTRADAY_TIMESTAMP_CLAIM
2025-07-03,DEFENSE,DEFENSE_399973,DOMAIN_PRIMARY,CSI_DEFENSE,399973,1580.65,1601.33,1574.43,1580.04,-0.25,1146244962.0,250.69,50.0,55.42,csindex:index_perf,399973,OFFICIAL_HISTORICAL_VALUATION_AVAILABLE,True,2025-07-03,OFFICIAL_DAILY_OBSERVATION_DATE_NO_INTRADAY_TIMESTAMP_CLAIM
2025-07-04,DEFENSE,DEFENSE_399973,DOMAIN_PRIMARY,CSI_DEFENSE,399973,1578.21,1595.75,1564.62,1576.56,-0.22,1085029840.0,251.15,50.0,55.38,csindex:index_perf,399973,OFFICIAL_HISTORICAL_VALUATION_AVAILABLE,True,2025-07-04,OFFICIAL_DAILY_OBSERVATION_DATE_NO_INTRADAY_TIMESTAMP_CLAIM
2025-07-07,DEFENSE,DEFENSE_399973,DOMAIN_PRIMARY,CSI_DEFENSE,399973,1573.55,1588.29,1567.17,1578.29,0.11,923831389.0,213.28,50.0,55.57,csindex:index_perf,399973,OFFICIAL_HISTORICAL_VALUATION_AVAILABLE,True,2025-07-07,OFFICIAL_DAILY_OBSERVATION_DATE_NO_INTRADAY_TIMESTAMP_CLAIM
2025-07-08,DEFENSE,DEFENSE_399973,DOMAIN_PRIMARY,CSI_DEFENSE,399973,1574.2,1591.34,1574.2,1590.18,0.75,869541145.0,209.82,50.0,55.99,csindex:index_perf,399973,OFFICIAL_HISTORICAL_VALUATION_AVAILABLE,True,2025-07-08,OFFICIAL_DAILY_OBSERVATION_DATE_NO_INTRADAY_TIMESTAMP_CLAIM
2025-07-09,DEFENSE,DEFENSE_399973,DOMAIN_PRIMARY,CSI_DEFENSE,399973,1592.89,1609.3,1576.66,1580.15,-0.63,1108812785.0,261.53,50.0,55.58,csindex:index_perf,399973,OFFICIAL_HISTORICAL_VALUATION_AVAILABLE,True,2025-07-09,OFFICIAL_DAILY_OBSERVATION_DATE_NO_INTRADAY_TIMESTAMP_CLAIM
2025-07-10,DEFENSE,DEFENSE_399973,DOMAIN_PRIMARY,CSI_DEFENSE,399973,1572.16,1579.55,1557.23,1574.59,-0.35,1008550431.0,230.07,50.0,55.33,csindex:index_perf,399973,OFFICIAL_HISTORICAL_VALUATION_AVAILABLE,True,2025-07-10,OFFICIAL_DAILY_OBSERVATION_DATE_NO_INTRADAY_TIMESTAMP_CLAIM
2025-07-11,DEFENSE,DEFENSE_399973,DOMAIN_PRIMARY,CSI_DEFENSE,399973,1573.1,1594.01,1573.1,1589.12,0.92,1037457086.0,242.75,50.0,55.8,csindex:index_perf,399973,OFFICIAL_HISTORICAL_VALUATION_AVAILABLE,True,2025-07-11,OFFICIAL_DAILY_OBSERVATION_DATE_NO_INTRADAY_TIMESTAMP_CLAIM
2025-07-14,DEFENSE,DEFENSE_399973,DOMAIN_PRIMARY,CSI_DEFENSE,399973,1590.25,1595.76,1580.03,1580.05,-0.57,929750357.0,222.31,50.0,55.45,csindex:index_perf,399973,OFFICIAL_HISTORICAL_VALUATION_AVAILABLE,True,2025-07-14,OFFICIAL_DAILY_OBSERVATION_DATE_NO_INTRADAY_TIMESTAMP_CLAIM
2025-07-15,DEFENSE,DEFENSE_399973,DOMAIN_PRIMARY,CSI_DEFENSE,399973,1578.38,1587.85,1566.3,1577.57,-0.16,943555582.0,223.44,50.0,55.46,csindex:index_perf,399973,OFFICIAL_HISTORICAL_VALUATION_AVAILABLE,True,2025-07-15,OFFICIAL_DAILY_OBSERVATION_DATE_NO_INTRADAY_TIMESTAMP_CLAIM
2025-07-16,DEFENSE,DEFENSE_399973,DOMAIN_PRIMARY,CSI_DEFENSE,399973,1576.12,1582.67,1568.27,1572.94,-0.29,683839551.0,165.47,50.0,55.26,csindex:index_perf,399973,OFFICIAL_HISTORICAL_VALUATION_AVAILABLE,True,2025-07-16,OFFICIAL_DAILY_OBSERVATION_DATE_NO_INTRADAY_TIMESTAMP_CLAIM
2025-07-17,DEFENSE,DEFENSE_399973,DOMAIN_PRIMARY,CSI_DEFENSE,399973,1573.17,1627.33,1573.17,1627.27,3.45,1344804162.0,357.46,50.0,57.42,csindex:index_perf,399973,OFFICIAL_HISTORICAL_VALUATION_AVAILABLE,True,2025-07-17,OFFICIAL_DAILY_OBSERVATION_DATE_NO_INTRADAY_TIMESTAMP_CLAIM
2025-07-18,DEFENSE,DEFENSE_399973,DOMAIN_PRIMARY,CSI_DEFENSE,399973,1626.46,1651.87,1624.34,1648.87,1.33,1504028046.0,397.42,50.0,58.2,csindex:index_perf,399973,OFFICIAL_HISTORICAL_VALUATION_AVAILABLE,True,2025-07-18,OFFICIAL_DAILY_OBSERVATION_DATE_NO_INTRADAY_TIMESTAMP_CLAIM
2025-07-21,DEFENSE,DEFENSE_399973,DOMAIN_PRIMARY,CSI_DEFENSE,399973,1645.46,1663.92,1644.16,1661.38,0.76,1303373121.0,347.01,50.0,58.47,csindex:index_perf,399973,OFFICIAL_HISTORICAL_VALUATION_AVAILABLE,True,2025-07-21,OFFICIAL_DAILY_OBSERVATION_DATE_NO_INTRADAY_TIMESTAMP_CLAIM
2025-07-22,DEFENSE,DEFENSE_399973,DOMAIN_PRIMARY,CSI_DEFENSE,399973,1660.64,1687.77,1653.35,1663.74,0.14,1514830850.0,389.97,50.0,58.6,csindex:index_perf,399973,OFFICIAL_HISTORICAL_VALUATION_AVAILABLE,True,2025-07-22,OFFICIAL_DAILY_OBSERVATION_DATE_NO_INTRADAY_TIMESTAMP_CLAIM
2025-07-23,DEFENSE,DEFENSE_399973,DOMAIN_PRIMARY,CSI_DEFENSE,399973,1655.88,1656.21,1632.97,1637.94,-1.55,1256229422.0,330.31,50.0,57.78,csindex:index_perf,399973,OFFICIAL_HISTORICAL_VALUATION_AVAILABLE,True,2025-07-23,OFFICIAL_DAILY_OBSERVATION_DATE_NO_INTRADAY_TIMESTAMP_CLAIM
2025-07-24,DEFENSE,DEFENSE_399973,DOMAIN_PRIMARY,CSI_DEFENSE,399973,1638.96,1671.92,1638.95,1671.92,2.07,1316863429.0,339.45,50.0,58.83,csindex:index_perf,399973,OFFICIAL_HISTORICAL_VALUATION_AVAILABLE,True,2025-07-24,OFFICIAL_DAILY_OBSERVATION_DATE_NO_INTRADAY_TIMESTAMP_CLAIM
2025-07-25,DEFENSE,DEFENSE_399973,DOMAIN_PRIMARY,CSI_DEFENSE,399973,1672.94,1673.54,1657.9,1671.94,0.0,1023095346.0,264.8,50.0,58.88,csindex:index_perf,399973,OFFICIAL_HISTORICAL_VALUATION_AVAILABLE,True,2025-07-25,OFFICIAL_DAILY_OBSERVATION_DATE_NO_INTRADAY_TIMESTAMP_CLAIM
2025-07-28,DEFENSE,DEFENSE_399973,DOMAIN_PRIMARY,CSI_DEFENSE,399973,1673.45,1703.64,1671.29,1702.13,1.81,1539689870.0,388.63,50.0,59.87,csindex:index_perf,399973,OFFICIAL_HISTORICAL_VALUATION_AVAILABLE,True,2025-07-28,OFFICIAL_DAILY_OBSERVATION_DATE_NO_INTRADAY_TIMESTAMP_CLAIM
2025-07-29,DEFENSE,DEFENSE_399973,DOMAIN_PRIMARY,CSI_DEFENSE,399973,1697.71,1726.14,1690.39,1725.83,1.39,1467757799.0,390.5,50.0,60.72,csindex:index_perf,399973,OFFICIAL_HISTORICAL_VALUATION_AVAILABLE,True,2025-07-29,OFFICIAL_DAILY_OBSERVATION_DATE_NO_INTRADAY_TIMESTAMP_CLAIM
2025-07-30,DEFENSE,DEFENSE_399973,DOMAIN_PRIMARY,CSI_DEFENSE,399973,1726.65,1740.27,1682.45,1699.39,-1.53,1651906215.0,423.33,50.0,59.81,csindex:index_perf,399973,OFFICIAL_HISTORICAL_VALUATION_AVAILABLE,True,2025-07-30,OFFICIAL_DAILY_OBSERVATION_DATE_NO_INTRADAY_TIMESTAMP_CLAIM
2025-07-31,DEFENSE,DEFENSE_399973,DOMAIN_PRIMARY,CSI_DEFENSE,399973,1689.23,1713.68,1680.38,1691.19,-0.48,1411734284.0,353.52,50.0,59.42,csindex:index_perf,399973,OFFICIAL_HISTORICAL_VALUATION_AVAILABLE,True,2025-07-31,OFFICIAL_DAILY_OBSERVATION_DATE_NO_INTRADAY_TIMESTAMP_CLAIM
2025-08-01,DEFENSE,DEFENSE_399973,DOMAIN_PRIMARY,CSI_DEFENSE,399973,1690.38,1690.38,1656.82,1661.84,-1.74,1218016565.0,305.7,50.0,58.49,csindex:index_perf,399973,OFFICIAL_HISTORICAL_VALUATION_AVAILABLE,True,2025-08-01,OFFICIAL_DAILY_OBSERVATION_DATE_NO_INTRADAY_TIMESTAMP_CLAIM
2025-08-04,DEFENSE,DEFENSE_399973,DOMAIN_PRIMARY,CSI_DEFENSE,399973,1655.73,1709.41,1655.32,1709.12,2.85,1590036699.0,394.41,50.0,60.15,csindex:index_perf,399973,OFFICIAL_HISTORICAL_VALUATION_AVAILABLE,True,2025-08-04,OFFICIAL_DAILY_OBSERVATION_DATE_NO_INTRADAY_TIMESTAMP_CLAIM
2025-08-05,DEFENSE,DEFENSE_399973,DOMAIN_PRIMARY,CSI_DEFENSE,399973,1716.55,1736.7,1705.23,1712.95,0.22,1805353549.0,412.41,50.0,60.11,csindex:index_perf,399973,OFFICIAL_HISTORICAL_VALUATION_AVAILABLE,True,2025-08-05,OFFICIAL_DAILY_OBSERVATION_DATE_NO_INTRADAY_TIMESTAMP_CLAIM
2025-08-06,DEFENSE,DEFENSE_399973,DOMAIN_PRIMARY,CSI_DEFENSE,399973,1711.4,1759.5,1708.93,1752.01,2.28,2225701002.0,545.58,50.0,61.35,csindex:index_perf,399973,OFFICIAL_HISTORICAL_VALUATION_AVAILABLE,True,2025-08-06,OFFICIAL_DAILY_OBSERVATION_DATE_NO_INTRADAY_TIMESTAMP_CLAIM
2025-08-07,DEFENSE,DEFENSE_399973,DOMAIN_PRIMARY,CSI_DEFENSE,399973,1752.64,1752.66,1724.16,1735.28,-0.96,1915981653.0,448.15,50.0,60.6,csindex:index_perf,399973,OFFICIAL_HISTORICAL_VALUATION_AVAILABLE,True,2025-08-07,OFFICIAL_DAILY_OBSERVATION_DATE_NO_INTRADAY_TIMESTAMP_CLAIM
2025-08-08,DEFENSE,DEFENSE_399973,DOMAIN_PRIMARY,CSI_DEFENSE,399973,1729.04,1742.07,1718.7,1720.49,-0.85,1481894101.0,339.72,50.0,60.1,csindex:index_perf,399973,OFFICIAL_HISTORICAL_VALUATION_AVAILABLE,True,2025-08-08,OFFICIAL_DAILY_OBSERVATION_DATE_NO_INTRADAY_TIMESTAMP_CLAIM
2025-08-11,DEFENSE,DEFENSE_399973,DOMAIN_PRIMARY,CSI_DEFENSE,399973,1723.84,1745.96,1722.4,1734.98,0.84,1695416815.0,409.81,50.0,60.63,csindex:index_perf,399973,OFFICIAL_HISTORICAL_VALUATION_AVAILABLE,True,2025-08-11,OFFICIAL_DAILY_OBSERVATION_DATE_NO_INTRADAY_TIMESTAMP_CLAIM
2025-08-12,DEFENSE,DEFENSE_399973,DOMAIN_PRIMARY,CSI_DEFENSE,399973,1734.25,1734.25,1695.34,1708.18,-1.54,1622241984.0,402.45,50.0,59.7,csindex:index_perf,399973,OFFICIAL_HISTORICAL_VALUATION_AVAILABLE,True,2025-08-12,OFFICIAL_DAILY_OBSERVATION_DATE_NO_INTRADAY_TIMESTAMP_CLAIM
2025-08-13,DEFENSE,DEFENSE_399973,DOMAIN_PRIMARY,CSI_DEFENSE,399973,1707.14,1735.46,1707.14,1734.33,1.53,1604311417.0,413.07,50.0,60.43,csindex:index_perf,399973,OFFICIAL_HISTORICAL_VALUATION_AVAILABLE,True,2025-08-13,OFFICIAL_DAILY_OBSERVATION_DATE_NO_INTRADAY_TIMESTAMP_CLAIM
2025-08-14,DEFENSE,DEFENSE_399973,DOMAIN_PRIMARY,CSI_DEFENSE,399973,1734.43,1739.88,1696.02,1699.32,-2.02,1911423231.0,483.13,50.0,59.31,csindex:index_perf,399973,OFFICIAL_HISTORICAL_VALUATION_AVAILABLE,True,2025-08-14,OFFICIAL_DAILY_OBSERVATION_DATE_NO_INTRADAY_TIMESTAMP_CLAIM
2025-08-15,DEFENSE,DEFENSE_399973,DOMAIN_PRIMARY,CSI_DEFENSE,399973,1695.18,1724.79,1695.18,1724.4,1.48,1502903036.0,386.18,50.0,60.05,csindex:index_perf,399973,OFFICIAL_HISTORICAL_VALUATION_AVAILABLE,True,2025-08-15,OFFICIAL_DAILY_OBSERVATION_DATE_NO_INTRADAY_TIMESTAMP_CLAIM
2025-08-18,DEFENSE,DEFENSE_399973,DOMAIN_PRIMARY,CSI_DEFENSE,399973,1731.49,1756.08,1728.67,1754.27,1.73,1875582933.0,487.18,50.0,61.1,csindex:index_perf,399973,OFFICIAL_HISTORICAL_VALUATION_AVAILABLE,True,2025-08-18,OFFICIAL_DAILY_OBSERVATION_DATE_NO_INTRADAY_TIMESTAMP_CLAIM
2025-08-19,DEFENSE,DEFENSE_399973,DOMAIN_PRIMARY,CSI_DEFENSE,399973,1748.22,1748.22,1720.58,1728.49,-1.47,1585512482.0,414.7,50.0,60.13,csindex:index_perf,399973,OFFICIAL_HISTORICAL_VALUATION_AVAILABLE,True,2025-08-19,OFFICIAL_DAILY_OBSERVATION_DATE_NO_INTRADAY_TIMESTAMP_CLAIM
2025-08-20,DEFENSE,DEFENSE_399973,DOMAIN_PRIMARY,CSI_DEFENSE,399973,1724.82,1740.13,1712.27,1736.45,0.46,1449267336.0,386.45,50.0,60.4,csindex:index_perf,399973,OFFICIAL_HISTORICAL_VALUATION_AVAILABLE,True,2025-08-20,OFFICIAL_DAILY_OBSERVATION_DATE_NO_INTRADAY_TIMESTAMP_CLAIM
2025-08-21,DEFENSE,DEFENSE_399973,DOMAIN_PRIMARY,CSI_DEFENSE,399973,1737.25,1746.27,1722.49,1730.97,-0.32,1258196586.0,348.83,50.0,60.23,csindex:index_perf,399973,OFFICIAL_HISTORICAL_VALUATION_AVAILABLE,True,2025-08-21,OFFICIAL_DAILY_OBSERVATION_DATE_NO_INTRADAY_TIMESTAMP_CLAIM
2025-08-22,DEFENSE,DEFENSE_399973,DOMAIN_PRIMARY,CSI_DEFENSE,399973,1729.65,1776.64,1719.63,1776.26,2.62,1584967380.0,475.0,50.0,61.63,csindex:index_perf,399973,OFFICIAL_HISTORICAL_VALUATION_AVAILABLE,True,2025-08-22,OFFICIAL_DAILY_OBSERVATION_DATE_NO_INTRADAY_TIMESTAMP_CLAIM
2025-08-25,DEFENSE,DEFENSE_399973,DOMAIN_PRIMARY,CSI_DEFENSE,399973,1784.67,1808.1,1774.09,1806.02,1.68,2015641854.0,565.71,50.0,62.72,csindex:index_perf,399973,OFFICIAL_HISTORICAL_VALUATION_AVAILABLE,True,2025-08-25,OFFICIAL_DAILY_OBSERVATION_DATE_NO_INTRADAY_TIMESTAMP_CLAIM
2025-08-26,DEFENSE,DEFENSE_399973,DOMAIN_PRIMARY,CSI_DEFENSE,399973,1801.51,1801.51,1774.74,1777.89,-1.56,1449565509.0,399.16,50.0,61.77,csindex:index_perf,399973,OFFICIAL_HISTORICAL_VALUATION_AVAILABLE,True,2025-08-26,OFFICIAL_DAILY_OBSERVATION_DATE_NO_INTRADAY_TIMESTAMP_CLAIM
2025-08-27,DEFENSE,DEFENSE_399973,DOMAIN_PRIMARY,CSI_DEFENSE,399973,1776.69,1789.65,1739.49,1739.49,-2.16,1694111076.0,469.14,50.0,60.37,csindex:index_perf,399973,OFFICIAL_HISTORICAL_VALUATION_AVAILABLE,True,2025-08-27,OFFICIAL_DAILY_OBSERVATION_DATE_NO_INTRADAY_TIMESTAMP_CLAIM
2025-08-28,DEFENSE,DEFENSE_399973,DOMAIN_PRIMARY,CSI_DEFENSE,399973,1743.59,1779.38,1709.79,1779.37,2.29,1734232222.0,488.72,50.0,61.89,csindex:index_perf,399973,OFFICIAL_HISTORICAL_VALUATION_AVAILABLE,True,2025-08-28,OFFICIAL_DAILY_OBSERVATION_DATE_NO_INTRADAY_TIMESTAMP_CLAIM
2025-08-29,DEFENSE,DEFENSE_399973,DOMAIN_PRIMARY,CSI_DEFENSE,399973,1782.28,1792.19,1762.32,1791.46,0.68,1787799239.0,510.36,50.0,62.24,csindex:index_perf,399973,OFFICIAL_HISTORICAL_VALUATION_AVAILABLE,True,2025-08-29,OFFICIAL_DAILY_OBSERVATION_DATE_NO_INTRADAY_TIMESTAMP_CLAIM
2025-09-01,DEFENSE,DEFENSE_399973,DOMAIN_PRIMARY,CSI_DEFENSE,399973,1791.04,1794.82,1755.14,1786.94,-0.25,1557204295.0,463.2,50.0,66.08,csindex:index_perf,399973,OFFICIAL_HISTORICAL_VALUATION_AVAILABLE,True,2025-09-01,OFFICIAL_DAILY_OBSERVATION_DATE_NO_INTRADAY_TIMESTAMP_CLAIM
2025-09-02,DEFENSE,DEFENSE_399973,DOMAIN_PRIMARY,CSI_DEFENSE,399973,1783.93,1783.93,1718.47,1745.56,-2.32,1527693392.0,437.23,50.0,64.53,csindex:index_perf,399973,OFFICIAL_HISTORICAL_VALUATION_AVAILABLE,True,2025-09-02,OFFICIAL_DAILY_OBSERVATION_DATE_NO_INTRADAY_TIMESTAMP_CLAIM
2025-09-03,DEFENSE,DEFENSE_399973,DOMAIN_PRIMARY,CSI_DEFENSE,399973,1750.07,1750.1,1634.72,1639.3,-6.09,1748798545.0,469.8,50.0,60.74,csindex:index_perf,399973,OFFICIAL_HISTORICAL_VALUATION_AVAILABLE,True,2025-09-03,OFFICIAL_DAILY_OBSERVATION_DATE_NO_INTRADAY_TIMESTAMP_CLAIM
2025-09-04,DEFENSE,DEFENSE_399973,DOMAIN_PRIMARY,CSI_DEFENSE,399973,1629.24,1635.19,1562.54,1583.32,-3.42,1474150014.0,379.39,50.0,58.84,csindex:index_perf,399973,OFFICIAL_HISTORICAL_VALUATION_AVAILABLE,True,2025-09-04,OFFICIAL_DAILY_OBSERVATION_DATE_NO_INTRADAY_TIMESTAMP_CLAIM
2025-09-05,DEFENSE,DEFENSE_399973,DOMAIN_PRIMARY,CSI_DEFENSE,399973,1582.88,1609.13,1575.41,1605.3,1.39,1049542000.0,269.72,50.0,59.69,csindex:index_perf,399973,OFFICIAL_HISTORICAL_VALUATION_AVAILABLE,True,2025-09-05,OFFICIAL_DAILY_OBSERVATION_DATE_NO_INTRADAY_TIMESTAMP_CLAIM
2025-09-08,DEFENSE,DEFENSE_399973,DOMAIN_PRIMARY,CSI_DEFENSE,399973,1608.71,1616.63,1589.95,1613.45,0.51,1042175398.0,261.14,50.0,59.97,csindex:index_perf,399973,OFFICIAL_HISTORICAL_VALUATION_AVAILABLE,True,2025-09-08,OFFICIAL_DAILY_OBSERVATION_DATE_NO_INTRADAY_TIMESTAMP_CLAIM
2025-09-09,DEFENSE,DEFENSE_399973,DOMAIN_PRIMARY,CSI_DEFENSE,399973,1611.63,1614.86,1583.97,1588.55,-1.54,885277134.0,223.09,50.0,59.12,csindex:index_perf,399973,OFFICIAL_HISTORICAL_VALUATION_AVAILABLE,True,2025-09-09,OFFICIAL_DAILY_OBSERVATION_DATE_NO_INTRADAY_TIMESTAMP_CLAIM
2025-09-10,DEFENSE,DEFENSE_399973,DOMAIN_PRIMARY,CSI_DEFENSE,399973,1590.76,1617.03,1590.76,1602.6,0.88,920517649.0,224.19,50.0,59.49,csindex:index_perf,399973,OFFICIAL_HISTORICAL_VALUATION_AVAILABLE,True,2025-09-10,OFFICIAL_DAILY_OBSERVATION_DATE_NO_INTRADAY_TIMESTAMP_CLAIM
2025-09-11,DEFENSE,DEFENSE_399973,DOMAIN_PRIMARY,CSI_DEFENSE,399973,1606.73,1641.29,1600.69,1640.75,2.38,1014752909.0,270.24,50.0,61.1,csindex:index_perf,399973,OFFICIAL_HISTORICAL_VALUATION_AVAILABLE,True,2025-09-11,OFFICIAL_DAILY_OBSERVATION_DATE_NO_INTRADAY_TIMESTAMP_CLAIM
2025-09-12,DEFENSE,DEFENSE_399973,DOMAIN_PRIMARY,CSI_DEFENSE,399973,1638.05,1649.42,1631.59,1635.06,-0.35,1068734230.0,274.58,50.0,60.8,csindex:index_perf,399973,OFFICIAL_HISTORICAL_VALUATION_AVAILABLE,True,2025-09-12,OFFICIAL_DAILY_OBSERVATION_DATE_NO_INTRADAY_TIMESTAMP_CLAIM
2025-09-15,DEFENSE,DEFENSE_399973,DOMAIN_PRIMARY,CSI_DEFENSE,399973,1640.41,1640.41,1617.53,1617.53,-1.07,800698759.0,201.21,50.0,60.22,csindex:index_perf,399973,OFFICIAL_HISTORICAL_VALUATION_AVAILABLE,True,2025-09-15,OFFICIAL_DAILY_OBSERVATION_DATE_NO_INTRADAY_TIMESTAMP_CLAIM
2025-09-16,DEFENSE,DEFENSE_399973,DOMAIN_PRIMARY,CSI_DEFENSE,399973,1616.46,1618.47,1592.21,1609.73,-0.48,713219563.0,180.98,50.0,59.88,csindex:index_perf,399973,OFFICIAL_HISTORICAL_VALUATION_AVAILABLE,True,2025-09-16,OFFICIAL_DAILY_OBSERVATION_DATE_NO_INTRADAY_TIMESTAMP_CLAIM
2025-09-17,DEFENSE,DEFENSE_399973,DOMAIN_PRIMARY,CSI_DEFENSE,399973,1609.65,1625.51,1603.92,1625.4,0.97,738917188.0,198.41,50.0,60.51,csindex:index_perf,399973,OFFICIAL_HISTORICAL_VALUATION_AVAILABLE,True,2025-09-17,OFFICIAL_DAILY_OBSERVATION_DATE_NO_INTRADAY_TIMESTAMP_CLAIM
2025-09-18,DEFENSE,DEFENSE_399973,DOMAIN_PRIMARY,CSI_DEFENSE,399973,1624.0,1655.53,1604.86,1618.76,-0.41,1130154805.0,315.01,50.0,60.32,csindex:index_perf,399973,OFFICIAL_HISTORICAL_VALUATION_AVAILABLE,True,2025-09-18,OFFICIAL_DAILY_OBSERVATION_DATE_NO_INTRADAY_TIMESTAMP_CLAIM
2025-09-19,DEFENSE,DEFENSE_399973,DOMAIN_PRIMARY,CSI_DEFENSE,399973,1621.67,1664.97,1621.67,1650.11,1.94,1114061979.0,321.23,50.0,61.55,csindex:index_perf,399973,OFFICIAL_HISTORICAL_VALUATION_AVAILABLE,True,2025-09-19,OFFICIAL_DAILY_OBSERVATION_DATE_NO_INTRADAY_TIMESTAMP_CLAIM
2025-09-22,DEFENSE,DEFENSE_399973,DOMAIN_PRIMARY,CSI_DEFENSE,399973,1649.02,1656.87,1638.36,1655.02,0.3,909797755.0,243.57,50.0,61.68,csindex:index_perf,399973,OFFICIAL_HISTORICAL_VALUATION_AVAILABLE,True,2025-09-22,OFFICIAL_DAILY_OBSERVATION_DATE_NO_INTRADAY_TIMESTAMP_CLAIM
2025-09-23,DEFENSE,DEFENSE_399973,DOMAIN_PRIMARY,CSI_DEFENSE,399973,1663.25,1671.66,1620.72,1649.38,-0.34,1014318379.0,268.4,50.0,61.49,csindex:index_perf,399973,OFFICIAL_HISTORICAL_VALUATION_AVAILABLE,True,2025-09-23,OFFICIAL_DAILY_OBSERVATION_DATE_NO_INTRADAY_TIMESTAMP_CLAIM
2025-09-24,DEFENSE,DEFENSE_399973,DOMAIN_PRIMARY,CSI_DEFENSE,399973,1637.57,1664.72,1633.28,1664.56,0.92,849651392.0,226.81,50.0,62.05,csindex:index_perf,399973,OFFICIAL_HISTORICAL_VALUATION_AVAILABLE,True,2025-09-24,OFFICIAL_DAILY_OBSERVATION_DATE_NO_INTRADAY_TIMESTAMP_CLAIM
2025-09-25,DEFENSE,DEFENSE_399973,DOMAIN_PRIMARY,CSI_DEFENSE,399973,1660.14,1660.37,1641.64,1651.36,-0.79,884773803.0,248.63,50.0,61.55,csindex:index_perf,399973,OFFICIAL_HISTORICAL_VALUATION_AVAILABLE,True,2025-09-25,OFFICIAL_DAILY_OBSERVATION_DATE_NO_INTRADAY_TIMESTAMP_CLAIM
2025-09-26,DEFENSE,DEFENSE_399973,DOMAIN_PRIMARY,CSI_DEFENSE,399973,1648.76,1685.05,1643.92,1658.81,0.45,1068844860.0,308.33,50.0,61.98,csindex:index_perf,399973,OFFICIAL_HISTORICAL_VALUATION_AVAILABLE,True,2025-09-26,OFFICIAL_DAILY_OBSERVATION_DATE_NO_INTRADAY_TIMESTAMP_CLAIM
2025-09-29,DEFENSE,DEFENSE_399973,DOMAIN_PRIMARY,CSI_DEFENSE,399973,1659.8,1674.95,1639.87,1667.42,0.52,850025456.0,230.97,50.0,62.41,csindex:index_perf,399973,OFFICIAL_HISTORICAL_VALUATION_AVAILABLE,True,2025-09-29,OFFICIAL_DAILY_OBSERVATION_DATE_NO_INTRADAY_TIMESTAMP_CLAIM
2025-09-30,DEFENSE,DEFENSE_399973,DOMAIN_PRIMARY,CSI_DEFENSE,399973,1672.59,1732.37,1672.01,1727.98,3.63,1281440825.0,379.66,50.0,64.96,csindex:index_perf,399973,OFFICIAL_HISTORICAL_VALUATION_AVAILABLE,True,2025-09-30,OFFICIAL_DAILY_OBSERVATION_DATE_NO_INTRADAY_TIMESTAMP_CLAIM
2025-10-09,DEFENSE,DEFENSE_399973,DOMAIN_PRIMARY,CSI_DEFENSE,399973,1730.2,1751.51,1709.48,1750.96,1.33,1323995648.0,403.38,50.0,65.76,csindex:index_perf,399973,OFFICIAL_HISTORICAL_VALUATION_AVAILABLE,True,2025-10-09,OFFICIAL_DAILY_OBSERVATION_DATE_NO_INTRADAY_TIMESTAMP_CLAIM
2025-10-10,DEFENSE,DEFENSE_399973,DOMAIN_PRIMARY,CSI_DEFENSE,399973,1749.85,1759.2,1725.91,1731.8,-1.09,1234239452.0,367.33,50.0,65.04,csindex:index_perf,399973,OFFICIAL_HISTORICAL_VALUATION_AVAILABLE,True,2025-10-10,OFFICIAL_DAILY_OBSERVATION_DATE_NO_INTRADAY_TIMESTAMP_CLAIM
2025-10-13,DEFENSE,DEFENSE_399973,DOMAIN_PRIMARY,CSI_DEFENSE,399973,1685.24,1745.14,1685.24,1744.67,0.74,1290389233.0,356.36,50.0,65.58,csindex:index_perf,399973,OFFICIAL_HISTORICAL_VALUATION_AVAILABLE,True,2025-10-13,OFFICIAL_DAILY_OBSERVATION_DATE_NO_INTRADAY_TIMESTAMP_CLAIM
2025-10-14,DEFENSE,DEFENSE_399973,DOMAIN_PRIMARY,CSI_DEFENSE,399973,1753.95,1764.41,1707.77,1710.78,-1.94,1308629323.0,388.17,50.0,64.21,csindex:index_perf,399973,OFFICIAL_HISTORICAL_VALUATION_AVAILABLE,True,2025-10-14,OFFICIAL_DAILY_OBSERVATION_DATE_NO_INTRADAY_TIMESTAMP_CLAIM
2025-10-15,DEFENSE,DEFENSE_399973,DOMAIN_PRIMARY,CSI_DEFENSE,399973,1710.22,1714.45,1683.59,1712.92,0.12,1199759631.0,298.42,50.0,64.24,csindex:index_perf,399973,OFFICIAL_HISTORICAL_VALUATION_AVAILABLE,True,2025-10-15,OFFICIAL_DAILY_OBSERVATION_DATE_NO_INTRADAY_TIMESTAMP_CLAIM
2025-10-16,DEFENSE,DEFENSE_399973,DOMAIN_PRIMARY,CSI_DEFENSE,399973,1720.63,1730.12,1695.72,1700.45,-0.73,1192520566.0,309.6,50.0,63.7,csindex:index_perf,399973,OFFICIAL_HISTORICAL_VALUATION_AVAILABLE,True,2025-10-16,OFFICIAL_DAILY_OBSERVATION_DATE_NO_INTRADAY_TIMESTAMP_CLAIM
2025-10-17,DEFENSE,DEFENSE_399973,DOMAIN_PRIMARY,CSI_DEFENSE,399973,1694.13,1705.83,1632.64,1634.86,-3.86,1156739746.0,287.78,50.0,61.25,csindex:index_perf,399973,OFFICIAL_HISTORICAL_VALUATION_AVAILABLE,True,2025-10-17,OFFICIAL_DAILY_OBSERVATION_DATE_NO_INTRADAY_TIMESTAMP_CLAIM
2025-10-20,DEFENSE,DEFENSE_399973,DOMAIN_PRIMARY,CSI_DEFENSE,399973,1650.15,1659.92,1629.45,1639.8,0.3,1019562124.0,236.0,50.0,61.27,csindex:index_perf,399973,OFFICIAL_HISTORICAL_VALUATION_AVAILABLE,True,2025-10-20,OFFICIAL_DAILY_OBSERVATION_DATE_NO_INTRADAY_TIMESTAMP_CLAIM
2025-10-21,DEFENSE,DEFENSE_399973,DOMAIN_PRIMARY,CSI_DEFENSE,399973,1641.39,1658.79,1641.39,1656.71,1.03,982700006.0,248.9,50.0,61.78,csindex:index_perf,399973,OFFICIAL_HISTORICAL_VALUATION_AVAILABLE,True,2025-10-21,OFFICIAL_DAILY_OBSERVATION_DATE_NO_INTRADAY_TIMESTAMP_CLAIM
2025-10-22,DEFENSE,DEFENSE_399973,DOMAIN_PRIMARY,CSI_DEFENSE,399973,1651.69,1651.69,1633.25,1635.25,-1.3,998730501.0,254.48,50.0,60.99,csindex:index_perf,399973,OFFICIAL_HISTORICAL_VALUATION_AVAILABLE,True,2025-10-22,OFFICIAL_DAILY_OBSERVATION_DATE_NO_INTRADAY_TIMESTAMP_CLAIM
2025-10-23,DEFENSE,DEFENSE_399973,DOMAIN_PRIMARY,CSI_DEFENSE,399973,1629.88,1634.76,1605.69,1633.71,-0.09,836691787.0,215.27,50.0,60.92,csindex:index_perf,399973,OFFICIAL_HISTORICAL_VALUATION_AVAILABLE,True,2025-10-23,OFFICIAL_DAILY_OBSERVATION_DATE_NO_INTRADAY_TIMESTAMP_CLAIM
2025-10-24,DEFENSE,DEFENSE_399973,DOMAIN_PRIMARY,CSI_DEFENSE,399973,1646.85,1676.77,1646.85,1668.07,2.1,1232938537.0,314.2,50.0,62.18,csindex:index_perf,399973,OFFICIAL_HISTORICAL_VALUATION_AVAILABLE,True,2025-10-24,OFFICIAL_DAILY_OBSERVATION_DATE_NO_INTRADAY_TIMESTAMP_CLAIM
2025-10-27,DEFENSE,DEFENSE_399973,DOMAIN_PRIMARY,CSI_DEFENSE,399973,1683.27,1694.65,1675.66,1691.67,1.42,1366172409.0,366.65,50.0,62.85,csindex:index_perf,399973,OFFICIAL_HISTORICAL_VALUATION_AVAILABLE,True,2025-10-27,OFFICIAL_DAILY_OBSERVATION_DATE_NO_INTRADAY_TIMESTAMP_CLAIM
2025-10-28,DEFENSE,DEFENSE_399973,DOMAIN_PRIMARY,CSI_DEFENSE,399973,1693.75,1729.02,1686.68,1716.45,1.46,1617104573.0,436.76,50.0,63.65,csindex:index_perf,399973,OFFICIAL_HISTORICAL_VALUATION_AVAILABLE,True,2025-10-28,OFFICIAL_DAILY_OBSERVATION_DATE_NO_INTRADAY_TIMESTAMP_CLAIM
2025-10-29,DEFENSE,DEFENSE_399973,DOMAIN_PRIMARY,CSI_DEFENSE,399973,1715.82,1733.18,1710.68,1726.2,0.57,1347972710.0,369.24,50.0,63.92,csindex:index_perf,399973,OFFICIAL_HISTORICAL_VALUATION_AVAILABLE,True,2025-10-29,OFFICIAL_DAILY_OBSERVATION_DATE_NO_INTRADAY_TIMESTAMP_CLAIM
2025-10-30,DEFENSE,DEFENSE_399973,DOMAIN_PRIMARY,CSI_DEFENSE,399973,1707.63,1712.55,1682.59,1685.56,-2.35,1401811271.0,394.62,50.0,62.54,csindex:index_perf,399973,OFFICIAL_HISTORICAL_VALUATION_AVAILABLE,True,2025-10-30,OFFICIAL_DAILY_OBSERVATION_DATE_NO_INTRADAY_TIMESTAMP_CLAIM
2025-10-31,DEFENSE,DEFENSE_399973,DOMAIN_PRIMARY,CSI_DEFENSE,399973,1679.59,1684.81,1658.85,1660.01,-1.52,994302366.0,289.32,50.0,61.66,csindex:index_perf,399973,OFFICIAL_HISTORICAL_VALUATION_AVAILABLE,True,2025-10-31,OFFICIAL_DAILY_OBSERVATION_DATE_NO_INTRADAY_TIMESTAMP_CLAIM
2025-11-03,DEFENSE,DEFENSE_399973,DOMAIN_PRIMARY,CSI_DEFENSE,399973,1661.58,1664.02,1631.4,1658.33,-0.1,953205351.0,256.97,50.0,61.68,csindex:index_perf,399973,OFFICIAL_HISTORICAL_VALUATION_AVAILABLE,True,2025-11-03,OFFICIAL_DAILY_OBSERVATION_DATE_NO_INTRADAY_TIMESTAMP_CLAIM
2025-11-04,DEFENSE,DEFENSE_399973,DOMAIN_PRIMARY,CSI_DEFENSE,399973,1652.82,1658.51,1626.93,1635.64,-1.37,872180273.0,215.46,50.0,60.83,csindex:index_perf,399973,OFFICIAL_HISTORICAL_VALUATION_AVAILABLE,True,2025-11-04,OFFICIAL_DAILY_OBSERVATION_DATE_NO_INTRADAY_TIMESTAMP_CLAIM
2025-11-05,DEFENSE,DEFENSE_399973,DOMAIN_PRIMARY,CSI_DEFENSE,399973,1617.9,1638.22,1614.54,1632.77,-0.18,742006116.0,190.62,50.0,60.72,csindex:index_perf,399973,OFFICIAL_HISTORICAL_VALUATION_AVAILABLE,True,2025-11-05,OFFICIAL_DAILY_OBSERVATION_DATE_NO_INTRADAY_TIMESTAMP_CLAIM
2025-11-06,DEFENSE,DEFENSE_399973,DOMAIN_PRIMARY,CSI_DEFENSE,399973,1635.68,1665.22,1635.68,1659.03,1.61,1067569242.0,288.09,50.0,61.7,csindex:index_perf,399973,OFFICIAL_HISTORICAL_VALUATION_AVAILABLE,True,2025-11-06,OFFICIAL_DAILY_OBSERVATION_DATE_NO_INTRADAY_TIMESTAMP_CLAIM
2025-11-07,DEFENSE,DEFENSE_399973,DOMAIN_PRIMARY,CSI_DEFENSE,399973,1651.43,1651.88,1637.1,1645.8,-0.8,1068808936.0,278.35,50.0,61.22,csindex:index_perf,399973,OFFICIAL_HISTORICAL_VALUATION_AVAILABLE,True,2025-11-07,OFFICIAL_DAILY_OBSERVATION_DATE_NO_INTRADAY_TIMESTAMP_CLAIM
2025-11-10,DEFENSE,DEFENSE_399973,DOMAIN_PRIMARY,CSI_DEFENSE,399973,1649.13,1658.77,1631.36,1649.32,0.21,1040138764.0,262.25,50.0,61.3,csindex:index_perf,399973,OFFICIAL_HISTORICAL_VALUATION_AVAILABLE,True,2025-11-10,OFFICIAL_DAILY_OBSERVATION_DATE_NO_INTRADAY_TIMESTAMP_CLAIM
2025-11-11,DEFENSE,DEFENSE_399973,DOMAIN_PRIMARY,CSI_DEFENSE,399973,1650.23,1655.35,1633.5,1635.9,-0.81,956980143.0,241.16,50.0,60.82,csindex:index_perf,399973,OFFICIAL_HISTORICAL_VALUATION_AVAILABLE,True,2025-11-11,OFFICIAL_DAILY_OBSERVATION_DATE_NO_INTRADAY_TIMESTAMP_CLAIM
2025-11-12,DEFENSE,DEFENSE_399973,DOMAIN_PRIMARY,CSI_DEFENSE,399973,1630.95,1630.95,1599.45,1616.17,-1.21,918044499.0,231.41,50.0,60.07,csindex:index_perf,399973,OFFICIAL_HISTORICAL_VALUATION_AVAILABLE,True,2025-11-12,OFFICIAL_DAILY_OBSERVATION_DATE_NO_INTRADAY_TIMESTAMP_CLAIM
2025-11-13,DEFENSE,DEFENSE_399973,DOMAIN_PRIMARY,CSI_DEFENSE,399973,1612.49,1632.4,1612.49,1627.42,0.7,774432312.0,198.22,50.0,60.37,csindex:index_perf,399973,OFFICIAL_HISTORICAL_VALUATION_AVAILABLE,True,2025-11-13,OFFICIAL_DAILY_OBSERVATION_DATE_NO_INTRADAY_TIMESTAMP_CLAIM
2025-11-14,DEFENSE,DEFENSE_399973,DOMAIN_PRIMARY,CSI_DEFENSE,399973,1620.9,1634.21,1615.15,1615.15,-0.75,798340547.0,203.23,50.0,60.02,csindex:index_perf,399973,OFFICIAL_HISTORICAL_VALUATION_AVAILABLE,True,2025-11-14,OFFICIAL_DAILY_OBSERVATION_DATE_NO_INTRADAY_TIMESTAMP_CLAIM
2025-11-17,DEFENSE,DEFENSE_399973,DOMAIN_PRIMARY,CSI_DEFENSE,399973,1643.1,1650.21,1627.45,1632.87,1.1,1044887487.0,280.4,50.0,60.73,csindex:index_perf,399973,OFFICIAL_HISTORICAL_VALUATION_AVAILABLE,True,2025-11-17,OFFICIAL_DAILY_OBSERVATION_DATE_NO_INTRADAY_TIMESTAMP_CLAIM
2025-11-18,DEFENSE,DEFENSE_399973,DOMAIN_PRIMARY,CSI_DEFENSE,399973,1627.85,1627.85,1602.17,1607.7,-1.54,797615936.0,200.87,50.0,59.89,csindex:index_perf,399973,OFFICIAL_HISTORICAL_VALUATION_AVAILABLE,True,2025-11-18,OFFICIAL_DAILY_OBSERVATION_DATE_NO_INTRADAY_TIMESTAMP_CLAIM
2025-11-19,DEFENSE,DEFENSE_399973,DOMAIN_PRIMARY,CSI_DEFENSE,399973,1602.44,1622.09,1600.91,1613.14,0.34,863006539.0,221.34,50.0,60.17,csindex:index_perf,399973,OFFICIAL_HISTORICAL_VALUATION_AVAILABLE,True,2025-11-19,OFFICIAL_DAILY_OBSERVATION_DATE_NO_INTRADAY_TIMESTAMP_CLAIM
2025-11-20,DEFENSE,DEFENSE_399973,DOMAIN_PRIMARY,CSI_DEFENSE,399973,1612.26,1612.4,1594.13,1595.73,-1.08,659941887.0,174.01,50.0,59.37,csindex:index_perf,399973,OFFICIAL_HISTORICAL_VALUATION_AVAILABLE,True,2025-11-20,OFFICIAL_DAILY_OBSERVATION_DATE_NO_INTRADAY_TIMESTAMP_CLAIM
2025-11-21,DEFENSE,DEFENSE_399973,DOMAIN_PRIMARY,CSI_DEFENSE,399973,1578.68,1592.89,1555.67,1564.16,-1.98,960758321.0,238.16,50.0,58.24,csindex:index_perf,399973,OFFICIAL_HISTORICAL_VALUATION_AVAILABLE,True,2025-11-21,OFFICIAL_DAILY_OBSERVATION_DATE_NO_INTRADAY_TIMESTAMP_CLAIM
2025-11-24,DEFENSE,DEFENSE_399973,DOMAIN_PRIMARY,CSI_DEFENSE,399973,1570.86,1621.04,1570.86,1619.31,3.53,1254835403.0,312.45,50.0,60.32,csindex:index_perf,399973,OFFICIAL_HISTORICAL_VALUATION_AVAILABLE,True,2025-11-24,OFFICIAL_DAILY_OBSERVATION_DATE_NO_INTRADAY_TIMESTAMP_CLAIM
2025-11-25,DEFENSE,DEFENSE_399973,DOMAIN_PRIMARY,CSI_DEFENSE,399973,1619.53,1624.09,1603.33,1611.94,-0.45,1045743537.0,274.3,50.0,60.03,csindex:index_perf,399973,OFFICIAL_HISTORICAL_VALUATION_AVAILABLE,True,2025-11-25,OFFICIAL_DAILY_OBSERVATION_DATE_NO_INTRADAY_TIMESTAMP_CLAIM
2025-11-26,DEFENSE,DEFENSE_399973,DOMAIN_PRIMARY,CSI_DEFENSE,399973,1607.64,1608.66,1580.02,1580.87,-1.93,908352873.0,230.31,50.0,58.72,csindex:index_perf,399973,OFFICIAL_HISTORICAL_VALUATION_AVAILABLE,True,2025-11-26,OFFICIAL_DAILY_OBSERVATION_DATE_NO_INTRADAY_TIMESTAMP_CLAIM
2025-11-27,DEFENSE,DEFENSE_399973,DOMAIN_PRIMARY,CSI_DEFENSE,399973,1577.07,1590.02,1575.62,1576.76,-0.26,718888106.0,183.59,50.0,58.58,csindex:index_perf,399973,OFFICIAL_HISTORICAL_VALUATION_AVAILABLE,True,2025-11-27,OFFICIAL_DAILY_OBSERVATION_DATE_NO_INTRADAY_TIMESTAMP_CLAIM
2025-11-28,DEFENSE,DEFENSE_399973,DOMAIN_PRIMARY,CSI_DEFENSE,399973,1578.22,1595.2,1575.5,1595.2,1.17,789045902.0,193.79,50.0,59.21,csindex:index_perf,399973,OFFICIAL_HISTORICAL_VALUATION_AVAILABLE,True,2025-11-28,OFFICIAL_DAILY_OBSERVATION_DATE_NO_INTRADAY_TIMESTAMP_CLAIM
2025-12-01,DEFENSE,DEFENSE_399973,DOMAIN_PRIMARY,CSI_DEFENSE,399973,1602.44,1614.29,1599.36,1605.53,0.65,1006344859.0,245.55,50.0,59.57,csindex:index_perf,399973,OFFICIAL_HISTORICAL_VALUATION_AVAILABLE,True,2025-12-01,OFFICIAL_DAILY_OBSERVATION_DATE_NO_INTRADAY_TIMESTAMP_CLAIM
2025-12-02,DEFENSE,DEFENSE_399973,DOMAIN_PRIMARY,CSI_DEFENSE,399973,1601.38,1608.84,1592.51,1596.22,-0.58,885167718.0,201.48,50.0,59.14,csindex:index_perf,399973,OFFICIAL_HISTORICAL_VALUATION_AVAILABLE,True,2025-12-02,OFFICIAL_DAILY_OBSERVATION_DATE_NO_INTRADAY_TIMESTAMP_CLAIM
2025-12-03,DEFENSE,DEFENSE_399973,DOMAIN_PRIMARY,CSI_DEFENSE,399973,1595.09,1596.27,1572.9,1579.51,-1.05,991970997.0,227.76,50.0,58.47,csindex:index_perf,399973,OFFICIAL_HISTORICAL_VALUATION_AVAILABLE,True,2025-12-03,OFFICIAL_DAILY_OBSERVATION_DATE_NO_INTRADAY_TIMESTAMP_CLAIM
2025-12-04,DEFENSE,DEFENSE_399973,DOMAIN_PRIMARY,CSI_DEFENSE,399973,1573.14,1601.86,1573.14,1591.15,0.74,1153623469.0,242.52,50.0,58.85,csindex:index_perf,399973,OFFICIAL_HISTORICAL_VALUATION_AVAILABLE,True,2025-12-04,OFFICIAL_DAILY_OBSERVATION_DATE_NO_INTRADAY_TIMESTAMP_CLAIM
2025-12-05,DEFENSE,DEFENSE_399973,DOMAIN_PRIMARY,CSI_DEFENSE,399973,1588.23,1625.8,1583.72,1624.09,2.07,1315163746.0,290.71,50.0,59.96,csindex:index_perf,399973,OFFICIAL_HISTORICAL_VALUATION_AVAILABLE,True,2025-12-05,OFFICIAL_DAILY_OBSERVATION_DATE_NO_INTRADAY_TIMESTAMP_CLAIM
2025-12-08,DEFENSE,DEFENSE_399973,DOMAIN_PRIMARY,CSI_DEFENSE,399973,1636.09,1660.26,1636.09,1638.63,0.9,1679618920.0,385.26,50.0,60.46,csindex:index_perf,399973,OFFICIAL_HISTORICAL_VALUATION_AVAILABLE,True,2025-12-08,OFFICIAL_DAILY_OBSERVATION_DATE_NO_INTRADAY_TIMESTAMP_CLAIM
2025-12-09,DEFENSE,DEFENSE_399973,DOMAIN_PRIMARY,CSI_DEFENSE,399973,1631.66,1646.28,1621.73,1630.83,-0.48,1465002092.0,339.25,50.0,60.04,csindex:index_perf,399973,OFFICIAL_HISTORICAL_VALUATION_AVAILABLE,True,2025-12-09,OFFICIAL_DAILY_OBSERVATION_DATE_NO_INTRADAY_TIMESTAMP_CLAIM
2025-12-10,DEFENSE,DEFENSE_399973,DOMAIN_PRIMARY,CSI_DEFENSE,399973,1631.1,1649.21,1625.11,1648.5,1.08,1361421534.0,347.39,50.0,60.66,csindex:index_perf,399973,OFFICIAL_HISTORICAL_VALUATION_AVAILABLE,True,2025-12-10,OFFICIAL_DAILY_OBSERVATION_DATE_NO_INTRADAY_TIMESTAMP_CLAIM
2025-12-11,DEFENSE,DEFENSE_399973,DOMAIN_PRIMARY,CSI_DEFENSE,399973,1654.65,1665.66,1641.91,1642.84,-0.34,1491803531.0,376.41,50.0,60.47,csindex:index_perf,399973,OFFICIAL_HISTORICAL_VALUATION_AVAILABLE,True,2025-12-11,OFFICIAL_DAILY_OBSERVATION_DATE_NO_INTRADAY_TIMESTAMP_CLAIM
2025-12-12,DEFENSE,DEFENSE_399973,DOMAIN_PRIMARY,CSI_DEFENSE,399973,1643.72,1664.96,1634.71,1664.96,1.35,1966258130.0,488.87,50.0,61.38,csindex:index_perf,399973,OFFICIAL_HISTORICAL_VALUATION_AVAILABLE,True,2025-12-12,OFFICIAL_DAILY_OBSERVATION_DATE_NO_INTRADAY_TIMESTAMP_CLAIM
2025-12-15,DEFENSE,DEFENSE_399973,DOMAIN_PRIMARY,CSI_DEFENSE,399973,1664.8,1698.03,1656.14,1689.44,1.47,2091622272.0,562.03,50.0,62.81,csindex:index_perf,399973,OFFICIAL_HISTORICAL_VALUATION_AVAILABLE,True,2025-12-15,OFFICIAL_DAILY_OBSERVATION_DATE_NO_INTRADAY_TIMESTAMP_CLAIM
2025-12-16,DEFENSE,DEFENSE_399973,DOMAIN_PRIMARY,CSI_DEFENSE,399973,1686.89,1687.3,1648.25,1674.88,-0.86,2105578803.0,541.64,50.0,62.19,csindex:index_perf,399973,OFFICIAL_HISTORICAL_VALUATION_AVAILABLE,True,2025-12-16,OFFICIAL_DAILY_OBSERVATION_DATE_NO_INTRADAY_TIMESTAMP_CLAIM
2025-12-17,DEFENSE,DEFENSE_399973,DOMAIN_PRIMARY,CSI_DEFENSE,399973,1668.56,1687.16,1643.89,1673.93,-0.06,1911644414.0,502.2,50.0,62.1,csindex:index_perf,399973,OFFICIAL_HISTORICAL_VALUATION_AVAILABLE,True,2025-12-17,OFFICIAL_DAILY_OBSERVATION_DATE_NO_INTRADAY_TIMESTAMP_CLAIM
2025-12-18,DEFENSE,DEFENSE_399973,DOMAIN_PRIMARY,CSI_DEFENSE,399973,1659.99,1718.0,1659.53,1696.35,1.34,2026738029.0,537.98,50.0,67.65,csindex:index_perf,399973,OFFICIAL_HISTORICAL_VALUATION_AVAILABLE,True,2025-12-18,OFFICIAL_DAILY_OBSERVATION_DATE_NO_INTRADAY_TIMESTAMP_CLAIM
2025-12-19,DEFENSE,DEFENSE_399973,DOMAIN_PRIMARY,CSI_DEFENSE,399973,1702.19,1737.4,1702.19,1720.65,1.43,1992238294.0,547.4,50.0,68.67,csindex:index_perf,399973,OFFICIAL_HISTORICAL_VALUATION_AVAILABLE,True,2025-12-19,OFFICIAL_DAILY_OBSERVATION_DATE_NO_INTRADAY_TIMESTAMP_CLAIM
2025-12-22,DEFENSE,DEFENSE_399973,DOMAIN_PRIMARY,CSI_DEFENSE,399973,1736.73,1740.61,1719.53,1722.53,0.11,1838024926.0,506.88,50.0,68.71,csindex:index_perf,399973,OFFICIAL_HISTORICAL_VALUATION_AVAILABLE,True,2025-12-22,OFFICIAL_DAILY_OBSERVATION_DATE_NO_INTRADAY_TIMESTAMP_CLAIM
2025-12-23,DEFENSE,DEFENSE_399973,DOMAIN_PRIMARY,CSI_DEFENSE,399973,1722.26,1740.17,1693.74,1703.29,-1.12,2142904668.0,567.32,50.0,68.0,csindex:index_perf,399973,OFFICIAL_HISTORICAL_VALUATION_AVAILABLE,True,2025-12-23,OFFICIAL_DAILY_OBSERVATION_DATE_NO_INTRADAY_TIMESTAMP_CLAIM
2025-12-24,DEFENSE,DEFENSE_399973,DOMAIN_PRIMARY,CSI_DEFENSE,399973,1693.9,1757.74,1693.9,1750.63,2.78,2001677555.0,569.61,50.0,69.83,csindex:index_perf,399973,OFFICIAL_HISTORICAL_VALUATION_AVAILABLE,True,2025-12-24,OFFICIAL_DAILY_OBSERVATION_DATE_NO_INTRADAY_TIMESTAMP_CLAIM
2025-12-25,DEFENSE,DEFENSE_399973,DOMAIN_PRIMARY,CSI_DEFENSE,399973,1749.85,1816.14,1748.38,1809.9,3.39,2529306338.0,727.55,50.0,72.18,csindex:index_perf,399973,OFFICIAL_HISTORICAL_VALUATION_AVAILABLE,True,2025-12-25,OFFICIAL_DAILY_OBSERVATION_DATE_NO_INTRADAY_TIMESTAMP_CLAIM
2025-12-26,DEFENSE,DEFENSE_399973,DOMAIN_PRIMARY,CSI_DEFENSE,399973,1810.25,1829.77,1787.24,1816.41,0.36,2679578055.0,767.94,50.0,72.25,csindex:index_perf,399973,OFFICIAL_HISTORICAL_VALUATION_AVAILABLE,True,2025-12-26,OFFICIAL_DAILY_OBSERVATION_DATE_NO_INTRADAY_TIMESTAMP_CLAIM
2025-12-29,DEFENSE,DEFENSE_399973,DOMAIN_PRIMARY,CSI_DEFENSE,399973,1816.71,1844.4,1813.51,1836.14,1.09,2440030119.0,741.98,50.0,72.77,csindex:index_perf,399973,OFFICIAL_HISTORICAL_VALUATION_AVAILABLE,True,2025-12-29,OFFICIAL_DAILY_OBSERVATION_DATE_NO_INTRADAY_TIMESTAMP_CLAIM
2025-12-30,DEFENSE,DEFENSE_399973,DOMAIN_PRIMARY,CSI_DEFENSE,399973,1828.51,1860.24,1815.68,1825.52,-0.58,2752118122.0,784.55,50.0,72.36,csindex:index_perf,399973,OFFICIAL_HISTORICAL_VALUATION_AVAILABLE,True,2025-12-30,OFFICIAL_DAILY_OBSERVATION_DATE_NO_INTRADAY_TIMESTAMP_CLAIM
2025-12-31,DEFENSE,DEFENSE_399973,DOMAIN_PRIMARY,CSI_DEFENSE,399973,1821.05,1866.31,1812.54,1859.94,1.89,2673906869.0,766.37,50.0,73.68,csindex:index_perf,399973,OFFICIAL_HISTORICAL_VALUATION_AVAILABLE,True,2025-12-31,OFFICIAL_DAILY_OBSERVATION_DATE_NO_INTRADAY_TIMESTAMP_CLAIM
2026-01-05,DEFENSE,DEFENSE_399973,DOMAIN_PRIMARY,CSI_DEFENSE,399973,1895.78,1913.03,1862.51,1899.48,2.13,3229954997.0,930.94,50.0,75.23,csindex:index_perf,399973,OFFICIAL_HISTORICAL_VALUATION_AVAILABLE,True,2026-01-05,OFFICIAL_DAILY_OBSERVATION_DATE_NO_INTRADAY_TIMESTAMP_CLAIM
2026-01-06,DEFENSE,DEFENSE_399973,DOMAIN_PRIMARY,CSI_DEFENSE,399973,1893.7,1964.95,1884.41,1962.91,3.34,3429146201.0,997.41,50.0,77.55,csindex:index_perf,399973,OFFICIAL_HISTORICAL_VALUATION_AVAILABLE,True,2026-01-06,OFFICIAL_DAILY_OBSERVATION_DATE_NO_INTRADAY_TIMESTAMP_CLAIM
2026-01-07,DEFENSE,DEFENSE_399973,DOMAIN_PRIMARY,CSI_DEFENSE,399973,1953.0,1975.9,1924.33,1955.21,-0.39,3229711660.0,957.81,50.0,77.23,csindex:index_perf,399973,OFFICIAL_HISTORICAL_VALUATION_AVAILABLE,True,2026-01-07,OFFICIAL_DAILY_OBSERVATION_DATE_NO_INTRADAY_TIMESTAMP_CLAIM
2026-01-08,DEFENSE,DEFENSE_399973,DOMAIN_PRIMARY,CSI_DEFENSE,399973,1944.76,2051.34,1944.71,2049.03,4.8,3886434851.0,1156.76,50.0,81.07,csindex:index_perf,399973,OFFICIAL_HISTORICAL_VALUATION_AVAILABLE,True,2026-01-08,OFFICIAL_DAILY_OBSERVATION_DATE_NO_INTRADAY_TIMESTAMP_CLAIM
2026-01-09,DEFENSE,DEFENSE_399973,DOMAIN_PRIMARY,CSI_DEFENSE,399973,2088.4,2167.08,2082.56,2125.0,3.71,4539933812.0,1483.45,50.0,84.07,csindex:index_perf,399973,OFFICIAL_HISTORICAL_VALUATION_AVAILABLE,True,2026-01-09,OFFICIAL_DAILY_OBSERVATION_DATE_NO_INTRADAY_TIMESTAMP_CLAIM
2026-01-12,DEFENSE,DEFENSE_399973,DOMAIN_PRIMARY,CSI_DEFENSE,399973,2174.41,2258.11,2156.62,2250.38,5.9,4010874068.0,1396.45,50.0,88.98,csindex:index_perf,399973,OFFICIAL_HISTORICAL_VALUATION_AVAILABLE,True,2026-01-12,OFFICIAL_DAILY_OBSERVATION_DATE_NO_INTRADAY_TIMESTAMP_CLAIM
2026-01-13,DEFENSE,DEFENSE_399973,DOMAIN_PRIMARY,CSI_DEFENSE,399973,2236.24,2236.24,2105.48,2123.89,-5.62,3963617778.0,1326.94,50.0,83.8,csindex:index_perf,399973,OFFICIAL_HISTORICAL_VALUATION_AVAILABLE,True,2026-01-13,OFFICIAL_DAILY_OBSERVATION_DATE_NO_INTRADAY_TIMESTAMP_CLAIM
2026-01-14,DEFENSE,DEFENSE_399973,DOMAIN_PRIMARY,CSI_DEFENSE,399973,2122.08,2206.33,2110.57,2139.27,0.72,4119090007.0,1359.1,50.0,84.13,csindex:index_perf,399973,OFFICIAL_HISTORICAL_VALUATION_AVAILABLE,True,2026-01-14,OFFICIAL_DAILY_OBSERVATION_DATE_NO_INTRADAY_TIMESTAMP_CLAIM
2026-01-15,DEFENSE,DEFENSE_399973,DOMAIN_PRIMARY,CSI_DEFENSE,399973,2093.59,2117.02,2057.84,2080.43,-2.75,2165162457.0,782.72,50.0,81.94,csindex:index_perf,399973,OFFICIAL_HISTORICAL_VALUATION_AVAILABLE,True,2026-01-15,OFFICIAL_DAILY_OBSERVATION_DATE_NO_INTRADAY_TIMESTAMP_CLAIM
2026-01-16,DEFENSE,DEFENSE_399973,DOMAIN_PRIMARY,CSI_DEFENSE,399973,2073.56,2095.32,2043.49,2064.11,-0.78,2333466722.0,799.52,50.0,81.64,csindex:index_perf,399973,OFFICIAL_HISTORICAL_VALUATION_AVAILABLE,True,2026-01-16,OFFICIAL_DAILY_OBSERVATION_DATE_NO_INTRADAY_TIMESTAMP_CLAIM
2026-01-19,DEFENSE,DEFENSE_399973,DOMAIN_PRIMARY,CSI_DEFENSE,399973,2044.72,2140.32,2044.41,2117.48,2.59,2426215638.0,818.34,50.0,84.22,csindex:index_perf,399973,OFFICIAL_HISTORICAL_VALUATION_AVAILABLE,True,2026-01-19,OFFICIAL_DAILY_OBSERVATION_DATE_NO_INTRADAY_TIMESTAMP_CLAIM
2026-01-20,DEFENSE,DEFENSE_399973,DOMAIN_PRIMARY,CSI_DEFENSE,399973,2118.52,2134.03,2032.52,2059.18,-2.75,3079868751.0,921.27,50.0,82.2,csindex:index_perf,399973,OFFICIAL_HISTORICAL_VALUATION_AVAILABLE,True,2026-01-20,OFFICIAL_DAILY_OBSERVATION_DATE_NO_INTRADAY_TIMESTAMP_CLAIM
2026-01-21,DEFENSE,DEFENSE_399973,DOMAIN_PRIMARY,CSI_DEFENSE,399973,2045.56,2086.49,2045.56,2060.17,0.05,2389204181.0,738.39,50.0,82.24,csindex:index_perf,399973,OFFICIAL_HISTORICAL_VALUATION_AVAILABLE,True,2026-01-21,OFFICIAL_DAILY_OBSERVATION_DATE_NO_INTRADAY_TIMESTAMP_CLAIM
2026-01-22,DEFENSE,DEFENSE_399973,DOMAIN_PRIMARY,CSI_DEFENSE,399973,2057.54,2135.24,2057.54,2127.48,3.27,2989786722.0,933.06,50.0,84.86,csindex:index_perf,399973,OFFICIAL_HISTORICAL_VALUATION_AVAILABLE,True,2026-01-22,OFFICIAL_DAILY_OBSERVATION_DATE_NO_INTRADAY_TIMESTAMP_CLAIM
2026-01-23,DEFENSE,DEFENSE_399973,DOMAIN_PRIMARY,CSI_DEFENSE,399973,2148.64,2206.55,2120.56,2197.66,3.3,3089359623.0,1058.99,50.0,87.28,csindex:index_perf,399973,OFFICIAL_HISTORICAL_VALUATION_AVAILABLE,True,2026-01-23,OFFICIAL_DAILY_OBSERVATION_DATE_NO_INTRADAY_TIMESTAMP_CLAIM
2026-01-26,DEFENSE,DEFENSE_399973,DOMAIN_PRIMARY,CSI_DEFENSE,399973,2186.45,2186.45,2092.96,2102.65,-4.32,2995916199.0,1015.57,50.0,83.5,csindex:index_perf,399973,OFFICIAL_HISTORICAL_VALUATION_AVAILABLE,True,2026-01-26,OFFICIAL_DAILY_OBSERVATION_DATE_NO_INTRADAY_TIMESTAMP_CLAIM
2026-01-27,DEFENSE,DEFENSE_399973,DOMAIN_PRIMARY,CSI_DEFENSE,399973,2089.82,2162.48,2083.33,2152.43,2.37,2530794137.0,859.38,50.0,85.49,csindex:index_perf,399973,OFFICIAL_HISTORICAL_VALUATION_AVAILABLE,True,2026-01-27,OFFICIAL_DAILY_OBSERVATION_DATE_NO_INTRADAY_TIMESTAMP_CLAIM
2026-01-28,DEFENSE,DEFENSE_399973,DOMAIN_PRIMARY,CSI_DEFENSE,399973,2154.87,2158.37,2109.74,2122.52,-1.39,2284974503.0,783.25,50.0,84.29,csindex:index_perf,399973,OFFICIAL_HISTORICAL_VALUATION_AVAILABLE,True,2026-01-28,OFFICIAL_DAILY_OBSERVATION_DATE_NO_INTRADAY_TIMESTAMP_CLAIM
2026-01-29,DEFENSE,DEFENSE_399973,DOMAIN_PRIMARY,CSI_DEFENSE,399973,2105.97,2126.7,2069.69,2069.89,-2.48,2285551438.0,750.69,50.0,82.23,csindex:index_perf,399973,OFFICIAL_HISTORICAL_VALUATION_AVAILABLE,True,2026-01-29,OFFICIAL_DAILY_OBSERVATION_DATE_NO_INTRADAY_TIMESTAMP_CLAIM
2026-01-30,DEFENSE,DEFENSE_399973,DOMAIN_PRIMARY,CSI_DEFENSE,399973,2056.04,2074.91,1982.88,2030.16,-1.92,1987199335.0,643.58,50.0,80.51,csindex:index_perf,399973,OFFICIAL_HISTORICAL_VALUATION_AVAILABLE,True,2026-01-30,OFFICIAL_DAILY_OBSERVATION_DATE_NO_INTRADAY_TIMESTAMP_CLAIM
2026-02-02,DEFENSE,DEFENSE_399973,DOMAIN_PRIMARY,CSI_DEFENSE,399973,2032.92,2061.24,1983.29,1983.35,-2.31,1607281154.0,554.22,50.0,78.72,csindex:index_perf,399973,OFFICIAL_HISTORICAL_VALUATION_AVAILABLE,True,2026-02-02,OFFICIAL_DAILY_OBSERVATION_DATE_NO_INTRADAY_TIMESTAMP_CLAIM
2026-02-03,DEFENSE,DEFENSE_399973,DOMAIN_PRIMARY,CSI_DEFENSE,399973,2008.59,2074.13,1998.06,2073.72,4.56,1930540829.0,667.08,50.0,82.19,csindex:index_perf,399973,OFFICIAL_HISTORICAL_VALUATION_AVAILABLE,True,2026-02-03,OFFICIAL_DAILY_OBSERVATION_DATE_NO_INTRADAY_TIMESTAMP_CLAIM
2026-02-04,DEFENSE,DEFENSE_399973,DOMAIN_PRIMARY,CSI_DEFENSE,399973,2066.21,2113.04,2049.9,2078.72,0.24,1831638983.0,645.55,50.0,82.53,csindex:index_perf,399973,OFFICIAL_HISTORICAL_VALUATION_AVAILABLE,True,2026-02-04,OFFICIAL_DAILY_OBSERVATION_DATE_NO_INTRADAY_TIMESTAMP_CLAIM
2026-02-05,DEFENSE,DEFENSE_399973,DOMAIN_PRIMARY,CSI_DEFENSE,399973,2054.82,2100.38,2049.88,2060.24,-0.89,1420455724.0,520.68,50.0,81.99,csindex:index_perf,399973,OFFICIAL_HISTORICAL_VALUATION_AVAILABLE,True,2026-02-05,OFFICIAL_DAILY_OBSERVATION_DATE_NO_INTRADAY_TIMESTAMP_CLAIM
2026-02-06,DEFENSE,DEFENSE_399973,DOMAIN_PRIMARY,CSI_DEFENSE,399973,2040.45,2059.06,2011.67,2021.93,-1.86,1305127936.0,447.57,50.0,80.39,csindex:index_perf,399973,OFFICIAL_HISTORICAL_VALUATION_AVAILABLE,True,2026-02-06,OFFICIAL_DAILY_OBSERVATION_DATE_NO_INTRADAY_TIMESTAMP_CLAIM
2026-02-09,DEFENSE,DEFENSE_399973,DOMAIN_PRIMARY,CSI_DEFENSE,399973,2057.35,2064.29,2031.61,2056.75,1.72,1381763625.0,481.88,50.0,81.6,csindex:index_perf,399973,OFFICIAL_HISTORICAL_VALUATION_AVAILABLE,True,2026-02-09,OFFICIAL_DAILY_OBSERVATION_DATE_NO_INTRADAY_TIMESTAMP_CLAIM
2026-02-10,DEFENSE,DEFENSE_399973,DOMAIN_PRIMARY,CSI_DEFENSE,399973,2057.71,2074.44,2025.99,2056.86,0.01,1359563489.0,483.6,50.0,81.73,csindex:index_perf,399973,OFFICIAL_HISTORICAL_VALUATION_AVAILABLE,True,2026-02-10,OFFICIAL_DAILY_OBSERVATION_DATE_NO_INTRADAY_TIMESTAMP_CLAIM
2026-02-11,DEFENSE,DEFENSE_399973,DOMAIN_PRIMARY,CSI_DEFENSE,399973,2055.41,2072.64,2034.68,2036.01,-1.01,1211948583.0,424.79,50.0,80.82,csindex:index_perf,399973,OFFICIAL_HISTORICAL_VALUATION_AVAILABLE,True,2026-02-11,OFFICIAL_DAILY_OBSERVATION_DATE_NO_INTRADAY_TIMESTAMP_CLAIM
2026-02-12,DEFENSE,DEFENSE_399973,DOMAIN_PRIMARY,CSI_DEFENSE,399973,2034.11,2071.41,2028.53,2065.04,1.43,1270115887.0,453.48,50.0,82.17,csindex:index_perf,399973,OFFICIAL_HISTORICAL_VALUATION_AVAILABLE,True,2026-02-12,OFFICIAL_DAILY_OBSERVATION_DATE_NO_INTRADAY_TIMESTAMP_CLAIM
2026-02-13,DEFENSE,DEFENSE_399973,DOMAIN_PRIMARY,CSI_DEFENSE,399973,2059.21,2093.71,2056.3,2070.53,0.27,1391019408.0,489.55,50.0,82.68,csindex:index_perf,399973,OFFICIAL_HISTORICAL_VALUATION_AVAILABLE,True,2026-02-13,OFFICIAL_DAILY_OBSERVATION_DATE_NO_INTRADAY_TIMESTAMP_CLAIM
2026-02-24,DEFENSE,DEFENSE_399973,DOMAIN_PRIMARY,CSI_DEFENSE,399973,2088.61,2120.7,2076.18,2097.76,1.32,1574564375.0,536.86,50.0,83.54,csindex:index_perf,399973,OFFICIAL_HISTORICAL_VALUATION_AVAILABLE,True,2026-02-24,OFFICIAL_DAILY_OBSERVATION_DATE_NO_INTRADAY_TIMESTAMP_CLAIM
2026-02-25,DEFENSE,DEFENSE_399973,DOMAIN_PRIMARY,CSI_DEFENSE,399973,2100.12,2141.51,2090.26,2133.86,1.72,1644833031.0,590.97,50.0,84.68,csindex:index_perf,399973,OFFICIAL_HISTORICAL_VALUATION_AVAILABLE,True,2026-02-25,OFFICIAL_DAILY_OBSERVATION_DATE_NO_INTRADAY_TIMESTAMP_CLAIM
2026-02-26,DEFENSE,DEFENSE_399973,DOMAIN_PRIMARY,CSI_DEFENSE,399973,2126.53,2190.72,2115.03,2179.57,2.14,1875090040.0,695.23,50.0,86.41,csindex:index_perf,399973,OFFICIAL_HISTORICAL_VALUATION_AVAILABLE,True,2026-02-26,OFFICIAL_DAILY_OBSERVATION_DATE_NO_INTRADAY_TIMESTAMP_CLAIM
2026-02-27,DEFENSE,DEFENSE_399973,DOMAIN_PRIMARY,CSI_DEFENSE,399973,2167.55,2192.24,2151.28,2174.45,-0.23,1783490359.0,688.14,50.0,85.93,csindex:index_perf,399973,OFFICIAL_HISTORICAL_VALUATION_AVAILABLE,True,2026-02-27,OFFICIAL_DAILY_OBSERVATION_DATE_NO_INTRADAY_TIMESTAMP_CLAIM
2026-03-02,DEFENSE,DEFENSE_399973,DOMAIN_PRIMARY,CSI_DEFENSE,399973,2207.49,2248.32,2175.94,2228.35,2.48,3101468776.0,1080.93,50.0,88.19,csindex:index_perf,399973,OFFICIAL_HISTORICAL_VALUATION_AVAILABLE,True,2026-03-02,OFFICIAL_DAILY_OBSERVATION_DATE_NO_INTRADAY_TIMESTAMP_CLAIM
2026-03-03,DEFENSE,DEFENSE_399973,DOMAIN_PRIMARY,CSI_DEFENSE,399973,2219.35,2219.35,2057.41,2059.5,-7.58,2648482756.0,916.17,50.0,81.72,csindex:index_perf,399973,OFFICIAL_HISTORICAL_VALUATION_AVAILABLE,True,2026-03-03,OFFICIAL_DAILY_OBSERVATION_DATE_NO_INTRADAY_TIMESTAMP_CLAIM
2026-03-04,DEFENSE,DEFENSE_399973,DOMAIN_PRIMARY,CSI_DEFENSE,399973,2019.55,2106.09,2019.55,2089.19,1.44,1809927421.0,628.93,50.0,83.08,csindex:index_perf,399973,OFFICIAL_HISTORICAL_VALUATION_AVAILABLE,True,2026-03-04,OFFICIAL_DAILY_OBSERVATION_DATE_NO_INTRADAY_TIMESTAMP_CLAIM
2026-03-05,DEFENSE,DEFENSE_399973,DOMAIN_PRIMARY,CSI_DEFENSE,399973,2110.85,2114.45,2073.76,2098.87,0.46,1732617944.0,615.27,50.0,83.29,csindex:index_perf,399973,OFFICIAL_HISTORICAL_VALUATION_AVAILABLE,True,2026-03-05,OFFICIAL_DAILY_OBSERVATION_DATE_NO_INTRADAY_TIMESTAMP_CLAIM
2026-03-06,DEFENSE,DEFENSE_399973,DOMAIN_PRIMARY,CSI_DEFENSE,399973,2084.37,2153.06,2081.45,2112.54,0.65,1617311721.0,559.78,50.0,83.99,csindex:index_perf,399973,OFFICIAL_HISTORICAL_VALUATION_AVAILABLE,True,2026-03-06,OFFICIAL_DAILY_OBSERVATION_DATE_NO_INTRADAY_TIMESTAMP_CLAIM
2026-03-09,DEFENSE,DEFENSE_399973,DOMAIN_PRIMARY,CSI_DEFENSE,399973,2075.35,2078.38,2025.43,2068.86,-2.07,1609708226.0,542.2,50.0,82.23,csindex:index_perf,399973,OFFICIAL_HISTORICAL_VALUATION_AVAILABLE,True,2026-03-09,OFFICIAL_DAILY_OBSERVATION_DATE_NO_INTRADAY_TIMESTAMP_CLAIM
2026-03-10,DEFENSE,DEFENSE_399973,DOMAIN_PRIMARY,CSI_DEFENSE,399973,2079.88,2128.46,2079.88,2102.99,1.65,1356128816.0,477.29,50.0,83.48,csindex:index_perf,399973,OFFICIAL_HISTORICAL_VALUATION_AVAILABLE,True,2026-03-10,OFFICIAL_DAILY_OBSERVATION_DATE_NO_INTRADAY_TIMESTAMP_CLAIM
2026-03-11,DEFENSE,DEFENSE_399973,DOMAIN_PRIMARY,CSI_DEFENSE,399973,2108.92,2113.03,2065.51,2066.57,-1.73,1462619240.0,523.02,50.0,81.87,csindex:index_perf,399973,OFFICIAL_HISTORICAL_VALUATION_AVAILABLE,True,2026-03-11,OFFICIAL_DAILY_OBSERVATION_DATE_NO_INTRADAY_TIMESTAMP_CLAIM
2026-03-12,DEFENSE,DEFENSE_399973,DOMAIN_PRIMARY,CSI_DEFENSE,399973,2065.27,2068.91,2012.82,2029.36,-1.8,1464204747.0,510.23,50.0,80.46,csindex:index_perf,399973,OFFICIAL_HISTORICAL_VALUATION_AVAILABLE,True,2026-03-12,OFFICIAL_DAILY_OBSERVATION_DATE_NO_INTRADAY_TIMESTAMP_CLAIM
2026-03-13,DEFENSE,DEFENSE_399973,DOMAIN_PRIMARY,CSI_DEFENSE,399973,2010.46,2010.51,1957.84,1962.29,-3.3,1421735663.0,488.88,50.0,77.94,csindex:index_perf,399973,OFFICIAL_HISTORICAL_VALUATION_AVAILABLE,True,2026-03-13,OFFICIAL_DAILY_OBSERVATION_DATE_NO_INTRADAY_TIMESTAMP_CLAIM
2026-03-16,DEFENSE,DEFENSE_399973,DOMAIN_PRIMARY,CSI_DEFENSE,399973,1960.21,1966.54,1927.5,1965.11,0.14,1121934708.0,400.68,50.0,78.0,csindex:index_perf,399973,OFFICIAL_HISTORICAL_VALUATION_AVAILABLE,True,2026-03-16,OFFICIAL_DAILY_OBSERVATION_DATE_NO_INTRADAY_TIMESTAMP_CLAIM
2026-03-17,DEFENSE,DEFENSE_399973,DOMAIN_PRIMARY,CSI_DEFENSE,399973,1976.61,1979.55,1914.26,1914.46,-2.58,1066935488.0,367.46,50.0,76.07,csindex:index_perf,399973,OFFICIAL_HISTORICAL_VALUATION_AVAILABLE,True,2026-03-17,OFFICIAL_DAILY_OBSERVATION_DATE_NO_INTRADAY_TIMESTAMP_CLAIM
2026-03-18,DEFENSE,DEFENSE_399973,DOMAIN_PRIMARY,CSI_DEFENSE,399973,1919.72,1945.59,1901.01,1943.95,1.54,1088298969.0,374.63,50.0,77.24,csindex:index_perf,399973,OFFICIAL_HISTORICAL_VALUATION_AVAILABLE,True,2026-03-18,OFFICIAL_DAILY_OBSERVATION_DATE_NO_INTRADAY_TIMESTAMP_CLAIM
2026-03-19,DEFENSE,DEFENSE_399973,DOMAIN_PRIMARY,CSI_DEFENSE,399973,1907.64,1913.28,1877.07,1885.3,-3.02,1040911509.0,363.66,50.0,75.04,csindex:index_perf,399973,OFFICIAL_HISTORICAL_VALUATION_AVAILABLE,True,2026-03-19,OFFICIAL_DAILY_OBSERVATION_DATE_NO_INTRADAY_TIMESTAMP_CLAIM
2026-03-20,DEFENSE,DEFENSE_399973,DOMAIN_PRIMARY,CSI_DEFENSE,399973,1895.34,1898.72,1836.33,1837.34,-2.54,1006990175.0,348.18,50.0,73.13,csindex:index_perf,399973,OFFICIAL_HISTORICAL_VALUATION_AVAILABLE,True,2026-03-20,OFFICIAL_DAILY_OBSERVATION_DATE_NO_INTRADAY_TIMESTAMP_CLAIM
2026-03-23,DEFENSE,DEFENSE_399973,DOMAIN_PRIMARY,CSI_DEFENSE,399973,1798.7,1819.59,1746.8,1757.35,-4.35,1320620382.0,402.84,50.0,70.1,csindex:index_perf,399973,OFFICIAL_HISTORICAL_VALUATION_AVAILABLE,True,2026-03-23,OFFICIAL_DAILY_OBSERVATION_DATE_NO_INTRADAY_TIMESTAMP_CLAIM
2026-03-24,DEFENSE,DEFENSE_399973,DOMAIN_PRIMARY,CSI_DEFENSE,399973,1787.93,1802.46,1758.03,1801.0,2.48,1134009031.0,348.95,50.0,71.76,csindex:index_perf,399973,OFFICIAL_HISTORICAL_VALUATION_AVAILABLE,True,2026-03-24,OFFICIAL_DAILY_OBSERVATION_DATE_NO_INTRADAY_TIMESTAMP_CLAIM
2026-03-25,DEFENSE,DEFENSE_399973,DOMAIN_PRIMARY,CSI_DEFENSE,399973,1809.46,1838.68,1809.16,1834.95,1.89,1118377400.0,351.38,50.0,73.06,csindex:index_perf,399973,OFFICIAL_HISTORICAL_VALUATION_AVAILABLE,True,2026-03-25,OFFICIAL_DAILY_OBSERVATION_DATE_NO_INTRADAY_TIMESTAMP_CLAIM
2026-03-26,DEFENSE,DEFENSE_399973,DOMAIN_PRIMARY,CSI_DEFENSE,399973,1838.29,1838.29,1792.79,1804.01,-1.69,978587985.0,316.31,50.0,71.73,csindex:index_perf,399973,OFFICIAL_HISTORICAL_VALUATION_AVAILABLE,True,2026-03-26,OFFICIAL_DAILY_OBSERVATION_DATE_NO_INTRADAY_TIMESTAMP_CLAIM
2026-03-27,DEFENSE,DEFENSE_399973,DOMAIN_PRIMARY,CSI_DEFENSE,399973,1776.87,1824.38,1776.25,1815.64,0.64,849641430.0,281.29,50.0,72.16,csindex:index_perf,399973,OFFICIAL_HISTORICAL_VALUATION_AVAILABLE,True,2026-03-27,OFFICIAL_DAILY_OBSERVATION_DATE_NO_INTRADAY_TIMESTAMP_CLAIM
2026-03-30,DEFENSE,DEFENSE_399973,DOMAIN_PRIMARY,CSI_DEFENSE,399973,1789.47,1844.9,1788.97,1841.02,1.4,1034205742.0,342.59,50.0,73.14,csindex:index_perf,399973,OFFICIAL_HISTORICAL_VALUATION_AVAILABLE,True,2026-03-30,OFFICIAL_DAILY_OBSERVATION_DATE_NO_INTRADAY_TIMESTAMP_CLAIM
2026-03-31,DEFENSE,DEFENSE_399973,DOMAIN_PRIMARY,CSI_DEFENSE,399973,1841.36,1879.29,1825.5,1825.93,-0.82,1199693762.0,400.84,50.0,72.64,csindex:index_perf,399973,OFFICIAL_HISTORICAL_VALUATION_AVAILABLE,True,2026-03-31,OFFICIAL_DAILY_OBSERVATION_DATE_NO_INTRADAY_TIMESTAMP_CLAIM
2026-04-01,DEFENSE,DEFENSE_399973,DOMAIN_PRIMARY,CSI_DEFENSE,399973,1857.35,1860.46,1822.23,1837.81,0.65,924126302.0,311.65,50.0,73.12,csindex:index_perf,399973,OFFICIAL_HISTORICAL_VALUATION_AVAILABLE,True,2026-04-01,OFFICIAL_DAILY_OBSERVATION_DATE_NO_INTRADAY_TIMESTAMP_CLAIM
2026-04-02,DEFENSE,DEFENSE_399973,DOMAIN_PRIMARY,CSI_DEFENSE,399973,1833.76,1850.93,1793.37,1800.56,-2.03,817835823.0,274.78,50.0,71.7,csindex:index_perf,399973,OFFICIAL_HISTORICAL_VALUATION_AVAILABLE,True,2026-04-02,OFFICIAL_DAILY_OBSERVATION_DATE_NO_INTRADAY_TIMESTAMP_CLAIM
2026-04-03,DEFENSE,DEFENSE_399973,DOMAIN_PRIMARY,CSI_DEFENSE,399973,1809.35,1811.34,1772.11,1777.62,-1.27,710928181.0,237.7,50.0,70.79,csindex:index_perf,399973,OFFICIAL_HISTORICAL_VALUATION_AVAILABLE,True,2026-04-03,OFFICIAL_DAILY_OBSERVATION_DATE_NO_INTRADAY_TIMESTAMP_CLAIM
2026-04-07,DEFENSE,DEFENSE_399973,DOMAIN_PRIMARY,CSI_DEFENSE,399973,1786.61,1789.74,1758.67,1769.14,-0.48,687679095.0,251.94,50.0,70.33,csindex:index_perf,399973,OFFICIAL_HISTORICAL_VALUATION_AVAILABLE,True,2026-04-07,OFFICIAL_DAILY_OBSERVATION_DATE_NO_INTRADAY_TIMESTAMP_CLAIM
2026-04-08,DEFENSE,DEFENSE_399973,DOMAIN_PRIMARY,CSI_DEFENSE,399973,1809.13,1865.63,1809.13,1865.59,5.45,1113064980.0,400.24,50.0,74.11,csindex:index_perf,399973,OFFICIAL_HISTORICAL_VALUATION_AVAILABLE,True,2026-04-08,OFFICIAL_DAILY_OBSERVATION_DATE_NO_INTRADAY_TIMESTAMP_CLAIM
2026-04-09,DEFENSE,DEFENSE_399973,DOMAIN_PRIMARY,CSI_DEFENSE,399973,1847.5,1872.3,1842.06,1853.48,-0.65,905855699.0,321.94,50.0,73.5,csindex:index_perf,399973,OFFICIAL_HISTORICAL_VALUATION_AVAILABLE,True,2026-04-09,OFFICIAL_DAILY_OBSERVATION_DATE_NO_INTRADAY_TIMESTAMP_CLAIM
2026-04-10,DEFENSE,DEFENSE_399973,DOMAIN_PRIMARY,CSI_DEFENSE,399973,1868.03,1901.25,1868.03,1875.17,1.17,963639107.0,357.94,50.0,74.39,csindex:index_perf,399973,OFFICIAL_HISTORICAL_VALUATION_AVAILABLE,True,2026-04-10,OFFICIAL_DAILY_OBSERVATION_DATE_NO_INTRADAY_TIMESTAMP_CLAIM
2026-04-13,DEFENSE,DEFENSE_399973,DOMAIN_PRIMARY,CSI_DEFENSE,399973,1863.25,1905.11,1863.25,1895.36,1.08,939979255.0,356.41,50.0,75.35,csindex:index_perf,399973,OFFICIAL_HISTORICAL_VALUATION_AVAILABLE,True,2026-04-13,OFFICIAL_DAILY_OBSERVATION_DATE_NO_INTRADAY_TIMESTAMP_CLAIM
2026-04-14,DEFENSE,DEFENSE_399973,DOMAIN_PRIMARY,CSI_DEFENSE,399973,1905.71,1929.01,1896.11,1929.01,1.78,1161725317.0,429.75,50.0,76.59,csindex:index_perf,399973,OFFICIAL_HISTORICAL_VALUATION_AVAILABLE,True,2026-04-14,OFFICIAL_DAILY_OBSERVATION_DATE_NO_INTRADAY_TIMESTAMP_CLAIM
2026-04-15,DEFENSE,DEFENSE_399973,DOMAIN_PRIMARY,CSI_DEFENSE,399973,1937.79,1965.16,1916.79,1922.82,-0.32,1389643452.0,519.45,50.0,76.32,csindex:index_perf,399973,OFFICIAL_HISTORICAL_VALUATION_AVAILABLE,True,2026-04-15,OFFICIAL_DAILY_OBSERVATION_DATE_NO_INTRADAY_TIMESTAMP_CLAIM
2026-04-16,DEFENSE,DEFENSE_399973,DOMAIN_PRIMARY,CSI_DEFENSE,399973,1921.82,1931.66,1904.53,1929.84,0.36,1058192202.0,410.41,50.0,76.59,csindex:index_perf,399973,OFFICIAL_HISTORICAL_VALUATION_AVAILABLE,True,2026-04-16,OFFICIAL_DAILY_OBSERVATION_DATE_NO_INTRADAY_TIMESTAMP_CLAIM
2026-04-17,DEFENSE,DEFENSE_399973,DOMAIN_PRIMARY,CSI_DEFENSE,399973,1921.13,1956.67,1919.39,1951.13,1.1,1107289293.0,419.13,50.0,77.53,csindex:index_perf,399973,OFFICIAL_HISTORICAL_VALUATION_AVAILABLE,True,2026-04-17,OFFICIAL_DAILY_OBSERVATION_DATE_NO_INTRADAY_TIMESTAMP_CLAIM
2026-04-20,DEFENSE,DEFENSE_399973,DOMAIN_PRIMARY,CSI_DEFENSE,399973,1951.09,1995.46,1951.09,1990.56,2.02,1538875885.0,522.84,50.0,78.82,csindex:index_perf,399973,OFFICIAL_HISTORICAL_VALUATION_AVAILABLE,True,2026-04-20,OFFICIAL_DAILY_OBSERVATION_DATE_NO_INTRADAY_TIMESTAMP_CLAIM
2026-04-21,DEFENSE,DEFENSE_399973,DOMAIN_PRIMARY,CSI_DEFENSE,399973,1986.19,1988.91,1955.71,1967.51,-1.16,1413781649.0,523.22,50.0,77.86,csindex:index_perf,399973,OFFICIAL_HISTORICAL_VALUATION_AVAILABLE,True,2026-04-21,OFFICIAL_DAILY_OBSERVATION_DATE_NO_INTRADAY_TIMESTAMP_CLAIM
2026-04-22,DEFENSE,DEFENSE_399973,DOMAIN_PRIMARY,CSI_DEFENSE,399973,1949.5,1983.01,1947.14,1982.27,0.75,1180532681.0,452.21,50.0,78.32,csindex:index_perf,399973,OFFICIAL_HISTORICAL_VALUATION_AVAILABLE,True,2026-04-22,OFFICIAL_DAILY_OBSERVATION_DATE_NO_INTRADAY_TIMESTAMP_CLAIM
2026-04-23,DEFENSE,DEFENSE_399973,DOMAIN_PRIMARY,CSI_DEFENSE,399973,1991.93,2014.33,1956.75,1968.73,-0.68,1439497323.0,565.2,50.0,77.82,csindex:index_perf,399973,OFFICIAL_HISTORICAL_VALUATION_AVAILABLE,True,2026-04-23,OFFICIAL_DAILY_OBSERVATION_DATE_NO_INTRADAY_TIMESTAMP_CLAIM
2026-04-24,DEFENSE,DEFENSE_399973,DOMAIN_PRIMARY,CSI_DEFENSE,399973,1959.11,1962.2,1914.72,1917.35,-2.61,1197589960.0,462.14,50.0,75.83,csindex:index_perf,399973,OFFICIAL_HISTORICAL_VALUATION_AVAILABLE,True,2026-04-24,OFFICIAL_DAILY_OBSERVATION_DATE_NO_INTRADAY_TIMESTAMP_CLAIM
2026-04-27,DEFENSE,DEFENSE_399973,DOMAIN_PRIMARY,CSI_DEFENSE,399973,1907.77,1916.24,1886.16,1913.64,-0.19,1099027073.0,401.73,50.0,75.68,csindex:index_perf,399973,OFFICIAL_HISTORICAL_VALUATION_AVAILABLE,True,2026-04-27,OFFICIAL_DAILY_OBSERVATION_DATE_NO_INTRADAY_TIMESTAMP_CLAIM
2026-04-28,DEFENSE,DEFENSE_399973,DOMAIN_PRIMARY,CSI_DEFENSE,399973,1916.2,1916.23,1852.77,1860.34,-2.79,1247456209.0,435.96,50.0,73.65,csindex:index_perf,399973,OFFICIAL_HISTORICAL_VALUATION_AVAILABLE,True,2026-04-28,OFFICIAL_DAILY_OBSERVATION_DATE_NO_INTRADAY_TIMESTAMP_CLAIM
2026-04-29,DEFENSE,DEFENSE_399973,DOMAIN_PRIMARY,CSI_DEFENSE,399973,1840.36,1865.78,1840.14,1860.34,0.0,1003233896.0,375.04,50.0,73.52,csindex:index_perf,399973,OFFICIAL_HISTORICAL_VALUATION_AVAILABLE,True,2026-04-29,OFFICIAL_DAILY_OBSERVATION_DATE_NO_INTRADAY_TIMESTAMP_CLAIM
2026-04-30,DEFENSE,DEFENSE_399973,DOMAIN_PRIMARY,CSI_DEFENSE,399973,1852.08,1889.31,1852.04,1885.51,1.35,1164667683.0,416.36,50.0,74.34,csindex:index_perf,399973,OFFICIAL_HISTORICAL_VALUATION_AVAILABLE,True,2026-04-30,OFFICIAL_DAILY_OBSERVATION_DATE_NO_INTRADAY_TIMESTAMP_CLAIM
2026-05-06,DEFENSE,DEFENSE_399973,DOMAIN_PRIMARY,CSI_DEFENSE,399973,1902.27,1950.18,1902.27,1936.9,2.73,1421269111.0,506.61,50.0,68.89,csindex:index_perf,399973,OFFICIAL_HISTORICAL_VALUATION_AVAILABLE,True,2026-05-06,OFFICIAL_DAILY_OBSERVATION_DATE_NO_INTRADAY_TIMESTAMP_CLAIM
2026-05-07,DEFENSE,DEFENSE_399973,DOMAIN_PRIMARY,CSI_DEFENSE,399973,1945.55,1961.96,1932.21,1961.6,1.28,1234811227.0,495.49,50.0,69.53,csindex:index_perf,399973,OFFICIAL_HISTORICAL_VALUATION_AVAILABLE,True,2026-05-07,OFFICIAL_DAILY_OBSERVATION_DATE_NO_INTRADAY_TIMESTAMP_CLAIM
2026-05-08,DEFENSE,DEFENSE_399973,DOMAIN_PRIMARY,CSI_DEFENSE,399973,1951.21,2007.35,1942.37,2003.43,2.13,1696008603.0,609.89,50.0,71.04,csindex:index_perf,399973,OFFICIAL_HISTORICAL_VALUATION_AVAILABLE,True,2026-05-08,OFFICIAL_DAILY_OBSERVATION_DATE_NO_INTRADAY_TIMESTAMP_CLAIM
2026-05-11,DEFENSE,DEFENSE_399973,DOMAIN_PRIMARY,CSI_DEFENSE,399973,2025.5,2039.28,2009.14,2019.65,0.81,1764478561.0,654.01,49.0,70.86,csindex:index_perf,399973,OFFICIAL_HISTORICAL_VALUATION_AVAILABLE,True,2026-05-11,OFFICIAL_DAILY_OBSERVATION_DATE_NO_INTRADAY_TIMESTAMP_CLAIM
2026-05-12,DEFENSE,DEFENSE_399973,DOMAIN_PRIMARY,CSI_DEFENSE,399973,2027.34,2027.4,1973.38,2007.36,-0.61,1589370040.0,623.26,49.0,70.87,csindex:index_perf,399973,OFFICIAL_HISTORICAL_VALUATION_AVAILABLE,True,2026-05-12,OFFICIAL_DAILY_OBSERVATION_DATE_NO_INTRADAY_TIMESTAMP_CLAIM
2026-05-13,DEFENSE,DEFENSE_399973,DOMAIN_PRIMARY,CSI_DEFENSE,399973,1992.55,2029.3,1979.02,2026.03,0.93,1337471911.0,537.93,49.0,71.29,csindex:index_perf,399973,OFFICIAL_HISTORICAL_VALUATION_AVAILABLE,True,2026-05-13,OFFICIAL_DAILY_OBSERVATION_DATE_NO_INTRADAY_TIMESTAMP_CLAIM
2026-05-14,DEFENSE,DEFENSE_399973,DOMAIN_PRIMARY,CSI_DEFENSE,399973,2031.71,2032.4,1938.86,1938.86,-4.3,1463653911.0,528.08,49.0,68.42,csindex:index_perf,399973,OFFICIAL_HISTORICAL_VALUATION_AVAILABLE,True,2026-05-14,OFFICIAL_DAILY_OBSERVATION_DATE_NO_INTRADAY_TIMESTAMP_CLAIM
2026-05-15,DEFENSE,DEFENSE_399973,DOMAIN_PRIMARY,CSI_DEFENSE,399973,1942.55,1952.9,1877.31,1889.52,-2.55,1297452258.0,451.36,49.0,66.78,csindex:index_perf,399973,OFFICIAL_HISTORICAL_VALUATION_AVAILABLE,True,2026-05-15,OFFICIAL_DAILY_OBSERVATION_DATE_NO_INTRADAY_TIMESTAMP_CLAIM
2026-05-18,DEFENSE,DEFENSE_399973,DOMAIN_PRIMARY,CSI_DEFENSE,399973,1886.46,1913.54,1876.93,1890.81,0.07,1251821644.0,433.63,49.0,66.45,csindex:index_perf,399973,OFFICIAL_HISTORICAL_VALUATION_AVAILABLE,True,2026-05-18,OFFICIAL_DAILY_OBSERVATION_DATE_NO_INTRADAY_TIMESTAMP_CLAIM
2026-05-19,DEFENSE,DEFENSE_399973,DOMAIN_PRIMARY,CSI_DEFENSE,399973,1889.55,1898.45,1850.78,1898.24,0.39,1152353257.0,412.97,49.0,66.83,csindex:index_perf,399973,OFFICIAL_HISTORICAL_VALUATION_AVAILABLE,True,2026-05-19,OFFICIAL_DAILY_OBSERVATION_DATE_NO_INTRADAY_TIMESTAMP_CLAIM
2026-05-20,DEFENSE,DEFENSE_399973,DOMAIN_PRIMARY,CSI_DEFENSE,399973,1886.18,1898.31,1875.25,1885.77,-0.66,998796001.0,362.8,49.0,66.25,csindex:index_perf,399973,OFFICIAL_HISTORICAL_VALUATION_AVAILABLE,True,2026-05-20,OFFICIAL_DAILY_OBSERVATION_DATE_NO_INTRADAY_TIMESTAMP_CLAIM
2026-05-21,DEFENSE,DEFENSE_399973,DOMAIN_PRIMARY,CSI_DEFENSE,399973,1896.22,1923.16,1841.53,1844.07,-2.21,1390264442.0,474.77,49.0,64.83,csindex:index_perf,399973,OFFICIAL_HISTORICAL_VALUATION_AVAILABLE,True,2026-05-21,OFFICIAL_DAILY_OBSERVATION_DATE_NO_INTRADAY_TIMESTAMP_CLAIM
2026-05-22,DEFENSE,DEFENSE_399973,DOMAIN_PRIMARY,CSI_DEFENSE,399973,1856.26,1880.1,1842.78,1876.83,1.78,1280594020.0,459.59,49.0,65.6,csindex:index_perf,399973,OFFICIAL_HISTORICAL_VALUATION_AVAILABLE,True,2026-05-22,OFFICIAL_DAILY_OBSERVATION_DATE_NO_INTRADAY_TIMESTAMP_CLAIM
2026-05-25,DEFENSE,DEFENSE_399973,DOMAIN_PRIMARY,CSI_DEFENSE,399973,1895.69,1910.36,1873.81,1909.77,1.75,1483119068.0,548.96,49.0,66.21,csindex:index_perf,399973,OFFICIAL_HISTORICAL_VALUATION_AVAILABLE,True,2026-05-25,OFFICIAL_DAILY_OBSERVATION_DATE_NO_INTRADAY_TIMESTAMP_CLAIM
2026-05-26,DEFENSE,DEFENSE_399973,DOMAIN_PRIMARY,CSI_DEFENSE,399973,1895.12,1895.12,1836.66,1863.34,-2.43,1345771303.0,475.9,49.0,64.73,csindex:index_perf,399973,OFFICIAL_HISTORICAL_VALUATION_AVAILABLE,True,2026-05-26,OFFICIAL_DAILY_OBSERVATION_DATE_NO_INTRADAY_TIMESTAMP_CLAIM
2026-05-27,DEFENSE,DEFENSE_399973,DOMAIN_PRIMARY,CSI_DEFENSE,399973,1864.11,1875.5,1811.81,1822.73,-2.18,1328236577.0,463.82,49.0,63.28,csindex:index_perf,399973,OFFICIAL_HISTORICAL_VALUATION_AVAILABLE,True,2026-05-27,OFFICIAL_DAILY_OBSERVATION_DATE_NO_INTRADAY_TIMESTAMP_CLAIM
2026-05-28,DEFENSE,DEFENSE_399973,DOMAIN_PRIMARY,CSI_DEFENSE,399973,1820.94,1862.65,1819.49,1854.68,1.75,1292411101.0,457.57,49.0,64.25,csindex:index_perf,399973,OFFICIAL_HISTORICAL_VALUATION_AVAILABLE,True,2026-05-28,OFFICIAL_DAILY_OBSERVATION_DATE_NO_INTRADAY_TIMESTAMP_CLAIM
2026-05-29,DEFENSE,DEFENSE_399973,DOMAIN_PRIMARY,CSI_DEFENSE,399973,1859.17,1859.52,1755.94,1766.54,-4.75,1609093319.0,551.42,49.0,61.81,csindex:index_perf,399973,OFFICIAL_HISTORICAL_VALUATION_AVAILABLE,True,2026-05-29,OFFICIAL_DAILY_OBSERVATION_DATE_NO_INTRADAY_TIMESTAMP_CLAIM
2026-06-01,DEFENSE,DEFENSE_399973,DOMAIN_PRIMARY,CSI_DEFENSE,399973,1760.94,1781.32,1740.11,1741.77,-1.4,1098030171.0,393.76,49.0,61.32,csindex:index_perf,399973,OFFICIAL_HISTORICAL_VALUATION_AVAILABLE,True,2026-06-01,OFFICIAL_DAILY_OBSERVATION_DATE_NO_INTRADAY_TIMESTAMP_CLAIM
2026-06-02,DEFENSE,DEFENSE_399973,DOMAIN_PRIMARY,CSI_DEFENSE,399973,1745.66,1753.77,1703.19,1742.66,0.05,1175919778.0,406.01,49.0,60.83,csindex:index_perf,399973,OFFICIAL_HISTORICAL_VALUATION_AVAILABLE,True,2026-06-02,OFFICIAL_DAILY_OBSERVATION_DATE_NO_INTRADAY_TIMESTAMP_CLAIM
2026-06-03,DEFENSE,DEFENSE_399973,DOMAIN_PRIMARY,CSI_DEFENSE,399973,1741.59,1776.7,1736.86,1752.48,0.56,1475779867.0,506.4,49.0,61.14,csindex:index_perf,399973,OFFICIAL_HISTORICAL_VALUATION_AVAILABLE,True,2026-06-03,OFFICIAL_DAILY_OBSERVATION_DATE_NO_INTRADAY_TIMESTAMP_CLAIM
2026-06-04,DEFENSE,DEFENSE_399973,DOMAIN_PRIMARY,CSI_DEFENSE,399973,1737.59,1762.12,1736.59,1758.0,0.32,1274922113.0,454.1,49.0,61.19,csindex:index_perf,399973,OFFICIAL_HISTORICAL_VALUATION_AVAILABLE,True,2026-06-04,OFFICIAL_DAILY_OBSERVATION_DATE_NO_INTRADAY_TIMESTAMP_CLAIM
2026-06-05,DEFENSE,DEFENSE_399973,DOMAIN_PRIMARY,CSI_DEFENSE,399973,1757.85,1784.28,1735.87,1753.75,-0.24,1583931368.0,514.2,49.0,60.79,csindex:index_perf,399973,OFFICIAL_HISTORICAL_VALUATION_AVAILABLE,True,2026-06-05,OFFICIAL_DAILY_OBSERVATION_DATE_NO_INTRADAY_TIMESTAMP_CLAIM
2026-06-08,DEFENSE,DEFENSE_399973,DOMAIN_PRIMARY,CSI_DEFENSE,399973,1703.24,1741.29,1660.77,1677.52,-4.35,1575557246.0,483.16,49.0,58.39,csindex:index_perf,399973,OFFICIAL_HISTORICAL_VALUATION_AVAILABLE,True,2026-06-08,OFFICIAL_DAILY_OBSERVATION_DATE_NO_INTRADAY_TIMESTAMP_CLAIM
2026-06-09,DEFENSE,DEFENSE_399973,DOMAIN_PRIMARY,CSI_DEFENSE,399973,1692.07,1706.54,1665.11,1705.46,1.67,1286468164.0,429.56,49.0,59.22,csindex:index_perf,399973,OFFICIAL_HISTORICAL_VALUATION_AVAILABLE,True,2026-06-09,OFFICIAL_DAILY_OBSERVATION_DATE_NO_INTRADAY_TIMESTAMP_CLAIM
2026-06-10,DEFENSE,DEFENSE_399973,DOMAIN_PRIMARY,CSI_DEFENSE,399973,1689.56,1716.25,1657.58,1674.53,-1.81,1171092502.0,386.18,49.0,58.33,csindex:index_perf,399973,OFFICIAL_HISTORICAL_VALUATION_AVAILABLE,True,2026-06-10,OFFICIAL_DAILY_OBSERVATION_DATE_NO_INTRADAY_TIMESTAMP_CLAIM
2026-06-11,DEFENSE,DEFENSE_399973,DOMAIN_PRIMARY,CSI_DEFENSE,399973,1659.38,1692.76,1646.95,1683.48,0.53,1211791763.0,405.42,49.0,58.84,csindex:index_perf,399973,OFFICIAL_HISTORICAL_VALUATION_AVAILABLE,True,2026-06-11,OFFICIAL_DAILY_OBSERVATION_DATE_NO_INTRADAY_TIMESTAMP_CLAIM
2026-06-12,DEFENSE,DEFENSE_399973,DOMAIN_PRIMARY,CSI_DEFENSE,399973,1715.87,1758.85,1707.84,1714.26,1.83,1735790210.0,552.38,49.0,60.58,csindex:index_perf,399973,OFFICIAL_HISTORICAL_VALUATION_AVAILABLE,True,2026-06-12,OFFICIAL_DAILY_OBSERVATION_DATE_NO_INTRADAY_TIMESTAMP_CLAIM
2026-06-15,DEFENSE,DEFENSE_399973,DOMAIN_PRIMARY,CSI_DEFENSE,399973,1709.0,1744.38,1700.32,1744.38,1.76,1508051671.0,477.36,50.0,61.87,csindex:index_perf,399973,OFFICIAL_HISTORICAL_VALUATION_AVAILABLE,True,2026-06-15,OFFICIAL_DAILY_OBSERVATION_DATE_NO_INTRADAY_TIMESTAMP_CLAIM
2026-06-16,DEFENSE,DEFENSE_399973,DOMAIN_PRIMARY,CSI_DEFENSE,399973,1756.74,1768.94,1748.26,1756.67,0.7,1600346131.0,556.56,50.0,62.14,csindex:index_perf,399973,OFFICIAL_HISTORICAL_VALUATION_AVAILABLE,True,2026-06-16,OFFICIAL_DAILY_OBSERVATION_DATE_NO_INTRADAY_TIMESTAMP_CLAIM
2026-06-17,DEFENSE,DEFENSE_399973,DOMAIN_PRIMARY,CSI_DEFENSE,399973,1742.33,1787.88,1742.18,1777.89,1.21,1474000315.0,524.02,50.0,62.68,csindex:index_perf,399973,OFFICIAL_HISTORICAL_VALUATION_AVAILABLE,True,2026-06-17,OFFICIAL_DAILY_OBSERVATION_DATE_NO_INTRADAY_TIMESTAMP_CLAIM
2026-06-18,DEFENSE,DEFENSE_399973,DOMAIN_PRIMARY,CSI_DEFENSE,399973,1767.48,1814.96,1762.65,1788.69,0.61,1572208699.0,544.11,50.0,62.9,csindex:index_perf,399973,OFFICIAL_HISTORICAL_VALUATION_AVAILABLE,True,2026-06-18,OFFICIAL_DAILY_OBSERVATION_DATE_NO_INTRADAY_TIMESTAMP_CLAIM
2026-06-22,DEFENSE,DEFENSE_399973,DOMAIN_PRIMARY,CSI_DEFENSE,399973,1790.43,1802.4,1749.03,1801.99,0.74,1808575997.0,592.97,50.0,63.51,csindex:index_perf,399973,OFFICIAL_HISTORICAL_VALUATION_AVAILABLE,True,2026-06-22,OFFICIAL_DAILY_OBSERVATION_DATE_NO_INTRADAY_TIMESTAMP_CLAIM
2026-06-23,DEFENSE,DEFENSE_399973,DOMAIN_PRIMARY,CSI_DEFENSE,399973,1789.22,1789.22,1724.55,1730.82,-3.95,1509077248.0,485.82,50.0,61.2,csindex:index_perf,399973,OFFICIAL_HISTORICAL_VALUATION_AVAILABLE,True,2026-06-23,OFFICIAL_DAILY_OBSERVATION_DATE_NO_INTRADAY_TIMESTAMP_CLAIM
2026-06-24,DEFENSE,DEFENSE_399973,DOMAIN_PRIMARY,CSI_DEFENSE,399973,1724.45,1751.88,1706.66,1742.12,0.65,1311523207.0,426.94,50.0,61.51,csindex:index_perf,399973,OFFICIAL_HISTORICAL_VALUATION_AVAILABLE,True,2026-06-24,OFFICIAL_DAILY_OBSERVATION_DATE_NO_INTRADAY_TIMESTAMP_CLAIM
2026-06-25,DEFENSE,DEFENSE_399973,DOMAIN_PRIMARY,CSI_DEFENSE,399973,1738.65,1773.8,1727.36,1743.87,0.1,1402584558.0,470.83,50.0,61.54,csindex:index_perf,399973,OFFICIAL_HISTORICAL_VALUATION_AVAILABLE,True,2026-06-25,OFFICIAL_DAILY_OBSERVATION_DATE_NO_INTRADAY_TIMESTAMP_CLAIM
2026-06-26,DEFENSE,DEFENSE_399973,DOMAIN_PRIMARY,CSI_DEFENSE,399973,1736.03,1750.81,1701.24,1721.96,-1.26,1687146293.0,598.63,50.0,60.8,csindex:index_perf,399973,OFFICIAL_HISTORICAL_VALUATION_AVAILABLE,True,2026-06-26,OFFICIAL_DAILY_OBSERVATION_DATE_NO_INTRADAY_TIMESTAMP_CLAIM
2026-06-29,DEFENSE,DEFENSE_399973,DOMAIN_PRIMARY,CSI_DEFENSE,399973,1728.2,1738.56,1682.54,1707.38,-0.85,1474904429.0,525.64,50.0,60.38,csindex:index_perf,399973,OFFICIAL_HISTORICAL_VALUATION_AVAILABLE,True,2026-06-29,OFFICIAL_DAILY_OBSERVATION_DATE_NO_INTRADAY_TIMESTAMP_CLAIM
2026-06-30,DEFENSE,DEFENSE_399973,DOMAIN_PRIMARY,CSI_DEFENSE,399973,1711.06,1780.84,1706.86,1776.5,4.05,1434454051.0,505.24,50.0,62.63,csindex:index_perf,399973,OFFICIAL_HISTORICAL_VALUATION_AVAILABLE,True,2026-06-30,OFFICIAL_DAILY_OBSERVATION_DATE_NO_INTRADAY_TIMESTAMP_CLAIM
2026-07-01,DEFENSE,DEFENSE_399973,DOMAIN_PRIMARY,CSI_DEFENSE,399973,1782.47,1804.21,1761.97,1773.31,-0.18,1451895860.0,519.97,50.0,62.61,csindex:index_perf,399973,OFFICIAL_HISTORICAL_VALUATION_AVAILABLE,True,2026-07-01,OFFICIAL_DAILY_OBSERVATION_DATE_NO_INTRADAY_TIMESTAMP_CLAIM
2026-07-02,DEFENSE,DEFENSE_399973,DOMAIN_PRIMARY,CSI_DEFENSE,399973,1741.7,1775.9,1722.02,1727.6,-2.58,1315523510.0,463.55,50.0,61.01,csindex:index_perf,399973,OFFICIAL_HISTORICAL_VALUATION_AVAILABLE,True,2026-07-02,OFFICIAL_DAILY_OBSERVATION_DATE_NO_INTRADAY_TIMESTAMP_CLAIM
2026-07-03,DEFENSE,DEFENSE_399973,DOMAIN_PRIMARY,CSI_DEFENSE,399973,1731.08,1784.97,1730.18,1769.04,2.4,1533057286.0,496.78,50.0,62.58,csindex:index_perf,399973,OFFICIAL_HISTORICAL_VALUATION_AVAILABLE,True,2026-07-03,OFFICIAL_DAILY_OBSERVATION_DATE_NO_INTRADAY_TIMESTAMP_CLAIM
2026-07-06,DEFENSE,DEFENSE_399973,DOMAIN_PRIMARY,CSI_DEFENSE,399973,1784.1,1797.04,1714.63,1732.38,-2.07,1395222334.0,449.26,50.0,61.33,csindex:index_perf,399973,OFFICIAL_HISTORICAL_VALUATION_AVAILABLE,True,2026-07-06,OFFICIAL_DAILY_OBSERVATION_DATE_NO_INTRADAY_TIMESTAMP_CLAIM
2026-07-07,DEFENSE,DEFENSE_399973,DOMAIN_PRIMARY,CSI_DEFENSE,399973,1725.27,1744.27,1678.28,1685.55,-2.7,1107746840.0,355.39,50.0,59.8,csindex:index_perf,399973,OFFICIAL_HISTORICAL_VALUATION_AVAILABLE,True,2026-07-07,OFFICIAL_DAILY_OBSERVATION_DATE_NO_INTRADAY_TIMESTAMP_CLAIM
2026-07-08,DEFENSE,DEFENSE_399973,DOMAIN_PRIMARY,CSI_DEFENSE,399973,1686.63,1698.7,1639.86,1639.86,-2.71,1111610740.0,353.3,50.0,58.08,csindex:index_perf,399973,OFFICIAL_HISTORICAL_VALUATION_AVAILABLE,True,2026-07-08,OFFICIAL_DAILY_OBSERVATION_DATE_NO_INTRADAY_TIMESTAMP_CLAIM
2026-07-09,DEFENSE,DEFENSE_399973,DOMAIN_PRIMARY,CSI_DEFENSE,399973,1650.97,1673.14,1603.62,1669.73,1.82,1206443378.0,385.36,50.0,59.14,csindex:index_perf,399973,OFFICIAL_HISTORICAL_VALUATION_AVAILABLE,True,2026-07-09,OFFICIAL_DAILY_OBSERVATION_DATE_NO_INTRADAY_TIMESTAMP_CLAIM
2026-07-10,DEFENSE,DEFENSE_399973,DOMAIN_PRIMARY,CSI_DEFENSE,399973,1669.23,1756.99,1660.19,1691.26,1.29,2036474102.0,610.76,50.0,59.99,csindex:index_perf,399973,OFFICIAL_HISTORICAL_VALUATION_AVAILABLE,True,2026-07-10,OFFICIAL_DAILY_OBSERVATION_DATE_NO_INTRADAY_TIMESTAMP_CLAIM
2026-07-13,DEFENSE,DEFENSE_399973,DOMAIN_PRIMARY,CSI_DEFENSE,399973,1677.89,1677.89,1578.38,1578.87,-6.64,1901533385.0,505.1,50.0,56.2,csindex:index_perf,399973,OFFICIAL_HISTORICAL_VALUATION_AVAILABLE,True,2026-07-13,OFFICIAL_DAILY_OBSERVATION_DATE_NO_INTRADAY_TIMESTAMP_CLAIM
2026-07-14,DEFENSE,DEFENSE_399973,DOMAIN_PRIMARY,CSI_DEFENSE,399973,1567.9,1570.86,1510.63,1560.12,-1.19,1490683575.0,387.45,50.0,55.49,csindex:index_perf,399973,OFFICIAL_HISTORICAL_VALUATION_AVAILABLE,True,2026-07-14,OFFICIAL_DAILY_OBSERVATION_DATE_NO_INTRADAY_TIMESTAMP_CLAIM
2026-07-15,DEFENSE,DEFENSE_399973,DOMAIN_PRIMARY,CSI_DEFENSE,399973,1553.29,1569.63,1530.87,1535.45,-1.58,1156284303.0,297.38,50.0,54.99,csindex:index_perf,399973,OFFICIAL_HISTORICAL_VALUATION_AVAILABLE,True,2026-07-15,OFFICIAL_DAILY_OBSERVATION_DATE_NO_INTRADAY_TIMESTAMP_CLAIM
2026-07-16,DEFENSE,DEFENSE_399973,DOMAIN_PRIMARY,CSI_DEFENSE,399973,1518.84,1545.1,1502.5,1508.88,-1.73,972498423.0,258.65,50.0,54.2,csindex:index_perf,399973,OFFICIAL_HISTORICAL_VALUATION_AVAILABLE,True,2026-07-16,OFFICIAL_DAILY_OBSERVATION_DATE_NO_INTRADAY_TIMESTAMP_CLAIM
2026-07-17,DEFENSE,DEFENSE_399973,DOMAIN_PRIMARY,CSI_DEFENSE,399973,1503.79,1507.61,1430.46,1439.58,-4.59,1198190906.0,303.29,50.0,52.02,csindex:index_perf,399973,OFFICIAL_HISTORICAL_VALUATION_AVAILABLE,True,2026-07-17,OFFICIAL_DAILY_OBSERVATION_DATE_NO_INTRADAY_TIMESTAMP_CLAIM
2026-07-20,DEFENSE,DEFENSE_399973,DOMAIN_PRIMARY,CSI_DEFENSE,399973,1457.45,1472.91,1402.78,1435.09,-0.31,1271896390.0,324.08,50.0,52.32,csindex:index_perf,399973,OFFICIAL_HISTORICAL_VALUATION_AVAILABLE,True,2026-07-20,OFFICIAL_DAILY_OBSERVATION_DATE_NO_INTRADAY_TIMESTAMP_CLAIM
2026-07-21,DEFENSE,DEFENSE_399973,DOMAIN_PRIMARY,CSI_DEFENSE,399973,1449.06,1493.02,1420.75,1492.99,4.03,1375433182.0,366.5,50.0,54.05,csindex:index_perf,399973,OFFICIAL_HISTORICAL_VALUATION_AVAILABLE,True,2026-07-21,OFFICIAL_DAILY_OBSERVATION_DATE_NO_INTRADAY_TIMESTAMP_CLAIM
2026-07-22,DEFENSE,DEFENSE_399973,DOMAIN_PRIMARY,CSI_DEFENSE,399973,1480.48,1505.87,1470.57,1476.2,-1.12,1039358548.0,288.05,50.0,53.69,csindex:index_perf,399973,OFFICIAL_HISTORICAL_VALUATION_AVAILABLE,True,2026-07-22,OFFICIAL_DAILY_OBSERVATION_DATE_NO_INTRADAY_TIMESTAMP_CLAIM
2026-07-23,DEFENSE,DEFENSE_399973,DOMAIN_PRIMARY,CSI_DEFENSE,399973,1476.94,1507.29,1476.72,1504.49,1.92,1037934997.0,275.39,50.0,54.73,csindex:index_perf,399973,OFFICIAL_HISTORICAL_VALUATION_AVAILABLE,True,2026-07-23,OFFICIAL_DAILY_OBSERVATION_DATE_NO_INTRADAY_TIMESTAMP_CLAIM
2026-07-24,DEFENSE,DEFENSE_399973,DOMAIN_PRIMARY,CSI_DEFENSE,399973,1488.75,1513.9,1471.88,1472.25,-2.14,1133945704.0,262.88,50.0,53.64,csindex:index_perf,399973,OFFICIAL_HISTORICAL_VALUATION_AVAILABLE,True,2026-07-24,OFFICIAL_DAILY_OBSERVATION_DATE_NO_INTRADAY_TIMESTAMP_CLAIM
2026-07-27,DEFENSE,DEFENSE_399973,DOMAIN_PRIMARY,CSI_DEFENSE,399973,1467.85,1508.37,1462.48,1507.82,2.42,1004466102.0,245.5,50.0,54.8,csindex:index_perf,399973,OFFICIAL_HISTORICAL_VALUATION_AVAILABLE,True,2026-07-27,OFFICIAL_DAILY_OBSERVATION_DATE_NO_INTRADAY_TIMESTAMP_CLAIM
2026-07-28,DEFENSE,DEFENSE_399973,DOMAIN_PRIMARY,CSI_DEFENSE,399973,1487.8,1494.9,1457.39,1462.6,-3.0,856773607.0,217.54,50.0,53.36,csindex:index_perf,399973,OFFICIAL_HISTORICAL_VALUATION_AVAILABLE,True,2026-07-28,OFFICIAL_DAILY_OBSERVATION_DATE_NO_INTRADAY_TIMESTAMP_CLAIM
2026-07-29,DEFENSE,DEFENSE_399973,DOMAIN_PRIMARY,CSI_DEFENSE,399973,1465.86,1496.77,1453.44,1493.76,2.13,1001579081.0,254.08,50.0,54.51,csindex:index_perf,399973,OFFICIAL_HISTORICAL_VALUATION_AVAILABLE,True,2026-07-29,OFFICIAL_DAILY_OBSERVATION_DATE_NO_INTRADAY_TIMESTAMP_CLAIM
2026-07-30,DEFENSE,DEFENSE_399973,DOMAIN_PRIMARY,CSI_DEFENSE,399973,1483.12,1495.04,1450.23,1467.24,-1.78,1021896295.0,266.96,50.0,53.67,csindex:index_perf,399973,OFFICIAL_HISTORICAL_VALUATION_AVAILABLE,True,2026-07-30,OFFICIAL_DAILY_OBSERVATION_DATE_NO_INTRADAY_TIMESTAMP_CLAIM
2026-07-31,DEFENSE,DEFENSE_399973,DOMAIN_PRIMARY,CSI_DEFENSE,399973,1494.51,1510.57,1482.12,1484.1,1.15,1124995033.0,303.12,50.0,54.1,csindex:index_perf,399973,OFFICIAL_HISTORICAL_VALUATION_AVAILABLE,True,2026-07-31,OFFICIAL_DAILY_OBSERVATION_DATE_NO_INTRADAY_TIMESTAMP_CLAIM
2026-08-03,DEFENSE,DEFENSE_399973,DOMAIN_PRIMARY,CSI_DEFENSE,399973,1481.51,1505.85,1477.43,1502.92,1.27,893406993.0,239.32,50.0,54.7,csindex:index_perf,399973,OFFICIAL_HISTORICAL_VALUATION_AVAILABLE,True,2026-08-03,OFFICIAL_DAILY_OBSERVATION_DATE_NO_INTRADAY_TIMESTAMP_CLAIM
2026-08-04,DEFENSE,DEFENSE_399973,DOMAIN_PRIMARY,CSI_DEFENSE,399973,1509.94,1526.65,1502.72,1519.5,1.1,889255793.0,240.57,50.0,55.15,csindex:index_perf,399973,OFFICIAL_HISTORICAL_VALUATION_AVAILABLE,True,2026-08-04,OFFICIAL_DAILY_OBSERVATION_DATE_NO_INTRADAY_TIMESTAMP_CLAIM
2026-08-05,DEFENSE,DEFENSE_399973,DOMAIN_PRIMARY,CSI_DEFENSE,399973,1516.18,1557.03,1516.0,1548.72,1.92,1067131976.0,296.91,50.0,55.99,csindex:index_perf,399973,OFFICIAL_HISTORICAL_VALUATION_AVAILABLE,True,2026-08-05,OFFICIAL_DAILY_OBSERVATION_DATE_NO_INTRADAY_TIMESTAMP_CLAIM
2026-08-06,DEFENSE,DEFENSE_399973,DOMAIN_PRIMARY,CSI_DEFENSE,399973,1538.52,1556.58,1529.1,1548.33,-0.03,1023576641.0,284.02,50.0,55.91,csindex:index_perf,399973,OFFICIAL_HISTORICAL_VALUATION_AVAILABLE,True,2026-08-06,OFFICIAL_DAILY_OBSERVATION_DATE_NO_INTRADAY_TIMESTAMP_CLAIM
2026-08-07,DEFENSE,DEFENSE_399973,DOMAIN_PRIMARY,CSI_DEFENSE,399973,1545.87,1574.68,1526.03,1573.82,1.65,1030465660.0,303.22,50.0,56.58,csindex:index_perf,399973,OFFICIAL_HISTORICAL_VALUATION_AVAILABLE,True,2026-08-07,OFFICIAL_DAILY_OBSERVATION_DATE_NO_INTRADAY_TIMESTAMP_CLAIM
2026-08-10,DEFENSE,DEFENSE_399973,DOMAIN_PRIMARY,CSI_DEFENSE,399973,1577.45,1601.96,1561.59,1601.26,1.74,1141710561.0,320.79,50.0,57.91,csindex:index_perf,399973,OFFICIAL_HISTORICAL_VALUATION_AVAILABLE,True,2026-08-10,OFFICIAL_DAILY_OBSERVATION_DATE_NO_INTRADAY_TIMESTAMP_CLAIM
2026-08-11,DEFENSE,DEFENSE_399973,DOMAIN_PRIMARY,CSI_DEFENSE,399973,1575.49,1593.32,1568.83,1573.13,-1.76,993913473.0,289.89,50.0,56.86,csindex:index_perf,399973,OFFICIAL_HISTORICAL_VALUATION_AVAILABLE,True,2026-08-11,OFFICIAL_DAILY_OBSERVATION_DATE_NO_INTRADAY_TIMESTAMP_CLAIM
2026-08-12,DEFENSE,DEFENSE_399973,DOMAIN_PRIMARY,CSI_DEFENSE,399973,1571.0,1592.61,1564.69,1585.83,0.81,728433722.0,229.7,50.0,57.17,csindex:index_perf,399973,OFFICIAL_HISTORICAL_VALUATION_AVAILABLE,True,2026-08-12,OFFICIAL_DAILY_OBSERVATION_DATE_NO_INTRADAY_TIMESTAMP_CLAIM
2026-08-13,DEFENSE,DEFENSE_399973,DOMAIN_PRIMARY,CSI_DEFENSE,399973,1593.21,1600.99,1573.68,1573.68,-0.77,879901301.0,276.36,50.0,56.8,csindex:index_perf,399973,OFFICIAL_HISTORICAL_VALUATION_AVAILABLE,True,2026-08-13,OFFICIAL_DAILY_OBSERVATION_DATE_NO_INTRADAY_TIMESTAMP_CLAIM
2026-08-14,DEFENSE,DEFENSE_399973,DOMAIN_PRIMARY,CSI_DEFENSE,399973,1576.58,1599.37,1570.9,1584.8,0.71,835327631.0,250.69,50.0,57.23,csindex:index_perf,399973,OFFICIAL_HISTORICAL_VALUATION_AVAILABLE,True,2026-08-14,OFFICIAL_DAILY_OBSERVATION_DATE_NO_INTRADAY_TIMESTAMP_CLAIM
2026-08-17,DEFENSE,DEFENSE_399973,DOMAIN_PRIMARY,CSI_DEFENSE,399973,1587.19,1609.08,1578.62,1609.08,1.53,912652723.0,267.8,50.0,58.11,csindex:index_perf,399973,OFFICIAL_HISTORICAL_VALUATION_AVAILABLE,True,2026-08-17,OFFICIAL_DAILY_OBSERVATION_DATE_NO_INTRADAY_TIMESTAMP_CLAIM
2026-08-18,DEFENSE,DEFENSE_399973,DOMAIN_PRIMARY,CSI_DEFENSE,399973,1607.7,1608.76,1581.96,1600.86,-0.51,845195095.0,265.54,50.0,57.86,csindex:index_perf,399973,OFFICIAL_HISTORICAL_VALUATION_AVAILABLE,True,2026-08-18,OFFICIAL_DAILY_OBSERVATION_DATE_NO_INTRADAY_TIMESTAMP_CLAIM
2026-08-19,DEFENSE,DEFENSE_399973,DOMAIN_PRIMARY,CSI_DEFENSE,399973,1600.53,1601.69,1517.3,1519.53,-5.08,1211644223.0,334.54,50.0,55.11,csindex:index_perf,399973,OFFICIAL_HISTORICAL_VALUATION_AVAILABLE,True,2026-08-19,OFFICIAL_DAILY_OBSERVATION_DATE_NO_INTRADAY_TIMESTAMP_CLAIM
2026-08-20,DEFENSE,DEFENSE_399973,DOMAIN_PRIMARY,CSI_DEFENSE,399973,1528.9,1532.01,1502.95,1508.97,-0.69,721176979.0,203.1,50.0,54.8,csindex:index_perf,399973,OFFICIAL_HISTORICAL_VALUATION_AVAILABLE,True,2026-08-20,OFFICIAL_DAILY_OBSERVATION_DATE_NO_INTRADAY_TIMESTAMP_CLAIM
2026-08-21,DEFENSE,DEFENSE_399973,DOMAIN_PRIMARY,CSI_DEFENSE,399973,1502.48,1526.1,1493.73,1520.16,0.74,610204819.0,174.42,50.0,55.19,csindex:index_perf,399973,OFFICIAL_HISTORICAL_VALUATION_AVAILABLE,True,2026-08-21,OFFICIAL_DAILY_OBSERVATION_DATE_NO_INTRADAY_TIMESTAMP_CLAIM
2026-08-24,DEFENSE,DEFENSE_399973,DOMAIN_PRIMARY,CSI_DEFENSE,399973,1518.44,1526.1,1483.75,1500.8,-1.27,746897557.0,204.1,50.0,54.68,csindex:index_perf,399973,OFFICIAL_HISTORICAL_VALUATION_AVAILABLE,True,2026-08-24,OFFICIAL_DAILY_OBSERVATION_DATE_NO_INTRADAY_TIMESTAMP_CLAIM
2026-08-25,DEFENSE,DEFENSE_399973,DOMAIN_PRIMARY,CSI_DEFENSE,399973,1489.36,1507.01,1471.24,1501.02,0.01,677080731.0,176.36,50.0,54.55,csindex:index_perf,399973,OFFICIAL_HISTORICAL_VALUATION_AVAILABLE,True,2026-08-25,OFFICIAL_DAILY_OBSERVATION_DATE_NO_INTRADAY_TIMESTAMP_CLAIM
2026-08-26,DEFENSE,DEFENSE_399973,DOMAIN_PRIMARY,CSI_DEFENSE,399973,1500.53,1523.23,1498.46,1510.14,0.61,670227206.0,177.4,50.0,54.95,csindex:index_perf,399973,OFFICIAL_HISTORICAL_VALUATION_AVAILABLE,True,2026-08-26,OFFICIAL_DAILY_OBSERVATION_DATE_NO_INTRADAY_TIMESTAMP_CLAIM
2026-08-27,DEFENSE,DEFENSE_399973,DOMAIN_PRIMARY,CSI_DEFENSE,399973,1512.99,1545.95,1508.02,1544.16,2.25,790607721.0,224.7,50.0,56.24,csindex:index_perf,399973,OFFICIAL_HISTORICAL_VALUATION_AVAILABLE,True,2026-08-27,OFFICIAL_DAILY_OBSERVATION_DATE_NO_INTRADAY_TIMESTAMP_CLAIM
2026-08-28,DEFENSE,DEFENSE_399973,DOMAIN_PRIMARY,CSI_DEFENSE,399973,1541.35,1566.55,1539.91,1552.12,0.52,825353160.0,225.72,50.0,56.57,csindex:index_perf,399973,OFFICIAL_HISTORICAL_VALUATION_AVAILABLE,True,2026-08-28,OFFICIAL_DAILY_OBSERVATION_DATE_NO_INTRADAY_TIMESTAMP_CLAIM
2026-08-31,DEFENSE,DEFENSE_399973,DOMAIN_PRIMARY,CSI_DEFENSE,399973,1547.27,1588.18,1547.18,1587.53,2.28,891981077.0,277.22,50.0,57.56,csindex:index_perf,399973,OFFICIAL_HISTORICAL_VALUATION_AVAILABLE,True,2026-08-31,OFFICIAL_DAILY_OBSERVATION_DATE_NO_INTRADAY_TIMESTAMP_CLAIM
2026-09-01,DEFENSE,DEFENSE_399973,DOMAIN_PRIMARY,CSI_DEFENSE,399973,1583.73,1601.46,1578.58,1590.21,0.17,907968512.0,264.21,50.0,58.89,csindex:index_perf,399973,OFFICIAL_HISTORICAL_VALUATION_AVAILABLE,True,2026-09-01,OFFICIAL_DAILY_OBSERVATION_DATE_NO_INTRADAY_TIMESTAMP_CLAIM
2026-09-02,DEFENSE,DEFENSE_399973,DOMAIN_PRIMARY,CSI_DEFENSE,399973,1581.33,1612.55,1574.66,1595.2,0.31,1158098416.0,309.15,50.0,59.28,csindex:index_perf,399973,OFFICIAL_HISTORICAL_VALUATION_AVAILABLE,True,2026-09-02,OFFICIAL_DAILY_OBSERVATION_DATE_NO_INTRADAY_TIMESTAMP_CLAIM
2026-09-03,DEFENSE,DEFENSE_399973,DOMAIN_PRIMARY,CSI_DEFENSE,399973,1597.65,1603.0,1581.68,1593.52,-0.11,1120244047.0,267.07,50.0,59.25,csindex:index_perf,399973,OFFICIAL_HISTORICAL_VALUATION_AVAILABLE,True,2026-09-03,OFFICIAL_DAILY_OBSERVATION_DATE_NO_INTRADAY_TIMESTAMP_CLAIM
2026-09-04,DEFENSE,DEFENSE_399973,DOMAIN_PRIMARY,CSI_DEFENSE,399973,1598.55,1621.95,1587.9,1594.42,0.06,1169165290.0,291.82,50.0,59.32,csindex:index_perf,399973,OFFICIAL_HISTORICAL_VALUATION_AVAILABLE,True,2026-09-04,OFFICIAL_DAILY_OBSERVATION_DATE_NO_INTRADAY_TIMESTAMP_CLAIM
2026-09-07,DEFENSE,DEFENSE_399973,DOMAIN_PRIMARY,CSI_DEFENSE,399973,1594.84,1596.13,1569.98,1584.32,-0.63,919683609.0,252.25,50.0,58.75,csindex:index_perf,399973,OFFICIAL_HISTORICAL_VALUATION_AVAILABLE,True,2026-09-07,OFFICIAL_DAILY_OBSERVATION_DATE_NO_INTRADAY_TIMESTAMP_CLAIM
2026-09-08,DEFENSE,DEFENSE_399973,DOMAIN_PRIMARY,CSI_DEFENSE,399973,1583.6,1611.55,1582.81,1608.81,1.55,1094407655.0,270.57,50.0,59.71,csindex:index_perf,399973,OFFICIAL_HISTORICAL_VALUATION_AVAILABLE,True,2026-09-08,OFFICIAL_DAILY_OBSERVATION_DATE_NO_INTRADAY_TIMESTAMP_CLAIM
2026-09-09,DEFENSE,DEFENSE_399973,DOMAIN_PRIMARY,CSI_DEFENSE,399973,1605.75,1650.21,1605.69,1637.26,1.77,1320520075.0,343.01,50.0,60.91,csindex:index_perf,399973,OFFICIAL_HISTORICAL_VALUATION_AVAILABLE,True,2026-09-09,OFFICIAL_DAILY_OBSERVATION_DATE_NO_INTRADAY_TIMESTAMP_CLAIM
2026-09-10,DEFENSE,DEFENSE_399973,DOMAIN_PRIMARY,CSI_DEFENSE,399973,1625.18,1651.6,1622.86,1631.09,-0.38,1068644736.0,285.55,50.0,60.51,csindex:index_perf,399973,OFFICIAL_HISTORICAL_VALUATION_AVAILABLE,True,2026-09-10,OFFICIAL_DAILY_OBSERVATION_DATE_NO_INTRADAY_TIMESTAMP_CLAIM
2026-09-11,DEFENSE,DEFENSE_399973,DOMAIN_PRIMARY,CSI_DEFENSE,399973,1617.32,1634.12,1591.52,1626.83,-0.26,1346243307.0,371.51,50.0,60.36,csindex:index_perf,399973,OFFICIAL_HISTORICAL_VALUATION_AVAILABLE,True,2026-09-11,OFFICIAL_DAILY_OBSERVATION_DATE_NO_INTRADAY_TIMESTAMP_CLAIM
2026-09-14,DEFENSE,DEFENSE_399973,DOMAIN_PRIMARY,CSI_DEFENSE,399973,1613.85,1619.2,1590.15,1594.72,-1.97,1188851310.0,316.1,50.0,59.01,csindex:index_perf,399973,OFFICIAL_HISTORICAL_VALUATION_AVAILABLE,True,2026-09-14,OFFICIAL_DAILY_OBSERVATION_DATE_NO_INTRADAY_TIMESTAMP_CLAIM
2026-09-15,DEFENSE,DEFENSE_399973,DOMAIN_PRIMARY,CSI_DEFENSE,399973,1590.61,1600.94,1581.15,1583.12,-0.73,933527271.0,252.9,50.0,58.49,csindex:index_perf,399973,OFFICIAL_HISTORICAL_VALUATION_AVAILABLE,True,2026-09-15,OFFICIAL_DAILY_OBSERVATION_DATE_NO_INTRADAY_TIMESTAMP_CLAIM
2026-09-16,DEFENSE,DEFENSE_399973,DOMAIN_PRIMARY,CSI_DEFENSE,399973,1582.08,1602.68,1574.01,1599.94,1.06,915730871.0,252.9,50.0,58.95,csindex:index_perf,399973,OFFICIAL_HISTORICAL_VALUATION_AVAILABLE,True,2026-09-16,OFFICIAL_DAILY_OBSERVATION_DATE_NO_INTRADAY_TIMESTAMP_CLAIM
2026-09-17,DEFENSE,DEFENSE_399973,DOMAIN_PRIMARY,CSI_DEFENSE,399973,1593.43,1615.45,1581.74,1584.31,-0.98,804744351.0,230.54,50.0,58.46,csindex:index_perf,399973,OFFICIAL_HISTORICAL_VALUATION_AVAILABLE,True,2026-09-17,OFFICIAL_DAILY_OBSERVATION_DATE_NO_INTRADAY_TIMESTAMP_CLAIM
2026-09-18,DEFENSE,DEFENSE_399973,DOMAIN_PRIMARY,CSI_DEFENSE,399973,1596.13,1604.84,1590.99,1599.31,0.95,866537004.0,245.05,50.0,58.89,csindex:index_perf,399973,OFFICIAL_HISTORICAL_VALUATION_AVAILABLE,True,2026-09-18,OFFICIAL_DAILY_OBSERVATION_DATE_NO_INTRADAY_TIMESTAMP_CLAIM
2026-09-21,DEFENSE,DEFENSE_399973,DOMAIN_PRIMARY,CSI_DEFENSE,399973,1604.67,1637.45,1603.4,1622.28,1.44,939493078.0,264.3,50.0,59.77,csindex:index_perf,399973,OFFICIAL_HISTORICAL_VALUATION_AVAILABLE,True,2026-09-21,OFFICIAL_DAILY_OBSERVATION_DATE_NO_INTRADAY_TIMESTAMP_CLAIM
2026-09-22,DEFENSE,DEFENSE_399973,DOMAIN_PRIMARY,CSI_DEFENSE,399973,1627.2,1634.87,1606.6,1610.63,-0.72,860093013.0,250.76,50.0,59.31,csindex:index_perf,399973,OFFICIAL_HISTORICAL_VALUATION_AVAILABLE,True,2026-09-22,OFFICIAL_DAILY_OBSERVATION_DATE_NO_INTRADAY_TIMESTAMP_CLAIM
2026-09-23,DEFENSE,DEFENSE_399973,DOMAIN_PRIMARY,CSI_DEFENSE,399973,1608.24,1609.77,1589.89,1596.08,-0.9,701301093.0,196.4,50.0,58.78,csindex:index_perf,399973,OFFICIAL_HISTORICAL_VALUATION_AVAILABLE,True,2026-09-23,OFFICIAL_DAILY_OBSERVATION_DATE_NO_INTRADAY_TIMESTAMP_CLAIM
2026-09-24,DEFENSE,DEFENSE_399973,DOMAIN_PRIMARY,CSI_DEFENSE,399973,1591.73,1596.57,1563.41,1565.09,-1.94,734806684.0,196.02,50.0,57.58,csindex:index_perf,399973,OFFICIAL_HISTORICAL_VALUATION_AVAILABLE,True,2026-09-24,OFFICIAL_DAILY_OBSERVATION_DATE_NO_INTRADAY_TIMESTAMP_CLAIM
2026-09-28,DEFENSE,DEFENSE_399973,DOMAIN_PRIMARY,CSI_DEFENSE,399973,1562.78,1562.78,1519.75,1528.7,-2.33,789803018.0,209.85,50.0,56.55,csindex:index_perf,399973,OFFICIAL_HISTORICAL_VALUATION_AVAILABLE,True,2026-09-28,OFFICIAL_DAILY_OBSERVATION_DATE_NO_INTRADAY_TIMESTAMP_CLAIM
2026-09-29,DEFENSE,DEFENSE_399973,DOMAIN_PRIMARY,CSI_DEFENSE,399973,1525.07,1533.89,1510.41,1525.98,-0.18,554736986.0,155.44,50.0,56.19,csindex:index_perf,399973,OFFICIAL_HISTORICAL_VALUATION_AVAILABLE,True,2026-09-29,OFFICIAL_DAILY_OBSERVATION_DATE_NO_INTRADAY_TIMESTAMP_CLAIM
2024-01-01,INNOVATION_DRUG,INNOVATION_DRUG_931152,DOMAIN_PRIMARY,CSI_INNOVATIVE_DRUG_INDUSTRY,931152,1901.45,1901.51,1866.64,1877.34,-1.26,425586576.0,143.03,50.0,22.99,csindex:index_perf,931152,OFFICIAL_HISTORICAL_VALUATION_AVAILABLE,True,2024-01-01,OFFICIAL_DAILY_OBSERVATION_DATE_NO_INTRADAY_TIMESTAMP_CLAIM
2024-01-02,INNOVATION_DRUG,INNOVATION_DRUG_931152,DOMAIN_PRIMARY,CSI_INNOVATIVE_DRUG_INDUSTRY,931152,1901.45,1901.51,1866.64,1877.34,-1.26,425586576.0,143.03,50.0,22.99,csindex:index_perf,931152,OFFICIAL_HISTORICAL_VALUATION_AVAILABLE,True,2024-01-02,OFFICIAL_DAILY_OBSERVATION_DATE_NO_INTRADAY_TIMESTAMP_CLAIM
2024-01-03,INNOVATION_DRUG,INNOVATION_DRUG_931152,DOMAIN_PRIMARY,CSI_INNOVATIVE_DRUG_INDUSTRY,931152,1873.65,1893.38,1865.09,1871.24,-0.32,383229593.0,113.23,50.0,22.9,csindex:index_perf,931152,OFFICIAL_HISTORICAL_VALUATION_AVAILABLE,True,2024-01-03,OFFICIAL_DAILY_OBSERVATION_DATE_NO_INTRADAY_TIMESTAMP_CLAIM
2024-01-04,INNOVATION_DRUG,INNOVATION_DRUG_931152,DOMAIN_PRIMARY,CSI_INNOVATIVE_DRUG_INDUSTRY,931152,1869.32,1870.48,1836.35,1848.27,-1.23,355986930.0,118.02,50.0,22.62,csindex:index_perf,931152,OFFICIAL_HISTORICAL_VALUATION_AVAILABLE,True,2024-01-04,OFFICIAL_DAILY_OBSERVATION_DATE_NO_INTRADAY_TIMESTAMP_CLAIM
2024-01-05,INNOVATION_DRUG,INNOVATION_DRUG_931152,DOMAIN_PRIMARY,CSI_INNOVATIVE_DRUG_INDUSTRY,931152,1844.15,1845.28,1799.61,1807.24,-2.22,439629068.0,144.99,50.0,22.16,csindex:index_perf,931152,OFFICIAL_HISTORICAL_VALUATION_AVAILABLE,True,2024-01-05,OFFICIAL_DAILY_OBSERVATION_DATE_NO_INTRADAY_TIMESTAMP_CLAIM
2024-01-08,INNOVATION_DRUG,INNOVATION_DRUG_931152,DOMAIN_PRIMARY,CSI_INNOVATIVE_DRUG_INDUSTRY,931152,1802.86,1804.73,1778.08,1778.67,-1.58,375322824.0,120.43,50.0,21.9,csindex:index_perf,931152,OFFICIAL_HISTORICAL_VALUATION_AVAILABLE,True,2024-01-08,OFFICIAL_DAILY_OBSERVATION_DATE_NO_INTRADAY_TIMESTAMP_CLAIM
2024-01-09,INNOVATION_DRUG,INNOVATION_DRUG_931152,DOMAIN_PRIMARY,CSI_INNOVATIVE_DRUG_INDUSTRY,931152,1781.35,1794.88,1768.67,1778.37,-0.02,335050076.0,111.27,50.0,21.82,csindex:index_perf,931152,OFFICIAL_HISTORICAL_VALUATION_AVAILABLE,True,2024-01-09,OFFICIAL_DAILY_OBSERVATION_DATE_NO_INTRADAY_TIMESTAMP_CLAIM
2024-01-10,INNOVATION_DRUG,INNOVATION_DRUG_931152,DOMAIN_PRIMARY,CSI_INNOVATIVE_DRUG_INDUSTRY,931152,1777.88,1788.01,1761.01,1764.4,-0.78,361019054.0,129.91,50.0,21.6,csindex:index_perf,931152,OFFICIAL_HISTORICAL_VALUATION_AVAILABLE,True,2024-01-10,OFFICIAL_DAILY_OBSERVATION_DATE_NO_INTRADAY_TIMESTAMP_CLAIM
2024-01-11,INNOVATION_DRUG,INNOVATION_DRUG_931152,DOMAIN_PRIMARY,CSI_INNOVATIVE_DRUG_INDUSTRY,931152,1786.8,1794.7,1765.04,1785.99,1.22,442815687.0,151.33,50.0,21.84,csindex:index_perf,931152,OFFICIAL_HISTORICAL_VALUATION_AVAILABLE,True,2024-01-11,OFFICIAL_DAILY_OBSERVATION_DATE_NO_INTRADAY_TIMESTAMP_CLAIM
2024-01-12,INNOVATION_DRUG,INNOVATION_DRUG_931152,DOMAIN_PRIMARY,CSI_INNOVATIVE_DRUG_INDUSTRY,931152,1779.04,1798.32,1765.47,1765.47,-1.15,329894466.0,111.13,50.0,21.6,csindex:index_perf,931152,OFFICIAL_HISTORICAL_VALUATION_AVAILABLE,True,2024-01-12,OFFICIAL_DAILY_OBSERVATION_DATE_NO_INTRADAY_TIMESTAMP_CLAIM
2024-01-15,INNOVATION_DRUG,INNOVATION_DRUG_931152,DOMAIN_PRIMARY,CSI_INNOVATIVE_DRUG_INDUSTRY,931152,1757.5,1787.16,1756.73,1763.89,-0.09,347932588.0,107.03,50.0,21.6,csindex:index_perf,931152,OFFICIAL_HISTORICAL_VALUATION_AVAILABLE,True,2024-01-15,OFFICIAL_DAILY_OBSERVATION_DATE_NO_INTRADAY_TIMESTAMP_CLAIM
2024-01-16,INNOVATION_DRUG,INNOVATION_DRUG_931152,DOMAIN_PRIMARY,CSI_INNOVATIVE_DRUG_INDUSTRY,931152,1761.55,1765.11,1736.07,1761.49,-0.14,353482206.0,110.27,50.0,21.61,csindex:index_perf,931152,OFFICIAL_HISTORICAL_VALUATION_AVAILABLE,True,2024-01-16,OFFICIAL_DAILY_OBSERVATION_DATE_NO_INTRADAY_TIMESTAMP_CLAIM
2024-01-17,INNOVATION_DRUG,INNOVATION_DRUG_931152,DOMAIN_PRIMARY,CSI_INNOVATIVE_DRUG_INDUSTRY,931152,1755.77,1762.3,1700.58,1700.69,-3.45,362983353.0,112.48,50.0,20.94,csindex:index_perf,931152,OFFICIAL_HISTORICAL_VALUATION_AVAILABLE,True,2024-01-17,OFFICIAL_DAILY_OBSERVATION_DATE_NO_INTRADAY_TIMESTAMP_CLAIM
2024-01-18,INNOVATION_DRUG,INNOVATION_DRUG_931152,DOMAIN_PRIMARY,CSI_INNOVATIVE_DRUG_INDUSTRY,931152,1691.49,1718.93,1663.56,1716.4,0.92,510516387.0,144.04,50.0,21.22,csindex:index_perf,931152,OFFICIAL_HISTORICAL_VALUATION_AVAILABLE,True,2024-01-18,OFFICIAL_DAILY_OBSERVATION_DATE_NO_INTRADAY_TIMESTAMP_CLAIM
2024-01-19,INNOVATION_DRUG,INNOVATION_DRUG_931152,DOMAIN_PRIMARY,CSI_INNOVATIVE_DRUG_INDUSTRY,931152,1709.41,1722.92,1700.72,1706.16,-0.6,350990855.0,111.98,50.0,21.11,csindex:index_perf,931152,OFFICIAL_HISTORICAL_VALUATION_AVAILABLE,True,2024-01-19,OFFICIAL_DAILY_OBSERVATION_DATE_NO_INTRADAY_TIMESTAMP_CLAIM
2024-01-22,INNOVATION_DRUG,INNOVATION_DRUG_931152,DOMAIN_PRIMARY,CSI_INNOVATIVE_DRUG_INDUSTRY,931152,1702.09,1703.81,1622.05,1634.9,-4.18,501361482.0,139.78,50.0,20.33,csindex:index_perf,931152,OFFICIAL_HISTORICAL_VALUATION_AVAILABLE,True,2024-01-22,OFFICIAL_DAILY_OBSERVATION_DATE_NO_INTRADAY_TIMESTAMP_CLAIM
2024-01-23,INNOVATION_DRUG,INNOVATION_DRUG_931152,DOMAIN_PRIMARY,CSI_INNOVATIVE_DRUG_INDUSTRY,931152,1630.0,1659.02,1625.95,1649.86,0.92,395288622.0,108.11,50.0,20.47,csindex:index_perf,931152,OFFICIAL_HISTORICAL_VALUATION_AVAILABLE,True,2024-01-23,OFFICIAL_DAILY_OBSERVATION_DATE_NO_INTRADAY_TIMESTAMP_CLAIM
2024-01-24,INNOVATION_DRUG,INNOVATION_DRUG_931152,DOMAIN_PRIMARY,CSI_INNOVATIVE_DRUG_INDUSTRY,931152,1660.33,1666.4,1602.79,1651.87,0.12,403596530.0,112.85,50.0,20.49,csindex:index_perf,931152,OFFICIAL_HISTORICAL_VALUATION_AVAILABLE,True,2024-01-24,OFFICIAL_DAILY_OBSERVATION_DATE_NO_INTRADAY_TIMESTAMP_CLAIM
2024-01-25,INNOVATION_DRUG,INNOVATION_DRUG_931152,DOMAIN_PRIMARY,CSI_INNOVATIVE_DRUG_INDUSTRY,931152,1651.42,1681.65,1636.23,1677.49,1.55,439465703.0,125.84,50.0,20.78,csindex:index_perf,931152,OFFICIAL_HISTORICAL_VALUATION_AVAILABLE,True,2024-01-25,OFFICIAL_DAILY_OBSERVATION_DATE_NO_INTRADAY_TIMESTAMP_CLAIM
2024-01-26,INNOVATION_DRUG,INNOVATION_DRUG_931152,DOMAIN_PRIMARY,CSI_INNOVATIVE_DRUG_INDUSTRY,931152,1666.06,1678.93,1606.9,1611.57,-3.93,533592459.0,166.05,50.0,19.99,csindex:index_perf,931152,OFFICIAL_HISTORICAL_VALUATION_AVAILABLE,True,2024-01-26,OFFICIAL_DAILY_OBSERVATION_DATE_NO_INTRADAY_TIMESTAMP_CLAIM
2024-01-29,INNOVATION_DRUG,INNOVATION_DRUG_931152,DOMAIN_PRIMARY,CSI_INNOVATIVE_DRUG_INDUSTRY,931152,1609.12,1623.23,1565.78,1566.94,-2.77,547693637.0,178.96,50.0,19.37,csindex:index_perf,931152,OFFICIAL_HISTORICAL_VALUATION_AVAILABLE,True,2024-01-29,OFFICIAL_DAILY_OBSERVATION_DATE_NO_INTRADAY_TIMESTAMP_CLAIM
2024-01-30,INNOVATION_DRUG,INNOVATION_DRUG_931152,DOMAIN_PRIMARY,CSI_INNOVATIVE_DRUG_INDUSTRY,931152,1551.07,1563.71,1528.93,1528.93,-2.43,507705210.0,145.12,50.0,18.92,csindex:index_perf,931152,OFFICIAL_HISTORICAL_VALUATION_AVAILABLE,True,2024-01-30,OFFICIAL_DAILY_OBSERVATION_DATE_NO_INTRADAY_TIMESTAMP_CLAIM
2024-01-31,INNOVATION_DRUG,INNOVATION_DRUG_931152,DOMAIN_PRIMARY,CSI_INNOVATIVE_DRUG_INDUSTRY,931152,1515.61,1519.73,1468.62,1471.5,-3.76,595032190.0,150.39,50.0,18.26,csindex:index_perf,931152,OFFICIAL_HISTORICAL_VALUATION_AVAILABLE,True,2024-01-31,OFFICIAL_DAILY_OBSERVATION_DATE_NO_INTRADAY_TIMESTAMP_CLAIM
2024-02-01,INNOVATION_DRUG,INNOVATION_DRUG_931152,DOMAIN_PRIMARY,CSI_INNOVATIVE_DRUG_INDUSTRY,931152,1468.38,1512.09,1460.4,1480.5,0.61,601326810.0,148.7,50.0,18.36,csindex:index_perf,931152,OFFICIAL_HISTORICAL_VALUATION_AVAILABLE,True,2024-02-01,OFFICIAL_DAILY_OBSERVATION_DATE_NO_INTRADAY_TIMESTAMP_CLAIM
2024-02-02,INNOVATION_DRUG,INNOVATION_DRUG_931152,DOMAIN_PRIMARY,CSI_INNOVATIVE_DRUG_INDUSTRY,931152,1485.87,1494.67,1379.84,1414.8,-4.44,721784277.0,169.6,50.0,17.56,csindex:index_perf,931152,OFFICIAL_HISTORICAL_VALUATION_AVAILABLE,True,2024-02-02,OFFICIAL_DAILY_OBSERVATION_DATE_NO_INTRADAY_TIMESTAMP_CLAIM
2024-02-05,INNOVATION_DRUG,INNOVATION_DRUG_931152,DOMAIN_PRIMARY,CSI_INNOVATIVE_DRUG_INDUSTRY,931152,1397.47,1440.82,1340.37,1403.07,-0.83,941616990.0,235.43,50.0,17.55,csindex:index_perf,931152,OFFICIAL_HISTORICAL_VALUATION_AVAILABLE,True,2024-02-05,OFFICIAL_DAILY_OBSERVATION_DATE_NO_INTRADAY_TIMESTAMP_CLAIM
2024-02-06,INNOVATION_DRUG,INNOVATION_DRUG_931152,DOMAIN_PRIMARY,CSI_INNOVATIVE_DRUG_INDUSTRY,931152,1386.45,1534.24,1385.73,1531.4,9.15,934561253.0,236.55,50.0,19.1,csindex:index_perf,931152,OFFICIAL_HISTORICAL_VALUATION_AVAILABLE,True,2024-02-06,OFFICIAL_DAILY_OBSERVATION_DATE_NO_INTRADAY_TIMESTAMP_CLAIM
2024-02-07,INNOVATION_DRUG,INNOVATION_DRUG_931152,DOMAIN_PRIMARY,CSI_INNOVATIVE_DRUG_INDUSTRY,931152,1544.9,1609.7,1541.72,1604.16,4.75,1080237996.0,283.06,50.0,19.94,csindex:index_perf,931152,OFFICIAL_HISTORICAL_VALUATION_AVAILABLE,True,2024-02-07,OFFICIAL_DAILY_OBSERVATION_DATE_NO_INTRADAY_TIMESTAMP_CLAIM
2024-02-08,INNOVATION_DRUG,INNOVATION_DRUG_931152,DOMAIN_PRIMARY,CSI_INNOVATIVE_DRUG_INDUSTRY,931152,1602.49,1638.34,1594.06,1605.93,0.11,967088679.0,259.31,50.0,19.95,csindex:index_perf,931152,OFFICIAL_HISTORICAL_VALUATION_AVAILABLE,True,2024-02-08,OFFICIAL_DAILY_OBSERVATION_DATE_NO_INTRADAY_TIMESTAMP_CLAIM
2024-02-19,INNOVATION_DRUG,INNOVATION_DRUG_931152,DOMAIN_PRIMARY,CSI_INNOVATIVE_DRUG_INDUSTRY,931152,1607.91,1608.85,1574.57,1596.91,-0.56,766215031.0,215.9,50.0,19.82,csindex:index_perf,931152,OFFICIAL_HISTORICAL_VALUATION_AVAILABLE,True,2024-02-19,OFFICIAL_DAILY_OBSERVATION_DATE_NO_INTRADAY_TIMESTAMP_CLAIM
2024-02-20,INNOVATION_DRUG,INNOVATION_DRUG_931152,DOMAIN_PRIMARY,CSI_INNOVATIVE_DRUG_INDUSTRY,931152,1588.47,1623.6,1581.08,1608.78,0.74,581487665.0,168.73,50.0,19.98,csindex:index_perf,931152,OFFICIAL_HISTORICAL_VALUATION_AVAILABLE,True,2024-02-20,OFFICIAL_DAILY_OBSERVATION_DATE_NO_INTRADAY_TIMESTAMP_CLAIM
2024-02-21,INNOVATION_DRUG,INNOVATION_DRUG_931152,DOMAIN_PRIMARY,CSI_INNOVATIVE_DRUG_INDUSTRY,931152,1595.48,1645.83,1588.44,1617.48,0.54,661985094.0,191.54,50.0,20.09,csindex:index_perf,931152,OFFICIAL_HISTORICAL_VALUATION_AVAILABLE,True,2024-02-21,OFFICIAL_DAILY_OBSERVATION_DATE_NO_INTRADAY_TIMESTAMP_CLAIM
2024-02-22,INNOVATION_DRUG,INNOVATION_DRUG_931152,DOMAIN_PRIMARY,CSI_INNOVATIVE_DRUG_INDUSTRY,931152,1610.83,1627.01,1608.04,1627.01,0.59,466859401.0,135.14,50.0,20.25,csindex:index_perf,931152,OFFICIAL_HISTORICAL_VALUATION_AVAILABLE,True,2024-02-22,OFFICIAL_DAILY_OBSERVATION_DATE_NO_INTRADAY_TIMESTAMP_CLAIM
2024-02-23,INNOVATION_DRUG,INNOVATION_DRUG_931152,DOMAIN_PRIMARY,CSI_INNOVATIVE_DRUG_INDUSTRY,931152,1630.8,1631.97,1610.56,1630.04,0.19,518154075.0,150.2,50.0,20.29,csindex:index_perf,931152,OFFICIAL_HISTORICAL_VALUATION_AVAILABLE,True,2024-02-23,OFFICIAL_DAILY_OBSERVATION_DATE_NO_INTRADAY_TIMESTAMP_CLAIM
2024-02-26,INNOVATION_DRUG,INNOVATION_DRUG_931152,DOMAIN_PRIMARY,CSI_INNOVATIVE_DRUG_INDUSTRY,931152,1627.24,1662.12,1615.01,1642.59,0.77,585563456.0,168.02,50.0,20.38,csindex:index_perf,931152,OFFICIAL_HISTORICAL_VALUATION_AVAILABLE,True,2024-02-26,OFFICIAL_DAILY_OBSERVATION_DATE_NO_INTRADAY_TIMESTAMP_CLAIM
2024-02-27,INNOVATION_DRUG,INNOVATION_DRUG_931152,DOMAIN_PRIMARY,CSI_INNOVATIVE_DRUG_INDUSTRY,931152,1637.43,1668.53,1633.8,1668.53,1.58,528182007.0,153.34,50.0,20.71,csindex:index_perf,931152,OFFICIAL_HISTORICAL_VALUATION_AVAILABLE,True,2024-02-27,OFFICIAL_DAILY_OBSERVATION_DATE_NO_INTRADAY_TIMESTAMP_CLAIM
2024-02-28,INNOVATION_DRUG,INNOVATION_DRUG_931152,DOMAIN_PRIMARY,CSI_INNOVATIVE_DRUG_INDUSTRY,931152,1680.65,1721.28,1639.97,1639.97,-1.71,838536183.0,239.72,50.0,20.35,csindex:index_perf,931152,OFFICIAL_HISTORICAL_VALUATION_AVAILABLE,True,2024-02-28,OFFICIAL_DAILY_OBSERVATION_DATE_NO_INTRADAY_TIMESTAMP_CLAIM
2024-02-29,INNOVATION_DRUG,INNOVATION_DRUG_931152,DOMAIN_PRIMARY,CSI_INNOVATIVE_DRUG_INDUSTRY,931152,1626.97,1679.46,1626.48,1676.12,2.2,716045430.0,190.44,50.0,20.8,csindex:index_perf,931152,OFFICIAL_HISTORICAL_VALUATION_AVAILABLE,True,2024-02-29,OFFICIAL_DAILY_OBSERVATION_DATE_NO_INTRADAY_TIMESTAMP_CLAIM
2024-03-01,INNOVATION_DRUG,INNOVATION_DRUG_931152,DOMAIN_PRIMARY,CSI_INNOVATIVE_DRUG_INDUSTRY,931152,1673.92,1677.92,1654.34,1675.31,-0.05,537570424.0,150.97,50.0,20.81,csindex:index_perf,931152,OFFICIAL_HISTORICAL_VALUATION_AVAILABLE,True,2024-03-01,OFFICIAL_DAILY_OBSERVATION_DATE_NO_INTRADAY_TIMESTAMP_CLAIM
2024-03-04,INNOVATION_DRUG,INNOVATION_DRUG_931152,DOMAIN_PRIMARY,CSI_INNOVATIVE_DRUG_INDUSTRY,931152,1672.21,1740.11,1671.87,1722.37,2.81,786982681.0,250.45,50.0,21.43,csindex:index_perf,931152,OFFICIAL_HISTORICAL_VALUATION_AVAILABLE,True,2024-03-04,OFFICIAL_DAILY_OBSERVATION_DATE_NO_INTRADAY_TIMESTAMP_CLAIM
2024-03-05,INNOVATION_DRUG,INNOVATION_DRUG_931152,DOMAIN_PRIMARY,CSI_INNOVATIVE_DRUG_INDUSTRY,931152,1708.88,1710.42,1688.28,1696.49,-1.5,606128218.0,189.88,50.0,21.17,csindex:index_perf,931152,OFFICIAL_HISTORICAL_VALUATION_AVAILABLE,True,2024-03-05,OFFICIAL_DAILY_OBSERVATION_DATE_NO_INTRADAY_TIMESTAMP_CLAIM
2024-03-06,INNOVATION_DRUG,INNOVATION_DRUG_931152,DOMAIN_PRIMARY,CSI_INNOVATIVE_DRUG_INDUSTRY,931152,1694.94,1699.0,1665.18,1680.6,-0.94,464468775.0,139.76,50.0,20.96,csindex:index_perf,931152,OFFICIAL_HISTORICAL_VALUATION_AVAILABLE,True,2024-03-06,OFFICIAL_DAILY_OBSERVATION_DATE_NO_INTRADAY_TIMESTAMP_CLAIM
2024-03-07,INNOVATION_DRUG,INNOVATION_DRUG_931152,DOMAIN_PRIMARY,CSI_INNOVATIVE_DRUG_INDUSTRY,931152,1650.97,1660.26,1605.88,1606.36,-4.42,688690794.0,212.8,50.0,19.98,csindex:index_perf,931152,OFFICIAL_HISTORICAL_VALUATION_AVAILABLE,True,2024-03-07,OFFICIAL_DAILY_OBSERVATION_DATE_NO_INTRADAY_TIMESTAMP_CLAIM
2024-03-08,INNOVATION_DRUG,INNOVATION_DRUG_931152,DOMAIN_PRIMARY,CSI_INNOVATIVE_DRUG_INDUSTRY,931152,1603.71,1622.25,1596.41,1612.28,0.37,522103095.0,163.88,50.0,20.07,csindex:index_perf,931152,OFFICIAL_HISTORICAL_VALUATION_AVAILABLE,True,2024-03-08,OFFICIAL_DAILY_OBSERVATION_DATE_NO_INTRADAY_TIMESTAMP_CLAIM
2024-03-11,INNOVATION_DRUG,INNOVATION_DRUG_931152,DOMAIN_PRIMARY,CSI_INNOVATIVE_DRUG_INDUSTRY,931152,1616.42,1658.17,1605.31,1657.32,2.79,597722124.0,186.23,50.0,20.64,csindex:index_perf,931152,OFFICIAL_HISTORICAL_VALUATION_AVAILABLE,True,2024-03-11,OFFICIAL_DAILY_OBSERVATION_DATE_NO_INTRADAY_TIMESTAMP_CLAIM
2024-03-12,INNOVATION_DRUG,INNOVATION_DRUG_931152,DOMAIN_PRIMARY,CSI_INNOVATIVE_DRUG_INDUSTRY,931152,1664.28,1699.4,1664.28,1694.52,2.24,697582030.0,225.04,50.0,21.15,csindex:index_perf,931152,OFFICIAL_HISTORICAL_VALUATION_AVAILABLE,True,2024-03-12,OFFICIAL_DAILY_OBSERVATION_DATE_NO_INTRADAY_TIMESTAMP_CLAIM
2024-03-13,INNOVATION_DRUG,INNOVATION_DRUG_931152,DOMAIN_PRIMARY,CSI_INNOVATIVE_DRUG_INDUSTRY,931152,1693.33,1694.89,1671.81,1687.43,-0.42,549843776.0,168.29,50.0,21.04,csindex:index_perf,931152,OFFICIAL_HISTORICAL_VALUATION_AVAILABLE,True,2024-03-13,OFFICIAL_DAILY_OBSERVATION_DATE_NO_INTRADAY_TIMESTAMP_CLAIM
2024-03-14,INNOVATION_DRUG,INNOVATION_DRUG_931152,DOMAIN_PRIMARY,CSI_INNOVATIVE_DRUG_INDUSTRY,931152,1768.64,1778.54,1698.79,1710.71,1.38,1172825698.0,410.42,50.0,21.3,csindex:index_perf,931152,OFFICIAL_HISTORICAL_VALUATION_AVAILABLE,True,2024-03-14,OFFICIAL_DAILY_OBSERVATION_DATE_NO_INTRADAY_TIMESTAMP_CLAIM
2024-03-15,INNOVATION_DRUG,INNOVATION_DRUG_931152,DOMAIN_PRIMARY,CSI_INNOVATIVE_DRUG_INDUSTRY,931152,1703.77,1737.27,1684.59,1706.64,-0.24,828059105.0,276.36,50.0,21.21,csindex:index_perf,931152,OFFICIAL_HISTORICAL_VALUATION_AVAILABLE,True,2024-03-15,OFFICIAL_DAILY_OBSERVATION_DATE_NO_INTRADAY_TIMESTAMP_CLAIM
2024-03-18,INNOVATION_DRUG,INNOVATION_DRUG_931152,DOMAIN_PRIMARY,CSI_INNOVATIVE_DRUG_INDUSTRY,931152,1708.23,1731.84,1683.67,1731.24,1.44,857056006.0,281.71,50.0,21.5,csindex:index_perf,931152,OFFICIAL_HISTORICAL_VALUATION_AVAILABLE,True,2024-03-18,OFFICIAL_DAILY_OBSERVATION_DATE_NO_INTRADAY_TIMESTAMP_CLAIM
2024-03-19,INNOVATION_DRUG,INNOVATION_DRUG_931152,DOMAIN_PRIMARY,CSI_INNOVATIVE_DRUG_INDUSTRY,931152,1719.36,1723.12,1698.7,1698.73,-1.88,678350534.0,228.88,50.0,21.07,csindex:index_perf,931152,OFFICIAL_HISTORICAL_VALUATION_AVAILABLE,True,2024-03-19,OFFICIAL_DAILY_OBSERVATION_DATE_NO_INTRADAY_TIMESTAMP_CLAIM
2024-03-20,INNOVATION_DRUG,INNOVATION_DRUG_931152,DOMAIN_PRIMARY,CSI_INNOVATIVE_DRUG_INDUSTRY,931152,1694.61,1707.42,1684.38,1696.8,-0.11,583252767.0,184.87,50.0,21.01,csindex:index_perf,931152,OFFICIAL_HISTORICAL_VALUATION_AVAILABLE,True,2024-03-20,OFFICIAL_DAILY_OBSERVATION_DATE_NO_INTRADAY_TIMESTAMP_CLAIM
2024-03-21,INNOVATION_DRUG,INNOVATION_DRUG_931152,DOMAIN_PRIMARY,CSI_INNOVATIVE_DRUG_INDUSTRY,931152,1695.9,1700.76,1678.33,1680.7,-0.95,522955795.0,165.33,50.0,20.87,csindex:index_perf,931152,OFFICIAL_HISTORICAL_VALUATION_AVAILABLE,True,2024-03-21,OFFICIAL_DAILY_OBSERVATION_DATE_NO_INTRADAY_TIMESTAMP_CLAIM
2024-03-22,INNOVATION_DRUG,INNOVATION_DRUG_931152,DOMAIN_PRIMARY,CSI_INNOVATIVE_DRUG_INDUSTRY,931152,1673.86,1675.69,1634.02,1641.84,-2.31,627257932.0,188.71,50.0,20.48,csindex:index_perf,931152,OFFICIAL_HISTORICAL_VALUATION_AVAILABLE,True,2024-03-22,OFFICIAL_DAILY_OBSERVATION_DATE_NO_INTRADAY_TIMESTAMP_CLAIM
2024-03-25,INNOVATION_DRUG,INNOVATION_DRUG_931152,DOMAIN_PRIMARY,CSI_INNOVATIVE_DRUG_INDUSTRY,931152,1646.26,1660.03,1627.85,1628.29,-0.83,572670850.0,181.03,50.0,20.33,csindex:index_perf,931152,OFFICIAL_HISTORICAL_VALUATION_AVAILABLE,True,2024-03-25,OFFICIAL_DAILY_OBSERVATION_DATE_NO_INTRADAY_TIMESTAMP_CLAIM
2024-03-26,INNOVATION_DRUG,INNOVATION_DRUG_931152,DOMAIN_PRIMARY,CSI_INNOVATIVE_DRUG_INDUSTRY,931152,1625.02,1627.85,1609.0,1620.06,-0.5,515675523.0,155.49,50.0,20.24,csindex:index_perf,931152,OFFICIAL_HISTORICAL_VALUATION_AVAILABLE,True,2024-03-26,OFFICIAL_DAILY_OBSERVATION_DATE_NO_INTRADAY_TIMESTAMP_CLAIM
2024-03-27,INNOVATION_DRUG,INNOVATION_DRUG_931152,DOMAIN_PRIMARY,CSI_INNOVATIVE_DRUG_INDUSTRY,931152,1615.43,1624.82,1597.23,1597.23,-1.41,496781224.0,149.97,50.0,19.94,csindex:index_perf,931152,OFFICIAL_HISTORICAL_VALUATION_AVAILABLE,True,2024-03-27,OFFICIAL_DAILY_OBSERVATION_DATE_NO_INTRADAY_TIMESTAMP_CLAIM
2024-03-28,INNOVATION_DRUG,INNOVATION_DRUG_931152,DOMAIN_PRIMARY,CSI_INNOVATIVE_DRUG_INDUSTRY,931152,1593.98,1628.46,1586.23,1607.91,0.67,503292496.0,149.38,50.0,20.09,csindex:index_perf,931152,OFFICIAL_HISTORICAL_VALUATION_AVAILABLE,True,2024-03-28,OFFICIAL_DAILY_OBSERVATION_DATE_NO_INTRADAY_TIMESTAMP_CLAIM
2024-03-29,INNOVATION_DRUG,INNOVATION_DRUG_931152,DOMAIN_PRIMARY,CSI_INNOVATIVE_DRUG_INDUSTRY,931152,1602.06,1609.8,1585.33,1602.88,-0.31,470092488.0,140.18,50.0,19.97,csindex:index_perf,931152,OFFICIAL_HISTORICAL_VALUATION_AVAILABLE,True,2024-03-29,OFFICIAL_DAILY_OBSERVATION_DATE_NO_INTRADAY_TIMESTAMP_CLAIM
2024-04-01,INNOVATION_DRUG,INNOVATION_DRUG_931152,DOMAIN_PRIMARY,CSI_INNOVATIVE_DRUG_INDUSTRY,931152,1604.7,1632.86,1604.7,1632.73,1.86,627491018.0,168.6,50.0,20.34,csindex:index_perf,931152,OFFICIAL_HISTORICAL_VALUATION_AVAILABLE,True,2024-04-01,OFFICIAL_DAILY_OBSERVATION_DATE_NO_INTRADAY_TIMESTAMP_CLAIM
2024-04-02,INNOVATION_DRUG,INNOVATION_DRUG_931152,DOMAIN_PRIMARY,CSI_INNOVATIVE_DRUG_INDUSTRY,931152,1631.44,1631.44,1599.97,1606.09,-1.63,516837609.0,143.23,50.0,20.01,csindex:index_perf,931152,OFFICIAL_HISTORICAL_VALUATION_AVAILABLE,True,2024-04-02,OFFICIAL_DAILY_OBSERVATION_DATE_NO_INTRADAY_TIMESTAMP_CLAIM
2024-04-03,INNOVATION_DRUG,INNOVATION_DRUG_931152,DOMAIN_PRIMARY,CSI_INNOVATIVE_DRUG_INDUSTRY,931152,1601.04,1613.68,1593.82,1596.93,-0.57,488775956.0,136.43,50.0,19.88,csindex:index_perf,931152,OFFICIAL_HISTORICAL_VALUATION_AVAILABLE,True,2024-04-03,OFFICIAL_DAILY_OBSERVATION_DATE_NO_INTRADAY_TIMESTAMP_CLAIM
2024-04-08,INNOVATION_DRUG,INNOVATION_DRUG_931152,DOMAIN_PRIMARY,CSI_INNOVATIVE_DRUG_INDUSTRY,931152,1584.64,1595.51,1569.51,1570.42,-1.66,583832690.0,162.21,50.0,19.63,csindex:index_perf,931152,OFFICIAL_HISTORICAL_VALUATION_AVAILABLE,True,2024-04-08,OFFICIAL_DAILY_OBSERVATION_DATE_NO_INTRADAY_TIMESTAMP_CLAIM
2024-04-09,INNOVATION_DRUG,INNOVATION_DRUG_931152,DOMAIN_PRIMARY,CSI_INNOVATIVE_DRUG_INDUSTRY,931152,1568.46,1603.39,1552.51,1603.38,2.1,579335358.0,171.06,50.0,19.99,csindex:index_perf,931152,OFFICIAL_HISTORICAL_VALUATION_AVAILABLE,True,2024-04-09,OFFICIAL_DAILY_OBSERVATION_DATE_NO_INTRADAY_TIMESTAMP_CLAIM
2024-04-10,INNOVATION_DRUG,INNOVATION_DRUG_931152,DOMAIN_PRIMARY,CSI_INNOVATIVE_DRUG_INDUSTRY,931152,1597.52,1601.39,1570.74,1576.57,-1.67,440778453.0,127.2,50.0,19.67,csindex:index_perf,931152,OFFICIAL_HISTORICAL_VALUATION_AVAILABLE,True,2024-04-10,OFFICIAL_DAILY_OBSERVATION_DATE_NO_INTRADAY_TIMESTAMP_CLAIM
2024-04-11,INNOVATION_DRUG,INNOVATION_DRUG_931152,DOMAIN_PRIMARY,CSI_INNOVATIVE_DRUG_INDUSTRY,931152,1574.5,1585.1,1560.68,1563.09,-0.86,498151815.0,149.59,50.0,19.56,csindex:index_perf,931152,OFFICIAL_HISTORICAL_VALUATION_AVAILABLE,True,2024-04-11,OFFICIAL_DAILY_OBSERVATION_DATE_NO_INTRADAY_TIMESTAMP_CLAIM
2024-04-12,INNOVATION_DRUG,INNOVATION_DRUG_931152,DOMAIN_PRIMARY,CSI_INNOVATIVE_DRUG_INDUSTRY,931152,1565.91,1577.32,1544.78,1547.37,-1.01,468889119.0,134.45,50.0,19.39,csindex:index_perf,931152,OFFICIAL_HISTORICAL_VALUATION_AVAILABLE,True,2024-04-12,OFFICIAL_DAILY_OBSERVATION_DATE_NO_INTRADAY_TIMESTAMP_CLAIM
2024-04-15,INNOVATION_DRUG,INNOVATION_DRUG_931152,DOMAIN_PRIMARY,CSI_INNOVATIVE_DRUG_INDUSTRY,931152,1545.83,1565.52,1530.52,1547.88,0.03,615264290.0,162.08,50.0,19.42,csindex:index_perf,931152,OFFICIAL_HISTORICAL_VALUATION_AVAILABLE,True,2024-04-15,OFFICIAL_DAILY_OBSERVATION_DATE_NO_INTRADAY_TIMESTAMP_CLAIM
2024-04-16,INNOVATION_DRUG,INNOVATION_DRUG_931152,DOMAIN_PRIMARY,CSI_INNOVATIVE_DRUG_INDUSTRY,931152,1540.68,1558.22,1514.69,1515.56,-2.09,625912076.0,156.6,50.0,19.1,csindex:index_perf,931152,OFFICIAL_HISTORICAL_VALUATION_AVAILABLE,True,2024-04-16,OFFICIAL_DAILY_OBSERVATION_DATE_NO_INTRADAY_TIMESTAMP_CLAIM
2024-04-17,INNOVATION_DRUG,INNOVATION_DRUG_931152,DOMAIN_PRIMARY,CSI_INNOVATIVE_DRUG_INDUSTRY,931152,1518.83,1543.96,1515.48,1541.98,1.74,620436604.0,168.29,50.0,19.4,csindex:index_perf,931152,OFFICIAL_HISTORICAL_VALUATION_AVAILABLE,True,2024-04-17,OFFICIAL_DAILY_OBSERVATION_DATE_NO_INTRADAY_TIMESTAMP_CLAIM
2024-04-18,INNOVATION_DRUG,INNOVATION_DRUG_931152,DOMAIN_PRIMARY,CSI_INNOVATIVE_DRUG_INDUSTRY,931152,1543.13,1553.71,1523.18,1529.02,-0.84,629980704.0,180.32,50.0,19.12,csindex:index_perf,931152,OFFICIAL_HISTORICAL_VALUATION_AVAILABLE,True,2024-04-18,OFFICIAL_DAILY_OBSERVATION_DATE_NO_INTRADAY_TIMESTAMP_CLAIM
2024-04-19,INNOVATION_DRUG,INNOVATION_DRUG_931152,DOMAIN_PRIMARY,CSI_INNOVATIVE_DRUG_INDUSTRY,931152,1518.83,1519.07,1493.9,1505.14,-1.56,527691641.0,142.67,50.0,18.84,csindex:index_perf,931152,OFFICIAL_HISTORICAL_VALUATION_AVAILABLE,True,2024-04-19,OFFICIAL_DAILY_OBSERVATION_DATE_NO_INTRADAY_TIMESTAMP_CLAIM
2024-04-22,INNOVATION_DRUG,INNOVATION_DRUG_931152,DOMAIN_PRIMARY,CSI_INNOVATIVE_DRUG_INDUSTRY,931152,1504.61,1533.43,1502.54,1519.1,0.93,491363816.0,124.43,50.0,18.98,csindex:index_perf,931152,OFFICIAL_HISTORICAL_VALUATION_AVAILABLE,True,2024-04-22,OFFICIAL_DAILY_OBSERVATION_DATE_NO_INTRADAY_TIMESTAMP_CLAIM
2024-04-23,INNOVATION_DRUG,INNOVATION_DRUG_931152,DOMAIN_PRIMARY,CSI_INNOVATIVE_DRUG_INDUSTRY,931152,1511.49,1535.38,1485.25,1531.56,0.82,724527688.0,197.99,50.0,19.12,csindex:index_perf,931152,OFFICIAL_HISTORICAL_VALUATION_AVAILABLE,True,2024-04-23,OFFICIAL_DAILY_OBSERVATION_DATE_NO_INTRADAY_TIMESTAMP_CLAIM
2024-04-24,INNOVATION_DRUG,INNOVATION_DRUG_931152,DOMAIN_PRIMARY,CSI_INNOVATIVE_DRUG_INDUSTRY,931152,1526.76,1528.3,1512.08,1523.94,-0.5,620135127.0,151.75,50.0,19.0,csindex:index_perf,931152,OFFICIAL_HISTORICAL_VALUATION_AVAILABLE,True,2024-04-24,OFFICIAL_DAILY_OBSERVATION_DATE_NO_INTRADAY_TIMESTAMP_CLAIM
2024-04-25,INNOVATION_DRUG,INNOVATION_DRUG_931152,DOMAIN_PRIMARY,CSI_INNOVATIVE_DRUG_INDUSTRY,931152,1518.17,1559.95,1517.47,1542.14,1.19,677885291.0,166.32,50.0,19.19,csindex:index_perf,931152,OFFICIAL_HISTORICAL_VALUATION_AVAILABLE,True,2024-04-25,OFFICIAL_DAILY_OBSERVATION_DATE_NO_INTRADAY_TIMESTAMP_CLAIM
2024-04-26,INNOVATION_DRUG,INNOVATION_DRUG_931152,DOMAIN_PRIMARY,CSI_INNOVATIVE_DRUG_INDUSTRY,931152,1534.49,1588.52,1534.17,1587.15,2.92,859439207.0,231.42,50.0,19.76,csindex:index_perf,931152,OFFICIAL_HISTORICAL_VALUATION_AVAILABLE,True,2024-04-26,OFFICIAL_DAILY_OBSERVATION_DATE_NO_INTRADAY_TIMESTAMP_CLAIM
2024-04-29,INNOVATION_DRUG,INNOVATION_DRUG_931152,DOMAIN_PRIMARY,CSI_INNOVATIVE_DRUG_INDUSTRY,931152,1585.14,1627.09,1584.61,1616.88,1.87,872052675.0,231.76,50.0,20.13,csindex:index_perf,931152,OFFICIAL_HISTORICAL_VALUATION_AVAILABLE,True,2024-04-29,OFFICIAL_DAILY_OBSERVATION_DATE_NO_INTRADAY_TIMESTAMP_CLAIM
2024-04-30,INNOVATION_DRUG,INNOVATION_DRUG_931152,DOMAIN_PRIMARY,CSI_INNOVATIVE_DRUG_INDUSTRY,931152,1612.45,1627.54,1603.8,1616.8,-0.01,692012051.0,178.17,50.0,20.1,csindex:index_perf,931152,OFFICIAL_HISTORICAL_VALUATION_AVAILABLE,True,2024-04-30,OFFICIAL_DAILY_OBSERVATION_DATE_NO_INTRADAY_TIMESTAMP_CLAIM
2024-05-06,INNOVATION_DRUG,INNOVATION_DRUG_931152,DOMAIN_PRIMARY,CSI_INNOVATIVE_DRUG_INDUSTRY,931152,1638.02,1672.46,1634.27,1661.95,2.79,902557190.0,247.73,50.0,26.88,csindex:index_perf,931152,OFFICIAL_HISTORICAL_VALUATION_AVAILABLE,True,2024-05-06,OFFICIAL_DAILY_OBSERVATION_DATE_NO_INTRADAY_TIMESTAMP_CLAIM
2024-05-07,INNOVATION_DRUG,INNOVATION_DRUG_931152,DOMAIN_PRIMARY,CSI_INNOVATIVE_DRUG_INDUSTRY,931152,1660.92,1668.22,1650.52,1662.72,0.05,629148456.0,167.57,50.0,26.89,csindex:index_perf,931152,OFFICIAL_HISTORICAL_VALUATION_AVAILABLE,True,2024-05-07,OFFICIAL_DAILY_OBSERVATION_DATE_NO_INTRADAY_TIMESTAMP_CLAIM
2024-05-08,INNOVATION_DRUG,INNOVATION_DRUG_931152,DOMAIN_PRIMARY,CSI_INNOVATIVE_DRUG_INDUSTRY,931152,1662.51,1671.31,1641.93,1646.79,-0.96,701005497.0,177.94,50.0,26.56,csindex:index_perf,931152,OFFICIAL_HISTORICAL_VALUATION_AVAILABLE,True,2024-05-08,OFFICIAL_DAILY_OBSERVATION_DATE_NO_INTRADAY_TIMESTAMP_CLAIM
2024-05-09,INNOVATION_DRUG,INNOVATION_DRUG_931152,DOMAIN_PRIMARY,CSI_INNOVATIVE_DRUG_INDUSTRY,931152,1647.88,1680.11,1640.24,1668.05,1.29,764173870.0,189.18,50.0,26.89,csindex:index_perf,931152,OFFICIAL_HISTORICAL_VALUATION_AVAILABLE,True,2024-05-09,OFFICIAL_DAILY_OBSERVATION_DATE_NO_INTRADAY_TIMESTAMP_CLAIM
2024-05-10,INNOVATION_DRUG,INNOVATION_DRUG_931152,DOMAIN_PRIMARY,CSI_INNOVATIVE_DRUG_INDUSTRY,931152,1668.24,1669.17,1645.3,1647.18,-1.25,685910058.0,166.29,50.0,26.59,csindex:index_perf,931152,OFFICIAL_HISTORICAL_VALUATION_AVAILABLE,True,2024-05-10,OFFICIAL_DAILY_OBSERVATION_DATE_NO_INTRADAY_TIMESTAMP_CLAIM
2024-05-13,INNOVATION_DRUG,INNOVATION_DRUG_931152,DOMAIN_PRIMARY,CSI_INNOVATIVE_DRUG_INDUSTRY,931152,1666.2,1667.43,1626.15,1629.8,-1.05,813096196.0,240.95,50.0,26.35,csindex:index_perf,931152,OFFICIAL_HISTORICAL_VALUATION_AVAILABLE,True,2024-05-13,OFFICIAL_DAILY_OBSERVATION_DATE_NO_INTRADAY_TIMESTAMP_CLAIM
2024-05-14,INNOVATION_DRUG,INNOVATION_DRUG_931152,DOMAIN_PRIMARY,CSI_INNOVATIVE_DRUG_INDUSTRY,931152,1627.3,1651.97,1627.29,1642.41,0.77,679960409.0,194.99,50.0,26.54,csindex:index_perf,931152,OFFICIAL_HISTORICAL_VALUATION_AVAILABLE,True,2024-05-14,OFFICIAL_DAILY_OBSERVATION_DATE_NO_INTRADAY_TIMESTAMP_CLAIM
2024-05-15,INNOVATION_DRUG,INNOVATION_DRUG_931152,DOMAIN_PRIMARY,CSI_INNOVATIVE_DRUG_INDUSTRY,931152,1638.64,1638.82,1610.79,1611.65,-1.87,525559883.0,146.49,50.0,26.03,csindex:index_perf,931152,OFFICIAL_HISTORICAL_VALUATION_AVAILABLE,True,2024-05-15,OFFICIAL_DAILY_OBSERVATION_DATE_NO_INTRADAY_TIMESTAMP_CLAIM
2024-05-16,INNOVATION_DRUG,INNOVATION_DRUG_931152,DOMAIN_PRIMARY,CSI_INNOVATIVE_DRUG_INDUSTRY,931152,1614.31,1617.91,1598.22,1604.34,-0.45,517627059.0,144.28,50.0,25.94,csindex:index_perf,931152,OFFICIAL_HISTORICAL_VALUATION_AVAILABLE,True,2024-05-16,OFFICIAL_DAILY_OBSERVATION_DATE_NO_INTRADAY_TIMESTAMP_CLAIM
2024-05-17,INNOVATION_DRUG,INNOVATION_DRUG_931152,DOMAIN_PRIMARY,CSI_INNOVATIVE_DRUG_INDUSTRY,931152,1607.38,1618.17,1591.48,1607.66,0.21,458639395.0,128.84,50.0,25.98,csindex:index_perf,931152,OFFICIAL_HISTORICAL_VALUATION_AVAILABLE,True,2024-05-17,OFFICIAL_DAILY_OBSERVATION_DATE_NO_INTRADAY_TIMESTAMP_CLAIM
2024-05-20,INNOVATION_DRUG,INNOVATION_DRUG_931152,DOMAIN_PRIMARY,CSI_INNOVATIVE_DRUG_INDUSTRY,931152,1603.84,1617.89,1599.15,1608.23,0.03,482453109.0,130.68,50.0,25.94,csindex:index_perf,931152,OFFICIAL_HISTORICAL_VALUATION_AVAILABLE,True,2024-05-20,OFFICIAL_DAILY_OBSERVATION_DATE_NO_INTRADAY_TIMESTAMP_CLAIM
2024-05-21,INNOVATION_DRUG,INNOVATION_DRUG_931152,DOMAIN_PRIMARY,CSI_INNOVATIVE_DRUG_INDUSTRY,931152,1604.63,1604.63,1581.2,1587.38,-1.3,451767691.0,120.93,50.0,25.64,csindex:index_perf,931152,OFFICIAL_HISTORICAL_VALUATION_AVAILABLE,True,2024-05-21,OFFICIAL_DAILY_OBSERVATION_DATE_NO_INTRADAY_TIMESTAMP_CLAIM
2024-05-22,INNOVATION_DRUG,INNOVATION_DRUG_931152,DOMAIN_PRIMARY,CSI_INNOVATIVE_DRUG_INDUSTRY,931152,1590.8,1593.47,1574.14,1584.36,-0.19,405873410.0,110.28,50.0,25.58,csindex:index_perf,931152,OFFICIAL_HISTORICAL_VALUATION_AVAILABLE,True,2024-05-22,OFFICIAL_DAILY_OBSERVATION_DATE_NO_INTRADAY_TIMESTAMP_CLAIM
2024-05-23,INNOVATION_DRUG,INNOVATION_DRUG_931152,DOMAIN_PRIMARY,CSI_INNOVATIVE_DRUG_INDUSTRY,931152,1581.71,1581.91,1548.61,1551.92,-2.05,446282426.0,111.7,50.0,25.12,csindex:index_perf,931152,OFFICIAL_HISTORICAL_VALUATION_AVAILABLE,True,2024-05-23,OFFICIAL_DAILY_OBSERVATION_DATE_NO_INTRADAY_TIMESTAMP_CLAIM
2024-05-24,INNOVATION_DRUG,INNOVATION_DRUG_931152,DOMAIN_PRIMARY,CSI_INNOVATIVE_DRUG_INDUSTRY,931152,1551.91,1560.76,1534.11,1534.55,-1.12,399275812.0,104.82,50.0,24.86,csindex:index_perf,931152,OFFICIAL_HISTORICAL_VALUATION_AVAILABLE,True,2024-05-24,OFFICIAL_DAILY_OBSERVATION_DATE_NO_INTRADAY_TIMESTAMP_CLAIM
2024-05-27,INNOVATION_DRUG,INNOVATION_DRUG_931152,DOMAIN_PRIMARY,CSI_INNOVATIVE_DRUG_INDUSTRY,931152,1536.28,1540.65,1510.06,1540.39,0.38,459397253.0,119.58,50.0,25.01,csindex:index_perf,931152,OFFICIAL_HISTORICAL_VALUATION_AVAILABLE,True,2024-05-27,OFFICIAL_DAILY_OBSERVATION_DATE_NO_INTRADAY_TIMESTAMP_CLAIM
2024-05-28,INNOVATION_DRUG,INNOVATION_DRUG_931152,DOMAIN_PRIMARY,CSI_INNOVATIVE_DRUG_INDUSTRY,931152,1535.49,1544.74,1524.17,1530.42,-0.65,365428068.0,97.06,50.0,24.88,csindex:index_perf,931152,OFFICIAL_HISTORICAL_VALUATION_AVAILABLE,True,2024-05-28,OFFICIAL_DAILY_OBSERVATION_DATE_NO_INTRADAY_TIMESTAMP_CLAIM
2024-05-29,INNOVATION_DRUG,INNOVATION_DRUG_931152,DOMAIN_PRIMARY,CSI_INNOVATIVE_DRUG_INDUSTRY,931152,1525.99,1537.67,1517.46,1522.54,-0.51,326771719.0,83.44,50.0,24.8,csindex:index_perf,931152,OFFICIAL_HISTORICAL_VALUATION_AVAILABLE,True,2024-05-29,OFFICIAL_DAILY_OBSERVATION_DATE_NO_INTRADAY_TIMESTAMP_CLAIM
2024-05-30,INNOVATION_DRUG,INNOVATION_DRUG_931152,DOMAIN_PRIMARY,CSI_INNOVATIVE_DRUG_INDUSTRY,931152,1519.55,1533.52,1510.5,1522.69,0.01,328698912.0,78.28,50.0,24.8,csindex:index_perf,931152,OFFICIAL_HISTORICAL_VALUATION_AVAILABLE,True,2024-05-30,OFFICIAL_DAILY_OBSERVATION_DATE_NO_INTRADAY_TIMESTAMP_CLAIM
2024-05-31,INNOVATION_DRUG,INNOVATION_DRUG_931152,DOMAIN_PRIMARY,CSI_INNOVATIVE_DRUG_INDUSTRY,931152,1535.51,1545.95,1522.64,1522.64,0.0,382647116.0,97.72,50.0,24.77,csindex:index_perf,931152,OFFICIAL_HISTORICAL_VALUATION_AVAILABLE,True,2024-05-31,OFFICIAL_DAILY_OBSERVATION_DATE_NO_INTRADAY_TIMESTAMP_CLAIM
2024-06-03,INNOVATION_DRUG,INNOVATION_DRUG_931152,DOMAIN_PRIMARY,CSI_INNOVATIVE_DRUG_INDUSTRY,931152,1516.15,1523.11,1497.16,1505.9,-1.1,475708015.0,111.16,50.0,24.54,csindex:index_perf,931152,OFFICIAL_HISTORICAL_VALUATION_AVAILABLE,True,2024-06-03,OFFICIAL_DAILY_OBSERVATION_DATE_NO_INTRADAY_TIMESTAMP_CLAIM
2024-06-04,INNOVATION_DRUG,INNOVATION_DRUG_931152,DOMAIN_PRIMARY,CSI_INNOVATIVE_DRUG_INDUSTRY,931152,1503.89,1543.47,1502.85,1539.3,2.22,480335272.0,131.99,50.0,25.09,csindex:index_perf,931152,OFFICIAL_HISTORICAL_VALUATION_AVAILABLE,True,2024-06-04,OFFICIAL_DAILY_OBSERVATION_DATE_NO_INTRADAY_TIMESTAMP_CLAIM
2024-06-05,INNOVATION_DRUG,INNOVATION_DRUG_931152,DOMAIN_PRIMARY,CSI_INNOVATIVE_DRUG_INDUSTRY,931152,1536.81,1556.9,1532.66,1536.38,-0.19,401461349.0,102.75,50.0,25.05,csindex:index_perf,931152,OFFICIAL_HISTORICAL_VALUATION_AVAILABLE,True,2024-06-05,OFFICIAL_DAILY_OBSERVATION_DATE_NO_INTRADAY_TIMESTAMP_CLAIM
2024-06-06,INNOVATION_DRUG,INNOVATION_DRUG_931152,DOMAIN_PRIMARY,CSI_INNOVATIVE_DRUG_INDUSTRY,931152,1535.76,1544.44,1511.71,1514.86,-1.4,459822577.0,115.16,50.0,24.74,csindex:index_perf,931152,OFFICIAL_HISTORICAL_VALUATION_AVAILABLE,True,2024-06-06,OFFICIAL_DAILY_OBSERVATION_DATE_NO_INTRADAY_TIMESTAMP_CLAIM
2024-06-07,INNOVATION_DRUG,INNOVATION_DRUG_931152,DOMAIN_PRIMARY,CSI_INNOVATIVE_DRUG_INDUSTRY,931152,1521.88,1526.3,1500.19,1503.93,-0.72,381265098.0,97.56,50.0,24.53,csindex:index_perf,931152,OFFICIAL_HISTORICAL_VALUATION_AVAILABLE,True,2024-06-07,OFFICIAL_DAILY_OBSERVATION_DATE_NO_INTRADAY_TIMESTAMP_CLAIM
2024-06-11,INNOVATION_DRUG,INNOVATION_DRUG_931152,DOMAIN_PRIMARY,CSI_INNOVATIVE_DRUG_INDUSTRY,931152,1500.09,1524.99,1488.56,1522.0,1.2,408780565.0,101.59,50.0,24.76,csindex:index_perf,931152,OFFICIAL_HISTORICAL_VALUATION_AVAILABLE,True,2024-06-11,OFFICIAL_DAILY_OBSERVATION_DATE_NO_INTRADAY_TIMESTAMP_CLAIM
2024-06-12,INNOVATION_DRUG,INNOVATION_DRUG_931152,DOMAIN_PRIMARY,CSI_INNOVATIVE_DRUG_INDUSTRY,931152,1519.21,1550.5,1513.45,1532.08,0.66,568138489.0,165.48,50.0,24.91,csindex:index_perf,931152,OFFICIAL_HISTORICAL_VALUATION_AVAILABLE,True,2024-06-12,OFFICIAL_DAILY_OBSERVATION_DATE_NO_INTRADAY_TIMESTAMP_CLAIM
2024-06-13,INNOVATION_DRUG,INNOVATION_DRUG_931152,DOMAIN_PRIMARY,CSI_INNOVATIVE_DRUG_INDUSTRY,931152,1532.93,1540.17,1523.06,1526.71,-0.35,488754679.0,139.81,50.0,24.83,csindex:index_perf,931152,OFFICIAL_HISTORICAL_VALUATION_AVAILABLE,True,2024-06-13,OFFICIAL_DAILY_OBSERVATION_DATE_NO_INTRADAY_TIMESTAMP_CLAIM
2024-06-14,INNOVATION_DRUG,INNOVATION_DRUG_931152,DOMAIN_PRIMARY,CSI_INNOVATIVE_DRUG_INDUSTRY,931152,1521.25,1521.68,1493.18,1508.38,-1.2,640232310.0,182.06,50.0,24.56,csindex:index_perf,931152,OFFICIAL_HISTORICAL_VALUATION_AVAILABLE,True,2024-06-14,OFFICIAL_DAILY_OBSERVATION_DATE_NO_INTRADAY_TIMESTAMP_CLAIM
2024-06-17,INNOVATION_DRUG,INNOVATION_DRUG_931152,DOMAIN_PRIMARY,CSI_INNOVATIVE_DRUG_INDUSTRY,931152,1499.41,1516.73,1499.12,1514.16,0.38,418386526.0,114.42,50.0,23.77,csindex:index_perf,931152,OFFICIAL_HISTORICAL_VALUATION_AVAILABLE,True,2024-06-17,OFFICIAL_DAILY_OBSERVATION_DATE_NO_INTRADAY_TIMESTAMP_CLAIM
2024-06-18,INNOVATION_DRUG,INNOVATION_DRUG_931152,DOMAIN_PRIMARY,CSI_INNOVATIVE_DRUG_INDUSTRY,931152,1513.16,1515.88,1493.08,1497.51,-1.1,479729963.0,125.71,50.0,23.5,csindex:index_perf,931152,OFFICIAL_HISTORICAL_VALUATION_AVAILABLE,True,2024-06-18,OFFICIAL_DAILY_OBSERVATION_DATE_NO_INTRADAY_TIMESTAMP_CLAIM
2024-06-19,INNOVATION_DRUG,INNOVATION_DRUG_931152,DOMAIN_PRIMARY,CSI_INNOVATIVE_DRUG_INDUSTRY,931152,1496.39,1498.64,1476.45,1476.45,-1.41,399084947.0,96.66,50.0,23.19,csindex:index_perf,931152,OFFICIAL_HISTORICAL_VALUATION_AVAILABLE,True,2024-06-19,OFFICIAL_DAILY_OBSERVATION_DATE_NO_INTRADAY_TIMESTAMP_CLAIM
2024-06-20,INNOVATION_DRUG,INNOVATION_DRUG_931152,DOMAIN_PRIMARY,CSI_INNOVATIVE_DRUG_INDUSTRY,931152,1476.04,1492.98,1451.34,1451.51,-1.69,505976581.0,124.75,50.0,22.81,csindex:index_perf,931152,OFFICIAL_HISTORICAL_VALUATION_AVAILABLE,True,2024-06-20,OFFICIAL_DAILY_OBSERVATION_DATE_NO_INTRADAY_TIMESTAMP_CLAIM
2024-06-21,INNOVATION_DRUG,INNOVATION_DRUG_931152,DOMAIN_PRIMARY,CSI_INNOVATIVE_DRUG_INDUSTRY,931152,1449.27,1467.84,1442.74,1456.77,0.36,439983234.0,105.81,50.0,22.84,csindex:index_perf,931152,OFFICIAL_HISTORICAL_VALUATION_AVAILABLE,True,2024-06-21,OFFICIAL_DAILY_OBSERVATION_DATE_NO_INTRADAY_TIMESTAMP_CLAIM
2024-06-24,INNOVATION_DRUG,INNOVATION_DRUG_931152,DOMAIN_PRIMARY,CSI_INNOVATIVE_DRUG_INDUSTRY,931152,1448.99,1453.28,1431.03,1433.5,-1.6,442599012.0,102.48,50.0,22.58,csindex:index_perf,931152,OFFICIAL_HISTORICAL_VALUATION_AVAILABLE,True,2024-06-24,OFFICIAL_DAILY_OBSERVATION_DATE_NO_INTRADAY_TIMESTAMP_CLAIM
2024-06-25,INNOVATION_DRUG,INNOVATION_DRUG_931152,DOMAIN_PRIMARY,CSI_INNOVATIVE_DRUG_INDUSTRY,931152,1434.87,1439.28,1414.79,1421.05,-0.87,425942711.0,96.45,50.0,22.35,csindex:index_perf,931152,OFFICIAL_HISTORICAL_VALUATION_AVAILABLE,True,2024-06-25,OFFICIAL_DAILY_OBSERVATION_DATE_NO_INTRADAY_TIMESTAMP_CLAIM
2024-06-26,INNOVATION_DRUG,INNOVATION_DRUG_931152,DOMAIN_PRIMARY,CSI_INNOVATIVE_DRUG_INDUSTRY,931152,1417.78,1449.38,1413.32,1447.86,1.89,460724560.0,103.57,50.0,22.73,csindex:index_perf,931152,OFFICIAL_HISTORICAL_VALUATION_AVAILABLE,True,2024-06-26,OFFICIAL_DAILY_OBSERVATION_DATE_NO_INTRADAY_TIMESTAMP_CLAIM
2024-06-27,INNOVATION_DRUG,INNOVATION_DRUG_931152,DOMAIN_PRIMARY,CSI_INNOVATIVE_DRUG_INDUSTRY,931152,1441.38,1441.58,1414.71,1415.79,-2.21,407629498.0,94.41,50.0,22.28,csindex:index_perf,931152,OFFICIAL_HISTORICAL_VALUATION_AVAILABLE,True,2024-06-27,OFFICIAL_DAILY_OBSERVATION_DATE_NO_INTRADAY_TIMESTAMP_CLAIM
2024-06-28,INNOVATION_DRUG,INNOVATION_DRUG_931152,DOMAIN_PRIMARY,CSI_INNOVATIVE_DRUG_INDUSTRY,931152,1412.84,1426.74,1396.53,1400.36,-1.09,431218826.0,100.44,50.0,22.03,csindex:index_perf,931152,OFFICIAL_HISTORICAL_VALUATION_AVAILABLE,True,2024-06-28,OFFICIAL_DAILY_OBSERVATION_DATE_NO_INTRADAY_TIMESTAMP_CLAIM
2024-07-01,INNOVATION_DRUG,INNOVATION_DRUG_931152,DOMAIN_PRIMARY,CSI_INNOVATIVE_DRUG_INDUSTRY,931152,1399.34,1408.79,1380.05,1403.55,0.23,402674029.0,91.88,50.0,22.1,csindex:index_perf,931152,OFFICIAL_HISTORICAL_VALUATION_AVAILABLE,True,2024-07-01,OFFICIAL_DAILY_OBSERVATION_DATE_NO_INTRADAY_TIMESTAMP_CLAIM
2024-07-02,INNOVATION_DRUG,INNOVATION_DRUG_931152,DOMAIN_PRIMARY,CSI_INNOVATIVE_DRUG_INDUSTRY,931152,1402.38,1405.16,1385.36,1389.17,-1.02,366067861.0,80.93,50.0,21.84,csindex:index_perf,931152,OFFICIAL_HISTORICAL_VALUATION_AVAILABLE,True,2024-07-02,OFFICIAL_DAILY_OBSERVATION_DATE_NO_INTRADAY_TIMESTAMP_CLAIM
2024-07-03,INNOVATION_DRUG,INNOVATION_DRUG_931152,DOMAIN_PRIMARY,CSI_INNOVATIVE_DRUG_INDUSTRY,931152,1388.69,1401.61,1379.17,1384.02,-0.37,401484615.0,99.35,50.0,21.81,csindex:index_perf,931152,OFFICIAL_HISTORICAL_VALUATION_AVAILABLE,True,2024-07-03,OFFICIAL_DAILY_OBSERVATION_DATE_NO_INTRADAY_TIMESTAMP_CLAIM
2024-07-04,INNOVATION_DRUG,INNOVATION_DRUG_931152,DOMAIN_PRIMARY,CSI_INNOVATIVE_DRUG_INDUSTRY,931152,1381.65,1385.33,1350.87,1353.33,-2.22,433929809.0,96.96,50.0,21.38,csindex:index_perf,931152,OFFICIAL_HISTORICAL_VALUATION_AVAILABLE,True,2024-07-04,OFFICIAL_DAILY_OBSERVATION_DATE_NO_INTRADAY_TIMESTAMP_CLAIM
2024-07-05,INNOVATION_DRUG,INNOVATION_DRUG_931152,DOMAIN_PRIMARY,CSI_INNOVATIVE_DRUG_INDUSTRY,931152,1352.54,1410.27,1346.23,1404.42,3.77,555901413.0,131.71,50.0,22.15,csindex:index_perf,931152,OFFICIAL_HISTORICAL_VALUATION_AVAILABLE,True,2024-07-05,OFFICIAL_DAILY_OBSERVATION_DATE_NO_INTRADAY_TIMESTAMP_CLAIM
2024-07-08,INNOVATION_DRUG,INNOVATION_DRUG_931152,DOMAIN_PRIMARY,CSI_INNOVATIVE_DRUG_INDUSTRY,931152,1399.15,1399.63,1361.18,1365.31,-2.78,452965604.0,108.86,50.0,21.6,csindex:index_perf,931152,OFFICIAL_HISTORICAL_VALUATION_AVAILABLE,True,2024-07-08,OFFICIAL_DAILY_OBSERVATION_DATE_NO_INTRADAY_TIMESTAMP_CLAIM
2024-07-09,INNOVATION_DRUG,INNOVATION_DRUG_931152,DOMAIN_PRIMARY,CSI_INNOVATIVE_DRUG_INDUSTRY,931152,1362.46,1373.03,1342.23,1367.3,0.14,466431548.0,108.08,50.0,21.66,csindex:index_perf,931152,OFFICIAL_HISTORICAL_VALUATION_AVAILABLE,True,2024-07-09,OFFICIAL_DAILY_OBSERVATION_DATE_NO_INTRADAY_TIMESTAMP_CLAIM
2024-07-10,INNOVATION_DRUG,INNOVATION_DRUG_931152,DOMAIN_PRIMARY,CSI_INNOVATIVE_DRUG_INDUSTRY,931152,1362.02,1386.01,1356.3,1368.48,0.09,378894521.0,89.62,50.0,21.69,csindex:index_perf,931152,OFFICIAL_HISTORICAL_VALUATION_AVAILABLE,True,2024-07-10,OFFICIAL_DAILY_OBSERVATION_DATE_NO_INTRADAY_TIMESTAMP_CLAIM
2024-07-11,INNOVATION_DRUG,INNOVATION_DRUG_931152,DOMAIN_PRIMARY,CSI_INNOVATIVE_DRUG_INDUSTRY,931152,1385.29,1415.38,1375.68,1406.43,2.77,635181037.0,140.22,50.0,22.23,csindex:index_perf,931152,OFFICIAL_HISTORICAL_VALUATION_AVAILABLE,True,2024-07-11,OFFICIAL_DAILY_OBSERVATION_DATE_NO_INTRADAY_TIMESTAMP_CLAIM
2024-07-12,INNOVATION_DRUG,INNOVATION_DRUG_931152,DOMAIN_PRIMARY,CSI_INNOVATIVE_DRUG_INDUSTRY,931152,1408.92,1427.09,1408.71,1419.99,0.96,492529758.0,113.68,50.0,22.44,csindex:index_perf,931152,OFFICIAL_HISTORICAL_VALUATION_AVAILABLE,True,2024-07-12,OFFICIAL_DAILY_OBSERVATION_DATE_NO_INTRADAY_TIMESTAMP_CLAIM
2024-07-15,INNOVATION_DRUG,INNOVATION_DRUG_931152,DOMAIN_PRIMARY,CSI_INNOVATIVE_DRUG_INDUSTRY,931152,1412.67,1418.21,1394.63,1402.49,-1.23,367306996.0,85.76,50.0,22.22,csindex:index_perf,931152,OFFICIAL_HISTORICAL_VALUATION_AVAILABLE,True,2024-07-15,OFFICIAL_DAILY_OBSERVATION_DATE_NO_INTRADAY_TIMESTAMP_CLAIM
2024-07-16,INNOVATION_DRUG,INNOVATION_DRUG_931152,DOMAIN_PRIMARY,CSI_INNOVATIVE_DRUG_INDUSTRY,931152,1398.27,1408.66,1396.49,1406.7,0.3,313308091.0,75.19,50.0,22.32,csindex:index_perf,931152,OFFICIAL_HISTORICAL_VALUATION_AVAILABLE,True,2024-07-16,OFFICIAL_DAILY_OBSERVATION_DATE_NO_INTRADAY_TIMESTAMP_CLAIM
2024-07-17,INNOVATION_DRUG,INNOVATION_DRUG_931152,DOMAIN_PRIMARY,CSI_INNOVATIVE_DRUG_INDUSTRY,931152,1404.05,1439.8,1403.48,1433.95,1.94,503649448.0,125.95,50.0,22.76,csindex:index_perf,931152,OFFICIAL_HISTORICAL_VALUATION_AVAILABLE,True,2024-07-17,OFFICIAL_DAILY_OBSERVATION_DATE_NO_INTRADAY_TIMESTAMP_CLAIM
2024-07-18,INNOVATION_DRUG,INNOVATION_DRUG_931152,DOMAIN_PRIMARY,CSI_INNOVATIVE_DRUG_INDUSTRY,931152,1427.54,1445.27,1419.82,1443.34,0.65,526844616.0,116.06,50.0,22.91,csindex:index_perf,931152,OFFICIAL_HISTORICAL_VALUATION_AVAILABLE,True,2024-07-18,OFFICIAL_DAILY_OBSERVATION_DATE_NO_INTRADAY_TIMESTAMP_CLAIM
2024-07-19,INNOVATION_DRUG,INNOVATION_DRUG_931152,DOMAIN_PRIMARY,CSI_INNOVATIVE_DRUG_INDUSTRY,931152,1438.5,1457.6,1432.29,1448.66,0.37,483234788.0,110.3,50.0,23.04,csindex:index_perf,931152,OFFICIAL_HISTORICAL_VALUATION_AVAILABLE,True,2024-07-19,OFFICIAL_DAILY_OBSERVATION_DATE_NO_INTRADAY_TIMESTAMP_CLAIM
2024-07-22,INNOVATION_DRUG,INNOVATION_DRUG_931152,DOMAIN_PRIMARY,CSI_INNOVATIVE_DRUG_INDUSTRY,931152,1446.98,1469.58,1438.74,1459.81,0.77,500092005.0,122.09,50.0,23.21,csindex:index_perf,931152,OFFICIAL_HISTORICAL_VALUATION_AVAILABLE,True,2024-07-22,OFFICIAL_DAILY_OBSERVATION_DATE_NO_INTRADAY_TIMESTAMP_CLAIM
2024-07-23,INNOVATION_DRUG,INNOVATION_DRUG_931152,DOMAIN_PRIMARY,CSI_INNOVATIVE_DRUG_INDUSTRY,931152,1457.37,1457.37,1407.89,1407.91,-3.55,527084213.0,126.12,50.0,22.35,csindex:index_perf,931152,OFFICIAL_HISTORICAL_VALUATION_AVAILABLE,True,2024-07-23,OFFICIAL_DAILY_OBSERVATION_DATE_NO_INTRADAY_TIMESTAMP_CLAIM
2024-07-24,INNOVATION_DRUG,INNOVATION_DRUG_931152,DOMAIN_PRIMARY,CSI_INNOVATIVE_DRUG_INDUSTRY,931152,1406.31,1421.31,1389.87,1392.43,-1.1,436346207.0,98.72,50.0,22.17,csindex:index_perf,931152,OFFICIAL_HISTORICAL_VALUATION_AVAILABLE,True,2024-07-24,OFFICIAL_DAILY_OBSERVATION_DATE_NO_INTRADAY_TIMESTAMP_CLAIM
2024-07-25,INNOVATION_DRUG,INNOVATION_DRUG_931152,DOMAIN_PRIMARY,CSI_INNOVATIVE_DRUG_INDUSTRY,931152,1387.04,1411.44,1382.07,1397.78,0.38,393989298.0,90.05,50.0,22.24,csindex:index_perf,931152,OFFICIAL_HISTORICAL_VALUATION_AVAILABLE,True,2024-07-25,OFFICIAL_DAILY_OBSERVATION_DATE_NO_INTRADAY_TIMESTAMP_CLAIM
2024-07-26,INNOVATION_DRUG,INNOVATION_DRUG_931152,DOMAIN_PRIMARY,CSI_INNOVATIVE_DRUG_INDUSTRY,931152,1397.93,1406.19,1387.57,1395.94,-0.13,382446369.0,85.32,50.0,22.18,csindex:index_perf,931152,OFFICIAL_HISTORICAL_VALUATION_AVAILABLE,True,2024-07-26,OFFICIAL_DAILY_OBSERVATION_DATE_NO_INTRADAY_TIMESTAMP_CLAIM
2024-07-29,INNOVATION_DRUG,INNOVATION_DRUG_931152,DOMAIN_PRIMARY,CSI_INNOVATIVE_DRUG_INDUSTRY,931152,1396.59,1396.59,1378.38,1381.09,-1.06,356667149.0,81.5,50.0,21.94,csindex:index_perf,931152,OFFICIAL_HISTORICAL_VALUATION_AVAILABLE,True,2024-07-29,OFFICIAL_DAILY_OBSERVATION_DATE_NO_INTRADAY_TIMESTAMP_CLAIM
2024-07-30,INNOVATION_DRUG,INNOVATION_DRUG_931152,DOMAIN_PRIMARY,CSI_INNOVATIVE_DRUG_INDUSTRY,931152,1384.78,1398.07,1376.52,1382.21,0.08,491511279.0,125.05,50.0,21.92,csindex:index_perf,931152,OFFICIAL_HISTORICAL_VALUATION_AVAILABLE,True,2024-07-30,OFFICIAL_DAILY_OBSERVATION_DATE_NO_INTRADAY_TIMESTAMP_CLAIM
2024-07-31,INNOVATION_DRUG,INNOVATION_DRUG_931152,DOMAIN_PRIMARY,CSI_INNOVATIVE_DRUG_INDUSTRY,931152,1379.83,1455.44,1375.93,1455.12,5.27,794497940.0,186.55,50.0,23.02,csindex:index_perf,931152,OFFICIAL_HISTORICAL_VALUATION_AVAILABLE,True,2024-07-31,OFFICIAL_DAILY_OBSERVATION_DATE_NO_INTRADAY_TIMESTAMP_CLAIM
2024-08-01,INNOVATION_DRUG,INNOVATION_DRUG_931152,DOMAIN_PRIMARY,CSI_INNOVATIVE_DRUG_INDUSTRY,931152,1454.92,1467.37,1436.35,1443.73,-0.78,550633152.0,127.77,50.0,22.81,csindex:index_perf,931152,OFFICIAL_HISTORICAL_VALUATION_AVAILABLE,True,2024-08-01,OFFICIAL_DAILY_OBSERVATION_DATE_NO_INTRADAY_TIMESTAMP_CLAIM
2024-08-02,INNOVATION_DRUG,INNOVATION_DRUG_931152,DOMAIN_PRIMARY,CSI_INNOVATIVE_DRUG_INDUSTRY,931152,1440.32,1483.14,1438.42,1454.89,0.77,688855908.0,163.46,50.0,22.97,csindex:index_perf,931152,OFFICIAL_HISTORICAL_VALUATION_AVAILABLE,True,2024-08-02,OFFICIAL_DAILY_OBSERVATION_DATE_NO_INTRADAY_TIMESTAMP_CLAIM
2024-08-05,INNOVATION_DRUG,INNOVATION_DRUG_931152,DOMAIN_PRIMARY,CSI_INNOVATIVE_DRUG_INDUSTRY,931152,1451.99,1491.5,1448.15,1448.54,-0.44,768713704.0,176.27,50.0,22.91,csindex:index_perf,931152,OFFICIAL_HISTORICAL_VALUATION_AVAILABLE,True,2024-08-05,OFFICIAL_DAILY_OBSERVATION_DATE_NO_INTRADAY_TIMESTAMP_CLAIM
2024-08-06,INNOVATION_DRUG,INNOVATION_DRUG_931152,DOMAIN_PRIMARY,CSI_INNOVATIVE_DRUG_INDUSTRY,931152,1457.51,1477.51,1452.53,1473.95,1.75,595347889.0,141.1,50.0,23.26,csindex:index_perf,931152,OFFICIAL_HISTORICAL_VALUATION_AVAILABLE,True,2024-08-06,OFFICIAL_DAILY_OBSERVATION_DATE_NO_INTRADAY_TIMESTAMP_CLAIM
2024-08-07,INNOVATION_DRUG,INNOVATION_DRUG_931152,DOMAIN_PRIMARY,CSI_INNOVATIVE_DRUG_INDUSTRY,931152,1470.53,1470.96,1453.24,1461.13,-0.87,467889764.0,107.25,50.0,23.05,csindex:index_perf,931152,OFFICIAL_HISTORICAL_VALUATION_AVAILABLE,True,2024-08-07,OFFICIAL_DAILY_OBSERVATION_DATE_NO_INTRADAY_TIMESTAMP_CLAIM
2024-08-08,INNOVATION_DRUG,INNOVATION_DRUG_931152,DOMAIN_PRIMARY,CSI_INNOVATIVE_DRUG_INDUSTRY,931152,1458.53,1476.81,1457.84,1461.22,0.01,501645513.0,114.05,50.0,23.05,csindex:index_perf,931152,OFFICIAL_HISTORICAL_VALUATION_AVAILABLE,True,2024-08-08,OFFICIAL_DAILY_OBSERVATION_DATE_NO_INTRADAY_TIMESTAMP_CLAIM
2024-08-09,INNOVATION_DRUG,INNOVATION_DRUG_931152,DOMAIN_PRIMARY,CSI_INNOVATIVE_DRUG_INDUSTRY,931152,1465.58,1474.74,1438.09,1438.09,-1.58,538756804.0,120.22,50.0,22.75,csindex:index_perf,931152,OFFICIAL_HISTORICAL_VALUATION_AVAILABLE,True,2024-08-09,OFFICIAL_DAILY_OBSERVATION_DATE_NO_INTRADAY_TIMESTAMP_CLAIM
2024-08-12,INNOVATION_DRUG,INNOVATION_DRUG_931152,DOMAIN_PRIMARY,CSI_INNOVATIVE_DRUG_INDUSTRY,931152,1439.32,1467.2,1435.0,1453.85,1.09,607545491.0,127.63,50.0,23.05,csindex:index_perf,931152,OFFICIAL_HISTORICAL_VALUATION_AVAILABLE,True,2024-08-12,OFFICIAL_DAILY_OBSERVATION_DATE_NO_INTRADAY_TIMESTAMP_CLAIM
2024-08-13,INNOVATION_DRUG,INNOVATION_DRUG_931152,DOMAIN_PRIMARY,CSI_INNOVATIVE_DRUG_INDUSTRY,931152,1454.09,1455.04,1429.2,1442.92,-0.75,496119083.0,109.28,50.0,22.84,csindex:index_perf,931152,OFFICIAL_HISTORICAL_VALUATION_AVAILABLE,True,2024-08-13,OFFICIAL_DAILY_OBSERVATION_DATE_NO_INTRADAY_TIMESTAMP_CLAIM
2024-08-14,INNOVATION_DRUG,INNOVATION_DRUG_931152,DOMAIN_PRIMARY,CSI_INNOVATIVE_DRUG_INDUSTRY,931152,1442.04,1442.04,1413.93,1417.95,-1.73,391825268.0,87.86,50.0,22.46,csindex:index_perf,931152,OFFICIAL_HISTORICAL_VALUATION_AVAILABLE,True,2024-08-14,OFFICIAL_DAILY_OBSERVATION_DATE_NO_INTRADAY_TIMESTAMP_CLAIM
2024-08-15,INNOVATION_DRUG,INNOVATION_DRUG_931152,DOMAIN_PRIMARY,CSI_INNOVATIVE_DRUG_INDUSTRY,931152,1417.83,1443.0,1412.9,1428.93,0.77,475757152.0,103.93,50.0,22.69,csindex:index_perf,931152,OFFICIAL_HISTORICAL_VALUATION_AVAILABLE,True,2024-08-15,OFFICIAL_DAILY_OBSERVATION_DATE_NO_INTRADAY_TIMESTAMP_CLAIM
2024-08-16,INNOVATION_DRUG,INNOVATION_DRUG_931152,DOMAIN_PRIMARY,CSI_INNOVATIVE_DRUG_INDUSTRY,931152,1425.59,1440.54,1413.76,1437.27,0.58,471132050.0,108.5,50.0,22.85,csindex:index_perf,931152,OFFICIAL_HISTORICAL_VALUATION_AVAILABLE,True,2024-08-16,OFFICIAL_DAILY_OBSERVATION_DATE_NO_INTRADAY_TIMESTAMP_CLAIM
2024-08-19,INNOVATION_DRUG,INNOVATION_DRUG_931152,DOMAIN_PRIMARY,CSI_INNOVATIVE_DRUG_INDUSTRY,931152,1436.96,1449.89,1422.25,1425.19,-0.84,434127179.0,100.98,50.0,22.64,csindex:index_perf,931152,OFFICIAL_HISTORICAL_VALUATION_AVAILABLE,True,2024-08-19,OFFICIAL_DAILY_OBSERVATION_DATE_NO_INTRADAY_TIMESTAMP_CLAIM
2024-08-20,INNOVATION_DRUG,INNOVATION_DRUG_931152,DOMAIN_PRIMARY,CSI_INNOVATIVE_DRUG_INDUSTRY,931152,1424.96,1425.23,1397.16,1402.29,-1.61,410626330.0,92.48,50.0,22.37,csindex:index_perf,931152,OFFICIAL_HISTORICAL_VALUATION_AVAILABLE,True,2024-08-20,OFFICIAL_DAILY_OBSERVATION_DATE_NO_INTRADAY_TIMESTAMP_CLAIM
2024-08-21,INNOVATION_DRUG,INNOVATION_DRUG_931152,DOMAIN_PRIMARY,CSI_INNOVATIVE_DRUG_INDUSTRY,931152,1398.71,1406.28,1386.56,1387.8,-1.03,412557467.0,95.11,50.0,22.15,csindex:index_perf,931152,OFFICIAL_HISTORICAL_VALUATION_AVAILABLE,True,2024-08-21,OFFICIAL_DAILY_OBSERVATION_DATE_NO_INTRADAY_TIMESTAMP_CLAIM
2024-08-22,INNOVATION_DRUG,INNOVATION_DRUG_931152,DOMAIN_PRIMARY,CSI_INNOVATIVE_DRUG_INDUSTRY,931152,1391.73,1399.16,1376.28,1378.63,-0.66,433346952.0,111.58,50.0,22.15,csindex:index_perf,931152,OFFICIAL_HISTORICAL_VALUATION_AVAILABLE,True,2024-08-22,OFFICIAL_DAILY_OBSERVATION_DATE_NO_INTRADAY_TIMESTAMP_CLAIM
2024-08-23,INNOVATION_DRUG,INNOVATION_DRUG_931152,DOMAIN_PRIMARY,CSI_INNOVATIVE_DRUG_INDUSTRY,931152,1375.2,1379.19,1364.39,1370.76,-0.57,351025835.0,83.94,50.0,22.03,csindex:index_perf,931152,OFFICIAL_HISTORICAL_VALUATION_AVAILABLE,True,2024-08-23,OFFICIAL_DAILY_OBSERVATION_DATE_NO_INTRADAY_TIMESTAMP_CLAIM
2024-08-26,INNOVATION_DRUG,INNOVATION_DRUG_931152,DOMAIN_PRIMARY,CSI_INNOVATIVE_DRUG_INDUSTRY,931152,1370.47,1377.75,1359.83,1376.14,0.39,415452932.0,97.09,50.0,22.1,csindex:index_perf,931152,OFFICIAL_HISTORICAL_VALUATION_AVAILABLE,True,2024-08-26,OFFICIAL_DAILY_OBSERVATION_DATE_NO_INTRADAY_TIMESTAMP_CLAIM
2024-08-27,INNOVATION_DRUG,INNOVATION_DRUG_931152,DOMAIN_PRIMARY,CSI_INNOVATIVE_DRUG_INDUSTRY,931152,1373.89,1390.5,1371.85,1379.2,0.22,390438960.0,84.86,50.0,22.15,csindex:index_perf,931152,OFFICIAL_HISTORICAL_VALUATION_AVAILABLE,True,2024-08-27,OFFICIAL_DAILY_OBSERVATION_DATE_NO_INTRADAY_TIMESTAMP_CLAIM
2024-08-28,INNOVATION_DRUG,INNOVATION_DRUG_931152,DOMAIN_PRIMARY,CSI_INNOVATIVE_DRUG_INDUSTRY,931152,1374.35,1391.85,1368.83,1381.13,0.14,359791523.0,78.8,50.0,22.19,csindex:index_perf,931152,OFFICIAL_HISTORICAL_VALUATION_AVAILABLE,True,2024-08-28,OFFICIAL_DAILY_OBSERVATION_DATE_NO_INTRADAY_TIMESTAMP_CLAIM
2024-08-29,INNOVATION_DRUG,INNOVATION_DRUG_931152,DOMAIN_PRIMARY,CSI_INNOVATIVE_DRUG_INDUSTRY,931152,1377.66,1404.3,1375.44,1399.76,1.35,446143424.0,104.17,50.0,22.48,csindex:index_perf,931152,OFFICIAL_HISTORICAL_VALUATION_AVAILABLE,True,2024-08-29,OFFICIAL_DAILY_OBSERVATION_DATE_NO_INTRADAY_TIMESTAMP_CLAIM
2024-08-30,INNOVATION_DRUG,INNOVATION_DRUG_931152,DOMAIN_PRIMARY,CSI_INNOVATIVE_DRUG_INDUSTRY,931152,1399.45,1420.4,1391.26,1402.82,0.22,603847811.0,134.98,50.0,22.5,csindex:index_perf,931152,OFFICIAL_HISTORICAL_VALUATION_AVAILABLE,True,2024-08-30,OFFICIAL_DAILY_OBSERVATION_DATE_NO_INTRADAY_TIMESTAMP_CLAIM
2024-09-02,INNOVATION_DRUG,INNOVATION_DRUG_931152,DOMAIN_PRIMARY,CSI_INNOVATIVE_DRUG_INDUSTRY,931152,1401.5,1402.83,1376.8,1377.26,-1.82,539655342.0,116.19,50.0,21.89,csindex:index_perf,931152,OFFICIAL_HISTORICAL_VALUATION_AVAILABLE,True,2024-09-02,OFFICIAL_DAILY_OBSERVATION_DATE_NO_INTRADAY_TIMESTAMP_CLAIM
2024-09-03,INNOVATION_DRUG,INNOVATION_DRUG_931152,DOMAIN_PRIMARY,CSI_INNOVATIVE_DRUG_INDUSTRY,931152,1374.71,1405.5,1371.66,1391.34,1.02,412632808.0,95.77,50.0,22.14,csindex:index_perf,931152,OFFICIAL_HISTORICAL_VALUATION_AVAILABLE,True,2024-09-03,OFFICIAL_DAILY_OBSERVATION_DATE_NO_INTRADAY_TIMESTAMP_CLAIM
2024-09-04,INNOVATION_DRUG,INNOVATION_DRUG_931152,DOMAIN_PRIMARY,CSI_INNOVATIVE_DRUG_INDUSTRY,931152,1386.42,1411.47,1382.52,1393.83,0.18,376203125.0,87.01,50.0,22.19,csindex:index_perf,931152,OFFICIAL_HISTORICAL_VALUATION_AVAILABLE,True,2024-09-04,OFFICIAL_DAILY_OBSERVATION_DATE_NO_INTRADAY_TIMESTAMP_CLAIM
2024-09-05,INNOVATION_DRUG,INNOVATION_DRUG_931152,DOMAIN_PRIMARY,CSI_INNOVATIVE_DRUG_INDUSTRY,931152,1394.62,1414.08,1394.62,1406.46,0.91,371613552.0,84.13,50.0,22.39,csindex:index_perf,931152,OFFICIAL_HISTORICAL_VALUATION_AVAILABLE,True,2024-09-05,OFFICIAL_DAILY_OBSERVATION_DATE_NO_INTRADAY_TIMESTAMP_CLAIM
2024-09-06,INNOVATION_DRUG,INNOVATION_DRUG_931152,DOMAIN_PRIMARY,CSI_INNOVATIVE_DRUG_INDUSTRY,931152,1407.75,1409.19,1380.36,1380.42,-1.85,315274749.0,69.66,50.0,22.0,csindex:index_perf,931152,OFFICIAL_HISTORICAL_VALUATION_AVAILABLE,True,2024-09-06,OFFICIAL_DAILY_OBSERVATION_DATE_NO_INTRADAY_TIMESTAMP_CLAIM
2024-09-09,INNOVATION_DRUG,INNOVATION_DRUG_931152,DOMAIN_PRIMARY,CSI_INNOVATIVE_DRUG_INDUSTRY,931152,1378.99,1401.21,1375.31,1380.84,0.03,413974403.0,99.12,50.0,22.03,csindex:index_perf,931152,OFFICIAL_HISTORICAL_VALUATION_AVAILABLE,True,2024-09-09,OFFICIAL_DAILY_OBSERVATION_DATE_NO_INTRADAY_TIMESTAMP_CLAIM
2024-09-10,INNOVATION_DRUG,INNOVATION_DRUG_931152,DOMAIN_PRIMARY,CSI_INNOVATIVE_DRUG_INDUSTRY,931152,1380.02,1381.71,1350.84,1366.87,-1.01,448195152.0,106.53,50.0,21.81,csindex:index_perf,931152,OFFICIAL_HISTORICAL_VALUATION_AVAILABLE,True,2024-09-10,OFFICIAL_DAILY_OBSERVATION_DATE_NO_INTRADAY_TIMESTAMP_CLAIM
2024-09-11,INNOVATION_DRUG,INNOVATION_DRUG_931152,DOMAIN_PRIMARY,CSI_INNOVATIVE_DRUG_INDUSTRY,931152,1363.46,1391.69,1360.63,1389.25,1.64,414796950.0,105.38,50.0,22.15,csindex:index_perf,931152,OFFICIAL_HISTORICAL_VALUATION_AVAILABLE,True,2024-09-11,OFFICIAL_DAILY_OBSERVATION_DATE_NO_INTRADAY_TIMESTAMP_CLAIM
2024-09-12,INNOVATION_DRUG,INNOVATION_DRUG_931152,DOMAIN_PRIMARY,CSI_INNOVATIVE_DRUG_INDUSTRY,931152,1388.72,1407.35,1377.4,1377.59,-0.84,420795559.0,108.56,50.0,21.98,csindex:index_perf,931152,OFFICIAL_HISTORICAL_VALUATION_AVAILABLE,True,2024-09-12,OFFICIAL_DAILY_OBSERVATION_DATE_NO_INTRADAY_TIMESTAMP_CLAIM
2024-09-13,INNOVATION_DRUG,INNOVATION_DRUG_931152,DOMAIN_PRIMARY,CSI_INNOVATIVE_DRUG_INDUSTRY,931152,1378.99,1382.65,1367.85,1368.31,-0.67,385317775.0,93.96,50.0,21.82,csindex:index_perf,931152,OFFICIAL_HISTORICAL_VALUATION_AVAILABLE,True,2024-09-13,OFFICIAL_DAILY_OBSERVATION_DATE_NO_INTRADAY_TIMESTAMP_CLAIM
2024-09-18,INNOVATION_DRUG,INNOVATION_DRUG_931152,DOMAIN_PRIMARY,CSI_INNOVATIVE_DRUG_INDUSTRY,931152,1367.13,1375.84,1359.05,1370.99,0.19,338240499.0,77.53,50.0,21.91,csindex:index_perf,931152,OFFICIAL_HISTORICAL_VALUATION_AVAILABLE,True,2024-09-18,OFFICIAL_DAILY_OBSERVATION_DATE_NO_INTRADAY_TIMESTAMP_CLAIM
2024-09-19,INNOVATION_DRUG,INNOVATION_DRUG_931152,DOMAIN_PRIMARY,CSI_INNOVATIVE_DRUG_INDUSTRY,931152,1376.93,1398.97,1362.41,1381.49,0.77,447493056.0,106.54,50.0,22.04,csindex:index_perf,931152,OFFICIAL_HISTORICAL_VALUATION_AVAILABLE,True,2024-09-19,OFFICIAL_DAILY_OBSERVATION_DATE_NO_INTRADAY_TIMESTAMP_CLAIM
2024-09-20,INNOVATION_DRUG,INNOVATION_DRUG_931152,DOMAIN_PRIMARY,CSI_INNOVATIVE_DRUG_INDUSTRY,931152,1378.26,1378.26,1347.01,1355.98,-1.85,453043853.0,116.79,50.0,21.55,csindex:index_perf,931152,OFFICIAL_HISTORICAL_VALUATION_AVAILABLE,True,2024-09-20,OFFICIAL_DAILY_OBSERVATION_DATE_NO_INTRADAY_TIMESTAMP_CLAIM
2024-09-23,INNOVATION_DRUG,INNOVATION_DRUG_931152,DOMAIN_PRIMARY,CSI_INNOVATIVE_DRUG_INDUSTRY,931152,1372.64,1382.34,1349.24,1350.16,-0.43,488712805.0,130.72,50.0,21.47,csindex:index_perf,931152,OFFICIAL_HISTORICAL_VALUATION_AVAILABLE,True,2024-09-23,OFFICIAL_DAILY_OBSERVATION_DATE_NO_INTRADAY_TIMESTAMP_CLAIM
2024-09-24,INNOVATION_DRUG,INNOVATION_DRUG_931152,DOMAIN_PRIMARY,CSI_INNOVATIVE_DRUG_INDUSTRY,931152,1360.26,1386.73,1339.47,1386.73,2.71,695071516.0,168.12,50.0,22.03,csindex:index_perf,931152,OFFICIAL_HISTORICAL_VALUATION_AVAILABLE,True,2024-09-24,OFFICIAL_DAILY_OBSERVATION_DATE_NO_INTRADAY_TIMESTAMP_CLAIM
2024-09-25,INNOVATION_DRUG,INNOVATION_DRUG_931152,DOMAIN_PRIMARY,CSI_INNOVATIVE_DRUG_INDUSTRY,931152,1399.94,1429.92,1399.94,1402.95,1.17,845548795.0,212.56,50.0,22.28,csindex:index_perf,931152,OFFICIAL_HISTORICAL_VALUATION_AVAILABLE,True,2024-09-25,OFFICIAL_DAILY_OBSERVATION_DATE_NO_INTRADAY_TIMESTAMP_CLAIM
2024-09-26,INNOVATION_DRUG,INNOVATION_DRUG_931152,DOMAIN_PRIMARY,CSI_INNOVATIVE_DRUG_INDUSTRY,931152,1396.69,1459.49,1389.66,1459.49,4.03,792423312.0,197.31,50.0,23.23,csindex:index_perf,931152,OFFICIAL_HISTORICAL_VALUATION_AVAILABLE,True,2024-09-26,OFFICIAL_DAILY_OBSERVATION_DATE_NO_INTRADAY_TIMESTAMP_CLAIM
2024-09-27,INNOVATION_DRUG,INNOVATION_DRUG_931152,DOMAIN_PRIMARY,CSI_INNOVATIVE_DRUG_INDUSTRY,931152,1482.63,1569.54,1482.63,1556.99,6.68,1019371254.0,267.45,50.0,24.72,csindex:index_perf,931152,OFFICIAL_HISTORICAL_VALUATION_AVAILABLE,True,2024-09-27,OFFICIAL_DAILY_OBSERVATION_DATE_NO_INTRADAY_TIMESTAMP_CLAIM
2024-09-30,INNOVATION_DRUG,INNOVATION_DRUG_931152,DOMAIN_PRIMARY,CSI_INNOVATIVE_DRUG_INDUSTRY,931152,1635.21,1732.55,1616.42,1726.24,10.87,1832086407.0,503.7,50.0,27.25,csindex:index_perf,931152,OFFICIAL_HISTORICAL_VALUATION_AVAILABLE,True,2024-09-30,OFFICIAL_DAILY_OBSERVATION_DATE_NO_INTRADAY_TIMESTAMP_CLAIM
2024-10-08,INNOVATION_DRUG,INNOVATION_DRUG_931152,DOMAIN_PRIMARY,CSI_INNOVATIVE_DRUG_INDUSTRY,931152,1942.12,1942.12,1787.24,1883.52,9.11,2263244038.0,716.39,50.0,29.71,csindex:index_perf,931152,OFFICIAL_HISTORICAL_VALUATION_AVAILABLE,True,2024-10-08,OFFICIAL_DAILY_OBSERVATION_DATE_NO_INTRADAY_TIMESTAMP_CLAIM
2024-10-09,INNOVATION_DRUG,INNOVATION_DRUG_931152,DOMAIN_PRIMARY,CSI_INNOVATIVE_DRUG_INDUSTRY,931152,1840.4,1869.72,1742.98,1751.96,-6.98,1741498474.0,550.15,50.0,27.57,csindex:index_perf,931152,OFFICIAL_HISTORICAL_VALUATION_AVAILABLE,True,2024-10-09,OFFICIAL_DAILY_OBSERVATION_DATE_NO_INTRADAY_TIMESTAMP_CLAIM
2024-10-10,INNOVATION_DRUG,INNOVATION_DRUG_931152,DOMAIN_PRIMARY,CSI_INNOVATIVE_DRUG_INDUSTRY,931152,1760.91,1811.75,1722.04,1737.03,-0.85,1161829110.0,358.08,50.0,27.48,csindex:index_perf,931152,OFFICIAL_HISTORICAL_VALUATION_AVAILABLE,True,2024-10-10,OFFICIAL_DAILY_OBSERVATION_DATE_NO_INTRADAY_TIMESTAMP_CLAIM
2024-10-11,INNOVATION_DRUG,INNOVATION_DRUG_931152,DOMAIN_PRIMARY,CSI_INNOVATIVE_DRUG_INDUSTRY,931152,1723.97,1723.97,1623.03,1642.51,-5.44,974087583.0,281.17,50.0,26.04,csindex:index_perf,931152,OFFICIAL_HISTORICAL_VALUATION_AVAILABLE,True,2024-10-11,OFFICIAL_DAILY_OBSERVATION_DATE_NO_INTRADAY_TIMESTAMP_CLAIM
2024-10-14,INNOVATION_DRUG,INNOVATION_DRUG_931152,DOMAIN_PRIMARY,CSI_INNOVATIVE_DRUG_INDUSTRY,931152,1648.89,1667.67,1608.32,1662.78,1.23,854862236.0,242.71,50.0,26.43,csindex:index_perf,931152,OFFICIAL_HISTORICAL_VALUATION_AVAILABLE,True,2024-10-14,OFFICIAL_DAILY_OBSERVATION_DATE_NO_INTRADAY_TIMESTAMP_CLAIM
2024-10-15,INNOVATION_DRUG,INNOVATION_DRUG_931152,DOMAIN_PRIMARY,CSI_INNOVATIVE_DRUG_INDUSTRY,931152,1660.75,1678.86,1621.09,1621.24,-2.5,723307714.0,203.6,50.0,25.79,csindex:index_perf,931152,OFFICIAL_HISTORICAL_VALUATION_AVAILABLE,True,2024-10-15,OFFICIAL_DAILY_OBSERVATION_DATE_NO_INTRADAY_TIMESTAMP_CLAIM
2024-10-16,INNOVATION_DRUG,INNOVATION_DRUG_931152,DOMAIN_PRIMARY,CSI_INNOVATIVE_DRUG_INDUSTRY,931152,1597.27,1622.17,1587.76,1597.54,-1.46,672080952.0,180.89,50.0,25.39,csindex:index_perf,931152,OFFICIAL_HISTORICAL_VALUATION_AVAILABLE,True,2024-10-16,OFFICIAL_DAILY_OBSERVATION_DATE_NO_INTRADAY_TIMESTAMP_CLAIM
2024-10-17,INNOVATION_DRUG,INNOVATION_DRUG_931152,DOMAIN_PRIMARY,CSI_INNOVATIVE_DRUG_INDUSTRY,931152,1605.25,1625.91,1589.41,1589.41,-0.51,666448973.0,174.72,50.0,25.32,csindex:index_perf,931152,OFFICIAL_HISTORICAL_VALUATION_AVAILABLE,True,2024-10-17,OFFICIAL_DAILY_OBSERVATION_DATE_NO_INTRADAY_TIMESTAMP_CLAIM
2024-10-18,INNOVATION_DRUG,INNOVATION_DRUG_931152,DOMAIN_PRIMARY,CSI_INNOVATIVE_DRUG_INDUSTRY,931152,1585.18,1697.26,1581.95,1655.24,4.14,1123513102.0,308.2,50.0,26.3,csindex:index_perf,931152,OFFICIAL_HISTORICAL_VALUATION_AVAILABLE,True,2024-10-18,OFFICIAL_DAILY_OBSERVATION_DATE_NO_INTRADAY_TIMESTAMP_CLAIM
2024-10-21,INNOVATION_DRUG,INNOVATION_DRUG_931152,DOMAIN_PRIMARY,CSI_INNOVATIVE_DRUG_INDUSTRY,931152,1661.28,1687.76,1631.05,1666.68,0.69,964437206.0,268.94,50.0,26.44,csindex:index_perf,931152,OFFICIAL_HISTORICAL_VALUATION_AVAILABLE,True,2024-10-21,OFFICIAL_DAILY_OBSERVATION_DATE_NO_INTRADAY_TIMESTAMP_CLAIM
2024-10-22,INNOVATION_DRUG,INNOVATION_DRUG_931152,DOMAIN_PRIMARY,CSI_INNOVATIVE_DRUG_INDUSTRY,931152,1661.8,1687.63,1657.79,1674.34,0.46,809954493.0,223.3,50.0,26.57,csindex:index_perf,931152,OFFICIAL_HISTORICAL_VALUATION_AVAILABLE,True,2024-10-22,OFFICIAL_DAILY_OBSERVATION_DATE_NO_INTRADAY_TIMESTAMP_CLAIM
2024-10-23,INNOVATION_DRUG,INNOVATION_DRUG_931152,DOMAIN_PRIMARY,CSI_INNOVATIVE_DRUG_INDUSTRY,931152,1674.57,1688.87,1657.48,1674.61,0.02,867309988.0,243.58,50.0,26.54,csindex:index_perf,931152,OFFICIAL_HISTORICAL_VALUATION_AVAILABLE,True,2024-10-23,OFFICIAL_DAILY_OBSERVATION_DATE_NO_INTRADAY_TIMESTAMP_CLAIM
2024-10-24,INNOVATION_DRUG,INNOVATION_DRUG_931152,DOMAIN_PRIMARY,CSI_INNOVATIVE_DRUG_INDUSTRY,931152,1671.99,1686.89,1654.07,1658.0,-0.99,978688300.0,266.11,50.0,26.13,csindex:index_perf,931152,OFFICIAL_HISTORICAL_VALUATION_AVAILABLE,True,2024-10-24,OFFICIAL_DAILY_OBSERVATION_DATE_NO_INTRADAY_TIMESTAMP_CLAIM
2024-10-25,INNOVATION_DRUG,INNOVATION_DRUG_931152,DOMAIN_PRIMARY,CSI_INNOVATIVE_DRUG_INDUSTRY,931152,1650.73,1692.7,1637.96,1683.5,1.54,1185846663.0,345.57,50.0,26.44,csindex:index_perf,931152,OFFICIAL_HISTORICAL_VALUATION_AVAILABLE,True,2024-10-25,OFFICIAL_DAILY_OBSERVATION_DATE_NO_INTRADAY_TIMESTAMP_CLAIM
2024-10-28,INNOVATION_DRUG,INNOVATION_DRUG_931152,DOMAIN_PRIMARY,CSI_INNOVATIVE_DRUG_INDUSTRY,931152,1678.19,1708.16,1670.36,1705.73,1.32,1060356310.0,296.12,50.0,26.76,csindex:index_perf,931152,OFFICIAL_HISTORICAL_VALUATION_AVAILABLE,True,2024-10-28,OFFICIAL_DAILY_OBSERVATION_DATE_NO_INTRADAY_TIMESTAMP_CLAIM
2024-10-29,INNOVATION_DRUG,INNOVATION_DRUG_931152,DOMAIN_PRIMARY,CSI_INNOVATIVE_DRUG_INDUSTRY,931152,1721.0,1725.16,1666.78,1669.18,-2.14,1037701277.0,295.3,50.0,26.26,csindex:index_perf,931152,OFFICIAL_HISTORICAL_VALUATION_AVAILABLE,True,2024-10-29,OFFICIAL_DAILY_OBSERVATION_DATE_NO_INTRADAY_TIMESTAMP_CLAIM
2024-10-30,INNOVATION_DRUG,INNOVATION_DRUG_931152,DOMAIN_PRIMARY,CSI_INNOVATIVE_DRUG_INDUSTRY,931152,1662.62,1681.17,1628.04,1641.28,-1.67,838846145.0,235.81,50.0,25.78,csindex:index_perf,931152,OFFICIAL_HISTORICAL_VALUATION_AVAILABLE,True,2024-10-30,OFFICIAL_DAILY_OBSERVATION_DATE_NO_INTRADAY_TIMESTAMP_CLAIM
2024-10-31,INNOVATION_DRUG,INNOVATION_DRUG_931152,DOMAIN_PRIMARY,CSI_INNOVATIVE_DRUG_INDUSTRY,931152,1637.99,1653.12,1623.42,1631.4,-0.6,840850286.0,219.3,50.0,25.61,csindex:index_perf,931152,OFFICIAL_HISTORICAL_VALUATION_AVAILABLE,True,2024-10-31,OFFICIAL_DAILY_OBSERVATION_DATE_NO_INTRADAY_TIMESTAMP_CLAIM
2024-11-01,INNOVATION_DRUG,INNOVATION_DRUG_931152,DOMAIN_PRIMARY,CSI_INNOVATIVE_DRUG_INDUSTRY,931152,1628.12,1655.37,1621.37,1631.19,-0.01,869967126.0,227.95,50.0,26.93,csindex:index_perf,931152,OFFICIAL_HISTORICAL_VALUATION_AVAILABLE,True,2024-11-01,OFFICIAL_DAILY_OBSERVATION_DATE_NO_INTRADAY_TIMESTAMP_CLAIM
2024-11-04,INNOVATION_DRUG,INNOVATION_DRUG_931152,DOMAIN_PRIMARY,CSI_INNOVATIVE_DRUG_INDUSTRY,931152,1637.8,1664.5,1637.8,1654.12,1.4,704911328.0,186.06,50.0,27.28,csindex:index_perf,931152,OFFICIAL_HISTORICAL_VALUATION_AVAILABLE,True,2024-11-04,OFFICIAL_DAILY_OBSERVATION_DATE_NO_INTRADAY_TIMESTAMP_CLAIM
2024-11-05,INNOVATION_DRUG,INNOVATION_DRUG_931152,DOMAIN_PRIMARY,CSI_INNOVATIVE_DRUG_INDUSTRY,931152,1652.72,1692.28,1638.23,1690.15,2.18,1001238587.0,273.33,50.0,27.82,csindex:index_perf,931152,OFFICIAL_HISTORICAL_VALUATION_AVAILABLE,True,2024-11-05,OFFICIAL_DAILY_OBSERVATION_DATE_NO_INTRADAY_TIMESTAMP_CLAIM
2024-11-06,INNOVATION_DRUG,INNOVATION_DRUG_931152,DOMAIN_PRIMARY,CSI_INNOVATIVE_DRUG_INDUSTRY,931152,1690.23,1717.96,1676.99,1691.24,0.06,1035895383.0,299.67,50.0,27.83,csindex:index_perf,931152,OFFICIAL_HISTORICAL_VALUATION_AVAILABLE,True,2024-11-06,OFFICIAL_DAILY_OBSERVATION_DATE_NO_INTRADAY_TIMESTAMP_CLAIM
2024-11-07,INNOVATION_DRUG,INNOVATION_DRUG_931152,DOMAIN_PRIMARY,CSI_INNOVATIVE_DRUG_INDUSTRY,931152,1674.38,1733.33,1672.87,1733.33,2.49,1043576022.0,298.66,50.0,28.55,csindex:index_perf,931152,OFFICIAL_HISTORICAL_VALUATION_AVAILABLE,True,2024-11-07,OFFICIAL_DAILY_OBSERVATION_DATE_NO_INTRADAY_TIMESTAMP_CLAIM
2024-11-08,INNOVATION_DRUG,INNOVATION_DRUG_931152,DOMAIN_PRIMARY,CSI_INNOVATIVE_DRUG_INDUSTRY,931152,1751.49,1756.94,1712.58,1717.81,-0.89,1048117402.0,301.35,50.0,28.26,csindex:index_perf,931152,OFFICIAL_HISTORICAL_VALUATION_AVAILABLE,True,2024-11-08,OFFICIAL_DAILY_OBSERVATION_DATE_NO_INTRADAY_TIMESTAMP_CLAIM
2024-11-11,INNOVATION_DRUG,INNOVATION_DRUG_931152,DOMAIN_PRIMARY,CSI_INNOVATIVE_DRUG_INDUSTRY,931152,1705.14,1744.62,1694.02,1743.1,1.47,1021446009.0,287.99,50.0,28.56,csindex:index_perf,931152,OFFICIAL_HISTORICAL_VALUATION_AVAILABLE,True,2024-11-11,OFFICIAL_DAILY_OBSERVATION_DATE_NO_INTRADAY_TIMESTAMP_CLAIM
2024-11-12,INNOVATION_DRUG,INNOVATION_DRUG_931152,DOMAIN_PRIMARY,CSI_INNOVATIVE_DRUG_INDUSTRY,931152,1744.8,1807.45,1744.8,1758.81,0.9,1506465176.0,437.36,50.0,28.84,csindex:index_perf,931152,OFFICIAL_HISTORICAL_VALUATION_AVAILABLE,True,2024-11-12,OFFICIAL_DAILY_OBSERVATION_DATE_NO_INTRADAY_TIMESTAMP_CLAIM
2024-11-13,INNOVATION_DRUG,INNOVATION_DRUG_931152,DOMAIN_PRIMARY,CSI_INNOVATIVE_DRUG_INDUSTRY,931152,1746.7,1766.01,1714.9,1738.92,-1.13,904385250.0,256.63,50.0,28.55,csindex:index_perf,931152,OFFICIAL_HISTORICAL_VALUATION_AVAILABLE,True,2024-11-13,OFFICIAL_DAILY_OBSERVATION_DATE_NO_INTRADAY_TIMESTAMP_CLAIM
2024-11-14,INNOVATION_DRUG,INNOVATION_DRUG_931152,DOMAIN_PRIMARY,CSI_INNOVATIVE_DRUG_INDUSTRY,931152,1735.94,1736.63,1684.63,1686.36,-3.02,790149861.0,222.84,50.0,27.76,csindex:index_perf,931152,OFFICIAL_HISTORICAL_VALUATION_AVAILABLE,True,2024-11-14,OFFICIAL_DAILY_OBSERVATION_DATE_NO_INTRADAY_TIMESTAMP_CLAIM
2024-11-15,INNOVATION_DRUG,INNOVATION_DRUG_931152,DOMAIN_PRIMARY,CSI_INNOVATIVE_DRUG_INDUSTRY,931152,1680.19,1691.57,1653.37,1653.37,-1.96,684559775.0,188.57,50.0,27.24,csindex:index_perf,931152,OFFICIAL_HISTORICAL_VALUATION_AVAILABLE,True,2024-11-15,OFFICIAL_DAILY_OBSERVATION_DATE_NO_INTRADAY_TIMESTAMP_CLAIM
2024-11-18,INNOVATION_DRUG,INNOVATION_DRUG_931152,DOMAIN_PRIMARY,CSI_INNOVATIVE_DRUG_INDUSTRY,931152,1655.18,1664.65,1618.4,1626.01,-1.65,692502865.0,192.11,50.0,26.87,csindex:index_perf,931152,OFFICIAL_HISTORICAL_VALUATION_AVAILABLE,True,2024-11-18,OFFICIAL_DAILY_OBSERVATION_DATE_NO_INTRADAY_TIMESTAMP_CLAIM
2024-11-19,INNOVATION_DRUG,INNOVATION_DRUG_931152,DOMAIN_PRIMARY,CSI_INNOVATIVE_DRUG_INDUSTRY,931152,1632.11,1647.88,1609.92,1642.9,1.04,576878718.0,156.11,50.0,27.13,csindex:index_perf,931152,OFFICIAL_HISTORICAL_VALUATION_AVAILABLE,True,2024-11-19,OFFICIAL_DAILY_OBSERVATION_DATE_NO_INTRADAY_TIMESTAMP_CLAIM
2024-11-20,INNOVATION_DRUG,INNOVATION_DRUG_931152,DOMAIN_PRIMARY,CSI_INNOVATIVE_DRUG_INDUSTRY,931152,1639.26,1707.39,1638.92,1697.35,3.31,885693824.0,274.08,50.0,28.17,csindex:index_perf,931152,OFFICIAL_HISTORICAL_VALUATION_AVAILABLE,True,2024-11-20,OFFICIAL_DAILY_OBSERVATION_DATE_NO_INTRADAY_TIMESTAMP_CLAIM
2024-11-21,INNOVATION_DRUG,INNOVATION_DRUG_931152,DOMAIN_PRIMARY,CSI_INNOVATIVE_DRUG_INDUSTRY,931152,1692.89,1710.3,1682.12,1694.11,-0.19,626994098.0,179.79,50.0,28.08,csindex:index_perf,931152,OFFICIAL_HISTORICAL_VALUATION_AVAILABLE,True,2024-11-21,OFFICIAL_DAILY_OBSERVATION_DATE_NO_INTRADAY_TIMESTAMP_CLAIM
2024-11-22,INNOVATION_DRUG,INNOVATION_DRUG_931152,DOMAIN_PRIMARY,CSI_INNOVATIVE_DRUG_INDUSTRY,931152,1691.6,1691.82,1621.11,1621.11,-4.31,738958229.0,200.51,50.0,26.88,csindex:index_perf,931152,OFFICIAL_HISTORICAL_VALUATION_AVAILABLE,True,2024-11-22,OFFICIAL_DAILY_OBSERVATION_DATE_NO_INTRADAY_TIMESTAMP_CLAIM
2024-11-25,INNOVATION_DRUG,INNOVATION_DRUG_931152,DOMAIN_PRIMARY,CSI_INNOVATIVE_DRUG_INDUSTRY,931152,1621.4,1639.74,1602.65,1621.69,0.03,540591420.0,151.61,50.0,26.84,csindex:index_perf,931152,OFFICIAL_HISTORICAL_VALUATION_AVAILABLE,True,2024-11-25,OFFICIAL_DAILY_OBSERVATION_DATE_NO_INTRADAY_TIMESTAMP_CLAIM
2024-11-26,INNOVATION_DRUG,INNOVATION_DRUG_931152,DOMAIN_PRIMARY,CSI_INNOVATIVE_DRUG_INDUSTRY,931152,1618.92,1657.38,1618.43,1625.04,0.21,489844747.0,138.71,50.0,27.02,csindex:index_perf,931152,OFFICIAL_HISTORICAL_VALUATION_AVAILABLE,True,2024-11-26,OFFICIAL_DAILY_OBSERVATION_DATE_NO_INTRADAY_TIMESTAMP_CLAIM
2024-11-27,INNOVATION_DRUG,INNOVATION_DRUG_931152,DOMAIN_PRIMARY,CSI_INNOVATIVE_DRUG_INDUSTRY,931152,1623.27,1664.98,1620.92,1664.87,2.45,604578747.0,172.65,50.0,27.68,csindex:index_perf,931152,OFFICIAL_HISTORICAL_VALUATION_AVAILABLE,True,2024-11-27,OFFICIAL_DAILY_OBSERVATION_DATE_NO_INTRADAY_TIMESTAMP_CLAIM
2024-11-28,INNOVATION_DRUG,INNOVATION_DRUG_931152,DOMAIN_PRIMARY,CSI_INNOVATIVE_DRUG_INDUSTRY,931152,1667.06,1679.19,1648.75,1651.48,-0.8,516452288.0,143.61,50.0,27.45,csindex:index_perf,931152,OFFICIAL_HISTORICAL_VALUATION_AVAILABLE,True,2024-11-28,OFFICIAL_DAILY_OBSERVATION_DATE_NO_INTRADAY_TIMESTAMP_CLAIM
2024-11-29,INNOVATION_DRUG,INNOVATION_DRUG_931152,DOMAIN_PRIMARY,CSI_INNOVATIVE_DRUG_INDUSTRY,931152,1656.32,1696.36,1652.26,1682.09,1.85,676840266.0,204.75,50.0,27.99,csindex:index_perf,931152,OFFICIAL_HISTORICAL_VALUATION_AVAILABLE,True,2024-11-29,OFFICIAL_DAILY_OBSERVATION_DATE_NO_INTRADAY_TIMESTAMP_CLAIM
2024-12-02,INNOVATION_DRUG,INNOVATION_DRUG_931152,DOMAIN_PRIMARY,CSI_INNOVATIVE_DRUG_INDUSTRY,931152,1682.83,1705.49,1674.82,1699.12,1.01,679968554.0,195.67,50.0,28.16,csindex:index_perf,931152,OFFICIAL_HISTORICAL_VALUATION_AVAILABLE,True,2024-12-02,OFFICIAL_DAILY_OBSERVATION_DATE_NO_INTRADAY_TIMESTAMP_CLAIM
2024-12-03,INNOVATION_DRUG,INNOVATION_DRUG_931152,DOMAIN_PRIMARY,CSI_INNOVATIVE_DRUG_INDUSTRY,931152,1695.86,1703.22,1682.49,1697.97,-0.07,551412472.0,166.15,50.0,28.05,csindex:index_perf,931152,OFFICIAL_HISTORICAL_VALUATION_AVAILABLE,True,2024-12-03,OFFICIAL_DAILY_OBSERVATION_DATE_NO_INTRADAY_TIMESTAMP_CLAIM
2024-12-04,INNOVATION_DRUG,INNOVATION_DRUG_931152,DOMAIN_PRIMARY,CSI_INNOVATIVE_DRUG_INDUSTRY,931152,1692.99,1692.99,1661.64,1668.63,-1.73,497682309.0,140.99,50.0,27.63,csindex:index_perf,931152,OFFICIAL_HISTORICAL_VALUATION_AVAILABLE,True,2024-12-04,OFFICIAL_DAILY_OBSERVATION_DATE_NO_INTRADAY_TIMESTAMP_CLAIM
2024-12-05,INNOVATION_DRUG,INNOVATION_DRUG_931152,DOMAIN_PRIMARY,CSI_INNOVATIVE_DRUG_INDUSTRY,931152,1665.81,1669.36,1652.63,1663.55,-0.3,391428131.0,113.65,50.0,27.52,csindex:index_perf,931152,OFFICIAL_HISTORICAL_VALUATION_AVAILABLE,True,2024-12-05,OFFICIAL_DAILY_OBSERVATION_DATE_NO_INTRADAY_TIMESTAMP_CLAIM
2024-12-06,INNOVATION_DRUG,INNOVATION_DRUG_931152,DOMAIN_PRIMARY,CSI_INNOVATIVE_DRUG_INDUSTRY,931152,1662.9,1717.05,1662.9,1707.73,2.66,768836017.0,228.05,50.0,28.19,csindex:index_perf,931152,OFFICIAL_HISTORICAL_VALUATION_AVAILABLE,True,2024-12-06,OFFICIAL_DAILY_OBSERVATION_DATE_NO_INTRADAY_TIMESTAMP_CLAIM
2024-12-09,INNOVATION_DRUG,INNOVATION_DRUG_931152,DOMAIN_PRIMARY,CSI_INNOVATIVE_DRUG_INDUSTRY,931152,1740.83,1744.6,1710.28,1716.76,0.53,859874616.0,264.99,50.0,28.34,csindex:index_perf,931152,OFFICIAL_HISTORICAL_VALUATION_AVAILABLE,True,2024-12-09,OFFICIAL_DAILY_OBSERVATION_DATE_NO_INTRADAY_TIMESTAMP_CLAIM
2024-12-10,INNOVATION_DRUG,INNOVATION_DRUG_931152,DOMAIN_PRIMARY,CSI_INNOVATIVE_DRUG_INDUSTRY,931152,1759.75,1760.45,1702.16,1705.41,-0.66,896006142.0,279.32,50.0,28.04,csindex:index_perf,931152,OFFICIAL_HISTORICAL_VALUATION_AVAILABLE,True,2024-12-10,OFFICIAL_DAILY_OBSERVATION_DATE_NO_INTRADAY_TIMESTAMP_CLAIM
2024-12-11,INNOVATION_DRUG,INNOVATION_DRUG_931152,DOMAIN_PRIMARY,CSI_INNOVATIVE_DRUG_INDUSTRY,931152,1701.17,1715.8,1699.37,1706.9,0.09,587200691.0,173.12,50.0,28.11,csindex:index_perf,931152,OFFICIAL_HISTORICAL_VALUATION_AVAILABLE,True,2024-12-11,OFFICIAL_DAILY_OBSERVATION_DATE_NO_INTRADAY_TIMESTAMP_CLAIM
2024-12-12,INNOVATION_DRUG,INNOVATION_DRUG_931152,DOMAIN_PRIMARY,CSI_INNOVATIVE_DRUG_INDUSTRY,931152,1703.97,1711.68,1693.75,1709.78,0.17,674593097.0,184.13,50.0,28.14,csindex:index_perf,931152,OFFICIAL_HISTORICAL_VALUATION_AVAILABLE,True,2024-12-12,OFFICIAL_DAILY_OBSERVATION_DATE_NO_INTRADAY_TIMESTAMP_CLAIM
2024-12-13,INNOVATION_DRUG,INNOVATION_DRUG_931152,DOMAIN_PRIMARY,CSI_INNOVATIVE_DRUG_INDUSTRY,931152,1701.25,1701.25,1674.53,1675.55,-2.0,921421393.0,263.16,50.0,27.56,csindex:index_perf,931152,OFFICIAL_HISTORICAL_VALUATION_AVAILABLE,True,2024-12-13,OFFICIAL_DAILY_OBSERVATION_DATE_NO_INTRADAY_TIMESTAMP_CLAIM
2024-12-16,INNOVATION_DRUG,INNOVATION_DRUG_931152,DOMAIN_PRIMARY,CSI_INNOVATIVE_DRUG_INDUSTRY,931152,1672.1,1676.19,1650.92,1656.52,-1.14,560780515.0,164.81,50.0,26.74,csindex:index_perf,931152,OFFICIAL_HISTORICAL_VALUATION_AVAILABLE,True,2024-12-16,OFFICIAL_DAILY_OBSERVATION_DATE_NO_INTRADAY_TIMESTAMP_CLAIM
2024-12-17,INNOVATION_DRUG,INNOVATION_DRUG_931152,DOMAIN_PRIMARY,CSI_INNOVATIVE_DRUG_INDUSTRY,931152,1654.71,1661.97,1640.62,1645.6,-0.66,467592295.0,126.75,50.0,26.66,csindex:index_perf,931152,OFFICIAL_HISTORICAL_VALUATION_AVAILABLE,True,2024-12-17,OFFICIAL_DAILY_OBSERVATION_DATE_NO_INTRADAY_TIMESTAMP_CLAIM
2024-12-18,INNOVATION_DRUG,INNOVATION_DRUG_931152,DOMAIN_PRIMARY,CSI_INNOVATIVE_DRUG_INDUSTRY,931152,1649.21,1656.61,1645.35,1647.49,0.11,350133045.0,99.31,50.0,26.69,csindex:index_perf,931152,OFFICIAL_HISTORICAL_VALUATION_AVAILABLE,True,2024-12-18,OFFICIAL_DAILY_OBSERVATION_DATE_NO_INTRADAY_TIMESTAMP_CLAIM
2024-12-19,INNOVATION_DRUG,INNOVATION_DRUG_931152,DOMAIN_PRIMARY,CSI_INNOVATIVE_DRUG_INDUSTRY,931152,1634.89,1647.19,1627.67,1643.1,-0.27,386344975.0,108.69,50.0,26.63,csindex:index_perf,931152,OFFICIAL_HISTORICAL_VALUATION_AVAILABLE,True,2024-12-19,OFFICIAL_DAILY_OBSERVATION_DATE_NO_INTRADAY_TIMESTAMP_CLAIM
2024-12-20,INNOVATION_DRUG,INNOVATION_DRUG_931152,DOMAIN_PRIMARY,CSI_INNOVATIVE_DRUG_INDUSTRY,931152,1642.01,1653.18,1639.58,1642.11,-0.06,381912878.0,107.36,50.0,26.58,csindex:index_perf,931152,OFFICIAL_HISTORICAL_VALUATION_AVAILABLE,True,2024-12-20,OFFICIAL_DAILY_OBSERVATION_DATE_NO_INTRADAY_TIMESTAMP_CLAIM
2024-12-23,INNOVATION_DRUG,INNOVATION_DRUG_931152,DOMAIN_PRIMARY,CSI_INNOVATIVE_DRUG_INDUSTRY,931152,1640.94,1640.94,1619.69,1619.69,-1.36,451148088.0,128.32,50.0,26.24,csindex:index_perf,931152,OFFICIAL_HISTORICAL_VALUATION_AVAILABLE,True,2024-12-23,OFFICIAL_DAILY_OBSERVATION_DATE_NO_INTRADAY_TIMESTAMP_CLAIM
2024-12-24,INNOVATION_DRUG,INNOVATION_DRUG_931152,DOMAIN_PRIMARY,CSI_INNOVATIVE_DRUG_INDUSTRY,931152,1619.39,1634.81,1619.39,1634.05,0.89,355010029.0,100.16,50.0,26.48,csindex:index_perf,931152,OFFICIAL_HISTORICAL_VALUATION_AVAILABLE,True,2024-12-24,OFFICIAL_DAILY_OBSERVATION_DATE_NO_INTRADAY_TIMESTAMP_CLAIM
2024-12-25,INNOVATION_DRUG,INNOVATION_DRUG_931152,DOMAIN_PRIMARY,CSI_INNOVATIVE_DRUG_INDUSTRY,931152,1643.96,1648.29,1613.52,1622.71,-0.69,385253955.0,115.73,50.0,26.36,csindex:index_perf,931152,OFFICIAL_HISTORICAL_VALUATION_AVAILABLE,True,2024-12-25,OFFICIAL_DAILY_OBSERVATION_DATE_NO_INTRADAY_TIMESTAMP_CLAIM
2024-12-26,INNOVATION_DRUG,INNOVATION_DRUG_931152,DOMAIN_PRIMARY,CSI_INNOVATIVE_DRUG_INDUSTRY,931152,1618.87,1624.72,1612.42,1614.33,-0.52,348367182.0,94.82,50.0,26.18,csindex:index_perf,931152,OFFICIAL_HISTORICAL_VALUATION_AVAILABLE,True,2024-12-26,OFFICIAL_DAILY_OBSERVATION_DATE_NO_INTRADAY_TIMESTAMP_CLAIM
2024-12-27,INNOVATION_DRUG,INNOVATION_DRUG_931152,DOMAIN_PRIMARY,CSI_INNOVATIVE_DRUG_INDUSTRY,931152,1612.82,1626.48,1607.51,1615.86,0.09,404304869.0,115.32,50.0,26.25,csindex:index_perf,931152,OFFICIAL_HISTORICAL_VALUATION_AVAILABLE,True,2024-12-27,OFFICIAL_DAILY_OBSERVATION_DATE_NO_INTRADAY_TIMESTAMP_CLAIM
2024-12-30,INNOVATION_DRUG,INNOVATION_DRUG_931152,DOMAIN_PRIMARY,CSI_INNOVATIVE_DRUG_INDUSTRY,931152,1615.51,1627.87,1610.87,1618.94,0.19,392296214.0,112.67,50.0,26.3,csindex:index_perf,931152,OFFICIAL_HISTORICAL_VALUATION_AVAILABLE,True,2024-12-30,OFFICIAL_DAILY_OBSERVATION_DATE_NO_INTRADAY_TIMESTAMP_CLAIM
2024-12-31,INNOVATION_DRUG,INNOVATION_DRUG_931152,DOMAIN_PRIMARY,CSI_INNOVATIVE_DRUG_INDUSTRY,931152,1618.95,1619.18,1586.89,1587.23,-1.96,498085311.0,130.53,50.0,25.84,csindex:index_perf,931152,OFFICIAL_HISTORICAL_VALUATION_AVAILABLE,True,2024-12-31,OFFICIAL_DAILY_OBSERVATION_DATE_NO_INTRADAY_TIMESTAMP_CLAIM
2025-01-02,INNOVATION_DRUG,INNOVATION_DRUG_931152,DOMAIN_PRIMARY,CSI_INNOVATIVE_DRUG_INDUSTRY,931152,1588.62,1592.66,1538.0,1548.58,-2.44,554821048.0,148.12,50.0,25.24,csindex:index_perf,931152,OFFICIAL_HISTORICAL_VALUATION_AVAILABLE,True,2025-01-02,OFFICIAL_DAILY_OBSERVATION_DATE_NO_INTRADAY_TIMESTAMP_CLAIM
2025-01-03,INNOVATION_DRUG,INNOVATION_DRUG_931152,DOMAIN_PRIMARY,CSI_INNOVATIVE_DRUG_INDUSTRY,931152,1549.81,1562.23,1527.63,1533.63,-0.97,459028117.0,118.22,50.0,24.94,csindex:index_perf,931152,OFFICIAL_HISTORICAL_VALUATION_AVAILABLE,True,2025-01-03,OFFICIAL_DAILY_OBSERVATION_DATE_NO_INTRADAY_TIMESTAMP_CLAIM
2025-01-06,INNOVATION_DRUG,INNOVATION_DRUG_931152,DOMAIN_PRIMARY,CSI_INNOVATIVE_DRUG_INDUSTRY,931152,1541.31,1560.39,1534.15,1544.07,0.68,545922825.0,131.79,50.0,25.16,csindex:index_perf,931152,OFFICIAL_HISTORICAL_VALUATION_AVAILABLE,True,2025-01-06,OFFICIAL_DAILY_OBSERVATION_DATE_NO_INTRADAY_TIMESTAMP_CLAIM
2025-01-07,INNOVATION_DRUG,INNOVATION_DRUG_931152,DOMAIN_PRIMARY,CSI_INNOVATIVE_DRUG_INDUSTRY,931152,1541.3,1541.31,1507.26,1522.02,-1.43,512560006.0,120.41,50.0,24.79,csindex:index_perf,931152,OFFICIAL_HISTORICAL_VALUATION_AVAILABLE,True,2025-01-07,OFFICIAL_DAILY_OBSERVATION_DATE_NO_INTRADAY_TIMESTAMP_CLAIM
2025-01-08,INNOVATION_DRUG,INNOVATION_DRUG_931152,DOMAIN_PRIMARY,CSI_INNOVATIVE_DRUG_INDUSTRY,931152,1519.33,1523.72,1484.52,1506.74,-1.0,499667873.0,121.97,50.0,24.55,csindex:index_perf,931152,OFFICIAL_HISTORICAL_VALUATION_AVAILABLE,True,2025-01-08,OFFICIAL_DAILY_OBSERVATION_DATE_NO_INTRADAY_TIMESTAMP_CLAIM
2025-01-09,INNOVATION_DRUG,INNOVATION_DRUG_931152,DOMAIN_PRIMARY,CSI_INNOVATIVE_DRUG_INDUSTRY,931152,1503.35,1520.8,1493.9,1503.54,-0.21,377257450.0,97.35,50.0,24.49,csindex:index_perf,931152,OFFICIAL_HISTORICAL_VALUATION_AVAILABLE,True,2025-01-09,OFFICIAL_DAILY_OBSERVATION_DATE_NO_INTRADAY_TIMESTAMP_CLAIM
2025-01-10,INNOVATION_DRUG,INNOVATION_DRUG_931152,DOMAIN_PRIMARY,CSI_INNOVATIVE_DRUG_INDUSTRY,931152,1507.17,1512.67,1487.55,1487.55,-1.06,385009732.0,100.88,50.0,24.23,csindex:index_perf,931152,OFFICIAL_HISTORICAL_VALUATION_AVAILABLE,True,2025-01-10,OFFICIAL_DAILY_OBSERVATION_DATE_NO_INTRADAY_TIMESTAMP_CLAIM
2025-01-13,INNOVATION_DRUG,INNOVATION_DRUG_931152,DOMAIN_PRIMARY,CSI_INNOVATIVE_DRUG_INDUSTRY,931152,1478.35,1501.39,1477.66,1495.66,0.54,351841585.0,89.55,50.0,24.33,csindex:index_perf,931152,OFFICIAL_HISTORICAL_VALUATION_AVAILABLE,True,2025-01-13,OFFICIAL_DAILY_OBSERVATION_DATE_NO_INTRADAY_TIMESTAMP_CLAIM
2025-01-14,INNOVATION_DRUG,INNOVATION_DRUG_931152,DOMAIN_PRIMARY,CSI_INNOVATIVE_DRUG_INDUSTRY,931152,1499.75,1542.96,1498.25,1540.53,3.0,493536973.0,133.64,50.0,25.05,csindex:index_perf,931152,OFFICIAL_HISTORICAL_VALUATION_AVAILABLE,True,2025-01-14,OFFICIAL_DAILY_OBSERVATION_DATE_NO_INTRADAY_TIMESTAMP_CLAIM
2025-01-15,INNOVATION_DRUG,INNOVATION_DRUG_931152,DOMAIN_PRIMARY,CSI_INNOVATIVE_DRUG_INDUSTRY,931152,1537.89,1537.89,1519.2,1523.53,-1.1,360629612.0,97.61,50.0,24.78,csindex:index_perf,931152,OFFICIAL_HISTORICAL_VALUATION_AVAILABLE,True,2025-01-15,OFFICIAL_DAILY_OBSERVATION_DATE_NO_INTRADAY_TIMESTAMP_CLAIM
2025-01-16,INNOVATION_DRUG,INNOVATION_DRUG_931152,DOMAIN_PRIMARY,CSI_INNOVATIVE_DRUG_INDUSTRY,931152,1530.77,1549.11,1516.46,1520.94,-0.17,444829633.0,116.98,50.0,24.68,csindex:index_perf,931152,OFFICIAL_HISTORICAL_VALUATION_AVAILABLE,True,2025-01-16,OFFICIAL_DAILY_OBSERVATION_DATE_NO_INTRADAY_TIMESTAMP_CLAIM
2025-01-17,INNOVATION_DRUG,INNOVATION_DRUG_931152,DOMAIN_PRIMARY,CSI_INNOVATIVE_DRUG_INDUSTRY,931152,1513.86,1537.26,1510.93,1527.47,0.43,366886958.0,100.24,50.0,24.75,csindex:index_perf,931152,OFFICIAL_HISTORICAL_VALUATION_AVAILABLE,True,2025-01-17,OFFICIAL_DAILY_OBSERVATION_DATE_NO_INTRADAY_TIMESTAMP_CLAIM
2025-01-20,INNOVATION_DRUG,INNOVATION_DRUG_931152,DOMAIN_PRIMARY,CSI_INNOVATIVE_DRUG_INDUSTRY,931152,1540.09,1573.25,1539.99,1559.15,2.07,486091014.0,153.5,50.0,25.33,csindex:index_perf,931152,OFFICIAL_HISTORICAL_VALUATION_AVAILABLE,True,2025-01-20,OFFICIAL_DAILY_OBSERVATION_DATE_NO_INTRADAY_TIMESTAMP_CLAIM
2025-01-21,INNOVATION_DRUG,INNOVATION_DRUG_931152,DOMAIN_PRIMARY,CSI_INNOVATIVE_DRUG_INDUSTRY,931152,1563.18,1565.51,1539.13,1551.05,-0.52,429416005.0,122.97,50.0,25.27,csindex:index_perf,931152,OFFICIAL_HISTORICAL_VALUATION_AVAILABLE,True,2025-01-21,OFFICIAL_DAILY_OBSERVATION_DATE_NO_INTRADAY_TIMESTAMP_CLAIM
2025-01-22,INNOVATION_DRUG,INNOVATION_DRUG_931152,DOMAIN_PRIMARY,CSI_INNOVATIVE_DRUG_INDUSTRY,931152,1545.58,1548.63,1531.97,1544.67,-0.41,329874930.0,88.59,50.0,25.15,csindex:index_perf,931152,OFFICIAL_HISTORICAL_VALUATION_AVAILABLE,True,2025-01-22,OFFICIAL_DAILY_OBSERVATION_DATE_NO_INTRADAY_TIMESTAMP_CLAIM
2025-01-23,INNOVATION_DRUG,INNOVATION_DRUG_931152,DOMAIN_PRIMARY,CSI_INNOVATIVE_DRUG_INDUSTRY,931152,1555.02,1564.12,1536.22,1536.22,-0.55,439134738.0,107.83,50.0,25.01,csindex:index_perf,931152,OFFICIAL_HISTORICAL_VALUATION_AVAILABLE,True,2025-01-23,OFFICIAL_DAILY_OBSERVATION_DATE_NO_INTRADAY_TIMESTAMP_CLAIM
2025-01-24,INNOVATION_DRUG,INNOVATION_DRUG_931152,DOMAIN_PRIMARY,CSI_INNOVATIVE_DRUG_INDUSTRY,931152,1534.79,1554.68,1531.79,1544.72,0.55,408638609.0,114.95,50.0,25.13,csindex:index_perf,931152,OFFICIAL_HISTORICAL_VALUATION_AVAILABLE,True,2025-01-24,OFFICIAL_DAILY_OBSERVATION_DATE_NO_INTRADAY_TIMESTAMP_CLAIM
2025-01-27,INNOVATION_DRUG,INNOVATION_DRUG_931152,DOMAIN_PRIMARY,CSI_INNOVATIVE_DRUG_INDUSTRY,931152,1546.42,1561.84,1543.66,1543.66,-0.07,370590197.0,94.27,50.0,25.14,csindex:index_perf,931152,OFFICIAL_HISTORICAL_VALUATION_AVAILABLE,True,2025-01-27,OFFICIAL_DAILY_OBSERVATION_DATE_NO_INTRADAY_TIMESTAMP_CLAIM
2025-02-05,INNOVATION_DRUG,INNOVATION_DRUG_931152,DOMAIN_PRIMARY,CSI_INNOVATIVE_DRUG_INDUSTRY,931152,1552.34,1553.03,1537.09,1549.14,0.36,438693088.0,111.94,50.0,25.11,csindex:index_perf,931152,OFFICIAL_HISTORICAL_VALUATION_AVAILABLE,True,2025-02-05,OFFICIAL_DAILY_OBSERVATION_DATE_NO_INTRADAY_TIMESTAMP_CLAIM
2025-02-06,INNOVATION_DRUG,INNOVATION_DRUG_931152,DOMAIN_PRIMARY,CSI_INNOVATIVE_DRUG_INDUSTRY,931152,1547.98,1569.25,1538.82,1569.22,1.29,470171820.0,132.26,50.0,25.39,csindex:index_perf,931152,OFFICIAL_HISTORICAL_VALUATION_AVAILABLE,True,2025-02-06,OFFICIAL_DAILY_OBSERVATION_DATE_NO_INTRADAY_TIMESTAMP_CLAIM
2025-02-07,INNOVATION_DRUG,INNOVATION_DRUG_931152,DOMAIN_PRIMARY,CSI_INNOVATIVE_DRUG_INDUSTRY,931152,1569.39,1595.17,1563.08,1582.75,0.86,610440307.0,168.16,50.0,25.62,csindex:index_perf,931152,OFFICIAL_HISTORICAL_VALUATION_AVAILABLE,True,2025-02-07,OFFICIAL_DAILY_OBSERVATION_DATE_NO_INTRADAY_TIMESTAMP_CLAIM
2025-02-10,INNOVATION_DRUG,INNOVATION_DRUG_931152,DOMAIN_PRIMARY,CSI_INNOVATIVE_DRUG_INDUSTRY,931152,1584.61,1599.85,1577.0,1596.61,0.88,605055614.0,161.4,50.0,25.77,csindex:index_perf,931152,OFFICIAL_HISTORICAL_VALUATION_AVAILABLE,True,2025-02-10,OFFICIAL_DAILY_OBSERVATION_DATE_NO_INTRADAY_TIMESTAMP_CLAIM
2025-02-11,INNOVATION_DRUG,INNOVATION_DRUG_931152,DOMAIN_PRIMARY,CSI_INNOVATIVE_DRUG_INDUSTRY,931152,1598.13,1598.2,1570.35,1576.2,-1.28,461523210.0,129.1,50.0,25.5,csindex:index_perf,931152,OFFICIAL_HISTORICAL_VALUATION_AVAILABLE,True,2025-02-11,OFFICIAL_DAILY_OBSERVATION_DATE_NO_INTRADAY_TIMESTAMP_CLAIM
2025-02-12,INNOVATION_DRUG,INNOVATION_DRUG_931152,DOMAIN_PRIMARY,CSI_INNOVATIVE_DRUG_INDUSTRY,931152,1572.48,1579.62,1564.99,1578.4,0.14,456032862.0,121.29,50.0,25.56,csindex:index_perf,931152,OFFICIAL_HISTORICAL_VALUATION_AVAILABLE,True,2025-02-12,OFFICIAL_DAILY_OBSERVATION_DATE_NO_INTRADAY_TIMESTAMP_CLAIM
2025-02-13,INNOVATION_DRUG,INNOVATION_DRUG_931152,DOMAIN_PRIMARY,CSI_INNOVATIVE_DRUG_INDUSTRY,931152,1576.56,1586.8,1568.98,1569.61,-0.56,443728909.0,120.31,50.0,25.4,csindex:index_perf,931152,OFFICIAL_HISTORICAL_VALUATION_AVAILABLE,True,2025-02-13,OFFICIAL_DAILY_OBSERVATION_DATE_NO_INTRADAY_TIMESTAMP_CLAIM
2025-02-14,INNOVATION_DRUG,INNOVATION_DRUG_931152,DOMAIN_PRIMARY,CSI_INNOVATIVE_DRUG_INDUSTRY,931152,1569.61,1608.41,1569.43,1599.45,1.9,753935184.0,209.66,50.0,25.79,csindex:index_perf,931152,OFFICIAL_HISTORICAL_VALUATION_AVAILABLE,True,2025-02-14,OFFICIAL_DAILY_OBSERVATION_DATE_NO_INTRADAY_TIMESTAMP_CLAIM
2025-02-17,INNOVATION_DRUG,INNOVATION_DRUG_931152,DOMAIN_PRIMARY,CSI_INNOVATIVE_DRUG_INDUSTRY,931152,1615.47,1626.36,1597.52,1608.75,0.58,883232531.0,243.19,50.0,25.9,csindex:index_perf,931152,OFFICIAL_HISTORICAL_VALUATION_AVAILABLE,True,2025-02-17,OFFICIAL_DAILY_OBSERVATION_DATE_NO_INTRADAY_TIMESTAMP_CLAIM
2025-02-18,INNOVATION_DRUG,INNOVATION_DRUG_931152,DOMAIN_PRIMARY,CSI_INNOVATIVE_DRUG_INDUSTRY,931152,1603.04,1621.57,1585.47,1590.96,-1.11,611922849.0,168.6,50.0,25.63,csindex:index_perf,931152,OFFICIAL_HISTORICAL_VALUATION_AVAILABLE,True,2025-02-18,OFFICIAL_DAILY_OBSERVATION_DATE_NO_INTRADAY_TIMESTAMP_CLAIM
2025-02-19,INNOVATION_DRUG,INNOVATION_DRUG_931152,DOMAIN_PRIMARY,CSI_INNOVATIVE_DRUG_INDUSTRY,931152,1587.85,1610.38,1576.3,1595.51,0.29,531167396.0,151.33,50.0,25.66,csindex:index_perf,931152,OFFICIAL_HISTORICAL_VALUATION_AVAILABLE,True,2025-02-19,OFFICIAL_DAILY_OBSERVATION_DATE_NO_INTRADAY_TIMESTAMP_CLAIM
2025-02-20,INNOVATION_DRUG,INNOVATION_DRUG_931152,DOMAIN_PRIMARY,CSI_INNOVATIVE_DRUG_INDUSTRY,931152,1597.51,1642.45,1596.68,1627.69,2.02,747854146.0,226.28,50.0,26.24,csindex:index_perf,931152,OFFICIAL_HISTORICAL_VALUATION_AVAILABLE,True,2025-02-20,OFFICIAL_DAILY_OBSERVATION_DATE_NO_INTRADAY_TIMESTAMP_CLAIM
2025-02-21,INNOVATION_DRUG,INNOVATION_DRUG_931152,DOMAIN_PRIMARY,CSI_INNOVATIVE_DRUG_INDUSTRY,931152,1632.14,1680.13,1631.11,1676.91,3.02,917992162.0,292.5,50.0,27.18,csindex:index_perf,931152,OFFICIAL_HISTORICAL_VALUATION_AVAILABLE,True,2025-02-21,OFFICIAL_DAILY_OBSERVATION_DATE_NO_INTRADAY_TIMESTAMP_CLAIM
2025-02-24,INNOVATION_DRUG,INNOVATION_DRUG_931152,DOMAIN_PRIMARY,CSI_INNOVATIVE_DRUG_INDUSTRY,931152,1676.6,1680.42,1646.37,1652.7,-1.44,733524328.0,236.88,50.0,26.8,csindex:index_perf,931152,OFFICIAL_HISTORICAL_VALUATION_AVAILABLE,True,2025-02-24,OFFICIAL_DAILY_OBSERVATION_DATE_NO_INTRADAY_TIMESTAMP_CLAIM
2025-02-25,INNOVATION_DRUG,INNOVATION_DRUG_931152,DOMAIN_PRIMARY,CSI_INNOVATIVE_DRUG_INDUSTRY,931152,1634.93,1644.44,1631.35,1635.52,-1.04,551447696.0,167.45,50.0,26.45,csindex:index_perf,931152,OFFICIAL_HISTORICAL_VALUATION_AVAILABLE,True,2025-02-25,OFFICIAL_DAILY_OBSERVATION_DATE_NO_INTRADAY_TIMESTAMP_CLAIM
2025-02-26,INNOVATION_DRUG,INNOVATION_DRUG_931152,DOMAIN_PRIMARY,CSI_INNOVATIVE_DRUG_INDUSTRY,931152,1639.95,1668.12,1631.27,1667.48,1.95,604543252.0,182.68,50.0,26.92,csindex:index_perf,931152,OFFICIAL_HISTORICAL_VALUATION_AVAILABLE,True,2025-02-26,OFFICIAL_DAILY_OBSERVATION_DATE_NO_INTRADAY_TIMESTAMP_CLAIM
2025-02-27,INNOVATION_DRUG,INNOVATION_DRUG_931152,DOMAIN_PRIMARY,CSI_INNOVATIVE_DRUG_INDUSTRY,931152,1660.57,1679.38,1652.24,1671.64,0.25,670946501.0,197.98,50.0,26.99,csindex:index_perf,931152,OFFICIAL_HISTORICAL_VALUATION_AVAILABLE,True,2025-02-27,OFFICIAL_DAILY_OBSERVATION_DATE_NO_INTRADAY_TIMESTAMP_CLAIM
2025-02-28,INNOVATION_DRUG,INNOVATION_DRUG_931152,DOMAIN_PRIMARY,CSI_INNOVATIVE_DRUG_INDUSTRY,931152,1667.07,1681.35,1625.62,1631.14,-2.42,642995064.0,198.05,50.0,26.33,csindex:index_perf,931152,OFFICIAL_HISTORICAL_VALUATION_AVAILABLE,True,2025-02-28,OFFICIAL_DAILY_OBSERVATION_DATE_NO_INTRADAY_TIMESTAMP_CLAIM
2025-03-03,INNOVATION_DRUG,INNOVATION_DRUG_931152,DOMAIN_PRIMARY,CSI_INNOVATIVE_DRUG_INDUSTRY,931152,1631.1,1662.06,1625.52,1636.77,0.34,557180435.0,166.35,50.0,26.3,csindex:index_perf,931152,OFFICIAL_HISTORICAL_VALUATION_AVAILABLE,True,2025-03-03,OFFICIAL_DAILY_OBSERVATION_DATE_NO_INTRADAY_TIMESTAMP_CLAIM
2025-03-04,INNOVATION_DRUG,INNOVATION_DRUG_931152,DOMAIN_PRIMARY,CSI_INNOVATIVE_DRUG_INDUSTRY,931152,1626.19,1642.6,1618.75,1635.36,-0.09,388163152.0,121.02,50.0,26.3,csindex:index_perf,931152,OFFICIAL_HISTORICAL_VALUATION_AVAILABLE,True,2025-03-04,OFFICIAL_DAILY_OBSERVATION_DATE_NO_INTRADAY_TIMESTAMP_CLAIM
2025-03-05,INNOVATION_DRUG,INNOVATION_DRUG_931152,DOMAIN_PRIMARY,CSI_INNOVATIVE_DRUG_INDUSTRY,931152,1637.16,1638.39,1617.84,1628.5,-0.42,424398111.0,121.5,50.0,26.19,csindex:index_perf,931152,OFFICIAL_HISTORICAL_VALUATION_AVAILABLE,True,2025-03-05,OFFICIAL_DAILY_OBSERVATION_DATE_NO_INTRADAY_TIMESTAMP_CLAIM
2025-03-06,INNOVATION_DRUG,INNOVATION_DRUG_931152,DOMAIN_PRIMARY,CSI_INNOVATIVE_DRUG_INDUSTRY,931152,1636.36,1658.6,1636.2,1655.26,1.64,571754776.0,166.27,50.0,26.63,csindex:index_perf,931152,OFFICIAL_HISTORICAL_VALUATION_AVAILABLE,True,2025-03-06,OFFICIAL_DAILY_OBSERVATION_DATE_NO_INTRADAY_TIMESTAMP_CLAIM
2025-03-07,INNOVATION_DRUG,INNOVATION_DRUG_931152,DOMAIN_PRIMARY,CSI_INNOVATIVE_DRUG_INDUSTRY,931152,1650.04,1650.22,1633.5,1638.75,-1.0,467523785.0,136.68,50.0,26.31,csindex:index_perf,931152,OFFICIAL_HISTORICAL_VALUATION_AVAILABLE,True,2025-03-07,OFFICIAL_DAILY_OBSERVATION_DATE_NO_INTRADAY_TIMESTAMP_CLAIM
2025-03-10,INNOVATION_DRUG,INNOVATION_DRUG_931152,DOMAIN_PRIMARY,CSI_INNOVATIVE_DRUG_INDUSTRY,931152,1648.94,1657.96,1627.98,1640.7,0.12,522539539.0,150.63,50.0,26.35,csindex:index_perf,931152,OFFICIAL_HISTORICAL_VALUATION_AVAILABLE,True,2025-03-10,OFFICIAL_DAILY_OBSERVATION_DATE_NO_INTRADAY_TIMESTAMP_CLAIM
2025-03-11,INNOVATION_DRUG,INNOVATION_DRUG_931152,DOMAIN_PRIMARY,CSI_INNOVATIVE_DRUG_INDUSTRY,931152,1624.04,1643.36,1622.17,1643.36,0.16,508277985.0,141.88,50.0,26.42,csindex:index_perf,931152,OFFICIAL_HISTORICAL_VALUATION_AVAILABLE,True,2025-03-11,OFFICIAL_DAILY_OBSERVATION_DATE_NO_INTRADAY_TIMESTAMP_CLAIM
2025-03-12,INNOVATION_DRUG,INNOVATION_DRUG_931152,DOMAIN_PRIMARY,CSI_INNOVATIVE_DRUG_INDUSTRY,931152,1646.01,1657.79,1628.64,1628.64,-0.89,501126026.0,135.19,50.0,26.19,csindex:index_perf,931152,OFFICIAL_HISTORICAL_VALUATION_AVAILABLE,True,2025-03-12,OFFICIAL_DAILY_OBSERVATION_DATE_NO_INTRADAY_TIMESTAMP_CLAIM
2025-03-13,INNOVATION_DRUG,INNOVATION_DRUG_931152,DOMAIN_PRIMARY,CSI_INNOVATIVE_DRUG_INDUSTRY,931152,1629.24,1635.01,1610.47,1618.77,-0.6,465949299.0,120.01,50.0,26.07,csindex:index_perf,931152,OFFICIAL_HISTORICAL_VALUATION_AVAILABLE,True,2025-03-13,OFFICIAL_DAILY_OBSERVATION_DATE_NO_INTRADAY_TIMESTAMP_CLAIM
2025-03-14,INNOVATION_DRUG,INNOVATION_DRUG_931152,DOMAIN_PRIMARY,CSI_INNOVATIVE_DRUG_INDUSTRY,931152,1620.09,1657.63,1618.08,1657.61,2.4,695930895.0,215.72,50.0,26.7,csindex:index_perf,931152,OFFICIAL_HISTORICAL_VALUATION_AVAILABLE,True,2025-03-14,OFFICIAL_DAILY_OBSERVATION_DATE_NO_INTRADAY_TIMESTAMP_CLAIM
2025-03-17,INNOVATION_DRUG,INNOVATION_DRUG_931152,DOMAIN_PRIMARY,CSI_INNOVATIVE_DRUG_INDUSTRY,931152,1663.58,1666.76,1651.02,1659.07,0.09,530942034.0,148.67,50.0,26.74,csindex:index_perf,931152,OFFICIAL_HISTORICAL_VALUATION_AVAILABLE,True,2025-03-17,OFFICIAL_DAILY_OBSERVATION_DATE_NO_INTRADAY_TIMESTAMP_CLAIM
2025-03-18,INNOVATION_DRUG,INNOVATION_DRUG_931152,DOMAIN_PRIMARY,CSI_INNOVATIVE_DRUG_INDUSTRY,931152,1680.39,1705.55,1670.78,1690.62,1.9,617936831.0,219.0,50.0,27.2,csindex:index_perf,931152,OFFICIAL_HISTORICAL_VALUATION_AVAILABLE,True,2025-03-18,OFFICIAL_DAILY_OBSERVATION_DATE_NO_INTRADAY_TIMESTAMP_CLAIM
2025-03-19,INNOVATION_DRUG,INNOVATION_DRUG_931152,DOMAIN_PRIMARY,CSI_INNOVATIVE_DRUG_INDUSTRY,931152,1686.52,1705.74,1686.14,1694.88,0.25,525544548.0,169.08,50.0,27.31,csindex:index_perf,931152,OFFICIAL_HISTORICAL_VALUATION_AVAILABLE,True,2025-03-19,OFFICIAL_DAILY_OBSERVATION_DATE_NO_INTRADAY_TIMESTAMP_CLAIM
2025-03-20,INNOVATION_DRUG,INNOVATION_DRUG_931152,DOMAIN_PRIMARY,CSI_INNOVATIVE_DRUG_INDUSTRY,931152,1694.8,1696.22,1678.65,1682.8,-0.71,415493527.0,130.74,50.0,27.07,csindex:index_perf,931152,OFFICIAL_HISTORICAL_VALUATION_AVAILABLE,True,2025-03-20,OFFICIAL_DAILY_OBSERVATION_DATE_NO_INTRADAY_TIMESTAMP_CLAIM
2025-03-21,INNOVATION_DRUG,INNOVATION_DRUG_931152,DOMAIN_PRIMARY,CSI_INNOVATIVE_DRUG_INDUSTRY,931152,1680.05,1685.27,1642.1,1650.04,-1.95,574469999.0,165.18,50.0,26.48,csindex:index_perf,931152,OFFICIAL_HISTORICAL_VALUATION_AVAILABLE,True,2025-03-21,OFFICIAL_DAILY_OBSERVATION_DATE_NO_INTRADAY_TIMESTAMP_CLAIM
2025-03-24,INNOVATION_DRUG,INNOVATION_DRUG_931152,DOMAIN_PRIMARY,CSI_INNOVATIVE_DRUG_INDUSTRY,931152,1649.07,1659.81,1629.43,1642.68,-0.45,459875673.0,126.3,50.0,26.35,csindex:index_perf,931152,OFFICIAL_HISTORICAL_VALUATION_AVAILABLE,True,2025-03-24,OFFICIAL_DAILY_OBSERVATION_DATE_NO_INTRADAY_TIMESTAMP_CLAIM
2025-03-25,INNOVATION_DRUG,INNOVATION_DRUG_931152,DOMAIN_PRIMARY,CSI_INNOVATIVE_DRUG_INDUSTRY,931152,1642.57,1650.85,1638.21,1645.14,0.15,357909235.0,100.01,50.0,26.44,csindex:index_perf,931152,OFFICIAL_HISTORICAL_VALUATION_AVAILABLE,True,2025-03-25,OFFICIAL_DAILY_OBSERVATION_DATE_NO_INTRADAY_TIMESTAMP_CLAIM
2025-03-26,INNOVATION_DRUG,INNOVATION_DRUG_931152,DOMAIN_PRIMARY,CSI_INNOVATIVE_DRUG_INDUSTRY,931152,1647.24,1659.25,1640.43,1641.51,-0.22,382010617.0,114.21,50.0,26.44,csindex:index_perf,931152,OFFICIAL_HISTORICAL_VALUATION_AVAILABLE,True,2025-03-26,OFFICIAL_DAILY_OBSERVATION_DATE_NO_INTRADAY_TIMESTAMP_CLAIM
2025-03-27,INNOVATION_DRUG,INNOVATION_DRUG_931152,DOMAIN_PRIMARY,CSI_INNOVATIVE_DRUG_INDUSTRY,931152,1639.44,1702.41,1630.75,1701.08,3.63,743788222.0,226.24,50.0,27.49,csindex:index_perf,931152,OFFICIAL_HISTORICAL_VALUATION_AVAILABLE,True,2025-03-27,OFFICIAL_DAILY_OBSERVATION_DATE_NO_INTRADAY_TIMESTAMP_CLAIM
2025-03-28,INNOVATION_DRUG,INNOVATION_DRUG_931152,DOMAIN_PRIMARY,CSI_INNOVATIVE_DRUG_INDUSTRY,931152,1697.88,1735.51,1697.23,1703.48,0.14,787395313.0,238.03,50.0,27.6,csindex:index_perf,931152,OFFICIAL_HISTORICAL_VALUATION_AVAILABLE,True,2025-03-28,OFFICIAL_DAILY_OBSERVATION_DATE_NO_INTRADAY_TIMESTAMP_CLAIM
2025-03-31,INNOVATION_DRUG,INNOVATION_DRUG_931152,DOMAIN_PRIMARY,CSI_INNOVATIVE_DRUG_INDUSTRY,931152,1696.74,1714.42,1673.55,1686.23,-1.01,633787778.0,184.2,50.0,27.33,csindex:index_perf,931152,OFFICIAL_HISTORICAL_VALUATION_AVAILABLE,True,2025-03-31,OFFICIAL_DAILY_OBSERVATION_DATE_NO_INTRADAY_TIMESTAMP_CLAIM
2025-04-01,INNOVATION_DRUG,INNOVATION_DRUG_931152,DOMAIN_PRIMARY,CSI_INNOVATIVE_DRUG_INDUSTRY,931152,1690.43,1771.16,1688.24,1759.86,4.37,1181165368.0,352.13,50.0,28.57,csindex:index_perf,931152,OFFICIAL_HISTORICAL_VALUATION_AVAILABLE,True,2025-04-01,OFFICIAL_DAILY_OBSERVATION_DATE_NO_INTRADAY_TIMESTAMP_CLAIM
2025-04-02,INNOVATION_DRUG,INNOVATION_DRUG_931152,DOMAIN_PRIMARY,CSI_INNOVATIVE_DRUG_INDUSTRY,931152,1755.88,1766.46,1739.2,1744.15,-0.89,687097000.0,211.61,50.0,28.24,csindex:index_perf,931152,OFFICIAL_HISTORICAL_VALUATION_AVAILABLE,True,2025-04-02,OFFICIAL_DAILY_OBSERVATION_DATE_NO_INTRADAY_TIMESTAMP_CLAIM
2025-04-03,INNOVATION_DRUG,INNOVATION_DRUG_931152,DOMAIN_PRIMARY,CSI_INNOVATIVE_DRUG_INDUSTRY,931152,1732.28,1762.52,1727.96,1737.57,-0.38,647428656.0,197.5,50.0,28.18,csindex:index_perf,931152,OFFICIAL_HISTORICAL_VALUATION_AVAILABLE,True,2025-04-03,OFFICIAL_DAILY_OBSERVATION_DATE_NO_INTRADAY_TIMESTAMP_CLAIM
2025-04-07,INNOVATION_DRUG,INNOVATION_DRUG_931152,DOMAIN_PRIMARY,CSI_INNOVATIVE_DRUG_INDUSTRY,931152,1639.71,1666.41,1546.24,1586.04,-8.72,1227010152.0,329.57,50.0,25.99,csindex:index_perf,931152,OFFICIAL_HISTORICAL_VALUATION_AVAILABLE,True,2025-04-07,OFFICIAL_DAILY_OBSERVATION_DATE_NO_INTRADAY_TIMESTAMP_CLAIM
2025-04-08,INNOVATION_DRUG,INNOVATION_DRUG_931152,DOMAIN_PRIMARY,CSI_INNOVATIVE_DRUG_INDUSTRY,931152,1596.53,1607.62,1559.99,1584.3,-0.11,1039538445.0,307.11,50.0,25.88,csindex:index_perf,931152,OFFICIAL_HISTORICAL_VALUATION_AVAILABLE,True,2025-04-08,OFFICIAL_DAILY_OBSERVATION_DATE_NO_INTRADAY_TIMESTAMP_CLAIM
2025-04-09,INNOVATION_DRUG,INNOVATION_DRUG_931152,DOMAIN_PRIMARY,CSI_INNOVATIVE_DRUG_INDUSTRY,931152,1550.21,1575.09,1498.84,1575.09,-0.58,987426014.0,289.98,50.0,25.72,csindex:index_perf,931152,OFFICIAL_HISTORICAL_VALUATION_AVAILABLE,True,2025-04-09,OFFICIAL_DAILY_OBSERVATION_DATE_NO_INTRADAY_TIMESTAMP_CLAIM
2025-04-10,INNOVATION_DRUG,INNOVATION_DRUG_931152,DOMAIN_PRIMARY,CSI_INNOVATIVE_DRUG_INDUSTRY,931152,1605.27,1633.33,1597.59,1613.69,2.45,819760428.0,244.81,50.0,26.29,csindex:index_perf,931152,OFFICIAL_HISTORICAL_VALUATION_AVAILABLE,True,2025-04-10,OFFICIAL_DAILY_OBSERVATION_DATE_NO_INTRADAY_TIMESTAMP_CLAIM
2025-04-11,INNOVATION_DRUG,INNOVATION_DRUG_931152,DOMAIN_PRIMARY,CSI_INNOVATIVE_DRUG_INDUSTRY,931152,1601.52,1631.09,1595.92,1624.48,0.67,693074615.0,195.19,50.0,26.44,csindex:index_perf,931152,OFFICIAL_HISTORICAL_VALUATION_AVAILABLE,True,2025-04-11,OFFICIAL_DAILY_OBSERVATION_DATE_NO_INTRADAY_TIMESTAMP_CLAIM
2025-04-14,INNOVATION_DRUG,INNOVATION_DRUG_931152,DOMAIN_PRIMARY,CSI_INNOVATIVE_DRUG_INDUSTRY,931152,1633.46,1662.5,1626.47,1645.41,1.29,703875018.0,205.02,50.0,26.68,csindex:index_perf,931152,OFFICIAL_HISTORICAL_VALUATION_AVAILABLE,True,2025-04-14,OFFICIAL_DAILY_OBSERVATION_DATE_NO_INTRADAY_TIMESTAMP_CLAIM
2025-04-15,INNOVATION_DRUG,INNOVATION_DRUG_931152,DOMAIN_PRIMARY,CSI_INNOVATIVE_DRUG_INDUSTRY,931152,1643.4,1651.34,1622.91,1637.6,-0.47,595223976.0,163.32,50.0,26.66,csindex:index_perf,931152,OFFICIAL_HISTORICAL_VALUATION_AVAILABLE,True,2025-04-15,OFFICIAL_DAILY_OBSERVATION_DATE_NO_INTRADAY_TIMESTAMP_CLAIM
2025-04-16,INNOVATION_DRUG,INNOVATION_DRUG_931152,DOMAIN_PRIMARY,CSI_INNOVATIVE_DRUG_INDUSTRY,931152,1630.44,1630.8,1599.08,1625.57,-0.73,569275222.0,159.95,50.0,26.58,csindex:index_perf,931152,OFFICIAL_HISTORICAL_VALUATION_AVAILABLE,True,2025-04-16,OFFICIAL_DAILY_OBSERVATION_DATE_NO_INTRADAY_TIMESTAMP_CLAIM
2025-04-17,INNOVATION_DRUG,INNOVATION_DRUG_931152,DOMAIN_PRIMARY,CSI_INNOVATIVE_DRUG_INDUSTRY,931152,1613.96,1626.5,1612.32,1617.33,-0.51,395040960.0,111.22,50.0,26.51,csindex:index_perf,931152,OFFICIAL_HISTORICAL_VALUATION_AVAILABLE,True,2025-04-17,OFFICIAL_DAILY_OBSERVATION_DATE_NO_INTRADAY_TIMESTAMP_CLAIM
2025-04-18,INNOVATION_DRUG,INNOVATION_DRUG_931152,DOMAIN_PRIMARY,CSI_INNOVATIVE_DRUG_INDUSTRY,931152,1616.47,1632.88,1609.47,1614.74,-0.16,417369096.0,114.8,50.0,26.41,csindex:index_perf,931152,OFFICIAL_HISTORICAL_VALUATION_AVAILABLE,True,2025-04-18,OFFICIAL_DAILY_OBSERVATION_DATE_NO_INTRADAY_TIMESTAMP_CLAIM
2025-04-21,INNOVATION_DRUG,INNOVATION_DRUG_931152,DOMAIN_PRIMARY,CSI_INNOVATIVE_DRUG_INDUSTRY,931152,1605.29,1646.91,1600.39,1643.05,1.75,508596434.0,155.8,50.0,26.82,csindex:index_perf,931152,OFFICIAL_HISTORICAL_VALUATION_AVAILABLE,True,2025-04-21,OFFICIAL_DAILY_OBSERVATION_DATE_NO_INTRADAY_TIMESTAMP_CLAIM
2025-04-22,INNOVATION_DRUG,INNOVATION_DRUG_931152,DOMAIN_PRIMARY,CSI_INNOVATIVE_DRUG_INDUSTRY,931152,1635.89,1672.9,1634.28,1662.65,1.19,700949156.0,201.78,50.0,27.38,csindex:index_perf,931152,OFFICIAL_HISTORICAL_VALUATION_AVAILABLE,True,2025-04-22,OFFICIAL_DAILY_OBSERVATION_DATE_NO_INTRADAY_TIMESTAMP_CLAIM
2025-04-23,INNOVATION_DRUG,INNOVATION_DRUG_931152,DOMAIN_PRIMARY,CSI_INNOVATIVE_DRUG_INDUSTRY,931152,1668.18,1677.5,1645.94,1648.36,-0.86,619471574.0,187.74,50.0,27.17,csindex:index_perf,931152,OFFICIAL_HISTORICAL_VALUATION_AVAILABLE,True,2025-04-23,OFFICIAL_DAILY_OBSERVATION_DATE_NO_INTRADAY_TIMESTAMP_CLAIM
2025-04-24,INNOVATION_DRUG,INNOVATION_DRUG_931152,DOMAIN_PRIMARY,CSI_INNOVATIVE_DRUG_INDUSTRY,931152,1649.53,1678.19,1648.59,1661.8,0.81,588238330.0,170.91,50.0,27.35,csindex:index_perf,931152,OFFICIAL_HISTORICAL_VALUATION_AVAILABLE,True,2025-04-24,OFFICIAL_DAILY_OBSERVATION_DATE_NO_INTRADAY_TIMESTAMP_CLAIM
2025-04-25,INNOVATION_DRUG,INNOVATION_DRUG_931152,DOMAIN_PRIMARY,CSI_INNOVATIVE_DRUG_INDUSTRY,931152,1670.59,1674.0,1637.78,1648.19,-0.82,627072505.0,191.4,50.0,27.06,csindex:index_perf,931152,OFFICIAL_HISTORICAL_VALUATION_AVAILABLE,True,2025-04-25,OFFICIAL_DAILY_OBSERVATION_DATE_NO_INTRADAY_TIMESTAMP_CLAIM
2025-04-28,INNOVATION_DRUG,INNOVATION_DRUG_931152,DOMAIN_PRIMARY,CSI_INNOVATIVE_DRUG_INDUSTRY,931152,1640.08,1652.17,1621.54,1649.35,0.07,549101348.0,162.04,50.0,27.04,csindex:index_perf,931152,OFFICIAL_HISTORICAL_VALUATION_AVAILABLE,True,2025-04-28,OFFICIAL_DAILY_OBSERVATION_DATE_NO_INTRADAY_TIMESTAMP_CLAIM
2025-04-29,INNOVATION_DRUG,INNOVATION_DRUG_931152,DOMAIN_PRIMARY,CSI_INNOVATIVE_DRUG_INDUSTRY,931152,1648.03,1668.76,1647.42,1658.55,0.56,518301351.0,167.42,50.0,27.18,csindex:index_perf,931152,OFFICIAL_HISTORICAL_VALUATION_AVAILABLE,True,2025-04-29,OFFICIAL_DAILY_OBSERVATION_DATE_NO_INTRADAY_TIMESTAMP_CLAIM
2025-04-30,INNOVATION_DRUG,INNOVATION_DRUG_931152,DOMAIN_PRIMARY,CSI_INNOVATIVE_DRUG_INDUSTRY,931152,1652.73,1676.29,1650.66,1672.09,0.82,566170237.0,170.62,50.0,27.4,csindex:index_perf,931152,OFFICIAL_HISTORICAL_VALUATION_AVAILABLE,True,2025-04-30,OFFICIAL_DAILY_OBSERVATION_DATE_NO_INTRADAY_TIMESTAMP_CLAIM
2025-05-06,INNOVATION_DRUG,INNOVATION_DRUG_931152,DOMAIN_PRIMARY,CSI_INNOVATIVE_DRUG_INDUSTRY,931152,1687.07,1689.69,1673.94,1684.41,0.74,602017949.0,180.99,50.0,27.75,csindex:index_perf,931152,OFFICIAL_HISTORICAL_VALUATION_AVAILABLE,True,2025-05-06,OFFICIAL_DAILY_OBSERVATION_DATE_NO_INTRADAY_TIMESTAMP_CLAIM
2025-05-07,INNOVATION_DRUG,INNOVATION_DRUG_931152,DOMAIN_PRIMARY,CSI_INNOVATIVE_DRUG_INDUSTRY,931152,1699.75,1702.88,1653.95,1664.89,-1.16,606305012.0,192.34,50.0,27.59,csindex:index_perf,931152,OFFICIAL_HISTORICAL_VALUATION_AVAILABLE,True,2025-05-07,OFFICIAL_DAILY_OBSERVATION_DATE_NO_INTRADAY_TIMESTAMP_CLAIM
2025-05-08,INNOVATION_DRUG,INNOVATION_DRUG_931152,DOMAIN_PRIMARY,CSI_INNOVATIVE_DRUG_INDUSTRY,931152,1659.67,1671.63,1657.77,1664.28,-0.04,476234640.0,133.02,50.0,27.61,csindex:index_perf,931152,OFFICIAL_HISTORICAL_VALUATION_AVAILABLE,True,2025-05-08,OFFICIAL_DAILY_OBSERVATION_DATE_NO_INTRADAY_TIMESTAMP_CLAIM
2025-05-09,INNOVATION_DRUG,INNOVATION_DRUG_931152,DOMAIN_PRIMARY,CSI_INNOVATIVE_DRUG_INDUSTRY,931152,1663.79,1683.5,1662.82,1668.93,0.28,533544111.0,157.04,50.0,27.74,csindex:index_perf,931152,OFFICIAL_HISTORICAL_VALUATION_AVAILABLE,True,2025-05-09,OFFICIAL_DAILY_OBSERVATION_DATE_NO_INTRADAY_TIMESTAMP_CLAIM
2025-05-12,INNOVATION_DRUG,INNOVATION_DRUG_931152,DOMAIN_PRIMARY,CSI_INNOVATIVE_DRUG_INDUSTRY,931152,1654.42,1654.42,1628.0,1644.29,-1.48,699022556.0,215.53,50.0,27.33,csindex:index_perf,931152,OFFICIAL_HISTORICAL_VALUATION_AVAILABLE,True,2025-05-12,OFFICIAL_DAILY_OBSERVATION_DATE_NO_INTRADAY_TIMESTAMP_CLAIM
2025-05-13,INNOVATION_DRUG,INNOVATION_DRUG_931152,DOMAIN_PRIMARY,CSI_INNOVATIVE_DRUG_INDUSTRY,931152,1662.5,1668.39,1657.85,1663.2,1.15,651224811.0,182.12,50.0,27.59,csindex:index_perf,931152,OFFICIAL_HISTORICAL_VALUATION_AVAILABLE,True,2025-05-13,OFFICIAL_DAILY_OBSERVATION_DATE_NO_INTRADAY_TIMESTAMP_CLAIM
2025-05-14,INNOVATION_DRUG,INNOVATION_DRUG_931152,DOMAIN_PRIMARY,CSI_INNOVATIVE_DRUG_INDUSTRY,931152,1658.98,1676.5,1650.7,1669.79,0.4,524811537.0,154.95,50.0,27.82,csindex:index_perf,931152,OFFICIAL_HISTORICAL_VALUATION_AVAILABLE,True,2025-05-14,OFFICIAL_DAILY_OBSERVATION_DATE_NO_INTRADAY_TIMESTAMP_CLAIM
2025-05-15,INNOVATION_DRUG,INNOVATION_DRUG_931152,DOMAIN_PRIMARY,CSI_INNOVATIVE_DRUG_INDUSTRY,931152,1667.67,1683.69,1666.52,1673.84,0.24,537145797.0,154.67,50.0,27.96,csindex:index_perf,931152,OFFICIAL_HISTORICAL_VALUATION_AVAILABLE,True,2025-05-15,OFFICIAL_DAILY_OBSERVATION_DATE_NO_INTRADAY_TIMESTAMP_CLAIM
2025-05-16,INNOVATION_DRUG,INNOVATION_DRUG_931152,DOMAIN_PRIMARY,CSI_INNOVATIVE_DRUG_INDUSTRY,931152,1670.95,1690.61,1657.75,1688.96,0.9,610835458.0,161.25,50.0,28.14,csindex:index_perf,931152,OFFICIAL_HISTORICAL_VALUATION_AVAILABLE,True,2025-05-16,OFFICIAL_DAILY_OBSERVATION_DATE_NO_INTRADAY_TIMESTAMP_CLAIM
2025-05-19,INNOVATION_DRUG,INNOVATION_DRUG_931152,DOMAIN_PRIMARY,CSI_INNOVATIVE_DRUG_INDUSTRY,931152,1683.84,1692.21,1673.74,1684.95,-0.24,507750469.0,141.06,50.0,28.13,csindex:index_perf,931152,OFFICIAL_HISTORICAL_VALUATION_AVAILABLE,True,2025-05-19,OFFICIAL_DAILY_OBSERVATION_DATE_NO_INTRADAY_TIMESTAMP_CLAIM
2025-05-20,INNOVATION_DRUG,INNOVATION_DRUG_931152,DOMAIN_PRIMARY,CSI_INNOVATIVE_DRUG_INDUSTRY,931152,1698.43,1731.74,1698.43,1725.58,2.41,762729332.0,225.56,50.0,28.76,csindex:index_perf,931152,OFFICIAL_HISTORICAL_VALUATION_AVAILABLE,True,2025-05-20,OFFICIAL_DAILY_OBSERVATION_DATE_NO_INTRADAY_TIMESTAMP_CLAIM
2025-05-21,INNOVATION_DRUG,INNOVATION_DRUG_931152,DOMAIN_PRIMARY,CSI_INNOVATIVE_DRUG_INDUSTRY,931152,1719.28,1753.98,1716.4,1745.31,1.14,678172695.0,206.15,50.0,29.27,csindex:index_perf,931152,OFFICIAL_HISTORICAL_VALUATION_AVAILABLE,True,2025-05-21,OFFICIAL_DAILY_OBSERVATION_DATE_NO_INTRADAY_TIMESTAMP_CLAIM
2025-05-22,INNOVATION_DRUG,INNOVATION_DRUG_931152,DOMAIN_PRIMARY,CSI_INNOVATIVE_DRUG_INDUSTRY,931152,1739.95,1752.79,1725.01,1743.05,-0.13,631433356.0,192.27,50.0,29.27,csindex:index_perf,931152,OFFICIAL_HISTORICAL_VALUATION_AVAILABLE,True,2025-05-22,OFFICIAL_DAILY_OBSERVATION_DATE_NO_INTRADAY_TIMESTAMP_CLAIM
2025-05-23,INNOVATION_DRUG,INNOVATION_DRUG_931152,DOMAIN_PRIMARY,CSI_INNOVATIVE_DRUG_INDUSTRY,931152,1748.8,1776.1,1744.91,1745.93,0.16,851180411.0,263.53,50.0,29.28,csindex:index_perf,931152,OFFICIAL_HISTORICAL_VALUATION_AVAILABLE,True,2025-05-23,OFFICIAL_DAILY_OBSERVATION_DATE_NO_INTRADAY_TIMESTAMP_CLAIM
2025-05-26,INNOVATION_DRUG,INNOVATION_DRUG_931152,DOMAIN_PRIMARY,CSI_INNOVATIVE_DRUG_INDUSTRY,931152,1745.85,1750.21,1710.58,1716.25,-1.7,712094833.0,201.89,50.0,28.74,csindex:index_perf,931152,OFFICIAL_HISTORICAL_VALUATION_AVAILABLE,True,2025-05-26,OFFICIAL_DAILY_OBSERVATION_DATE_NO_INTRADAY_TIMESTAMP_CLAIM
2025-05-27,INNOVATION_DRUG,INNOVATION_DRUG_931152,DOMAIN_PRIMARY,CSI_INNOVATIVE_DRUG_INDUSTRY,931152,1717.26,1743.57,1716.05,1739.35,1.35,650692568.0,191.93,50.0,29.12,csindex:index_perf,931152,OFFICIAL_HISTORICAL_VALUATION_AVAILABLE,True,2025-05-27,OFFICIAL_DAILY_OBSERVATION_DATE_NO_INTRADAY_TIMESTAMP_CLAIM
2025-05-28,INNOVATION_DRUG,INNOVATION_DRUG_931152,DOMAIN_PRIMARY,CSI_INNOVATIVE_DRUG_INDUSTRY,931152,1738.59,1747.11,1727.49,1730.76,-0.49,512437352.0,149.37,50.0,29.04,csindex:index_perf,931152,OFFICIAL_HISTORICAL_VALUATION_AVAILABLE,True,2025-05-28,OFFICIAL_DAILY_OBSERVATION_DATE_NO_INTRADAY_TIMESTAMP_CLAIM
2025-05-29,INNOVATION_DRUG,INNOVATION_DRUG_931152,DOMAIN_PRIMARY,CSI_INNOVATIVE_DRUG_INDUSTRY,931152,1730.36,1789.69,1725.61,1787.96,3.3,858553973.0,244.24,50.0,29.82,csindex:index_perf,931152,OFFICIAL_HISTORICAL_VALUATION_AVAILABLE,True,2025-05-29,OFFICIAL_DAILY_OBSERVATION_DATE_NO_INTRADAY_TIMESTAMP_CLAIM
2025-05-30,INNOVATION_DRUG,INNOVATION_DRUG_931152,DOMAIN_PRIMARY,CSI_INNOVATIVE_DRUG_INDUSTRY,931152,1785.36,1821.52,1785.26,1801.0,0.73,978022844.0,279.37,50.0,30.04,csindex:index_perf,931152,OFFICIAL_HISTORICAL_VALUATION_AVAILABLE,True,2025-05-30,OFFICIAL_DAILY_OBSERVATION_DATE_NO_INTRADAY_TIMESTAMP_CLAIM
2025-06-03,INNOVATION_DRUG,INNOVATION_DRUG_931152,DOMAIN_PRIMARY,CSI_INNOVATIVE_DRUG_INDUSTRY,931152,1789.57,1822.8,1789.51,1819.49,1.03,938855758.0,265.65,50.0,30.25,csindex:index_perf,931152,OFFICIAL_HISTORICAL_VALUATION_AVAILABLE,True,2025-06-03,OFFICIAL_DAILY_OBSERVATION_DATE_NO_INTRADAY_TIMESTAMP_CLAIM
2025-06-04,INNOVATION_DRUG,INNOVATION_DRUG_931152,DOMAIN_PRIMARY,CSI_INNOVATIVE_DRUG_INDUSTRY,931152,1818.12,1847.18,1809.15,1846.63,1.49,823500264.0,254.94,50.0,30.67,csindex:index_perf,931152,OFFICIAL_HISTORICAL_VALUATION_AVAILABLE,True,2025-06-04,OFFICIAL_DAILY_OBSERVATION_DATE_NO_INTRADAY_TIMESTAMP_CLAIM
2025-06-05,INNOVATION_DRUG,INNOVATION_DRUG_931152,DOMAIN_PRIMARY,CSI_INNOVATIVE_DRUG_INDUSTRY,931152,1851.19,1852.77,1807.48,1820.05,-1.44,819315120.0,245.38,50.0,30.12,csindex:index_perf,931152,OFFICIAL_HISTORICAL_VALUATION_AVAILABLE,True,2025-06-05,OFFICIAL_DAILY_OBSERVATION_DATE_NO_INTRADAY_TIMESTAMP_CLAIM
2025-06-06,INNOVATION_DRUG,INNOVATION_DRUG_931152,DOMAIN_PRIMARY,CSI_INNOVATIVE_DRUG_INDUSTRY,931152,1818.41,1823.25,1795.95,1807.04,-0.71,704524161.0,214.07,50.0,29.93,csindex:index_perf,931152,OFFICIAL_HISTORICAL_VALUATION_AVAILABLE,True,2025-06-06,OFFICIAL_DAILY_OBSERVATION_DATE_NO_INTRADAY_TIMESTAMP_CLAIM
2025-06-09,INNOVATION_DRUG,INNOVATION_DRUG_931152,DOMAIN_PRIMARY,CSI_INNOVATIVE_DRUG_INDUSTRY,931152,1811.36,1881.23,1810.33,1852.64,2.52,1030796607.0,315.16,50.0,30.53,csindex:index_perf,931152,OFFICIAL_HISTORICAL_VALUATION_AVAILABLE,True,2025-06-09,OFFICIAL_DAILY_OBSERVATION_DATE_NO_INTRADAY_TIMESTAMP_CLAIM
2025-06-10,INNOVATION_DRUG,INNOVATION_DRUG_931152,DOMAIN_PRIMARY,CSI_INNOVATIVE_DRUG_INDUSTRY,931152,1856.45,1881.62,1848.2,1869.11,0.89,1024149363.0,305.98,50.0,30.76,csindex:index_perf,931152,OFFICIAL_HISTORICAL_VALUATION_AVAILABLE,True,2025-06-10,OFFICIAL_DAILY_OBSERVATION_DATE_NO_INTRADAY_TIMESTAMP_CLAIM
2025-06-11,INNOVATION_DRUG,INNOVATION_DRUG_931152,DOMAIN_PRIMARY,CSI_INNOVATIVE_DRUG_INDUSTRY,931152,1869.57,1878.65,1848.62,1853.0,-0.86,984739657.0,267.17,50.0,30.51,csindex:index_perf,931152,OFFICIAL_HISTORICAL_VALUATION_AVAILABLE,True,2025-06-11,OFFICIAL_DAILY_OBSERVATION_DATE_NO_INTRADAY_TIMESTAMP_CLAIM
2025-06-12,INNOVATION_DRUG,INNOVATION_DRUG_931152,DOMAIN_PRIMARY,CSI_INNOVATIVE_DRUG_INDUSTRY,931152,1849.14,1903.13,1847.02,1903.13,2.71,1043327786.0,317.11,50.0,31.28,csindex:index_perf,931152,OFFICIAL_HISTORICAL_VALUATION_AVAILABLE,True,2025-06-12,OFFICIAL_DAILY_OBSERVATION_DATE_NO_INTRADAY_TIMESTAMP_CLAIM
2025-06-13,INNOVATION_DRUG,INNOVATION_DRUG_931152,DOMAIN_PRIMARY,CSI_INNOVATIVE_DRUG_INDUSTRY,931152,1893.46,1912.97,1849.11,1862.45,-2.14,1328657598.0,378.64,50.0,30.68,csindex:index_perf,931152,OFFICIAL_HISTORICAL_VALUATION_AVAILABLE,True,2025-06-13,OFFICIAL_DAILY_OBSERVATION_DATE_NO_INTRADAY_TIMESTAMP_CLAIM
2025-06-16,INNOVATION_DRUG,INNOVATION_DRUG_931152,DOMAIN_PRIMARY,CSI_INNOVATIVE_DRUG_INDUSTRY,931152,1861.02,1875.25,1840.97,1852.96,-0.51,872593549.0,279.66,50.0,30.63,csindex:index_perf,931152,OFFICIAL_HISTORICAL_VALUATION_AVAILABLE,True,2025-06-16,OFFICIAL_DAILY_OBSERVATION_DATE_NO_INTRADAY_TIMESTAMP_CLAIM
2025-06-17,INNOVATION_DRUG,INNOVATION_DRUG_931152,DOMAIN_PRIMARY,CSI_INNOVATIVE_DRUG_INDUSTRY,931152,1860.51,1873.8,1796.32,1800.38,-2.84,1094112945.0,338.91,50.0,29.71,csindex:index_perf,931152,OFFICIAL_HISTORICAL_VALUATION_AVAILABLE,True,2025-06-17,OFFICIAL_DAILY_OBSERVATION_DATE_NO_INTRADAY_TIMESTAMP_CLAIM
2025-06-18,INNOVATION_DRUG,INNOVATION_DRUG_931152,DOMAIN_PRIMARY,CSI_INNOVATIVE_DRUG_INDUSTRY,931152,1793.31,1799.43,1778.72,1790.73,-0.54,712769055.0,216.56,50.0,29.55,csindex:index_perf,931152,OFFICIAL_HISTORICAL_VALUATION_AVAILABLE,True,2025-06-18,OFFICIAL_DAILY_OBSERVATION_DATE_NO_INTRADAY_TIMESTAMP_CLAIM
2025-06-19,INNOVATION_DRUG,INNOVATION_DRUG_931152,DOMAIN_PRIMARY,CSI_INNOVATIVE_DRUG_INDUSTRY,931152,1789.34,1802.11,1757.06,1762.82,-1.56,662133364.0,202.28,50.0,29.16,csindex:index_perf,931152,OFFICIAL_HISTORICAL_VALUATION_AVAILABLE,True,2025-06-19,OFFICIAL_DAILY_OBSERVATION_DATE_NO_INTRADAY_TIMESTAMP_CLAIM
2025-06-20,INNOVATION_DRUG,INNOVATION_DRUG_931152,DOMAIN_PRIMARY,CSI_INNOVATIVE_DRUG_INDUSTRY,931152,1764.39,1772.02,1758.66,1761.42,-0.08,580371658.0,164.31,50.0,29.13,csindex:index_perf,931152,OFFICIAL_HISTORICAL_VALUATION_AVAILABLE,True,2025-06-20,OFFICIAL_DAILY_OBSERVATION_DATE_NO_INTRADAY_TIMESTAMP_CLAIM
2025-06-23,INNOVATION_DRUG,INNOVATION_DRUG_931152,DOMAIN_PRIMARY,CSI_INNOVATIVE_DRUG_INDUSTRY,931152,1753.12,1781.94,1744.33,1777.14,0.89,629039380.0,200.13,50.0,29.37,csindex:index_perf,931152,OFFICIAL_HISTORICAL_VALUATION_AVAILABLE,True,2025-06-23,OFFICIAL_DAILY_OBSERVATION_DATE_NO_INTRADAY_TIMESTAMP_CLAIM
2025-06-24,INNOVATION_DRUG,INNOVATION_DRUG_931152,DOMAIN_PRIMARY,CSI_INNOVATIVE_DRUG_INDUSTRY,931152,1781.43,1801.26,1781.14,1797.49,1.14,646293837.0,212.71,50.0,29.7,csindex:index_perf,931152,OFFICIAL_HISTORICAL_VALUATION_AVAILABLE,True,2025-06-24,OFFICIAL_DAILY_OBSERVATION_DATE_NO_INTRADAY_TIMESTAMP_CLAIM
2025-06-25,INNOVATION_DRUG,INNOVATION_DRUG_931152,DOMAIN_PRIMARY,CSI_INNOVATIVE_DRUG_INDUSTRY,931152,1801.31,1812.31,1786.53,1805.36,0.44,675089839.0,214.76,50.0,29.84,csindex:index_perf,931152,OFFICIAL_HISTORICAL_VALUATION_AVAILABLE,True,2025-06-25,OFFICIAL_DAILY_OBSERVATION_DATE_NO_INTRADAY_TIMESTAMP_CLAIM
2025-06-26,INNOVATION_DRUG,INNOVATION_DRUG_931152,DOMAIN_PRIMARY,CSI_INNOVATIVE_DRUG_INDUSTRY,931152,1792.82,1792.82,1766.02,1774.1,-1.73,631960681.0,202.35,50.0,29.37,csindex:index_perf,931152,OFFICIAL_HISTORICAL_VALUATION_AVAILABLE,True,2025-06-26,OFFICIAL_DAILY_OBSERVATION_DATE_NO_INTRADAY_TIMESTAMP_CLAIM
2025-06-27,INNOVATION_DRUG,INNOVATION_DRUG_931152,DOMAIN_PRIMARY,CSI_INNOVATIVE_DRUG_INDUSTRY,931152,1771.7,1785.4,1771.59,1776.51,0.14,524489509.0,173.47,50.0,29.51,csindex:index_perf,931152,OFFICIAL_HISTORICAL_VALUATION_AVAILABLE,True,2025-06-27,OFFICIAL_DAILY_OBSERVATION_DATE_NO_INTRADAY_TIMESTAMP_CLAIM
2025-06-30,INNOVATION_DRUG,INNOVATION_DRUG_931152,DOMAIN_PRIMARY,CSI_INNOVATIVE_DRUG_INDUSTRY,931152,1773.94,1798.46,1763.18,1796.96,1.15,639207270.0,210.52,50.0,29.84,csindex:index_perf,931152,OFFICIAL_HISTORICAL_VALUATION_AVAILABLE,True,2025-06-30,OFFICIAL_DAILY_OBSERVATION_DATE_NO_INTRADAY_TIMESTAMP_CLAIM
2025-07-01,INNOVATION_DRUG,INNOVATION_DRUG_931152,DOMAIN_PRIMARY,CSI_INNOVATIVE_DRUG_INDUSTRY,931152,1798.41,1836.22,1798.32,1835.82,2.16,823429123.0,246.98,50.0,30.42,csindex:index_perf,931152,OFFICIAL_HISTORICAL_VALUATION_AVAILABLE,True,2025-07-01,OFFICIAL_DAILY_OBSERVATION_DATE_NO_INTRADAY_TIMESTAMP_CLAIM
2025-07-02,INNOVATION_DRUG,INNOVATION_DRUG_931152,DOMAIN_PRIMARY,CSI_INNOVATIVE_DRUG_INDUSTRY,931152,1834.72,1843.58,1805.11,1809.14,-1.45,675258116.0,205.41,50.0,30.02,csindex:index_perf,931152,OFFICIAL_HISTORICAL_VALUATION_AVAILABLE,True,2025-07-02,OFFICIAL_DAILY_OBSERVATION_DATE_NO_INTRADAY_TIMESTAMP_CLAIM
2025-07-03,INNOVATION_DRUG,INNOVATION_DRUG_931152,DOMAIN_PRIMARY,CSI_INNOVATIVE_DRUG_INDUSTRY,931152,1811.05,1849.94,1807.66,1847.52,2.12,779076799.0,239.35,50.0,30.58,csindex:index_perf,931152,OFFICIAL_HISTORICAL_VALUATION_AVAILABLE,True,2025-07-03,OFFICIAL_DAILY_OBSERVATION_DATE_NO_INTRADAY_TIMESTAMP_CLAIM
2025-07-04,INNOVATION_DRUG,INNOVATION_DRUG_931152,DOMAIN_PRIMARY,CSI_INNOVATIVE_DRUG_INDUSTRY,931152,1848.63,1871.47,1841.12,1857.6,0.54,786056550.0,257.75,50.0,30.8,csindex:index_perf,931152,OFFICIAL_HISTORICAL_VALUATION_AVAILABLE,True,2025-07-04,OFFICIAL_DAILY_OBSERVATION_DATE_NO_INTRADAY_TIMESTAMP_CLAIM
2025-07-07,INNOVATION_DRUG,INNOVATION_DRUG_931152,DOMAIN_PRIMARY,CSI_INNOVATIVE_DRUG_INDUSTRY,931152,1856.69,1861.64,1818.95,1820.09,-2.02,629619332.0,209.64,50.0,30.2,csindex:index_perf,931152,OFFICIAL_HISTORICAL_VALUATION_AVAILABLE,True,2025-07-07,OFFICIAL_DAILY_OBSERVATION_DATE_NO_INTRADAY_TIMESTAMP_CLAIM
2025-07-08,INNOVATION_DRUG,INNOVATION_DRUG_931152,DOMAIN_PRIMARY,CSI_INNOVATIVE_DRUG_INDUSTRY,931152,1818.33,1847.44,1817.12,1824.69,0.25,755717623.0,228.98,50.0,30.35,csindex:index_perf,931152,OFFICIAL_HISTORICAL_VALUATION_AVAILABLE,True,2025-07-08,OFFICIAL_DAILY_OBSERVATION_DATE_NO_INTRADAY_TIMESTAMP_CLAIM
2025-07-09,INNOVATION_DRUG,INNOVATION_DRUG_931152,DOMAIN_PRIMARY,CSI_INNOVATIVE_DRUG_INDUSTRY,931152,1818.6,1853.37,1808.41,1837.84,0.72,807168033.0,270.95,50.0,30.8,csindex:index_perf,931152,OFFICIAL_HISTORICAL_VALUATION_AVAILABLE,True,2025-07-09,OFFICIAL_DAILY_OBSERVATION_DATE_NO_INTRADAY_TIMESTAMP_CLAIM
2025-07-10,INNOVATION_DRUG,INNOVATION_DRUG_931152,DOMAIN_PRIMARY,CSI_INNOVATIVE_DRUG_INDUSTRY,931152,1841.68,1861.33,1839.86,1848.18,0.56,934055979.0,266.88,50.0,31.06,csindex:index_perf,931152,OFFICIAL_HISTORICAL_VALUATION_AVAILABLE,True,2025-07-10,OFFICIAL_DAILY_OBSERVATION_DATE_NO_INTRADAY_TIMESTAMP_CLAIM
2025-07-11,INNOVATION_DRUG,INNOVATION_DRUG_931152,DOMAIN_PRIMARY,CSI_INNOVATIVE_DRUG_INDUSTRY,931152,1858.64,1893.51,1855.89,1881.73,1.81,965495977.0,329.69,50.0,31.56,csindex:index_perf,931152,OFFICIAL_HISTORICAL_VALUATION_AVAILABLE,True,2025-07-11,OFFICIAL_DAILY_OBSERVATION_DATE_NO_INTRADAY_TIMESTAMP_CLAIM
2025-07-14,INNOVATION_DRUG,INNOVATION_DRUG_931152,DOMAIN_PRIMARY,CSI_INNOVATIVE_DRUG_INDUSTRY,931152,1878.88,1898.47,1872.61,1894.51,0.68,747824096.0,281.45,50.0,31.81,csindex:index_perf,931152,OFFICIAL_HISTORICAL_VALUATION_AVAILABLE,True,2025-07-14,OFFICIAL_DAILY_OBSERVATION_DATE_NO_INTRADAY_TIMESTAMP_CLAIM
2025-07-15,INNOVATION_DRUG,INNOVATION_DRUG_931152,DOMAIN_PRIMARY,CSI_INNOVATIVE_DRUG_INDUSTRY,931152,1893.08,1915.09,1882.91,1912.7,0.96,854752880.0,285.23,50.0,31.99,csindex:index_perf,931152,OFFICIAL_HISTORICAL_VALUATION_AVAILABLE,True,2025-07-15,OFFICIAL_DAILY_OBSERVATION_DATE_NO_INTRADAY_TIMESTAMP_CLAIM
2025-07-16,INNOVATION_DRUG,INNOVATION_DRUG_931152,DOMAIN_PRIMARY,CSI_INNOVATIVE_DRUG_INDUSTRY,931152,1915.96,1931.8,1909.88,1929.94,0.9,993660030.0,306.54,50.0,32.36,csindex:index_perf,931152,OFFICIAL_HISTORICAL_VALUATION_AVAILABLE,True,2025-07-16,OFFICIAL_DAILY_OBSERVATION_DATE_NO_INTRADAY_TIMESTAMP_CLAIM
2025-07-17,INNOVATION_DRUG,INNOVATION_DRUG_931152,DOMAIN_PRIMARY,CSI_INNOVATIVE_DRUG_INDUSTRY,931152,1930.05,1977.14,1927.36,1976.68,2.42,1037150423.0,346.61,50.0,33.11,csindex:index_perf,931152,OFFICIAL_HISTORICAL_VALUATION_AVAILABLE,True,2025-07-17,OFFICIAL_DAILY_OBSERVATION_DATE_NO_INTRADAY_TIMESTAMP_CLAIM
2025-07-18,INNOVATION_DRUG,INNOVATION_DRUG_931152,DOMAIN_PRIMARY,CSI_INNOVATIVE_DRUG_INDUSTRY,931152,1978.16,1997.9,1965.47,1997.36,1.05,823762614.0,304.15,50.0,33.47,csindex:index_perf,931152,OFFICIAL_HISTORICAL_VALUATION_AVAILABLE,True,2025-07-18,OFFICIAL_DAILY_OBSERVATION_DATE_NO_INTRADAY_TIMESTAMP_CLAIM
2025-07-21,INNOVATION_DRUG,INNOVATION_DRUG_931152,DOMAIN_PRIMARY,CSI_INNOVATIVE_DRUG_INDUSTRY,931152,1989.59,1989.59,1955.77,1981.5,-0.79,833291646.0,311.62,50.0,33.3,csindex:index_perf,931152,OFFICIAL_HISTORICAL_VALUATION_AVAILABLE,True,2025-07-21,OFFICIAL_DAILY_OBSERVATION_DATE_NO_INTRADAY_TIMESTAMP_CLAIM
2025-07-22,INNOVATION_DRUG,INNOVATION_DRUG_931152,DOMAIN_PRIMARY,CSI_INNOVATIVE_DRUG_INDUSTRY,931152,1975.01,2026.26,1972.51,1988.23,0.34,974477699.0,347.14,50.0,33.34,csindex:index_perf,931152,OFFICIAL_HISTORICAL_VALUATION_AVAILABLE,True,2025-07-22,OFFICIAL_DAILY_OBSERVATION_DATE_NO_INTRADAY_TIMESTAMP_CLAIM
2025-07-23,INNOVATION_DRUG,INNOVATION_DRUG_931152,DOMAIN_PRIMARY,CSI_INNOVATIVE_DRUG_INDUSTRY,931152,1984.01,2014.75,1976.07,1982.1,-0.31,987178460.0,347.37,50.0,33.22,csindex:index_perf,931152,OFFICIAL_HISTORICAL_VALUATION_AVAILABLE,True,2025-07-23,OFFICIAL_DAILY_OBSERVATION_DATE_NO_INTRADAY_TIMESTAMP_CLAIM
2025-07-24,INNOVATION_DRUG,INNOVATION_DRUG_931152,DOMAIN_PRIMARY,CSI_INNOVATIVE_DRUG_INDUSTRY,931152,1984.47,2031.93,1984.47,2028.46,2.34,1242352833.0,389.48,50.0,33.99,csindex:index_perf,931152,OFFICIAL_HISTORICAL_VALUATION_AVAILABLE,True,2025-07-24,OFFICIAL_DAILY_OBSERVATION_DATE_NO_INTRADAY_TIMESTAMP_CLAIM
2025-07-25,INNOVATION_DRUG,INNOVATION_DRUG_931152,DOMAIN_PRIMARY,CSI_INNOVATIVE_DRUG_INDUSTRY,931152,2028.15,2054.88,2014.48,2017.18,-0.56,1146493006.0,389.17,50.0,33.76,csindex:index_perf,931152,OFFICIAL_HISTORICAL_VALUATION_AVAILABLE,True,2025-07-25,OFFICIAL_DAILY_OBSERVATION_DATE_NO_INTRADAY_TIMESTAMP_CLAIM
2025-07-28,INNOVATION_DRUG,INNOVATION_DRUG_931152,DOMAIN_PRIMARY,CSI_INNOVATIVE_DRUG_INDUSTRY,931152,2036.72,2069.78,2032.4,2069.45,2.59,1028419598.0,406.02,50.0,34.95,csindex:index_perf,931152,OFFICIAL_HISTORICAL_VALUATION_AVAILABLE,True,2025-07-28,OFFICIAL_DAILY_OBSERVATION_DATE_NO_INTRADAY_TIMESTAMP_CLAIM
2025-07-29,INNOVATION_DRUG,INNOVATION_DRUG_931152,DOMAIN_PRIMARY,CSI_INNOVATIVE_DRUG_INDUSTRY,931152,2084.39,2146.64,2055.77,2131.76,3.01,1572053859.0,595.65,50.0,36.07,csindex:index_perf,931152,OFFICIAL_HISTORICAL_VALUATION_AVAILABLE,True,2025-07-29,OFFICIAL_DAILY_OBSERVATION_DATE_NO_INTRADAY_TIMESTAMP_CLAIM
2025-07-30,INNOVATION_DRUG,INNOVATION_DRUG_931152,DOMAIN_PRIMARY,CSI_INNOVATIVE_DRUG_INDUSTRY,931152,2120.59,2165.11,2104.48,2124.48,-0.34,1638638425.0,583.93,50.0,35.95,csindex:index_perf,931152,OFFICIAL_HISTORICAL_VALUATION_AVAILABLE,True,2025-07-30,OFFICIAL_DAILY_OBSERVATION_DATE_NO_INTRADAY_TIMESTAMP_CLAIM
2025-07-31,INNOVATION_DRUG,INNOVATION_DRUG_931152,DOMAIN_PRIMARY,CSI_INNOVATIVE_DRUG_INDUSTRY,931152,2113.79,2145.63,2091.02,2099.8,-1.16,1586739329.0,533.79,50.0,35.68,csindex:index_perf,931152,OFFICIAL_HISTORICAL_VALUATION_AVAILABLE,True,2025-07-31,OFFICIAL_DAILY_OBSERVATION_DATE_NO_INTRADAY_TIMESTAMP_CLAIM
2025-08-01,INNOVATION_DRUG,INNOVATION_DRUG_931152,DOMAIN_PRIMARY,CSI_INNOVATIVE_DRUG_INDUSTRY,931152,2095.17,2139.68,2073.57,2080.29,-0.93,1416838932.0,472.78,50.0,35.23,csindex:index_perf,931152,OFFICIAL_HISTORICAL_VALUATION_AVAILABLE,True,2025-08-01,OFFICIAL_DAILY_OBSERVATION_DATE_NO_INTRADAY_TIMESTAMP_CLAIM
2025-08-04,INNOVATION_DRUG,INNOVATION_DRUG_931152,DOMAIN_PRIMARY,CSI_INNOVATIVE_DRUG_INDUSTRY,931152,2070.96,2078.85,2025.63,2078.28,-0.1,1315805757.0,432.9,50.0,35.29,csindex:index_perf,931152,OFFICIAL_HISTORICAL_VALUATION_AVAILABLE,True,2025-08-04,OFFICIAL_DAILY_OBSERVATION_DATE_NO_INTRADAY_TIMESTAMP_CLAIM
2025-08-05,INNOVATION_DRUG,INNOVATION_DRUG_931152,DOMAIN_PRIMARY,CSI_INNOVATIVE_DRUG_INDUSTRY,931152,2086.96,2107.49,2076.41,2098.32,0.96,1099054864.0,354.78,50.0,35.52,csindex:index_perf,931152,OFFICIAL_HISTORICAL_VALUATION_AVAILABLE,True,2025-08-05,OFFICIAL_DAILY_OBSERVATION_DATE_NO_INTRADAY_TIMESTAMP_CLAIM
2025-08-06,INNOVATION_DRUG,INNOVATION_DRUG_931152,DOMAIN_PRIMARY,CSI_INNOVATIVE_DRUG_INDUSTRY,931152,2100.24,2123.91,2085.62,2093.63,-0.22,1059461481.0,365.03,50.0,35.38,csindex:index_perf,931152,OFFICIAL_HISTORICAL_VALUATION_AVAILABLE,True,2025-08-06,OFFICIAL_DAILY_OBSERVATION_DATE_NO_INTRADAY_TIMESTAMP_CLAIM
2025-08-07,INNOVATION_DRUG,INNOVATION_DRUG_931152,DOMAIN_PRIMARY,CSI_INNOVATIVE_DRUG_INDUSTRY,931152,2084.38,2102.37,2042.89,2051.42,-2.02,951881350.0,344.86,50.0,34.72,csindex:index_perf,931152,OFFICIAL_HISTORICAL_VALUATION_AVAILABLE,True,2025-08-07,OFFICIAL_DAILY_OBSERVATION_DATE_NO_INTRADAY_TIMESTAMP_CLAIM
2025-08-08,INNOVATION_DRUG,INNOVATION_DRUG_931152,DOMAIN_PRIMARY,CSI_INNOVATIVE_DRUG_INDUSTRY,931152,2042.23,2056.22,2020.57,2047.73,-0.18,804283963.0,287.07,50.0,34.72,csindex:index_perf,931152,OFFICIAL_HISTORICAL_VALUATION_AVAILABLE,True,2025-08-08,OFFICIAL_DAILY_OBSERVATION_DATE_NO_INTRADAY_TIMESTAMP_CLAIM
2025-08-11,INNOVATION_DRUG,INNOVATION_DRUG_931152,DOMAIN_PRIMARY,CSI_INNOVATIVE_DRUG_INDUSTRY,931152,2046.34,2074.52,2046.34,2069.81,1.08,1009102688.0,316.02,50.0,34.94,csindex:index_perf,931152,OFFICIAL_HISTORICAL_VALUATION_AVAILABLE,True,2025-08-11,OFFICIAL_DAILY_OBSERVATION_DATE_NO_INTRADAY_TIMESTAMP_CLAIM
2025-08-12,INNOVATION_DRUG,INNOVATION_DRUG_931152,DOMAIN_PRIMARY,CSI_INNOVATIVE_DRUG_INDUSTRY,931152,2075.0,2081.36,2041.48,2060.98,-0.43,912261519.0,303.15,50.0,34.82,csindex:index_perf,931152,OFFICIAL_HISTORICAL_VALUATION_AVAILABLE,True,2025-08-12,OFFICIAL_DAILY_OBSERVATION_DATE_NO_INTRADAY_TIMESTAMP_CLAIM
2025-08-13,INNOVATION_DRUG,INNOVATION_DRUG_931152,DOMAIN_PRIMARY,CSI_INNOVATIVE_DRUG_INDUSTRY,931152,2063.08,2125.32,2063.08,2120.46,2.89,1252837753.0,488.45,50.0,35.84,csindex:index_perf,931152,OFFICIAL_HISTORICAL_VALUATION_AVAILABLE,True,2025-08-13,OFFICIAL_DAILY_OBSERVATION_DATE_NO_INTRADAY_TIMESTAMP_CLAIM
2025-08-14,INNOVATION_DRUG,INNOVATION_DRUG_931152,DOMAIN_PRIMARY,CSI_INNOVATIVE_DRUG_INDUSTRY,931152,2126.82,2146.68,2106.24,2108.83,-0.55,1072253627.0,410.58,50.0,35.66,csindex:index_perf,931152,OFFICIAL_HISTORICAL_VALUATION_AVAILABLE,True,2025-08-14,OFFICIAL_DAILY_OBSERVATION_DATE_NO_INTRADAY_TIMESTAMP_CLAIM
2025-08-15,INNOVATION_DRUG,INNOVATION_DRUG_931152,DOMAIN_PRIMARY,CSI_INNOVATIVE_DRUG_INDUSTRY,931152,2101.66,2137.01,2090.89,2125.41,0.78,972558822.0,355.39,50.0,35.97,csindex:index_perf,931152,OFFICIAL_HISTORICAL_VALUATION_AVAILABLE,True,2025-08-15,OFFICIAL_DAILY_OBSERVATION_DATE_NO_INTRADAY_TIMESTAMP_CLAIM
2025-08-18,INNOVATION_DRUG,INNOVATION_DRUG_931152,DOMAIN_PRIMARY,CSI_INNOVATIVE_DRUG_INDUSTRY,931152,2128.38,2145.4,2117.34,2134.93,0.45,1273215941.0,445.09,50.0,36.02,csindex:index_perf,931152,OFFICIAL_HISTORICAL_VALUATION_AVAILABLE,True,2025-08-18,OFFICIAL_DAILY_OBSERVATION_DATE_NO_INTRADAY_TIMESTAMP_CLAIM
2025-08-19,INNOVATION_DRUG,INNOVATION_DRUG_931152,DOMAIN_PRIMARY,CSI_INNOVATIVE_DRUG_INDUSTRY,931152,2136.85,2183.34,2104.88,2105.78,-1.37,1408647851.0,549.23,50.0,35.52,csindex:index_perf,931152,OFFICIAL_HISTORICAL_VALUATION_AVAILABLE,True,2025-08-19,OFFICIAL_DAILY_OBSERVATION_DATE_NO_INTRADAY_TIMESTAMP_CLAIM
2025-08-20,INNOVATION_DRUG,INNOVATION_DRUG_931152,DOMAIN_PRIMARY,CSI_INNOVATIVE_DRUG_INDUSTRY,931152,2093.71,2112.68,2067.67,2112.66,0.33,1131588439.0,409.96,50.0,35.7,csindex:index_perf,931152,OFFICIAL_HISTORICAL_VALUATION_AVAILABLE,True,2025-08-20,OFFICIAL_DAILY_OBSERVATION_DATE_NO_INTRADAY_TIMESTAMP_CLAIM
2025-08-21,INNOVATION_DRUG,INNOVATION_DRUG_931152,DOMAIN_PRIMARY,CSI_INNOVATIVE_DRUG_INDUSTRY,931152,2120.46,2139.99,2105.0,2119.37,0.32,999870825.0,355.45,50.0,35.79,csindex:index_perf,931152,OFFICIAL_HISTORICAL_VALUATION_AVAILABLE,True,2025-08-21,OFFICIAL_DAILY_OBSERVATION_DATE_NO_INTRADAY_TIMESTAMP_CLAIM
2025-08-22,INNOVATION_DRUG,INNOVATION_DRUG_931152,DOMAIN_PRIMARY,CSI_INNOVATIVE_DRUG_INDUSTRY,931152,2125.45,2139.4,2111.61,2139.28,0.94,963276021.0,351.83,50.0,36.08,csindex:index_perf,931152,OFFICIAL_HISTORICAL_VALUATION_AVAILABLE,True,2025-08-22,OFFICIAL_DAILY_OBSERVATION_DATE_NO_INTRADAY_TIMESTAMP_CLAIM
2025-08-25,INNOVATION_DRUG,INNOVATION_DRUG_931152,DOMAIN_PRIMARY,CSI_INNOVATIVE_DRUG_INDUSTRY,931152,2144.68,2197.54,2144.68,2197.45,2.72,1399604804.0,528.48,50.0,37.04,csindex:index_perf,931152,OFFICIAL_HISTORICAL_VALUATION_AVAILABLE,True,2025-08-25,OFFICIAL_DAILY_OBSERVATION_DATE_NO_INTRADAY_TIMESTAMP_CLAIM
2025-08-26,INNOVATION_DRUG,INNOVATION_DRUG_931152,DOMAIN_PRIMARY,CSI_INNOVATIVE_DRUG_INDUSTRY,931152,2193.33,2200.63,2162.03,2166.62,-1.4,1133147968.0,408.59,50.0,36.5,csindex:index_perf,931152,OFFICIAL_HISTORICAL_VALUATION_AVAILABLE,True,2025-08-26,OFFICIAL_DAILY_OBSERVATION_DATE_NO_INTRADAY_TIMESTAMP_CLAIM
2025-08-27,INNOVATION_DRUG,INNOVATION_DRUG_931152,DOMAIN_PRIMARY,CSI_INNOVATIVE_DRUG_INDUSTRY,931152,2173.26,2188.54,2109.65,2109.65,-2.63,1256871054.0,462.03,50.0,35.53,csindex:index_perf,931152,OFFICIAL_HISTORICAL_VALUATION_AVAILABLE,True,2025-08-27,OFFICIAL_DAILY_OBSERVATION_DATE_NO_INTRADAY_TIMESTAMP_CLAIM
2025-08-28,INNOVATION_DRUG,INNOVATION_DRUG_931152,DOMAIN_PRIMARY,CSI_INNOVATIVE_DRUG_INDUSTRY,931152,2109.61,2121.94,2042.77,2106.67,-0.14,1208866843.0,446.77,50.0,35.45,csindex:index_perf,931152,OFFICIAL_HISTORICAL_VALUATION_AVAILABLE,True,2025-08-28,OFFICIAL_DAILY_OBSERVATION_DATE_NO_INTRADAY_TIMESTAMP_CLAIM
2025-08-29,INNOVATION_DRUG,INNOVATION_DRUG_931152,DOMAIN_PRIMARY,CSI_INNOVATIVE_DRUG_INDUSTRY,931152,2106.68,2180.53,2101.2,2162.58,2.65,1112331585.0,495.19,50.0,36.43,csindex:index_perf,931152,OFFICIAL_HISTORICAL_VALUATION_AVAILABLE,True,2025-08-29,OFFICIAL_DAILY_OBSERVATION_DATE_NO_INTRADAY_TIMESTAMP_CLAIM
2025-09-01,INNOVATION_DRUG,INNOVATION_DRUG_931152,DOMAIN_PRIMARY,CSI_INNOVATIVE_DRUG_INDUSTRY,931152,2171.37,2264.41,2166.83,2261.23,4.56,1454120965.0,621.13,50.0,35.36,csindex:index_perf,931152,OFFICIAL_HISTORICAL_VALUATION_AVAILABLE,True,2025-09-01,OFFICIAL_DAILY_OBSERVATION_DATE_NO_INTRADAY_TIMESTAMP_CLAIM
2025-09-02,INNOVATION_DRUG,INNOVATION_DRUG_931152,DOMAIN_PRIMARY,CSI_INNOVATIVE_DRUG_INDUSTRY,931152,2270.84,2320.83,2238.1,2263.97,0.12,1394423229.0,632.51,50.0,35.38,csindex:index_perf,931152,OFFICIAL_HISTORICAL_VALUATION_AVAILABLE,True,2025-09-02,OFFICIAL_DAILY_OBSERVATION_DATE_NO_INTRADAY_TIMESTAMP_CLAIM
2025-09-03,INNOVATION_DRUG,INNOVATION_DRUG_931152,DOMAIN_PRIMARY,CSI_INNOVATIVE_DRUG_INDUSTRY,931152,2266.84,2309.46,2257.42,2281.4,0.77,1207293156.0,542.1,50.0,35.79,csindex:index_perf,931152,OFFICIAL_HISTORICAL_VALUATION_AVAILABLE,True,2025-09-03,OFFICIAL_DAILY_OBSERVATION_DATE_NO_INTRADAY_TIMESTAMP_CLAIM
2025-09-04,INNOVATION_DRUG,INNOVATION_DRUG_931152,DOMAIN_PRIMARY,CSI_INNOVATIVE_DRUG_INDUSTRY,931152,2290.99,2292.62,2149.17,2184.95,-4.23,1268224074.0,569.13,50.0,34.24,csindex:index_perf,931152,OFFICIAL_HISTORICAL_VALUATION_AVAILABLE,True,2025-09-04,OFFICIAL_DAILY_OBSERVATION_DATE_NO_INTRADAY_TIMESTAMP_CLAIM
2025-09-05,INNOVATION_DRUG,INNOVATION_DRUG_931152,DOMAIN_PRIMARY,CSI_INNOVATIVE_DRUG_INDUSTRY,931152,2185.57,2282.47,2161.61,2277.61,4.24,1117270669.0,511.79,50.0,35.78,csindex:index_perf,931152,OFFICIAL_HISTORICAL_VALUATION_AVAILABLE,True,2025-09-05,OFFICIAL_DAILY_OBSERVATION_DATE_NO_INTRADAY_TIMESTAMP_CLAIM
2025-09-08,INNOVATION_DRUG,INNOVATION_DRUG_931152,DOMAIN_PRIMARY,CSI_INNOVATIVE_DRUG_INDUSTRY,931152,2282.79,2310.43,2257.95,2295.82,0.8,1094454506.0,481.43,50.0,36.03,csindex:index_perf,931152,OFFICIAL_HISTORICAL_VALUATION_AVAILABLE,True,2025-09-08,OFFICIAL_DAILY_OBSERVATION_DATE_NO_INTRADAY_TIMESTAMP_CLAIM
2025-09-09,INNOVATION_DRUG,INNOVATION_DRUG_931152,DOMAIN_PRIMARY,CSI_INNOVATIVE_DRUG_INDUSTRY,931152,2284.85,2337.59,2235.74,2248.95,-2.04,1035755105.0,468.59,50.0,35.2,csindex:index_perf,931152,OFFICIAL_HISTORICAL_VALUATION_AVAILABLE,True,2025-09-09,OFFICIAL_DAILY_OBSERVATION_DATE_NO_INTRADAY_TIMESTAMP_CLAIM
2025-09-10,INNOVATION_DRUG,INNOVATION_DRUG_931152,DOMAIN_PRIMARY,CSI_INNOVATIVE_DRUG_INDUSTRY,931152,2246.85,2280.24,2221.5,2235.26,-0.61,829775048.0,359.28,50.0,35.01,csindex:index_perf,931152,OFFICIAL_HISTORICAL_VALUATION_AVAILABLE,True,2025-09-10,OFFICIAL_DAILY_OBSERVATION_DATE_NO_INTRADAY_TIMESTAMP_CLAIM
2025-09-11,INNOVATION_DRUG,INNOVATION_DRUG_931152,DOMAIN_PRIMARY,CSI_INNOVATIVE_DRUG_INDUSTRY,931152,2147.55,2224.17,2102.64,2224.17,-0.5,1356472117.0,630.14,50.0,34.69,csindex:index_perf,931152,OFFICIAL_HISTORICAL_VALUATION_AVAILABLE,True,2025-09-11,OFFICIAL_DAILY_OBSERVATION_DATE_NO_INTRADAY_TIMESTAMP_CLAIM
2025-09-12,INNOVATION_DRUG,INNOVATION_DRUG_931152,DOMAIN_PRIMARY,CSI_INNOVATIVE_DRUG_INDUSTRY,931152,2235.28,2259.72,2206.45,2236.59,0.56,1008778513.0,430.05,50.0,34.9,csindex:index_perf,931152,OFFICIAL_HISTORICAL_VALUATION_AVAILABLE,True,2025-09-12,OFFICIAL_DAILY_OBSERVATION_DATE_NO_INTRADAY_TIMESTAMP_CLAIM
2025-09-15,INNOVATION_DRUG,INNOVATION_DRUG_931152,DOMAIN_PRIMARY,CSI_INNOVATIVE_DRUG_INDUSTRY,931152,2237.92,2266.7,2234.31,2240.98,0.2,931048774.0,404.51,50.0,34.97,csindex:index_perf,931152,OFFICIAL_HISTORICAL_VALUATION_AVAILABLE,True,2025-09-15,OFFICIAL_DAILY_OBSERVATION_DATE_NO_INTRADAY_TIMESTAMP_CLAIM
2025-09-16,INNOVATION_DRUG,INNOVATION_DRUG_931152,DOMAIN_PRIMARY,CSI_INNOVATIVE_DRUG_INDUSTRY,931152,2241.06,2244.44,2207.7,2229.88,-0.5,754577280.0,309.15,50.0,34.84,csindex:index_perf,931152,OFFICIAL_HISTORICAL_VALUATION_AVAILABLE,True,2025-09-16,OFFICIAL_DAILY_OBSERVATION_DATE_NO_INTRADAY_TIMESTAMP_CLAIM
2025-09-17,INNOVATION_DRUG,INNOVATION_DRUG_931152,DOMAIN_PRIMARY,CSI_INNOVATIVE_DRUG_INDUSTRY,931152,2231.76,2248.13,2206.74,2232.86,0.13,730284992.0,324.63,50.0,34.92,csindex:index_perf,931152,OFFICIAL_HISTORICAL_VALUATION_AVAILABLE,True,2025-09-17,OFFICIAL_DAILY_OBSERVATION_DATE_NO_INTRADAY_TIMESTAMP_CLAIM
2025-09-18,INNOVATION_DRUG,INNOVATION_DRUG_931152,DOMAIN_PRIMARY,CSI_INNOVATIVE_DRUG_INDUSTRY,931152,2240.49,2279.24,2208.48,2235.27,0.11,1130037117.0,467.5,50.0,34.95,csindex:index_perf,931152,OFFICIAL_HISTORICAL_VALUATION_AVAILABLE,True,2025-09-18,OFFICIAL_DAILY_OBSERVATION_DATE_NO_INTRADAY_TIMESTAMP_CLAIM
2025-09-19,INNOVATION_DRUG,INNOVATION_DRUG_931152,DOMAIN_PRIMARY,CSI_INNOVATIVE_DRUG_INDUSTRY,931152,2232.39,2247.41,2181.6,2199.16,-1.62,790319635.0,330.03,50.0,34.39,csindex:index_perf,931152,OFFICIAL_HISTORICAL_VALUATION_AVAILABLE,True,2025-09-19,OFFICIAL_DAILY_OBSERVATION_DATE_NO_INTRADAY_TIMESTAMP_CLAIM
2025-09-22,INNOVATION_DRUG,INNOVATION_DRUG_931152,DOMAIN_PRIMARY,CSI_INNOVATIVE_DRUG_INDUSTRY,931152,2206.54,2241.15,2181.34,2196.81,-0.11,716525146.0,323.77,50.0,34.46,csindex:index_perf,931152,OFFICIAL_HISTORICAL_VALUATION_AVAILABLE,True,2025-09-22,OFFICIAL_DAILY_OBSERVATION_DATE_NO_INTRADAY_TIMESTAMP_CLAIM
2025-09-23,INNOVATION_DRUG,INNOVATION_DRUG_931152,DOMAIN_PRIMARY,CSI_INNOVATIVE_DRUG_INDUSTRY,931152,2191.28,2197.05,2113.72,2150.56,-2.1,894755193.0,372.81,50.0,33.79,csindex:index_perf,931152,OFFICIAL_HISTORICAL_VALUATION_AVAILABLE,True,2025-09-23,OFFICIAL_DAILY_OBSERVATION_DATE_NO_INTRADAY_TIMESTAMP_CLAIM
2025-09-24,INNOVATION_DRUG,INNOVATION_DRUG_931152,DOMAIN_PRIMARY,CSI_INNOVATIVE_DRUG_INDUSTRY,931152,2151.17,2194.41,2150.43,2189.21,1.8,703414108.0,306.29,50.0,34.43,csindex:index_perf,931152,OFFICIAL_HISTORICAL_VALUATION_AVAILABLE,True,2025-09-24,OFFICIAL_DAILY_OBSERVATION_DATE_NO_INTRADAY_TIMESTAMP_CLAIM
2025-09-25,INNOVATION_DRUG,INNOVATION_DRUG_931152,DOMAIN_PRIMARY,CSI_INNOVATIVE_DRUG_INDUSTRY,931152,2201.12,2232.18,2200.31,2207.45,0.83,787048979.0,365.99,50.0,34.82,csindex:index_perf,931152,OFFICIAL_HISTORICAL_VALUATION_AVAILABLE,True,2025-09-25,OFFICIAL_DAILY_OBSERVATION_DATE_NO_INTRADAY_TIMESTAMP_CLAIM
2025-09-26,INNOVATION_DRUG,INNOVATION_DRUG_931152,DOMAIN_PRIMARY,CSI_INNOVATIVE_DRUG_INDUSTRY,931152,2181.27,2181.27,2150.12,2151.62,-2.53,724580845.0,326.82,50.0,33.91,csindex:index_perf,931152,OFFICIAL_HISTORICAL_VALUATION_AVAILABLE,True,2025-09-26,OFFICIAL_DAILY_OBSERVATION_DATE_NO_INTRADAY_TIMESTAMP_CLAIM
2025-09-29,INNOVATION_DRUG,INNOVATION_DRUG_931152,DOMAIN_PRIMARY,CSI_INNOVATIVE_DRUG_INDUSTRY,931152,2149.94,2162.21,2108.71,2155.55,0.18,713556202.0,306.75,50.0,33.9,csindex:index_perf,931152,OFFICIAL_HISTORICAL_VALUATION_AVAILABLE,True,2025-09-29,OFFICIAL_DAILY_OBSERVATION_DATE_NO_INTRADAY_TIMESTAMP_CLAIM
2025-09-30,INNOVATION_DRUG,INNOVATION_DRUG_931152,DOMAIN_PRIMARY,CSI_INNOVATIVE_DRUG_INDUSTRY,931152,2157.93,2202.92,2157.86,2202.33,2.17,682689029.0,320.74,50.0,34.65,csindex:index_perf,931152,OFFICIAL_HISTORICAL_VALUATION_AVAILABLE,True,2025-09-30,OFFICIAL_DAILY_OBSERVATION_DATE_NO_INTRADAY_TIMESTAMP_CLAIM
2025-10-09,INNOVATION_DRUG,INNOVATION_DRUG_931152,DOMAIN_PRIMARY,CSI_INNOVATIVE_DRUG_INDUSTRY,931152,2205.6,2207.64,2161.58,2189.96,-0.56,750480114.0,328.65,50.0,34.49,csindex:index_perf,931152,OFFICIAL_HISTORICAL_VALUATION_AVAILABLE,True,2025-10-09,OFFICIAL_DAILY_OBSERVATION_DATE_NO_INTRADAY_TIMESTAMP_CLAIM
2025-10-10,INNOVATION_DRUG,INNOVATION_DRUG_931152,DOMAIN_PRIMARY,CSI_INNOVATIVE_DRUG_INDUSTRY,931152,2178.92,2185.33,2129.21,2135.0,-2.51,761836965.0,350.8,50.0,33.59,csindex:index_perf,931152,OFFICIAL_HISTORICAL_VALUATION_AVAILABLE,True,2025-10-10,OFFICIAL_DAILY_OBSERVATION_DATE_NO_INTRADAY_TIMESTAMP_CLAIM
2025-10-13,INNOVATION_DRUG,INNOVATION_DRUG_931152,DOMAIN_PRIMARY,CSI_INNOVATIVE_DRUG_INDUSTRY,931152,2063.13,2108.06,2063.13,2087.72,-2.21,702279294.0,300.16,50.0,32.8,csindex:index_perf,931152,OFFICIAL_HISTORICAL_VALUATION_AVAILABLE,True,2025-10-13,OFFICIAL_DAILY_OBSERVATION_DATE_NO_INTRADAY_TIMESTAMP_CLAIM
2025-10-14,INNOVATION_DRUG,INNOVATION_DRUG_931152,DOMAIN_PRIMARY,CSI_INNOVATIVE_DRUG_INDUSTRY,931152,2102.32,2104.7,2019.5,2028.61,-2.83,751068793.0,313.0,50.0,31.86,csindex:index_perf,931152,OFFICIAL_HISTORICAL_VALUATION_AVAILABLE,True,2025-10-14,OFFICIAL_DAILY_OBSERVATION_DATE_NO_INTRADAY_TIMESTAMP_CLAIM
2025-10-15,INNOVATION_DRUG,INNOVATION_DRUG_931152,DOMAIN_PRIMARY,CSI_INNOVATIVE_DRUG_INDUSTRY,931152,2033.57,2082.73,2018.06,2082.47,2.65,765664856.0,272.43,50.0,32.79,csindex:index_perf,931152,OFFICIAL_HISTORICAL_VALUATION_AVAILABLE,True,2025-10-15,OFFICIAL_DAILY_OBSERVATION_DATE_NO_INTRADAY_TIMESTAMP_CLAIM
2025-10-16,INNOVATION_DRUG,INNOVATION_DRUG_931152,DOMAIN_PRIMARY,CSI_INNOVATIVE_DRUG_INDUSTRY,931152,2076.44,2120.19,2068.96,2090.77,0.4,682920782.0,263.5,50.0,32.94,csindex:index_perf,931152,OFFICIAL_HISTORICAL_VALUATION_AVAILABLE,True,2025-10-16,OFFICIAL_DAILY_OBSERVATION_DATE_NO_INTRADAY_TIMESTAMP_CLAIM
2025-10-17,INNOVATION_DRUG,INNOVATION_DRUG_931152,DOMAIN_PRIMARY,CSI_INNOVATIVE_DRUG_INDUSTRY,931152,2097.02,2102.73,2044.19,2046.63,-2.11,645659928.0,237.98,50.0,32.24,csindex:index_perf,931152,OFFICIAL_HISTORICAL_VALUATION_AVAILABLE,True,2025-10-17,OFFICIAL_DAILY_OBSERVATION_DATE_NO_INTRADAY_TIMESTAMP_CLAIM
2025-10-20,INNOVATION_DRUG,INNOVATION_DRUG_931152,DOMAIN_PRIMARY,CSI_INNOVATIVE_DRUG_INDUSTRY,931152,2067.4,2083.03,2045.76,2057.31,0.52,559737559.0,203.15,50.0,32.4,csindex:index_perf,931152,OFFICIAL_HISTORICAL_VALUATION_AVAILABLE,True,2025-10-20,OFFICIAL_DAILY_OBSERVATION_DATE_NO_INTRADAY_TIMESTAMP_CLAIM
2025-10-21,INNOVATION_DRUG,INNOVATION_DRUG_931152,DOMAIN_PRIMARY,CSI_INNOVATIVE_DRUG_INDUSTRY,931152,2063.88,2088.16,2054.54,2082.95,1.25,543199019.0,207.43,50.0,32.77,csindex:index_perf,931152,OFFICIAL_HISTORICAL_VALUATION_AVAILABLE,True,2025-10-21,OFFICIAL_DAILY_OBSERVATION_DATE_NO_INTRADAY_TIMESTAMP_CLAIM
2025-10-22,INNOVATION_DRUG,INNOVATION_DRUG_931152,DOMAIN_PRIMARY,CSI_INNOVATIVE_DRUG_INDUSTRY,931152,2082.73,2106.29,2065.35,2066.83,-0.77,494156393.0,185.19,50.0,32.51,csindex:index_perf,931152,OFFICIAL_HISTORICAL_VALUATION_AVAILABLE,True,2025-10-22,OFFICIAL_DAILY_OBSERVATION_DATE_NO_INTRADAY_TIMESTAMP_CLAIM
2025-10-23,INNOVATION_DRUG,INNOVATION_DRUG_931152,DOMAIN_PRIMARY,CSI_INNOVATIVE_DRUG_INDUSTRY,931152,2060.98,2065.8,2024.89,2049.69,-0.83,526949988.0,197.27,50.0,32.32,csindex:index_perf,931152,OFFICIAL_HISTORICAL_VALUATION_AVAILABLE,True,2025-10-23,OFFICIAL_DAILY_OBSERVATION_DATE_NO_INTRADAY_TIMESTAMP_CLAIM
2025-10-24,INNOVATION_DRUG,INNOVATION_DRUG_931152,DOMAIN_PRIMARY,CSI_INNOVATIVE_DRUG_INDUSTRY,931152,2053.23,2078.27,2045.6,2059.96,0.5,545642063.0,216.3,50.0,32.42,csindex:index_perf,931152,OFFICIAL_HISTORICAL_VALUATION_AVAILABLE,True,2025-10-24,OFFICIAL_DAILY_OBSERVATION_DATE_NO_INTRADAY_TIMESTAMP_CLAIM
2025-10-27,INNOVATION_DRUG,INNOVATION_DRUG_931152,DOMAIN_PRIMARY,CSI_INNOVATIVE_DRUG_INDUSTRY,931152,2093.42,2108.57,2080.2,2088.43,1.38,767277901.0,320.87,50.0,32.91,csindex:index_perf,931152,OFFICIAL_HISTORICAL_VALUATION_AVAILABLE,True,2025-10-27,OFFICIAL_DAILY_OBSERVATION_DATE_NO_INTRADAY_TIMESTAMP_CLAIM
2025-10-28,INNOVATION_DRUG,INNOVATION_DRUG_931152,DOMAIN_PRIMARY,CSI_INNOVATIVE_DRUG_INDUSTRY,931152,2080.04,2085.3,2057.85,2063.11,-1.21,759101478.0,293.21,50.0,32.38,csindex:index_perf,931152,OFFICIAL_HISTORICAL_VALUATION_AVAILABLE,True,2025-10-28,OFFICIAL_DAILY_OBSERVATION_DATE_NO_INTRADAY_TIMESTAMP_CLAIM
2025-10-29,INNOVATION_DRUG,INNOVATION_DRUG_931152,DOMAIN_PRIMARY,CSI_INNOVATIVE_DRUG_INDUSTRY,931152,2061.28,2082.89,2045.11,2082.89,0.96,750020855.0,291.81,50.0,32.78,csindex:index_perf,931152,OFFICIAL_HISTORICAL_VALUATION_AVAILABLE,True,2025-10-29,OFFICIAL_DAILY_OBSERVATION_DATE_NO_INTRADAY_TIMESTAMP_CLAIM
2025-10-30,INNOVATION_DRUG,INNOVATION_DRUG_931152,DOMAIN_PRIMARY,CSI_INNOVATIVE_DRUG_INDUSTRY,931152,2063.03,2063.03,2028.06,2028.06,-2.63,808036935.0,352.22,50.0,31.91,csindex:index_perf,931152,OFFICIAL_HISTORICAL_VALUATION_AVAILABLE,True,2025-10-30,OFFICIAL_DAILY_OBSERVATION_DATE_NO_INTRADAY_TIMESTAMP_CLAIM
2025-10-31,INNOVATION_DRUG,INNOVATION_DRUG_931152,DOMAIN_PRIMARY,CSI_INNOVATIVE_DRUG_INDUSTRY,931152,2029.48,2099.48,2028.11,2091.62,3.13,1119894149.0,434.24,50.0,32.82,csindex:index_perf,931152,OFFICIAL_HISTORICAL_VALUATION_AVAILABLE,True,2025-10-31,OFFICIAL_DAILY_OBSERVATION_DATE_NO_INTRADAY_TIMESTAMP_CLAIM
2025-11-03,INNOVATION_DRUG,INNOVATION_DRUG_931152,DOMAIN_PRIMARY,CSI_INNOVATIVE_DRUG_INDUSTRY,931152,2102.42,2103.62,2060.11,2080.33,-0.54,891143409.0,351.2,50.0,32.65,csindex:index_perf,931152,OFFICIAL_HISTORICAL_VALUATION_AVAILABLE,True,2025-11-03,OFFICIAL_DAILY_OBSERVATION_DATE_NO_INTRADAY_TIMESTAMP_CLAIM
2025-11-04,INNOVATION_DRUG,INNOVATION_DRUG_931152,DOMAIN_PRIMARY,CSI_INNOVATIVE_DRUG_INDUSTRY,931152,2074.22,2074.54,2021.71,2033.51,-2.25,844885136.0,306.94,50.0,31.86,csindex:index_perf,931152,OFFICIAL_HISTORICAL_VALUATION_AVAILABLE,True,2025-11-04,OFFICIAL_DAILY_OBSERVATION_DATE_NO_INTRADAY_TIMESTAMP_CLAIM
2025-11-05,INNOVATION_DRUG,INNOVATION_DRUG_931152,DOMAIN_PRIMARY,CSI_INNOVATIVE_DRUG_INDUSTRY,931152,2011.29,2047.7,2011.28,2022.9,-0.52,584868927.0,223.6,50.0,31.71,csindex:index_perf,931152,OFFICIAL_HISTORICAL_VALUATION_AVAILABLE,True,2025-11-05,OFFICIAL_DAILY_OBSERVATION_DATE_NO_INTRADAY_TIMESTAMP_CLAIM
2025-11-06,INNOVATION_DRUG,INNOVATION_DRUG_931152,DOMAIN_PRIMARY,CSI_INNOVATIVE_DRUG_INDUSTRY,931152,2020.44,2032.81,2013.53,2032.81,0.49,507659954.0,186.51,50.0,31.91,csindex:index_perf,931152,OFFICIAL_HISTORICAL_VALUATION_AVAILABLE,True,2025-11-06,OFFICIAL_DAILY_OBSERVATION_DATE_NO_INTRADAY_TIMESTAMP_CLAIM
2025-11-07,INNOVATION_DRUG,INNOVATION_DRUG_931152,DOMAIN_PRIMARY,CSI_INNOVATIVE_DRUG_INDUSTRY,931152,2028.96,2030.78,2014.5,2015.76,-0.84,606287704.0,201.75,50.0,31.63,csindex:index_perf,931152,OFFICIAL_HISTORICAL_VALUATION_AVAILABLE,True,2025-11-07,OFFICIAL_DAILY_OBSERVATION_DATE_NO_INTRADAY_TIMESTAMP_CLAIM
2025-11-10,INNOVATION_DRUG,INNOVATION_DRUG_931152,DOMAIN_PRIMARY,CSI_INNOVATIVE_DRUG_INDUSTRY,931152,2011.33,2036.77,2006.09,2034.68,0.94,682161835.0,241.22,50.0,31.9,csindex:index_perf,931152,OFFICIAL_HISTORICAL_VALUATION_AVAILABLE,True,2025-11-10,OFFICIAL_DAILY_OBSERVATION_DATE_NO_INTRADAY_TIMESTAMP_CLAIM
2025-11-11,INNOVATION_DRUG,INNOVATION_DRUG_931152,DOMAIN_PRIMARY,CSI_INNOVATIVE_DRUG_INDUSTRY,931152,2035.51,2035.51,2013.62,2023.21,-0.56,601362737.0,188.94,50.0,31.69,csindex:index_perf,931152,OFFICIAL_HISTORICAL_VALUATION_AVAILABLE,True,2025-11-11,OFFICIAL_DAILY_OBSERVATION_DATE_NO_INTRADAY_TIMESTAMP_CLAIM
2025-11-12,INNOVATION_DRUG,INNOVATION_DRUG_931152,DOMAIN_PRIMARY,CSI_INNOVATIVE_DRUG_INDUSTRY,931152,2027.66,2059.95,2026.81,2037.65,0.71,719078877.0,261.65,50.0,31.93,csindex:index_perf,931152,OFFICIAL_HISTORICAL_VALUATION_AVAILABLE,True,2025-11-12,OFFICIAL_DAILY_OBSERVATION_DATE_NO_INTRADAY_TIMESTAMP_CLAIM
2025-11-13,INNOVATION_DRUG,INNOVATION_DRUG_931152,DOMAIN_PRIMARY,CSI_INNOVATIVE_DRUG_INDUSTRY,931152,2046.88,2083.83,2039.42,2082.09,2.18,738061808.0,295.02,50.0,32.63,csindex:index_perf,931152,OFFICIAL_HISTORICAL_VALUATION_AVAILABLE,True,2025-11-13,OFFICIAL_DAILY_OBSERVATION_DATE_NO_INTRADAY_TIMESTAMP_CLAIM
2025-11-14,INNOVATION_DRUG,INNOVATION_DRUG_931152,DOMAIN_PRIMARY,CSI_INNOVATIVE_DRUG_INDUSTRY,931152,2071.23,2101.89,2066.3,2073.7,-0.4,734839571.0,257.88,50.0,32.49,csindex:index_perf,931152,OFFICIAL_HISTORICAL_VALUATION_AVAILABLE,True,2025-11-14,OFFICIAL_DAILY_OBSERVATION_DATE_NO_INTRADAY_TIMESTAMP_CLAIM
2025-11-17,INNOVATION_DRUG,INNOVATION_DRUG_931152,DOMAIN_PRIMARY,CSI_INNOVATIVE_DRUG_INDUSTRY,931152,2067.29,2067.71,2018.97,2029.45,-2.13,700944985.0,232.47,50.0,31.78,csindex:index_perf,931152,OFFICIAL_HISTORICAL_VALUATION_AVAILABLE,True,2025-11-17,OFFICIAL_DAILY_OBSERVATION_DATE_NO_INTRADAY_TIMESTAMP_CLAIM
2025-11-18,INNOVATION_DRUG,INNOVATION_DRUG_931152,DOMAIN_PRIMARY,CSI_INNOVATIVE_DRUG_INDUSTRY,931152,2026.26,2040.0,2009.06,2016.75,-0.63,524669724.0,182.38,50.0,31.55,csindex:index_perf,931152,OFFICIAL_HISTORICAL_VALUATION_AVAILABLE,True,2025-11-18,OFFICIAL_DAILY_OBSERVATION_DATE_NO_INTRADAY_TIMESTAMP_CLAIM
2025-11-19,INNOVATION_DRUG,INNOVATION_DRUG_931152,DOMAIN_PRIMARY,CSI_INNOVATIVE_DRUG_INDUSTRY,931152,2012.47,2017.59,1989.89,1996.47,-1.0,483436468.0,164.23,50.0,31.28,csindex:index_perf,931152,OFFICIAL_HISTORICAL_VALUATION_AVAILABLE,True,2025-11-19,OFFICIAL_DAILY_OBSERVATION_DATE_NO_INTRADAY_TIMESTAMP_CLAIM
2025-11-20,INNOVATION_DRUG,INNOVATION_DRUG_931152,DOMAIN_PRIMARY,CSI_INNOVATIVE_DRUG_INDUSTRY,931152,2005.97,2016.65,1990.09,1992.2,-0.21,469689434.0,154.7,50.0,31.15,csindex:index_perf,931152,OFFICIAL_HISTORICAL_VALUATION_AVAILABLE,True,2025-11-20,OFFICIAL_DAILY_OBSERVATION_DATE_NO_INTRADAY_TIMESTAMP_CLAIM
2025-11-21,INNOVATION_DRUG,INNOVATION_DRUG_931152,DOMAIN_PRIMARY,CSI_INNOVATIVE_DRUG_INDUSTRY,931152,1982.75,2001.05,1937.65,1945.43,-2.35,640333912.0,213.55,50.0,30.46,csindex:index_perf,931152,OFFICIAL_HISTORICAL_VALUATION_AVAILABLE,True,2025-11-21,OFFICIAL_DAILY_OBSERVATION_DATE_NO_INTRADAY_TIMESTAMP_CLAIM
2025-11-24,INNOVATION_DRUG,INNOVATION_DRUG_931152,DOMAIN_PRIMARY,CSI_INNOVATIVE_DRUG_INDUSTRY,931152,1957.12,1980.38,1951.41,1975.82,1.56,481061838.0,177.49,50.0,30.95,csindex:index_perf,931152,OFFICIAL_HISTORICAL_VALUATION_AVAILABLE,True,2025-11-24,OFFICIAL_DAILY_OBSERVATION_DATE_NO_INTRADAY_TIMESTAMP_CLAIM
2025-11-25,INNOVATION_DRUG,INNOVATION_DRUG_931152,DOMAIN_PRIMARY,CSI_INNOVATIVE_DRUG_INDUSTRY,931152,1980.54,2004.07,1970.15,1985.01,0.46,471592383.0,174.17,50.0,31.08,csindex:index_perf,931152,OFFICIAL_HISTORICAL_VALUATION_AVAILABLE,True,2025-11-25,OFFICIAL_DAILY_OBSERVATION_DATE_NO_INTRADAY_TIMESTAMP_CLAIM
2025-11-26,INNOVATION_DRUG,INNOVATION_DRUG_931152,DOMAIN_PRIMARY,CSI_INNOVATIVE_DRUG_INDUSTRY,931152,1989.73,2031.9,1989.73,2007.65,1.14,544499845.0,203.37,50.0,31.51,csindex:index_perf,931152,OFFICIAL_HISTORICAL_VALUATION_AVAILABLE,True,2025-11-26,OFFICIAL_DAILY_OBSERVATION_DATE_NO_INTRADAY_TIMESTAMP_CLAIM
2025-11-27,INNOVATION_DRUG,INNOVATION_DRUG_931152,DOMAIN_PRIMARY,CSI_INNOVATIVE_DRUG_INDUSTRY,931152,2000.01,2006.08,1985.37,1993.1,-0.72,407541285.0,168.26,50.0,31.23,csindex:index_perf,931152,OFFICIAL_HISTORICAL_VALUATION_AVAILABLE,True,2025-11-27,OFFICIAL_DAILY_OBSERVATION_DATE_NO_INTRADAY_TIMESTAMP_CLAIM
2025-11-28,INNOVATION_DRUG,INNOVATION_DRUG_931152,DOMAIN_PRIMARY,CSI_INNOVATIVE_DRUG_INDUSTRY,931152,1994.14,1994.9,1978.87,1993.47,0.02,374155973.0,141.17,50.0,31.28,csindex:index_perf,931152,OFFICIAL_HISTORICAL_VALUATION_AVAILABLE,True,2025-11-28,OFFICIAL_DAILY_OBSERVATION_DATE_NO_INTRADAY_TIMESTAMP_CLAIM
2025-12-01,INNOVATION_DRUG,INNOVATION_DRUG_931152,DOMAIN_PRIMARY,CSI_INNOVATIVE_DRUG_INDUSTRY,931152,1995.19,2001.18,1986.87,2001.18,0.39,437134835.0,163.63,50.0,31.45,csindex:index_perf,931152,OFFICIAL_HISTORICAL_VALUATION_AVAILABLE,True,2025-12-01,OFFICIAL_DAILY_OBSERVATION_DATE_NO_INTRADAY_TIMESTAMP_CLAIM
2025-12-02,INNOVATION_DRUG,INNOVATION_DRUG_931152,DOMAIN_PRIMARY,CSI_INNOVATIVE_DRUG_INDUSTRY,931152,1996.97,1998.02,1966.24,1968.45,-1.63,398731417.0,151.05,50.0,30.97,csindex:index_perf,931152,OFFICIAL_HISTORICAL_VALUATION_AVAILABLE,True,2025-12-02,OFFICIAL_DAILY_OBSERVATION_DATE_NO_INTRADAY_TIMESTAMP_CLAIM
2025-12-03,INNOVATION_DRUG,INNOVATION_DRUG_931152,DOMAIN_PRIMARY,CSI_INNOVATIVE_DRUG_INDUSTRY,931152,1967.93,1975.37,1948.67,1956.69,-0.6,446993742.0,155.85,50.0,30.85,csindex:index_perf,931152,OFFICIAL_HISTORICAL_VALUATION_AVAILABLE,True,2025-12-03,OFFICIAL_DAILY_OBSERVATION_DATE_NO_INTRADAY_TIMESTAMP_CLAIM
2025-12-04,INNOVATION_DRUG,INNOVATION_DRUG_931152,DOMAIN_PRIMARY,CSI_INNOVATIVE_DRUG_INDUSTRY,931152,1959.54,1973.89,1955.48,1970.55,0.71,366093561.0,133.11,50.0,31.02,csindex:index_perf,931152,OFFICIAL_HISTORICAL_VALUATION_AVAILABLE,True,2025-12-04,OFFICIAL_DAILY_OBSERVATION_DATE_NO_INTRADAY_TIMESTAMP_CLAIM
2025-12-05,INNOVATION_DRUG,INNOVATION_DRUG_931152,DOMAIN_PRIMARY,CSI_INNOVATIVE_DRUG_INDUSTRY,931152,1973.25,1976.08,1949.6,1975.61,0.26,388601608.0,144.95,50.0,31.11,csindex:index_perf,931152,OFFICIAL_HISTORICAL_VALUATION_AVAILABLE,True,2025-12-05,OFFICIAL_DAILY_OBSERVATION_DATE_NO_INTRADAY_TIMESTAMP_CLAIM
2025-12-08,INNOVATION_DRUG,INNOVATION_DRUG_931152,DOMAIN_PRIMARY,CSI_INNOVATIVE_DRUG_INDUSTRY,931152,1987.26,1998.06,1973.15,1978.78,0.16,444708817.0,180.76,50.0,31.29,csindex:index_perf,931152,OFFICIAL_HISTORICAL_VALUATION_AVAILABLE,True,2025-12-08,OFFICIAL_DAILY_OBSERVATION_DATE_NO_INTRADAY_TIMESTAMP_CLAIM
2025-12-09,INNOVATION_DRUG,INNOVATION_DRUG_931152,DOMAIN_PRIMARY,CSI_INNOVATIVE_DRUG_INDUSTRY,931152,1979.57,2005.18,1971.25,1972.46,-0.32,484312158.0,189.38,50.0,31.26,csindex:index_perf,931152,OFFICIAL_HISTORICAL_VALUATION_AVAILABLE,True,2025-12-09,OFFICIAL_DAILY_OBSERVATION_DATE_NO_INTRADAY_TIMESTAMP_CLAIM
2025-12-10,INNOVATION_DRUG,INNOVATION_DRUG_931152,DOMAIN_PRIMARY,CSI_INNOVATIVE_DRUG_INDUSTRY,931152,1970.95,1979.23,1949.51,1976.58,0.21,440620233.0,159.21,50.0,31.3,csindex:index_perf,931152,OFFICIAL_HISTORICAL_VALUATION_AVAILABLE,True,2025-12-10,OFFICIAL_DAILY_OBSERVATION_DATE_NO_INTRADAY_TIMESTAMP_CLAIM
2025-12-11,INNOVATION_DRUG,INNOVATION_DRUG_931152,DOMAIN_PRIMARY,CSI_INNOVATIVE_DRUG_INDUSTRY,931152,1979.72,1992.0,1968.71,1970.43,-0.31,497733923.0,182.47,50.0,31.2,csindex:index_perf,931152,OFFICIAL_HISTORICAL_VALUATION_AVAILABLE,True,2025-12-11,OFFICIAL_DAILY_OBSERVATION_DATE_NO_INTRADAY_TIMESTAMP_CLAIM
2025-12-12,INNOVATION_DRUG,INNOVATION_DRUG_931152,DOMAIN_PRIMARY,CSI_INNOVATIVE_DRUG_INDUSTRY,931152,1968.77,1976.09,1947.44,1974.54,0.21,638367464.0,235.37,50.0,31.26,csindex:index_perf,931152,OFFICIAL_HISTORICAL_VALUATION_AVAILABLE,True,2025-12-12,OFFICIAL_DAILY_OBSERVATION_DATE_NO_INTRADAY_TIMESTAMP_CLAIM
2025-12-15,INNOVATION_DRUG,INNOVATION_DRUG_931152,DOMAIN_PRIMARY,CSI_INNOVATIVE_DRUG_INDUSTRY,931152,1963.41,1965.45,1934.44,1934.44,-2.03,527776805.0,201.47,50.0,30.9,csindex:index_perf,931152,OFFICIAL_HISTORICAL_VALUATION_AVAILABLE,True,2025-12-15,OFFICIAL_DAILY_OBSERVATION_DATE_NO_INTRADAY_TIMESTAMP_CLAIM
2025-12-16,INNOVATION_DRUG,INNOVATION_DRUG_931152,DOMAIN_PRIMARY,CSI_INNOVATIVE_DRUG_INDUSTRY,931152,1932.84,1937.56,1895.94,1897.6,-1.9,523391467.0,189.1,50.0,30.21,csindex:index_perf,931152,OFFICIAL_HISTORICAL_VALUATION_AVAILABLE,True,2025-12-16,OFFICIAL_DAILY_OBSERVATION_DATE_NO_INTRADAY_TIMESTAMP_CLAIM
2025-12-17,INNOVATION_DRUG,INNOVATION_DRUG_931152,DOMAIN_PRIMARY,CSI_INNOVATIVE_DRUG_INDUSTRY,931152,1897.73,1931.43,1891.26,1925.16,1.45,555358610.0,180.36,50.0,30.66,csindex:index_perf,931152,OFFICIAL_HISTORICAL_VALUATION_AVAILABLE,True,2025-12-17,OFFICIAL_DAILY_OBSERVATION_DATE_NO_INTRADAY_TIMESTAMP_CLAIM
2025-12-18,INNOVATION_DRUG,INNOVATION_DRUG_931152,DOMAIN_PRIMARY,CSI_INNOVATIVE_DRUG_INDUSTRY,931152,1917.79,1935.17,1915.31,1915.31,-0.51,422069824.0,141.28,50.0,30.63,csindex:index_perf,931152,OFFICIAL_HISTORICAL_VALUATION_AVAILABLE,True,2025-12-18,OFFICIAL_DAILY_OBSERVATION_DATE_NO_INTRADAY_TIMESTAMP_CLAIM
2025-12-19,INNOVATION_DRUG,INNOVATION_DRUG_931152,DOMAIN_PRIMARY,CSI_INNOVATIVE_DRUG_INDUSTRY,931152,1918.34,1960.52,1917.43,1949.18,1.77,529275540.0,200.44,50.0,31.16,csindex:index_perf,931152,OFFICIAL_HISTORICAL_VALUATION_AVAILABLE,True,2025-12-19,OFFICIAL_DAILY_OBSERVATION_DATE_NO_INTRADAY_TIMESTAMP_CLAIM
2025-12-22,INNOVATION_DRUG,INNOVATION_DRUG_931152,DOMAIN_PRIMARY,CSI_INNOVATIVE_DRUG_INDUSTRY,931152,1947.94,1954.76,1935.2,1944.19,-0.26,466649626.0,166.4,50.0,31.11,csindex:index_perf,931152,OFFICIAL_HISTORICAL_VALUATION_AVAILABLE,True,2025-12-22,OFFICIAL_DAILY_OBSERVATION_DATE_NO_INTRADAY_TIMESTAMP_CLAIM
2025-12-23,INNOVATION_DRUG,INNOVATION_DRUG_931152,DOMAIN_PRIMARY,CSI_INNOVATIVE_DRUG_INDUSTRY,931152,1945.77,1957.8,1937.04,1940.45,-0.19,409576880.0,148.14,50.0,31.14,csindex:index_perf,931152,OFFICIAL_HISTORICAL_VALUATION_AVAILABLE,True,2025-12-23,OFFICIAL_DAILY_OBSERVATION_DATE_NO_INTRADAY_TIMESTAMP_CLAIM
2025-12-24,INNOVATION_DRUG,INNOVATION_DRUG_931152,DOMAIN_PRIMARY,CSI_INNOVATIVE_DRUG_INDUSTRY,931152,1940.01,1950.71,1932.76,1939.99,-0.02,382317647.0,140.38,50.0,31.08,csindex:index_perf,931152,OFFICIAL_HISTORICAL_VALUATION_AVAILABLE,True,2025-12-24,OFFICIAL_DAILY_OBSERVATION_DATE_NO_INTRADAY_TIMESTAMP_CLAIM
2025-12-25,INNOVATION_DRUG,INNOVATION_DRUG_931152,DOMAIN_PRIMARY,CSI_INNOVATIVE_DRUG_INDUSTRY,931152,1940.38,1948.43,1932.97,1945.48,0.28,367739503.0,136.0,50.0,31.24,csindex:index_perf,931152,OFFICIAL_HISTORICAL_VALUATION_AVAILABLE,True,2025-12-25,OFFICIAL_DAILY_OBSERVATION_DATE_NO_INTRADAY_TIMESTAMP_CLAIM
2025-12-26,INNOVATION_DRUG,INNOVATION_DRUG_931152,DOMAIN_PRIMARY,CSI_INNOVATIVE_DRUG_INDUSTRY,931152,1944.31,1951.07,1933.19,1944.41,-0.06,396556497.0,145.87,50.0,31.2,csindex:index_perf,931152,OFFICIAL_HISTORICAL_VALUATION_AVAILABLE,True,2025-12-26,OFFICIAL_DAILY_OBSERVATION_DATE_NO_INTRADAY_TIMESTAMP_CLAIM
2025-12-29,INNOVATION_DRUG,INNOVATION_DRUG_931152,DOMAIN_PRIMARY,CSI_INNOVATIVE_DRUG_INDUSTRY,931152,1942.57,1942.57,1913.26,1915.64,-1.48,483232336.0,173.86,50.0,30.75,csindex:index_perf,931152,OFFICIAL_HISTORICAL_VALUATION_AVAILABLE,True,2025-12-29,OFFICIAL_DAILY_OBSERVATION_DATE_NO_INTRADAY_TIMESTAMP_CLAIM
2025-12-30,INNOVATION_DRUG,INNOVATION_DRUG_931152,DOMAIN_PRIMARY,CSI_INNOVATIVE_DRUG_INDUSTRY,931152,1909.25,1910.09,1891.48,1902.38,-0.69,459536168.0,172.02,50.0,30.6,csindex:index_perf,931152,OFFICIAL_HISTORICAL_VALUATION_AVAILABLE,True,2025-12-30,OFFICIAL_DAILY_OBSERVATION_DATE_NO_INTRADAY_TIMESTAMP_CLAIM
2025-12-31,INNOVATION_DRUG,INNOVATION_DRUG_931152,DOMAIN_PRIMARY,CSI_INNOVATIVE_DRUG_INDUSTRY,931152,1900.87,1908.76,1889.98,1894.16,-0.43,426393484.0,162.7,50.0,30.43,csindex:index_perf,931152,OFFICIAL_HISTORICAL_VALUATION_AVAILABLE,True,2025-12-31,OFFICIAL_DAILY_OBSERVATION_DATE_NO_INTRADAY_TIMESTAMP_CLAIM
2026-01-05,INNOVATION_DRUG,INNOVATION_DRUG_931152,DOMAIN_PRIMARY,CSI_INNOVATIVE_DRUG_INDUSTRY,931152,1898.93,1973.9,1892.68,1966.83,3.84,876269160.0,354.02,50.0,31.61,csindex:index_perf,931152,OFFICIAL_HISTORICAL_VALUATION_AVAILABLE,True,2026-01-05,OFFICIAL_DAILY_OBSERVATION_DATE_NO_INTRADAY_TIMESTAMP_CLAIM
2026-01-06,INNOVATION_DRUG,INNOVATION_DRUG_931152,DOMAIN_PRIMARY,CSI_INNOVATIVE_DRUG_INDUSTRY,931152,1973.42,1977.2,1955.48,1976.43,0.49,647181131.0,248.75,50.0,31.75,csindex:index_perf,931152,OFFICIAL_HISTORICAL_VALUATION_AVAILABLE,True,2026-01-06,OFFICIAL_DAILY_OBSERVATION_DATE_NO_INTRADAY_TIMESTAMP_CLAIM
2026-01-07,INNOVATION_DRUG,INNOVATION_DRUG_931152,DOMAIN_PRIMARY,CSI_INNOVATIVE_DRUG_INDUSTRY,931152,1976.05,2016.03,1975.88,2006.1,1.5,709560729.0,296.23,50.0,32.16,csindex:index_perf,931152,OFFICIAL_HISTORICAL_VALUATION_AVAILABLE,True,2026-01-07,OFFICIAL_DAILY_OBSERVATION_DATE_NO_INTRADAY_TIMESTAMP_CLAIM
2026-01-08,INNOVATION_DRUG,INNOVATION_DRUG_931152,DOMAIN_PRIMARY,CSI_INNOVATIVE_DRUG_INDUSTRY,931152,2015.11,2027.03,1999.96,2008.16,0.1,685752177.0,265.66,50.0,32.17,csindex:index_perf,931152,OFFICIAL_HISTORICAL_VALUATION_AVAILABLE,True,2026-01-08,OFFICIAL_DAILY_OBSERVATION_DATE_NO_INTRADAY_TIMESTAMP_CLAIM
2026-01-09,INNOVATION_DRUG,INNOVATION_DRUG_931152,DOMAIN_PRIMARY,CSI_INNOVATIVE_DRUG_INDUSTRY,931152,2007.78,2040.98,1999.58,2038.6,1.52,832978525.0,295.68,50.0,32.54,csindex:index_perf,931152,OFFICIAL_HISTORICAL_VALUATION_AVAILABLE,True,2026-01-09,OFFICIAL_DAILY_OBSERVATION_DATE_NO_INTRADAY_TIMESTAMP_CLAIM
2026-01-12,INNOVATION_DRUG,INNOVATION_DRUG_931152,DOMAIN_PRIMARY,CSI_INNOVATIVE_DRUG_INDUSTRY,931152,2042.62,2053.01,2018.96,2035.79,-0.14,845365703.0,305.47,49.0,32.75,csindex:index_perf,931152,OFFICIAL_HISTORICAL_VALUATION_AVAILABLE,True,2026-01-12,OFFICIAL_DAILY_OBSERVATION_DATE_NO_INTRADAY_TIMESTAMP_CLAIM
2026-01-13,INNOVATION_DRUG,INNOVATION_DRUG_931152,DOMAIN_PRIMARY,CSI_INNOVATIVE_DRUG_INDUSTRY,931152,2053.43,2101.97,2053.43,2066.42,1.5,1194924796.0,463.58,49.0,33.26,csindex:index_perf,931152,OFFICIAL_HISTORICAL_VALUATION_AVAILABLE,True,2026-01-13,OFFICIAL_DAILY_OBSERVATION_DATE_NO_INTRADAY_TIMESTAMP_CLAIM
2026-01-14,INNOVATION_DRUG,INNOVATION_DRUG_931152,DOMAIN_PRIMARY,CSI_INNOVATIVE_DRUG_INDUSTRY,931152,2062.84,2096.57,2018.27,2040.92,-1.23,1146655616.0,421.0,49.0,32.84,csindex:index_perf,931152,OFFICIAL_HISTORICAL_VALUATION_AVAILABLE,True,2026-01-14,OFFICIAL_DAILY_OBSERVATION_DATE_NO_INTRADAY_TIMESTAMP_CLAIM
2026-01-15,INNOVATION_DRUG,INNOVATION_DRUG_931152,DOMAIN_PRIMARY,CSI_INNOVATIVE_DRUG_INDUSTRY,931152,2033.87,2057.23,2019.35,2024.93,-0.78,671666059.0,261.1,49.0,32.7,csindex:index_perf,931152,OFFICIAL_HISTORICAL_VALUATION_AVAILABLE,True,2026-01-15,OFFICIAL_DAILY_OBSERVATION_DATE_NO_INTRADAY_TIMESTAMP_CLAIM
2026-01-16,INNOVATION_DRUG,INNOVATION_DRUG_931152,DOMAIN_PRIMARY,CSI_INNOVATIVE_DRUG_INDUSTRY,931152,2028.73,2041.24,2002.71,2009.24,-0.77,665976588.0,260.09,49.0,32.42,csindex:index_perf,931152,OFFICIAL_HISTORICAL_VALUATION_AVAILABLE,True,2026-01-16,OFFICIAL_DAILY_OBSERVATION_DATE_NO_INTRADAY_TIMESTAMP_CLAIM
2026-01-19,INNOVATION_DRUG,INNOVATION_DRUG_931152,DOMAIN_PRIMARY,CSI_INNOVATIVE_DRUG_INDUSTRY,931152,2002.59,2010.42,1978.54,1988.34,-1.04,608334015.0,238.07,49.0,32.18,csindex:index_perf,931152,OFFICIAL_HISTORICAL_VALUATION_AVAILABLE,True,2026-01-19,OFFICIAL_DAILY_OBSERVATION_DATE_NO_INTRADAY_TIMESTAMP_CLAIM
2026-01-20,INNOVATION_DRUG,INNOVATION_DRUG_931152,DOMAIN_PRIMARY,CSI_INNOVATIVE_DRUG_INDUSTRY,931152,1987.14,1994.45,1958.22,1966.56,-1.09,652314889.0,235.31,49.0,31.87,csindex:index_perf,931152,OFFICIAL_HISTORICAL_VALUATION_AVAILABLE,True,2026-01-20,OFFICIAL_DAILY_OBSERVATION_DATE_NO_INTRADAY_TIMESTAMP_CLAIM
2026-01-21,INNOVATION_DRUG,INNOVATION_DRUG_931152,DOMAIN_PRIMARY,CSI_INNOVATIVE_DRUG_INDUSTRY,931152,1963.13,1984.69,1952.35,1962.94,-0.18,608026990.0,225.0,49.0,31.77,csindex:index_perf,931152,OFFICIAL_HISTORICAL_VALUATION_AVAILABLE,True,2026-01-21,OFFICIAL_DAILY_OBSERVATION_DATE_NO_INTRADAY_TIMESTAMP_CLAIM
2026-01-22,INNOVATION_DRUG,INNOVATION_DRUG_931152,DOMAIN_PRIMARY,CSI_INNOVATIVE_DRUG_INDUSTRY,931152,1966.67,1973.79,1935.85,1941.33,-1.1,587939261.0,227.48,49.0,31.44,csindex:index_perf,931152,OFFICIAL_HISTORICAL_VALUATION_AVAILABLE,True,2026-01-22,OFFICIAL_DAILY_OBSERVATION_DATE_NO_INTRADAY_TIMESTAMP_CLAIM
2026-01-23,INNOVATION_DRUG,INNOVATION_DRUG_931152,DOMAIN_PRIMARY,CSI_INNOVATIVE_DRUG_INDUSTRY,931152,1947.89,1970.46,1943.58,1961.0,1.01,785782844.0,270.52,49.0,31.63,csindex:index_perf,931152,OFFICIAL_HISTORICAL_VALUATION_AVAILABLE,True,2026-01-23,OFFICIAL_DAILY_OBSERVATION_DATE_NO_INTRADAY_TIMESTAMP_CLAIM
2026-01-26,INNOVATION_DRUG,INNOVATION_DRUG_931152,DOMAIN_PRIMARY,CSI_INNOVATIVE_DRUG_INDUSTRY,931152,1966.7,1979.2,1936.43,1968.35,0.37,1323517269.0,373.18,49.0,31.48,csindex:index_perf,931152,OFFICIAL_HISTORICAL_VALUATION_AVAILABLE,True,2026-01-26,OFFICIAL_DAILY_OBSERVATION_DATE_NO_INTRADAY_TIMESTAMP_CLAIM
2026-01-27,INNOVATION_DRUG,INNOVATION_DRUG_931152,DOMAIN_PRIMARY,CSI_INNOVATIVE_DRUG_INDUSTRY,931152,1972.51,1972.51,1918.06,1942.04,-1.34,1159546030.0,331.17,49.0,31.09,csindex:index_perf,931152,OFFICIAL_HISTORICAL_VALUATION_AVAILABLE,True,2026-01-27,OFFICIAL_DAILY_OBSERVATION_DATE_NO_INTRADAY_TIMESTAMP_CLAIM
2026-01-28,INNOVATION_DRUG,INNOVATION_DRUG_931152,DOMAIN_PRIMARY,CSI_INNOVATIVE_DRUG_INDUSTRY,931152,1941.31,1944.65,1915.51,1917.86,-1.24,891722627.0,294.88,49.0,30.76,csindex:index_perf,931152,OFFICIAL_HISTORICAL_VALUATION_AVAILABLE,True,2026-01-28,OFFICIAL_DAILY_OBSERVATION_DATE_NO_INTRADAY_TIMESTAMP_CLAIM
2026-01-29,INNOVATION_DRUG,INNOVATION_DRUG_931152,DOMAIN_PRIMARY,CSI_INNOVATIVE_DRUG_INDUSTRY,931152,1912.05,1929.43,1897.77,1924.32,0.34,864020829.0,306.14,49.0,31.06,csindex:index_perf,931152,OFFICIAL_HISTORICAL_VALUATION_AVAILABLE,True,2026-01-29,OFFICIAL_DAILY_OBSERVATION_DATE_NO_INTRADAY_TIMESTAMP_CLAIM
2026-01-30,INNOVATION_DRUG,INNOVATION_DRUG_931152,DOMAIN_PRIMARY,CSI_INNOVATIVE_DRUG_INDUSTRY,931152,1925.52,1957.48,1901.63,1902.85,-1.12,791684268.0,272.71,49.0,30.78,csindex:index_perf,931152,OFFICIAL_HISTORICAL_VALUATION_AVAILABLE,True,2026-01-30,OFFICIAL_DAILY_OBSERVATION_DATE_NO_INTRADAY_TIMESTAMP_CLAIM
2026-02-02,INNOVATION_DRUG,INNOVATION_DRUG_931152,DOMAIN_PRIMARY,CSI_INNOVATIVE_DRUG_INDUSTRY,931152,1888.91,1905.57,1846.88,1848.98,-2.83,715744019.0,241.25,49.0,29.97,csindex:index_perf,931152,OFFICIAL_HISTORICAL_VALUATION_AVAILABLE,True,2026-02-02,OFFICIAL_DAILY_OBSERVATION_DATE_NO_INTRADAY_TIMESTAMP_CLAIM
2026-02-03,INNOVATION_DRUG,INNOVATION_DRUG_931152,DOMAIN_PRIMARY,CSI_INNOVATIVE_DRUG_INDUSTRY,931152,1861.6,1874.01,1841.58,1872.87,1.29,561477908.0,195.11,49.0,30.34,csindex:index_perf,931152,OFFICIAL_HISTORICAL_VALUATION_AVAILABLE,True,2026-02-03,OFFICIAL_DAILY_OBSERVATION_DATE_NO_INTRADAY_TIMESTAMP_CLAIM
2026-02-04,INNOVATION_DRUG,INNOVATION_DRUG_931152,DOMAIN_PRIMARY,CSI_INNOVATIVE_DRUG_INDUSTRY,931152,1868.2,1895.3,1851.87,1894.3,1.14,580495618.0,206.3,49.0,30.62,csindex:index_perf,931152,OFFICIAL_HISTORICAL_VALUATION_AVAILABLE,True,2026-02-04,OFFICIAL_DAILY_OBSERVATION_DATE_NO_INTRADAY_TIMESTAMP_CLAIM
2026-02-05,INNOVATION_DRUG,INNOVATION_DRUG_931152,DOMAIN_PRIMARY,CSI_INNOVATIVE_DRUG_INDUSTRY,931152,1894.55,1905.48,1887.75,1896.25,0.1,576361258.0,204.26,49.0,30.73,csindex:index_perf,931152,OFFICIAL_HISTORICAL_VALUATION_AVAILABLE,True,2026-02-05,OFFICIAL_DAILY_OBSERVATION_DATE_NO_INTRADAY_TIMESTAMP_CLAIM
2026-02-06,INNOVATION_DRUG,INNOVATION_DRUG_931152,DOMAIN_PRIMARY,CSI_INNOVATIVE_DRUG_INDUSTRY,931152,1890.9,1914.25,1879.55,1895.6,-0.03,669548915.0,209.29,49.0,30.68,csindex:index_perf,931152,OFFICIAL_HISTORICAL_VALUATION_AVAILABLE,True,2026-02-06,OFFICIAL_DAILY_OBSERVATION_DATE_NO_INTRADAY_TIMESTAMP_CLAIM
2026-02-09,INNOVATION_DRUG,INNOVATION_DRUG_931152,DOMAIN_PRIMARY,CSI_INNOVATIVE_DRUG_INDUSTRY,931152,1906.05,1909.44,1893.88,1902.27,0.35,501950076.0,169.81,49.0,30.78,csindex:index_perf,931152,OFFICIAL_HISTORICAL_VALUATION_AVAILABLE,True,2026-02-09,OFFICIAL_DAILY_OBSERVATION_DATE_NO_INTRADAY_TIMESTAMP_CLAIM
2026-02-10,INNOVATION_DRUG,INNOVATION_DRUG_931152,DOMAIN_PRIMARY,CSI_INNOVATIVE_DRUG_INDUSTRY,931152,1902.94,1944.39,1896.64,1928.85,1.4,574012062.0,232.28,49.0,31.23,csindex:index_perf,931152,OFFICIAL_HISTORICAL_VALUATION_AVAILABLE,True,2026-02-10,OFFICIAL_DAILY_OBSERVATION_DATE_NO_INTRADAY_TIMESTAMP_CLAIM
2026-02-11,INNOVATION_DRUG,INNOVATION_DRUG_931152,DOMAIN_PRIMARY,CSI_INNOVATIVE_DRUG_INDUSTRY,931152,1930.72,1942.64,1926.11,1927.11,-0.09,435453359.0,170.19,49.0,31.29,csindex:index_perf,931152,OFFICIAL_HISTORICAL_VALUATION_AVAILABLE,True,2026-02-11,OFFICIAL_DAILY_OBSERVATION_DATE_NO_INTRADAY_TIMESTAMP_CLAIM
2026-02-12,INNOVATION_DRUG,INNOVATION_DRUG_931152,DOMAIN_PRIMARY,CSI_INNOVATIVE_DRUG_INDUSTRY,931152,1927.25,1942.04,1920.3,1920.76,-0.33,447997370.0,180.36,49.0,31.26,csindex:index_perf,931152,OFFICIAL_HISTORICAL_VALUATION_AVAILABLE,True,2026-02-12,OFFICIAL_DAILY_OBSERVATION_DATE_NO_INTRADAY_TIMESTAMP_CLAIM
2026-02-13,INNOVATION_DRUG,INNOVATION_DRUG_931152,DOMAIN_PRIMARY,CSI_INNOVATIVE_DRUG_INDUSTRY,931152,1919.49,1923.58,1891.0,1891.58,-1.52,435316595.0,156.64,49.0,30.78,csindex:index_perf,931152,OFFICIAL_HISTORICAL_VALUATION_AVAILABLE,True,2026-02-13,OFFICIAL_DAILY_OBSERVATION_DATE_NO_INTRADAY_TIMESTAMP_CLAIM
2026-02-24,INNOVATION_DRUG,INNOVATION_DRUG_931152,DOMAIN_PRIMARY,CSI_INNOVATIVE_DRUG_INDUSTRY,931152,1907.23,1908.21,1882.66,1883.04,-0.45,436959825.0,163.33,49.0,30.66,csindex:index_perf,931152,OFFICIAL_HISTORICAL_VALUATION_AVAILABLE,True,2026-02-24,OFFICIAL_DAILY_OBSERVATION_DATE_NO_INTRADAY_TIMESTAMP_CLAIM
2026-02-25,INNOVATION_DRUG,INNOVATION_DRUG_931152,DOMAIN_PRIMARY,CSI_INNOVATIVE_DRUG_INDUSTRY,931152,1882.82,1899.11,1878.67,1898.04,0.8,541936554.0,194.44,49.0,30.88,csindex:index_perf,931152,OFFICIAL_HISTORICAL_VALUATION_AVAILABLE,True,2026-02-25,OFFICIAL_DAILY_OBSERVATION_DATE_NO_INTRADAY_TIMESTAMP_CLAIM
2026-02-26,INNOVATION_DRUG,INNOVATION_DRUG_931152,DOMAIN_PRIMARY,CSI_INNOVATIVE_DRUG_INDUSTRY,931152,1899.08,1900.82,1867.49,1870.3,-1.46,614818522.0,222.47,49.0,30.47,csindex:index_perf,931152,OFFICIAL_HISTORICAL_VALUATION_AVAILABLE,True,2026-02-26,OFFICIAL_DAILY_OBSERVATION_DATE_NO_INTRADAY_TIMESTAMP_CLAIM
2026-02-27,INNOVATION_DRUG,INNOVATION_DRUG_931152,DOMAIN_PRIMARY,CSI_INNOVATIVE_DRUG_INDUSTRY,931152,1864.62,1877.35,1860.38,1868.18,-0.11,468347446.0,168.42,49.0,30.45,csindex:index_perf,931152,OFFICIAL_HISTORICAL_VALUATION_AVAILABLE,True,2026-02-27,OFFICIAL_DAILY_OBSERVATION_DATE_NO_INTRADAY_TIMESTAMP_CLAIM
2026-03-02,INNOVATION_DRUG,INNOVATION_DRUG_931152,DOMAIN_PRIMARY,CSI_INNOVATIVE_DRUG_INDUSTRY,931152,1842.84,1859.01,1814.28,1821.26,-2.51,766423967.0,253.02,49.0,29.71,csindex:index_perf,931152,OFFICIAL_HISTORICAL_VALUATION_AVAILABLE,True,2026-03-02,OFFICIAL_DAILY_OBSERVATION_DATE_NO_INTRADAY_TIMESTAMP_CLAIM
2026-03-03,INNOVATION_DRUG,INNOVATION_DRUG_931152,DOMAIN_PRIMARY,CSI_INNOVATIVE_DRUG_INDUSTRY,931152,1822.32,1832.38,1768.09,1770.28,-2.8,755500816.0,246.07,49.0,29.05,csindex:index_perf,931152,OFFICIAL_HISTORICAL_VALUATION_AVAILABLE,True,2026-03-03,OFFICIAL_DAILY_OBSERVATION_DATE_NO_INTRADAY_TIMESTAMP_CLAIM
2026-03-04,INNOVATION_DRUG,INNOVATION_DRUG_931152,DOMAIN_PRIMARY,CSI_INNOVATIVE_DRUG_INDUSTRY,931152,1763.02,1779.74,1746.04,1752.96,-0.98,572986120.0,195.24,49.0,28.74,csindex:index_perf,931152,OFFICIAL_HISTORICAL_VALUATION_AVAILABLE,True,2026-03-04,OFFICIAL_DAILY_OBSERVATION_DATE_NO_INTRADAY_TIMESTAMP_CLAIM
2026-03-05,INNOVATION_DRUG,INNOVATION_DRUG_931152,DOMAIN_PRIMARY,CSI_INNOVATIVE_DRUG_INDUSTRY,931152,1772.68,1788.0,1754.6,1768.52,0.89,480293854.0,169.11,49.0,28.95,csindex:index_perf,931152,OFFICIAL_HISTORICAL_VALUATION_AVAILABLE,True,2026-03-05,OFFICIAL_DAILY_OBSERVATION_DATE_NO_INTRADAY_TIMESTAMP_CLAIM
2026-03-06,INNOVATION_DRUG,INNOVATION_DRUG_931152,DOMAIN_PRIMARY,CSI_INNOVATIVE_DRUG_INDUSTRY,931152,1766.0,1823.04,1763.46,1821.52,3.0,649689051.0,219.8,49.0,29.78,csindex:index_perf,931152,OFFICIAL_HISTORICAL_VALUATION_AVAILABLE,True,2026-03-06,OFFICIAL_DAILY_OBSERVATION_DATE_NO_INTRADAY_TIMESTAMP_CLAIM
2026-03-09,INNOVATION_DRUG,INNOVATION_DRUG_931152,DOMAIN_PRIMARY,CSI_INNOVATIVE_DRUG_INDUSTRY,931152,1798.29,1802.09,1775.27,1796.57,-1.37,564517069.0,192.23,49.0,29.32,csindex:index_perf,931152,OFFICIAL_HISTORICAL_VALUATION_AVAILABLE,True,2026-03-09,OFFICIAL_DAILY_OBSERVATION_DATE_NO_INTRADAY_TIMESTAMP_CLAIM
2026-03-10,INNOVATION_DRUG,INNOVATION_DRUG_931152,DOMAIN_PRIMARY,CSI_INNOVATIVE_DRUG_INDUSTRY,931152,1812.23,1853.65,1812.23,1852.2,3.1,609344649.0,212.22,49.0,30.19,csindex:index_perf,931152,OFFICIAL_HISTORICAL_VALUATION_AVAILABLE,True,2026-03-10,OFFICIAL_DAILY_OBSERVATION_DATE_NO_INTRADAY_TIMESTAMP_CLAIM
2026-03-11,INNOVATION_DRUG,INNOVATION_DRUG_931152,DOMAIN_PRIMARY,CSI_INNOVATIVE_DRUG_INDUSTRY,931152,1854.41,1854.5,1830.23,1834.13,-0.97,517446434.0,177.07,49.0,29.91,csindex:index_perf,931152,OFFICIAL_HISTORICAL_VALUATION_AVAILABLE,True,2026-03-11,OFFICIAL_DAILY_OBSERVATION_DATE_NO_INTRADAY_TIMESTAMP_CLAIM
2026-03-12,INNOVATION_DRUG,INNOVATION_DRUG_931152,DOMAIN_PRIMARY,CSI_INNOVATIVE_DRUG_INDUSTRY,931152,1836.64,1836.64,1810.95,1819.78,-0.78,574614400.0,180.72,49.0,29.68,csindex:index_perf,931152,OFFICIAL_HISTORICAL_VALUATION_AVAILABLE,True,2026-03-12,OFFICIAL_DAILY_OBSERVATION_DATE_NO_INTRADAY_TIMESTAMP_CLAIM
2026-03-13,INNOVATION_DRUG,INNOVATION_DRUG_931152,DOMAIN_PRIMARY,CSI_INNOVATIVE_DRUG_INDUSTRY,931152,1812.71,1825.13,1802.98,1807.24,-0.69,531069262.0,167.17,49.0,29.54,csindex:index_perf,931152,OFFICIAL_HISTORICAL_VALUATION_AVAILABLE,True,2026-03-13,OFFICIAL_DAILY_OBSERVATION_DATE_NO_INTRADAY_TIMESTAMP_CLAIM
2026-03-16,INNOVATION_DRUG,INNOVATION_DRUG_931152,DOMAIN_PRIMARY,CSI_INNOVATIVE_DRUG_INDUSTRY,931152,1806.69,1832.05,1795.43,1825.45,1.01,522459665.0,178.68,49.0,29.81,csindex:index_perf,931152,OFFICIAL_HISTORICAL_VALUATION_AVAILABLE,True,2026-03-16,OFFICIAL_DAILY_OBSERVATION_DATE_NO_INTRADAY_TIMESTAMP_CLAIM
2026-03-17,INNOVATION_DRUG,INNOVATION_DRUG_931152,DOMAIN_PRIMARY,CSI_INNOVATIVE_DRUG_INDUSTRY,931152,1824.65,1869.79,1818.69,1835.59,0.56,648268056.0,241.84,49.0,30.04,csindex:index_perf,931152,OFFICIAL_HISTORICAL_VALUATION_AVAILABLE,True,2026-03-17,OFFICIAL_DAILY_OBSERVATION_DATE_NO_INTRADAY_TIMESTAMP_CLAIM
2026-03-18,INNOVATION_DRUG,INNOVATION_DRUG_931152,DOMAIN_PRIMARY,CSI_INNOVATIVE_DRUG_INDUSTRY,931152,1833.4,1851.66,1825.15,1849.22,0.74,503122844.0,188.77,49.0,30.29,csindex:index_perf,931152,OFFICIAL_HISTORICAL_VALUATION_AVAILABLE,True,2026-03-18,OFFICIAL_DAILY_OBSERVATION_DATE_NO_INTRADAY_TIMESTAMP_CLAIM
2026-03-19,INNOVATION_DRUG,INNOVATION_DRUG_931152,DOMAIN_PRIMARY,CSI_INNOVATIVE_DRUG_INDUSTRY,931152,1831.65,1846.11,1812.64,1817.87,-1.69,582644256.0,185.62,49.0,29.78,csindex:index_perf,931152,OFFICIAL_HISTORICAL_VALUATION_AVAILABLE,True,2026-03-19,OFFICIAL_DAILY_OBSERVATION_DATE_NO_INTRADAY_TIMESTAMP_CLAIM
2026-03-20,INNOVATION_DRUG,INNOVATION_DRUG_931152,DOMAIN_PRIMARY,CSI_INNOVATIVE_DRUG_INDUSTRY,931152,1818.52,1844.2,1794.63,1794.63,-1.28,577555396.0,187.57,49.0,29.45,csindex:index_perf,931152,OFFICIAL_HISTORICAL_VALUATION_AVAILABLE,True,2026-03-20,OFFICIAL_DAILY_OBSERVATION_DATE_NO_INTRADAY_TIMESTAMP_CLAIM
2026-03-23,INNOVATION_DRUG,INNOVATION_DRUG_931152,DOMAIN_PRIMARY,CSI_INNOVATIVE_DRUG_INDUSTRY,931152,1768.26,1768.26,1703.63,1712.92,-4.55,813370001.0,249.52,49.0,28.1,csindex:index_perf,931152,OFFICIAL_HISTORICAL_VALUATION_AVAILABLE,True,2026-03-23,OFFICIAL_DAILY_OBSERVATION_DATE_NO_INTRADAY_TIMESTAMP_CLAIM
2026-03-24,INNOVATION_DRUG,INNOVATION_DRUG_931152,DOMAIN_PRIMARY,CSI_INNOVATIVE_DRUG_INDUSTRY,931152,1740.61,1765.41,1736.0,1765.07,3.04,641602947.0,234.42,49.0,28.9,csindex:index_perf,931152,OFFICIAL_HISTORICAL_VALUATION_AVAILABLE,True,2026-03-24,OFFICIAL_DAILY_OBSERVATION_DATE_NO_INTRADAY_TIMESTAMP_CLAIM
2026-03-25,INNOVATION_DRUG,INNOVATION_DRUG_931152,DOMAIN_PRIMARY,CSI_INNOVATIVE_DRUG_INDUSTRY,931152,1775.67,1792.99,1772.58,1778.52,0.76,532475321.0,187.46,49.0,29.19,csindex:index_perf,931152,OFFICIAL_HISTORICAL_VALUATION_AVAILABLE,True,2026-03-25,OFFICIAL_DAILY_OBSERVATION_DATE_NO_INTRADAY_TIMESTAMP_CLAIM
2026-03-26,INNOVATION_DRUG,INNOVATION_DRUG_931152,DOMAIN_PRIMARY,CSI_INNOVATIVE_DRUG_INDUSTRY,931152,1776.19,1806.17,1755.62,1759.81,-1.05,523158112.0,193.43,49.0,28.79,csindex:index_perf,931152,OFFICIAL_HISTORICAL_VALUATION_AVAILABLE,True,2026-03-26,OFFICIAL_DAILY_OBSERVATION_DATE_NO_INTRADAY_TIMESTAMP_CLAIM
2026-03-27,INNOVATION_DRUG,INNOVATION_DRUG_931152,DOMAIN_PRIMARY,CSI_INNOVATIVE_DRUG_INDUSTRY,931152,1745.64,1852.46,1745.28,1849.6,5.1,891633690.0,317.24,49.0,30.23,csindex:index_perf,931152,OFFICIAL_HISTORICAL_VALUATION_AVAILABLE,True,2026-03-27,OFFICIAL_DAILY_OBSERVATION_DATE_NO_INTRADAY_TIMESTAMP_CLAIM
2026-03-30,INNOVATION_DRUG,INNOVATION_DRUG_931152,DOMAIN_PRIMARY,CSI_INNOVATIVE_DRUG_INDUSTRY,931152,1835.86,1873.28,1835.27,1865.08,0.84,957988083.0,313.98,49.0,30.59,csindex:index_perf,931152,OFFICIAL_HISTORICAL_VALUATION_AVAILABLE,True,2026-03-30,OFFICIAL_DAILY_OBSERVATION_DATE_NO_INTRADAY_TIMESTAMP_CLAIM
2026-03-31,INNOVATION_DRUG,INNOVATION_DRUG_931152,DOMAIN_PRIMARY,CSI_INNOVATIVE_DRUG_INDUSTRY,931152,1870.74,1910.02,1866.94,1866.94,0.1,862039610.0,320.26,49.0,30.55,csindex:index_perf,931152,OFFICIAL_HISTORICAL_VALUATION_AVAILABLE,True,2026-03-31,OFFICIAL_DAILY_OBSERVATION_DATE_NO_INTRADAY_TIMESTAMP_CLAIM
2026-04-01,INNOVATION_DRUG,INNOVATION_DRUG_931152,DOMAIN_PRIMARY,CSI_INNOVATIVE_DRUG_INDUSTRY,931152,1890.28,1963.83,1876.07,1963.6,5.18,1271298759.0,483.22,49.0,31.97,csindex:index_perf,931152,OFFICIAL_HISTORICAL_VALUATION_AVAILABLE,True,2026-04-01,OFFICIAL_DAILY_OBSERVATION_DATE_NO_INTRADAY_TIMESTAMP_CLAIM
2026-04-02,INNOVATION_DRUG,INNOVATION_DRUG_931152,DOMAIN_PRIMARY,CSI_INNOVATIVE_DRUG_INDUSTRY,931152,1954.46,1991.09,1941.28,1971.35,0.39,1092545173.0,428.26,49.0,32.12,csindex:index_perf,931152,OFFICIAL_HISTORICAL_VALUATION_AVAILABLE,True,2026-04-02,OFFICIAL_DAILY_OBSERVATION_DATE_NO_INTRADAY_TIMESTAMP_CLAIM
2026-04-03,INNOVATION_DRUG,INNOVATION_DRUG_931152,DOMAIN_PRIMARY,CSI_INNOVATIVE_DRUG_INDUSTRY,931152,1944.2,1947.76,1917.99,1926.91,-2.25,886952020.0,324.59,49.0,31.41,csindex:index_perf,931152,OFFICIAL_HISTORICAL_VALUATION_AVAILABLE,True,2026-04-03,OFFICIAL_DAILY_OBSERVATION_DATE_NO_INTRADAY_TIMESTAMP_CLAIM
2026-04-07,INNOVATION_DRUG,INNOVATION_DRUG_931152,DOMAIN_PRIMARY,CSI_INNOVATIVE_DRUG_INDUSTRY,931152,1927.31,1948.49,1882.62,1920.82,-0.32,800096622.0,277.04,49.0,31.3,csindex:index_perf,931152,OFFICIAL_HISTORICAL_VALUATION_AVAILABLE,True,2026-04-07,OFFICIAL_DAILY_OBSERVATION_DATE_NO_INTRADAY_TIMESTAMP_CLAIM
2026-04-08,INNOVATION_DRUG,INNOVATION_DRUG_931152,DOMAIN_PRIMARY,CSI_INNOVATIVE_DRUG_INDUSTRY,931152,1953.18,1962.54,1917.16,1949.43,1.49,958435519.0,348.85,49.0,31.75,csindex:index_perf,931152,OFFICIAL_HISTORICAL_VALUATION_AVAILABLE,True,2026-04-08,OFFICIAL_DAILY_OBSERVATION_DATE_NO_INTRADAY_TIMESTAMP_CLAIM
2026-04-09,INNOVATION_DRUG,INNOVATION_DRUG_931152,DOMAIN_PRIMARY,CSI_INNOVATIVE_DRUG_INDUSTRY,931152,1938.25,1970.57,1924.94,1927.83,-1.11,811237513.0,298.0,49.0,31.48,csindex:index_perf,931152,OFFICIAL_HISTORICAL_VALUATION_AVAILABLE,True,2026-04-09,OFFICIAL_DAILY_OBSERVATION_DATE_NO_INTRADAY_TIMESTAMP_CLAIM
2026-04-10,INNOVATION_DRUG,INNOVATION_DRUG_931152,DOMAIN_PRIMARY,CSI_INNOVATIVE_DRUG_INDUSTRY,931152,1930.29,1964.39,1920.71,1936.75,0.46,823471170.0,289.53,49.0,31.66,csindex:index_perf,931152,OFFICIAL_HISTORICAL_VALUATION_AVAILABLE,True,2026-04-10,OFFICIAL_DAILY_OBSERVATION_DATE_NO_INTRADAY_TIMESTAMP_CLAIM
2026-04-13,INNOVATION_DRUG,INNOVATION_DRUG_931152,DOMAIN_PRIMARY,CSI_INNOVATIVE_DRUG_INDUSTRY,931152,1930.86,1940.5,1915.88,1925.96,-0.56,763823887.0,281.49,49.0,31.31,csindex:index_perf,931152,OFFICIAL_HISTORICAL_VALUATION_AVAILABLE,True,2026-04-13,OFFICIAL_DAILY_OBSERVATION_DATE_NO_INTRADAY_TIMESTAMP_CLAIM
2026-04-14,INNOVATION_DRUG,INNOVATION_DRUG_931152,DOMAIN_PRIMARY,CSI_INNOVATIVE_DRUG_INDUSTRY,931152,1932.33,1939.75,1901.68,1939.42,0.7,755841562.0,273.3,49.0,31.58,csindex:index_perf,931152,OFFICIAL_HISTORICAL_VALUATION_AVAILABLE,True,2026-04-14,OFFICIAL_DAILY_OBSERVATION_DATE_NO_INTRADAY_TIMESTAMP_CLAIM
2026-04-15,INNOVATION_DRUG,INNOVATION_DRUG_931152,DOMAIN_PRIMARY,CSI_INNOVATIVE_DRUG_INDUSTRY,931152,1974.56,1994.07,1932.84,1983.45,2.27,1134699734.0,421.16,49.0,32.26,csindex:index_perf,931152,OFFICIAL_HISTORICAL_VALUATION_AVAILABLE,True,2026-04-15,OFFICIAL_DAILY_OBSERVATION_DATE_NO_INTRADAY_TIMESTAMP_CLAIM
2026-04-16,INNOVATION_DRUG,INNOVATION_DRUG_931152,DOMAIN_PRIMARY,CSI_INNOVATIVE_DRUG_INDUSTRY,931152,1979.56,1986.21,1954.42,1973.79,-0.49,825448207.0,311.33,49.0,31.91,csindex:index_perf,931152,OFFICIAL_HISTORICAL_VALUATION_AVAILABLE,True,2026-04-16,OFFICIAL_DAILY_OBSERVATION_DATE_NO_INTRADAY_TIMESTAMP_CLAIM
2026-04-17,INNOVATION_DRUG,INNOVATION_DRUG_931152,DOMAIN_PRIMARY,CSI_INNOVATIVE_DRUG_INDUSTRY,931152,1963.12,1963.12,1916.2,1929.07,-2.26,845468177.0,340.22,49.0,31.15,csindex:index_perf,931152,OFFICIAL_HISTORICAL_VALUATION_AVAILABLE,True,2026-04-17,OFFICIAL_DAILY_OBSERVATION_DATE_NO_INTRADAY_TIMESTAMP_CLAIM
2026-04-20,INNOVATION_DRUG,INNOVATION_DRUG_931152,DOMAIN_PRIMARY,CSI_INNOVATIVE_DRUG_INDUSTRY,931152,1926.19,1937.19,1912.65,1917.77,-0.59,722666009.0,262.71,49.0,31.02,csindex:index_perf,931152,OFFICIAL_HISTORICAL_VALUATION_AVAILABLE,True,2026-04-20,OFFICIAL_DAILY_OBSERVATION_DATE_NO_INTRADAY_TIMESTAMP_CLAIM
2026-04-21,INNOVATION_DRUG,INNOVATION_DRUG_931152,DOMAIN_PRIMARY,CSI_INNOVATIVE_DRUG_INDUSTRY,931152,1915.5,1931.33,1890.06,1894.64,-1.21,611642995.0,222.6,49.0,30.71,csindex:index_perf,931152,OFFICIAL_HISTORICAL_VALUATION_AVAILABLE,True,2026-04-21,OFFICIAL_DAILY_OBSERVATION_DATE_NO_INTRADAY_TIMESTAMP_CLAIM
2026-04-22,INNOVATION_DRUG,INNOVATION_DRUG_931152,DOMAIN_PRIMARY,CSI_INNOVATIVE_DRUG_INDUSTRY,931152,1888.89,1909.33,1884.86,1908.81,0.75,625661588.0,221.67,49.0,30.86,csindex:index_perf,931152,OFFICIAL_HISTORICAL_VALUATION_AVAILABLE,True,2026-04-22,OFFICIAL_DAILY_OBSERVATION_DATE_NO_INTRADAY_TIMESTAMP_CLAIM
2026-04-23,INNOVATION_DRUG,INNOVATION_DRUG_931152,DOMAIN_PRIMARY,CSI_INNOVATIVE_DRUG_INDUSTRY,931152,1909.22,1917.49,1878.8,1887.96,-1.09,764349517.0,303.22,49.0,30.72,csindex:index_perf,931152,OFFICIAL_HISTORICAL_VALUATION_AVAILABLE,True,2026-04-23,OFFICIAL_DAILY_OBSERVATION_DATE_NO_INTRADAY_TIMESTAMP_CLAIM
2026-04-24,INNOVATION_DRUG,INNOVATION_DRUG_931152,DOMAIN_PRIMARY,CSI_INNOVATIVE_DRUG_INDUSTRY,931152,1878.75,1898.82,1859.17,1881.97,-0.32,764098375.0,265.22,49.0,30.66,csindex:index_perf,931152,OFFICIAL_HISTORICAL_VALUATION_AVAILABLE,True,2026-04-24,OFFICIAL_DAILY_OBSERVATION_DATE_NO_INTRADAY_TIMESTAMP_CLAIM
2026-04-27,INNOVATION_DRUG,INNOVATION_DRUG_931152,DOMAIN_PRIMARY,CSI_INNOVATIVE_DRUG_INDUSTRY,931152,1877.54,1887.65,1865.73,1881.43,-0.03,696912064.0,243.18,49.0,30.52,csindex:index_perf,931152,OFFICIAL_HISTORICAL_VALUATION_AVAILABLE,True,2026-04-27,OFFICIAL_DAILY_OBSERVATION_DATE_NO_INTRADAY_TIMESTAMP_CLAIM
2026-04-28,INNOVATION_DRUG,INNOVATION_DRUG_931152,DOMAIN_PRIMARY,CSI_INNOVATIVE_DRUG_INDUSTRY,931152,1910.0,1944.27,1903.73,1907.79,1.4,998982667.0,360.34,49.0,31.0,csindex:index_perf,931152,OFFICIAL_HISTORICAL_VALUATION_AVAILABLE,True,2026-04-28,OFFICIAL_DAILY_OBSERVATION_DATE_NO_INTRADAY_TIMESTAMP_CLAIM
2026-04-29,INNOVATION_DRUG,INNOVATION_DRUG_931152,DOMAIN_PRIMARY,CSI_INNOVATIVE_DRUG_INDUSTRY,931152,1903.31,1915.79,1891.37,1904.98,-0.15,885591551.0,373.4,49.0,30.97,csindex:index_perf,931152,OFFICIAL_HISTORICAL_VALUATION_AVAILABLE,True,2026-04-29,OFFICIAL_DAILY_OBSERVATION_DATE_NO_INTRADAY_TIMESTAMP_CLAIM
2026-04-30,INNOVATION_DRUG,INNOVATION_DRUG_931152,DOMAIN_PRIMARY,CSI_INNOVATIVE_DRUG_INDUSTRY,931152,1902.48,1923.84,1884.6,1900.87,-0.22,834293897.0,322.62,49.0,30.79,csindex:index_perf,931152,OFFICIAL_HISTORICAL_VALUATION_AVAILABLE,True,2026-04-30,OFFICIAL_DAILY_OBSERVATION_DATE_NO_INTRADAY_TIMESTAMP_CLAIM
2026-05-06,INNOVATION_DRUG,INNOVATION_DRUG_931152,DOMAIN_PRIMARY,CSI_INNOVATIVE_DRUG_INDUSTRY,931152,1905.81,1914.62,1896.49,1902.12,0.06,917463776.0,350.43,49.0,27.85,csindex:index_perf,931152,OFFICIAL_HISTORICAL_VALUATION_AVAILABLE,True,2026-05-06,OFFICIAL_DAILY_OBSERVATION_DATE_NO_INTRADAY_TIMESTAMP_CLAIM
2026-05-07,INNOVATION_DRUG,INNOVATION_DRUG_931152,DOMAIN_PRIMARY,CSI_INNOVATIVE_DRUG_INDUSTRY,931152,1909.2,1925.08,1899.65,1913.72,0.61,763709164.0,299.62,49.0,27.97,csindex:index_perf,931152,OFFICIAL_HISTORICAL_VALUATION_AVAILABLE,True,2026-05-07,OFFICIAL_DAILY_OBSERVATION_DATE_NO_INTRADAY_TIMESTAMP_CLAIM
2026-05-08,INNOVATION_DRUG,INNOVATION_DRUG_931152,DOMAIN_PRIMARY,CSI_INNOVATIVE_DRUG_INDUSTRY,931152,1913.69,1914.18,1877.48,1879.93,-1.76,793198801.0,297.23,49.0,27.42,csindex:index_perf,931152,OFFICIAL_HISTORICAL_VALUATION_AVAILABLE,True,2026-05-08,OFFICIAL_DAILY_OBSERVATION_DATE_NO_INTRADAY_TIMESTAMP_CLAIM
2026-05-11,INNOVATION_DRUG,INNOVATION_DRUG_931152,DOMAIN_PRIMARY,CSI_INNOVATIVE_DRUG_INDUSTRY,931152,1878.61,1927.91,1859.52,1921.96,2.23,1397318421.0,458.39,49.0,27.85,csindex:index_perf,931152,OFFICIAL_HISTORICAL_VALUATION_AVAILABLE,True,2026-05-11,OFFICIAL_DAILY_OBSERVATION_DATE_NO_INTRADAY_TIMESTAMP_CLAIM
2026-05-12,INNOVATION_DRUG,INNOVATION_DRUG_931152,DOMAIN_PRIMARY,CSI_INNOVATIVE_DRUG_INDUSTRY,931152,1909.33,1957.25,1892.96,1912.01,-0.52,1320656645.0,521.5,49.0,27.94,csindex:index_perf,931152,OFFICIAL_HISTORICAL_VALUATION_AVAILABLE,True,2026-05-12,OFFICIAL_DAILY_OBSERVATION_DATE_NO_INTRADAY_TIMESTAMP_CLAIM
2026-05-13,INNOVATION_DRUG,INNOVATION_DRUG_931152,DOMAIN_PRIMARY,CSI_INNOVATIVE_DRUG_INDUSTRY,931152,1909.08,1912.4,1877.99,1888.2,-1.24,919065165.0,351.14,49.0,27.62,csindex:index_perf,931152,OFFICIAL_HISTORICAL_VALUATION_AVAILABLE,True,2026-05-13,OFFICIAL_DAILY_OBSERVATION_DATE_NO_INTRADAY_TIMESTAMP_CLAIM
2026-05-14,INNOVATION_DRUG,INNOVATION_DRUG_931152,DOMAIN_PRIMARY,CSI_INNOVATIVE_DRUG_INDUSTRY,931152,1889.77,1903.18,1832.12,1832.12,-2.97,893048901.0,328.88,49.0,26.79,csindex:index_perf,931152,OFFICIAL_HISTORICAL_VALUATION_AVAILABLE,True,2026-05-14,OFFICIAL_DAILY_OBSERVATION_DATE_NO_INTRADAY_TIMESTAMP_CLAIM
2026-05-15,INNOVATION_DRUG,INNOVATION_DRUG_931152,DOMAIN_PRIMARY,CSI_INNOVATIVE_DRUG_INDUSTRY,931152,1833.43,1852.66,1807.2,1816.41,-0.86,794686546.0,287.32,49.0,26.57,csindex:index_perf,931152,OFFICIAL_HISTORICAL_VALUATION_AVAILABLE,True,2026-05-15,OFFICIAL_DAILY_OBSERVATION_DATE_NO_INTRADAY_TIMESTAMP_CLAIM
2026-05-18,INNOVATION_DRUG,INNOVATION_DRUG_931152,DOMAIN_PRIMARY,CSI_INNOVATIVE_DRUG_INDUSTRY,931152,1810.85,1811.04,1770.68,1779.7,-2.02,696645814.0,241.14,49.0,26.01,csindex:index_perf,931152,OFFICIAL_HISTORICAL_VALUATION_AVAILABLE,True,2026-05-18,OFFICIAL_DAILY_OBSERVATION_DATE_NO_INTRADAY_TIMESTAMP_CLAIM
2026-05-19,INNOVATION_DRUG,INNOVATION_DRUG_931152,DOMAIN_PRIMARY,CSI_INNOVATIVE_DRUG_INDUSTRY,931152,1780.4,1803.22,1773.16,1786.76,0.4,624112393.0,222.04,49.0,26.07,csindex:index_perf,931152,OFFICIAL_HISTORICAL_VALUATION_AVAILABLE,True,2026-05-19,OFFICIAL_DAILY_OBSERVATION_DATE_NO_INTRADAY_TIMESTAMP_CLAIM
2026-05-20,INNOVATION_DRUG,INNOVATION_DRUG_931152,DOMAIN_PRIMARY,CSI_INNOVATIVE_DRUG_INDUSTRY,931152,1783.72,1802.22,1766.68,1785.25,-0.08,680956123.0,242.76,49.0,26.05,csindex:index_perf,931152,OFFICIAL_HISTORICAL_VALUATION_AVAILABLE,True,2026-05-20,OFFICIAL_DAILY_OBSERVATION_DATE_NO_INTRADAY_TIMESTAMP_CLAIM
2026-05-21,INNOVATION_DRUG,INNOVATION_DRUG_931152,DOMAIN_PRIMARY,CSI_INNOVATIVE_DRUG_INDUSTRY,931152,1787.65,1840.44,1787.64,1800.56,0.86,935423841.0,371.56,49.0,26.27,csindex:index_perf,931152,OFFICIAL_HISTORICAL_VALUATION_AVAILABLE,True,2026-05-21,OFFICIAL_DAILY_OBSERVATION_DATE_NO_INTRADAY_TIMESTAMP_CLAIM
2026-05-22,INNOVATION_DRUG,INNOVATION_DRUG_931152,DOMAIN_PRIMARY,CSI_INNOVATIVE_DRUG_INDUSTRY,931152,1809.81,1812.53,1769.09,1774.19,-1.46,760312420.0,281.11,49.0,25.92,csindex:index_perf,931152,OFFICIAL_HISTORICAL_VALUATION_AVAILABLE,True,2026-05-22,OFFICIAL_DAILY_OBSERVATION_DATE_NO_INTRADAY_TIMESTAMP_CLAIM
2026-05-25,INNOVATION_DRUG,INNOVATION_DRUG_931152,DOMAIN_PRIMARY,CSI_INNOVATIVE_DRUG_INDUSTRY,931152,1767.61,1773.26,1737.75,1753.75,-1.15,722258929.0,250.62,49.0,25.6,csindex:index_perf,931152,OFFICIAL_HISTORICAL_VALUATION_AVAILABLE,True,2026-05-25,OFFICIAL_DAILY_OBSERVATION_DATE_NO_INTRADAY_TIMESTAMP_CLAIM
2026-05-26,INNOVATION_DRUG,INNOVATION_DRUG_931152,DOMAIN_PRIMARY,CSI_INNOVATIVE_DRUG_INDUSTRY,931152,1748.28,1758.64,1731.18,1747.79,-0.34,697898851.0,244.43,49.0,25.57,csindex:index_perf,931152,OFFICIAL_HISTORICAL_VALUATION_AVAILABLE,True,2026-05-26,OFFICIAL_DAILY_OBSERVATION_DATE_NO_INTRADAY_TIMESTAMP_CLAIM
2026-05-27,INNOVATION_DRUG,INNOVATION_DRUG_931152,DOMAIN_PRIMARY,CSI_INNOVATIVE_DRUG_INDUSTRY,931152,1740.5,1752.51,1709.95,1740.14,-0.44,776187983.0,269.97,49.0,25.56,csindex:index_perf,931152,OFFICIAL_HISTORICAL_VALUATION_AVAILABLE,True,2026-05-27,OFFICIAL_DAILY_OBSERVATION_DATE_NO_INTRADAY_TIMESTAMP_CLAIM
2026-05-28,INNOVATION_DRUG,INNOVATION_DRUG_931152,DOMAIN_PRIMARY,CSI_INNOVATIVE_DRUG_INDUSTRY,931152,1736.75,1745.23,1692.29,1701.3,-2.23,658701502.0,237.93,49.0,24.94,csindex:index_perf,931152,OFFICIAL_HISTORICAL_VALUATION_AVAILABLE,True,2026-05-28,OFFICIAL_DAILY_OBSERVATION_DATE_NO_INTRADAY_TIMESTAMP_CLAIM
2026-05-29,INNOVATION_DRUG,INNOVATION_DRUG_931152,DOMAIN_PRIMARY,CSI_INNOVATIVE_DRUG_INDUSTRY,931152,1702.38,1756.02,1690.64,1733.66,1.9,891560098.0,347.14,49.0,25.49,csindex:index_perf,931152,OFFICIAL_HISTORICAL_VALUATION_AVAILABLE,True,2026-05-29,OFFICIAL_DAILY_OBSERVATION_DATE_NO_INTRADAY_TIMESTAMP_CLAIM
2026-06-01,INNOVATION_DRUG,INNOVATION_DRUG_931152,DOMAIN_PRIMARY,CSI_INNOVATIVE_DRUG_INDUSTRY,931152,1737.13,1772.84,1706.79,1714.24,-1.12,784955653.0,320.96,49.0,25.24,csindex:index_perf,931152,OFFICIAL_HISTORICAL_VALUATION_AVAILABLE,True,2026-06-01,OFFICIAL_DAILY_OBSERVATION_DATE_NO_INTRADAY_TIMESTAMP_CLAIM
2026-06-02,INNOVATION_DRUG,INNOVATION_DRUG_931152,DOMAIN_PRIMARY,CSI_INNOVATIVE_DRUG_INDUSTRY,931152,1710.78,1710.78,1677.26,1687.66,-1.55,625793151.0,231.68,49.0,24.9,csindex:index_perf,931152,OFFICIAL_HISTORICAL_VALUATION_AVAILABLE,True,2026-06-02,OFFICIAL_DAILY_OBSERVATION_DATE_NO_INTRADAY_TIMESTAMP_CLAIM
2026-06-03,INNOVATION_DRUG,INNOVATION_DRUG_931152,DOMAIN_PRIMARY,CSI_INNOVATIVE_DRUG_INDUSTRY,931152,1680.85,1681.17,1653.63,1658.01,-1.76,637001979.0,225.19,49.0,24.44,csindex:index_perf,931152,OFFICIAL_HISTORICAL_VALUATION_AVAILABLE,True,2026-06-03,OFFICIAL_DAILY_OBSERVATION_DATE_NO_INTRADAY_TIMESTAMP_CLAIM
2026-06-04,INNOVATION_DRUG,INNOVATION_DRUG_931152,DOMAIN_PRIMARY,CSI_INNOVATIVE_DRUG_INDUSTRY,931152,1653.81,1664.78,1632.39,1640.02,-1.08,587185883.0,199.25,49.0,24.17,csindex:index_perf,931152,OFFICIAL_HISTORICAL_VALUATION_AVAILABLE,True,2026-06-04,OFFICIAL_DAILY_OBSERVATION_DATE_NO_INTRADAY_TIMESTAMP_CLAIM
2026-06-05,INNOVATION_DRUG,INNOVATION_DRUG_931152,DOMAIN_PRIMARY,CSI_INNOVATIVE_DRUG_INDUSTRY,931152,1659.52,1674.09,1635.46,1639.7,-0.02,641599237.0,238.19,49.0,24.19,csindex:index_perf,931152,OFFICIAL_HISTORICAL_VALUATION_AVAILABLE,True,2026-06-05,OFFICIAL_DAILY_OBSERVATION_DATE_NO_INTRADAY_TIMESTAMP_CLAIM
2026-06-08,INNOVATION_DRUG,INNOVATION_DRUG_931152,DOMAIN_PRIMARY,CSI_INNOVATIVE_DRUG_INDUSTRY,931152,1620.12,1641.68,1583.35,1600.66,-2.38,651837065.0,223.15,49.0,23.68,csindex:index_perf,931152,OFFICIAL_HISTORICAL_VALUATION_AVAILABLE,True,2026-06-08,OFFICIAL_DAILY_OBSERVATION_DATE_NO_INTRADAY_TIMESTAMP_CLAIM
2026-06-09,INNOVATION_DRUG,INNOVATION_DRUG_931152,DOMAIN_PRIMARY,CSI_INNOVATIVE_DRUG_INDUSTRY,931152,1600.0,1612.8,1573.87,1605.04,0.27,602104266.0,237.08,49.0,23.74,csindex:index_perf,931152,OFFICIAL_HISTORICAL_VALUATION_AVAILABLE,True,2026-06-09,OFFICIAL_DAILY_OBSERVATION_DATE_NO_INTRADAY_TIMESTAMP_CLAIM
2026-06-10,INNOVATION_DRUG,INNOVATION_DRUG_931152,DOMAIN_PRIMARY,CSI_INNOVATIVE_DRUG_INDUSTRY,931152,1596.59,1633.09,1596.22,1633.09,1.75,642403293.0,228.09,49.0,24.17,csindex:index_perf,931152,OFFICIAL_HISTORICAL_VALUATION_AVAILABLE,True,2026-06-10,OFFICIAL_DAILY_OBSERVATION_DATE_NO_INTRADAY_TIMESTAMP_CLAIM
2026-06-11,INNOVATION_DRUG,INNOVATION_DRUG_931152,DOMAIN_PRIMARY,CSI_INNOVATIVE_DRUG_INDUSTRY,931152,1619.91,1633.91,1608.84,1624.63,-0.52,575635558.0,200.35,49.0,24.11,csindex:index_perf,931152,OFFICIAL_HISTORICAL_VALUATION_AVAILABLE,True,2026-06-11,OFFICIAL_DAILY_OBSERVATION_DATE_NO_INTRADAY_TIMESTAMP_CLAIM
2026-06-12,INNOVATION_DRUG,INNOVATION_DRUG_931152,DOMAIN_PRIMARY,CSI_INNOVATIVE_DRUG_INDUSTRY,931152,1631.29,1665.1,1609.49,1663.38,2.38,901259465.0,326.83,49.0,24.69,csindex:index_perf,931152,OFFICIAL_HISTORICAL_VALUATION_AVAILABLE,True,2026-06-12,OFFICIAL_DAILY_OBSERVATION_DATE_NO_INTRADAY_TIMESTAMP_CLAIM
2026-06-15,INNOVATION_DRUG,INNOVATION_DRUG_931152,DOMAIN_PRIMARY,CSI_INNOVATIVE_DRUG_INDUSTRY,931152,1658.03,1663.24,1643.33,1653.2,-0.61,713729621.0,243.29,50.0,25.09,csindex:index_perf,931152,OFFICIAL_HISTORICAL_VALUATION_AVAILABLE,True,2026-06-15,OFFICIAL_DAILY_OBSERVATION_DATE_NO_INTRADAY_TIMESTAMP_CLAIM
2026-06-16,INNOVATION_DRUG,INNOVATION_DRUG_931152,DOMAIN_PRIMARY,CSI_INNOVATIVE_DRUG_INDUSTRY,931152,1645.8,1645.93,1622.56,1626.67,-1.6,628986702.0,199.34,50.0,24.67,csindex:index_perf,931152,OFFICIAL_HISTORICAL_VALUATION_AVAILABLE,True,2026-06-16,OFFICIAL_DAILY_OBSERVATION_DATE_NO_INTRADAY_TIMESTAMP_CLAIM
2026-06-17,INNOVATION_DRUG,INNOVATION_DRUG_931152,DOMAIN_PRIMARY,CSI_INNOVATIVE_DRUG_INDUSTRY,931152,1622.92,1627.03,1609.63,1616.08,-0.65,576191769.0,185.18,50.0,24.53,csindex:index_perf,931152,OFFICIAL_HISTORICAL_VALUATION_AVAILABLE,True,2026-06-17,OFFICIAL_DAILY_OBSERVATION_DATE_NO_INTRADAY_TIMESTAMP_CLAIM
2026-06-18,INNOVATION_DRUG,INNOVATION_DRUG_931152,DOMAIN_PRIMARY,CSI_INNOVATIVE_DRUG_INDUSTRY,931152,1611.71,1685.42,1601.99,1658.23,2.61,856300363.0,329.81,50.0,24.72,csindex:index_perf,931152,OFFICIAL_HISTORICAL_VALUATION_AVAILABLE,True,2026-06-18,OFFICIAL_DAILY_OBSERVATION_DATE_NO_INTRADAY_TIMESTAMP_CLAIM
2026-06-22,INNOVATION_DRUG,INNOVATION_DRUG_931152,DOMAIN_PRIMARY,CSI_INNOVATIVE_DRUG_INDUSTRY,931152,1646.7,1672.77,1608.3,1671.97,0.83,959634727.0,336.59,50.0,25.02,csindex:index_perf,931152,OFFICIAL_HISTORICAL_VALUATION_AVAILABLE,True,2026-06-22,OFFICIAL_DAILY_OBSERVATION_DATE_NO_INTRADAY_TIMESTAMP_CLAIM
2026-06-23,INNOVATION_DRUG,INNOVATION_DRUG_931152,DOMAIN_PRIMARY,CSI_INNOVATIVE_DRUG_INDUSTRY,931152,1667.56,1727.0,1667.41,1695.89,1.43,1059741074.0,377.17,50.0,25.31,csindex:index_perf,931152,OFFICIAL_HISTORICAL_VALUATION_AVAILABLE,True,2026-06-23,OFFICIAL_DAILY_OBSERVATION_DATE_NO_INTRADAY_TIMESTAMP_CLAIM
2026-06-24,INNOVATION_DRUG,INNOVATION_DRUG_931152,DOMAIN_PRIMARY,CSI_INNOVATIVE_DRUG_INDUSTRY,931152,1700.47,1770.03,1698.93,1739.05,2.55,1171758401.0,482.7,50.0,26.11,csindex:index_perf,931152,OFFICIAL_HISTORICAL_VALUATION_AVAILABLE,True,2026-06-24,OFFICIAL_DAILY_OBSERVATION_DATE_NO_INTRADAY_TIMESTAMP_CLAIM
2026-06-25,INNOVATION_DRUG,INNOVATION_DRUG_931152,DOMAIN_PRIMARY,CSI_INNOVATIVE_DRUG_INDUSTRY,931152,1720.46,1767.4,1691.46,1755.24,0.93,1075965828.0,432.65,50.0,26.26,csindex:index_perf,931152,OFFICIAL_HISTORICAL_VALUATION_AVAILABLE,True,2026-06-25,OFFICIAL_DAILY_OBSERVATION_DATE_NO_INTRADAY_TIMESTAMP_CLAIM
2026-06-26,INNOVATION_DRUG,INNOVATION_DRUG_931152,DOMAIN_PRIMARY,CSI_INNOVATIVE_DRUG_INDUSTRY,931152,1755.05,1768.88,1701.38,1701.38,-3.07,913082526.0,359.8,50.0,25.58,csindex:index_perf,931152,OFFICIAL_HISTORICAL_VALUATION_AVAILABLE,True,2026-06-26,OFFICIAL_DAILY_OBSERVATION_DATE_NO_INTRADAY_TIMESTAMP_CLAIM
2026-06-29,INNOVATION_DRUG,INNOVATION_DRUG_931152,DOMAIN_PRIMARY,CSI_INNOVATIVE_DRUG_INDUSTRY,931152,1698.12,1844.53,1681.92,1839.89,8.14,1572033867.0,634.37,50.0,27.67,csindex:index_perf,931152,OFFICIAL_HISTORICAL_VALUATION_AVAILABLE,True,2026-06-29,OFFICIAL_DAILY_OBSERVATION_DATE_NO_INTRADAY_TIMESTAMP_CLAIM
2026-06-30,INNOVATION_DRUG,INNOVATION_DRUG_931152,DOMAIN_PRIMARY,CSI_INNOVATIVE_DRUG_INDUSTRY,931152,1829.98,1836.66,1797.44,1811.85,-1.52,1176346012.0,500.32,50.0,27.33,csindex:index_perf,931152,OFFICIAL_HISTORICAL_VALUATION_AVAILABLE,True,2026-06-30,OFFICIAL_DAILY_OBSERVATION_DATE_NO_INTRADAY_TIMESTAMP_CLAIM
2026-07-01,INNOVATION_DRUG,INNOVATION_DRUG_931152,DOMAIN_PRIMARY,CSI_INNOVATIVE_DRUG_INDUSTRY,931152,1796.22,1893.94,1746.42,1893.03,4.48,1591558251.0,683.21,50.0,28.45,csindex:index_perf,931152,OFFICIAL_HISTORICAL_VALUATION_AVAILABLE,True,2026-07-01,OFFICIAL_DAILY_OBSERVATION_DATE_NO_INTRADAY_TIMESTAMP_CLAIM
2026-07-02,INNOVATION_DRUG,INNOVATION_DRUG_931152,DOMAIN_PRIMARY,CSI_INNOVATIVE_DRUG_INDUSTRY,931152,1882.06,1935.92,1869.01,1892.97,0.0,1392969960.0,624.36,50.0,28.42,csindex:index_perf,931152,OFFICIAL_HISTORICAL_VALUATION_AVAILABLE,True,2026-07-02,OFFICIAL_DAILY_OBSERVATION_DATE_NO_INTRADAY_TIMESTAMP_CLAIM
2026-07-03,INNOVATION_DRUG,INNOVATION_DRUG_931152,DOMAIN_PRIMARY,CSI_INNOVATIVE_DRUG_INDUSTRY,931152,1909.38,1948.1,1868.12,1945.15,2.76,1321602271.0,578.0,50.0,29.13,csindex:index_perf,931152,OFFICIAL_HISTORICAL_VALUATION_AVAILABLE,True,2026-07-03,OFFICIAL_DAILY_OBSERVATION_DATE_NO_INTRADAY_TIMESTAMP_CLAIM
2026-07-06,INNOVATION_DRUG,INNOVATION_DRUG_931152,DOMAIN_PRIMARY,CSI_INNOVATIVE_DRUG_INDUSTRY,931152,1923.13,2044.85,1913.17,1965.03,1.02,1785933334.0,788.08,50.0,29.39,csindex:index_perf,931152,OFFICIAL_HISTORICAL_VALUATION_AVAILABLE,True,2026-07-06,OFFICIAL_DAILY_OBSERVATION_DATE_NO_INTRADAY_TIMESTAMP_CLAIM
2026-07-07,INNOVATION_DRUG,INNOVATION_DRUG_931152,DOMAIN_PRIMARY,CSI_INNOVATIVE_DRUG_INDUSTRY,931152,1940.28,1940.28,1872.65,1877.29,-4.47,1321669395.0,560.91,50.0,28.2,csindex:index_perf,931152,OFFICIAL_HISTORICAL_VALUATION_AVAILABLE,True,2026-07-07,OFFICIAL_DAILY_OBSERVATION_DATE_NO_INTRADAY_TIMESTAMP_CLAIM
2026-07-08,INNOVATION_DRUG,INNOVATION_DRUG_931152,DOMAIN_PRIMARY,CSI_INNOVATIVE_DRUG_INDUSTRY,931152,1880.77,1909.33,1832.35,1832.62,-2.38,1067521881.0,437.11,50.0,27.5,csindex:index_perf,931152,OFFICIAL_HISTORICAL_VALUATION_AVAILABLE,True,2026-07-08,OFFICIAL_DAILY_OBSERVATION_DATE_NO_INTRADAY_TIMESTAMP_CLAIM
2026-07-09,INNOVATION_DRUG,INNOVATION_DRUG_931152,DOMAIN_PRIMARY,CSI_INNOVATIVE_DRUG_INDUSTRY,931152,1815.34,1898.93,1806.76,1866.31,1.84,1082346420.0,453.78,50.0,28.13,csindex:index_perf,931152,OFFICIAL_HISTORICAL_VALUATION_AVAILABLE,True,2026-07-09,OFFICIAL_DAILY_OBSERVATION_DATE_NO_INTRADAY_TIMESTAMP_CLAIM
2026-07-10,INNOVATION_DRUG,INNOVATION_DRUG_931152,DOMAIN_PRIMARY,CSI_INNOVATIVE_DRUG_INDUSTRY,931152,1846.22,1957.66,1840.67,1925.27,3.16,1448946713.0,589.82,50.0,28.83,csindex:index_perf,931152,OFFICIAL_HISTORICAL_VALUATION_AVAILABLE,True,2026-07-10,OFFICIAL_DAILY_OBSERVATION_DATE_NO_INTRADAY_TIMESTAMP_CLAIM
2026-07-13,INNOVATION_DRUG,INNOVATION_DRUG_931152,DOMAIN_PRIMARY,CSI_INNOVATIVE_DRUG_INDUSTRY,931152,1919.45,1939.12,1895.37,1911.83,-0.7,1330606211.0,507.39,50.0,28.6,csindex:index_perf,931152,OFFICIAL_HISTORICAL_VALUATION_AVAILABLE,True,2026-07-13,OFFICIAL_DAILY_OBSERVATION_DATE_NO_INTRADAY_TIMESTAMP_CLAIM
2026-07-14,INNOVATION_DRUG,INNOVATION_DRUG_931152,DOMAIN_PRIMARY,CSI_INNOVATIVE_DRUG_INDUSTRY,931152,1900.07,1975.6,1881.83,1975.02,3.31,1477310813.0,585.52,50.0,29.4,csindex:index_perf,931152,OFFICIAL_HISTORICAL_VALUATION_AVAILABLE,True,2026-07-14,OFFICIAL_DAILY_OBSERVATION_DATE_NO_INTRADAY_TIMESTAMP_CLAIM
2026-07-15,INNOVATION_DRUG,INNOVATION_DRUG_931152,DOMAIN_PRIMARY,CSI_INNOVATIVE_DRUG_INDUSTRY,931152,1965.23,2105.44,1964.74,2054.51,4.02,2097368332.0,910.62,50.0,30.58,csindex:index_perf,931152,OFFICIAL_HISTORICAL_VALUATION_AVAILABLE,True,2026-07-15,OFFICIAL_DAILY_OBSERVATION_DATE_NO_INTRADAY_TIMESTAMP_CLAIM
2026-07-16,INNOVATION_DRUG,INNOVATION_DRUG_931152,DOMAIN_PRIMARY,CSI_INNOVATIVE_DRUG_INDUSTRY,931152,2014.52,2089.93,1980.58,2048.76,-0.28,1953600858.0,805.48,50.0,30.36,csindex:index_perf,931152,OFFICIAL_HISTORICAL_VALUATION_AVAILABLE,True,2026-07-16,OFFICIAL_DAILY_OBSERVATION_DATE_NO_INTRADAY_TIMESTAMP_CLAIM
2026-07-17,INNOVATION_DRUG,INNOVATION_DRUG_931152,DOMAIN_PRIMARY,CSI_INNOVATIVE_DRUG_INDUSTRY,931152,2026.03,2031.75,1899.07,1899.07,-7.31,1684468076.0,662.83,50.0,28.14,csindex:index_perf,931152,OFFICIAL_HISTORICAL_VALUATION_AVAILABLE,True,2026-07-17,OFFICIAL_DAILY_OBSERVATION_DATE_NO_INTRADAY_TIMESTAMP_CLAIM
2026-07-20,INNOVATION_DRUG,INNOVATION_DRUG_931152,DOMAIN_PRIMARY,CSI_INNOVATIVE_DRUG_INDUSTRY,931152,1871.67,1979.62,1871.24,1964.39,3.44,1562324148.0,615.41,50.0,29.13,csindex:index_perf,931152,OFFICIAL_HISTORICAL_VALUATION_AVAILABLE,True,2026-07-20,OFFICIAL_DAILY_OBSERVATION_DATE_NO_INTRADAY_TIMESTAMP_CLAIM
2026-07-21,INNOVATION_DRUG,INNOVATION_DRUG_931152,DOMAIN_PRIMARY,CSI_INNOVATIVE_DRUG_INDUSTRY,931152,1949.37,1982.19,1908.04,1981.92,0.89,1467232880.0,577.62,50.0,29.3,csindex:index_perf,931152,OFFICIAL_HISTORICAL_VALUATION_AVAILABLE,True,2026-07-21,OFFICIAL_DAILY_OBSERVATION_DATE_NO_INTRADAY_TIMESTAMP_CLAIM
2026-07-22,INNOVATION_DRUG,INNOVATION_DRUG_931152,DOMAIN_PRIMARY,CSI_INNOVATIVE_DRUG_INDUSTRY,931152,1960.09,2038.44,1956.55,1985.72,0.19,1331875276.0,547.96,50.0,29.34,csindex:index_perf,931152,OFFICIAL_HISTORICAL_VALUATION_AVAILABLE,True,2026-07-22,OFFICIAL_DAILY_OBSERVATION_DATE_NO_INTRADAY_TIMESTAMP_CLAIM
2026-07-23,INNOVATION_DRUG,INNOVATION_DRUG_931152,DOMAIN_PRIMARY,CSI_INNOVATIVE_DRUG_INDUSTRY,931152,1970.13,2002.06,1941.16,1975.88,-0.5,1062798605.0,435.92,50.0,29.24,csindex:index_perf,931152,OFFICIAL_HISTORICAL_VALUATION_AVAILABLE,True,2026-07-23,OFFICIAL_DAILY_OBSERVATION_DATE_NO_INTRADAY_TIMESTAMP_CLAIM
2026-07-24,INNOVATION_DRUG,INNOVATION_DRUG_931152,DOMAIN_PRIMARY,CSI_INNOVATIVE_DRUG_INDUSTRY,931152,1961.51,1969.76,1891.66,1894.98,-4.09,1061173168.0,417.14,50.0,28.14,csindex:index_perf,931152,OFFICIAL_HISTORICAL_VALUATION_AVAILABLE,True,2026-07-24,OFFICIAL_DAILY_OBSERVATION_DATE_NO_INTRADAY_TIMESTAMP_CLAIM
2026-07-27,INNOVATION_DRUG,INNOVATION_DRUG_931152,DOMAIN_PRIMARY,CSI_INNOVATIVE_DRUG_INDUSTRY,931152,1893.48,1960.38,1886.24,1936.42,2.19,959241035.0,387.23,50.0,28.62,csindex:index_perf,931152,OFFICIAL_HISTORICAL_VALUATION_AVAILABLE,True,2026-07-27,OFFICIAL_DAILY_OBSERVATION_DATE_NO_INTRADAY_TIMESTAMP_CLAIM
2026-07-28,INNOVATION_DRUG,INNOVATION_DRUG_931152,DOMAIN_PRIMARY,CSI_INNOVATIVE_DRUG_INDUSTRY,931152,1925.58,1936.61,1884.44,1891.77,-2.31,808095546.0,310.32,50.0,28.03,csindex:index_perf,931152,OFFICIAL_HISTORICAL_VALUATION_AVAILABLE,True,2026-07-28,OFFICIAL_DAILY_OBSERVATION_DATE_NO_INTRADAY_TIMESTAMP_CLAIM
2026-07-29,INNOVATION_DRUG,INNOVATION_DRUG_931152,DOMAIN_PRIMARY,CSI_INNOVATIVE_DRUG_INDUSTRY,931152,1909.29,1931.53,1880.04,1912.54,1.1,950892325.0,385.92,50.0,28.33,csindex:index_perf,931152,OFFICIAL_HISTORICAL_VALUATION_AVAILABLE,True,2026-07-29,OFFICIAL_DAILY_OBSERVATION_DATE_NO_INTRADAY_TIMESTAMP_CLAIM
2026-07-30,INNOVATION_DRUG,INNOVATION_DRUG_931152,DOMAIN_PRIMARY,CSI_INNOVATIVE_DRUG_INDUSTRY,931152,1908.17,1920.15,1855.31,1880.0,-1.7,936981121.0,381.22,50.0,27.96,csindex:index_perf,931152,OFFICIAL_HISTORICAL_VALUATION_AVAILABLE,True,2026-07-30,OFFICIAL_DAILY_OBSERVATION_DATE_NO_INTRADAY_TIMESTAMP_CLAIM
2026-07-31,INNOVATION_DRUG,INNOVATION_DRUG_931152,DOMAIN_PRIMARY,CSI_INNOVATIVE_DRUG_INDUSTRY,931152,1865.79,1919.13,1865.12,1898.59,0.99,877410486.0,355.64,50.0,28.26,csindex:index_perf,931152,OFFICIAL_HISTORICAL_VALUATION_AVAILABLE,True,2026-07-31,OFFICIAL_DAILY_OBSERVATION_DATE_NO_INTRADAY_TIMESTAMP_CLAIM
2026-08-03,INNOVATION_DRUG,INNOVATION_DRUG_931152,DOMAIN_PRIMARY,CSI_INNOVATIVE_DRUG_INDUSTRY,931152,1895.78,1916.42,1862.92,1866.89,-1.67,753069279.0,328.82,50.0,27.83,csindex:index_perf,931152,OFFICIAL_HISTORICAL_VALUATION_AVAILABLE,True,2026-08-03,OFFICIAL_DAILY_OBSERVATION_DATE_NO_INTRADAY_TIMESTAMP_CLAIM
2026-08-04,INNOVATION_DRUG,INNOVATION_DRUG_931152,DOMAIN_PRIMARY,CSI_INNOVATIVE_DRUG_INDUSTRY,931152,1903.46,1940.71,1903.46,1924.22,3.07,1003313718.0,431.41,50.0,28.81,csindex:index_perf,931152,OFFICIAL_HISTORICAL_VALUATION_AVAILABLE,True,2026-08-04,OFFICIAL_DAILY_OBSERVATION_DATE_NO_INTRADAY_TIMESTAMP_CLAIM
2026-08-05,INNOVATION_DRUG,INNOVATION_DRUG_931152,DOMAIN_PRIMARY,CSI_INNOVATIVE_DRUG_INDUSTRY,931152,1922.85,1961.91,1922.38,1948.06,1.24,1023283624.0,518.0,50.0,29.21,csindex:index_perf,931152,OFFICIAL_HISTORICAL_VALUATION_AVAILABLE,True,2026-08-05,OFFICIAL_DAILY_OBSERVATION_DATE_NO_INTRADAY_TIMESTAMP_CLAIM
2026-08-06,INNOVATION_DRUG,INNOVATION_DRUG_931152,DOMAIN_PRIMARY,CSI_INNOVATIVE_DRUG_INDUSTRY,931152,1963.78,1965.43,1914.59,1919.67,-1.46,957914066.0,453.44,50.0,28.73,csindex:index_perf,931152,OFFICIAL_HISTORICAL_VALUATION_AVAILABLE,True,2026-08-06,OFFICIAL_DAILY_OBSERVATION_DATE_NO_INTRADAY_TIMESTAMP_CLAIM
2026-08-07,INNOVATION_DRUG,INNOVATION_DRUG_931152,DOMAIN_PRIMARY,CSI_INNOVATIVE_DRUG_INDUSTRY,931152,1921.21,2049.53,1915.79,2049.42,6.76,1621039716.0,694.28,50.0,30.66,csindex:index_perf,931152,OFFICIAL_HISTORICAL_VALUATION_AVAILABLE,True,2026-08-07,OFFICIAL_DAILY_OBSERVATION_DATE_NO_INTRADAY_TIMESTAMP_CLAIM
2026-08-10,INNOVATION_DRUG,INNOVATION_DRUG_931152,DOMAIN_PRIMARY,CSI_INNOVATIVE_DRUG_INDUSTRY,931152,2076.76,2122.31,2047.15,2071.19,1.06,1593928926.0,803.3,50.0,30.98,csindex:index_perf,931152,OFFICIAL_HISTORICAL_VALUATION_AVAILABLE,True,2026-08-10,OFFICIAL_DAILY_OBSERVATION_DATE_NO_INTRADAY_TIMESTAMP_CLAIM
2026-08-11,INNOVATION_DRUG,INNOVATION_DRUG_931152,DOMAIN_PRIMARY,CSI_INNOVATIVE_DRUG_INDUSTRY,931152,2065.29,2137.15,2061.17,2081.11,0.48,1476378474.0,701.96,50.0,31.12,csindex:index_perf,931152,OFFICIAL_HISTORICAL_VALUATION_AVAILABLE,True,2026-08-11,OFFICIAL_DAILY_OBSERVATION_DATE_NO_INTRADAY_TIMESTAMP_CLAIM
2026-08-12,INNOVATION_DRUG,INNOVATION_DRUG_931152,DOMAIN_PRIMARY,CSI_INNOVATIVE_DRUG_INDUSTRY,931152,2072.15,2113.88,2062.53,2071.42,-0.46,1133609083.0,513.8,50.0,30.93,csindex:index_perf,931152,OFFICIAL_HISTORICAL_VALUATION_AVAILABLE,True,2026-08-12,OFFICIAL_DAILY_OBSERVATION_DATE_NO_INTRADAY_TIMESTAMP_CLAIM
2026-08-13,INNOVATION_DRUG,INNOVATION_DRUG_931152,DOMAIN_PRIMARY,CSI_INNOVATIVE_DRUG_INDUSTRY,931152,2060.83,2138.11,2044.31,2094.51,1.11,1594802359.0,663.17,50.0,31.22,csindex:index_perf,931152,OFFICIAL_HISTORICAL_VALUATION_AVAILABLE,True,2026-08-13,OFFICIAL_DAILY_OBSERVATION_DATE_NO_INTRADAY_TIMESTAMP_CLAIM
2026-08-14,INNOVATION_DRUG,INNOVATION_DRUG_931152,DOMAIN_PRIMARY,CSI_INNOVATIVE_DRUG_INDUSTRY,931152,2081.77,2112.78,2043.58,2067.21,-1.3,1233539587.0,503.19,50.0,30.8,csindex:index_perf,931152,OFFICIAL_HISTORICAL_VALUATION_AVAILABLE,True,2026-08-14,OFFICIAL_DAILY_OBSERVATION_DATE_NO_INTRADAY_TIMESTAMP_CLAIM
2026-08-17,INNOVATION_DRUG,INNOVATION_DRUG_931152,DOMAIN_PRIMARY,CSI_INNOVATIVE_DRUG_INDUSTRY,931152,2061.03,2103.02,2029.68,2087.18,0.97,1077863098.0,476.43,50.0,31.21,csindex:index_perf,931152,OFFICIAL_HISTORICAL_VALUATION_AVAILABLE,True,2026-08-17,OFFICIAL_DAILY_OBSERVATION_DATE_NO_INTRADAY_TIMESTAMP_CLAIM
2026-08-18,INNOVATION_DRUG,INNOVATION_DRUG_931152,DOMAIN_PRIMARY,CSI_INNOVATIVE_DRUG_INDUSTRY,931152,2077.12,2088.06,2043.56,2071.55,-0.75,1049178052.0,443.43,50.0,30.99,csindex:index_perf,931152,OFFICIAL_HISTORICAL_VALUATION_AVAILABLE,True,2026-08-18,OFFICIAL_DAILY_OBSERVATION_DATE_NO_INTRADAY_TIMESTAMP_CLAIM
2026-08-19,INNOVATION_DRUG,INNOVATION_DRUG_931152,DOMAIN_PRIMARY,CSI_INNOVATIVE_DRUG_INDUSTRY,931152,2064.75,2072.27,2014.99,2024.67,-2.26,1047368236.0,456.08,50.0,30.44,csindex:index_perf,931152,OFFICIAL_HISTORICAL_VALUATION_AVAILABLE,True,2026-08-19,OFFICIAL_DAILY_OBSERVATION_DATE_NO_INTRADAY_TIMESTAMP_CLAIM
2026-08-20,INNOVATION_DRUG,INNOVATION_DRUG_931152,DOMAIN_PRIMARY,CSI_INNOVATIVE_DRUG_INDUSTRY,931152,2101.41,2140.91,2063.0,2105.82,4.01,2203866116.0,876.22,50.0,31.19,csindex:index_perf,931152,OFFICIAL_HISTORICAL_VALUATION_AVAILABLE,True,2026-08-20,OFFICIAL_DAILY_OBSERVATION_DATE_NO_INTRADAY_TIMESTAMP_CLAIM
2026-08-21,INNOVATION_DRUG,INNOVATION_DRUG_931152,DOMAIN_PRIMARY,CSI_INNOVATIVE_DRUG_INDUSTRY,931152,2054.9,2065.9,2001.28,2010.49,-4.53,2189430718.0,685.53,50.0,29.87,csindex:index_perf,931152,OFFICIAL_HISTORICAL_VALUATION_AVAILABLE,True,2026-08-21,OFFICIAL_DAILY_OBSERVATION_DATE_NO_INTRADAY_TIMESTAMP_CLAIM
2026-08-24,INNOVATION_DRUG,INNOVATION_DRUG_931152,DOMAIN_PRIMARY,CSI_INNOVATIVE_DRUG_INDUSTRY,931152,2004.19,2009.12,1906.54,1915.23,-4.74,1531167815.0,527.17,50.0,28.56,csindex:index_perf,931152,OFFICIAL_HISTORICAL_VALUATION_AVAILABLE,True,2026-08-24,OFFICIAL_DAILY_OBSERVATION_DATE_NO_INTRADAY_TIMESTAMP_CLAIM
2026-08-25,INNOVATION_DRUG,INNOVATION_DRUG_931152,DOMAIN_PRIMARY,CSI_INNOVATIVE_DRUG_INDUSTRY,931152,1903.21,1959.87,1897.34,1954.97,2.07,1195791794.0,439.54,50.0,29.12,csindex:index_perf,931152,OFFICIAL_HISTORICAL_VALUATION_AVAILABLE,True,2026-08-25,OFFICIAL_DAILY_OBSERVATION_DATE_NO_INTRADAY_TIMESTAMP_CLAIM
2026-08-26,INNOVATION_DRUG,INNOVATION_DRUG_931152,DOMAIN_PRIMARY,CSI_INNOVATIVE_DRUG_INDUSTRY,931152,1964.84,1990.39,1950.84,1956.26,0.07,1284892626.0,405.59,50.0,29.08,csindex:index_perf,931152,OFFICIAL_HISTORICAL_VALUATION_AVAILABLE,True,2026-08-26,OFFICIAL_DAILY_OBSERVATION_DATE_NO_INTRADAY_TIMESTAMP_CLAIM
2026-08-27,INNOVATION_DRUG,INNOVATION_DRUG_931152,DOMAIN_PRIMARY,CSI_INNOVATIVE_DRUG_INDUSTRY,931152,1953.83,1971.87,1926.35,1971.87,0.8,1257297050.0,394.66,50.0,29.33,csindex:index_perf,931152,OFFICIAL_HISTORICAL_VALUATION_AVAILABLE,True,2026-08-27,OFFICIAL_DAILY_OBSERVATION_DATE_NO_INTRADAY_TIMESTAMP_CLAIM
2026-08-28,INNOVATION_DRUG,INNOVATION_DRUG_931152,DOMAIN_PRIMARY,CSI_INNOVATIVE_DRUG_INDUSTRY,931152,1963.03,1968.29,1938.35,1941.49,-1.54,942096856.0,301.28,50.0,28.95,csindex:index_perf,931152,OFFICIAL_HISTORICAL_VALUATION_AVAILABLE,True,2026-08-28,OFFICIAL_DAILY_OBSERVATION_DATE_NO_INTRADAY_TIMESTAMP_CLAIM
2026-08-31,INNOVATION_DRUG,INNOVATION_DRUG_931152,DOMAIN_PRIMARY,CSI_INNOVATIVE_DRUG_INDUSTRY,931152,1918.89,1926.18,1886.74,1912.23,-1.51,958216698.0,350.69,50.0,28.53,csindex:index_perf,931152,OFFICIAL_HISTORICAL_VALUATION_AVAILABLE,True,2026-08-31,OFFICIAL_DAILY_OBSERVATION_DATE_NO_INTRADAY_TIMESTAMP_CLAIM
2026-09-01,INNOVATION_DRUG,INNOVATION_DRUG_931152,DOMAIN_PRIMARY,CSI_INNOVATIVE_DRUG_INDUSTRY,931152,1909.53,1916.9,1894.51,1910.01,-0.12,765115199.0,263.34,50.0,27.19,csindex:index_perf,931152,OFFICIAL_HISTORICAL_VALUATION_AVAILABLE,True,2026-09-01,OFFICIAL_DAILY_OBSERVATION_DATE_NO_INTRADAY_TIMESTAMP_CLAIM
2026-09-02,INNOVATION_DRUG,INNOVATION_DRUG_931152,DOMAIN_PRIMARY,CSI_INNOVATIVE_DRUG_INDUSTRY,931152,1911.76,1918.08,1884.1,1898.18,-0.62,757078433.0,291.34,50.0,27.07,csindex:index_perf,931152,OFFICIAL_HISTORICAL_VALUATION_AVAILABLE,True,2026-09-02,OFFICIAL_DAILY_OBSERVATION_DATE_NO_INTRADAY_TIMESTAMP_CLAIM
2026-09-03,INNOVATION_DRUG,INNOVATION_DRUG_931152,DOMAIN_PRIMARY,CSI_INNOVATIVE_DRUG_INDUSTRY,931152,1901.92,1922.7,1890.38,1916.47,0.96,629600485.0,245.34,50.0,27.3,csindex:index_perf,931152,OFFICIAL_HISTORICAL_VALUATION_AVAILABLE,True,2026-09-03,OFFICIAL_DAILY_OBSERVATION_DATE_NO_INTRADAY_TIMESTAMP_CLAIM
2026-09-04,INNOVATION_DRUG,INNOVATION_DRUG_931152,DOMAIN_PRIMARY,CSI_INNOVATIVE_DRUG_INDUSTRY,931152,1917.08,1926.41,1890.97,1898.47,-0.94,662179869.0,242.33,50.0,27.1,csindex:index_perf,931152,OFFICIAL_HISTORICAL_VALUATION_AVAILABLE,True,2026-09-04,OFFICIAL_DAILY_OBSERVATION_DATE_NO_INTRADAY_TIMESTAMP_CLAIM
2026-09-07,INNOVATION_DRUG,INNOVATION_DRUG_931152,DOMAIN_PRIMARY,CSI_INNOVATIVE_DRUG_INDUSTRY,931152,1895.07,1901.38,1884.91,1892.25,-0.33,588436381.0,204.11,50.0,27.06,csindex:index_perf,931152,OFFICIAL_HISTORICAL_VALUATION_AVAILABLE,True,2026-09-07,OFFICIAL_DAILY_OBSERVATION_DATE_NO_INTRADAY_TIMESTAMP_CLAIM
2026-09-08,INNOVATION_DRUG,INNOVATION_DRUG_931152,DOMAIN_PRIMARY,CSI_INNOVATIVE_DRUG_INDUSTRY,931152,1889.95,1919.81,1878.37,1909.98,0.94,768390008.0,296.45,50.0,27.23,csindex:index_perf,931152,OFFICIAL_HISTORICAL_VALUATION_AVAILABLE,True,2026-09-08,OFFICIAL_DAILY_OBSERVATION_DATE_NO_INTRADAY_TIMESTAMP_CLAIM
2026-09-09,INNOVATION_DRUG,INNOVATION_DRUG_931152,DOMAIN_PRIMARY,CSI_INNOVATIVE_DRUG_INDUSTRY,931152,1896.05,1903.24,1877.22,1881.22,-1.5,677882836.0,259.52,50.0,26.82,csindex:index_perf,931152,OFFICIAL_HISTORICAL_VALUATION_AVAILABLE,True,2026-09-09,OFFICIAL_DAILY_OBSERVATION_DATE_NO_INTRADAY_TIMESTAMP_CLAIM
2026-09-10,INNOVATION_DRUG,INNOVATION_DRUG_931152,DOMAIN_PRIMARY,CSI_INNOVATIVE_DRUG_INDUSTRY,931152,1875.99,1875.99,1841.28,1850.46,-1.63,655150312.0,234.22,50.0,26.36,csindex:index_perf,931152,OFFICIAL_HISTORICAL_VALUATION_AVAILABLE,True,2026-09-10,OFFICIAL_DAILY_OBSERVATION_DATE_NO_INTRADAY_TIMESTAMP_CLAIM
2026-09-11,INNOVATION_DRUG,INNOVATION_DRUG_931152,DOMAIN_PRIMARY,CSI_INNOVATIVE_DRUG_INDUSTRY,931152,1842.57,1842.8,1794.54,1813.07,-2.02,717828793.0,245.7,50.0,25.87,csindex:index_perf,931152,OFFICIAL_HISTORICAL_VALUATION_AVAILABLE,True,2026-09-11,OFFICIAL_DAILY_OBSERVATION_DATE_NO_INTRADAY_TIMESTAMP_CLAIM
2026-09-14,INNOVATION_DRUG,INNOVATION_DRUG_931152,DOMAIN_PRIMARY,CSI_INNOVATIVE_DRUG_INDUSTRY,931152,1808.49,1871.01,1797.94,1869.95,3.14,675970162.0,283.25,50.0,26.67,csindex:index_perf,931152,OFFICIAL_HISTORICAL_VALUATION_AVAILABLE,True,2026-09-14,OFFICIAL_DAILY_OBSERVATION_DATE_NO_INTRADAY_TIMESTAMP_CLAIM
2026-09-15,INNOVATION_DRUG,INNOVATION_DRUG_931152,DOMAIN_PRIMARY,CSI_INNOVATIVE_DRUG_INDUSTRY,931152,1861.67,1872.09,1848.93,1851.41,-0.99,445366013.0,179.92,50.0,26.42,csindex:index_perf,931152,OFFICIAL_HISTORICAL_VALUATION_AVAILABLE,True,2026-09-15,OFFICIAL_DAILY_OBSERVATION_DATE_NO_INTRADAY_TIMESTAMP_CLAIM
2026-09-16,INNOVATION_DRUG,INNOVATION_DRUG_931152,DOMAIN_PRIMARY,CSI_INNOVATIVE_DRUG_INDUSTRY,931152,1848.58,1872.52,1840.98,1860.05,0.47,533366803.0,221.86,50.0,26.56,csindex:index_perf,931152,OFFICIAL_HISTORICAL_VALUATION_AVAILABLE,True,2026-09-16,OFFICIAL_DAILY_OBSERVATION_DATE_NO_INTRADAY_TIMESTAMP_CLAIM
2026-09-17,INNOVATION_DRUG,INNOVATION_DRUG_931152,DOMAIN_PRIMARY,CSI_INNOVATIVE_DRUG_INDUSTRY,931152,1854.6,1884.99,1853.78,1869.55,0.51,541308274.0,238.46,50.0,26.68,csindex:index_perf,931152,OFFICIAL_HISTORICAL_VALUATION_AVAILABLE,True,2026-09-17,OFFICIAL_DAILY_OBSERVATION_DATE_NO_INTRADAY_TIMESTAMP_CLAIM
2026-09-18,INNOVATION_DRUG,INNOVATION_DRUG_931152,DOMAIN_PRIMARY,CSI_INNOVATIVE_DRUG_INDUSTRY,931152,1875.19,1911.16,1869.65,1880.55,0.59,707170745.0,288.75,50.0,26.83,csindex:index_perf,931152,OFFICIAL_HISTORICAL_VALUATION_AVAILABLE,True,2026-09-18,OFFICIAL_DAILY_OBSERVATION_DATE_NO_INTRADAY_TIMESTAMP_CLAIM
2026-09-21,INNOVATION_DRUG,INNOVATION_DRUG_931152,DOMAIN_PRIMARY,CSI_INNOVATIVE_DRUG_INDUSTRY,931152,1898.29,1958.45,1898.11,1957.55,4.09,1073122917.0,428.81,50.0,27.96,csindex:index_perf,931152,OFFICIAL_HISTORICAL_VALUATION_AVAILABLE,True,2026-09-21,OFFICIAL_DAILY_OBSERVATION_DATE_NO_INTRADAY_TIMESTAMP_CLAIM
2026-09-22,INNOVATION_DRUG,INNOVATION_DRUG_931152,DOMAIN_PRIMARY,CSI_INNOVATIVE_DRUG_INDUSTRY,931152,1951.57,1980.23,1938.63,1951.67,-0.3,940696046.0,343.58,50.0,27.85,csindex:index_perf,931152,OFFICIAL_HISTORICAL_VALUATION_AVAILABLE,True,2026-09-22,OFFICIAL_DAILY_OBSERVATION_DATE_NO_INTRADAY_TIMESTAMP_CLAIM
2026-09-23,INNOVATION_DRUG,INNOVATION_DRUG_931152,DOMAIN_PRIMARY,CSI_INNOVATIVE_DRUG_INDUSTRY,931152,1949.91,1976.72,1947.6,1959.69,0.41,773957298.0,294.77,50.0,27.95,csindex:index_perf,931152,OFFICIAL_HISTORICAL_VALUATION_AVAILABLE,True,2026-09-23,OFFICIAL_DAILY_OBSERVATION_DATE_NO_INTRADAY_TIMESTAMP_CLAIM
2026-09-24,INNOVATION_DRUG,INNOVATION_DRUG_931152,DOMAIN_PRIMARY,CSI_INNOVATIVE_DRUG_INDUSTRY,931152,1950.8,1957.5,1892.25,1892.25,-3.44,732285986.0,286.1,50.0,27.04,csindex:index_perf,931152,OFFICIAL_HISTORICAL_VALUATION_AVAILABLE,True,2026-09-24,OFFICIAL_DAILY_OBSERVATION_DATE_NO_INTRADAY_TIMESTAMP_CLAIM
2026-09-28,INNOVATION_DRUG,INNOVATION_DRUG_931152,DOMAIN_PRIMARY,CSI_INNOVATIVE_DRUG_INDUSTRY,931152,1902.85,1913.92,1880.29,1891.97,-0.01,711129353.0,260.62,50.0,27.04,csindex:index_perf,931152,OFFICIAL_HISTORICAL_VALUATION_AVAILABLE,True,2026-09-28,OFFICIAL_DAILY_OBSERVATION_DATE_NO_INTRADAY_TIMESTAMP_CLAIM
2026-09-29,INNOVATION_DRUG,INNOVATION_DRUG_931152,DOMAIN_PRIMARY,CSI_INNOVATIVE_DRUG_INDUSTRY,931152,1887.69,1942.72,1885.15,1896.9,0.26,779361162.0,294.85,50.0,27.17,csindex:index_perf,931152,OFFICIAL_HISTORICAL_VALUATION_AVAILABLE,True,2026-09-29,OFFICIAL_DAILY_OBSERVATION_DATE_NO_INTRADAY_TIMESTAMP_CLAIM
2024-01-02,TECHNOLOGY,TECHNOLOGY_CHINEXT50,DOMAIN_COMPONENT,CHINEXT50,399673,1775.17,1775.17,1739.0894,1739.4195,-2.19631309,833864786.0,33409321608.76,,,cnindex:official_market_daily,399673,OFFICIAL_HISTORICAL_VALUATION_UNAVAILABLE,True,2024-01-02,OFFICIAL_DAILY_OBSERVATION_DATE_NO_INTRADAY_TIMESTAMP_CLAIM
2024-01-03,TECHNOLOGY,TECHNOLOGY_CHINEXT50,DOMAIN_COMPONENT,CHINEXT50,399673,1733.4766,1739.6444,1709.9203,1719.4607,-1.14744028,796611177.0,32053480936.58,,,cnindex:official_market_daily,399673,OFFICIAL_HISTORICAL_VALUATION_UNAVAILABLE,True,2024-01-03,OFFICIAL_DAILY_OBSERVATION_DATE_NO_INTRADAY_TIMESTAMP_CLAIM
2024-01-04,TECHNOLOGY,TECHNOLOGY_CHINEXT50,DOMAIN_COMPONENT,CHINEXT50,399673,1715.6378,1715.8259,1676.5647,1684.0043,-2.06206516,827184525.0,33159852330.26,,,cnindex:official_market_daily,399673,OFFICIAL_HISTORICAL_VALUATION_UNAVAILABLE,True,2024-01-04,OFFICIAL_DAILY_OBSERVATION_DATE_NO_INTRADAY_TIMESTAMP_CLAIM
2024-01-05,TECHNOLOGY,TECHNOLOGY_CHINEXT50,DOMAIN_COMPONENT,CHINEXT50,399673,1680.7663,1700.0715,1650.8046,1660.6387,-1.3875024,840731699.0,31614252944.9,,,cnindex:official_market_daily,399673,OFFICIAL_HISTORICAL_VALUATION_UNAVAILABLE,True,2024-01-05,OFFICIAL_DAILY_OBSERVATION_DATE_NO_INTRADAY_TIMESTAMP_CLAIM
2024-01-08,TECHNOLOGY,TECHNOLOGY_CHINEXT50,DOMAIN_COMPONENT,CHINEXT50,399673,1654.3701,1667.3518,1634.5734,1635.3162,-1.5248651,849734165.0,32579982609.18,,,cnindex:official_market_daily,399673,OFFICIAL_HISTORICAL_VALUATION_UNAVAILABLE,True,2024-01-08,OFFICIAL_DAILY_OBSERVATION_DATE_NO_INTRADAY_TIMESTAMP_CLAIM
2024-01-09,TECHNOLOGY,TECHNOLOGY_CHINEXT50,DOMAIN_COMPONENT,CHINEXT50,399673,1640.763,1665.8312,1627.4587,1640.8293,0.33712746,853892175.0,35728786007.2,,,cnindex:official_market_daily,399673,OFFICIAL_HISTORICAL_VALUATION_UNAVAILABLE,True,2024-01-09,OFFICIAL_DAILY_OBSERVATION_DATE_NO_INTRADAY_TIMESTAMP_CLAIM
2024-01-10,TECHNOLOGY,TECHNOLOGY_CHINEXT50,DOMAIN_COMPONENT,CHINEXT50,399673,1630.3116,1662.979,1616.4599,1634.6271,-0.37799179,885659822.0,35950480875.49,,,cnindex:official_market_daily,399673,OFFICIAL_HISTORICAL_VALUATION_UNAVAILABLE,True,2024-01-10,OFFICIAL_DAILY_OBSERVATION_DATE_NO_INTRADAY_TIMESTAMP_CLAIM
2024-01-11,TECHNOLOGY,TECHNOLOGY_CHINEXT50,DOMAIN_COMPONENT,CHINEXT50,399673,1636.8508,1683.3443,1630.6924,1669.4566,2.13073061,1104352107.0,44444171703.2,,,cnindex:official_market_daily,399673,OFFICIAL_HISTORICAL_VALUATION_UNAVAILABLE,True,2024-01-11,OFFICIAL_DAILY_OBSERVATION_DATE_NO_INTRADAY_TIMESTAMP_CLAIM
2024-01-12,TECHNOLOGY,TECHNOLOGY_CHINEXT50,DOMAIN_COMPONENT,CHINEXT50,399673,1662.5151,1674.5945,1649.8729,1650.0353,-1.16333063,880784268.0,35790965556.46,,,cnindex:official_market_daily,399673,OFFICIAL_HISTORICAL_VALUATION_UNAVAILABLE,True,2024-01-12,OFFICIAL_DAILY_OBSERVATION_DATE_NO_INTRADAY_TIMESTAMP_CLAIM
2024-01-15,TECHNOLOGY,TECHNOLOGY_CHINEXT50,DOMAIN_COMPONENT,CHINEXT50,399673,1639.4409,1656.9408,1627.2621,1637.4999,-0.75970496,763829575.0,30453272565.27,,,cnindex:official_market_daily,399673,OFFICIAL_HISTORICAL_VALUATION_UNAVAILABLE,True,2024-01-15,OFFICIAL_DAILY_OBSERVATION_DATE_NO_INTRADAY_TIMESTAMP_CLAIM
2024-01-16,TECHNOLOGY,TECHNOLOGY_CHINEXT50,DOMAIN_COMPONENT,CHINEXT50,399673,1632.7114,1648.8522,1619.3349,1647.4121,0.60532523,922277729.0,36593025716.28,,,cnindex:official_market_daily,399673,OFFICIAL_HISTORICAL_VALUATION_UNAVAILABLE,True,2024-01-16,OFFICIAL_DAILY_OBSERVATION_DATE_NO_INTRADAY_TIMESTAMP_CLAIM
2024-01-17,TECHNOLOGY,TECHNOLOGY_CHINEXT50,DOMAIN_COMPONENT,CHINEXT50,399673,1642.5435,1642.5435,1597.824,1597.824,-3.01006045,882840189.0,34158425010.71,,,cnindex:official_market_daily,399673,OFFICIAL_HISTORICAL_VALUATION_UNAVAILABLE,True,2024-01-17,OFFICIAL_DAILY_OBSERVATION_DATE_NO_INTRADAY_TIMESTAMP_CLAIM
2024-01-18,TECHNOLOGY,TECHNOLOGY_CHINEXT50,DOMAIN_COMPONENT,CHINEXT50,399673,1584.2352,1641.3139,1584.2352,1638.2045,2.52721827,1306184540.0,50106775880.94,,,cnindex:official_market_daily,399673,OFFICIAL_HISTORICAL_VALUATION_UNAVAILABLE,True,2024-01-18,OFFICIAL_DAILY_OBSERVATION_DATE_NO_INTRADAY_TIMESTAMP_CLAIM
2024-01-19,TECHNOLOGY,TECHNOLOGY_CHINEXT50,DOMAIN_COMPONENT,CHINEXT50,399673,1631.9192,1651.1215,1620.9171,1622.1713,-0.97870565,978752410.0,41026599877.71,,,cnindex:official_market_daily,399673,OFFICIAL_HISTORICAL_VALUATION_UNAVAILABLE,True,2024-01-19,OFFICIAL_DAILY_OBSERVATION_DATE_NO_INTRADAY_TIMESTAMP_CLAIM
2024-01-22,TECHNOLOGY,TECHNOLOGY_CHINEXT50,DOMAIN_COMPONENT,CHINEXT50,399673,1617.3277,1627.5499,1574.538,1584.1934,-2.34117692,1214880123.0,48642606693.71,,,cnindex:official_market_daily,399673,OFFICIAL_HISTORICAL_VALUATION_UNAVAILABLE,True,2024-01-22,OFFICIAL_DAILY_OBSERVATION_DATE_NO_INTRADAY_TIMESTAMP_CLAIM
2024-01-23,TECHNOLOGY,TECHNOLOGY_CHINEXT50,DOMAIN_COMPONENT,CHINEXT50,399673,1581.0813,1619.5062,1574.4404,1603.6341,1.22716709,1145140590.0,45905990753.57,,,cnindex:official_market_daily,399673,OFFICIAL_HISTORICAL_VALUATION_UNAVAILABLE,True,2024-01-23,OFFICIAL_DAILY_OBSERVATION_DATE_NO_INTRADAY_TIMESTAMP_CLAIM
2024-01-24,TECHNOLOGY,TECHNOLOGY_CHINEXT50,DOMAIN_COMPONENT,CHINEXT50,399673,1611.986,1614.9847,1557.2797,1609.8779,0.38935316000000003,1278997035.0,44674398581.94,,,cnindex:official_market_daily,399673,OFFICIAL_HISTORICAL_VALUATION_UNAVAILABLE,True,2024-01-24,OFFICIAL_DAILY_OBSERVATION_DATE_NO_INTRADAY_TIMESTAMP_CLAIM
2024-01-25,TECHNOLOGY,TECHNOLOGY_CHINEXT50,DOMAIN_COMPONENT,CHINEXT50,399673,1597.7958,1631.0296,1583.3886,1630.5993,1.28714109,1333410135.0,47249963292.91,,,cnindex:official_market_daily,399673,OFFICIAL_HISTORICAL_VALUATION_UNAVAILABLE,True,2024-01-25,OFFICIAL_DAILY_OBSERVATION_DATE_NO_INTRADAY_TIMESTAMP_CLAIM
2024-01-26,TECHNOLOGY,TECHNOLOGY_CHINEXT50,DOMAIN_COMPONENT,CHINEXT50,399673,1611.3693,1623.5064,1587.7281,1590.4802,-2.46038987,1184004030.0,41731196493.5,,,cnindex:official_market_daily,399673,OFFICIAL_HISTORICAL_VALUATION_UNAVAILABLE,True,2024-01-26,OFFICIAL_DAILY_OBSERVATION_DATE_NO_INTRADAY_TIMESTAMP_CLAIM
2024-01-29,TECHNOLOGY,TECHNOLOGY_CHINEXT50,DOMAIN_COMPONENT,CHINEXT50,399673,1586.6117,1589.9115,1527.9611,1527.9611,-3.9308317099999996,1076745552.0,40694623683.6,,,cnindex:official_market_daily,399673,OFFICIAL_HISTORICAL_VALUATION_UNAVAILABLE,True,2024-01-29,OFFICIAL_DAILY_OBSERVATION_DATE_NO_INTRADAY_TIMESTAMP_CLAIM
2024-01-30,TECHNOLOGY,TECHNOLOGY_CHINEXT50,DOMAIN_COMPONENT,CHINEXT50,399673,1517.0876,1536.1045,1488.1597,1489.3647,-2.52600672,940183346.0,32078910241.06,,,cnindex:official_market_daily,399673,OFFICIAL_HISTORICAL_VALUATION_UNAVAILABLE,True,2024-01-30,OFFICIAL_DAILY_OBSERVATION_DATE_NO_INTRADAY_TIMESTAMP_CLAIM
2024-01-31,TECHNOLOGY,TECHNOLOGY_CHINEXT50,DOMAIN_COMPONENT,CHINEXT50,399673,1494.0247,1513.1934,1487.9114,1488.9105,-0.03049622,1208966636.0,43666447186.81,,,cnindex:official_market_daily,399673,OFFICIAL_HISTORICAL_VALUATION_UNAVAILABLE,True,2024-01-31,OFFICIAL_DAILY_OBSERVATION_DATE_NO_INTRADAY_TIMESTAMP_CLAIM
2024-02-01,TECHNOLOGY,TECHNOLOGY_CHINEXT50,DOMAIN_COMPONENT,CHINEXT50,399673,1484.0097,1534.9493,1480.0333,1506.3072,1.16841812,1137690306.0,39819135483.53,,,cnindex:official_market_daily,399673,OFFICIAL_HISTORICAL_VALUATION_UNAVAILABLE,True,2024-02-01,OFFICIAL_DAILY_OBSERVATION_DATE_NO_INTRADAY_TIMESTAMP_CLAIM
2024-02-02,TECHNOLOGY,TECHNOLOGY_CHINEXT50,DOMAIN_COMPONENT,CHINEXT50,399673,1502.2125,1510.8811,1432.103,1467.8864,-2.55066164,1284681971.0,40788068070.63,,,cnindex:official_market_daily,399673,OFFICIAL_HISTORICAL_VALUATION_UNAVAILABLE,True,2024-02-02,OFFICIAL_DAILY_OBSERVATION_DATE_NO_INTRADAY_TIMESTAMP_CLAIM
2024-02-05,TECHNOLOGY,TECHNOLOGY_CHINEXT50,DOMAIN_COMPONENT,CHINEXT50,399673,1450.2487,1521.7077,1411.7203,1486.7945,1.28811739,1628400406.0,52254789192.24,,,cnindex:official_market_daily,399673,OFFICIAL_HISTORICAL_VALUATION_UNAVAILABLE,True,2024-02-05,OFFICIAL_DAILY_OBSERVATION_DATE_NO_INTRADAY_TIMESTAMP_CLAIM
2024-02-06,TECHNOLOGY,TECHNOLOGY_CHINEXT50,DOMAIN_COMPONENT,CHINEXT50,399673,1469.2632,1584.6431,1469.2632,1583.2393,6.48676061,1688711927.0,55249460914.85,,,cnindex:official_market_daily,399673,OFFICIAL_HISTORICAL_VALUATION_UNAVAILABLE,True,2024-02-06,OFFICIAL_DAILY_OBSERVATION_DATE_NO_INTRADAY_TIMESTAMP_CLAIM
2024-02-07,TECHNOLOGY,TECHNOLOGY_CHINEXT50,DOMAIN_COMPONENT,CHINEXT50,399673,1579.2554,1614.8009,1573.6779,1609.0837,1.63237484,1694477625.0,55497845599.2,,,cnindex:official_market_daily,399673,OFFICIAL_HISTORICAL_VALUATION_UNAVAILABLE,True,2024-02-07,OFFICIAL_DAILY_OBSERVATION_DATE_NO_INTRADAY_TIMESTAMP_CLAIM
2024-02-08,TECHNOLOGY,TECHNOLOGY_CHINEXT50,DOMAIN_COMPONENT,CHINEXT50,399673,1619.0102,1661.8412,1616.4185,1632.2386,1.4390115300000001,1559488247.0,54303650326.45,,,cnindex:official_market_daily,399673,OFFICIAL_HISTORICAL_VALUATION_UNAVAILABLE,True,2024-02-08,OFFICIAL_DAILY_OBSERVATION_DATE_NO_INTRADAY_TIMESTAMP_CLAIM
2024-02-19,TECHNOLOGY,TECHNOLOGY_CHINEXT50,DOMAIN_COMPONENT,CHINEXT50,399673,1659.3191,1661.3013,1635.3416,1661.183,1.7732946600000001,1360875667.0,52963899680.98,,,cnindex:official_market_daily,399673,OFFICIAL_HISTORICAL_VALUATION_UNAVAILABLE,True,2024-02-19,OFFICIAL_DAILY_OBSERVATION_DATE_NO_INTRADAY_TIMESTAMP_CLAIM
2024-02-20,TECHNOLOGY,TECHNOLOGY_CHINEXT50,DOMAIN_COMPONENT,CHINEXT50,399673,1654.385,1661.69,1633.72,1658.8102,-0.14283797,1134103278.0,46937860460.18,,,cnindex:official_market_daily,399673,OFFICIAL_HISTORICAL_VALUATION_UNAVAILABLE,True,2024-02-20,OFFICIAL_DAILY_OBSERVATION_DATE_NO_INTRADAY_TIMESTAMP_CLAIM
2024-02-21,TECHNOLOGY,TECHNOLOGY_CHINEXT50,DOMAIN_COMPONENT,CHINEXT50,399673,1640.1989,1695.1056,1636.8527,1666.3209,0.45277633,1543786318.0,55865082838.88,,,cnindex:official_market_daily,399673,OFFICIAL_HISTORICAL_VALUATION_UNAVAILABLE,True,2024-02-21,OFFICIAL_DAILY_OBSERVATION_DATE_NO_INTRADAY_TIMESTAMP_CLAIM
2024-02-22,TECHNOLOGY,TECHNOLOGY_CHINEXT50,DOMAIN_COMPONENT,CHINEXT50,399673,1667.6987,1674.9187,1655.5434,1670.6884,0.26210437999999997,1138352208.0,45798402595.41,,,cnindex:official_market_daily,399673,OFFICIAL_HISTORICAL_VALUATION_UNAVAILABLE,True,2024-02-22,OFFICIAL_DAILY_OBSERVATION_DATE_NO_INTRADAY_TIMESTAMP_CLAIM
2024-02-23,TECHNOLOGY,TECHNOLOGY_CHINEXT50,DOMAIN_COMPONENT,CHINEXT50,399673,1681.0345,1682.0383,1657.4034,1671.061,0.02230218,1231467648.0,50994683893.76,,,cnindex:official_market_daily,399673,OFFICIAL_HISTORICAL_VALUATION_UNAVAILABLE,True,2024-02-23,OFFICIAL_DAILY_OBSERVATION_DATE_NO_INTRADAY_TIMESTAMP_CLAIM
2024-02-26,TECHNOLOGY,TECHNOLOGY_CHINEXT50,DOMAIN_COMPONENT,CHINEXT50,399673,1665.3061,1673.886,1650.8024,1659.195,-0.71008778,1241057438.0,49893457192.07,,,cnindex:official_market_daily,399673,OFFICIAL_HISTORICAL_VALUATION_UNAVAILABLE,True,2024-02-26,OFFICIAL_DAILY_OBSERVATION_DATE_NO_INTRADAY_TIMESTAMP_CLAIM
2024-02-27,TECHNOLOGY,TECHNOLOGY_CHINEXT50,DOMAIN_COMPONENT,CHINEXT50,399673,1651.1412,1700.9435,1649.2853,1700.9435,2.5161900800000003,1437183622.0,57457502622.03,,,cnindex:official_market_daily,399673,OFFICIAL_HISTORICAL_VALUATION_UNAVAILABLE,True,2024-02-27,OFFICIAL_DAILY_OBSERVATION_DATE_NO_INTRADAY_TIMESTAMP_CLAIM
2024-02-28,TECHNOLOGY,TECHNOLOGY_CHINEXT50,DOMAIN_COMPONENT,CHINEXT50,399673,1706.6378,1737.1846,1659.7275,1659.7275,-2.42312575,1921241591.0,72530166090.7,,,cnindex:official_market_daily,399673,OFFICIAL_HISTORICAL_VALUATION_UNAVAILABLE,True,2024-02-28,OFFICIAL_DAILY_OBSERVATION_DATE_NO_INTRADAY_TIMESTAMP_CLAIM
2024-02-29,TECHNOLOGY,TECHNOLOGY_CHINEXT50,DOMAIN_COMPONENT,CHINEXT50,399673,1651.7759,1721.6615,1651.7759,1719.0741,3.57568336,1554116507.0,61592525957.69,,,cnindex:official_market_daily,399673,OFFICIAL_HISTORICAL_VALUATION_UNAVAILABLE,True,2024-02-29,OFFICIAL_DAILY_OBSERVATION_DATE_NO_INTRADAY_TIMESTAMP_CLAIM
2024-03-01,TECHNOLOGY,TECHNOLOGY_CHINEXT50,DOMAIN_COMPONENT,CHINEXT50,399673,1720.6755,1745.796,1709.1619,1737.3147,1.06107119,1464646374.0,60332862407.27,,,cnindex:official_market_daily,399673,OFFICIAL_HISTORICAL_VALUATION_UNAVAILABLE,True,2024-03-01,OFFICIAL_DAILY_OBSERVATION_DATE_NO_INTRADAY_TIMESTAMP_CLAIM
2024-03-04,TECHNOLOGY,TECHNOLOGY_CHINEXT50,DOMAIN_COMPONENT,CHINEXT50,399673,1740.8244,1763.42,1734.2288,1748.291,0.63179688,1348702023.0,58546109790.68,,,cnindex:official_market_daily,399673,OFFICIAL_HISTORICAL_VALUATION_UNAVAILABLE,True,2024-03-04,OFFICIAL_DAILY_OBSERVATION_DATE_NO_INTRADAY_TIMESTAMP_CLAIM
2024-03-05,TECHNOLOGY,TECHNOLOGY_CHINEXT50,DOMAIN_COMPONENT,CHINEXT50,399673,1731.6654,1756.818,1726.4535,1746.4355,-0.10613222,1296867803.0,60640861066.82,,,cnindex:official_market_daily,399673,OFFICIAL_HISTORICAL_VALUATION_UNAVAILABLE,True,2024-03-05,OFFICIAL_DAILY_OBSERVATION_DATE_NO_INTRADAY_TIMESTAMP_CLAIM
2024-03-06,TECHNOLOGY,TECHNOLOGY_CHINEXT50,DOMAIN_COMPONENT,CHINEXT50,399673,1734.8623,1771.7102,1726.3732,1747.7242,0.0737903,1097638632.0,47436383425.97,,,cnindex:official_market_daily,399673,OFFICIAL_HISTORICAL_VALUATION_UNAVAILABLE,True,2024-03-06,OFFICIAL_DAILY_OBSERVATION_DATE_NO_INTRADAY_TIMESTAMP_CLAIM
2024-03-07,TECHNOLOGY,TECHNOLOGY_CHINEXT50,DOMAIN_COMPONENT,CHINEXT50,399673,1744.4047,1753.5407,1704.4903,1705.231,-2.4313447200000002,1178129377.0,48071203072.51,,,cnindex:official_market_daily,399673,OFFICIAL_HISTORICAL_VALUATION_UNAVAILABLE,True,2024-03-07,OFFICIAL_DAILY_OBSERVATION_DATE_NO_INTRADAY_TIMESTAMP_CLAIM
2024-03-08,TECHNOLOGY,TECHNOLOGY_CHINEXT50,DOMAIN_COMPONENT,CHINEXT50,399673,1709.8109,1731.0582,1696.1195,1725.2226,1.1723690199999999,1041332755.0,46813467584.7,,,cnindex:official_market_daily,399673,OFFICIAL_HISTORICAL_VALUATION_UNAVAILABLE,True,2024-03-08,OFFICIAL_DAILY_OBSERVATION_DATE_NO_INTRADAY_TIMESTAMP_CLAIM
2024-03-11,TECHNOLOGY,TECHNOLOGY_CHINEXT50,DOMAIN_COMPONENT,CHINEXT50,399673,1737.2461,1817.4164,1733.7404,1817.0423,5.32219436,1660182217.0,74243821857.01,,,cnindex:official_market_daily,399673,OFFICIAL_HISTORICAL_VALUATION_UNAVAILABLE,True,2024-03-11,OFFICIAL_DAILY_OBSERVATION_DATE_NO_INTRADAY_TIMESTAMP_CLAIM
2024-03-12,TECHNOLOGY,TECHNOLOGY_CHINEXT50,DOMAIN_COMPONENT,CHINEXT50,399673,1823.4305,1844.0367,1812.1474,1833.8167,0.92317058,1640182591.0,70702496982.64,,,cnindex:official_market_daily,399673,OFFICIAL_HISTORICAL_VALUATION_UNAVAILABLE,True,2024-03-12,OFFICIAL_DAILY_OBSERVATION_DATE_NO_INTRADAY_TIMESTAMP_CLAIM
2024-03-13,TECHNOLOGY,TECHNOLOGY_CHINEXT50,DOMAIN_COMPONENT,CHINEXT50,399673,1841.7846,1841.7846,1819.5907,1823.8071,-0.5458342700000001,1347877786.0,59696164778.25,,,cnindex:official_market_daily,399673,OFFICIAL_HISTORICAL_VALUATION_UNAVAILABLE,True,2024-03-13,OFFICIAL_DAILY_OBSERVATION_DATE_NO_INTRADAY_TIMESTAMP_CLAIM
2024-03-14,TECHNOLOGY,TECHNOLOGY_CHINEXT50,DOMAIN_COMPONENT,CHINEXT50,399673,1824.8371,1842.5145,1801.6116,1814.0617,-0.53434379,1285480897.0,58788593029.24,,,cnindex:official_market_daily,399673,OFFICIAL_HISTORICAL_VALUATION_UNAVAILABLE,True,2024-03-14,OFFICIAL_DAILY_OBSERVATION_DATE_NO_INTRADAY_TIMESTAMP_CLAIM
2024-03-15,TECHNOLOGY,TECHNOLOGY_CHINEXT50,DOMAIN_COMPONENT,CHINEXT50,399673,1808.495,1816.7198,1774.5583,1813.0074,-0.058118199999999995,1315476716.0,62466560845.7,,,cnindex:official_market_daily,399673,OFFICIAL_HISTORICAL_VALUATION_UNAVAILABLE,True,2024-03-15,OFFICIAL_DAILY_OBSERVATION_DATE_NO_INTRADAY_TIMESTAMP_CLAIM
2024-03-18,TECHNOLOGY,TECHNOLOGY_CHINEXT50,DOMAIN_COMPONENT,CHINEXT50,399673,1838.7429,1858.9656,1835.4536,1858.9656,2.53491519,1612294591.0,69916283622.27,,,cnindex:official_market_daily,399673,OFFICIAL_HISTORICAL_VALUATION_UNAVAILABLE,True,2024-03-18,OFFICIAL_DAILY_OBSERVATION_DATE_NO_INTRADAY_TIMESTAMP_CLAIM
2024-03-19,TECHNOLOGY,TECHNOLOGY_CHINEXT50,DOMAIN_COMPONENT,CHINEXT50,399673,1849.2465,1855.525,1833.3258,1833.3258,-1.3792509099999999,1391620297.0,60079776419.69,,,cnindex:official_market_daily,399673,OFFICIAL_HISTORICAL_VALUATION_UNAVAILABLE,True,2024-03-19,OFFICIAL_DAILY_OBSERVATION_DATE_NO_INTRADAY_TIMESTAMP_CLAIM
2024-03-20,TECHNOLOGY,TECHNOLOGY_CHINEXT50,DOMAIN_COMPONENT,CHINEXT50,399673,1823.0008,1843.02,1821.0545,1832.4569,-0.04739474,1208494057.0,52608612012.09,,,cnindex:official_market_daily,399673,OFFICIAL_HISTORICAL_VALUATION_UNAVAILABLE,True,2024-03-20,OFFICIAL_DAILY_OBSERVATION_DATE_NO_INTRADAY_TIMESTAMP_CLAIM
2024-03-21,TECHNOLOGY,TECHNOLOGY_CHINEXT50,DOMAIN_COMPONENT,CHINEXT50,399673,1834.8345,1843.5775,1819.4851,1819.5623,-0.70367821,1301025568.0,52915548157.41,,,cnindex:official_market_daily,399673,OFFICIAL_HISTORICAL_VALUATION_UNAVAILABLE,True,2024-03-21,OFFICIAL_DAILY_OBSERVATION_DATE_NO_INTRADAY_TIMESTAMP_CLAIM
2024-03-22,TECHNOLOGY,TECHNOLOGY_CHINEXT50,DOMAIN_COMPONENT,CHINEXT50,399673,1815.7195,1819.7786,1783.5464,1792.5482,-1.48464826,1266184144.0,50791809268.94,,,cnindex:official_market_daily,399673,OFFICIAL_HISTORICAL_VALUATION_UNAVAILABLE,True,2024-03-22,OFFICIAL_DAILY_OBSERVATION_DATE_NO_INTRADAY_TIMESTAMP_CLAIM
2024-03-25,TECHNOLOGY,TECHNOLOGY_CHINEXT50,DOMAIN_COMPONENT,CHINEXT50,399673,1788.5338,1796.6792,1759.5062,1759.9127,-1.8206205,1169235870.0,46141468945.41,,,cnindex:official_market_daily,399673,OFFICIAL_HISTORICAL_VALUATION_UNAVAILABLE,True,2024-03-25,OFFICIAL_DAILY_OBSERVATION_DATE_NO_INTRADAY_TIMESTAMP_CLAIM
2024-03-26,TECHNOLOGY,TECHNOLOGY_CHINEXT50,DOMAIN_COMPONENT,CHINEXT50,399673,1759.1443,1785.7234,1758.6514,1769.2936,0.53303212,1208831987.0,56193555775.31,,,cnindex:official_market_daily,399673,OFFICIAL_HISTORICAL_VALUATION_UNAVAILABLE,True,2024-03-26,OFFICIAL_DAILY_OBSERVATION_DATE_NO_INTRADAY_TIMESTAMP_CLAIM
2024-03-27,TECHNOLOGY,TECHNOLOGY_CHINEXT50,DOMAIN_COMPONENT,CHINEXT50,399673,1768.6041,1768.6041,1720.2112,1720.2112,-2.77412409,1046854163.0,43889199961.53,,,cnindex:official_market_daily,399673,OFFICIAL_HISTORICAL_VALUATION_UNAVAILABLE,True,2024-03-27,OFFICIAL_DAILY_OBSERVATION_DATE_NO_INTRADAY_TIMESTAMP_CLAIM
2024-03-28,TECHNOLOGY,TECHNOLOGY_CHINEXT50,DOMAIN_COMPONENT,CHINEXT50,399673,1721.6467,1760.2272,1718.9541,1738.0092,1.0346404,1099292799.0,46232456032.0,,,cnindex:official_market_daily,399673,OFFICIAL_HISTORICAL_VALUATION_UNAVAILABLE,True,2024-03-28,OFFICIAL_DAILY_OBSERVATION_DATE_NO_INTRADAY_TIMESTAMP_CLAIM
2024-03-29,TECHNOLOGY,TECHNOLOGY_CHINEXT50,DOMAIN_COMPONENT,CHINEXT50,399673,1738.8159,1757.7304,1731.0395,1747.0792,0.52186145,921859081.0,36435333842.46,,,cnindex:official_market_daily,399673,OFFICIAL_HISTORICAL_VALUATION_UNAVAILABLE,True,2024-03-29,OFFICIAL_DAILY_OBSERVATION_DATE_NO_INTRADAY_TIMESTAMP_CLAIM
2024-04-01,TECHNOLOGY,TECHNOLOGY_CHINEXT50,DOMAIN_COMPONENT,CHINEXT50,399673,1764.8452,1802.485,1764.4096,1802.485,3.1713387699999998,1189539871.0,49387383987.68,,,cnindex:official_market_daily,399673,OFFICIAL_HISTORICAL_VALUATION_UNAVAILABLE,True,2024-04-01,OFFICIAL_DAILY_OBSERVATION_DATE_NO_INTRADAY_TIMESTAMP_CLAIM
2024-04-02,TECHNOLOGY,TECHNOLOGY_CHINEXT50,DOMAIN_COMPONENT,CHINEXT50,399673,1799.5534,1803.743,1784.9108,1793.9044,-0.4760428,1063574052.0,44437648127.84,,,cnindex:official_market_daily,399673,OFFICIAL_HISTORICAL_VALUATION_UNAVAILABLE,True,2024-04-02,OFFICIAL_DAILY_OBSERVATION_DATE_NO_INTRADAY_TIMESTAMP_CLAIM
2024-04-03,TECHNOLOGY,TECHNOLOGY_CHINEXT50,DOMAIN_COMPONENT,CHINEXT50,399673,1786.162,1786.5051,1767.5876,1767.9105,-1.4490125600000001,973946724.0,39833442629.13,,,cnindex:official_market_daily,399673,OFFICIAL_HISTORICAL_VALUATION_UNAVAILABLE,True,2024-04-03,OFFICIAL_DAILY_OBSERVATION_DATE_NO_INTRADAY_TIMESTAMP_CLAIM
2024-04-08,TECHNOLOGY,TECHNOLOGY_CHINEXT50,DOMAIN_COMPONENT,CHINEXT50,399673,1762.0512,1770.2487,1739.2977,1739.2977,-1.6184529699999999,1032882911.0,42677849161.43,,,cnindex:official_market_daily,399673,OFFICIAL_HISTORICAL_VALUATION_UNAVAILABLE,True,2024-04-08,OFFICIAL_DAILY_OBSERVATION_DATE_NO_INTRADAY_TIMESTAMP_CLAIM
2024-04-09,TECHNOLOGY,TECHNOLOGY_CHINEXT50,DOMAIN_COMPONENT,CHINEXT50,399673,1739.8931,1757.7005,1734.6816,1757.4539,1.0438811,1013604546.0,39602185426.2,,,cnindex:official_market_daily,399673,OFFICIAL_HISTORICAL_VALUATION_UNAVAILABLE,True,2024-04-09,OFFICIAL_DAILY_OBSERVATION_DATE_NO_INTRADAY_TIMESTAMP_CLAIM
2024-04-10,TECHNOLOGY,TECHNOLOGY_CHINEXT50,DOMAIN_COMPONENT,CHINEXT50,399673,1747.7801,1748.4618,1713.413,1720.9701,-2.0759463400000002,941836633.0,37575828632.73,,,cnindex:official_market_daily,399673,OFFICIAL_HISTORICAL_VALUATION_UNAVAILABLE,True,2024-04-10,OFFICIAL_DAILY_OBSERVATION_DATE_NO_INTRADAY_TIMESTAMP_CLAIM
2024-04-11,TECHNOLOGY,TECHNOLOGY_CHINEXT50,DOMAIN_COMPONENT,CHINEXT50,399673,1709.0889,1731.2152,1705.7603,1713.9221,-0.40953646,998859719.0,39267734160.34,,,cnindex:official_market_daily,399673,OFFICIAL_HISTORICAL_VALUATION_UNAVAILABLE,True,2024-04-11,OFFICIAL_DAILY_OBSERVATION_DATE_NO_INTRADAY_TIMESTAMP_CLAIM
2024-04-12,TECHNOLOGY,TECHNOLOGY_CHINEXT50,DOMAIN_COMPONENT,CHINEXT50,399673,1712.0639,1721.3917,1695.3725,1697.4975,-0.95830493,1034276111.0,43106773193.03,,,cnindex:official_market_daily,399673,OFFICIAL_HISTORICAL_VALUATION_UNAVAILABLE,True,2024-04-12,OFFICIAL_DAILY_OBSERVATION_DATE_NO_INTRADAY_TIMESTAMP_CLAIM
2024-04-15,TECHNOLOGY,TECHNOLOGY_CHINEXT50,DOMAIN_COMPONENT,CHINEXT50,399673,1706.9368,1744.1414,1706.9368,1733.1019,2.09746406,1262998576.0,46800657939.24,,,cnindex:official_market_daily,399673,OFFICIAL_HISTORICAL_VALUATION_UNAVAILABLE,True,2024-04-15,OFFICIAL_DAILY_OBSERVATION_DATE_NO_INTRADAY_TIMESTAMP_CLAIM
2024-04-16,TECHNOLOGY,TECHNOLOGY_CHINEXT50,DOMAIN_COMPONENT,CHINEXT50,399673,1721.754,1728.8997,1699.5959,1700.182,-1.8994786199999998,1160968087.0,44833828614.37,,,cnindex:official_market_daily,399673,OFFICIAL_HISTORICAL_VALUATION_UNAVAILABLE,True,2024-04-16,OFFICIAL_DAILY_OBSERVATION_DATE_NO_INTRADAY_TIMESTAMP_CLAIM
2024-04-17,TECHNOLOGY,TECHNOLOGY_CHINEXT50,DOMAIN_COMPONENT,CHINEXT50,399673,1703.5311,1734.6468,1703.1545,1734.3327,2.00864966,1134720465.0,44027521468.15,,,cnindex:official_market_daily,399673,OFFICIAL_HISTORICAL_VALUATION_UNAVAILABLE,True,2024-04-17,OFFICIAL_DAILY_OBSERVATION_DATE_NO_INTRADAY_TIMESTAMP_CLAIM
2024-04-18,TECHNOLOGY,TECHNOLOGY_CHINEXT50,DOMAIN_COMPONENT,CHINEXT50,399673,1721.1902,1742.3061,1701.3906,1722.7451,-0.6681301700000001,1225804694.0,44105735454.75,,,cnindex:official_market_daily,399673,OFFICIAL_HISTORICAL_VALUATION_UNAVAILABLE,True,2024-04-18,OFFICIAL_DAILY_OBSERVATION_DATE_NO_INTRADAY_TIMESTAMP_CLAIM
2024-04-19,TECHNOLOGY,TECHNOLOGY_CHINEXT50,DOMAIN_COMPONENT,CHINEXT50,399673,1707.4311,1711.1614,1671.8285,1687.6465,-2.03736467,1085060884.0,41296980740.6,,,cnindex:official_market_daily,399673,OFFICIAL_HISTORICAL_VALUATION_UNAVAILABLE,True,2024-04-19,OFFICIAL_DAILY_OBSERVATION_DATE_NO_INTRADAY_TIMESTAMP_CLAIM
2024-04-22,TECHNOLOGY,TECHNOLOGY_CHINEXT50,DOMAIN_COMPONENT,CHINEXT50,399673,1669.4438,1695.9662,1666.5328,1678.3384,-0.55154323,982874123.0,38623026979.19,,,cnindex:official_market_daily,399673,OFFICIAL_HISTORICAL_VALUATION_UNAVAILABLE,True,2024-04-22,OFFICIAL_DAILY_OBSERVATION_DATE_NO_INTRADAY_TIMESTAMP_CLAIM
2024-04-23,TECHNOLOGY,TECHNOLOGY_CHINEXT50,DOMAIN_COMPONENT,CHINEXT50,399673,1683.0508,1693.971,1667.3965,1679.7737,0.08551911,962272396.0,37602817314.25,,,cnindex:official_market_daily,399673,OFFICIAL_HISTORICAL_VALUATION_UNAVAILABLE,True,2024-04-23,OFFICIAL_DAILY_OBSERVATION_DATE_NO_INTRADAY_TIMESTAMP_CLAIM
2024-04-24,TECHNOLOGY,TECHNOLOGY_CHINEXT50,DOMAIN_COMPONENT,CHINEXT50,399673,1684.233,1695.9852,1671.1099,1691.2347,0.68229429,1068505989.0,44597276687.23,,,cnindex:official_market_daily,399673,OFFICIAL_HISTORICAL_VALUATION_UNAVAILABLE,True,2024-04-24,OFFICIAL_DAILY_OBSERVATION_DATE_NO_INTRADAY_TIMESTAMP_CLAIM
2024-04-25,TECHNOLOGY,TECHNOLOGY_CHINEXT50,DOMAIN_COMPONENT,CHINEXT50,399673,1677.5659,1706.4497,1672.5268,1693.5911,0.13933016,1066741714.0,39018823188.56,,,cnindex:official_market_daily,399673,OFFICIAL_HISTORICAL_VALUATION_UNAVAILABLE,True,2024-04-25,OFFICIAL_DAILY_OBSERVATION_DATE_NO_INTRADAY_TIMESTAMP_CLAIM
2024-04-26,TECHNOLOGY,TECHNOLOGY_CHINEXT50,DOMAIN_COMPONENT,CHINEXT50,399673,1699.1354,1762.2132,1699.1354,1759.1016,3.86814149,1737817658.0,62744109594.97,,,cnindex:official_market_daily,399673,OFFICIAL_HISTORICAL_VALUATION_UNAVAILABLE,True,2024-04-26,OFFICIAL_DAILY_OBSERVATION_DATE_NO_INTRADAY_TIMESTAMP_CLAIM
2024-04-29,TECHNOLOGY,TECHNOLOGY_CHINEXT50,DOMAIN_COMPONENT,CHINEXT50,399673,1768.9943,1848.8485,1768.9943,1827.4143,3.8833857,1868528784.0,70946156371.32,,,cnindex:official_market_daily,399673,OFFICIAL_HISTORICAL_VALUATION_UNAVAILABLE,True,2024-04-29,OFFICIAL_DAILY_OBSERVATION_DATE_NO_INTRADAY_TIMESTAMP_CLAIM
2024-04-30,TECHNOLOGY,TECHNOLOGY_CHINEXT50,DOMAIN_COMPONENT,CHINEXT50,399673,1813.8537,1816.9506,1793.4127,1794.4057,-1.8063008500000002,1153227560.0,43024698409.83,,,cnindex:official_market_daily,399673,OFFICIAL_HISTORICAL_VALUATION_UNAVAILABLE,True,2024-04-30,OFFICIAL_DAILY_OBSERVATION_DATE_NO_INTRADAY_TIMESTAMP_CLAIM
2024-05-06,TECHNOLOGY,TECHNOLOGY_CHINEXT50,DOMAIN_COMPONENT,CHINEXT50,399673,1835.5609,1844.1804,1827.3081,1831.4911,2.0667232600000003,1396953984.0,53192789885.62,,,cnindex:official_market_daily,399673,OFFICIAL_HISTORICAL_VALUATION_UNAVAILABLE,True,2024-05-06,OFFICIAL_DAILY_OBSERVATION_DATE_NO_INTRADAY_TIMESTAMP_CLAIM
2024-05-07,TECHNOLOGY,TECHNOLOGY_CHINEXT50,DOMAIN_COMPONENT,CHINEXT50,399673,1832.7856,1835.4922,1820.1661,1823.9129,-0.41377213999999995,1013770183.0,43415215115.61,,,cnindex:official_market_daily,399673,OFFICIAL_HISTORICAL_VALUATION_UNAVAILABLE,True,2024-05-07,OFFICIAL_DAILY_OBSERVATION_DATE_NO_INTRADAY_TIMESTAMP_CLAIM
2024-05-08,TECHNOLOGY,TECHNOLOGY_CHINEXT50,DOMAIN_COMPONENT,CHINEXT50,399673,1819.0963,1819.0963,1788.8532,1790.6609,-1.82311337,952997345.0,36327163479.7,,,cnindex:official_market_daily,399673,OFFICIAL_HISTORICAL_VALUATION_UNAVAILABLE,True,2024-05-08,OFFICIAL_DAILY_OBSERVATION_DATE_NO_INTRADAY_TIMESTAMP_CLAIM
2024-05-09,TECHNOLOGY,TECHNOLOGY_CHINEXT50,DOMAIN_COMPONENT,CHINEXT50,399673,1800.6538,1826.3912,1799.8227,1822.1407,1.7579989599999999,1180219732.0,45135231502.75,,,cnindex:official_market_daily,399673,OFFICIAL_HISTORICAL_VALUATION_UNAVAILABLE,True,2024-05-09,OFFICIAL_DAILY_OBSERVATION_DATE_NO_INTRADAY_TIMESTAMP_CLAIM
2024-05-10,TECHNOLOGY,TECHNOLOGY_CHINEXT50,DOMAIN_COMPONENT,CHINEXT50,399673,1821.3436,1821.4865,1792.9896,1798.127,-1.31788396,1054633826.0,39509528132.86,,,cnindex:official_market_daily,399673,OFFICIAL_HISTORICAL_VALUATION_UNAVAILABLE,True,2024-05-10,OFFICIAL_DAILY_OBSERVATION_DATE_NO_INTRADAY_TIMESTAMP_CLAIM
2024-05-13,TECHNOLOGY,TECHNOLOGY_CHINEXT50,DOMAIN_COMPONENT,CHINEXT50,399673,1777.4167,1796.546,1768.6651,1778.1641,-1.11020523,1087598777.0,41554300813.35,,,cnindex:official_market_daily,399673,OFFICIAL_HISTORICAL_VALUATION_UNAVAILABLE,True,2024-05-13,OFFICIAL_DAILY_OBSERVATION_DATE_NO_INTRADAY_TIMESTAMP_CLAIM
2024-05-14,TECHNOLOGY,TECHNOLOGY_CHINEXT50,DOMAIN_COMPONENT,CHINEXT50,399673,1783.5929,1790.3267,1766.4741,1772.5788,-0.31410487,913400048.0,34904822332.9,,,cnindex:official_market_daily,399673,OFFICIAL_HISTORICAL_VALUATION_UNAVAILABLE,True,2024-05-14,OFFICIAL_DAILY_OBSERVATION_DATE_NO_INTRADAY_TIMESTAMP_CLAIM
2024-05-15,TECHNOLOGY,TECHNOLOGY_CHINEXT50,DOMAIN_COMPONENT,CHINEXT50,399673,1776.6666,1786.978,1757.5126,1758.9019,-0.7715820600000001,905371922.0,32589429182.51,,,cnindex:official_market_daily,399673,OFFICIAL_HISTORICAL_VALUATION_UNAVAILABLE,True,2024-05-15,OFFICIAL_DAILY_OBSERVATION_DATE_NO_INTRADAY_TIMESTAMP_CLAIM
2024-05-16,TECHNOLOGY,TECHNOLOGY_CHINEXT50,DOMAIN_COMPONENT,CHINEXT50,399673,1768.3227,1784.29,1757.108,1766.7519,0.44630117999999996,925234610.0,35794519086.23,,,cnindex:official_market_daily,399673,OFFICIAL_HISTORICAL_VALUATION_UNAVAILABLE,True,2024-05-16,OFFICIAL_DAILY_OBSERVATION_DATE_NO_INTRADAY_TIMESTAMP_CLAIM
2024-05-17,TECHNOLOGY,TECHNOLOGY_CHINEXT50,DOMAIN_COMPONENT,CHINEXT50,399673,1760.4561,1784.5123,1751.8522,1783.5411,0.95028623,993765355.0,39091246428.63,,,cnindex:official_market_daily,399673,OFFICIAL_HISTORICAL_VALUATION_UNAVAILABLE,True,2024-05-17,OFFICIAL_DAILY_OBSERVATION_DATE_NO_INTRADAY_TIMESTAMP_CLAIM
2024-05-20,TECHNOLOGY,TECHNOLOGY_CHINEXT50,DOMAIN_COMPONENT,CHINEXT50,399673,1786.9006,1802.8857,1781.3418,1793.2868,0.54642419,1012785441.0,40389855731.64,,,cnindex:official_market_daily,399673,OFFICIAL_HISTORICAL_VALUATION_UNAVAILABLE,True,2024-05-20,OFFICIAL_DAILY_OBSERVATION_DATE_NO_INTRADAY_TIMESTAMP_CLAIM
2024-05-21,TECHNOLOGY,TECHNOLOGY_CHINEXT50,DOMAIN_COMPONENT,CHINEXT50,399673,1790.0921,1790.9635,1772.1114,1777.7058,-0.8688515399999999,740226842.0,27906537904.45,,,cnindex:official_market_daily,399673,OFFICIAL_HISTORICAL_VALUATION_UNAVAILABLE,True,2024-05-21,OFFICIAL_DAILY_OBSERVATION_DATE_NO_INTRADAY_TIMESTAMP_CLAIM
2024-05-22,TECHNOLOGY,TECHNOLOGY_CHINEXT50,DOMAIN_COMPONENT,CHINEXT50,399673,1779.6459,1804.7554,1773.1704,1798.3833,1.1631564699999999,1048853452.0,41531495244.0,,,cnindex:official_market_daily,399673,OFFICIAL_HISTORICAL_VALUATION_UNAVAILABLE,True,2024-05-22,OFFICIAL_DAILY_OBSERVATION_DATE_NO_INTRADAY_TIMESTAMP_CLAIM
2024-05-23,TECHNOLOGY,TECHNOLOGY_CHINEXT50,DOMAIN_COMPONENT,CHINEXT50,399673,1798.0344,1800.7746,1772.1156,1776.7449,-1.2032140199999999,1064028040.0,39742594090.35,,,cnindex:official_market_daily,399673,OFFICIAL_HISTORICAL_VALUATION_UNAVAILABLE,True,2024-05-23,OFFICIAL_DAILY_OBSERVATION_DATE_NO_INTRADAY_TIMESTAMP_CLAIM
2024-05-24,TECHNOLOGY,TECHNOLOGY_CHINEXT50,DOMAIN_COMPONENT,CHINEXT50,399673,1769.075,1786.6429,1739.7537,1740.2403,-2.05457745,923947824.0,37446123603.81,,,cnindex:official_market_daily,399673,OFFICIAL_HISTORICAL_VALUATION_UNAVAILABLE,True,2024-05-24,OFFICIAL_DAILY_OBSERVATION_DATE_NO_INTRADAY_TIMESTAMP_CLAIM
2024-05-27,TECHNOLOGY,TECHNOLOGY_CHINEXT50,DOMAIN_COMPONENT,CHINEXT50,399673,1746.4342,1751.9215,1724.9043,1749.8246,0.55074578,904171073.0,33086982740.85,,,cnindex:official_market_daily,399673,OFFICIAL_HISTORICAL_VALUATION_UNAVAILABLE,True,2024-05-27,OFFICIAL_DAILY_OBSERVATION_DATE_NO_INTRADAY_TIMESTAMP_CLAIM
2024-05-28,TECHNOLOGY,TECHNOLOGY_CHINEXT50,DOMAIN_COMPONENT,CHINEXT50,399673,1742.8662,1747.7562,1725.745,1725.9663,-1.36346809,737114472.0,31217943415.44,,,cnindex:official_market_daily,399673,OFFICIAL_HISTORICAL_VALUATION_UNAVAILABLE,True,2024-05-28,OFFICIAL_DAILY_OBSERVATION_DATE_NO_INTRADAY_TIMESTAMP_CLAIM
2024-05-29,TECHNOLOGY,TECHNOLOGY_CHINEXT50,DOMAIN_COMPONENT,CHINEXT50,399673,1729.8662,1756.3103,1725.4408,1732.0168,0.35055725,891422739.0,32960990638.06,,,cnindex:official_market_daily,399673,OFFICIAL_HISTORICAL_VALUATION_UNAVAILABLE,True,2024-05-29,OFFICIAL_DAILY_OBSERVATION_DATE_NO_INTRADAY_TIMESTAMP_CLAIM
2024-05-30,TECHNOLOGY,TECHNOLOGY_CHINEXT50,DOMAIN_COMPONENT,CHINEXT50,399673,1732.6609,1741.1137,1726.7297,1734.8892,0.16584135,876653626.0,29067805938.64,,,cnindex:official_market_daily,399673,OFFICIAL_HISTORICAL_VALUATION_UNAVAILABLE,True,2024-05-30,OFFICIAL_DAILY_OBSERVATION_DATE_NO_INTRADAY_TIMESTAMP_CLAIM
2024-05-31,TECHNOLOGY,TECHNOLOGY_CHINEXT50,DOMAIN_COMPONENT,CHINEXT50,399673,1733.7246,1755.6832,1724.8179,1724.8179,-0.58051546,975284452.0,34332382643.84,,,cnindex:official_market_daily,399673,OFFICIAL_HISTORICAL_VALUATION_UNAVAILABLE,True,2024-05-31,OFFICIAL_DAILY_OBSERVATION_DATE_NO_INTRADAY_TIMESTAMP_CLAIM
2024-06-03,TECHNOLOGY,TECHNOLOGY_CHINEXT50,DOMAIN_COMPONENT,CHINEXT50,399673,1725.1314,1748.2542,1720.5862,1743.653,1.09200513,1033949883.0,42141401501.82,,,cnindex:official_market_daily,399673,OFFICIAL_HISTORICAL_VALUATION_UNAVAILABLE,True,2024-06-03,OFFICIAL_DAILY_OBSERVATION_DATE_NO_INTRADAY_TIMESTAMP_CLAIM
2024-06-04,TECHNOLOGY,TECHNOLOGY_CHINEXT50,DOMAIN_COMPONENT,CHINEXT50,399673,1741.67,1773.352,1740.1026,1768.4042,1.41950262,971074879.0,37777557494.24,,,cnindex:official_market_daily,399673,OFFICIAL_HISTORICAL_VALUATION_UNAVAILABLE,True,2024-06-04,OFFICIAL_DAILY_OBSERVATION_DATE_NO_INTRADAY_TIMESTAMP_CLAIM
2024-06-05,TECHNOLOGY,TECHNOLOGY_CHINEXT50,DOMAIN_COMPONENT,CHINEXT50,399673,1765.0258,1783.515,1758.9782,1758.9782,-0.53302294,911292781.0,32147835846.66,,,cnindex:official_market_daily,399673,OFFICIAL_HISTORICAL_VALUATION_UNAVAILABLE,True,2024-06-05,OFFICIAL_DAILY_OBSERVATION_DATE_NO_INTRADAY_TIMESTAMP_CLAIM
2024-06-06,TECHNOLOGY,TECHNOLOGY_CHINEXT50,DOMAIN_COMPONENT,CHINEXT50,399673,1766.8086,1773.816,1745.2442,1749.996,-0.51064874,1076407895.0,40485667969.27,,,cnindex:official_market_daily,399673,OFFICIAL_HISTORICAL_VALUATION_UNAVAILABLE,True,2024-06-06,OFFICIAL_DAILY_OBSERVATION_DATE_NO_INTRADAY_TIMESTAMP_CLAIM
2024-06-07,TECHNOLOGY,TECHNOLOGY_CHINEXT50,DOMAIN_COMPONENT,CHINEXT50,399673,1737.0409,1746.1821,1685.9755,1703.5641,-2.65325749,962202750.0,42108082609.85,,,cnindex:official_market_daily,399673,OFFICIAL_HISTORICAL_VALUATION_UNAVAILABLE,True,2024-06-07,OFFICIAL_DAILY_OBSERVATION_DATE_NO_INTRADAY_TIMESTAMP_CLAIM
2024-06-11,TECHNOLOGY,TECHNOLOGY_CHINEXT50,DOMAIN_COMPONENT,CHINEXT50,399673,1687.25,1708.7677,1682.1746,1705.1411,0.09257063,798937849.0,34289831398.82,,,cnindex:official_market_daily,399673,OFFICIAL_HISTORICAL_VALUATION_UNAVAILABLE,True,2024-06-11,OFFICIAL_DAILY_OBSERVATION_DATE_NO_INTRADAY_TIMESTAMP_CLAIM
2024-06-12,TECHNOLOGY,TECHNOLOGY_CHINEXT50,DOMAIN_COMPONENT,CHINEXT50,399673,1696.4306,1705.2713,1693.2243,1695.149,-0.58599843,865028402.0,31699887918.03,,,cnindex:official_market_daily,399673,OFFICIAL_HISTORICAL_VALUATION_UNAVAILABLE,True,2024-06-12,OFFICIAL_DAILY_OBSERVATION_DATE_NO_INTRADAY_TIMESTAMP_CLAIM
2024-06-13,TECHNOLOGY,TECHNOLOGY_CHINEXT50,DOMAIN_COMPONENT,CHINEXT50,399673,1703.9293,1721.5513,1695.3554,1699.9541,0.28346181000000004,917695229.0,37487165233.45,,,cnindex:official_market_daily,399673,OFFICIAL_HISTORICAL_VALUATION_UNAVAILABLE,True,2024-06-13,OFFICIAL_DAILY_OBSERVATION_DATE_NO_INTRADAY_TIMESTAMP_CLAIM
2024-06-14,TECHNOLOGY,TECHNOLOGY_CHINEXT50,DOMAIN_COMPONENT,CHINEXT50,399673,1700.4027,1720.4294,1680.9425,1718.4141,1.08591167,1315452383.0,58836924883.86,,,cnindex:official_market_daily,399673,OFFICIAL_HISTORICAL_VALUATION_UNAVAILABLE,True,2024-06-14,OFFICIAL_DAILY_OBSERVATION_DATE_NO_INTRADAY_TIMESTAMP_CLAIM
2024-06-17,TECHNOLOGY,TECHNOLOGY_CHINEXT50,DOMAIN_COMPONENT,CHINEXT50,399673,1708.5348,1742.1604,1708.4662,1736.1341,1.0311833499999998,1317455315.0,48428148039.89,,,cnindex:official_market_daily,399673,OFFICIAL_HISTORICAL_VALUATION_UNAVAILABLE,True,2024-06-17,OFFICIAL_DAILY_OBSERVATION_DATE_NO_INTRADAY_TIMESTAMP_CLAIM
2024-06-18,TECHNOLOGY,TECHNOLOGY_CHINEXT50,DOMAIN_COMPONENT,CHINEXT50,399673,1733.4433,1755.6552,1733.4433,1746.9382,0.62230792,1136985501.0,43039664516.03,,,cnindex:official_market_daily,399673,OFFICIAL_HISTORICAL_VALUATION_UNAVAILABLE,True,2024-06-18,OFFICIAL_DAILY_OBSERVATION_DATE_NO_INTRADAY_TIMESTAMP_CLAIM
2024-06-19,TECHNOLOGY,TECHNOLOGY_CHINEXT50,DOMAIN_COMPONENT,CHINEXT50,399673,1753.5904,1753.5904,1725.5133,1725.8684,-1.20609876,998453382.0,36043527834.23,,,cnindex:official_market_daily,399673,OFFICIAL_HISTORICAL_VALUATION_UNAVAILABLE,True,2024-06-19,OFFICIAL_DAILY_OBSERVATION_DATE_NO_INTRADAY_TIMESTAMP_CLAIM
2024-06-20,TECHNOLOGY,TECHNOLOGY_CHINEXT50,DOMAIN_COMPONENT,CHINEXT50,399673,1725.269,1731.2478,1696.6991,1697.9877,-1.61545921,1050496639.0,35061967780.33,,,cnindex:official_market_daily,399673,OFFICIAL_HISTORICAL_VALUATION_UNAVAILABLE,True,2024-06-20,OFFICIAL_DAILY_OBSERVATION_DATE_NO_INTRADAY_TIMESTAMP_CLAIM
2024-06-21,TECHNOLOGY,TECHNOLOGY_CHINEXT50,DOMAIN_COMPONENT,CHINEXT50,399673,1691.872,1697.7964,1674.2414,1688.201,-0.57637049,909930179.0,32452616526.09,,,cnindex:official_market_daily,399673,OFFICIAL_HISTORICAL_VALUATION_UNAVAILABLE,True,2024-06-21,OFFICIAL_DAILY_OBSERVATION_DATE_NO_INTRADAY_TIMESTAMP_CLAIM
2024-06-24,TECHNOLOGY,TECHNOLOGY_CHINEXT50,DOMAIN_COMPONENT,CHINEXT50,399673,1678.7987,1691.4759,1668.4554,1670.9122,-1.02409606,994191467.0,33714394485.61,,,cnindex:official_market_daily,399673,OFFICIAL_HISTORICAL_VALUATION_UNAVAILABLE,True,2024-06-24,OFFICIAL_DAILY_OBSERVATION_DATE_NO_INTRADAY_TIMESTAMP_CLAIM
2024-06-25,TECHNOLOGY,TECHNOLOGY_CHINEXT50,DOMAIN_COMPONENT,CHINEXT50,399673,1662.3536,1666.2912,1628.543,1637.167,-2.01956752,1034044193.0,35501032743.58,,,cnindex:official_market_daily,399673,OFFICIAL_HISTORICAL_VALUATION_UNAVAILABLE,True,2024-06-25,OFFICIAL_DAILY_OBSERVATION_DATE_NO_INTRADAY_TIMESTAMP_CLAIM
2024-06-26,TECHNOLOGY,TECHNOLOGY_CHINEXT50,DOMAIN_COMPONENT,CHINEXT50,399673,1638.0121,1667.5335,1634.1315,1664.2333,1.65324002,1148947773.0,36230364081.12,,,cnindex:official_market_daily,399673,OFFICIAL_HISTORICAL_VALUATION_UNAVAILABLE,True,2024-06-26,OFFICIAL_DAILY_OBSERVATION_DATE_NO_INTRADAY_TIMESTAMP_CLAIM
2024-06-27,TECHNOLOGY,TECHNOLOGY_CHINEXT50,DOMAIN_COMPONENT,CHINEXT50,399673,1652.4653,1653.9403,1637.0696,1637.86,-1.5847117099999999,990791573.0,31102606186.4,,,cnindex:official_market_daily,399673,OFFICIAL_HISTORICAL_VALUATION_UNAVAILABLE,True,2024-06-27,OFFICIAL_DAILY_OBSERVATION_DATE_NO_INTRADAY_TIMESTAMP_CLAIM
2024-06-28,TECHNOLOGY,TECHNOLOGY_CHINEXT50,DOMAIN_COMPONENT,CHINEXT50,399673,1631.3302,1656.3659,1613.743,1616.8392,-1.28343082,1346848400.0,38506309050.48,,,cnindex:official_market_daily,399673,OFFICIAL_HISTORICAL_VALUATION_UNAVAILABLE,True,2024-06-28,OFFICIAL_DAILY_OBSERVATION_DATE_NO_INTRADAY_TIMESTAMP_CLAIM
2024-07-01,TECHNOLOGY,TECHNOLOGY_CHINEXT50,DOMAIN_COMPONENT,CHINEXT50,399673,1612.2608,1621.5679,1581.7935,1613.8289,-0.18618425,1110428409.0,37859941440.74,,,cnindex:official_market_daily,399673,OFFICIAL_HISTORICAL_VALUATION_UNAVAILABLE,True,2024-07-01,OFFICIAL_DAILY_OBSERVATION_DATE_NO_INTRADAY_TIMESTAMP_CLAIM
2024-07-02,TECHNOLOGY,TECHNOLOGY_CHINEXT50,DOMAIN_COMPONENT,CHINEXT50,399673,1607.4806,1618.3108,1595.66,1600.2423,-0.8418860300000001,1076947815.0,34136626487.74,,,cnindex:official_market_daily,399673,OFFICIAL_HISTORICAL_VALUATION_UNAVAILABLE,True,2024-07-02,OFFICIAL_DAILY_OBSERVATION_DATE_NO_INTRADAY_TIMESTAMP_CLAIM
2024-07-03,TECHNOLOGY,TECHNOLOGY_CHINEXT50,DOMAIN_COMPONENT,CHINEXT50,399673,1601.0472,1614.8921,1585.4895,1599.1024,-0.07123296,1024614116.0,30699507498.11,,,cnindex:official_market_daily,399673,OFFICIAL_HISTORICAL_VALUATION_UNAVAILABLE,True,2024-07-03,OFFICIAL_DAILY_OBSERVATION_DATE_NO_INTRADAY_TIMESTAMP_CLAIM
2024-07-04,TECHNOLOGY,TECHNOLOGY_CHINEXT50,DOMAIN_COMPONENT,CHINEXT50,399673,1606.5166,1616.4053,1588.3357,1588.3357,-0.67329647,922575843.0,29469562385.89,,,cnindex:official_market_daily,399673,OFFICIAL_HISTORICAL_VALUATION_UNAVAILABLE,True,2024-07-04,OFFICIAL_DAILY_OBSERVATION_DATE_NO_INTRADAY_TIMESTAMP_CLAIM
2024-07-05,TECHNOLOGY,TECHNOLOGY_CHINEXT50,DOMAIN_COMPONENT,CHINEXT50,399673,1590.6763,1600.13,1572.4478,1593.0339,0.29579389,958075750.0,30542920597.75,,,cnindex:official_market_daily,399673,OFFICIAL_HISTORICAL_VALUATION_UNAVAILABLE,True,2024-07-05,OFFICIAL_DAILY_OBSERVATION_DATE_NO_INTRADAY_TIMESTAMP_CLAIM
2024-07-08,TECHNOLOGY,TECHNOLOGY_CHINEXT50,DOMAIN_COMPONENT,CHINEXT50,399673,1588.8747,1590.4169,1562.8164,1566.893,-1.64095064,933388823.0,29475809067.1,,,cnindex:official_market_daily,399673,OFFICIAL_HISTORICAL_VALUATION_UNAVAILABLE,True,2024-07-08,OFFICIAL_DAILY_OBSERVATION_DATE_NO_INTRADAY_TIMESTAMP_CLAIM
2024-07-09,TECHNOLOGY,TECHNOLOGY_CHINEXT50,DOMAIN_COMPONENT,CHINEXT50,399673,1564.2675,1603.9968,1556.9819,1596.2948,1.87643955,1348557954.0,42411110017.02,,,cnindex:official_market_daily,399673,OFFICIAL_HISTORICAL_VALUATION_UNAVAILABLE,True,2024-07-09,OFFICIAL_DAILY_OBSERVATION_DATE_NO_INTRADAY_TIMESTAMP_CLAIM
2024-07-10,TECHNOLOGY,TECHNOLOGY_CHINEXT50,DOMAIN_COMPONENT,CHINEXT50,399673,1587.1803,1614.2178,1586.0807,1594.5466,-0.10951610999999999,1084257173.0,36907963987.93,,,cnindex:official_market_daily,399673,OFFICIAL_HISTORICAL_VALUATION_UNAVAILABLE,True,2024-07-10,OFFICIAL_DAILY_OBSERVATION_DATE_NO_INTRADAY_TIMESTAMP_CLAIM
2024-07-11,TECHNOLOGY,TECHNOLOGY_CHINEXT50,DOMAIN_COMPONENT,CHINEXT50,399673,1616.8293,1638.3993,1602.7118,1627.8682,2.08972256,1563102386.0,47682757838.17,,,cnindex:official_market_daily,399673,OFFICIAL_HISTORICAL_VALUATION_UNAVAILABLE,True,2024-07-11,OFFICIAL_DAILY_OBSERVATION_DATE_NO_INTRADAY_TIMESTAMP_CLAIM
2024-07-12,TECHNOLOGY,TECHNOLOGY_CHINEXT50,DOMAIN_COMPONENT,CHINEXT50,399673,1622.6619,1636.0035,1613.8967,1626.2661,-0.09841705999999999,1163709572.0,40328097112.19,,,cnindex:official_market_daily,399673,OFFICIAL_HISTORICAL_VALUATION_UNAVAILABLE,True,2024-07-12,OFFICIAL_DAILY_OBSERVATION_DATE_NO_INTRADAY_TIMESTAMP_CLAIM
2024-07-15,TECHNOLOGY,TECHNOLOGY_CHINEXT50,DOMAIN_COMPONENT,CHINEXT50,399673,1614.6709,1620.3288,1605.437,1613.1851,-0.80435791,877857516.0,29481317628.84,,,cnindex:official_market_daily,399673,OFFICIAL_HISTORICAL_VALUATION_UNAVAILABLE,True,2024-07-15,OFFICIAL_DAILY_OBSERVATION_DATE_NO_INTRADAY_TIMESTAMP_CLAIM
2024-07-16,TECHNOLOGY,TECHNOLOGY_CHINEXT50,DOMAIN_COMPONENT,CHINEXT50,399673,1613.5842,1641.9021,1612.9463,1641.1529,1.73370062,1298639173.0,44618257878.7,,,cnindex:official_market_daily,399673,OFFICIAL_HISTORICAL_VALUATION_UNAVAILABLE,True,2024-07-16,OFFICIAL_DAILY_OBSERVATION_DATE_NO_INTRADAY_TIMESTAMP_CLAIM
2024-07-17,TECHNOLOGY,TECHNOLOGY_CHINEXT50,DOMAIN_COMPONENT,CHINEXT50,399673,1635.913,1649.9585,1627.4882,1638.8881,-0.13800055,1377674695.0,44175070724.41,,,cnindex:official_market_daily,399673,OFFICIAL_HISTORICAL_VALUATION_UNAVAILABLE,True,2024-07-17,OFFICIAL_DAILY_OBSERVATION_DATE_NO_INTRADAY_TIMESTAMP_CLAIM
2024-07-18,TECHNOLOGY,TECHNOLOGY_CHINEXT50,DOMAIN_COMPONENT,CHINEXT50,399673,1621.9155,1663.5038,1620.5668,1662.1521,1.41949899,1346662460.0,49309022551.77,,,cnindex:official_market_daily,399673,OFFICIAL_HISTORICAL_VALUATION_UNAVAILABLE,True,2024-07-18,OFFICIAL_DAILY_OBSERVATION_DATE_NO_INTRADAY_TIMESTAMP_CLAIM
2024-07-19,TECHNOLOGY,TECHNOLOGY_CHINEXT50,DOMAIN_COMPONENT,CHINEXT50,399673,1650.5113,1673.9668,1650.5113,1668.1585,0.36136284,1182352834.0,40642094428.29,,,cnindex:official_market_daily,399673,OFFICIAL_HISTORICAL_VALUATION_UNAVAILABLE,True,2024-07-19,OFFICIAL_DAILY_OBSERVATION_DATE_NO_INTRADAY_TIMESTAMP_CLAIM
2024-07-22,TECHNOLOGY,TECHNOLOGY_CHINEXT50,DOMAIN_COMPONENT,CHINEXT50,399673,1673.3345,1680.5165,1657.7959,1668.2427,0.00504748,1154837311.0,37649483045.44,,,cnindex:official_market_daily,399673,OFFICIAL_HISTORICAL_VALUATION_UNAVAILABLE,True,2024-07-22,OFFICIAL_DAILY_OBSERVATION_DATE_NO_INTRADAY_TIMESTAMP_CLAIM
2024-07-23,TECHNOLOGY,TECHNOLOGY_CHINEXT50,DOMAIN_COMPONENT,CHINEXT50,399673,1666.433,1666.7994,1619.3684,1619.3684,-2.92968763,1115187353.0,34768729505.61,,,cnindex:official_market_daily,399673,OFFICIAL_HISTORICAL_VALUATION_UNAVAILABLE,True,2024-07-23,OFFICIAL_DAILY_OBSERVATION_DATE_NO_INTRADAY_TIMESTAMP_CLAIM
2024-07-24,TECHNOLOGY,TECHNOLOGY_CHINEXT50,DOMAIN_COMPONENT,CHINEXT50,399673,1612.9569,1633.269,1595.562,1600.7415,-1.1502571,1046871063.0,33198016975.6,,,cnindex:official_market_daily,399673,OFFICIAL_HISTORICAL_VALUATION_UNAVAILABLE,True,2024-07-24,OFFICIAL_DAILY_OBSERVATION_DATE_NO_INTRADAY_TIMESTAMP_CLAIM
2024-07-25,TECHNOLOGY,TECHNOLOGY_CHINEXT50,DOMAIN_COMPONENT,CHINEXT50,399673,1590.7465,1608.6432,1587.7788,1593.4264,-0.45698197,1034077089.0,36603986497.69,,,cnindex:official_market_daily,399673,OFFICIAL_HISTORICAL_VALUATION_UNAVAILABLE,True,2024-07-25,OFFICIAL_DAILY_OBSERVATION_DATE_NO_INTRADAY_TIMESTAMP_CLAIM
2024-07-26,TECHNOLOGY,TECHNOLOGY_CHINEXT50,DOMAIN_COMPONENT,CHINEXT50,399673,1599.3255,1620.3892,1596.888,1608.5763,0.95077501,958021220.0,32560907243.76,,,cnindex:official_market_daily,399673,OFFICIAL_HISTORICAL_VALUATION_UNAVAILABLE,True,2024-07-26,OFFICIAL_DAILY_OBSERVATION_DATE_NO_INTRADAY_TIMESTAMP_CLAIM
2024-07-29,TECHNOLOGY,TECHNOLOGY_CHINEXT50,DOMAIN_COMPONENT,CHINEXT50,399673,1600.6371,1600.6371,1578.5928,1584.3025,-1.50902385,833865314.0,32213135213.21,,,cnindex:official_market_daily,399673,OFFICIAL_HISTORICAL_VALUATION_UNAVAILABLE,True,2024-07-29,OFFICIAL_DAILY_OBSERVATION_DATE_NO_INTRADAY_TIMESTAMP_CLAIM
2024-07-30,TECHNOLOGY,TECHNOLOGY_CHINEXT50,DOMAIN_COMPONENT,CHINEXT50,399673,1577.5593,1585.296,1569.0525,1578.2942,-0.37923944,734911418.0,25899338757.05,,,cnindex:official_market_daily,399673,OFFICIAL_HISTORICAL_VALUATION_UNAVAILABLE,True,2024-07-30,OFFICIAL_DAILY_OBSERVATION_DATE_NO_INTRADAY_TIMESTAMP_CLAIM
2024-07-31,TECHNOLOGY,TECHNOLOGY_CHINEXT50,DOMAIN_COMPONENT,CHINEXT50,399673,1568.4841,1634.9369,1568.4841,1631.7106,3.38443872,1754560113.0,49888185885.03,,,cnindex:official_market_daily,399673,OFFICIAL_HISTORICAL_VALUATION_UNAVAILABLE,True,2024-07-31,OFFICIAL_DAILY_OBSERVATION_DATE_NO_INTRADAY_TIMESTAMP_CLAIM
2024-08-01,TECHNOLOGY,TECHNOLOGY_CHINEXT50,DOMAIN_COMPONENT,CHINEXT50,399673,1634.4765,1637.3473,1606.2469,1607.5213,-1.48245038,1165997803.0,39148567418.35,,,cnindex:official_market_daily,399673,OFFICIAL_HISTORICAL_VALUATION_UNAVAILABLE,True,2024-08-01,OFFICIAL_DAILY_OBSERVATION_DATE_NO_INTRADAY_TIMESTAMP_CLAIM
2024-08-02,TECHNOLOGY,TECHNOLOGY_CHINEXT50,DOMAIN_COMPONENT,CHINEXT50,399673,1589.305,1607.3926,1571.0167,1573.5735,-2.11181028,1174423797.0,39442457881.63,,,cnindex:official_market_daily,399673,OFFICIAL_HISTORICAL_VALUATION_UNAVAILABLE,True,2024-08-02,OFFICIAL_DAILY_OBSERVATION_DATE_NO_INTRADAY_TIMESTAMP_CLAIM
2024-08-05,TECHNOLOGY,TECHNOLOGY_CHINEXT50,DOMAIN_COMPONENT,CHINEXT50,399673,1553.1905,1588.4448,1542.0663,1542.4041,-1.98080357,1374330814.0,43467941427.43,,,cnindex:official_market_daily,399673,OFFICIAL_HISTORICAL_VALUATION_UNAVAILABLE,True,2024-08-05,OFFICIAL_DAILY_OBSERVATION_DATE_NO_INTRADAY_TIMESTAMP_CLAIM
2024-08-06,TECHNOLOGY,TECHNOLOGY_CHINEXT50,DOMAIN_COMPONENT,CHINEXT50,399673,1564.7381,1574.9339,1548.2509,1563.1632,1.34589243,1090791741.0,33768254196.66,,,cnindex:official_market_daily,399673,OFFICIAL_HISTORICAL_VALUATION_UNAVAILABLE,True,2024-08-06,OFFICIAL_DAILY_OBSERVATION_DATE_NO_INTRADAY_TIMESTAMP_CLAIM
2024-08-07,TECHNOLOGY,TECHNOLOGY_CHINEXT50,DOMAIN_COMPONENT,CHINEXT50,399673,1559.1932,1571.1754,1554.2201,1556.2899,-0.43970457,914472356.0,27705674717.59,,,cnindex:official_market_daily,399673,OFFICIAL_HISTORICAL_VALUATION_UNAVAILABLE,True,2024-08-07,OFFICIAL_DAILY_OBSERVATION_DATE_NO_INTRADAY_TIMESTAMP_CLAIM
2024-08-08,TECHNOLOGY,TECHNOLOGY_CHINEXT50,DOMAIN_COMPONENT,CHINEXT50,399673,1545.6653,1561.6063,1532.7226,1545.0741,-0.7206754999999999,870712975.0,25918168615.06,,,cnindex:official_market_daily,399673,OFFICIAL_HISTORICAL_VALUATION_UNAVAILABLE,True,2024-08-08,OFFICIAL_DAILY_OBSERVATION_DATE_NO_INTRADAY_TIMESTAMP_CLAIM
2024-08-09,TECHNOLOGY,TECHNOLOGY_CHINEXT50,DOMAIN_COMPONENT,CHINEXT50,399673,1557.3317,1564.7957,1530.6698,1530.6698,-0.93227244,800772572.0,25687912355.15,,,cnindex:official_market_daily,399673,OFFICIAL_HISTORICAL_VALUATION_UNAVAILABLE,True,2024-08-09,OFFICIAL_DAILY_OBSERVATION_DATE_NO_INTRADAY_TIMESTAMP_CLAIM
2024-08-12,TECHNOLOGY,TECHNOLOGY_CHINEXT50,DOMAIN_COMPONENT,CHINEXT50,399673,1532.534,1538.0445,1523.4135,1526.8353,-0.25051125,752349970.0,23126540543.8,,,cnindex:official_market_daily,399673,OFFICIAL_HISTORICAL_VALUATION_UNAVAILABLE,True,2024-08-12,OFFICIAL_DAILY_OBSERVATION_DATE_NO_INTRADAY_TIMESTAMP_CLAIM
2024-08-13,TECHNOLOGY,TECHNOLOGY_CHINEXT50,DOMAIN_COMPONENT,CHINEXT50,399673,1527.175,1543.7245,1522.2708,1543.7245,1.10615729,778608519.0,25869900928.77,,,cnindex:official_market_daily,399673,OFFICIAL_HISTORICAL_VALUATION_UNAVAILABLE,True,2024-08-13,OFFICIAL_DAILY_OBSERVATION_DATE_NO_INTRADAY_TIMESTAMP_CLAIM
2024-08-14,TECHNOLOGY,TECHNOLOGY_CHINEXT50,DOMAIN_COMPONENT,CHINEXT50,399673,1543.4706,1544.4628,1522.8558,1522.8558,-1.35184095,778105466.0,23266348056.86,,,cnindex:official_market_daily,399673,OFFICIAL_HISTORICAL_VALUATION_UNAVAILABLE,True,2024-08-14,OFFICIAL_DAILY_OBSERVATION_DATE_NO_INTRADAY_TIMESTAMP_CLAIM
2024-08-15,TECHNOLOGY,TECHNOLOGY_CHINEXT50,DOMAIN_COMPONENT,CHINEXT50,399673,1519.2969,1545.9318,1519.2969,1531.168,0.54582975,962928305.0,25469952356.73,,,cnindex:official_market_daily,399673,OFFICIAL_HISTORICAL_VALUATION_UNAVAILABLE,True,2024-08-15,OFFICIAL_DAILY_OBSERVATION_DATE_NO_INTRADAY_TIMESTAMP_CLAIM
2024-08-16,TECHNOLOGY,TECHNOLOGY_CHINEXT50,DOMAIN_COMPONENT,CHINEXT50,399673,1533.9345,1544.904,1528.5516,1534.0309,0.18697491,772452059.0,25556495662.0,,,cnindex:official_market_daily,399673,OFFICIAL_HISTORICAL_VALUATION_UNAVAILABLE,True,2024-08-16,OFFICIAL_DAILY_OBSERVATION_DATE_NO_INTRADAY_TIMESTAMP_CLAIM
2024-08-19,TECHNOLOGY,TECHNOLOGY_CHINEXT50,DOMAIN_COMPONENT,CHINEXT50,399673,1533.1332,1553.1374,1533.0117,1535.2867,0.08186276,815569530.0,25113651323.48,,,cnindex:official_market_daily,399673,OFFICIAL_HISTORICAL_VALUATION_UNAVAILABLE,True,2024-08-19,OFFICIAL_DAILY_OBSERVATION_DATE_NO_INTRADAY_TIMESTAMP_CLAIM
2024-08-20,TECHNOLOGY,TECHNOLOGY_CHINEXT50,DOMAIN_COMPONENT,CHINEXT50,399673,1536.549,1538.3764,1514.8552,1517.0663,-1.18677508,772296206.0,22780522329.53,,,cnindex:official_market_daily,399673,OFFICIAL_HISTORICAL_VALUATION_UNAVAILABLE,True,2024-08-20,OFFICIAL_DAILY_OBSERVATION_DATE_NO_INTRADAY_TIMESTAMP_CLAIM
2024-08-21,TECHNOLOGY,TECHNOLOGY_CHINEXT50,DOMAIN_COMPONENT,CHINEXT50,399673,1509.3709,1522.8322,1505.5246,1509.5329,-0.49657685,802828867.0,23432235099.02,,,cnindex:official_market_daily,399673,OFFICIAL_HISTORICAL_VALUATION_UNAVAILABLE,True,2024-08-21,OFFICIAL_DAILY_OBSERVATION_DATE_NO_INTRADAY_TIMESTAMP_CLAIM
2024-08-22,TECHNOLOGY,TECHNOLOGY_CHINEXT50,DOMAIN_COMPONENT,CHINEXT50,399673,1511.34,1514.7164,1496.9999,1499.9384,-0.63559396,963333776.0,27190420501.67,,,cnindex:official_market_daily,399673,OFFICIAL_HISTORICAL_VALUATION_UNAVAILABLE,True,2024-08-22,OFFICIAL_DAILY_OBSERVATION_DATE_NO_INTRADAY_TIMESTAMP_CLAIM
2024-08-23,TECHNOLOGY,TECHNOLOGY_CHINEXT50,DOMAIN_COMPONENT,CHINEXT50,399673,1492.717,1508.7905,1491.8185,1500.7885,0.056675659999999996,786240861.0,24358979776.05,,,cnindex:official_market_daily,399673,OFFICIAL_HISTORICAL_VALUATION_UNAVAILABLE,True,2024-08-23,OFFICIAL_DAILY_OBSERVATION_DATE_NO_INTRADAY_TIMESTAMP_CLAIM
2024-08-26,TECHNOLOGY,TECHNOLOGY_CHINEXT50,DOMAIN_COMPONENT,CHINEXT50,399673,1505.4653,1513.814,1495.1649,1499.0336,-0.11693187,1028202632.0,29760150855.17,,,cnindex:official_market_daily,399673,OFFICIAL_HISTORICAL_VALUATION_UNAVAILABLE,True,2024-08-26,OFFICIAL_DAILY_OBSERVATION_DATE_NO_INTRADAY_TIMESTAMP_CLAIM
2024-08-27,TECHNOLOGY,TECHNOLOGY_CHINEXT50,DOMAIN_COMPONENT,CHINEXT50,399673,1490.5071,1496.1598,1481.8571,1485.9032,-0.87592433,926543504.0,24103274456.77,,,cnindex:official_market_daily,399673,OFFICIAL_HISTORICAL_VALUATION_UNAVAILABLE,True,2024-08-27,OFFICIAL_DAILY_OBSERVATION_DATE_NO_INTRADAY_TIMESTAMP_CLAIM
2024-08-28,TECHNOLOGY,TECHNOLOGY_CHINEXT50,DOMAIN_COMPONENT,CHINEXT50,399673,1481.8256,1490.0722,1474.7694,1484.9396,-0.06484944999999999,773189703.0,22193788342.06,,,cnindex:official_market_daily,399673,OFFICIAL_HISTORICAL_VALUATION_UNAVAILABLE,True,2024-08-28,OFFICIAL_DAILY_OBSERVATION_DATE_NO_INTRADAY_TIMESTAMP_CLAIM
2024-08-29,TECHNOLOGY,TECHNOLOGY_CHINEXT50,DOMAIN_COMPONENT,CHINEXT50,399673,1463.2836,1503.0038,1463.2836,1492.4974,0.50896346,1150063436.0,35679048643.05,,,cnindex:official_market_daily,399673,OFFICIAL_HISTORICAL_VALUATION_UNAVAILABLE,True,2024-08-29,OFFICIAL_DAILY_OBSERVATION_DATE_NO_INTRADAY_TIMESTAMP_CLAIM
2024-08-30,TECHNOLOGY,TECHNOLOGY_CHINEXT50,DOMAIN_COMPONENT,CHINEXT50,399673,1495.8217,1553.7211,1495.8217,1535.1105,2.85515405,1649688440.0,47841909690.48,,,cnindex:official_market_daily,399673,OFFICIAL_HISTORICAL_VALUATION_UNAVAILABLE,True,2024-08-30,OFFICIAL_DAILY_OBSERVATION_DATE_NO_INTRADAY_TIMESTAMP_CLAIM
2024-09-02,TECHNOLOGY,TECHNOLOGY_CHINEXT50,DOMAIN_COMPONENT,CHINEXT50,399673,1531.0916,1536.5936,1490.018,1490.425,-2.91089795,1129312862.0,31093092056.67,,,cnindex:official_market_daily,399673,OFFICIAL_HISTORICAL_VALUATION_UNAVAILABLE,True,2024-09-02,OFFICIAL_DAILY_OBSERVATION_DATE_NO_INTRADAY_TIMESTAMP_CLAIM
2024-09-03,TECHNOLOGY,TECHNOLOGY_CHINEXT50,DOMAIN_COMPONENT,CHINEXT50,399673,1486.6398,1515.0875,1486.6398,1509.5433,1.2827415,910091786.0,25643471596.34,,,cnindex:official_market_daily,399673,OFFICIAL_HISTORICAL_VALUATION_UNAVAILABLE,True,2024-09-03,OFFICIAL_DAILY_OBSERVATION_DATE_NO_INTRADAY_TIMESTAMP_CLAIM
2024-09-04,TECHNOLOGY,TECHNOLOGY_CHINEXT50,DOMAIN_COMPONENT,CHINEXT50,399673,1493.3278,1522.8303,1491.5934,1508.0156,-0.10120279,965590755.0,29107259188.69,,,cnindex:official_market_daily,399673,OFFICIAL_HISTORICAL_VALUATION_UNAVAILABLE,True,2024-09-04,OFFICIAL_DAILY_OBSERVATION_DATE_NO_INTRADAY_TIMESTAMP_CLAIM
2024-09-05,TECHNOLOGY,TECHNOLOGY_CHINEXT50,DOMAIN_COMPONENT,CHINEXT50,399673,1507.8814,1529.1747,1507.5629,1516.7135,0.57677785,940688643.0,25981338622.59,,,cnindex:official_market_daily,399673,OFFICIAL_HISTORICAL_VALUATION_UNAVAILABLE,True,2024-09-05,OFFICIAL_DAILY_OBSERVATION_DATE_NO_INTRADAY_TIMESTAMP_CLAIM
2024-09-06,TECHNOLOGY,TECHNOLOGY_CHINEXT50,DOMAIN_COMPONENT,CHINEXT50,399673,1516.2041,1520.1755,1491.0684,1491.9459,-1.63297815,895271496.0,22303730451.05,,,cnindex:official_market_daily,399673,OFFICIAL_HISTORICAL_VALUATION_UNAVAILABLE,True,2024-09-06,OFFICIAL_DAILY_OBSERVATION_DATE_NO_INTRADAY_TIMESTAMP_CLAIM
2024-09-09,TECHNOLOGY,TECHNOLOGY_CHINEXT50,DOMAIN_COMPONENT,CHINEXT50,399673,1481.2857,1502.6737,1480.7709,1494.3135,0.15869207999999999,830509354.0,23141536819.4,,,cnindex:official_market_daily,399673,OFFICIAL_HISTORICAL_VALUATION_UNAVAILABLE,True,2024-09-09,OFFICIAL_DAILY_OBSERVATION_DATE_NO_INTRADAY_TIMESTAMP_CLAIM
2024-09-10,TECHNOLOGY,TECHNOLOGY_CHINEXT50,DOMAIN_COMPONENT,CHINEXT50,399673,1495.4231,1505.4539,1480.2509,1494.0354,-0.01861055,857163649.0,27302211190.45,,,cnindex:official_market_daily,399673,OFFICIAL_HISTORICAL_VALUATION_UNAVAILABLE,True,2024-09-10,OFFICIAL_DAILY_OBSERVATION_DATE_NO_INTRADAY_TIMESTAMP_CLAIM
2024-09-11,TECHNOLOGY,TECHNOLOGY_CHINEXT50,DOMAIN_COMPONENT,CHINEXT50,399673,1495.6638,1519.7131,1491.2483,1515.5228,1.4382122400000001,878230650.0,27635708646.48,,,cnindex:official_market_daily,399673,OFFICIAL_HISTORICAL_VALUATION_UNAVAILABLE,True,2024-09-11,OFFICIAL_DAILY_OBSERVATION_DATE_NO_INTRADAY_TIMESTAMP_CLAIM
2024-09-12,TECHNOLOGY,TECHNOLOGY_CHINEXT50,DOMAIN_COMPONENT,CHINEXT50,399673,1525.7982,1537.4223,1512.2398,1513.1772,-0.15477167,927258556.0,28733256428.11,,,cnindex:official_market_daily,399673,OFFICIAL_HISTORICAL_VALUATION_UNAVAILABLE,True,2024-09-12,OFFICIAL_DAILY_OBSERVATION_DATE_NO_INTRADAY_TIMESTAMP_CLAIM
2024-09-13,TECHNOLOGY,TECHNOLOGY_CHINEXT50,DOMAIN_COMPONENT,CHINEXT50,399673,1513.3577,1519.813,1498.9973,1498.9973,-0.93709448,889607558.0,30337785521.69,,,cnindex:official_market_daily,399673,OFFICIAL_HISTORICAL_VALUATION_UNAVAILABLE,True,2024-09-13,OFFICIAL_DAILY_OBSERVATION_DATE_NO_INTRADAY_TIMESTAMP_CLAIM
2024-09-18,TECHNOLOGY,TECHNOLOGY_CHINEXT50,DOMAIN_COMPONENT,CHINEXT50,399673,1496.4396,1507.3277,1490.7569,1500.3988,0.09349583,686763824.0,20252404795.09,,,cnindex:official_market_daily,399673,OFFICIAL_HISTORICAL_VALUATION_UNAVAILABLE,True,2024-09-18,OFFICIAL_DAILY_OBSERVATION_DATE_NO_INTRADAY_TIMESTAMP_CLAIM
2024-09-19,TECHNOLOGY,TECHNOLOGY_CHINEXT50,DOMAIN_COMPONENT,CHINEXT50,399673,1509.4641,1528.7447,1485.9385,1511.2449,0.72288114,1193989643.0,32503888682.1,,,cnindex:official_market_daily,399673,OFFICIAL_HISTORICAL_VALUATION_UNAVAILABLE,True,2024-09-19,OFFICIAL_DAILY_OBSERVATION_DATE_NO_INTRADAY_TIMESTAMP_CLAIM
2024-09-20,TECHNOLOGY,TECHNOLOGY_CHINEXT50,DOMAIN_COMPONENT,CHINEXT50,399673,1511.7905,1511.7905,1490.5064,1502.3882,-0.58605326,876831709.0,25737020522.86,,,cnindex:official_market_daily,399673,OFFICIAL_HISTORICAL_VALUATION_UNAVAILABLE,True,2024-09-20,OFFICIAL_DAILY_OBSERVATION_DATE_NO_INTRADAY_TIMESTAMP_CLAIM
2024-09-23,TECHNOLOGY,TECHNOLOGY_CHINEXT50,DOMAIN_COMPONENT,CHINEXT50,399673,1504.5903,1514.8297,1497.528,1499.0443,-0.22257230000000003,796314947.0,24842926820.1,,,cnindex:official_market_daily,399673,OFFICIAL_HISTORICAL_VALUATION_UNAVAILABLE,True,2024-09-23,OFFICIAL_DAILY_OBSERVATION_DATE_NO_INTRADAY_TIMESTAMP_CLAIM
2024-09-24,TECHNOLOGY,TECHNOLOGY_CHINEXT50,DOMAIN_COMPONENT,CHINEXT50,399673,1515.9756,1589.3771,1502.2505,1588.2546,5.95114501,2271884794.0,61611949953.36,,,cnindex:official_market_daily,399673,OFFICIAL_HISTORICAL_VALUATION_UNAVAILABLE,True,2024-09-24,OFFICIAL_DAILY_OBSERVATION_DATE_NO_INTRADAY_TIMESTAMP_CLAIM
2024-09-25,TECHNOLOGY,TECHNOLOGY_CHINEXT50,DOMAIN_COMPONENT,CHINEXT50,399673,1631.7135,1655.5237,1615.8311,1617.0608,1.81370166,2500624271.0,69069832745.21,,,cnindex:official_market_daily,399673,OFFICIAL_HISTORICAL_VALUATION_UNAVAILABLE,True,2024-09-25,OFFICIAL_DAILY_OBSERVATION_DATE_NO_INTRADAY_TIMESTAMP_CLAIM
2024-09-26,TECHNOLOGY,TECHNOLOGY_CHINEXT50,DOMAIN_COMPONENT,CHINEXT50,399673,1614.5229,1689.4728,1599.0167,1686.8345,4.31484704,2686117018.0,71823426128.88,,,cnindex:official_market_daily,399673,OFFICIAL_HISTORICAL_VALUATION_UNAVAILABLE,True,2024-09-26,OFFICIAL_DAILY_OBSERVATION_DATE_NO_INTRADAY_TIMESTAMP_CLAIM
2024-09-27,TECHNOLOGY,TECHNOLOGY_CHINEXT50,DOMAIN_COMPONENT,CHINEXT50,399673,1724.6648,1903.3589,1724.6648,1866.9039,10.674989159999999,4528411764.0,132322229663.75,,,cnindex:official_market_daily,399673,OFFICIAL_HISTORICAL_VALUATION_UNAVAILABLE,True,2024-09-27,OFFICIAL_DAILY_OBSERVATION_DATE_NO_INTRADAY_TIMESTAMP_CLAIM
2024-09-30,TECHNOLOGY,TECHNOLOGY_CHINEXT50,DOMAIN_COMPONENT,CHINEXT50,399673,1980.5238,2166.6538,1953.3742,2157.2772,15.553735790000001,5264409145.0,178781914569.57,,,cnindex:official_market_daily,399673,OFFICIAL_HISTORICAL_VALUATION_UNAVAILABLE,True,2024-09-30,OFFICIAL_DAILY_OBSERVATION_DATE_NO_INTRADAY_TIMESTAMP_CLAIM
2024-10-08,TECHNOLOGY,TECHNOLOGY_CHINEXT50,DOMAIN_COMPONENT,CHINEXT50,399673,2558.6124,2559.8595,2337.1265,2557.6365,18.55854686,6138224001.0,265151117683.93,,,cnindex:official_market_daily,399673,OFFICIAL_HISTORICAL_VALUATION_UNAVAILABLE,True,2024-10-08,OFFICIAL_DAILY_OBSERVATION_DATE_NO_INTRADAY_TIMESTAMP_CLAIM
2024-10-09,TECHNOLOGY,TECHNOLOGY_CHINEXT50,DOMAIN_COMPONENT,CHINEXT50,399673,2434.5542,2541.68,2293.3364,2293.8146,-10.31506627,7861382711.0,317810618607.07,,,cnindex:official_market_daily,399673,OFFICIAL_HISTORICAL_VALUATION_UNAVAILABLE,True,2024-10-09,OFFICIAL_DAILY_OBSERVATION_DATE_NO_INTRADAY_TIMESTAMP_CLAIM
2024-10-10,TECHNOLOGY,TECHNOLOGY_CHINEXT50,DOMAIN_COMPONENT,CHINEXT50,399673,2297.2299,2334.3919,2177.3965,2214.3772,-3.46311337,5147384752.0,187395561915.16,,,cnindex:official_market_daily,399673,OFFICIAL_HISTORICAL_VALUATION_UNAVAILABLE,True,2024-10-10,OFFICIAL_DAILY_OBSERVATION_DATE_NO_INTRADAY_TIMESTAMP_CLAIM
2024-10-11,TECHNOLOGY,TECHNOLOGY_CHINEXT50,DOMAIN_COMPONENT,CHINEXT50,399673,2171.1169,2192.2058,2066.271,2102.8956,-5.0344449,3803292389.0,132774358895.33,,,cnindex:official_market_daily,399673,OFFICIAL_HISTORICAL_VALUATION_UNAVAILABLE,True,2024-10-11,OFFICIAL_DAILY_OBSERVATION_DATE_NO_INTRADAY_TIMESTAMP_CLAIM
2024-10-14,TECHNOLOGY,TECHNOLOGY_CHINEXT50,DOMAIN_COMPONENT,CHINEXT50,399673,2122.6536,2166.4324,2061.8184,2158.2104,2.6304111299999997,3858536856.0,136718145377.31,,,cnindex:official_market_daily,399673,OFFICIAL_HISTORICAL_VALUATION_UNAVAILABLE,True,2024-10-14,OFFICIAL_DAILY_OBSERVATION_DATE_NO_INTRADAY_TIMESTAMP_CLAIM
2024-10-15,TECHNOLOGY,TECHNOLOGY_CHINEXT50,DOMAIN_COMPONENT,CHINEXT50,399673,2142.2889,2179.6387,2086.3269,2086.3269,-3.33069936,3347122768.0,128847474380.27,,,cnindex:official_market_daily,399673,OFFICIAL_HISTORICAL_VALUATION_UNAVAILABLE,True,2024-10-15,OFFICIAL_DAILY_OBSERVATION_DATE_NO_INTRADAY_TIMESTAMP_CLAIM
2024-10-16,TECHNOLOGY,TECHNOLOGY_CHINEXT50,DOMAIN_COMPONENT,CHINEXT50,399673,2035.4571,2078.4757,2021.2949,2035.1394,-2.45347457,2787147209.0,101015575408.7,,,cnindex:official_market_daily,399673,OFFICIAL_HISTORICAL_VALUATION_UNAVAILABLE,True,2024-10-16,OFFICIAL_DAILY_OBSERVATION_DATE_NO_INTRADAY_TIMESTAMP_CLAIM
2024-10-17,TECHNOLOGY,TECHNOLOGY_CHINEXT50,DOMAIN_COMPONENT,CHINEXT50,399673,2051.9595,2078.1813,2028.5749,2030.8939,-0.20860979000000002,3057501129.0,111601907160.6,,,cnindex:official_market_daily,399673,OFFICIAL_HISTORICAL_VALUATION_UNAVAILABLE,True,2024-10-17,OFFICIAL_DAILY_OBSERVATION_DATE_NO_INTRADAY_TIMESTAMP_CLAIM
2024-10-18,TECHNOLOGY,TECHNOLOGY_CHINEXT50,DOMAIN_COMPONENT,CHINEXT50,399673,2023.7968,2288.3204,2023.7968,2206.1409,8.62905738,5652501822.0,210657219580.75,,,cnindex:official_market_daily,399673,OFFICIAL_HISTORICAL_VALUATION_UNAVAILABLE,True,2024-10-18,OFFICIAL_DAILY_OBSERVATION_DATE_NO_INTRADAY_TIMESTAMP_CLAIM
2024-10-21,TECHNOLOGY,TECHNOLOGY_CHINEXT50,DOMAIN_COMPONENT,CHINEXT50,399673,2219.9153,2276.5461,2189.3518,2215.8296,0.43916959,4669191964.0,190440145503.6,,,cnindex:official_market_daily,399673,OFFICIAL_HISTORICAL_VALUATION_UNAVAILABLE,True,2024-10-21,OFFICIAL_DAILY_OBSERVATION_DATE_NO_INTRADAY_TIMESTAMP_CLAIM
2024-10-22,TECHNOLOGY,TECHNOLOGY_CHINEXT50,DOMAIN_COMPONENT,CHINEXT50,399673,2213.0765,2233.2992,2183.5462,2223.234,0.33415927,3680515799.0,141966807815.15,,,cnindex:official_market_daily,399673,OFFICIAL_HISTORICAL_VALUATION_UNAVAILABLE,True,2024-10-22,OFFICIAL_DAILY_OBSERVATION_DATE_NO_INTRADAY_TIMESTAMP_CLAIM
2024-10-23,TECHNOLOGY,TECHNOLOGY_CHINEXT50,DOMAIN_COMPONENT,CHINEXT50,399673,2202.7003,2256.0877,2185.2069,2204.6242,-0.83705989,3833621144.0,149896498144.74,,,cnindex:official_market_daily,399673,OFFICIAL_HISTORICAL_VALUATION_UNAVAILABLE,True,2024-10-23,OFFICIAL_DAILY_OBSERVATION_DATE_NO_INTRADAY_TIMESTAMP_CLAIM
2024-10-24,TECHNOLOGY,TECHNOLOGY_CHINEXT50,DOMAIN_COMPONENT,CHINEXT50,399673,2185.8966,2203.4252,2167.9965,2174.7505,-1.35504727,2748273626.0,108313535720.36,,,cnindex:official_market_daily,399673,OFFICIAL_HISTORICAL_VALUATION_UNAVAILABLE,True,2024-10-24,OFFICIAL_DAILY_OBSERVATION_DATE_NO_INTRADAY_TIMESTAMP_CLAIM
2024-10-25,TECHNOLOGY,TECHNOLOGY_CHINEXT50,DOMAIN_COMPONENT,CHINEXT50,399673,2195.5898,2288.9339,2182.8165,2244.9168,3.22640689,3603300285.0,143843849042.34,,,cnindex:official_market_daily,399673,OFFICIAL_HISTORICAL_VALUATION_UNAVAILABLE,True,2024-10-25,OFFICIAL_DAILY_OBSERVATION_DATE_NO_INTRADAY_TIMESTAMP_CLAIM
2024-10-28,TECHNOLOGY,TECHNOLOGY_CHINEXT50,DOMAIN_COMPONENT,CHINEXT50,399673,2232.8816,2242.8704,2199.9795,2228.2384,-0.74294067,2722368187.0,108841997008.44,,,cnindex:official_market_daily,399673,OFFICIAL_HISTORICAL_VALUATION_UNAVAILABLE,True,2024-10-28,OFFICIAL_DAILY_OBSERVATION_DATE_NO_INTRADAY_TIMESTAMP_CLAIM
2024-10-29,TECHNOLOGY,TECHNOLOGY_CHINEXT50,DOMAIN_COMPONENT,CHINEXT50,399673,2230.3731,2237.4796,2175.1481,2176.7052,-2.31273278,3038965235.0,117882776870.65,,,cnindex:official_market_daily,399673,OFFICIAL_HISTORICAL_VALUATION_UNAVAILABLE,True,2024-10-29,OFFICIAL_DAILY_OBSERVATION_DATE_NO_INTRADAY_TIMESTAMP_CLAIM
2024-10-30,TECHNOLOGY,TECHNOLOGY_CHINEXT50,DOMAIN_COMPONENT,CHINEXT50,399673,2153.5432,2178.8681,2124.377,2149.0847,-1.26891322,2649061135.0,106036472784.42,,,cnindex:official_market_daily,399673,OFFICIAL_HISTORICAL_VALUATION_UNAVAILABLE,True,2024-10-30,OFFICIAL_DAILY_OBSERVATION_DATE_NO_INTRADAY_TIMESTAMP_CLAIM
2024-10-31,TECHNOLOGY,TECHNOLOGY_CHINEXT50,DOMAIN_COMPONENT,CHINEXT50,399673,2142.7355,2211.08,2128.1939,2165.8276,0.7790712,3955535618.0,142169732450.39,,,cnindex:official_market_daily,399673,OFFICIAL_HISTORICAL_VALUATION_UNAVAILABLE,True,2024-10-31,OFFICIAL_DAILY_OBSERVATION_DATE_NO_INTRADAY_TIMESTAMP_CLAIM
2024-11-01,TECHNOLOGY,TECHNOLOGY_CHINEXT50,DOMAIN_COMPONENT,CHINEXT50,399673,2149.5096,2169.9324,2123.0151,2125.8008,-1.84810647,3488082542.0,123914471549.98,,,cnindex:official_market_daily,399673,OFFICIAL_HISTORICAL_VALUATION_UNAVAILABLE,True,2024-11-01,OFFICIAL_DAILY_OBSERVATION_DATE_NO_INTRADAY_TIMESTAMP_CLAIM
2024-11-04,TECHNOLOGY,TECHNOLOGY_CHINEXT50,DOMAIN_COMPONENT,CHINEXT50,399673,2123.0326,2193.6884,2123.0326,2191.3642,3.08417421,2794052206.0,100733511919.64,,,cnindex:official_market_daily,399673,OFFICIAL_HISTORICAL_VALUATION_UNAVAILABLE,True,2024-11-04,OFFICIAL_DAILY_OBSERVATION_DATE_NO_INTRADAY_TIMESTAMP_CLAIM
2024-11-05,TECHNOLOGY,TECHNOLOGY_CHINEXT50,DOMAIN_COMPONENT,CHINEXT50,399673,2190.1231,2316.5829,2176.3726,2301.7026,5.0351466,4341819871.0,170708445366.88,,,cnindex:official_market_daily,399673,OFFICIAL_HISTORICAL_VALUATION_UNAVAILABLE,True,2024-11-05,OFFICIAL_DAILY_OBSERVATION_DATE_NO_INTRADAY_TIMESTAMP_CLAIM
2024-11-06,TECHNOLOGY,TECHNOLOGY_CHINEXT50,DOMAIN_COMPONENT,CHINEXT50,399673,2301.2264,2381.7136,2250.8678,2270.5996,-1.3513040299999999,4500837988.0,182391056291.03,,,cnindex:official_market_daily,399673,OFFICIAL_HISTORICAL_VALUATION_UNAVAILABLE,True,2024-11-06,OFFICIAL_DAILY_OBSERVATION_DATE_NO_INTRADAY_TIMESTAMP_CLAIM
2024-11-07,TECHNOLOGY,TECHNOLOGY_CHINEXT50,DOMAIN_COMPONENT,CHINEXT50,399673,2247.5846,2363.006,2238.8977,2363.006,4.06969155,4554516817.0,176770427486.82,,,cnindex:official_market_daily,399673,OFFICIAL_HISTORICAL_VALUATION_UNAVAILABLE,True,2024-11-07,OFFICIAL_DAILY_OBSERVATION_DATE_NO_INTRADAY_TIMESTAMP_CLAIM
2024-11-08,TECHNOLOGY,TECHNOLOGY_CHINEXT50,DOMAIN_COMPONENT,CHINEXT50,399673,2412.6147,2419.3816,2318.2228,2321.5863,-1.75283939,4447152565.0,187966538792.21,,,cnindex:official_market_daily,399673,OFFICIAL_HISTORICAL_VALUATION_UNAVAILABLE,True,2024-11-08,OFFICIAL_DAILY_OBSERVATION_DATE_NO_INTRADAY_TIMESTAMP_CLAIM
2024-11-11,TECHNOLOGY,TECHNOLOGY_CHINEXT50,DOMAIN_COMPONENT,CHINEXT50,399673,2293.4519,2393.5013,2292.0164,2392.081,3.0364884599999997,3969489826.0,166126883451.4,,,cnindex:official_market_daily,399673,OFFICIAL_HISTORICAL_VALUATION_UNAVAILABLE,True,2024-11-11,OFFICIAL_DAILY_OBSERVATION_DATE_NO_INTRADAY_TIMESTAMP_CLAIM
2024-11-12,TECHNOLOGY,TECHNOLOGY_CHINEXT50,DOMAIN_COMPONENT,CHINEXT50,399673,2421.0922,2459.0191,2367.5236,2396.723,0.19405697,4422253952.0,183687311543.05,,,cnindex:official_market_daily,399673,OFFICIAL_HISTORICAL_VALUATION_UNAVAILABLE,True,2024-11-12,OFFICIAL_DAILY_OBSERVATION_DATE_NO_INTRADAY_TIMESTAMP_CLAIM
2024-11-13,TECHNOLOGY,TECHNOLOGY_CHINEXT50,DOMAIN_COMPONENT,CHINEXT50,399673,2371.1447,2449.8701,2354.8991,2435.796,1.63026766,3441545885.0,149742260096.96,,,cnindex:official_market_daily,399673,OFFICIAL_HISTORICAL_VALUATION_UNAVAILABLE,True,2024-11-13,OFFICIAL_DAILY_OBSERVATION_DATE_NO_INTRADAY_TIMESTAMP_CLAIM
2024-11-14,TECHNOLOGY,TECHNOLOGY_CHINEXT50,DOMAIN_COMPONENT,CHINEXT50,399673,2430.2853,2441.3167,2350.686,2353.8198,-3.3654788800000004,2825795991.0,122554951041.64,,,cnindex:official_market_daily,399673,OFFICIAL_HISTORICAL_VALUATION_UNAVAILABLE,True,2024-11-14,OFFICIAL_DAILY_OBSERVATION_DATE_NO_INTRADAY_TIMESTAMP_CLAIM
2024-11-15,TECHNOLOGY,TECHNOLOGY_CHINEXT50,DOMAIN_COMPONENT,CHINEXT50,399673,2335.1673,2356.4767,2254.787,2254.787,-4.20732292,3139236150.0,130023909130.75,,,cnindex:official_market_daily,399673,OFFICIAL_HISTORICAL_VALUATION_UNAVAILABLE,True,2024-11-15,OFFICIAL_DAILY_OBSERVATION_DATE_NO_INTRADAY_TIMESTAMP_CLAIM
2024-11-18,TECHNOLOGY,TECHNOLOGY_CHINEXT50,DOMAIN_COMPONENT,CHINEXT50,399673,2253.9755,2266.6311,2181.7681,2201.675,-2.35552183,2863675252.0,111360103494.13,,,cnindex:official_market_daily,399673,OFFICIAL_HISTORICAL_VALUATION_UNAVAILABLE,True,2024-11-18,OFFICIAL_DAILY_OBSERVATION_DATE_NO_INTRADAY_TIMESTAMP_CLAIM
2024-11-19,TECHNOLOGY,TECHNOLOGY_CHINEXT50,DOMAIN_COMPONENT,CHINEXT50,399673,2210.6024,2278.0523,2184.7043,2272.1628,3.20155336,2578337567.0,102807732421.37,,,cnindex:official_market_daily,399673,OFFICIAL_HISTORICAL_VALUATION_UNAVAILABLE,True,2024-11-19,OFFICIAL_DAILY_OBSERVATION_DATE_NO_INTRADAY_TIMESTAMP_CLAIM
2024-11-20,TECHNOLOGY,TECHNOLOGY_CHINEXT50,DOMAIN_COMPONENT,CHINEXT50,399673,2256.9435,2297.6298,2253.1348,2280.0477,0.34702179,2503958704.0,94430623614.58,,,cnindex:official_market_daily,399673,OFFICIAL_HISTORICAL_VALUATION_UNAVAILABLE,True,2024-11-20,OFFICIAL_DAILY_OBSERVATION_DATE_NO_INTRADAY_TIMESTAMP_CLAIM
2024-11-21,TECHNOLOGY,TECHNOLOGY_CHINEXT50,DOMAIN_COMPONENT,CHINEXT50,399673,2265.9765,2293.6593,2260.1824,2277.493,-0.1120459,2591696934.0,96976870026.07,,,cnindex:official_market_daily,399673,OFFICIAL_HISTORICAL_VALUATION_UNAVAILABLE,True,2024-11-21,OFFICIAL_DAILY_OBSERVATION_DATE_NO_INTRADAY_TIMESTAMP_CLAIM
2024-11-22,TECHNOLOGY,TECHNOLOGY_CHINEXT50,DOMAIN_COMPONENT,CHINEXT50,399673,2269.1242,2282.7945,2186.4025,2186.4025,-3.9995951699999996,2598939578.0,98728304875.84,,,cnindex:official_market_daily,399673,OFFICIAL_HISTORICAL_VALUATION_UNAVAILABLE,True,2024-11-22,OFFICIAL_DAILY_OBSERVATION_DATE_NO_INTRADAY_TIMESTAMP_CLAIM
2024-11-25,TECHNOLOGY,TECHNOLOGY_CHINEXT50,DOMAIN_COMPONENT,CHINEXT50,399673,2196.6128,2205.9814,2149.0955,2184.6825,-0.07866804000000001,2148978021.0,84710572872.34,,,cnindex:official_market_daily,399673,OFFICIAL_HISTORICAL_VALUATION_UNAVAILABLE,True,2024-11-25,OFFICIAL_DAILY_OBSERVATION_DATE_NO_INTRADAY_TIMESTAMP_CLAIM
2024-11-26,TECHNOLOGY,TECHNOLOGY_CHINEXT50,DOMAIN_COMPONENT,CHINEXT50,399673,2171.4019,2194.4396,2154.3542,2156.5837,-1.2861731600000001,1759197550.0,68468432327.16,,,cnindex:official_market_daily,399673,OFFICIAL_HISTORICAL_VALUATION_UNAVAILABLE,True,2024-11-26,OFFICIAL_DAILY_OBSERVATION_DATE_NO_INTRADAY_TIMESTAMP_CLAIM
2024-11-27,TECHNOLOGY,TECHNOLOGY_CHINEXT50,DOMAIN_COMPONENT,CHINEXT50,399673,2142.2721,2217.6745,2125.9153,2217.0895,2.80563189,2313234417.0,87758718322.12,,,cnindex:official_market_daily,399673,OFFICIAL_HISTORICAL_VALUATION_UNAVAILABLE,True,2024-11-27,OFFICIAL_DAILY_OBSERVATION_DATE_NO_INTRADAY_TIMESTAMP_CLAIM
2024-11-28,TECHNOLOGY,TECHNOLOGY_CHINEXT50,DOMAIN_COMPONENT,CHINEXT50,399673,2211.8923,2211.9878,2168.9873,2173.4529,-1.9681929800000002,1918095469.0,77764541069.51,,,cnindex:official_market_daily,399673,OFFICIAL_HISTORICAL_VALUATION_UNAVAILABLE,True,2024-11-28,OFFICIAL_DAILY_OBSERVATION_DATE_NO_INTRADAY_TIMESTAMP_CLAIM
2024-11-29,TECHNOLOGY,TECHNOLOGY_CHINEXT50,DOMAIN_COMPONENT,CHINEXT50,399673,2165.1557,2280.0954,2165.1557,2233.0648,2.74272794,2950157202.0,116160542938.37,,,cnindex:official_market_daily,399673,OFFICIAL_HISTORICAL_VALUATION_UNAVAILABLE,True,2024-11-29,OFFICIAL_DAILY_OBSERVATION_DATE_NO_INTRADAY_TIMESTAMP_CLAIM
2024-12-02,TECHNOLOGY,TECHNOLOGY_CHINEXT50,DOMAIN_COMPONENT,CHINEXT50,399673,2219.1301,2269.8775,2218.005,2264.3987,1.4031791599999999,2446000856.0,101043952684.46,,,cnindex:official_market_daily,399673,OFFICIAL_HISTORICAL_VALUATION_UNAVAILABLE,True,2024-12-02,OFFICIAL_DAILY_OBSERVATION_DATE_NO_INTRADAY_TIMESTAMP_CLAIM
2024-12-03,TECHNOLOGY,TECHNOLOGY_CHINEXT50,DOMAIN_COMPONENT,CHINEXT50,399673,2260.3626,2268.4189,2228.8471,2251.2149,-0.58222079,2084528307.0,81690671468.11,,,cnindex:official_market_daily,399673,OFFICIAL_HISTORICAL_VALUATION_UNAVAILABLE,True,2024-12-03,OFFICIAL_DAILY_OBSERVATION_DATE_NO_INTRADAY_TIMESTAMP_CLAIM
2024-12-04,TECHNOLOGY,TECHNOLOGY_CHINEXT50,DOMAIN_COMPONENT,CHINEXT50,399673,2240.9952,2250.6113,2212.4418,2221.4472,-1.32229491,1825295063.0,77609152570.98,,,cnindex:official_market_daily,399673,OFFICIAL_HISTORICAL_VALUATION_UNAVAILABLE,True,2024-12-04,OFFICIAL_DAILY_OBSERVATION_DATE_NO_INTRADAY_TIMESTAMP_CLAIM
2024-12-05,TECHNOLOGY,TECHNOLOGY_CHINEXT50,DOMAIN_COMPONENT,CHINEXT50,399673,2216.3376,2247.8875,2216.3376,2230.2643,0.39690793,1783686603.0,79003805924.31,,,cnindex:official_market_daily,399673,OFFICIAL_HISTORICAL_VALUATION_UNAVAILABLE,True,2024-12-05,OFFICIAL_DAILY_OBSERVATION_DATE_NO_INTRADAY_TIMESTAMP_CLAIM
2024-12-06,TECHNOLOGY,TECHNOLOGY_CHINEXT50,DOMAIN_COMPONENT,CHINEXT50,399673,2228.7555,2306.2551,2224.1785,2280.6461,2.2590058,2486590654.0,103497972923.37,,,cnindex:official_market_daily,399673,OFFICIAL_HISTORICAL_VALUATION_UNAVAILABLE,True,2024-12-06,OFFICIAL_DAILY_OBSERVATION_DATE_NO_INTRADAY_TIMESTAMP_CLAIM
2024-12-09,TECHNOLOGY,TECHNOLOGY_CHINEXT50,DOMAIN_COMPONENT,CHINEXT50,399673,2278.6068,2287.1797,2244.0444,2264.6878,-0.69972715,1946400388.0,83047865096.93,,,cnindex:official_market_daily,399673,OFFICIAL_HISTORICAL_VALUATION_UNAVAILABLE,True,2024-12-09,OFFICIAL_DAILY_OBSERVATION_DATE_NO_INTRADAY_TIMESTAMP_CLAIM
2024-12-10,TECHNOLOGY,TECHNOLOGY_CHINEXT50,DOMAIN_COMPONENT,CHINEXT50,399673,2380.6239,2380.7665,2271.1684,2277.4237,0.56236891,3322067228.0,137749690136.81,,,cnindex:official_market_daily,399673,OFFICIAL_HISTORICAL_VALUATION_UNAVAILABLE,True,2024-12-10,OFFICIAL_DAILY_OBSERVATION_DATE_NO_INTRADAY_TIMESTAMP_CLAIM
2024-12-11,TECHNOLOGY,TECHNOLOGY_CHINEXT50,DOMAIN_COMPONENT,CHINEXT50,399673,2275.5216,2295.6442,2261.6839,2271.664,-0.25290419,2043146360.0,87909464163.95,,,cnindex:official_market_daily,399673,OFFICIAL_HISTORICAL_VALUATION_UNAVAILABLE,True,2024-12-11,OFFICIAL_DAILY_OBSERVATION_DATE_NO_INTRADAY_TIMESTAMP_CLAIM
2024-12-12,TECHNOLOGY,TECHNOLOGY_CHINEXT50,DOMAIN_COMPONENT,CHINEXT50,399673,2265.4447,2317.9461,2265.3746,2305.8865,1.5064948,2118700110.0,92847733486.53,,,cnindex:official_market_daily,399673,OFFICIAL_HISTORICAL_VALUATION_UNAVAILABLE,True,2024-12-12,OFFICIAL_DAILY_OBSERVATION_DATE_NO_INTRADAY_TIMESTAMP_CLAIM
2024-12-13,TECHNOLOGY,TECHNOLOGY_CHINEXT50,DOMAIN_COMPONENT,CHINEXT50,399673,2283.0675,2288.2225,2239.9005,2241.0275,-2.8127577,2911120597.0,116408925169.82,,,cnindex:official_market_daily,399673,OFFICIAL_HISTORICAL_VALUATION_UNAVAILABLE,True,2024-12-13,OFFICIAL_DAILY_OBSERVATION_DATE_NO_INTRADAY_TIMESTAMP_CLAIM
2024-12-16,TECHNOLOGY,TECHNOLOGY_CHINEXT50,DOMAIN_COMPONENT,CHINEXT50,399673,2237.9554,2239.5705,2198.9865,2208.0149,-1.47310107,1991807432.0,83722046294.12,,,cnindex:official_market_daily,399673,OFFICIAL_HISTORICAL_VALUATION_UNAVAILABLE,True,2024-12-16,OFFICIAL_DAILY_OBSERVATION_DATE_NO_INTRADAY_TIMESTAMP_CLAIM
2024-12-17,TECHNOLOGY,TECHNOLOGY_CHINEXT50,DOMAIN_COMPONENT,CHINEXT50,399673,2203.5231,2248.9078,2203.5231,2215.0356,0.31796434,1665719790.0,76700856021.14,,,cnindex:official_market_daily,399673,OFFICIAL_HISTORICAL_VALUATION_UNAVAILABLE,True,2024-12-17,OFFICIAL_DAILY_OBSERVATION_DATE_NO_INTRADAY_TIMESTAMP_CLAIM
2024-12-18,TECHNOLOGY,TECHNOLOGY_CHINEXT50,DOMAIN_COMPONENT,CHINEXT50,399673,2220.9658,2227.2446,2204.4432,2213.0664,-0.08890151,1462783441.0,61650188137.06,,,cnindex:official_market_daily,399673,OFFICIAL_HISTORICAL_VALUATION_UNAVAILABLE,True,2024-12-18,OFFICIAL_DAILY_OBSERVATION_DATE_NO_INTRADAY_TIMESTAMP_CLAIM
2024-12-19,TECHNOLOGY,TECHNOLOGY_CHINEXT50,DOMAIN_COMPONENT,CHINEXT50,399673,2188.5778,2231.9308,2185.5161,2224.2379,0.50479733,1783187727.0,69813242396.33,,,cnindex:official_market_daily,399673,OFFICIAL_HISTORICAL_VALUATION_UNAVAILABLE,True,2024-12-19,OFFICIAL_DAILY_OBSERVATION_DATE_NO_INTRADAY_TIMESTAMP_CLAIM
2024-12-20,TECHNOLOGY,TECHNOLOGY_CHINEXT50,DOMAIN_COMPONENT,CHINEXT50,399673,2220.7327,2243.3254,2210.8816,2217.6275,-0.29719842,1828527016.0,82835514902.22,,,cnindex:official_market_daily,399673,OFFICIAL_HISTORICAL_VALUATION_UNAVAILABLE,True,2024-12-20,OFFICIAL_DAILY_OBSERVATION_DATE_NO_INTRADAY_TIMESTAMP_CLAIM
2024-12-23,TECHNOLOGY,TECHNOLOGY_CHINEXT50,DOMAIN_COMPONENT,CHINEXT50,399673,2212.2839,2235.9489,2198.838,2202.2697,-0.6925329,1723332026.0,82231810371.72,,,cnindex:official_market_daily,399673,OFFICIAL_HISTORICAL_VALUATION_UNAVAILABLE,True,2024-12-23,OFFICIAL_DAILY_OBSERVATION_DATE_NO_INTRADAY_TIMESTAMP_CLAIM
2024-12-24,TECHNOLOGY,TECHNOLOGY_CHINEXT50,DOMAIN_COMPONENT,CHINEXT50,399673,2203.7795,2228.9263,2199.8074,2227.1659,1.13047916,1562670111.0,72940385257.46,,,cnindex:official_market_daily,399673,OFFICIAL_HISTORICAL_VALUATION_UNAVAILABLE,True,2024-12-24,OFFICIAL_DAILY_OBSERVATION_DATE_NO_INTRADAY_TIMESTAMP_CLAIM
2024-12-25,TECHNOLOGY,TECHNOLOGY_CHINEXT50,DOMAIN_COMPONENT,CHINEXT50,399673,2229.779,2235.0666,2203.9968,2217.5016,-0.43392815999999995,1443390671.0,66198036666.17,,,cnindex:official_market_daily,399673,OFFICIAL_HISTORICAL_VALUATION_UNAVAILABLE,True,2024-12-25,OFFICIAL_DAILY_OBSERVATION_DATE_NO_INTRADAY_TIMESTAMP_CLAIM
2024-12-26,TECHNOLOGY,TECHNOLOGY_CHINEXT50,DOMAIN_COMPONENT,CHINEXT50,399673,2216.1302,2233.6277,2205.573,2223.8295,0.28536169,1481257848.0,73682966852.13,,,cnindex:official_market_daily,399673,OFFICIAL_HISTORICAL_VALUATION_UNAVAILABLE,True,2024-12-26,OFFICIAL_DAILY_OBSERVATION_DATE_NO_INTRADAY_TIMESTAMP_CLAIM
2024-12-27,TECHNOLOGY,TECHNOLOGY_CHINEXT50,DOMAIN_COMPONENT,CHINEXT50,399673,2223.0092,2248.4376,2206.532,2217.4638,-0.28624946,2010175248.0,91189326011.76,,,cnindex:official_market_daily,399673,OFFICIAL_HISTORICAL_VALUATION_UNAVAILABLE,True,2024-12-27,OFFICIAL_DAILY_OBSERVATION_DATE_NO_INTRADAY_TIMESTAMP_CLAIM
2024-12-30,TECHNOLOGY,TECHNOLOGY_CHINEXT50,DOMAIN_COMPONENT,CHINEXT50,399673,2210.9449,2232.3285,2210.9449,2221.4615,0.18028254,1810647712.0,77281941423.31,,,cnindex:official_market_daily,399673,OFFICIAL_HISTORICAL_VALUATION_UNAVAILABLE,True,2024-12-30,OFFICIAL_DAILY_OBSERVATION_DATE_NO_INTRADAY_TIMESTAMP_CLAIM
2024-12-31,TECHNOLOGY,TECHNOLOGY_CHINEXT50,DOMAIN_COMPONENT,CHINEXT50,399673,2215.2824,2221.9656,2153.1786,2153.1786,-3.07378273,2036030032.0,83702863096.52,,,cnindex:official_market_daily,399673,OFFICIAL_HISTORICAL_VALUATION_UNAVAILABLE,True,2024-12-31,OFFICIAL_DAILY_OBSERVATION_DATE_NO_INTRADAY_TIMESTAMP_CLAIM
2025-01-02,TECHNOLOGY,TECHNOLOGY_CHINEXT50,DOMAIN_COMPONENT,CHINEXT50,399673,2148.3601,2148.8015,2049.6938,2070.2769,-3.85020081,2280998659.0,85150930210.74,,,cnindex:official_market_daily,399673,OFFICIAL_HISTORICAL_VALUATION_UNAVAILABLE,True,2025-01-02,OFFICIAL_DAILY_OBSERVATION_DATE_NO_INTRADAY_TIMESTAMP_CLAIM
2025-01-03,TECHNOLOGY,TECHNOLOGY_CHINEXT50,DOMAIN_COMPONENT,CHINEXT50,399673,2071.8785,2076.94,2026.2063,2026.2063,-2.12872974,1815236700.0,67020974064.19,,,cnindex:official_market_daily,399673,OFFICIAL_HISTORICAL_VALUATION_UNAVAILABLE,True,2025-01-03,OFFICIAL_DAILY_OBSERVATION_DATE_NO_INTRADAY_TIMESTAMP_CLAIM
2025-01-06,TECHNOLOGY,TECHNOLOGY_CHINEXT50,DOMAIN_COMPONENT,CHINEXT50,399673,2027.707,2043.2011,2011.1983,2024.1421,-0.10187512000000001,1349892498.0,52475476052.66,,,cnindex:official_market_daily,399673,OFFICIAL_HISTORICAL_VALUATION_UNAVAILABLE,True,2025-01-06,OFFICIAL_DAILY_OBSERVATION_DATE_NO_INTRADAY_TIMESTAMP_CLAIM
2025-01-07,TECHNOLOGY,TECHNOLOGY_CHINEXT50,DOMAIN_COMPONENT,CHINEXT50,399673,1999.565,2036.589,1990.1854,2036.0575,0.5886642,1433980406.0,61664921394.96,,,cnindex:official_market_daily,399673,OFFICIAL_HISTORICAL_VALUATION_UNAVAILABLE,True,2025-01-07,OFFICIAL_DAILY_OBSERVATION_DATE_NO_INTRADAY_TIMESTAMP_CLAIM
2025-01-08,TECHNOLOGY,TECHNOLOGY_CHINEXT50,DOMAIN_COMPONENT,CHINEXT50,399673,2016.2196,2033.604,1969.4667,2011.9215,-1.18542821,1732818590.0,66515154345.5,,,cnindex:official_market_daily,399673,OFFICIAL_HISTORICAL_VALUATION_UNAVAILABLE,True,2025-01-08,OFFICIAL_DAILY_OBSERVATION_DATE_NO_INTRADAY_TIMESTAMP_CLAIM
2025-01-09,TECHNOLOGY,TECHNOLOGY_CHINEXT50,DOMAIN_COMPONENT,CHINEXT50,399673,1996.7086,2031.1032,1996.5678,2015.661,0.18586709,1274909844.0,53534910057.58,,,cnindex:official_market_daily,399673,OFFICIAL_HISTORICAL_VALUATION_UNAVAILABLE,True,2025-01-09,OFFICIAL_DAILY_OBSERVATION_DATE_NO_INTRADAY_TIMESTAMP_CLAIM
2025-01-10,TECHNOLOGY,TECHNOLOGY_CHINEXT50,DOMAIN_COMPONENT,CHINEXT50,399673,2010.924,2026.9737,1978.8919,1978.8919,-1.82417083,1411855064.0,60589548002.63,,,cnindex:official_market_daily,399673,OFFICIAL_HISTORICAL_VALUATION_UNAVAILABLE,True,2025-01-10,OFFICIAL_DAILY_OBSERVATION_DATE_NO_INTRADAY_TIMESTAMP_CLAIM
2025-01-13,TECHNOLOGY,TECHNOLOGY_CHINEXT50,DOMAIN_COMPONENT,CHINEXT50,399673,1956.2624,2001.3746,1956.2624,1984.1519,0.26580532,1193136344.0,49141571498.62,,,cnindex:official_market_daily,399673,OFFICIAL_HISTORICAL_VALUATION_UNAVAILABLE,True,2025-01-13,OFFICIAL_DAILY_OBSERVATION_DATE_NO_INTRADAY_TIMESTAMP_CLAIM
2025-01-14,TECHNOLOGY,TECHNOLOGY_CHINEXT50,DOMAIN_COMPONENT,CHINEXT50,399673,1991.7484,2085.124,1980.7721,2084.2767,5.04622655,2521358203.0,96106237143.6,,,cnindex:official_market_daily,399673,OFFICIAL_HISTORICAL_VALUATION_UNAVAILABLE,True,2025-01-14,OFFICIAL_DAILY_OBSERVATION_DATE_NO_INTRADAY_TIMESTAMP_CLAIM
2025-01-15,TECHNOLOGY,TECHNOLOGY_CHINEXT50,DOMAIN_COMPONENT,CHINEXT50,399673,2071.3478,2071.3478,2037.9913,2043.4349,-1.9595191,1690265443.0,66466757878.56,,,cnindex:official_market_daily,399673,OFFICIAL_HISTORICAL_VALUATION_UNAVAILABLE,True,2025-01-15,OFFICIAL_DAILY_OBSERVATION_DATE_NO_INTRADAY_TIMESTAMP_CLAIM
2025-01-16,TECHNOLOGY,TECHNOLOGY_CHINEXT50,DOMAIN_COMPONENT,CHINEXT50,399673,2057.3846,2092.2093,2037.0254,2061.0579,0.86242043,1781446719.0,81054861753.39,,,cnindex:official_market_daily,399673,OFFICIAL_HISTORICAL_VALUATION_UNAVAILABLE,True,2025-01-16,OFFICIAL_DAILY_OBSERVATION_DATE_NO_INTRADAY_TIMESTAMP_CLAIM
2025-01-17,TECHNOLOGY,TECHNOLOGY_CHINEXT50,DOMAIN_COMPONENT,CHINEXT50,399673,2049.8032,2089.9584,2049.648,2073.1474,0.5865677,1523444781.0,69659408240.28,,,cnindex:official_market_daily,399673,OFFICIAL_HISTORICAL_VALUATION_UNAVAILABLE,True,2025-01-17,OFFICIAL_DAILY_OBSERVATION_DATE_NO_INTRADAY_TIMESTAMP_CLAIM
2025-01-20,TECHNOLOGY,TECHNOLOGY_CHINEXT50,DOMAIN_COMPONENT,CHINEXT50,399673,2099.3953,2132.4245,2099.1983,2118.8706,2.20549682,1653464974.0,77324981533.8,,,cnindex:official_market_daily,399673,OFFICIAL_HISTORICAL_VALUATION_UNAVAILABLE,True,2025-01-20,OFFICIAL_DAILY_OBSERVATION_DATE_NO_INTRADAY_TIMESTAMP_CLAIM
2025-01-21,TECHNOLOGY,TECHNOLOGY_CHINEXT50,DOMAIN_COMPONENT,CHINEXT50,399673,2142.1878,2142.1878,2103.9424,2125.9574,0.33446119999999996,1499020647.0,66728929896.44,,,cnindex:official_market_daily,399673,OFFICIAL_HISTORICAL_VALUATION_UNAVAILABLE,True,2025-01-21,OFFICIAL_DAILY_OBSERVATION_DATE_NO_INTRADAY_TIMESTAMP_CLAIM
2025-01-22,TECHNOLOGY,TECHNOLOGY_CHINEXT50,DOMAIN_COMPONENT,CHINEXT50,399673,2118.7458,2127.0819,2093.6755,2115.3848,-0.49731005999999994,1540627223.0,77062535666.67,,,cnindex:official_market_daily,399673,OFFICIAL_HISTORICAL_VALUATION_UNAVAILABLE,True,2025-01-22,OFFICIAL_DAILY_OBSERVATION_DATE_NO_INTRADAY_TIMESTAMP_CLAIM
2025-01-23,TECHNOLOGY,TECHNOLOGY_CHINEXT50,DOMAIN_COMPONENT,CHINEXT50,399673,2141.4507,2170.5244,2107.0822,2107.0822,-0.39248651,2304947373.0,94682266345.9,,,cnindex:official_market_daily,399673,OFFICIAL_HISTORICAL_VALUATION_UNAVAILABLE,True,2025-01-23,OFFICIAL_DAILY_OBSERVATION_DATE_NO_INTRADAY_TIMESTAMP_CLAIM
2025-01-24,TECHNOLOGY,TECHNOLOGY_CHINEXT50,DOMAIN_COMPONENT,CHINEXT50,399673,2098.0677,2150.8704,2098.0677,2139.0263,1.51603483,2046739755.0,81245488515.91,,,cnindex:official_market_daily,399673,OFFICIAL_HISTORICAL_VALUATION_UNAVAILABLE,True,2025-01-24,OFFICIAL_DAILY_OBSERVATION_DATE_NO_INTRADAY_TIMESTAMP_CLAIM
2025-01-27,TECHNOLOGY,TECHNOLOGY_CHINEXT50,DOMAIN_COMPONENT,CHINEXT50,399673,2134.5458,2138.3008,2072.4449,2072.4449,-3.1126966499999997,1766247441.0,73752274112.76,,,cnindex:official_market_daily,399673,OFFICIAL_HISTORICAL_VALUATION_UNAVAILABLE,True,2025-01-27,OFFICIAL_DAILY_OBSERVATION_DATE_NO_INTRADAY_TIMESTAMP_CLAIM
2025-02-05,TECHNOLOGY,TECHNOLOGY_CHINEXT50,DOMAIN_COMPONENT,CHINEXT50,399673,2087.9576,2087.9576,2051.5689,2059.768,-0.61168816,2287966592.0,98058491394.96,,,cnindex:official_market_daily,399673,OFFICIAL_HISTORICAL_VALUATION_UNAVAILABLE,True,2025-02-05,OFFICIAL_DAILY_OBSERVATION_DATE_NO_INTRADAY_TIMESTAMP_CLAIM
2025-02-06,TECHNOLOGY,TECHNOLOGY_CHINEXT50,DOMAIN_COMPONENT,CHINEXT50,399673,2057.0598,2119.261,2053.0605,2119.1611,2.88348494,2764473503.0,114598878525.13,,,cnindex:official_market_daily,399673,OFFICIAL_HISTORICAL_VALUATION_UNAVAILABLE,True,2025-02-06,OFFICIAL_DAILY_OBSERVATION_DATE_NO_INTRADAY_TIMESTAMP_CLAIM
2025-02-07,TECHNOLOGY,TECHNOLOGY_CHINEXT50,DOMAIN_COMPONENT,CHINEXT50,399673,2127.5653,2206.1971,2122.8654,2178.6799,2.80860195,3718129416.0,153205782589.82,,,cnindex:official_market_daily,399673,OFFICIAL_HISTORICAL_VALUATION_UNAVAILABLE,True,2025-02-07,OFFICIAL_DAILY_OBSERVATION_DATE_NO_INTRADAY_TIMESTAMP_CLAIM
2025-02-10,TECHNOLOGY,TECHNOLOGY_CHINEXT50,DOMAIN_COMPONENT,CHINEXT50,399673,2188.8264,2189.3392,2159.8591,2184.1721,0.25208843,2755175938.0,114619301573.17,,,cnindex:official_market_daily,399673,OFFICIAL_HISTORICAL_VALUATION_UNAVAILABLE,True,2025-02-10,OFFICIAL_DAILY_OBSERVATION_DATE_NO_INTRADAY_TIMESTAMP_CLAIM
2025-02-11,TECHNOLOGY,TECHNOLOGY_CHINEXT50,DOMAIN_COMPONENT,CHINEXT50,399673,2183.3114,2183.3114,2148.1949,2150.1001,-1.55995034,2287983627.0,94064002016.48,,,cnindex:official_market_daily,399673,OFFICIAL_HISTORICAL_VALUATION_UNAVAILABLE,True,2025-02-11,OFFICIAL_DAILY_OBSERVATION_DATE_NO_INTRADAY_TIMESTAMP_CLAIM
2025-02-12,TECHNOLOGY,TECHNOLOGY_CHINEXT50,DOMAIN_COMPONENT,CHINEXT50,399673,2139.3503,2188.5638,2135.449,2185.276,1.6360122000000001,2386866320.0,100807693324.32,,,cnindex:official_market_daily,399673,OFFICIAL_HISTORICAL_VALUATION_UNAVAILABLE,True,2025-02-12,OFFICIAL_DAILY_OBSERVATION_DATE_NO_INTRADAY_TIMESTAMP_CLAIM
2025-02-13,TECHNOLOGY,TECHNOLOGY_CHINEXT50,DOMAIN_COMPONENT,CHINEXT50,399673,2178.0476,2194.2176,2164.8841,2165.6217,-0.8993966900000001,2387035961.0,100986959315.62,,,cnindex:official_market_daily,399673,OFFICIAL_HISTORICAL_VALUATION_UNAVAILABLE,True,2025-02-13,OFFICIAL_DAILY_OBSERVATION_DATE_NO_INTRADAY_TIMESTAMP_CLAIM
2025-02-14,TECHNOLOGY,TECHNOLOGY_CHINEXT50,DOMAIN_COMPONENT,CHINEXT50,399673,2162.5318,2209.3134,2162.3198,2198.674,1.52622686,2483685079.0,100981264254.98,,,cnindex:official_market_daily,399673,OFFICIAL_HISTORICAL_VALUATION_UNAVAILABLE,True,2025-02-14,OFFICIAL_DAILY_OBSERVATION_DATE_NO_INTRADAY_TIMESTAMP_CLAIM
2025-02-17,TECHNOLOGY,TECHNOLOGY_CHINEXT50,DOMAIN_COMPONENT,CHINEXT50,399673,2225.6602,2231.4383,2200.4864,2218.6147,0.90694209,2742615455.0,111347109358.21,,,cnindex:official_market_daily,399673,OFFICIAL_HISTORICAL_VALUATION_UNAVAILABLE,True,2025-02-17,OFFICIAL_DAILY_OBSERVATION_DATE_NO_INTRADAY_TIMESTAMP_CLAIM
2025-02-18,TECHNOLOGY,TECHNOLOGY_CHINEXT50,DOMAIN_COMPONENT,CHINEXT50,399673,2219.4429,2228.1409,2169.3183,2177.5418,-1.85128585,2538667547.0,102832969424.76,,,cnindex:official_market_daily,399673,OFFICIAL_HISTORICAL_VALUATION_UNAVAILABLE,True,2025-02-18,OFFICIAL_DAILY_OBSERVATION_DATE_NO_INTRADAY_TIMESTAMP_CLAIM
2025-02-19,TECHNOLOGY,TECHNOLOGY_CHINEXT50,DOMAIN_COMPONENT,CHINEXT50,399673,2168.5614,2218.1725,2167.9302,2216.6264,1.7948955100000001,2101680227.0,89698117856.1,,,cnindex:official_market_daily,399673,OFFICIAL_HISTORICAL_VALUATION_UNAVAILABLE,True,2025-02-19,OFFICIAL_DAILY_OBSERVATION_DATE_NO_INTRADAY_TIMESTAMP_CLAIM
2025-02-20,TECHNOLOGY,TECHNOLOGY_CHINEXT50,DOMAIN_COMPONENT,CHINEXT50,399673,2211.6742,2218.993,2188.3521,2210.5325,-0.27491778,1999225457.0,80490740968.32,,,cnindex:official_market_daily,399673,OFFICIAL_HISTORICAL_VALUATION_UNAVAILABLE,True,2025-02-20,OFFICIAL_DAILY_OBSERVATION_DATE_NO_INTRADAY_TIMESTAMP_CLAIM
2025-02-21,TECHNOLOGY,TECHNOLOGY_CHINEXT50,DOMAIN_COMPONENT,CHINEXT50,399673,2212.6451,2270.9886,2212.6451,2266.6518,2.53872314,3188261929.0,129979104693.85,,,cnindex:official_market_daily,399673,OFFICIAL_HISTORICAL_VALUATION_UNAVAILABLE,True,2025-02-21,OFFICIAL_DAILY_OBSERVATION_DATE_NO_INTRADAY_TIMESTAMP_CLAIM
2025-02-24,TECHNOLOGY,TECHNOLOGY_CHINEXT50,DOMAIN_COMPONENT,CHINEXT50,399673,2258.1286,2266.3894,2228.0062,2249.2935,-0.76581238,2717385732.0,121791131559.94,,,cnindex:official_market_daily,399673,OFFICIAL_HISTORICAL_VALUATION_UNAVAILABLE,True,2025-02-24,OFFICIAL_DAILY_OBSERVATION_DATE_NO_INTRADAY_TIMESTAMP_CLAIM
2025-02-25,TECHNOLOGY,TECHNOLOGY_CHINEXT50,DOMAIN_COMPONENT,CHINEXT50,399673,2209.1658,2248.5802,2207.4393,2221.6763,-1.22781665,2207762664.0,100281389574.53,,,cnindex:official_market_daily,399673,OFFICIAL_HISTORICAL_VALUATION_UNAVAILABLE,True,2025-02-25,OFFICIAL_DAILY_OBSERVATION_DATE_NO_INTRADAY_TIMESTAMP_CLAIM
2025-02-26,TECHNOLOGY,TECHNOLOGY_CHINEXT50,DOMAIN_COMPONENT,CHINEXT50,399673,2229.5053,2252.1196,2214.6402,2251.6542,1.34933698,2476271375.0,110852318221.61,,,cnindex:official_market_daily,399673,OFFICIAL_HISTORICAL_VALUATION_UNAVAILABLE,True,2025-02-26,OFFICIAL_DAILY_OBSERVATION_DATE_NO_INTRADAY_TIMESTAMP_CLAIM
2025-02-27,TECHNOLOGY,TECHNOLOGY_CHINEXT50,DOMAIN_COMPONENT,CHINEXT50,399673,2252.6202,2265.2758,2209.4157,2240.6093,-0.49052380999999995,2629179687.0,112741894645.73,,,cnindex:official_market_daily,399673,OFFICIAL_HISTORICAL_VALUATION_UNAVAILABLE,True,2025-02-27,OFFICIAL_DAILY_OBSERVATION_DATE_NO_INTRADAY_TIMESTAMP_CLAIM
2025-02-28,TECHNOLOGY,TECHNOLOGY_CHINEXT50,DOMAIN_COMPONENT,CHINEXT50,399673,2220.2175,2222.8444,2145.7674,2151.8453,-3.9616009799999996,2363502717.0,103253622337.42,,,cnindex:official_market_daily,399673,OFFICIAL_HISTORICAL_VALUATION_UNAVAILABLE,True,2025-02-28,OFFICIAL_DAILY_OBSERVATION_DATE_NO_INTRADAY_TIMESTAMP_CLAIM
2025-03-03,TECHNOLOGY,TECHNOLOGY_CHINEXT50,DOMAIN_COMPONENT,CHINEXT50,399673,2158.8121,2215.8058,2139.3189,2178.9357,1.2589380799999998,2076117099.0,92839384445.93,,,cnindex:official_market_daily,399673,OFFICIAL_HISTORICAL_VALUATION_UNAVAILABLE,True,2025-03-03,OFFICIAL_DAILY_OBSERVATION_DATE_NO_INTRADAY_TIMESTAMP_CLAIM
2025-03-04,TECHNOLOGY,TECHNOLOGY_CHINEXT50,DOMAIN_COMPONENT,CHINEXT50,399673,2149.7303,2165.8545,2137.0088,2161.7558,-0.78845374,1581446209.0,74124270192.12,,,cnindex:official_market_daily,399673,OFFICIAL_HISTORICAL_VALUATION_UNAVAILABLE,True,2025-03-04,OFFICIAL_DAILY_OBSERVATION_DATE_NO_INTRADAY_TIMESTAMP_CLAIM
2025-03-05,TECHNOLOGY,TECHNOLOGY_CHINEXT50,DOMAIN_COMPONENT,CHINEXT50,399673,2162.0671,2173.9204,2148.6213,2162.8771,0.05186987,1608832081.0,73212240931.88,,,cnindex:official_market_daily,399673,OFFICIAL_HISTORICAL_VALUATION_UNAVAILABLE,True,2025-03-05,OFFICIAL_DAILY_OBSERVATION_DATE_NO_INTRADAY_TIMESTAMP_CLAIM
2025-03-06,TECHNOLOGY,TECHNOLOGY_CHINEXT50,DOMAIN_COMPONENT,CHINEXT50,399673,2177.9697,2213.6347,2174.1124,2205.1154,1.95287564,2432134153.0,102583789598.78,,,cnindex:official_market_daily,399673,OFFICIAL_HISTORICAL_VALUATION_UNAVAILABLE,True,2025-03-06,OFFICIAL_DAILY_OBSERVATION_DATE_NO_INTRADAY_TIMESTAMP_CLAIM
2025-03-07,TECHNOLOGY,TECHNOLOGY_CHINEXT50,DOMAIN_COMPONENT,CHINEXT50,399673,2190.693,2195.6516,2164.9515,2174.0616,-1.4082618999999998,1942188153.0,82809570581.33,,,cnindex:official_market_daily,399673,OFFICIAL_HISTORICAL_VALUATION_UNAVAILABLE,True,2025-03-07,OFFICIAL_DAILY_OBSERVATION_DATE_NO_INTRADAY_TIMESTAMP_CLAIM
2025-03-10,TECHNOLOGY,TECHNOLOGY_CHINEXT50,DOMAIN_COMPONENT,CHINEXT50,399673,2177.6573,2184.4409,2147.6443,2166.8335,-0.33246988,1473572229.0,65112217929.52,,,cnindex:official_market_daily,399673,OFFICIAL_HISTORICAL_VALUATION_UNAVAILABLE,True,2025-03-10,OFFICIAL_DAILY_OBSERVATION_DATE_NO_INTRADAY_TIMESTAMP_CLAIM
2025-03-11,TECHNOLOGY,TECHNOLOGY_CHINEXT50,DOMAIN_COMPONENT,CHINEXT50,399673,2139.6343,2169.7282,2138.8636,2169.7282,0.13359125,1375418925.0,63715370513.54,,,cnindex:official_market_daily,399673,OFFICIAL_HISTORICAL_VALUATION_UNAVAILABLE,True,2025-03-11,OFFICIAL_DAILY_OBSERVATION_DATE_NO_INTRADAY_TIMESTAMP_CLAIM
2025-03-12,TECHNOLOGY,TECHNOLOGY_CHINEXT50,DOMAIN_COMPONENT,CHINEXT50,399673,2177.5288,2184.496,2158.316,2161.4528,-0.38140261,1755206593.0,74242923655.06,,,cnindex:official_market_daily,399673,OFFICIAL_HISTORICAL_VALUATION_UNAVAILABLE,True,2025-03-12,OFFICIAL_DAILY_OBSERVATION_DATE_NO_INTRADAY_TIMESTAMP_CLAIM
2025-03-13,TECHNOLOGY,TECHNOLOGY_CHINEXT50,DOMAIN_COMPONENT,CHINEXT50,399673,2160.5269,2174.3528,2125.8848,2135.278,-1.2109817999999999,1580859251.0,69665404677.87,,,cnindex:official_market_daily,399673,OFFICIAL_HISTORICAL_VALUATION_UNAVAILABLE,True,2025-03-13,OFFICIAL_DAILY_OBSERVATION_DATE_NO_INTRADAY_TIMESTAMP_CLAIM
2025-03-14,TECHNOLOGY,TECHNOLOGY_CHINEXT50,DOMAIN_COMPONENT,CHINEXT50,399673,2135.6472,2213.8536,2131.5406,2204.1229,3.22416566,2713401639.0,112546339014.24,,,cnindex:official_market_daily,399673,OFFICIAL_HISTORICAL_VALUATION_UNAVAILABLE,True,2025-03-14,OFFICIAL_DAILY_OBSERVATION_DATE_NO_INTRADAY_TIMESTAMP_CLAIM
2025-03-17,TECHNOLOGY,TECHNOLOGY_CHINEXT50,DOMAIN_COMPONENT,CHINEXT50,399673,2207.9418,2212.0404,2186.7407,2190.6013,-0.61346851,1797213161.0,85700063437.81,,,cnindex:official_market_daily,399673,OFFICIAL_HISTORICAL_VALUATION_UNAVAILABLE,True,2025-03-17,OFFICIAL_DAILY_OBSERVATION_DATE_NO_INTRADAY_TIMESTAMP_CLAIM
2025-03-18,TECHNOLOGY,TECHNOLOGY_CHINEXT50,DOMAIN_COMPONENT,CHINEXT50,399673,2201.7778,2218.6874,2190.1762,2207.388,0.7663055799999999,1694881140.0,82093717256.54,,,cnindex:official_market_daily,399673,OFFICIAL_HISTORICAL_VALUATION_UNAVAILABLE,True,2025-03-18,OFFICIAL_DAILY_OBSERVATION_DATE_NO_INTRADAY_TIMESTAMP_CLAIM
2025-03-19,TECHNOLOGY,TECHNOLOGY_CHINEXT50,DOMAIN_COMPONENT,CHINEXT50,399673,2200.2701,2221.8637,2187.7062,2206.06,-0.0601616,1590569945.0,79827261021.39,,,cnindex:official_market_daily,399673,OFFICIAL_HISTORICAL_VALUATION_UNAVAILABLE,True,2025-03-19,OFFICIAL_DAILY_OBSERVATION_DATE_NO_INTRADAY_TIMESTAMP_CLAIM
2025-03-20,TECHNOLOGY,TECHNOLOGY_CHINEXT50,DOMAIN_COMPONENT,CHINEXT50,399673,2204.044,2204.7924,2178.3917,2180.1017,-1.1766815,1247712509.0,56300555332.96,,,cnindex:official_market_daily,399673,OFFICIAL_HISTORICAL_VALUATION_UNAVAILABLE,True,2025-03-20,OFFICIAL_DAILY_OBSERVATION_DATE_NO_INTRADAY_TIMESTAMP_CLAIM
2025-03-21,TECHNOLOGY,TECHNOLOGY_CHINEXT50,DOMAIN_COMPONENT,CHINEXT50,399673,2173.881,2181.4487,2127.2415,2129.2943,-2.33050596,1543212363.0,65892936000.11,,,cnindex:official_market_daily,399673,OFFICIAL_HISTORICAL_VALUATION_UNAVAILABLE,True,2025-03-21,OFFICIAL_DAILY_OBSERVATION_DATE_NO_INTRADAY_TIMESTAMP_CLAIM
2025-03-24,TECHNOLOGY,TECHNOLOGY_CHINEXT50,DOMAIN_COMPONENT,CHINEXT50,399673,2131.5648,2138.6884,2106.0672,2132.1167,0.13255096,1354876333.0,59398228468.19,,,cnindex:official_market_daily,399673,OFFICIAL_HISTORICAL_VALUATION_UNAVAILABLE,True,2025-03-24,OFFICIAL_DAILY_OBSERVATION_DATE_NO_INTRADAY_TIMESTAMP_CLAIM
2025-03-25,TECHNOLOGY,TECHNOLOGY_CHINEXT50,DOMAIN_COMPONENT,CHINEXT50,399673,2134.6644,2146.0599,2115.9679,2123.9401,-0.38349683,1203631540.0,56800963378.81,,,cnindex:official_market_daily,399673,OFFICIAL_HISTORICAL_VALUATION_UNAVAILABLE,True,2025-03-25,OFFICIAL_DAILY_OBSERVATION_DATE_NO_INTRADAY_TIMESTAMP_CLAIM
2025-03-26,TECHNOLOGY,TECHNOLOGY_CHINEXT50,DOMAIN_COMPONENT,CHINEXT50,399673,2122.0168,2138.461,2116.5796,2116.5796,-0.34654932,951805335.0,43464727423.22,,,cnindex:official_market_daily,399673,OFFICIAL_HISTORICAL_VALUATION_UNAVAILABLE,True,2025-03-26,OFFICIAL_DAILY_OBSERVATION_DATE_NO_INTRADAY_TIMESTAMP_CLAIM
2025-03-27,TECHNOLOGY,TECHNOLOGY_CHINEXT50,DOMAIN_COMPONENT,CHINEXT50,399673,2106.47,2140.9449,2094.043,2120.1642,0.16935814999999999,1130160280.0,50028175370.71,,,cnindex:official_market_daily,399673,OFFICIAL_HISTORICAL_VALUATION_UNAVAILABLE,True,2025-03-27,OFFICIAL_DAILY_OBSERVATION_DATE_NO_INTRADAY_TIMESTAMP_CLAIM
2025-03-28,TECHNOLOGY,TECHNOLOGY_CHINEXT50,DOMAIN_COMPONENT,CHINEXT50,399673,2113.2069,2126.1045,2103.5612,2103.5612,-0.78309972,1022391105.0,44220332643.54,,,cnindex:official_market_daily,399673,OFFICIAL_HISTORICAL_VALUATION_UNAVAILABLE,True,2025-03-28,OFFICIAL_DAILY_OBSERVATION_DATE_NO_INTRADAY_TIMESTAMP_CLAIM
2025-03-31,TECHNOLOGY,TECHNOLOGY_CHINEXT50,DOMAIN_COMPONENT,CHINEXT50,399673,2093.896,2098.1731,2062.0544,2077.6887,-1.22993807,1175663387.0,50855481985.23,,,cnindex:official_market_daily,399673,OFFICIAL_HISTORICAL_VALUATION_UNAVAILABLE,True,2025-03-31,OFFICIAL_DAILY_OBSERVATION_DATE_NO_INTRADAY_TIMESTAMP_CLAIM
2025-04-01,TECHNOLOGY,TECHNOLOGY_CHINEXT50,DOMAIN_COMPONENT,CHINEXT50,399673,2082.9403,2098.9136,2069.128,2070.104,-0.36505469,1332455910.0,54006140319.39,,,cnindex:official_market_daily,399673,OFFICIAL_HISTORICAL_VALUATION_UNAVAILABLE,True,2025-04-01,OFFICIAL_DAILY_OBSERVATION_DATE_NO_INTRADAY_TIMESTAMP_CLAIM
2025-04-02,TECHNOLOGY,TECHNOLOGY_CHINEXT50,DOMAIN_COMPONENT,CHINEXT50,399673,2073.0433,2092.5924,2066.0849,2074.1714,0.19648288,962895157.0,42075579889.79,,,cnindex:official_market_daily,399673,OFFICIAL_HISTORICAL_VALUATION_UNAVAILABLE,True,2025-04-02,OFFICIAL_DAILY_OBSERVATION_DATE_NO_INTRADAY_TIMESTAMP_CLAIM
2025-04-03,TECHNOLOGY,TECHNOLOGY_CHINEXT50,DOMAIN_COMPONENT,CHINEXT50,399673,2045.9317,2064.105,2021.8527,2029.082,-2.17385121,1285425946.0,58805116297.31,,,cnindex:official_market_daily,399673,OFFICIAL_HISTORICAL_VALUATION_UNAVAILABLE,True,2025-04-03,OFFICIAL_DAILY_OBSERVATION_DATE_NO_INTRADAY_TIMESTAMP_CLAIM
2025-04-07,TECHNOLOGY,TECHNOLOGY_CHINEXT50,DOMAIN_COMPONENT,CHINEXT50,399673,1879.0374,1889.5886,1708.9835,1759.1257,-13.304356349999999,3082404145.0,111922068609.86,,,cnindex:official_market_daily,399673,OFFICIAL_HISTORICAL_VALUATION_UNAVAILABLE,True,2025-04-07,OFFICIAL_DAILY_OBSERVATION_DATE_NO_INTRADAY_TIMESTAMP_CLAIM
2025-04-08,TECHNOLOGY,TECHNOLOGY_CHINEXT50,DOMAIN_COMPONENT,CHINEXT50,399673,1790.6127,1827.5907,1756.0766,1782.9878,1.35647498,2267114828.0,82302333485.99,,,cnindex:official_market_daily,399673,OFFICIAL_HISTORICAL_VALUATION_UNAVAILABLE,True,2025-04-08,OFFICIAL_DAILY_OBSERVATION_DATE_NO_INTRADAY_TIMESTAMP_CLAIM
2025-04-09,TECHNOLOGY,TECHNOLOGY_CHINEXT50,DOMAIN_COMPONENT,CHINEXT50,399673,1746.0292,1812.5234,1720.8073,1794.3461,0.63703745,2368757204.0,86362363716.49,,,cnindex:official_market_daily,399673,OFFICIAL_HISTORICAL_VALUATION_UNAVAILABLE,True,2025-04-09,OFFICIAL_DAILY_OBSERVATION_DATE_NO_INTRADAY_TIMESTAMP_CLAIM
2025-04-10,TECHNOLOGY,TECHNOLOGY_CHINEXT50,DOMAIN_COMPONENT,CHINEXT50,399673,1867.3619,1886.2246,1834.9216,1838.2338,2.44588823,2166168321.0,84160941895.02,,,cnindex:official_market_daily,399673,OFFICIAL_HISTORICAL_VALUATION_UNAVAILABLE,True,2025-04-10,OFFICIAL_DAILY_OBSERVATION_DATE_NO_INTRADAY_TIMESTAMP_CLAIM
2025-04-11,TECHNOLOGY,TECHNOLOGY_CHINEXT50,DOMAIN_COMPONENT,CHINEXT50,399673,1822.4957,1883.2404,1821.6947,1866.7067,1.54892702,1619506946.0,65950921154.96,,,cnindex:official_market_daily,399673,OFFICIAL_HISTORICAL_VALUATION_UNAVAILABLE,True,2025-04-11,OFFICIAL_DAILY_OBSERVATION_DATE_NO_INTRADAY_TIMESTAMP_CLAIM
2025-04-14,TECHNOLOGY,TECHNOLOGY_CHINEXT50,DOMAIN_COMPONENT,CHINEXT50,399673,1896.1668,1898.0681,1867.3585,1872.5173,0.31127547,1417877561.0,56782072845.92,,,cnindex:official_market_daily,399673,OFFICIAL_HISTORICAL_VALUATION_UNAVAILABLE,True,2025-04-14,OFFICIAL_DAILY_OBSERVATION_DATE_NO_INTRADAY_TIMESTAMP_CLAIM
2025-04-15,TECHNOLOGY,TECHNOLOGY_CHINEXT50,DOMAIN_COMPONENT,CHINEXT50,399673,1874.4073,1881.9059,1861.0849,1872.332,-0.00989577,1047945878.0,42519122974.16,,,cnindex:official_market_daily,399673,OFFICIAL_HISTORICAL_VALUATION_UNAVAILABLE,True,2025-04-15,OFFICIAL_DAILY_OBSERVATION_DATE_NO_INTRADAY_TIMESTAMP_CLAIM
2025-04-16,TECHNOLOGY,TECHNOLOGY_CHINEXT50,DOMAIN_COMPONENT,CHINEXT50,399673,1859.1137,1859.9781,1821.8751,1848.5092,-1.27235982,1105163745.0,42048984756.01,,,cnindex:official_market_daily,399673,OFFICIAL_HISTORICAL_VALUATION_UNAVAILABLE,True,2025-04-16,OFFICIAL_DAILY_OBSERVATION_DATE_NO_INTRADAY_TIMESTAMP_CLAIM
2025-04-17,TECHNOLOGY,TECHNOLOGY_CHINEXT50,DOMAIN_COMPONENT,CHINEXT50,399673,1834.7057,1863.8694,1834.2073,1850.0524,0.08348349,856267001.0,34826215798.47,,,cnindex:official_market_daily,399673,OFFICIAL_HISTORICAL_VALUATION_UNAVAILABLE,True,2025-04-17,OFFICIAL_DAILY_OBSERVATION_DATE_NO_INTRADAY_TIMESTAMP_CLAIM
2025-04-18,TECHNOLOGY,TECHNOLOGY_CHINEXT50,DOMAIN_COMPONENT,CHINEXT50,399673,1846.7575,1862.8186,1842.6542,1859.4957,0.51043419,943700257.0,36353506405.36,,,cnindex:official_market_daily,399673,OFFICIAL_HISTORICAL_VALUATION_UNAVAILABLE,True,2025-04-18,OFFICIAL_DAILY_OBSERVATION_DATE_NO_INTRADAY_TIMESTAMP_CLAIM
2025-04-21,TECHNOLOGY,TECHNOLOGY_CHINEXT50,DOMAIN_COMPONENT,CHINEXT50,399673,1857.2538,1893.5387,1848.0449,1890.0337,1.64227322,1077684382.0,43281970789.64,,,cnindex:official_market_daily,399673,OFFICIAL_HISTORICAL_VALUATION_UNAVAILABLE,True,2025-04-21,OFFICIAL_DAILY_OBSERVATION_DATE_NO_INTRADAY_TIMESTAMP_CLAIM
2025-04-22,TECHNOLOGY,TECHNOLOGY_CHINEXT50,DOMAIN_COMPONENT,CHINEXT50,399673,1879.5186,1885.7507,1868.2684,1874.3927,-0.8275513800000001,1135606396.0,43591591894.34,,,cnindex:official_market_daily,399673,OFFICIAL_HISTORICAL_VALUATION_UNAVAILABLE,True,2025-04-22,OFFICIAL_DAILY_OBSERVATION_DATE_NO_INTRADAY_TIMESTAMP_CLAIM
2025-04-23,TECHNOLOGY,TECHNOLOGY_CHINEXT50,DOMAIN_COMPONENT,CHINEXT50,399673,1899.9001,1915.2006,1885.6368,1900.1283,1.37301004,1394848260.0,59865517980.96,,,cnindex:official_market_daily,399673,OFFICIAL_HISTORICAL_VALUATION_UNAVAILABLE,True,2025-04-23,OFFICIAL_DAILY_OBSERVATION_DATE_NO_INTRADAY_TIMESTAMP_CLAIM
2025-04-24,TECHNOLOGY,TECHNOLOGY_CHINEXT50,DOMAIN_COMPONENT,CHINEXT50,399673,1897.5332,1913.0398,1885.181,1887.8809,-0.64455648,1176580949.0,48215808988.38,,,cnindex:official_market_daily,399673,OFFICIAL_HISTORICAL_VALUATION_UNAVAILABLE,True,2025-04-24,OFFICIAL_DAILY_OBSERVATION_DATE_NO_INTRADAY_TIMESTAMP_CLAIM
2025-04-25,TECHNOLOGY,TECHNOLOGY_CHINEXT50,DOMAIN_COMPONENT,CHINEXT50,399673,1896.7614,1918.1193,1895.7211,1905.1171,0.91299192,1351117828.0,55058845290.81,,,cnindex:official_market_daily,399673,OFFICIAL_HISTORICAL_VALUATION_UNAVAILABLE,True,2025-04-25,OFFICIAL_DAILY_OBSERVATION_DATE_NO_INTRADAY_TIMESTAMP_CLAIM
2025-04-28,TECHNOLOGY,TECHNOLOGY_CHINEXT50,DOMAIN_COMPONENT,CHINEXT50,399673,1911.146,1911.146,1887.5045,1892.4727,-0.66370723,1140527953.0,45515489379.45,,,cnindex:official_market_daily,399673,OFFICIAL_HISTORICAL_VALUATION_UNAVAILABLE,True,2025-04-28,OFFICIAL_DAILY_OBSERVATION_DATE_NO_INTRADAY_TIMESTAMP_CLAIM
2025-04-29,TECHNOLOGY,TECHNOLOGY_CHINEXT50,DOMAIN_COMPONENT,CHINEXT50,399673,1888.9525,1900.3242,1883.6835,1887.4274,-0.26659829999999995,1085679171.0,44302523875.82,,,cnindex:official_market_daily,399673,OFFICIAL_HISTORICAL_VALUATION_UNAVAILABLE,True,2025-04-29,OFFICIAL_DAILY_OBSERVATION_DATE_NO_INTRADAY_TIMESTAMP_CLAIM
2025-04-30,TECHNOLOGY,TECHNOLOGY_CHINEXT50,DOMAIN_COMPONENT,CHINEXT50,399673,1891.9692,1910.2447,1886.4095,1903.2244,0.8369593399999999,1174764311.0,48165748415.97,,,cnindex:official_market_daily,399673,OFFICIAL_HISTORICAL_VALUATION_UNAVAILABLE,True,2025-04-30,OFFICIAL_DAILY_OBSERVATION_DATE_NO_INTRADAY_TIMESTAMP_CLAIM
2025-05-06,TECHNOLOGY,TECHNOLOGY_CHINEXT50,DOMAIN_COMPONENT,CHINEXT50,399673,1923.7992,1946.3985,1920.9233,1941.4501,2.0084704700000002,1597869946.0,64435245994.83,,,cnindex:official_market_daily,399673,OFFICIAL_HISTORICAL_VALUATION_UNAVAILABLE,True,2025-05-06,OFFICIAL_DAILY_OBSERVATION_DATE_NO_INTRADAY_TIMESTAMP_CLAIM
2025-05-07,TECHNOLOGY,TECHNOLOGY_CHINEXT50,DOMAIN_COMPONENT,CHINEXT50,399673,1983.8696,1996.5525,1942.0808,1956.2991,0.76484067,1993684798.0,80734432603.01,,,cnindex:official_market_daily,399673,OFFICIAL_HISTORICAL_VALUATION_UNAVAILABLE,True,2025-05-07,OFFICIAL_DAILY_OBSERVATION_DATE_NO_INTRADAY_TIMESTAMP_CLAIM
2025-05-08,TECHNOLOGY,TECHNOLOGY_CHINEXT50,DOMAIN_COMPONENT,CHINEXT50,399673,1955.1142,2004.4438,1952.8274,1997.2567,2.09362669,1557217087.0,80775830916.55,,,cnindex:official_market_daily,399673,OFFICIAL_HISTORICAL_VALUATION_UNAVAILABLE,True,2025-05-08,OFFICIAL_DAILY_OBSERVATION_DATE_NO_INTRADAY_TIMESTAMP_CLAIM
2025-05-09,TECHNOLOGY,TECHNOLOGY_CHINEXT50,DOMAIN_COMPONENT,CHINEXT50,399673,1996.3152,1996.3152,1973.9742,1981.7875,-0.77452237,1369517017.0,68130214530.25,,,cnindex:official_market_daily,399673,OFFICIAL_HISTORICAL_VALUATION_UNAVAILABLE,True,2025-05-09,OFFICIAL_DAILY_OBSERVATION_DATE_NO_INTRADAY_TIMESTAMP_CLAIM
2025-05-12,TECHNOLOGY,TECHNOLOGY_CHINEXT50,DOMAIN_COMPONENT,CHINEXT50,399673,2018.3807,2045.5906,2013.9689,2043.3644,3.10713939,1801350339.0,84826655238.35,,,cnindex:official_market_daily,399673,OFFICIAL_HISTORICAL_VALUATION_UNAVAILABLE,True,2025-05-12,OFFICIAL_DAILY_OBSERVATION_DATE_NO_INTRADAY_TIMESTAMP_CLAIM
2025-05-13,TECHNOLOGY,TECHNOLOGY_CHINEXT50,DOMAIN_COMPONENT,CHINEXT50,399673,2072.0405,2072.0405,2037.8589,2040.5922,-0.13566841,1696802056.0,77960279188.95,,,cnindex:official_market_daily,399673,OFFICIAL_HISTORICAL_VALUATION_UNAVAILABLE,True,2025-05-13,OFFICIAL_DAILY_OBSERVATION_DATE_NO_INTRADAY_TIMESTAMP_CLAIM
2025-05-14,TECHNOLOGY,TECHNOLOGY_CHINEXT50,DOMAIN_COMPONENT,CHINEXT50,399673,2041.4953,2089.0754,2030.757,2067.0235,1.29527595,2139470841.0,89346366422.06,,,cnindex:official_market_daily,399673,OFFICIAL_HISTORICAL_VALUATION_UNAVAILABLE,True,2025-05-14,OFFICIAL_DAILY_OBSERVATION_DATE_NO_INTRADAY_TIMESTAMP_CLAIM
2025-05-15,TECHNOLOGY,TECHNOLOGY_CHINEXT50,DOMAIN_COMPONENT,CHINEXT50,399673,2059.248,2059.248,2023.945,2024.4348,-2.0603878,1546634025.0,63072098599.7,,,cnindex:official_market_daily,399673,OFFICIAL_HISTORICAL_VALUATION_UNAVAILABLE,True,2025-05-15,OFFICIAL_DAILY_OBSERVATION_DATE_NO_INTRADAY_TIMESTAMP_CLAIM
2025-05-16,TECHNOLOGY,TECHNOLOGY_CHINEXT50,DOMAIN_COMPONENT,CHINEXT50,399673,2017.051,2033.325,2017.051,2021.3969,-0.15006164,1261726628.0,53165782410.7,,,cnindex:official_market_daily,399673,OFFICIAL_HISTORICAL_VALUATION_UNAVAILABLE,True,2025-05-16,OFFICIAL_DAILY_OBSERVATION_DATE_NO_INTRADAY_TIMESTAMP_CLAIM
2025-05-19,TECHNOLOGY,TECHNOLOGY_CHINEXT50,DOMAIN_COMPONENT,CHINEXT50,399673,2019.7524,2019.7524,1997.6953,2011.7057,-0.47943083000000003,1026849556.0,43523574072.2,,,cnindex:official_market_daily,399673,OFFICIAL_HISTORICAL_VALUATION_UNAVAILABLE,True,2025-05-19,OFFICIAL_DAILY_OBSERVATION_DATE_NO_INTRADAY_TIMESTAMP_CLAIM
2025-05-20,TECHNOLOGY,TECHNOLOGY_CHINEXT50,DOMAIN_COMPONENT,CHINEXT50,399673,2022.9038,2039.004,2002.1126,2026.5416,0.73747865,1279866584.0,55528463786.82,,,cnindex:official_market_daily,399673,OFFICIAL_HISTORICAL_VALUATION_UNAVAILABLE,True,2025-05-20,OFFICIAL_DAILY_OBSERVATION_DATE_NO_INTRADAY_TIMESTAMP_CLAIM
2025-05-21,TECHNOLOGY,TECHNOLOGY_CHINEXT50,DOMAIN_COMPONENT,CHINEXT50,399673,2032.8882,2065.2232,2031.2703,2050.745,1.19432041,1196597325.0,59482381918.55,,,cnindex:official_market_daily,399673,OFFICIAL_HISTORICAL_VALUATION_UNAVAILABLE,True,2025-05-21,OFFICIAL_DAILY_OBSERVATION_DATE_NO_INTRADAY_TIMESTAMP_CLAIM
2025-05-22,TECHNOLOGY,TECHNOLOGY_CHINEXT50,DOMAIN_COMPONENT,CHINEXT50,399673,2052.1604,2052.1604,2029.7093,2031.6558,-0.93084221,1258690997.0,54164218260.98,,,cnindex:official_market_daily,399673,OFFICIAL_HISTORICAL_VALUATION_UNAVAILABLE,True,2025-05-22,OFFICIAL_DAILY_OBSERVATION_DATE_NO_INTRADAY_TIMESTAMP_CLAIM
2025-05-23,TECHNOLOGY,TECHNOLOGY_CHINEXT50,DOMAIN_COMPONENT,CHINEXT50,399673,2029.4484,2045.289,2004.6762,2004.6762,-1.3279611599999999,1409253197.0,55855506058.49,,,cnindex:official_market_daily,399673,OFFICIAL_HISTORICAL_VALUATION_UNAVAILABLE,True,2025-05-23,OFFICIAL_DAILY_OBSERVATION_DATE_NO_INTRADAY_TIMESTAMP_CLAIM
2025-05-26,TECHNOLOGY,TECHNOLOGY_CHINEXT50,DOMAIN_COMPONENT,CHINEXT50,399673,1999.015,2007.8991,1969.2456,1983.1634,-1.07313091,1104630566.0,48540564612.82,,,cnindex:official_market_daily,399673,OFFICIAL_HISTORICAL_VALUATION_UNAVAILABLE,True,2025-05-26,OFFICIAL_DAILY_OBSERVATION_DATE_NO_INTRADAY_TIMESTAMP_CLAIM
2025-05-27,TECHNOLOGY,TECHNOLOGY_CHINEXT50,DOMAIN_COMPONENT,CHINEXT50,399673,1979.2096,1979.7958,1958.9504,1966.8302,-0.8235932600000001,883846485.0,39066505890.52,,,cnindex:official_market_daily,399673,OFFICIAL_HISTORICAL_VALUATION_UNAVAILABLE,True,2025-05-27,OFFICIAL_DAILY_OBSERVATION_DATE_NO_INTRADAY_TIMESTAMP_CLAIM
2025-05-28,TECHNOLOGY,TECHNOLOGY_CHINEXT50,DOMAIN_COMPONENT,CHINEXT50,399673,1973.4238,1980.0412,1957.7379,1961.8185,-0.25481102,895256223.0,41028606473.85,,,cnindex:official_market_daily,399673,OFFICIAL_HISTORICAL_VALUATION_UNAVAILABLE,True,2025-05-28,OFFICIAL_DAILY_OBSERVATION_DATE_NO_INTRADAY_TIMESTAMP_CLAIM
2025-05-29,TECHNOLOGY,TECHNOLOGY_CHINEXT50,DOMAIN_COMPONENT,CHINEXT50,399673,1963.9844,1990.3808,1960.8764,1982.9091,1.07505358,1232518191.0,53613922830.23,,,cnindex:official_market_daily,399673,OFFICIAL_HISTORICAL_VALUATION_UNAVAILABLE,True,2025-05-29,OFFICIAL_DAILY_OBSERVATION_DATE_NO_INTRADAY_TIMESTAMP_CLAIM
2025-05-30,TECHNOLOGY,TECHNOLOGY_CHINEXT50,DOMAIN_COMPONENT,CHINEXT50,399673,1971.8159,1971.8159,1954.7481,1962.6241,-1.0229919299999999,993818514.0,41488961274.0,,,cnindex:official_market_daily,399673,OFFICIAL_HISTORICAL_VALUATION_UNAVAILABLE,True,2025-05-30,OFFICIAL_DAILY_OBSERVATION_DATE_NO_INTRADAY_TIMESTAMP_CLAIM
2025-06-03,TECHNOLOGY,TECHNOLOGY_CHINEXT50,DOMAIN_COMPONENT,CHINEXT50,399673,1956.3137,1978.6211,1954.8728,1966.6507,0.2051641,991240375.0,39881231903.53,,,cnindex:official_market_daily,399673,OFFICIAL_HISTORICAL_VALUATION_UNAVAILABLE,True,2025-06-03,OFFICIAL_DAILY_OBSERVATION_DATE_NO_INTRADAY_TIMESTAMP_CLAIM
2025-06-04,TECHNOLOGY,TECHNOLOGY_CHINEXT50,DOMAIN_COMPONENT,CHINEXT50,399673,1975.2004,1998.8143,1975.2004,1992.1987,1.2990613899999999,1363465504.0,53760385855.55,,,cnindex:official_market_daily,399673,OFFICIAL_HISTORICAL_VALUATION_UNAVAILABLE,True,2025-06-04,OFFICIAL_DAILY_OBSERVATION_DATE_NO_INTRADAY_TIMESTAMP_CLAIM
2025-06-05,TECHNOLOGY,TECHNOLOGY_CHINEXT50,DOMAIN_COMPONENT,CHINEXT50,399673,1994.4933,2026.5737,1981.3512,2020.8607,1.43871191,1546132468.0,62969423072.48,,,cnindex:official_market_daily,399673,OFFICIAL_HISTORICAL_VALUATION_UNAVAILABLE,True,2025-06-05,OFFICIAL_DAILY_OBSERVATION_DATE_NO_INTRADAY_TIMESTAMP_CLAIM
2025-06-06,TECHNOLOGY,TECHNOLOGY_CHINEXT50,DOMAIN_COMPONENT,CHINEXT50,399673,2019.4194,2025.9077,2001.4472,2006.3784,-0.71664019,1181100750.0,51848712785.14,,,cnindex:official_market_daily,399673,OFFICIAL_HISTORICAL_VALUATION_UNAVAILABLE,True,2025-06-06,OFFICIAL_DAILY_OBSERVATION_DATE_NO_INTRADAY_TIMESTAMP_CLAIM
2025-06-09,TECHNOLOGY,TECHNOLOGY_CHINEXT50,DOMAIN_COMPONENT,CHINEXT50,399673,2014.5687,2043.5213,2013.4513,2027.1125,1.0334092499999998,1644597125.0,68745668535.81,,,cnindex:official_market_daily,399673,OFFICIAL_HISTORICAL_VALUATION_UNAVAILABLE,True,2025-06-09,OFFICIAL_DAILY_OBSERVATION_DATE_NO_INTRADAY_TIMESTAMP_CLAIM
2025-06-10,TECHNOLOGY,TECHNOLOGY_CHINEXT50,DOMAIN_COMPONENT,CHINEXT50,399673,2023.3663,2031.8891,1989.9509,2003.1472,-1.18223828,1667893886.0,65113137578.2,,,cnindex:official_market_daily,399673,OFFICIAL_HISTORICAL_VALUATION_UNAVAILABLE,True,2025-06-10,OFFICIAL_DAILY_OBSERVATION_DATE_NO_INTRADAY_TIMESTAMP_CLAIM
2025-06-11,TECHNOLOGY,TECHNOLOGY_CHINEXT50,DOMAIN_COMPONENT,CHINEXT50,399673,2012.494,2046.502,2011.5675,2029.1034,1.29577097,1485833563.0,60083539507.37,,,cnindex:official_market_daily,399673,OFFICIAL_HISTORICAL_VALUATION_UNAVAILABLE,True,2025-06-11,OFFICIAL_DAILY_OBSERVATION_DATE_NO_INTRADAY_TIMESTAMP_CLAIM
2025-06-12,TECHNOLOGY,TECHNOLOGY_CHINEXT50,DOMAIN_COMPONENT,CHINEXT50,399673,2024.5575,2049.1033,2019.6237,2036.7472,0.37670824999999997,1544304424.0,66340172564.71,,,cnindex:official_market_daily,399673,OFFICIAL_HISTORICAL_VALUATION_UNAVAILABLE,True,2025-06-12,OFFICIAL_DAILY_OBSERVATION_DATE_NO_INTRADAY_TIMESTAMP_CLAIM
2025-06-13,TECHNOLOGY,TECHNOLOGY_CHINEXT50,DOMAIN_COMPONENT,CHINEXT50,399673,2023.218,2037.8682,2008.9622,2016.4492,-0.9965890700000001,1692534860.0,68385849977.74,,,cnindex:official_market_daily,399673,OFFICIAL_HISTORICAL_VALUATION_UNAVAILABLE,True,2025-06-13,OFFICIAL_DAILY_OBSERVATION_DATE_NO_INTRADAY_TIMESTAMP_CLAIM
2025-06-16,TECHNOLOGY,TECHNOLOGY_CHINEXT50,DOMAIN_COMPONENT,CHINEXT50,399673,2012.9205,2041.8697,2012.9205,2037.0849,1.0233682100000001,1762596586.0,66862955350.41,,,cnindex:official_market_daily,399673,OFFICIAL_HISTORICAL_VALUATION_UNAVAILABLE,True,2025-06-16,OFFICIAL_DAILY_OBSERVATION_DATE_NO_INTRADAY_TIMESTAMP_CLAIM
2025-06-17,TECHNOLOGY,TECHNOLOGY_CHINEXT50,DOMAIN_COMPONENT,CHINEXT50,399673,2041.3152,2041.3152,2022.522,2027.7129,-0.46006919,1663790218.0,57299712235.24,,,cnindex:official_market_daily,399673,OFFICIAL_HISTORICAL_VALUATION_UNAVAILABLE,True,2025-06-17,OFFICIAL_DAILY_OBSERVATION_DATE_NO_INTRADAY_TIMESTAMP_CLAIM
2025-06-18,TECHNOLOGY,TECHNOLOGY_CHINEXT50,DOMAIN_COMPONENT,CHINEXT50,399673,2025.3803,2041.7681,2017.84,2036.2364,0.42035044000000005,1482972030.0,64776661441.55,,,cnindex:official_market_daily,399673,OFFICIAL_HISTORICAL_VALUATION_UNAVAILABLE,True,2025-06-18,OFFICIAL_DAILY_OBSERVATION_DATE_NO_INTRADAY_TIMESTAMP_CLAIM
2025-06-19,TECHNOLOGY,TECHNOLOGY_CHINEXT50,DOMAIN_COMPONENT,CHINEXT50,399673,2030.2349,2038.5526,2002.3921,2008.0124,-1.38608661,1536233803.0,63197335910.36,,,cnindex:official_market_daily,399673,OFFICIAL_HISTORICAL_VALUATION_UNAVAILABLE,True,2025-06-19,OFFICIAL_DAILY_OBSERVATION_DATE_NO_INTRADAY_TIMESTAMP_CLAIM
2025-06-20,TECHNOLOGY,TECHNOLOGY_CHINEXT50,DOMAIN_COMPONENT,CHINEXT50,399673,2008.5121,2017.6302,1987.5748,1989.705,-0.9117174800000001,1218896527.0,51521876347.52,,,cnindex:official_market_daily,399673,OFFICIAL_HISTORICAL_VALUATION_UNAVAILABLE,True,2025-06-20,OFFICIAL_DAILY_OBSERVATION_DATE_NO_INTRADAY_TIMESTAMP_CLAIM
2025-06-23,TECHNOLOGY,TECHNOLOGY_CHINEXT50,DOMAIN_COMPONENT,CHINEXT50,399673,1976.1708,2000.756,1976.1708,1996.1282,0.32282172,1279457771.0,52581466613.5,,,cnindex:official_market_daily,399673,OFFICIAL_HISTORICAL_VALUATION_UNAVAILABLE,True,2025-06-23,OFFICIAL_DAILY_OBSERVATION_DATE_NO_INTRADAY_TIMESTAMP_CLAIM
2025-06-24,TECHNOLOGY,TECHNOLOGY_CHINEXT50,DOMAIN_COMPONENT,CHINEXT50,399673,2004.0098,2047.6383,2004.0098,2044.7801,2.4373134000000003,2128633880.0,80103742254.29,,,cnindex:official_market_daily,399673,OFFICIAL_HISTORICAL_VALUATION_UNAVAILABLE,True,2025-06-24,OFFICIAL_DAILY_OBSERVATION_DATE_NO_INTRADAY_TIMESTAMP_CLAIM
2025-06-25,TECHNOLOGY,TECHNOLOGY_CHINEXT50,DOMAIN_COMPONENT,CHINEXT50,399673,2053.4324,2123.9532,2052.8885,2117.8673,3.57433056,3193951542.0,119929823483.52,,,cnindex:official_market_daily,399673,OFFICIAL_HISTORICAL_VALUATION_UNAVAILABLE,True,2025-06-25,OFFICIAL_DAILY_OBSERVATION_DATE_NO_INTRADAY_TIMESTAMP_CLAIM
2025-06-26,TECHNOLOGY,TECHNOLOGY_CHINEXT50,DOMAIN_COMPONENT,CHINEXT50,399673,2119.1127,2133.309,2102.4647,2104.1474,-0.64781679,2734627027.0,106632565636.79,,,cnindex:official_market_daily,399673,OFFICIAL_HISTORICAL_VALUATION_UNAVAILABLE,True,2025-06-26,OFFICIAL_DAILY_OBSERVATION_DATE_NO_INTRADAY_TIMESTAMP_CLAIM
2025-06-27,TECHNOLOGY,TECHNOLOGY_CHINEXT50,DOMAIN_COMPONENT,CHINEXT50,399673,2117.2111,2136.8544,2101.3611,2113.7771,0.4576533,2405732160.0,99356398870.08,,,cnindex:official_market_daily,399673,OFFICIAL_HISTORICAL_VALUATION_UNAVAILABLE,True,2025-06-27,OFFICIAL_DAILY_OBSERVATION_DATE_NO_INTRADAY_TIMESTAMP_CLAIM
2025-06-30,TECHNOLOGY,TECHNOLOGY_CHINEXT50,DOMAIN_COMPONENT,CHINEXT50,399673,2122.8219,2145.0184,2118.7627,2143.9054,1.42533004,2130096087.0,90200305460.54,,,cnindex:official_market_daily,399673,OFFICIAL_HISTORICAL_VALUATION_UNAVAILABLE,True,2025-06-30,OFFICIAL_DAILY_OBSERVATION_DATE_NO_INTRADAY_TIMESTAMP_CLAIM
2025-07-01,TECHNOLOGY,TECHNOLOGY_CHINEXT50,DOMAIN_COMPONENT,CHINEXT50,399673,2138.67,2141.3236,2123.2729,2135.275,-0.40255508000000007,1613574655.0,64610297475.83,,,cnindex:official_market_daily,399673,OFFICIAL_HISTORICAL_VALUATION_UNAVAILABLE,True,2025-07-01,OFFICIAL_DAILY_OBSERVATION_DATE_NO_INTRADAY_TIMESTAMP_CLAIM
2025-07-02,TECHNOLOGY,TECHNOLOGY_CHINEXT50,DOMAIN_COMPONENT,CHINEXT50,399673,2126.7154,2126.7154,2106.3419,2111.036,-1.13516994,1409643745.0,57305597495.34,,,cnindex:official_market_daily,399673,OFFICIAL_HISTORICAL_VALUATION_UNAVAILABLE,True,2025-07-02,OFFICIAL_DAILY_OBSERVATION_DATE_NO_INTRADAY_TIMESTAMP_CLAIM
2025-07-03,TECHNOLOGY,TECHNOLOGY_CHINEXT50,DOMAIN_COMPONENT,CHINEXT50,399673,2119.4022,2165.0419,2118.9444,2160.6131,2.3484725,1644532070.0,73097761835.97,,,cnindex:official_market_daily,399673,OFFICIAL_HISTORICAL_VALUATION_UNAVAILABLE,True,2025-07-03,OFFICIAL_DAILY_OBSERVATION_DATE_NO_INTRADAY_TIMESTAMP_CLAIM
2025-07-04,TECHNOLOGY,TECHNOLOGY_CHINEXT50,DOMAIN_COMPONENT,CHINEXT50,399673,2166.3423,2188.1341,2151.6641,2154.5284,-0.28161914,1986612315.0,84945568609.57,,,cnindex:official_market_daily,399673,OFFICIAL_HISTORICAL_VALUATION_UNAVAILABLE,True,2025-07-04,OFFICIAL_DAILY_OBSERVATION_DATE_NO_INTRADAY_TIMESTAMP_CLAIM
2025-07-07,TECHNOLOGY,TECHNOLOGY_CHINEXT50,DOMAIN_COMPONENT,CHINEXT50,399673,2146.3255,2155.575,2118.5116,2123.8636,-1.42327203,1373097834.0,61566756868.33,,,cnindex:official_market_daily,399673,OFFICIAL_HISTORICAL_VALUATION_UNAVAILABLE,True,2025-07-07,OFFICIAL_DAILY_OBSERVATION_DATE_NO_INTRADAY_TIMESTAMP_CLAIM
2025-07-08,TECHNOLOGY,TECHNOLOGY_CHINEXT50,DOMAIN_COMPONENT,CHINEXT50,399673,2123.1563,2182.164,2122.515,2180.1437,2.6498923899999998,1877345108.0,85302137939.62,,,cnindex:official_market_daily,399673,OFFICIAL_HISTORICAL_VALUATION_UNAVAILABLE,True,2025-07-08,OFFICIAL_DAILY_OBSERVATION_DATE_NO_INTRADAY_TIMESTAMP_CLAIM
2025-07-09,TECHNOLOGY,TECHNOLOGY_CHINEXT50,DOMAIN_COMPONENT,CHINEXT50,399673,2178.1175,2207.4914,2177.9259,2186.503,0.29169178,1766352729.0,79372054296.49,,,cnindex:official_market_daily,399673,OFFICIAL_HISTORICAL_VALUATION_UNAVAILABLE,True,2025-07-09,OFFICIAL_DAILY_OBSERVATION_DATE_NO_INTRADAY_TIMESTAMP_CLAIM
2025-07-10,TECHNOLOGY,TECHNOLOGY_CHINEXT50,DOMAIN_COMPONENT,CHINEXT50,399673,2196.5857,2204.2539,2175.3687,2193.7117,0.32969084,1710236962.0,82813250721.21,,,cnindex:official_market_daily,399673,OFFICIAL_HISTORICAL_VALUATION_UNAVAILABLE,True,2025-07-10,OFFICIAL_DAILY_OBSERVATION_DATE_NO_INTRADAY_TIMESTAMP_CLAIM
2025-07-11,TECHNOLOGY,TECHNOLOGY_CHINEXT50,DOMAIN_COMPONENT,CHINEXT50,399673,2194.3645,2229.2554,2183.9055,2211.6644,0.81837098,2759492400.0,106744171357.16,,,cnindex:official_market_daily,399673,OFFICIAL_HISTORICAL_VALUATION_UNAVAILABLE,True,2025-07-11,OFFICIAL_DAILY_OBSERVATION_DATE_NO_INTRADAY_TIMESTAMP_CLAIM
2025-07-14,TECHNOLOGY,TECHNOLOGY_CHINEXT50,DOMAIN_COMPONENT,CHINEXT50,399673,2210.4584,2210.5164,2189.8058,2197.5801,-0.63681904,1660073249.0,69584967333.59,,,cnindex:official_market_daily,399673,OFFICIAL_HISTORICAL_VALUATION_UNAVAILABLE,True,2025-07-14,OFFICIAL_DAILY_OBSERVATION_DATE_NO_INTRADAY_TIMESTAMP_CLAIM
2025-07-15,TECHNOLOGY,TECHNOLOGY_CHINEXT50,DOMAIN_COMPONENT,CHINEXT50,399673,2215.9243,2256.5563,2215.9243,2244.4312,2.13194049,2111478501.0,98128676361.38,,,cnindex:official_market_daily,399673,OFFICIAL_HISTORICAL_VALUATION_UNAVAILABLE,True,2025-07-15,OFFICIAL_DAILY_OBSERVATION_DATE_NO_INTRADAY_TIMESTAMP_CLAIM
2025-07-16,TECHNOLOGY,TECHNOLOGY_CHINEXT50,DOMAIN_COMPONENT,CHINEXT50,399673,2252.3471,2269.9035,2234.1325,2237.102,-0.32655044,1954363037.0,101290499895.29,,,cnindex:official_market_daily,399673,OFFICIAL_HISTORICAL_VALUATION_UNAVAILABLE,True,2025-07-16,OFFICIAL_DAILY_OBSERVATION_DATE_NO_INTRADAY_TIMESTAMP_CLAIM
2025-07-17,TECHNOLOGY,TECHNOLOGY_CHINEXT50,DOMAIN_COMPONENT,CHINEXT50,399673,2235.7868,2283.4441,2235.7868,2282.115,2.0121121,2126849025.0,103700373019.84,,,cnindex:official_market_daily,399673,OFFICIAL_HISTORICAL_VALUATION_UNAVAILABLE,True,2025-07-17,OFFICIAL_DAILY_OBSERVATION_DATE_NO_INTRADAY_TIMESTAMP_CLAIM
2025-07-18,TECHNOLOGY,TECHNOLOGY_CHINEXT50,DOMAIN_COMPONENT,CHINEXT50,399673,2293.9823,2313.1042,2275.5468,2288.858,0.29547153,1873225840.0,97189405543.26,,,cnindex:official_market_daily,399673,OFFICIAL_HISTORICAL_VALUATION_UNAVAILABLE,True,2025-07-18,OFFICIAL_DAILY_OBSERVATION_DATE_NO_INTRADAY_TIMESTAMP_CLAIM
2025-07-21,TECHNOLOGY,TECHNOLOGY_CHINEXT50,DOMAIN_COMPONENT,CHINEXT50,399673,2298.5973,2308.6826,2283.5876,2308.2181,0.84584103,1945070860.0,95881027394.94,,,cnindex:official_market_daily,399673,OFFICIAL_HISTORICAL_VALUATION_UNAVAILABLE,True,2025-07-21,OFFICIAL_DAILY_OBSERVATION_DATE_NO_INTRADAY_TIMESTAMP_CLAIM
2025-07-22,TECHNOLOGY,TECHNOLOGY_CHINEXT50,DOMAIN_COMPONENT,CHINEXT50,399673,2307.0347,2326.4829,2299.9846,2320.617,0.53716328,2138202990.0,105714095646.38,,,cnindex:official_market_daily,399673,OFFICIAL_HISTORICAL_VALUATION_UNAVAILABLE,True,2025-07-22,OFFICIAL_DAILY_OBSERVATION_DATE_NO_INTRADAY_TIMESTAMP_CLAIM
2025-07-23,TECHNOLOGY,TECHNOLOGY_CHINEXT50,DOMAIN_COMPONENT,CHINEXT50,399673,2317.0994,2345.1275,2313.3573,2321.9141,0.05589462,2372569714.0,100164700712.37,,,cnindex:official_market_daily,399673,OFFICIAL_HISTORICAL_VALUATION_UNAVAILABLE,True,2025-07-23,OFFICIAL_DAILY_OBSERVATION_DATE_NO_INTRADAY_TIMESTAMP_CLAIM
2025-07-24,TECHNOLOGY,TECHNOLOGY_CHINEXT50,DOMAIN_COMPONENT,CHINEXT50,399673,2332.1877,2352.64,2327.1882,2352.64,1.32330046,2566832295.0,110899922292.29,,,cnindex:official_market_daily,399673,OFFICIAL_HISTORICAL_VALUATION_UNAVAILABLE,True,2025-07-24,OFFICIAL_DAILY_OBSERVATION_DATE_NO_INTRADAY_TIMESTAMP_CLAIM
2025-07-25,TECHNOLOGY,TECHNOLOGY_CHINEXT50,DOMAIN_COMPONENT,CHINEXT50,399673,2355.3577,2355.7217,2337.4752,2345.4567,-0.30532933,2359888038.0,87134727268.93,,,cnindex:official_market_daily,399673,OFFICIAL_HISTORICAL_VALUATION_UNAVAILABLE,True,2025-07-25,OFFICIAL_DAILY_OBSERVATION_DATE_NO_INTRADAY_TIMESTAMP_CLAIM
2025-07-28,TECHNOLOGY,TECHNOLOGY_CHINEXT50,DOMAIN_COMPONENT,CHINEXT50,399673,2353.1807,2380.5223,2341.7333,2375.7004,1.28945889,2077442727.0,100489731833.65,,,cnindex:official_market_daily,399673,OFFICIAL_HISTORICAL_VALUATION_UNAVAILABLE,True,2025-07-28,OFFICIAL_DAILY_OBSERVATION_DATE_NO_INTRADAY_TIMESTAMP_CLAIM
2025-07-29,TECHNOLOGY,TECHNOLOGY_CHINEXT50,DOMAIN_COMPONENT,CHINEXT50,399673,2376.018,2428.1136,2372.2738,2428.1136,2.20622095,2290602869.0,112916435550.59,,,cnindex:official_market_daily,399673,OFFICIAL_HISTORICAL_VALUATION_UNAVAILABLE,True,2025-07-29,OFFICIAL_DAILY_OBSERVATION_DATE_NO_INTRADAY_TIMESTAMP_CLAIM
2025-07-30,TECHNOLOGY,TECHNOLOGY_CHINEXT50,DOMAIN_COMPONENT,CHINEXT50,399673,2416.389,2416.389,2364.2729,2382.5647,-1.87589658,2456386178.0,112510092483.0,,,cnindex:official_market_daily,399673,OFFICIAL_HISTORICAL_VALUATION_UNAVAILABLE,True,2025-07-30,OFFICIAL_DAILY_OBSERVATION_DATE_NO_INTRADAY_TIMESTAMP_CLAIM
2025-07-31,TECHNOLOGY,TECHNOLOGY_CHINEXT50,DOMAIN_COMPONENT,CHINEXT50,399673,2403.4879,2412.855,2332.5688,2339.3417,-1.81413751,3041432646.0,135482325860.34,,,cnindex:official_market_daily,399673,OFFICIAL_HISTORICAL_VALUATION_UNAVAILABLE,True,2025-07-31,OFFICIAL_DAILY_OBSERVATION_DATE_NO_INTRADAY_TIMESTAMP_CLAIM
2025-08-01,TECHNOLOGY,TECHNOLOGY_CHINEXT50,DOMAIN_COMPONENT,CHINEXT50,399673,2332.9977,2357.0992,2312.03,2329.8387,-0.40622539,2378802280.0,101167988234.21,,,cnindex:official_market_daily,399673,OFFICIAL_HISTORICAL_VALUATION_UNAVAILABLE,True,2025-08-01,OFFICIAL_DAILY_OBSERVATION_DATE_NO_INTRADAY_TIMESTAMP_CLAIM
2025-08-04,TECHNOLOGY,TECHNOLOGY_CHINEXT50,DOMAIN_COMPONENT,CHINEXT50,399673,2313.2389,2341.3617,2311.0786,2341.1404,0.48508507999999995,2055701662.0,82937713811.1,,,cnindex:official_market_daily,399673,OFFICIAL_HISTORICAL_VALUATION_UNAVAILABLE,True,2025-08-04,OFFICIAL_DAILY_OBSERVATION_DATE_NO_INTRADAY_TIMESTAMP_CLAIM
2025-08-05,TECHNOLOGY,TECHNOLOGY_CHINEXT50,DOMAIN_COMPONENT,CHINEXT50,399673,2359.3366,2360.6544,2328.1623,2350.4371,0.39710133999999997,1934368701.0,85438726227.77,,,cnindex:official_market_daily,399673,OFFICIAL_HISTORICAL_VALUATION_UNAVAILABLE,True,2025-08-05,OFFICIAL_DAILY_OBSERVATION_DATE_NO_INTRADAY_TIMESTAMP_CLAIM
2025-08-06,TECHNOLOGY,TECHNOLOGY_CHINEXT50,DOMAIN_COMPONENT,CHINEXT50,399673,2342.3287,2369.2281,2342.3287,2366.9733,0.70353723,2099236172.0,84749962018.64,,,cnindex:official_market_daily,399673,OFFICIAL_HISTORICAL_VALUATION_UNAVAILABLE,True,2025-08-06,OFFICIAL_DAILY_OBSERVATION_DATE_NO_INTRADAY_TIMESTAMP_CLAIM
2025-08-07,TECHNOLOGY,TECHNOLOGY_CHINEXT50,DOMAIN_COMPONENT,CHINEXT50,399673,2367.8873,2381.8923,2325.6813,2348.455,-0.7823620099999999,2163749606.0,95562171907.67,,,cnindex:official_market_daily,399673,OFFICIAL_HISTORICAL_VALUATION_UNAVAILABLE,True,2025-08-07,OFFICIAL_DAILY_OBSERVATION_DATE_NO_INTRADAY_TIMESTAMP_CLAIM
2025-08-08,TECHNOLOGY,TECHNOLOGY_CHINEXT50,DOMAIN_COMPONENT,CHINEXT50,399673,2343.915,2362.9449,2337.4192,2340.796,-0.32612931,2018288960.0,83830789067.2,,,cnindex:official_market_daily,399673,OFFICIAL_HISTORICAL_VALUATION_UNAVAILABLE,True,2025-08-08,OFFICIAL_DAILY_OBSERVATION_DATE_NO_INTRADAY_TIMESTAMP_CLAIM
2025-08-11,TECHNOLOGY,TECHNOLOGY_CHINEXT50,DOMAIN_COMPONENT,CHINEXT50,399673,2341.7123,2395.9164,2341.7123,2390.151,2.10847079,2369603910.0,107318787512.84,,,cnindex:official_market_daily,399673,OFFICIAL_HISTORICAL_VALUATION_UNAVAILABLE,True,2025-08-11,OFFICIAL_DAILY_OBSERVATION_DATE_NO_INTRADAY_TIMESTAMP_CLAIM
2025-08-12,TECHNOLOGY,TECHNOLOGY_CHINEXT50,DOMAIN_COMPONENT,CHINEXT50,399673,2391.2094,2426.9004,2376.4317,2426.9004,1.53753466,2319226157.0,110273168799.93,,,cnindex:official_market_daily,399673,OFFICIAL_HISTORICAL_VALUATION_UNAVAILABLE,True,2025-08-12,OFFICIAL_DAILY_OBSERVATION_DATE_NO_INTRADAY_TIMESTAMP_CLAIM
2025-08-13,TECHNOLOGY,TECHNOLOGY_CHINEXT50,DOMAIN_COMPONENT,CHINEXT50,399673,2436.0239,2532.7293,2432.6073,2527.3035,4.13709191,3215256498.0,149161308981.09,,,cnindex:official_market_daily,399673,OFFICIAL_HISTORICAL_VALUATION_UNAVAILABLE,True,2025-08-13,OFFICIAL_DAILY_OBSERVATION_DATE_NO_INTRADAY_TIMESTAMP_CLAIM
2025-08-14,TECHNOLOGY,TECHNOLOGY_CHINEXT50,DOMAIN_COMPONENT,CHINEXT50,399673,2527.8864,2548.8224,2498.1971,2504.5443,-0.9005329200000001,3180238139.0,140077847014.28,,,cnindex:official_market_daily,399673,OFFICIAL_HISTORICAL_VALUATION_UNAVAILABLE,True,2025-08-14,OFFICIAL_DAILY_OBSERVATION_DATE_NO_INTRADAY_TIMESTAMP_CLAIM
2025-08-15,TECHNOLOGY,TECHNOLOGY_CHINEXT50,DOMAIN_COMPONENT,CHINEXT50,399673,2498.4206,2581.8237,2498.4206,2572.6415,2.71894572,4046365511.0,170013751302.66,,,cnindex:official_market_daily,399673,OFFICIAL_HISTORICAL_VALUATION_UNAVAILABLE,True,2025-08-15,OFFICIAL_DAILY_OBSERVATION_DATE_NO_INTRADAY_TIMESTAMP_CLAIM
2025-08-18,TECHNOLOGY,TECHNOLOGY_CHINEXT50,DOMAIN_COMPONENT,CHINEXT50,399673,2587.2625,2684.0737,2562.7457,2650.7815,3.03734508,4964857676.0,215626486699.5,,,cnindex:official_market_daily,399673,OFFICIAL_HISTORICAL_VALUATION_UNAVAILABLE,True,2025-08-18,OFFICIAL_DAILY_OBSERVATION_DATE_NO_INTRADAY_TIMESTAMP_CLAIM
2025-08-19,TECHNOLOGY,TECHNOLOGY_CHINEXT50,DOMAIN_COMPONENT,CHINEXT50,399673,2640.2181,2685.5641,2634.8502,2652.1814,0.052810840000000005,3672003830.0,175687629373.6,,,cnindex:official_market_daily,399673,OFFICIAL_HISTORICAL_VALUATION_UNAVAILABLE,True,2025-08-19,OFFICIAL_DAILY_OBSERVATION_DATE_NO_INTRADAY_TIMESTAMP_CLAIM
2025-08-20,TECHNOLOGY,TECHNOLOGY_CHINEXT50,DOMAIN_COMPONENT,CHINEXT50,399673,2617.7233,2654.9911,2589.8665,2654.4495,0.08551828,3046693033.0,148598884667.11,,,cnindex:official_market_daily,399673,OFFICIAL_HISTORICAL_VALUATION_UNAVAILABLE,True,2025-08-20,OFFICIAL_DAILY_OBSERVATION_DATE_NO_INTRADAY_TIMESTAMP_CLAIM
2025-08-21,TECHNOLOGY,TECHNOLOGY_CHINEXT50,DOMAIN_COMPONENT,CHINEXT50,399673,2662.2071,2672.3809,2622.0267,2639.553,-0.56118981,2693627274.0,139462983678.64,,,cnindex:official_market_daily,399673,OFFICIAL_HISTORICAL_VALUATION_UNAVAILABLE,True,2025-08-21,OFFICIAL_DAILY_OBSERVATION_DATE_NO_INTRADAY_TIMESTAMP_CLAIM
2025-08-22,TECHNOLOGY,TECHNOLOGY_CHINEXT50,DOMAIN_COMPONENT,CHINEXT50,399673,2628.2559,2736.7437,2628.2559,2734.8549,3.61053178,3811319267.0,186195419251.86,,,cnindex:official_market_daily,399673,OFFICIAL_HISTORICAL_VALUATION_UNAVAILABLE,True,2025-08-22,OFFICIAL_DAILY_OBSERVATION_DATE_NO_INTRADAY_TIMESTAMP_CLAIM
2025-08-25,TECHNOLOGY,TECHNOLOGY_CHINEXT50,DOMAIN_COMPONENT,CHINEXT50,399673,2775.6143,2843.8089,2749.8479,2821.2388,3.1586282700000003,4389757638.0,227466128160.17,,,cnindex:official_market_daily,399673,OFFICIAL_HISTORICAL_VALUATION_UNAVAILABLE,True,2025-08-25,OFFICIAL_DAILY_OBSERVATION_DATE_NO_INTRADAY_TIMESTAMP_CLAIM
2025-08-26,TECHNOLOGY,TECHNOLOGY_CHINEXT50,DOMAIN_COMPONENT,CHINEXT50,399673,2803.7997,2832.8863,2781.6875,2797.3478,-0.8468265799999999,3335204820.0,186022064215.37,,,cnindex:official_market_daily,399673,OFFICIAL_HISTORICAL_VALUATION_UNAVAILABLE,True,2025-08-26,OFFICIAL_DAILY_OBSERVATION_DATE_NO_INTRADAY_TIMESTAMP_CLAIM
2025-08-27,TECHNOLOGY,TECHNOLOGY_CHINEXT50,DOMAIN_COMPONENT,CHINEXT50,399673,2803.5958,2888.7822,2785.7562,2785.7841,-0.41338084999999997,4607033134.0,249488241121.83,,,cnindex:official_market_daily,399673,OFFICIAL_HISTORICAL_VALUATION_UNAVAILABLE,True,2025-08-27,OFFICIAL_DAILY_OBSERVATION_DATE_NO_INTRADAY_TIMESTAMP_CLAIM
2025-08-28,TECHNOLOGY,TECHNOLOGY_CHINEXT50,DOMAIN_COMPONENT,CHINEXT50,399673,2767.2344,2906.2908,2767.2344,2906.2908,4.32577313,3991323055.0,238054400807.54,,,cnindex:official_market_daily,399673,OFFICIAL_HISTORICAL_VALUATION_UNAVAILABLE,True,2025-08-28,OFFICIAL_DAILY_OBSERVATION_DATE_NO_INTRADAY_TIMESTAMP_CLAIM
2025-08-29,TECHNOLOGY,TECHNOLOGY_CHINEXT50,DOMAIN_COMPONENT,CHINEXT50,399673,2906.1617,3040.0549,2884.7671,2988.247,2.81995869,4087286752.0,249634400280.85,,,cnindex:official_market_daily,399673,OFFICIAL_HISTORICAL_VALUATION_UNAVAILABLE,True,2025-08-29,OFFICIAL_DAILY_OBSERVATION_DATE_NO_INTRADAY_TIMESTAMP_CLAIM
2025-09-01,TECHNOLOGY,TECHNOLOGY_CHINEXT50,DOMAIN_COMPONENT,CHINEXT50,399673,3017.6959,3068.7944,2981.9562,3065.4877,2.58481645,3520058009.0,230822517871.18,,,cnindex:official_market_daily,399673,OFFICIAL_HISTORICAL_VALUATION_UNAVAILABLE,True,2025-09-01,OFFICIAL_DAILY_OBSERVATION_DATE_NO_INTRADAY_TIMESTAMP_CLAIM
2025-09-02,TECHNOLOGY,TECHNOLOGY_CHINEXT50,DOMAIN_COMPONENT,CHINEXT50,399673,3061.1501,3095.5032,2940.9563,2977.5608,-2.86828422,4074339238.0,266454412689.41,,,cnindex:official_market_daily,399673,OFFICIAL_HISTORICAL_VALUATION_UNAVAILABLE,True,2025-09-02,OFFICIAL_DAILY_OBSERVATION_DATE_NO_INTRADAY_TIMESTAMP_CLAIM
2025-09-03,TECHNOLOGY,TECHNOLOGY_CHINEXT50,DOMAIN_COMPONENT,CHINEXT50,399673,2990.505,3051.6259,2973.704,3023.7675,1.55183061,3679356721.0,240021439634.91,,,cnindex:official_market_daily,399673,OFFICIAL_HISTORICAL_VALUATION_UNAVAILABLE,True,2025-09-03,OFFICIAL_DAILY_OBSERVATION_DATE_NO_INTRADAY_TIMESTAMP_CLAIM
2025-09-04,TECHNOLOGY,TECHNOLOGY_CHINEXT50,DOMAIN_COMPONENT,CHINEXT50,399673,3065.6089,3090.1094,2843.7168,2878.7537,-4.795798619999999,4074954296.0,282096867641.27,,,cnindex:official_market_daily,399673,OFFICIAL_HISTORICAL_VALUATION_UNAVAILABLE,True,2025-09-04,OFFICIAL_DAILY_OBSERVATION_DATE_NO_INTRADAY_TIMESTAMP_CLAIM
2025-09-05,TECHNOLOGY,TECHNOLOGY_CHINEXT50,DOMAIN_COMPONENT,CHINEXT50,399673,2894.965,3095.7049,2880.0882,3090.3486,7.3502259,3767910647.0,267757255474.86,,,cnindex:official_market_daily,399673,OFFICIAL_HISTORICAL_VALUATION_UNAVAILABLE,True,2025-09-05,OFFICIAL_DAILY_OBSERVATION_DATE_NO_INTRADAY_TIMESTAMP_CLAIM
2025-09-08,TECHNOLOGY,TECHNOLOGY_CHINEXT50,DOMAIN_COMPONENT,CHINEXT50,399673,3095.8801,3095.8801,2993.0627,3049.295,-1.3284456,3800443642.0,271512820127.32,,,cnindex:official_market_daily,399673,OFFICIAL_HISTORICAL_VALUATION_UNAVAILABLE,True,2025-09-08,OFFICIAL_DAILY_OBSERVATION_DATE_NO_INTRADAY_TIMESTAMP_CLAIM
2025-09-09,TECHNOLOGY,TECHNOLOGY_CHINEXT50,DOMAIN_COMPONENT,CHINEXT50,399673,3011.9785,3039.902,2948.1672,2974.2712,-2.46036543,2885591666.0,191582890429.09,,,cnindex:official_market_daily,399673,OFFICIAL_HISTORICAL_VALUATION_UNAVAILABLE,True,2025-09-09,OFFICIAL_DAILY_OBSERVATION_DATE_NO_INTRADAY_TIMESTAMP_CLAIM
2025-09-10,TECHNOLOGY,TECHNOLOGY_CHINEXT50,DOMAIN_COMPONENT,CHINEXT50,399673,3003.4699,3045.2822,2967.8745,3018.649,1.49205627,2788303085.0,205802884526.11,,,cnindex:official_market_daily,399673,OFFICIAL_HISTORICAL_VALUATION_UNAVAILABLE,True,2025-09-10,OFFICIAL_DAILY_OBSERVATION_DATE_NO_INTRADAY_TIMESTAMP_CLAIM
2025-09-11,TECHNOLOGY,TECHNOLOGY_CHINEXT50,DOMAIN_COMPONENT,CHINEXT50,399673,3035.0787,3190.6105,3013.097,3190.6105,5.6966377999999995,3769194090.0,259618897971.8,,,cnindex:official_market_daily,399673,OFFICIAL_HISTORICAL_VALUATION_UNAVAILABLE,True,2025-09-11,OFFICIAL_DAILY_OBSERVATION_DATE_NO_INTRADAY_TIMESTAMP_CLAIM
2025-09-12,TECHNOLOGY,TECHNOLOGY_CHINEXT50,DOMAIN_COMPONENT,CHINEXT50,399673,3153.7317,3191.8456,3139.7906,3150.5346,-1.25605742,3294035680.0,227952692975.19,,,cnindex:official_market_daily,399673,OFFICIAL_HISTORICAL_VALUATION_UNAVAILABLE,True,2025-09-12,OFFICIAL_DAILY_OBSERVATION_DATE_NO_INTRADAY_TIMESTAMP_CLAIM
2025-09-15,TECHNOLOGY,TECHNOLOGY_CHINEXT50,DOMAIN_COMPONENT,CHINEXT50,399673,3184.9162,3255.001,3177.6109,3203.0745,1.66765031,3080587868.0,213045052244.22,,,cnindex:official_market_daily,399673,OFFICIAL_HISTORICAL_VALUATION_UNAVAILABLE,True,2025-09-15,OFFICIAL_DAILY_OBSERVATION_DATE_NO_INTRADAY_TIMESTAMP_CLAIM
2025-09-16,TECHNOLOGY,TECHNOLOGY_CHINEXT50,DOMAIN_COMPONENT,CHINEXT50,399673,3213.8069,3235.5157,3158.0043,3231.3364,0.8823366399999999,3291604862.0,208201950762.99,,,cnindex:official_market_daily,399673,OFFICIAL_HISTORICAL_VALUATION_UNAVAILABLE,True,2025-09-16,OFFICIAL_DAILY_OBSERVATION_DATE_NO_INTRADAY_TIMESTAMP_CLAIM
2025-09-17,TECHNOLOGY,TECHNOLOGY_CHINEXT50,DOMAIN_COMPONENT,CHINEXT50,399673,3230.164,3306.0612,3205.5014,3300.4384,2.13849601,3537149436.0,215692116895.48,,,cnindex:official_market_daily,399673,OFFICIAL_HISTORICAL_VALUATION_UNAVAILABLE,True,2025-09-17,OFFICIAL_DAILY_OBSERVATION_DATE_NO_INTRADAY_TIMESTAMP_CLAIM
2025-09-18,TECHNOLOGY,TECHNOLOGY_CHINEXT50,DOMAIN_COMPONENT,CHINEXT50,399673,3267.0573,3324.2724,3194.0238,3242.1944,-1.7647352500000002,4514046808.0,276256398779.33,,,cnindex:official_market_daily,399673,OFFICIAL_HISTORICAL_VALUATION_UNAVAILABLE,True,2025-09-18,OFFICIAL_DAILY_OBSERVATION_DATE_NO_INTRADAY_TIMESTAMP_CLAIM
2025-09-19,TECHNOLOGY,TECHNOLOGY_CHINEXT50,DOMAIN_COMPONENT,CHINEXT50,399673,3245.6095,3281.5899,3219.2246,3240.0035,-0.0675746,3016410723.0,196625243302.7,,,cnindex:official_market_daily,399673,OFFICIAL_HISTORICAL_VALUATION_UNAVAILABLE,True,2025-09-19,OFFICIAL_DAILY_OBSERVATION_DATE_NO_INTRADAY_TIMESTAMP_CLAIM
2025-09-22,TECHNOLOGY,TECHNOLOGY_CHINEXT50,DOMAIN_COMPONENT,CHINEXT50,399673,3242.5718,3261.8317,3197.0141,3261.8317,0.6737091500000001,2660474393.0,174607481267.19,,,cnindex:official_market_daily,399673,OFFICIAL_HISTORICAL_VALUATION_UNAVAILABLE,True,2025-09-22,OFFICIAL_DAILY_OBSERVATION_DATE_NO_INTRADAY_TIMESTAMP_CLAIM
2025-09-23,TECHNOLOGY,TECHNOLOGY_CHINEXT50,DOMAIN_COMPONENT,CHINEXT50,399673,3302.0311,3324.9116,3199.3848,3279.7732,0.55004371,3511619730.0,233888394641.29,,,cnindex:official_market_daily,399673,OFFICIAL_HISTORICAL_VALUATION_UNAVAILABLE,True,2025-09-23,OFFICIAL_DAILY_OBSERVATION_DATE_NO_INTRADAY_TIMESTAMP_CLAIM
2025-09-24,TECHNOLOGY,TECHNOLOGY_CHINEXT50,DOMAIN_COMPONENT,CHINEXT50,399673,3251.815,3352.8997,3247.0536,3352.4686,2.21647643,3572348886.0,230078411944.67,,,cnindex:official_market_daily,399673,OFFICIAL_HISTORICAL_VALUATION_UNAVAILABLE,True,2025-09-24,OFFICIAL_DAILY_OBSERVATION_DATE_NO_INTRADAY_TIMESTAMP_CLAIM
2025-09-25,TECHNOLOGY,TECHNOLOGY_CHINEXT50,DOMAIN_COMPONENT,CHINEXT50,399673,3329.9664,3453.5003,3324.7365,3417.6613,1.94461777,3547079415.0,246932299457.27,,,cnindex:official_market_daily,399673,OFFICIAL_HISTORICAL_VALUATION_UNAVAILABLE,True,2025-09-25,OFFICIAL_DAILY_OBSERVATION_DATE_NO_INTRADAY_TIMESTAMP_CLAIM
2025-09-26,TECHNOLOGY,TECHNOLOGY_CHINEXT50,DOMAIN_COMPONENT,CHINEXT50,399673,3402.1164,3437.4131,3320.1581,3321.0686,-2.82628065,2825667202.0,194747342294.16,,,cnindex:official_market_daily,399673,OFFICIAL_HISTORICAL_VALUATION_UNAVAILABLE,True,2025-09-26,OFFICIAL_DAILY_OBSERVATION_DATE_NO_INTRADAY_TIMESTAMP_CLAIM
2025-09-29,TECHNOLOGY,TECHNOLOGY_CHINEXT50,DOMAIN_COMPONENT,CHINEXT50,399673,3336.147,3448.5226,3336.147,3423.7407,3.0915380700000004,3539878382.0,230244650031.7,,,cnindex:official_market_daily,399673,OFFICIAL_HISTORICAL_VALUATION_UNAVAILABLE,True,2025-09-29,OFFICIAL_DAILY_OBSERVATION_DATE_NO_INTRADAY_TIMESTAMP_CLAIM
2025-09-30,TECHNOLOGY,TECHNOLOGY_CHINEXT50,DOMAIN_COMPONENT,CHINEXT50,399673,3422.6084,3469.0592,3396.5416,3418.5629,-0.15123224999999998,3137097261.0,220907883463.37,,,cnindex:official_market_daily,399673,OFFICIAL_HISTORICAL_VALUATION_UNAVAILABLE,True,2025-09-30,OFFICIAL_DAILY_OBSERVATION_DATE_NO_INTRADAY_TIMESTAMP_CLAIM
2025-10-09,TECHNOLOGY,TECHNOLOGY_CHINEXT50,DOMAIN_COMPONENT,CHINEXT50,399673,3432.758,3514.354,3424.1292,3436.6138,0.52802597,3658472640.0,239301667016.38,,,cnindex:official_market_daily,399673,OFFICIAL_HISTORICAL_VALUATION_UNAVAILABLE,True,2025-10-09,OFFICIAL_DAILY_OBSERVATION_DATE_NO_INTRADAY_TIMESTAMP_CLAIM
2025-10-10,TECHNOLOGY,TECHNOLOGY_CHINEXT50,DOMAIN_COMPONENT,CHINEXT50,399673,3398.659,3407.696,3245.3103,3262.8369,-5.05663162,3436953113.0,227741349072.13,,,cnindex:official_market_daily,399673,OFFICIAL_HISTORICAL_VALUATION_UNAVAILABLE,True,2025-10-10,OFFICIAL_DAILY_OBSERVATION_DATE_NO_INTRADAY_TIMESTAMP_CLAIM
2025-10-13,TECHNOLOGY,TECHNOLOGY_CHINEXT50,DOMAIN_COMPONENT,CHINEXT50,399673,3106.1029,3240.4577,3106.1029,3214.9527,-1.4675634,2926119747.0,191213331769.04,,,cnindex:official_market_daily,399673,OFFICIAL_HISTORICAL_VALUATION_UNAVAILABLE,True,2025-10-13,OFFICIAL_DAILY_OBSERVATION_DATE_NO_INTRADAY_TIMESTAMP_CLAIM
2025-10-14,TECHNOLOGY,TECHNOLOGY_CHINEXT50,DOMAIN_COMPONENT,CHINEXT50,399673,3266.6333,3271.6668,3068.3178,3081.5574,-4.14921501,2936990588.0,202432221430.14,,,cnindex:official_market_daily,399673,OFFICIAL_HISTORICAL_VALUATION_UNAVAILABLE,True,2025-10-14,OFFICIAL_DAILY_OBSERVATION_DATE_NO_INTRADAY_TIMESTAMP_CLAIM
2025-10-15,TECHNOLOGY,TECHNOLOGY_CHINEXT50,DOMAIN_COMPONENT,CHINEXT50,399673,3090.9185,3170.2941,3050.1461,3163.5103,2.65946369,2390776749.0,159823615465.05,,,cnindex:official_market_daily,399673,OFFICIAL_HISTORICAL_VALUATION_UNAVAILABLE,True,2025-10-15,OFFICIAL_DAILY_OBSERVATION_DATE_NO_INTRADAY_TIMESTAMP_CLAIM
2025-10-16,TECHNOLOGY,TECHNOLOGY_CHINEXT50,DOMAIN_COMPONENT,CHINEXT50,399673,3143.8463,3216.4341,3136.9065,3183.9858,0.6472398699999999,2284500106.0,157232613554.9,,,cnindex:official_market_daily,399673,OFFICIAL_HISTORICAL_VALUATION_UNAVAILABLE,True,2025-10-16,OFFICIAL_DAILY_OBSERVATION_DATE_NO_INTRADAY_TIMESTAMP_CLAIM
2025-10-17,TECHNOLOGY,TECHNOLOGY_CHINEXT50,DOMAIN_COMPONENT,CHINEXT50,399673,3170.2542,3188.3373,3071.4513,3074.235,-3.44696261,2222536746.0,151869762714.61,,,cnindex:official_market_daily,399673,OFFICIAL_HISTORICAL_VALUATION_UNAVAILABLE,True,2025-10-17,OFFICIAL_DAILY_OBSERVATION_DATE_NO_INTRADAY_TIMESTAMP_CLAIM
2025-10-20,TECHNOLOGY,TECHNOLOGY_CHINEXT50,DOMAIN_COMPONENT,CHINEXT50,399673,3158.6327,3200.5275,3119.1963,3146.3779,2.34669438,1891890330.0,156563765068.12,,,cnindex:official_market_daily,399673,OFFICIAL_HISTORICAL_VALUATION_UNAVAILABLE,True,2025-10-20,OFFICIAL_DAILY_OBSERVATION_DATE_NO_INTRADAY_TIMESTAMP_CLAIM
2025-10-21,TECHNOLOGY,TECHNOLOGY_CHINEXT50,DOMAIN_COMPONENT,CHINEXT50,399673,3175.751,3278.338,3146.3786,3253.9573,3.4191506400000002,2134330766.0,178655560113.0,,,cnindex:official_market_daily,399673,OFFICIAL_HISTORICAL_VALUATION_UNAVAILABLE,True,2025-10-21,OFFICIAL_DAILY_OBSERVATION_DATE_NO_INTRADAY_TIMESTAMP_CLAIM
2025-10-22,TECHNOLOGY,TECHNOLOGY_CHINEXT50,DOMAIN_COMPONENT,CHINEXT50,399673,3228.2661,3262.8052,3209.2822,3228.747,-0.77475817,1579804851.0,126391907443.49,,,cnindex:official_market_daily,399673,OFFICIAL_HISTORICAL_VALUATION_UNAVAILABLE,True,2025-10-22,OFFICIAL_DAILY_OBSERVATION_DATE_NO_INTRADAY_TIMESTAMP_CLAIM
2025-10-23,TECHNOLOGY,TECHNOLOGY_CHINEXT50,DOMAIN_COMPONENT,CHINEXT50,399673,3219.7388,3238.4777,3168.4488,3233.9704,0.16177793000000001,1644309098.0,121152555617.67,,,cnindex:official_market_daily,399673,OFFICIAL_HISTORICAL_VALUATION_UNAVAILABLE,True,2025-10-23,OFFICIAL_DAILY_OBSERVATION_DATE_NO_INTRADAY_TIMESTAMP_CLAIM
2025-10-24,TECHNOLOGY,TECHNOLOGY_CHINEXT50,DOMAIN_COMPONENT,CHINEXT50,399673,3263.7757,3365.7796,3257.1235,3365.7796,4.0757701399999995,2190638695.0,184731374252.67,,,cnindex:official_market_daily,399673,OFFICIAL_HISTORICAL_VALUATION_UNAVAILABLE,True,2025-10-24,OFFICIAL_DAILY_OBSERVATION_DATE_NO_INTRADAY_TIMESTAMP_CLAIM
2025-10-27,TECHNOLOGY,TECHNOLOGY_CHINEXT50,DOMAIN_COMPONENT,CHINEXT50,399673,3429.8849,3442.0011,3370.4959,3432.9348,1.99523463,2759778616.0,222056818940.57,,,cnindex:official_market_daily,399673,OFFICIAL_HISTORICAL_VALUATION_UNAVAILABLE,True,2025-10-27,OFFICIAL_DAILY_OBSERVATION_DATE_NO_INTRADAY_TIMESTAMP_CLAIM
2025-10-28,TECHNOLOGY,TECHNOLOGY_CHINEXT50,DOMAIN_COMPONENT,CHINEXT50,399673,3397.4214,3488.8094,3397.4094,3428.2446,-0.13662363,2306305393.0,193718939649.95,,,cnindex:official_market_daily,399673,OFFICIAL_HISTORICAL_VALUATION_UNAVAILABLE,True,2025-10-28,OFFICIAL_DAILY_OBSERVATION_DATE_NO_INTRADAY_TIMESTAMP_CLAIM
2025-10-29,TECHNOLOGY,TECHNOLOGY_CHINEXT50,DOMAIN_COMPONENT,CHINEXT50,399673,3471.5168,3542.846,3466.8713,3542.846,3.3428594899999995,2910526883.0,239659908873.63,,,cnindex:official_market_daily,399673,OFFICIAL_HISTORICAL_VALUATION_UNAVAILABLE,True,2025-10-29,OFFICIAL_DAILY_OBSERVATION_DATE_NO_INTRADAY_TIMESTAMP_CLAIM
2025-10-30,TECHNOLOGY,TECHNOLOGY_CHINEXT50,DOMAIN_COMPONENT,CHINEXT50,399673,3530.6925,3554.2941,3465.8399,3471.0784,-2.02570476,3393538068.0,250149253246.66,,,cnindex:official_market_daily,399673,OFFICIAL_HISTORICAL_VALUATION_UNAVAILABLE,True,2025-10-30,OFFICIAL_DAILY_OBSERVATION_DATE_NO_INTRADAY_TIMESTAMP_CLAIM
2025-10-31,TECHNOLOGY,TECHNOLOGY_CHINEXT50,DOMAIN_COMPONENT,CHINEXT50,399673,3465.7714,3484.7482,3369.4314,3369.4314,-2.92839828,3228182422.0,215565518034.71,,,cnindex:official_market_daily,399673,OFFICIAL_HISTORICAL_VALUATION_UNAVAILABLE,True,2025-10-31,OFFICIAL_DAILY_OBSERVATION_DATE_NO_INTRADAY_TIMESTAMP_CLAIM
2025-11-03,TECHNOLOGY,TECHNOLOGY_CHINEXT50,DOMAIN_COMPONENT,CHINEXT50,399673,3358.9565,3387.9309,3294.0898,3381.6882,0.36376464000000003,2902595105.0,175246881706.83,,,cnindex:official_market_daily,399673,OFFICIAL_HISTORICAL_VALUATION_UNAVAILABLE,True,2025-11-03,OFFICIAL_DAILY_OBSERVATION_DATE_NO_INTRADAY_TIMESTAMP_CLAIM
2025-11-04,TECHNOLOGY,TECHNOLOGY_CHINEXT50,DOMAIN_COMPONENT,CHINEXT50,399673,3375.8756,3398.0432,3289.8956,3315.0732,-1.9698741,2473452868.0,150803153502.85,,,cnindex:official_market_daily,399673,OFFICIAL_HISTORICAL_VALUATION_UNAVAILABLE,True,2025-11-04,OFFICIAL_DAILY_OBSERVATION_DATE_NO_INTRADAY_TIMESTAMP_CLAIM
2025-11-05,TECHNOLOGY,TECHNOLOGY_CHINEXT50,DOMAIN_COMPONENT,CHINEXT50,399673,3238.9473,3370.2958,3238.9473,3355.1975,1.2103594,2513080366.0,146199635322.03,,,cnindex:official_market_daily,399673,OFFICIAL_HISTORICAL_VALUATION_UNAVAILABLE,True,2025-11-05,OFFICIAL_DAILY_OBSERVATION_DATE_NO_INTRADAY_TIMESTAMP_CLAIM
2025-11-06,TECHNOLOGY,TECHNOLOGY_CHINEXT50,DOMAIN_COMPONENT,CHINEXT50,399673,3380.396,3438.8445,3371.6275,3423.7022,2.04174866,2456213302.0,163962553613.95,,,cnindex:official_market_daily,399673,OFFICIAL_HISTORICAL_VALUATION_UNAVAILABLE,True,2025-11-06,OFFICIAL_DAILY_OBSERVATION_DATE_NO_INTRADAY_TIMESTAMP_CLAIM
2025-11-07,TECHNOLOGY,TECHNOLOGY_CHINEXT50,DOMAIN_COMPONENT,CHINEXT50,399673,3395.9498,3436.8832,3370.3955,3399.1231,-0.71790999,2166399437.0,143365816258.39,,,cnindex:official_market_daily,399673,OFFICIAL_HISTORICAL_VALUATION_UNAVAILABLE,True,2025-11-07,OFFICIAL_DAILY_OBSERVATION_DATE_NO_INTRADAY_TIMESTAMP_CLAIM
2025-11-10,TECHNOLOGY,TECHNOLOGY_CHINEXT50,DOMAIN_COMPONENT,CHINEXT50,399673,3413.7344,3429.6817,3306.8425,3354.9069,-1.3008119699999998,2561948516.0,166994196971.44,,,cnindex:official_market_daily,399673,OFFICIAL_HISTORICAL_VALUATION_UNAVAILABLE,True,2025-11-10,OFFICIAL_DAILY_OBSERVATION_DATE_NO_INTRADAY_TIMESTAMP_CLAIM
2025-11-11,TECHNOLOGY,TECHNOLOGY_CHINEXT50,DOMAIN_COMPONENT,CHINEXT50,399673,3378.0459,3394.2479,3295.5011,3299.5659,-1.64955397,2189272251.0,150472720285.8,,,cnindex:official_market_daily,399673,OFFICIAL_HISTORICAL_VALUATION_UNAVAILABLE,True,2025-11-11,OFFICIAL_DAILY_OBSERVATION_DATE_NO_INTRADAY_TIMESTAMP_CLAIM
2025-11-12,TECHNOLOGY,TECHNOLOGY_CHINEXT50,DOMAIN_COMPONENT,CHINEXT50,399673,3286.1335,3309.5667,3240.1119,3291.4562,-0.24578082,2132344115.0,147817376407.73,,,cnindex:official_market_daily,399673,OFFICIAL_HISTORICAL_VALUATION_UNAVAILABLE,True,2025-11-12,OFFICIAL_DAILY_OBSERVATION_DATE_NO_INTRADAY_TIMESTAMP_CLAIM
2025-11-13,TECHNOLOGY,TECHNOLOGY_CHINEXT50,DOMAIN_COMPONENT,CHINEXT50,399673,3286.6042,3386.029,3269.4587,3373.7699,2.50082927,2272159176.0,153085247904.83,,,cnindex:official_market_daily,399673,OFFICIAL_HISTORICAL_VALUATION_UNAVAILABLE,True,2025-11-13,OFFICIAL_DAILY_OBSERVATION_DATE_NO_INTRADAY_TIMESTAMP_CLAIM
2025-11-14,TECHNOLOGY,TECHNOLOGY_CHINEXT50,DOMAIN_COMPONENT,CHINEXT50,399673,3309.6789,3336.9162,3273.7042,3273.7042,-2.96599066,2199336313.0,129409451872.53,,,cnindex:official_market_daily,399673,OFFICIAL_HISTORICAL_VALUATION_UNAVAILABLE,True,2025-11-14,OFFICIAL_DAILY_OBSERVATION_DATE_NO_INTRADAY_TIMESTAMP_CLAIM
2025-11-17,TECHNOLOGY,TECHNOLOGY_CHINEXT50,DOMAIN_COMPONENT,CHINEXT50,399673,3252.4377,3283.1029,3236.7447,3263.7555,-0.30389734,2371030036.0,133220780924.78,,,cnindex:official_market_daily,399673,OFFICIAL_HISTORICAL_VALUATION_UNAVAILABLE,True,2025-11-17,OFFICIAL_DAILY_OBSERVATION_DATE_NO_INTRADAY_TIMESTAMP_CLAIM
2025-11-18,TECHNOLOGY,TECHNOLOGY_CHINEXT50,DOMAIN_COMPONENT,CHINEXT50,399673,3245.3874,3278.5104,3208.9855,3227.6472,-1.10634207,2676356030.0,137823407131.73,,,cnindex:official_market_daily,399673,OFFICIAL_HISTORICAL_VALUATION_UNAVAILABLE,True,2025-11-18,OFFICIAL_DAILY_OBSERVATION_DATE_NO_INTRADAY_TIMESTAMP_CLAIM
2025-11-19,TECHNOLOGY,TECHNOLOGY_CHINEXT50,DOMAIN_COMPONENT,CHINEXT50,399673,3222.7532,3283.9859,3222.7532,3241.744,0.43675158000000003,2160595281.0,117070192441.45,,,cnindex:official_market_daily,399673,OFFICIAL_HISTORICAL_VALUATION_UNAVAILABLE,True,2025-11-19,OFFICIAL_DAILY_OBSERVATION_DATE_NO_INTRADAY_TIMESTAMP_CLAIM
2025-11-20,TECHNOLOGY,TECHNOLOGY_CHINEXT50,DOMAIN_COMPONENT,CHINEXT50,399673,3307.6543,3315.6998,3201.113,3204.45,-1.15043014,1995143528.0,126615849129.23,,,cnindex:official_market_daily,399673,OFFICIAL_HISTORICAL_VALUATION_UNAVAILABLE,True,2025-11-20,OFFICIAL_DAILY_OBSERVATION_DATE_NO_INTRADAY_TIMESTAMP_CLAIM
2025-11-21,TECHNOLOGY,TECHNOLOGY_CHINEXT50,DOMAIN_COMPONENT,CHINEXT50,399673,3134.8098,3154.0457,3076.0505,3076.0505,-4.00691226,2805598816.0,146932407757.73,,,cnindex:official_market_daily,399673,OFFICIAL_HISTORICAL_VALUATION_UNAVAILABLE,True,2025-11-21,OFFICIAL_DAILY_OBSERVATION_DATE_NO_INTRADAY_TIMESTAMP_CLAIM
2025-11-24,TECHNOLOGY,TECHNOLOGY_CHINEXT50,DOMAIN_COMPONENT,CHINEXT50,399673,3104.9257,3109.7063,3039.3278,3079.182,0.10180262000000001,2869715819.0,134207843637.67,,,cnindex:official_market_daily,399673,OFFICIAL_HISTORICAL_VALUATION_UNAVAILABLE,True,2025-11-24,OFFICIAL_DAILY_OBSERVATION_DATE_NO_INTRADAY_TIMESTAMP_CLAIM
2025-11-25,TECHNOLOGY,TECHNOLOGY_CHINEXT50,DOMAIN_COMPONENT,CHINEXT50,399673,3127.7318,3193.1359,3117.8544,3137.7103,1.9007743000000001,3007809025.0,145237906886.53,,,cnindex:official_market_daily,399673,OFFICIAL_HISTORICAL_VALUATION_UNAVAILABLE,True,2025-11-25,OFFICIAL_DAILY_OBSERVATION_DATE_NO_INTRADAY_TIMESTAMP_CLAIM
2025-11-26,TECHNOLOGY,TECHNOLOGY_CHINEXT50,DOMAIN_COMPONENT,CHINEXT50,399673,3133.5159,3262.7532,3115.5526,3221.4689,2.66941789,2694279069.0,167079544678.76,,,cnindex:official_market_daily,399673,OFFICIAL_HISTORICAL_VALUATION_UNAVAILABLE,True,2025-11-26,OFFICIAL_DAILY_OBSERVATION_DATE_NO_INTRADAY_TIMESTAMP_CLAIM
2025-11-27,TECHNOLOGY,TECHNOLOGY_CHINEXT50,DOMAIN_COMPONENT,CHINEXT50,399673,3215.62,3300.0092,3197.3347,3202.0436,-0.60299511,2388028700.0,148711299323.89,,,cnindex:official_market_daily,399673,OFFICIAL_HISTORICAL_VALUATION_UNAVAILABLE,True,2025-11-27,OFFICIAL_DAILY_OBSERVATION_DATE_NO_INTRADAY_TIMESTAMP_CLAIM
2025-11-28,TECHNOLOGY,TECHNOLOGY_CHINEXT50,DOMAIN_COMPONENT,CHINEXT50,399673,3201.0057,3239.7583,3177.8342,3219.971,0.5598737,2229427090.0,122879909095.65,,,cnindex:official_market_daily,399673,OFFICIAL_HISTORICAL_VALUATION_UNAVAILABLE,True,2025-11-28,OFFICIAL_DAILY_OBSERVATION_DATE_NO_INTRADAY_TIMESTAMP_CLAIM
2025-12-01,TECHNOLOGY,TECHNOLOGY_CHINEXT50,DOMAIN_COMPONENT,CHINEXT50,399673,3228.7853,3270.6445,3201.1724,3268.9196,1.52015655,2600507030.0,146983305032.06,,,cnindex:official_market_daily,399673,OFFICIAL_HISTORICAL_VALUATION_UNAVAILABLE,True,2025-12-01,OFFICIAL_DAILY_OBSERVATION_DATE_NO_INTRADAY_TIMESTAMP_CLAIM
2025-12-02,TECHNOLOGY,TECHNOLOGY_CHINEXT50,DOMAIN_COMPONENT,CHINEXT50,399673,3268.7203,3274.7116,3233.5836,3250.7884,-0.5546542,2255767338.0,120846197933.13,,,cnindex:official_market_daily,399673,OFFICIAL_HISTORICAL_VALUATION_UNAVAILABLE,True,2025-12-02,OFFICIAL_DAILY_OBSERVATION_DATE_NO_INTRADAY_TIMESTAMP_CLAIM
2025-12-03,TECHNOLOGY,TECHNOLOGY_CHINEXT50,DOMAIN_COMPONENT,CHINEXT50,399673,3259.6048,3292.8136,3205.227,3213.6745,-1.1416892,2098266176.0,134185786332.3,,,cnindex:official_market_daily,399673,OFFICIAL_HISTORICAL_VALUATION_UNAVAILABLE,True,2025-12-03,OFFICIAL_DAILY_OBSERVATION_DATE_NO_INTRADAY_TIMESTAMP_CLAIM
2025-12-04,TECHNOLOGY,TECHNOLOGY_CHINEXT50,DOMAIN_COMPONENT,CHINEXT50,399673,3214.7726,3261.928,3193.0772,3254.7895,1.27937661,1892452753.0,115817639096.21,,,cnindex:official_market_daily,399673,OFFICIAL_HISTORICAL_VALUATION_UNAVAILABLE,True,2025-12-04,OFFICIAL_DAILY_OBSERVATION_DATE_NO_INTRADAY_TIMESTAMP_CLAIM
2025-12-05,TECHNOLOGY,TECHNOLOGY_CHINEXT50,DOMAIN_COMPONENT,CHINEXT50,399673,3276.4941,3312.0383,3236.2345,3302.897,1.47805257,2328705274.0,141096764158.68,,,cnindex:official_market_daily,399673,OFFICIAL_HISTORICAL_VALUATION_UNAVAILABLE,True,2025-12-05,OFFICIAL_DAILY_OBSERVATION_DATE_NO_INTRADAY_TIMESTAMP_CLAIM
2025-12-08,TECHNOLOGY,TECHNOLOGY_CHINEXT50,DOMAIN_COMPONENT,CHINEXT50,399673,3314.9764,3428.1086,3314.9764,3399.4609,2.92361221,2762818893.0,188449663425.18,,,cnindex:official_market_daily,399673,OFFICIAL_HISTORICAL_VALUATION_UNAVAILABLE,True,2025-12-08,OFFICIAL_DAILY_OBSERVATION_DATE_NO_INTRADAY_TIMESTAMP_CLAIM
2025-12-09,TECHNOLOGY,TECHNOLOGY_CHINEXT50,DOMAIN_COMPONENT,CHINEXT50,399673,3391.694,3455.1645,3381.6816,3427.4326,0.8228275300000001,2072830370.0,165045783737.61,,,cnindex:official_market_daily,399673,OFFICIAL_HISTORICAL_VALUATION_UNAVAILABLE,True,2025-12-09,OFFICIAL_DAILY_OBSERVATION_DATE_NO_INTRADAY_TIMESTAMP_CLAIM
2025-12-10,TECHNOLOGY,TECHNOLOGY_CHINEXT50,DOMAIN_COMPONENT,CHINEXT50,399673,3417.6583,3431.8783,3345.2737,3418.6758,-0.25549153,1840055578.0,148034702592.58,,,cnindex:official_market_daily,399673,OFFICIAL_HISTORICAL_VALUATION_UNAVAILABLE,True,2025-12-10,OFFICIAL_DAILY_OBSERVATION_DATE_NO_INTRADAY_TIMESTAMP_CLAIM
2025-12-11,TECHNOLOGY,TECHNOLOGY_CHINEXT50,DOMAIN_COMPONENT,CHINEXT50,399673,3418.7169,3465.0678,3366.4841,3366.7003,-1.5203401300000001,2249145898.0,166293386919.18,,,cnindex:official_market_daily,399673,OFFICIAL_HISTORICAL_VALUATION_UNAVAILABLE,True,2025-12-11,OFFICIAL_DAILY_OBSERVATION_DATE_NO_INTRADAY_TIMESTAMP_CLAIM
2025-12-12,TECHNOLOGY,TECHNOLOGY_CHINEXT50,DOMAIN_COMPONENT,CHINEXT50,399673,3376.3215,3409.3104,3334.6264,3397.6645,0.9197195199999999,2363814455.0,184422186918.77,,,cnindex:official_market_daily,399673,OFFICIAL_HISTORICAL_VALUATION_UNAVAILABLE,True,2025-12-12,OFFICIAL_DAILY_OBSERVATION_DATE_NO_INTRADAY_TIMESTAMP_CLAIM
2025-12-15,TECHNOLOGY,TECHNOLOGY_CHINEXT50,DOMAIN_COMPONENT,CHINEXT50,399673,3352.8689,3388.0396,3331.2309,3334.3111,-1.86461612,1919005312.0,142938907260.41,,,cnindex:official_market_daily,399673,OFFICIAL_HISTORICAL_VALUATION_UNAVAILABLE,True,2025-12-15,OFFICIAL_DAILY_OBSERVATION_DATE_NO_INTRADAY_TIMESTAMP_CLAIM
2025-12-16,TECHNOLOGY,TECHNOLOGY_CHINEXT50,DOMAIN_COMPONENT,CHINEXT50,399673,3326.0104,3338.1341,3243.5899,3256.9793,-2.31927369,1834207842.0,134280198792.88,,,cnindex:official_market_daily,399673,OFFICIAL_HISTORICAL_VALUATION_UNAVAILABLE,True,2025-12-16,OFFICIAL_DAILY_OBSERVATION_DATE_NO_INTRADAY_TIMESTAMP_CLAIM
2025-12-17,TECHNOLOGY,TECHNOLOGY_CHINEXT50,DOMAIN_COMPONENT,CHINEXT50,399673,3257.5798,3383.6425,3257.5798,3377.6451,3.70483779,2112817110.0,161501511481.36,,,cnindex:official_market_daily,399673,OFFICIAL_HISTORICAL_VALUATION_UNAVAILABLE,True,2025-12-17,OFFICIAL_DAILY_OBSERVATION_DATE_NO_INTRADAY_TIMESTAMP_CLAIM
2025-12-18,TECHNOLOGY,TECHNOLOGY_CHINEXT50,DOMAIN_COMPONENT,CHINEXT50,399673,3334.4516,3348.2451,3292.5891,3292.5891,-2.5182041799999997,1671557987.0,133364421855.92,,,cnindex:official_market_daily,399673,OFFICIAL_HISTORICAL_VALUATION_UNAVAILABLE,True,2025-12-18,OFFICIAL_DAILY_OBSERVATION_DATE_NO_INTRADAY_TIMESTAMP_CLAIM
2025-12-19,TECHNOLOGY,TECHNOLOGY_CHINEXT50,DOMAIN_COMPONENT,CHINEXT50,399673,3326.3942,3349.5533,3296.9756,3307.2903,0.44649361,1710167471.0,118076954632.31,,,cnindex:official_market_daily,399673,OFFICIAL_HISTORICAL_VALUATION_UNAVAILABLE,True,2025-12-19,OFFICIAL_DAILY_OBSERVATION_DATE_NO_INTRADAY_TIMESTAMP_CLAIM
2025-12-22,TECHNOLOGY,TECHNOLOGY_CHINEXT50,DOMAIN_COMPONENT,CHINEXT50,399673,3345.9283,3396.4844,3345.9283,3389.0163,2.47108638,1856789343.0,154058519989.69,,,cnindex:official_market_daily,399673,OFFICIAL_HISTORICAL_VALUATION_UNAVAILABLE,True,2025-12-22,OFFICIAL_DAILY_OBSERVATION_DATE_NO_INTRADAY_TIMESTAMP_CLAIM
2025-12-23,TECHNOLOGY,TECHNOLOGY_CHINEXT50,DOMAIN_COMPONENT,CHINEXT50,399673,3394.5945,3428.7443,3380.1236,3404.6074,0.46004795,1772517383.0,136239500148.39,,,cnindex:official_market_daily,399673,OFFICIAL_HISTORICAL_VALUATION_UNAVAILABLE,True,2025-12-23,OFFICIAL_DAILY_OBSERVATION_DATE_NO_INTRADAY_TIMESTAMP_CLAIM
2025-12-24,TECHNOLOGY,TECHNOLOGY_CHINEXT50,DOMAIN_COMPONENT,CHINEXT50,399673,3408.5146,3434.4765,3387.6982,3429.0614,0.71826196,1910574454.0,143205749529.19,,,cnindex:official_market_daily,399673,OFFICIAL_HISTORICAL_VALUATION_UNAVAILABLE,True,2025-12-24,OFFICIAL_DAILY_OBSERVATION_DATE_NO_INTRADAY_TIMESTAMP_CLAIM
2025-12-25,TECHNOLOGY,TECHNOLOGY_CHINEXT50,DOMAIN_COMPONENT,CHINEXT50,399673,3433.8079,3450.2696,3392.3371,3437.4291,0.24402304,2148150216.0,148190648304.27,,,cnindex:official_market_daily,399673,OFFICIAL_HISTORICAL_VALUATION_UNAVAILABLE,True,2025-12-25,OFFICIAL_DAILY_OBSERVATION_DATE_NO_INTRADAY_TIMESTAMP_CLAIM
2025-12-26,TECHNOLOGY,TECHNOLOGY_CHINEXT50,DOMAIN_COMPONENT,CHINEXT50,399673,3424.926,3470.1184,3409.8681,3441.9939,0.13279692,2377254203.0,162546673673.46,,,cnindex:official_market_daily,399673,OFFICIAL_HISTORICAL_VALUATION_UNAVAILABLE,True,2025-12-26,OFFICIAL_DAILY_OBSERVATION_DATE_NO_INTRADAY_TIMESTAMP_CLAIM
2025-12-29,TECHNOLOGY,TECHNOLOGY_CHINEXT50,DOMAIN_COMPONENT,CHINEXT50,399673,3432.9895,3445.5253,3397.1948,3413.7653,-0.82012348,2228181746.0,152973074002.86,,,cnindex:official_market_daily,399673,OFFICIAL_HISTORICAL_VALUATION_UNAVAILABLE,True,2025-12-29,OFFICIAL_DAILY_OBSERVATION_DATE_NO_INTRADAY_TIMESTAMP_CLAIM
2025-12-30,TECHNOLOGY,TECHNOLOGY_CHINEXT50,DOMAIN_COMPONENT,CHINEXT50,399673,3398.2209,3449.4497,3397.8838,3440.062,0.77031365,2881690820.0,161449920391.62,,,cnindex:official_market_daily,399673,OFFICIAL_HISTORICAL_VALUATION_UNAVAILABLE,True,2025-12-30,OFFICIAL_DAILY_OBSERVATION_DATE_NO_INTRADAY_TIMESTAMP_CLAIM
2025-12-31,TECHNOLOGY,TECHNOLOGY_CHINEXT50,DOMAIN_COMPONENT,CHINEXT50,399673,3445.1752,3455.0229,3385.7865,3390.2375,-1.44836052,2870662167.0,153461454617.51,,,cnindex:official_market_daily,399673,OFFICIAL_HISTORICAL_VALUATION_UNAVAILABLE,True,2025-12-31,OFFICIAL_DAILY_OBSERVATION_DATE_NO_INTRADAY_TIMESTAMP_CLAIM
2026-01-05,TECHNOLOGY,TECHNOLOGY_CHINEXT50,DOMAIN_COMPONENT,CHINEXT50,399673,3421.0157,3490.5588,3421.0157,3488.2304,2.89044352,3980914371.0,220580792597.23,,,cnindex:official_market_daily,399673,OFFICIAL_HISTORICAL_VALUATION_UNAVAILABLE,True,2026-01-05,OFFICIAL_DAILY_OBSERVATION_DATE_NO_INTRADAY_TIMESTAMP_CLAIM
2026-01-06,TECHNOLOGY,TECHNOLOGY_CHINEXT50,DOMAIN_COMPONENT,CHINEXT50,399673,3468.0073,3513.1234,3448.0911,3506.4964,0.5236466000000001,4422888228.0,246347564822.62,,,cnindex:official_market_daily,399673,OFFICIAL_HISTORICAL_VALUATION_UNAVAILABLE,True,2026-01-06,OFFICIAL_DAILY_OBSERVATION_DATE_NO_INTRADAY_TIMESTAMP_CLAIM
2026-01-07,TECHNOLOGY,TECHNOLOGY_CHINEXT50,DOMAIN_COMPONENT,CHINEXT50,399673,3519.9684,3541.4065,3479.5056,3515.3371,0.25212346,3885078972.0,227681170109.04,,,cnindex:official_market_daily,399673,OFFICIAL_HISTORICAL_VALUATION_UNAVAILABLE,True,2026-01-07,OFFICIAL_DAILY_OBSERVATION_DATE_NO_INTRADAY_TIMESTAMP_CLAIM
2026-01-08,TECHNOLOGY,TECHNOLOGY_CHINEXT50,DOMAIN_COMPONENT,CHINEXT50,399673,3490.2875,3509.076,3456.5087,3473.6596,-1.18559042,3560927238.0,205276969942.45,,,cnindex:official_market_daily,399673,OFFICIAL_HISTORICAL_VALUATION_UNAVAILABLE,True,2026-01-08,OFFICIAL_DAILY_OBSERVATION_DATE_NO_INTRADAY_TIMESTAMP_CLAIM
2026-01-09,TECHNOLOGY,TECHNOLOGY_CHINEXT50,DOMAIN_COMPONENT,CHINEXT50,399673,3444.6711,3495.2488,3428.0205,3490.8277,0.49423668000000004,4272224887.0,245955750768.05,,,cnindex:official_market_daily,399673,OFFICIAL_HISTORICAL_VALUATION_UNAVAILABLE,True,2026-01-09,OFFICIAL_DAILY_OBSERVATION_DATE_NO_INTRADAY_TIMESTAMP_CLAIM
2026-01-12,TECHNOLOGY,TECHNOLOGY_CHINEXT50,DOMAIN_COMPONENT,CHINEXT50,399673,3479.2244,3559.199,3428.8277,3547.0319,1.6100536799999998,5444284520.0,318879442097.04,,,cnindex:official_market_daily,399673,OFFICIAL_HISTORICAL_VALUATION_UNAVAILABLE,True,2026-01-12,OFFICIAL_DAILY_OBSERVATION_DATE_NO_INTRADAY_TIMESTAMP_CLAIM
2026-01-13,TECHNOLOGY,TECHNOLOGY_CHINEXT50,DOMAIN_COMPONENT,CHINEXT50,399673,3550.6708,3587.9444,3461.8319,3477.8985,-1.94904929,5333400515.0,294286285281.9,,,cnindex:official_market_daily,399673,OFFICIAL_HISTORICAL_VALUATION_UNAVAILABLE,True,2026-01-13,OFFICIAL_DAILY_OBSERVATION_DATE_NO_INTRADAY_TIMESTAMP_CLAIM
2026-01-14,TECHNOLOGY,TECHNOLOGY_CHINEXT50,DOMAIN_COMPONENT,CHINEXT50,399673,3490.6856,3558.4085,3461.1582,3502.8509,0.71745625,5472100213.0,314691628676.07,,,cnindex:official_market_daily,399673,OFFICIAL_HISTORICAL_VALUATION_UNAVAILABLE,True,2026-01-14,OFFICIAL_DAILY_OBSERVATION_DATE_NO_INTRADAY_TIMESTAMP_CLAIM
2026-01-15,TECHNOLOGY,TECHNOLOGY_CHINEXT50,DOMAIN_COMPONENT,CHINEXT50,399673,3467.4568,3532.4591,3457.8215,3526.0197,0.66142695,4048393447.0,251660619565.29,,,cnindex:official_market_daily,399673,OFFICIAL_HISTORICAL_VALUATION_UNAVAILABLE,True,2026-01-15,OFFICIAL_DAILY_OBSERVATION_DATE_NO_INTRADAY_TIMESTAMP_CLAIM
2026-01-16,TECHNOLOGY,TECHNOLOGY_CHINEXT50,DOMAIN_COMPONENT,CHINEXT50,399673,3557.4452,3572.0316,3511.683,3518.7303,-0.20673169,3852523841.0,253871839758.88,,,cnindex:official_market_daily,399673,OFFICIAL_HISTORICAL_VALUATION_UNAVAILABLE,True,2026-01-16,OFFICIAL_DAILY_OBSERVATION_DATE_NO_INTRADAY_TIMESTAMP_CLAIM
2026-01-19,TECHNOLOGY,TECHNOLOGY_CHINEXT50,DOMAIN_COMPONENT,CHINEXT50,399673,3494.8065,3541.8926,3476.6446,3489.2511,-0.83777947,2929138798.0,197715655743.42,,,cnindex:official_market_daily,399673,OFFICIAL_HISTORICAL_VALUATION_UNAVAILABLE,True,2026-01-19,OFFICIAL_DAILY_OBSERVATION_DATE_NO_INTRADAY_TIMESTAMP_CLAIM
2026-01-20,TECHNOLOGY,TECHNOLOGY_CHINEXT50,DOMAIN_COMPONENT,CHINEXT50,399673,3488.8019,3495.7428,3398.3084,3419.621,-1.9955600199999999,3039750077.0,201005159594.2,,,cnindex:official_market_daily,399673,OFFICIAL_HISTORICAL_VALUATION_UNAVAILABLE,True,2026-01-20,OFFICIAL_DAILY_OBSERVATION_DATE_NO_INTRADAY_TIMESTAMP_CLAIM
2026-01-21,TECHNOLOGY,TECHNOLOGY_CHINEXT50,DOMAIN_COMPONENT,CHINEXT50,399673,3414.9422,3479.9975,3414.9422,3435.487,0.46396955,2672830841.0,183862630174.54,,,cnindex:official_market_daily,399673,OFFICIAL_HISTORICAL_VALUATION_UNAVAILABLE,True,2026-01-21,OFFICIAL_DAILY_OBSERVATION_DATE_NO_INTRADAY_TIMESTAMP_CLAIM
2026-01-22,TECHNOLOGY,TECHNOLOGY_CHINEXT50,DOMAIN_COMPONENT,CHINEXT50,399673,3454.6521,3484.5003,3416.0524,3473.1759,1.0970467899999998,2777192893.0,209702354550.14,,,cnindex:official_market_daily,399673,OFFICIAL_HISTORICAL_VALUATION_UNAVAILABLE,True,2026-01-22,OFFICIAL_DAILY_OBSERVATION_DATE_NO_INTRADAY_TIMESTAMP_CLAIM
2026-01-23,TECHNOLOGY,TECHNOLOGY_CHINEXT50,DOMAIN_COMPONENT,CHINEXT50,399673,3475.9534,3488.8567,3447.9985,3480.8515,0.22099658000000003,3607739295.0,243063665859.21,,,cnindex:official_market_daily,399673,OFFICIAL_HISTORICAL_VALUATION_UNAVAILABLE,True,2026-01-23,OFFICIAL_DAILY_OBSERVATION_DATE_NO_INTRADAY_TIMESTAMP_CLAIM
2026-01-26,TECHNOLOGY,TECHNOLOGY_CHINEXT50,DOMAIN_COMPONENT,CHINEXT50,399673,3494.5392,3496.54,3433.9623,3448.7025,-0.92359585,4245717550.0,233060303327.3,,,cnindex:official_market_daily,399673,OFFICIAL_HISTORICAL_VALUATION_UNAVAILABLE,True,2026-01-26,OFFICIAL_DAILY_OBSERVATION_DATE_NO_INTRADAY_TIMESTAMP_CLAIM
2026-01-27,TECHNOLOGY,TECHNOLOGY_CHINEXT50,DOMAIN_COMPONENT,CHINEXT50,399673,3448.1836,3502.6161,3408.3581,3476.1688,0.7964241599999999,3653111906.0,226069338365.69,,,cnindex:official_market_daily,399673,OFFICIAL_HISTORICAL_VALUATION_UNAVAILABLE,True,2026-01-27,OFFICIAL_DAILY_OBSERVATION_DATE_NO_INTRADAY_TIMESTAMP_CLAIM
2026-01-28,TECHNOLOGY,TECHNOLOGY_CHINEXT50,DOMAIN_COMPONENT,CHINEXT50,399673,3497.5552,3499.5538,3437.5581,3463.3315,-0.36929449,3912704976.0,236807289873.89,,,cnindex:official_market_daily,399673,OFFICIAL_HISTORICAL_VALUATION_UNAVAILABLE,True,2026-01-28,OFFICIAL_DAILY_OBSERVATION_DATE_NO_INTRADAY_TIMESTAMP_CLAIM
2026-01-29,TECHNOLOGY,TECHNOLOGY_CHINEXT50,DOMAIN_COMPONENT,CHINEXT50,399673,3465.2254,3502.1092,3441.148,3450.16,-0.380313,4571806963.0,247883962785.2,,,cnindex:official_market_daily,399673,OFFICIAL_HISTORICAL_VALUATION_UNAVAILABLE,True,2026-01-29,OFFICIAL_DAILY_OBSERVATION_DATE_NO_INTRADAY_TIMESTAMP_CLAIM
2026-01-30,TECHNOLOGY,TECHNOLOGY_CHINEXT50,DOMAIN_COMPONENT,CHINEXT50,399673,3449.9779,3541.6186,3413.3805,3515.2795,1.8874342100000001,3897386693.0,250096019845.71,,,cnindex:official_market_daily,399673,OFFICIAL_HISTORICAL_VALUATION_UNAVAILABLE,True,2026-01-30,OFFICIAL_DAILY_OBSERVATION_DATE_NO_INTRADAY_TIMESTAMP_CLAIM
2026-02-02,TECHNOLOGY,TECHNOLOGY_CHINEXT50,DOMAIN_COMPONENT,CHINEXT50,399673,3543.765,3571.9285,3430.3078,3432.873,-2.34423749,3586562801.0,254027279755.24,,,cnindex:official_market_daily,399673,OFFICIAL_HISTORICAL_VALUATION_UNAVAILABLE,True,2026-02-02,OFFICIAL_DAILY_OBSERVATION_DATE_NO_INTRADAY_TIMESTAMP_CLAIM
2026-02-03,TECHNOLOGY,TECHNOLOGY_CHINEXT50,DOMAIN_COMPONENT,CHINEXT50,399673,3491.582,3504.3122,3404.8154,3487.5943,1.594038,3470522146.0,233425057148.25,,,cnindex:official_market_daily,399673,OFFICIAL_HISTORICAL_VALUATION_UNAVAILABLE,True,2026-02-03,OFFICIAL_DAILY_OBSERVATION_DATE_NO_INTRADAY_TIMESTAMP_CLAIM
2026-02-04,TECHNOLOGY,TECHNOLOGY_CHINEXT50,DOMAIN_COMPONENT,CHINEXT50,399673,3456.1282,3480.7034,3393.2833,3471.228,-0.46927189999999996,3711707601.0,241543876929.26,,,cnindex:official_market_daily,399673,OFFICIAL_HISTORICAL_VALUATION_UNAVAILABLE,True,2026-02-04,OFFICIAL_DAILY_OBSERVATION_DATE_NO_INTRADAY_TIMESTAMP_CLAIM
2026-02-05,TECHNOLOGY,TECHNOLOGY_CHINEXT50,DOMAIN_COMPONENT,CHINEXT50,399673,3435.9876,3446.4822,3391.5574,3413.5828,-1.66065727,3363295016.0,184947014412.16,,,cnindex:official_market_daily,399673,OFFICIAL_HISTORICAL_VALUATION_UNAVAILABLE,True,2026-02-05,OFFICIAL_DAILY_OBSERVATION_DATE_NO_INTRADAY_TIMESTAMP_CLAIM
2026-02-06,TECHNOLOGY,TECHNOLOGY_CHINEXT50,DOMAIN_COMPONENT,CHINEXT50,399673,3372.4681,3443.4451,3346.4375,3385.7549,-0.81521093,2999351321.0,179672404971.89,,,cnindex:official_market_daily,399673,OFFICIAL_HISTORICAL_VALUATION_UNAVAILABLE,True,2026-02-06,OFFICIAL_DAILY_OBSERVATION_DATE_NO_INTRADAY_TIMESTAMP_CLAIM
2026-02-09,TECHNOLOGY,TECHNOLOGY_CHINEXT50,DOMAIN_COMPONENT,CHINEXT50,399673,3455.1499,3504.3785,3427.293,3493.5907,3.18498542,3308613246.0,203846689475.88,,,cnindex:official_market_daily,399673,OFFICIAL_HISTORICAL_VALUATION_UNAVAILABLE,True,2026-02-09,OFFICIAL_DAILY_OBSERVATION_DATE_NO_INTRADAY_TIMESTAMP_CLAIM
2026-02-10,TECHNOLOGY,TECHNOLOGY_CHINEXT50,DOMAIN_COMPONENT,CHINEXT50,399673,3479.6561,3515.3754,3479.2652,3479.4916,-0.40357046,3186482175.0,165695465773.03,,,cnindex:official_market_daily,399673,OFFICIAL_HISTORICAL_VALUATION_UNAVAILABLE,True,2026-02-10,OFFICIAL_DAILY_OBSERVATION_DATE_NO_INTRADAY_TIMESTAMP_CLAIM
2026-02-11,TECHNOLOGY,TECHNOLOGY_CHINEXT50,DOMAIN_COMPONENT,CHINEXT50,399673,3470.5836,3480.7959,3431.8056,3432.8613,-1.34014693,3077749845.0,170583853448.55,,,cnindex:official_market_daily,399673,OFFICIAL_HISTORICAL_VALUATION_UNAVAILABLE,True,2026-02-11,OFFICIAL_DAILY_OBSERVATION_DATE_NO_INTRADAY_TIMESTAMP_CLAIM
2026-02-12,TECHNOLOGY,TECHNOLOGY_CHINEXT50,DOMAIN_COMPONENT,CHINEXT50,399673,3443.3676,3486.8535,3440.4003,3480.4955,1.38759466,3232352217.0,187030773480.85,,,cnindex:official_market_daily,399673,OFFICIAL_HISTORICAL_VALUATION_UNAVAILABLE,True,2026-02-12,OFFICIAL_DAILY_OBSERVATION_DATE_NO_INTRADAY_TIMESTAMP_CLAIM
2026-02-13,TECHNOLOGY,TECHNOLOGY_CHINEXT50,DOMAIN_COMPONENT,CHINEXT50,399673,3461.5653,3471.9851,3422.4862,3423.0454,-1.65062992,2869953766.0,158929800474.44,,,cnindex:official_market_daily,399673,OFFICIAL_HISTORICAL_VALUATION_UNAVAILABLE,True,2026-02-13,OFFICIAL_DAILY_OBSERVATION_DATE_NO_INTRADAY_TIMESTAMP_CLAIM
2026-02-24,TECHNOLOGY,TECHNOLOGY_CHINEXT50,DOMAIN_COMPONENT,CHINEXT50,399673,3486.6059,3508.3469,3451.965,3469.0184,1.34304383,2819208915.0,184476250686.98,,,cnindex:official_market_daily,399673,OFFICIAL_HISTORICAL_VALUATION_UNAVAILABLE,True,2026-02-24,OFFICIAL_DAILY_OBSERVATION_DATE_NO_INTRADAY_TIMESTAMP_CLAIM
2026-02-25,TECHNOLOGY,TECHNOLOGY_CHINEXT50,DOMAIN_COMPONENT,CHINEXT50,399673,3470.9735,3523.725,3460.3198,3514.7418,1.3180500899999998,3078026191.0,192232853127.81,,,cnindex:official_market_daily,399673,OFFICIAL_HISTORICAL_VALUATION_UNAVAILABLE,True,2026-02-25,OFFICIAL_DAILY_OBSERVATION_DATE_NO_INTRADAY_TIMESTAMP_CLAIM
2026-02-26,TECHNOLOGY,TECHNOLOGY_CHINEXT50,DOMAIN_COMPONENT,CHINEXT50,399673,3502.8327,3506.5448,3464.0181,3500.7527,-0.39801217000000005,2953580462.0,215299330257.51,,,cnindex:official_market_daily,399673,OFFICIAL_HISTORICAL_VALUATION_UNAVAILABLE,True,2026-02-26,OFFICIAL_DAILY_OBSERVATION_DATE_NO_INTRADAY_TIMESTAMP_CLAIM
2026-02-27,TECHNOLOGY,TECHNOLOGY_CHINEXT50,DOMAIN_COMPONENT,CHINEXT50,399673,3452.9005,3476.5075,3433.2235,3449.4572,-1.4652706,3041378499.0,206606451186.33,,,cnindex:official_market_daily,399673,OFFICIAL_HISTORICAL_VALUATION_UNAVAILABLE,True,2026-02-27,OFFICIAL_DAILY_OBSERVATION_DATE_NO_INTRADAY_TIMESTAMP_CLAIM
2026-03-02,TECHNOLOGY,TECHNOLOGY_CHINEXT50,DOMAIN_COMPONENT,CHINEXT50,399673,3394.4934,3471.5666,3393.605,3443.7792,-0.16460560999999999,3191109804.0,225551306814.19,,,cnindex:official_market_daily,399673,OFFICIAL_HISTORICAL_VALUATION_UNAVAILABLE,True,2026-03-02,OFFICIAL_DAILY_OBSERVATION_DATE_NO_INTRADAY_TIMESTAMP_CLAIM
2026-03-03,TECHNOLOGY,TECHNOLOGY_CHINEXT50,DOMAIN_COMPONENT,CHINEXT50,399673,3471.0526,3487.5317,3359.822,3362.8995,-2.34857392,3190169370.0,227865278254.56,,,cnindex:official_market_daily,399673,OFFICIAL_HISTORICAL_VALUATION_UNAVAILABLE,True,2026-03-03,OFFICIAL_DAILY_OBSERVATION_DATE_NO_INTRADAY_TIMESTAMP_CLAIM
2026-03-04,TECHNOLOGY,TECHNOLOGY_CHINEXT50,DOMAIN_COMPONENT,CHINEXT50,399673,3322.2208,3367.4499,3293.8951,3310.5911,-1.55545534,2149672749.0,153979678366.42,,,cnindex:official_market_daily,399673,OFFICIAL_HISTORICAL_VALUATION_UNAVAILABLE,True,2026-03-04,OFFICIAL_DAILY_OBSERVATION_DATE_NO_INTRADAY_TIMESTAMP_CLAIM
2026-03-05,TECHNOLOGY,TECHNOLOGY_CHINEXT50,DOMAIN_COMPONENT,CHINEXT50,399673,3389.511,3429.79,3348.9081,3373.4665,1.8992197499999999,2202558545.0,180079286775.35,,,cnindex:official_market_daily,399673,OFFICIAL_HISTORICAL_VALUATION_UNAVAILABLE,True,2026-03-05,OFFICIAL_DAILY_OBSERVATION_DATE_NO_INTRADAY_TIMESTAMP_CLAIM
2026-03-06,TECHNOLOGY,TECHNOLOGY_CHINEXT50,DOMAIN_COMPONENT,CHINEXT50,399673,3352.0687,3403.3124,3325.2343,3380.306,0.20274397,1755054482.0,132085718431.61,,,cnindex:official_market_daily,399673,OFFICIAL_HISTORICAL_VALUATION_UNAVAILABLE,True,2026-03-06,OFFICIAL_DAILY_OBSERVATION_DATE_NO_INTRADAY_TIMESTAMP_CLAIM
2026-03-09,TECHNOLOGY,TECHNOLOGY_CHINEXT50,DOMAIN_COMPONENT,CHINEXT50,399673,3292.1308,3366.1695,3250.6663,3354.1167,-0.77476122,2685171907.0,180475104704.28,,,cnindex:official_market_daily,399673,OFFICIAL_HISTORICAL_VALUATION_UNAVAILABLE,True,2026-03-09,OFFICIAL_DAILY_OBSERVATION_DATE_NO_INTRADAY_TIMESTAMP_CLAIM
2026-03-10,TECHNOLOGY,TECHNOLOGY_CHINEXT50,DOMAIN_COMPONENT,CHINEXT50,399673,3441.9571,3466.1482,3426.9638,3461.9368,3.2145601900000003,2609481404.0,185762716005.52,,,cnindex:official_market_daily,399673,OFFICIAL_HISTORICAL_VALUATION_UNAVAILABLE,True,2026-03-10,OFFICIAL_DAILY_OBSERVATION_DATE_NO_INTRADAY_TIMESTAMP_CLAIM
2026-03-11,TECHNOLOGY,TECHNOLOGY_CHINEXT50,DOMAIN_COMPONENT,CHINEXT50,399673,3476.6717,3560.7387,3476.6594,3513.4011,1.48657538,2547380971.0,193873620004.99,,,cnindex:official_market_daily,399673,OFFICIAL_HISTORICAL_VALUATION_UNAVAILABLE,True,2026-03-11,OFFICIAL_DAILY_OBSERVATION_DATE_NO_INTRADAY_TIMESTAMP_CLAIM
2026-03-12,TECHNOLOGY,TECHNOLOGY_CHINEXT50,DOMAIN_COMPONENT,CHINEXT50,399673,3522.8734,3524.2178,3442.1997,3474.8401,-1.0975405,2333806526.0,163836353049.67,,,cnindex:official_market_daily,399673,OFFICIAL_HISTORICAL_VALUATION_UNAVAILABLE,True,2026-03-12,OFFICIAL_DAILY_OBSERVATION_DATE_NO_INTRADAY_TIMESTAMP_CLAIM
2026-03-13,TECHNOLOGY,TECHNOLOGY_CHINEXT50,DOMAIN_COMPONENT,CHINEXT50,399673,3450.7842,3504.1683,3450.6346,3469.0296,-0.16721633,2207352907.0,162173926431.29,,,cnindex:official_market_daily,399673,OFFICIAL_HISTORICAL_VALUATION_UNAVAILABLE,True,2026-03-13,OFFICIAL_DAILY_OBSERVATION_DATE_NO_INTRADAY_TIMESTAMP_CLAIM
2026-03-16,TECHNOLOGY,TECHNOLOGY_CHINEXT50,DOMAIN_COMPONENT,CHINEXT50,399673,3484.9562,3529.5132,3440.3776,3524.6906,1.60451211,2008034738.0,167164998867.52,,,cnindex:official_market_daily,399673,OFFICIAL_HISTORICAL_VALUATION_UNAVAILABLE,True,2026-03-16,OFFICIAL_DAILY_OBSERVATION_DATE_NO_INTRADAY_TIMESTAMP_CLAIM
2026-03-17,TECHNOLOGY,TECHNOLOGY_CHINEXT50,DOMAIN_COMPONENT,CHINEXT50,399673,3558.9357,3564.4795,3437.5867,3438.9889,-2.4314673200000003,2170702964.0,178330661926.09,,,cnindex:official_market_daily,399673,OFFICIAL_HISTORICAL_VALUATION_UNAVAILABLE,True,2026-03-17,OFFICIAL_DAILY_OBSERVATION_DATE_NO_INTRADAY_TIMESTAMP_CLAIM
2026-03-18,TECHNOLOGY,TECHNOLOGY_CHINEXT50,DOMAIN_COMPONENT,CHINEXT50,399673,3471.009,3521.6974,3435.5815,3517.2116,2.2745842499999998,1916972974.0,174212166039.45,,,cnindex:official_market_daily,399673,OFFICIAL_HISTORICAL_VALUATION_UNAVAILABLE,True,2026-03-18,OFFICIAL_DAILY_OBSERVATION_DATE_NO_INTRADAY_TIMESTAMP_CLAIM
2026-03-19,TECHNOLOGY,TECHNOLOGY_CHINEXT50,DOMAIN_COMPONENT,CHINEXT50,399673,3481.159,3543.5994,3474.2928,3489.1175,-0.79876059,2158079518.0,175586407449.31,,,cnindex:official_market_daily,399673,OFFICIAL_HISTORICAL_VALUATION_UNAVAILABLE,True,2026-03-19,OFFICIAL_DAILY_OBSERVATION_DATE_NO_INTRADAY_TIMESTAMP_CLAIM
2026-03-20,TECHNOLOGY,TECHNOLOGY_CHINEXT50,DOMAIN_COMPONENT,CHINEXT50,399673,3553.4318,3624.3674,3537.1706,3546.5654,1.6464879700000001,2747180455.0,250633074692.08,,,cnindex:official_market_daily,399673,OFFICIAL_HISTORICAL_VALUATION_UNAVAILABLE,True,2026-03-20,OFFICIAL_DAILY_OBSERVATION_DATE_NO_INTRADAY_TIMESTAMP_CLAIM
2026-03-23,TECHNOLOGY,TECHNOLOGY_CHINEXT50,DOMAIN_COMPONENT,CHINEXT50,399673,3491.5557,3528.9234,3403.3586,3425.0925,-3.42508558,2558220145.0,201186181102.64,,,cnindex:official_market_daily,399673,OFFICIAL_HISTORICAL_VALUATION_UNAVAILABLE,True,2026-03-23,OFFICIAL_DAILY_OBSERVATION_DATE_NO_INTRADAY_TIMESTAMP_CLAIM
2026-03-24,TECHNOLOGY,TECHNOLOGY_CHINEXT50,DOMAIN_COMPONENT,CHINEXT50,399673,3456.366,3460.0292,3332.2677,3435.3478,0.29941673,1990303070.0,159113156008.71,,,cnindex:official_market_daily,399673,OFFICIAL_HISTORICAL_VALUATION_UNAVAILABLE,True,2026-03-24,OFFICIAL_DAILY_OBSERVATION_DATE_NO_INTRADAY_TIMESTAMP_CLAIM
2026-03-25,TECHNOLOGY,TECHNOLOGY_CHINEXT50,DOMAIN_COMPONENT,CHINEXT50,399673,3476.1412,3512.5266,3464.5679,3503.2671,1.97707202,2163832469.0,172968888736.56,,,cnindex:official_market_daily,399673,OFFICIAL_HISTORICAL_VALUATION_UNAVAILABLE,True,2026-03-25,OFFICIAL_DAILY_OBSERVATION_DATE_NO_INTRADAY_TIMESTAMP_CLAIM
2026-03-26,TECHNOLOGY,TECHNOLOGY_CHINEXT50,DOMAIN_COMPONENT,CHINEXT50,399673,3481.622,3540.6994,3448.9841,3458.0219,-1.29151443,1955527298.0,153125798133.3,,,cnindex:official_market_daily,399673,OFFICIAL_HISTORICAL_VALUATION_UNAVAILABLE,True,2026-03-26,OFFICIAL_DAILY_OBSERVATION_DATE_NO_INTRADAY_TIMESTAMP_CLAIM
2026-03-27,TECHNOLOGY,TECHNOLOGY_CHINEXT50,DOMAIN_COMPONENT,CHINEXT50,399673,3417.8059,3503.8229,3406.7976,3472.3585,0.41458962,1777904853.0,134418221414.91,,,cnindex:official_market_daily,399673,OFFICIAL_HISTORICAL_VALUATION_UNAVAILABLE,True,2026-03-27,OFFICIAL_DAILY_OBSERVATION_DATE_NO_INTRADAY_TIMESTAMP_CLAIM
2026-03-30,TECHNOLOGY,TECHNOLOGY_CHINEXT50,DOMAIN_COMPONENT,CHINEXT50,399673,3428.3696,3459.1669,3396.2794,3447.0984,-0.7274623299999999,1678921983.0,127668933428.22,,,cnindex:official_market_daily,399673,OFFICIAL_HISTORICAL_VALUATION_UNAVAILABLE,True,2026-03-30,OFFICIAL_DAILY_OBSERVATION_DATE_NO_INTRADAY_TIMESTAMP_CLAIM
2026-03-31,TECHNOLOGY,TECHNOLOGY_CHINEXT50,DOMAIN_COMPONENT,CHINEXT50,399673,3415.224,3454.6718,3350.1708,3350.1708,-2.81186055,2174176833.0,141843075905.85,,,cnindex:official_market_daily,399673,OFFICIAL_HISTORICAL_VALUATION_UNAVAILABLE,True,2026-03-31,OFFICIAL_DAILY_OBSERVATION_DATE_NO_INTRADAY_TIMESTAMP_CLAIM
2026-04-01,TECHNOLOGY,TECHNOLOGY_CHINEXT50,DOMAIN_COMPONENT,CHINEXT50,399673,3426.0713,3427.8764,3370.4518,3420.1152,2.08778609,2334514738.0,163837322649.37,,,cnindex:official_market_daily,399673,OFFICIAL_HISTORICAL_VALUATION_UNAVAILABLE,True,2026-04-01,OFFICIAL_DAILY_OBSERVATION_DATE_NO_INTRADAY_TIMESTAMP_CLAIM
2026-04-02,TECHNOLOGY,TECHNOLOGY_CHINEXT50,DOMAIN_COMPONENT,CHINEXT50,399673,3399.218,3399.5465,3320.3871,3338.4088,-2.38899555,2015460695.0,130961747625.55,,,cnindex:official_market_daily,399673,OFFICIAL_HISTORICAL_VALUATION_UNAVAILABLE,True,2026-04-02,OFFICIAL_DAILY_OBSERVATION_DATE_NO_INTRADAY_TIMESTAMP_CLAIM
2026-04-03,TECHNOLOGY,TECHNOLOGY_CHINEXT50,DOMAIN_COMPONENT,CHINEXT50,399673,3368.2793,3370.3457,3316.7254,3317.1843,-0.63576696,1651961197.0,131327684187.19,,,cnindex:official_market_daily,399673,OFFICIAL_HISTORICAL_VALUATION_UNAVAILABLE,True,2026-04-03,OFFICIAL_DAILY_OBSERVATION_DATE_NO_INTRADAY_TIMESTAMP_CLAIM
2026-04-07,TECHNOLOGY,TECHNOLOGY_CHINEXT50,DOMAIN_COMPONENT,CHINEXT50,399673,3330.1433,3348.7227,3293.7134,3325.9102,0.26305141,1462480840.0,113200114035.76,,,cnindex:official_market_daily,399673,OFFICIAL_HISTORICAL_VALUATION_UNAVAILABLE,True,2026-04-07,OFFICIAL_DAILY_OBSERVATION_DATE_NO_INTRADAY_TIMESTAMP_CLAIM
2026-04-08,TECHNOLOGY,TECHNOLOGY_CHINEXT50,DOMAIN_COMPONENT,CHINEXT50,399673,3437.2833,3533.9019,3421.0118,3532.7978,6.22048064,3152761248.0,216232710439.56,,,cnindex:official_market_daily,399673,OFFICIAL_HISTORICAL_VALUATION_UNAVAILABLE,True,2026-04-08,OFFICIAL_DAILY_OBSERVATION_DATE_NO_INTRADAY_TIMESTAMP_CLAIM
2026-04-09,TECHNOLOGY,TECHNOLOGY_CHINEXT50,DOMAIN_COMPONENT,CHINEXT50,399673,3501.088,3526.9101,3486.0894,3506.8827,-0.73355741,2779477214.0,173227630365.8,,,cnindex:official_market_daily,399673,OFFICIAL_HISTORICAL_VALUATION_UNAVAILABLE,True,2026-04-09,OFFICIAL_DAILY_OBSERVATION_DATE_NO_INTRADAY_TIMESTAMP_CLAIM
2026-04-10,TECHNOLOGY,TECHNOLOGY_CHINEXT50,DOMAIN_COMPONENT,CHINEXT50,399673,3542.6736,3685.1539,3541.2383,3658.6553,4.32784935,3363733691.0,237894416647.14,,,cnindex:official_market_daily,399673,OFFICIAL_HISTORICAL_VALUATION_UNAVAILABLE,True,2026-04-10,OFFICIAL_DAILY_OBSERVATION_DATE_NO_INTRADAY_TIMESTAMP_CLAIM
2026-04-13,TECHNOLOGY,TECHNOLOGY_CHINEXT50,DOMAIN_COMPONENT,CHINEXT50,399673,3644.556,3713.7229,3644.556,3694.7907,0.98766888,2682724626.0,196247223843.48,,,cnindex:official_market_daily,399673,OFFICIAL_HISTORICAL_VALUATION_UNAVAILABLE,True,2026-04-13,OFFICIAL_DAILY_OBSERVATION_DATE_NO_INTRADAY_TIMESTAMP_CLAIM
2026-04-14,TECHNOLOGY,TECHNOLOGY_CHINEXT50,DOMAIN_COMPONENT,CHINEXT50,399673,3728.914,3787.6788,3713.4103,3785.3087,2.44988167,3104981065.0,231738911873.25,,,cnindex:official_market_daily,399673,OFFICIAL_HISTORICAL_VALUATION_UNAVAILABLE,True,2026-04-14,OFFICIAL_DAILY_OBSERVATION_DATE_NO_INTRADAY_TIMESTAMP_CLAIM
2026-04-15,TECHNOLOGY,TECHNOLOGY_CHINEXT50,DOMAIN_COMPONENT,CHINEXT50,399673,3829.1935,3836.6071,3708.3749,3736.6754,-1.28479085,2769262142.0,221561771473.68,,,cnindex:official_market_daily,399673,OFFICIAL_HISTORICAL_VALUATION_UNAVAILABLE,True,2026-04-15,OFFICIAL_DAILY_OBSERVATION_DATE_NO_INTRADAY_TIMESTAMP_CLAIM
2026-04-16,TECHNOLOGY,TECHNOLOGY_CHINEXT50,DOMAIN_COMPONENT,CHINEXT50,399673,3754.2287,3869.7503,3740.2664,3865.892,3.4580632799999997,3018197732.0,229860081722.3,,,cnindex:official_market_daily,399673,OFFICIAL_HISTORICAL_VALUATION_UNAVAILABLE,True,2026-04-16,OFFICIAL_DAILY_OBSERVATION_DATE_NO_INTRADAY_TIMESTAMP_CLAIM
2026-04-17,TECHNOLOGY,TECHNOLOGY_CHINEXT50,DOMAIN_COMPONENT,CHINEXT50,399673,3890.5038,3940.814,3864.7872,3933.4527,1.74760961,2976318530.0,238551544455.09,,,cnindex:official_market_daily,399673,OFFICIAL_HISTORICAL_VALUATION_UNAVAILABLE,True,2026-04-17,OFFICIAL_DAILY_OBSERVATION_DATE_NO_INTRADAY_TIMESTAMP_CLAIM
2026-04-20,TECHNOLOGY,TECHNOLOGY_CHINEXT50,DOMAIN_COMPONENT,CHINEXT50,399673,3906.0285,3954.378,3889.7105,3932.3025,-0.02924149,3062735350.0,235640223772.4,,,cnindex:official_market_daily,399673,OFFICIAL_HISTORICAL_VALUATION_UNAVAILABLE,True,2026-04-20,OFFICIAL_DAILY_OBSERVATION_DATE_NO_INTRADAY_TIMESTAMP_CLAIM
2026-04-21,TECHNOLOGY,TECHNOLOGY_CHINEXT50,DOMAIN_COMPONENT,CHINEXT50,399673,3914.3294,3958.0162,3866.3969,3950.074,0.45193624,2663761015.0,215520959343.22,,,cnindex:official_market_daily,399673,OFFICIAL_HISTORICAL_VALUATION_UNAVAILABLE,True,2026-04-21,OFFICIAL_DAILY_OBSERVATION_DATE_NO_INTRADAY_TIMESTAMP_CLAIM
2026-04-22,TECHNOLOGY,TECHNOLOGY_CHINEXT50,DOMAIN_COMPONENT,CHINEXT50,399673,3917.189,4024.0823,3915.2737,4019.9796,1.76972887,3118923479.0,242326969908.61,,,cnindex:official_market_daily,399673,OFFICIAL_HISTORICAL_VALUATION_UNAVAILABLE,True,2026-04-22,OFFICIAL_DAILY_OBSERVATION_DATE_NO_INTRADAY_TIMESTAMP_CLAIM
2026-04-23,TECHNOLOGY,TECHNOLOGY_CHINEXT50,DOMAIN_COMPONENT,CHINEXT50,399673,4039.3611,4061.276,3941.2189,3984.7141,-0.8772557000000001,3190727368.0,252912292277.12,,,cnindex:official_market_daily,399673,OFFICIAL_HISTORICAL_VALUATION_UNAVAILABLE,True,2026-04-23,OFFICIAL_DAILY_OBSERVATION_DATE_NO_INTRADAY_TIMESTAMP_CLAIM
2026-04-24,TECHNOLOGY,TECHNOLOGY_CHINEXT50,DOMAIN_COMPONENT,CHINEXT50,399673,3938.9582,3957.5428,3866.8404,3917.0274,-1.69865888,3373515432.0,273436558997.17,,,cnindex:official_market_daily,399673,OFFICIAL_HISTORICAL_VALUATION_UNAVAILABLE,True,2026-04-24,OFFICIAL_DAILY_OBSERVATION_DATE_NO_INTRADAY_TIMESTAMP_CLAIM
2026-04-27,TECHNOLOGY,TECHNOLOGY_CHINEXT50,DOMAIN_COMPONENT,CHINEXT50,399673,3929.559,3938.467,3873.5897,3885.4215,-0.80688483,2650625608.0,219522974526.01,,,cnindex:official_market_daily,399673,OFFICIAL_HISTORICAL_VALUATION_UNAVAILABLE,True,2026-04-27,OFFICIAL_DAILY_OBSERVATION_DATE_NO_INTRADAY_TIMESTAMP_CLAIM
2026-04-28,TECHNOLOGY,TECHNOLOGY_CHINEXT50,DOMAIN_COMPONENT,CHINEXT50,399673,3853.4925,3871.4836,3806.3846,3824.4966,-1.5680383700000002,2737379433.0,216440682612.63,,,cnindex:official_market_daily,399673,OFFICIAL_HISTORICAL_VALUATION_UNAVAILABLE,True,2026-04-28,OFFICIAL_DAILY_OBSERVATION_DATE_NO_INTRADAY_TIMESTAMP_CLAIM
2026-04-29,TECHNOLOGY,TECHNOLOGY_CHINEXT50,DOMAIN_COMPONENT,CHINEXT50,399673,3807.8859,3933.4665,3807.8859,3928.4698,2.71861139,2703727409.0,221478081860.29,,,cnindex:official_market_daily,399673,OFFICIAL_HISTORICAL_VALUATION_UNAVAILABLE,True,2026-04-29,OFFICIAL_DAILY_OBSERVATION_DATE_NO_INTRADAY_TIMESTAMP_CLAIM
2026-04-30,TECHNOLOGY,TECHNOLOGY_CHINEXT50,DOMAIN_COMPONENT,CHINEXT50,399673,3950.3135,3965.35,3890.9435,3908.4458,-0.509715,2444915374.0,191819000121.56,,,cnindex:official_market_daily,399673,OFFICIAL_HISTORICAL_VALUATION_UNAVAILABLE,True,2026-04-30,OFFICIAL_DAILY_OBSERVATION_DATE_NO_INTRADAY_TIMESTAMP_CLAIM
2026-05-06,TECHNOLOGY,TECHNOLOGY_CHINEXT50,DOMAIN_COMPONENT,CHINEXT50,399673,4007.4572,4066.3729,3962.0618,4023.9597,2.95549448,3383881501.0,280010305051.69,,,cnindex:official_market_daily,399673,OFFICIAL_HISTORICAL_VALUATION_UNAVAILABLE,True,2026-05-06,OFFICIAL_DAILY_OBSERVATION_DATE_NO_INTRADAY_TIMESTAMP_CLAIM
2026-05-07,TECHNOLOGY,TECHNOLOGY_CHINEXT50,DOMAIN_COMPONENT,CHINEXT50,399673,4059.2988,4097.0855,4001.5965,4086.2931,1.54905627,3389853953.0,276046048292.4,,,cnindex:official_market_daily,399673,OFFICIAL_HISTORICAL_VALUATION_UNAVAILABLE,True,2026-05-07,OFFICIAL_DAILY_OBSERVATION_DATE_NO_INTRADAY_TIMESTAMP_CLAIM
2026-05-08,TECHNOLOGY,TECHNOLOGY_CHINEXT50,DOMAIN_COMPONENT,CHINEXT50,399673,4041.0076,4097.5262,4040.5985,4051.892,-0.8418656999999999,3057499085.0,225674747239.71,,,cnindex:official_market_daily,399673,OFFICIAL_HISTORICAL_VALUATION_UNAVAILABLE,True,2026-05-08,OFFICIAL_DAILY_OBSERVATION_DATE_NO_INTRADAY_TIMESTAMP_CLAIM
2026-05-11,TECHNOLOGY,TECHNOLOGY_CHINEXT50,DOMAIN_COMPONENT,CHINEXT50,399673,4088.4177,4206.4358,4048.0454,4196.432,3.56722242,3728380008.0,303347116445.36,,,cnindex:official_market_daily,399673,OFFICIAL_HISTORICAL_VALUATION_UNAVAILABLE,True,2026-05-11,OFFICIAL_DAILY_OBSERVATION_DATE_NO_INTRADAY_TIMESTAMP_CLAIM
2026-05-12,TECHNOLOGY,TECHNOLOGY_CHINEXT50,DOMAIN_COMPONENT,CHINEXT50,399673,4220.444,4234.1922,4167.6255,4208.0086,0.27586769,2922404757.0,272261488993.92,,,cnindex:official_market_daily,399673,OFFICIAL_HISTORICAL_VALUATION_UNAVAILABLE,True,2026-05-12,OFFICIAL_DAILY_OBSERVATION_DATE_NO_INTRADAY_TIMESTAMP_CLAIM
2026-05-13,TECHNOLOGY,TECHNOLOGY_CHINEXT50,DOMAIN_COMPONENT,CHINEXT50,399673,4169.9128,4336.2426,4162.1082,4332.3032,2.95376297,3352620335.0,284646680860.22,,,cnindex:official_market_daily,399673,OFFICIAL_HISTORICAL_VALUATION_UNAVAILABLE,True,2026-05-13,OFFICIAL_DAILY_OBSERVATION_DATE_NO_INTRADAY_TIMESTAMP_CLAIM
2026-05-14,TECHNOLOGY,TECHNOLOGY_CHINEXT50,DOMAIN_COMPONENT,CHINEXT50,399673,4392.4066,4394.9746,4217.98,4239.4664,-2.14289711,3342626838.0,302699131775.54,,,cnindex:official_market_daily,399673,OFFICIAL_HISTORICAL_VALUATION_UNAVAILABLE,True,2026-05-14,OFFICIAL_DAILY_OBSERVATION_DATE_NO_INTRADAY_TIMESTAMP_CLAIM
2026-05-15,TECHNOLOGY,TECHNOLOGY_CHINEXT50,DOMAIN_COMPONENT,CHINEXT50,399673,4246.9438,4290.0169,4143.9709,4210.6584,-0.6795194800000001,3587866070.0,306665335440.72,,,cnindex:official_market_daily,399673,OFFICIAL_HISTORICAL_VALUATION_UNAVAILABLE,True,2026-05-15,OFFICIAL_DAILY_OBSERVATION_DATE_NO_INTRADAY_TIMESTAMP_CLAIM
2026-05-18,TECHNOLOGY,TECHNOLOGY_CHINEXT50,DOMAIN_COMPONENT,CHINEXT50,399673,4171.5048,4247.0587,4162.2368,4196.0823,-0.34617151999999995,2891250741.0,247196678139.02,,,cnindex:official_market_daily,399673,OFFICIAL_HISTORICAL_VALUATION_UNAVAILABLE,True,2026-05-18,OFFICIAL_DAILY_OBSERVATION_DATE_NO_INTRADAY_TIMESTAMP_CLAIM
2026-05-19,TECHNOLOGY,TECHNOLOGY_CHINEXT50,DOMAIN_COMPONENT,CHINEXT50,399673,4172.0019,4184.2679,4068.053,4171.8625,-0.57720031,3012572932.0,243666210568.36,,,cnindex:official_market_daily,399673,OFFICIAL_HISTORICAL_VALUATION_UNAVAILABLE,True,2026-05-19,OFFICIAL_DAILY_OBSERVATION_DATE_NO_INTRADAY_TIMESTAMP_CLAIM
2026-05-20,TECHNOLOGY,TECHNOLOGY_CHINEXT50,DOMAIN_COMPONENT,CHINEXT50,399673,4153.0327,4221.7684,4147.1418,4187.1247,0.3658366,2784913801.0,228798579098.6,,,cnindex:official_market_daily,399673,OFFICIAL_HISTORICAL_VALUATION_UNAVAILABLE,True,2026-05-20,OFFICIAL_DAILY_OBSERVATION_DATE_NO_INTRADAY_TIMESTAMP_CLAIM
2026-05-21,TECHNOLOGY,TECHNOLOGY_CHINEXT50,DOMAIN_COMPONENT,CHINEXT50,399673,4233.745,4296.7758,4091.7352,4094.2559,-2.21796117,3739073368.0,285038135288.33,,,cnindex:official_market_daily,399673,OFFICIAL_HISTORICAL_VALUATION_UNAVAILABLE,True,2026-05-21,OFFICIAL_DAILY_OBSERVATION_DATE_NO_INTRADAY_TIMESTAMP_CLAIM
2026-05-22,TECHNOLOGY,TECHNOLOGY_CHINEXT50,DOMAIN_COMPONENT,CHINEXT50,399673,4146.6593,4231.6468,4130.0285,4219.5157,3.0594033,2935305488.0,265640430293.85,,,cnindex:official_market_daily,399673,OFFICIAL_HISTORICAL_VALUATION_UNAVAILABLE,True,2026-05-22,OFFICIAL_DAILY_OBSERVATION_DATE_NO_INTRADAY_TIMESTAMP_CLAIM
2026-05-25,TECHNOLOGY,TECHNOLOGY_CHINEXT50,DOMAIN_COMPONENT,CHINEXT50,399673,4261.7756,4314.0329,4182.7575,4312.2576,2.1979276,2990600287.0,287535107574.65,,,cnindex:official_market_daily,399673,OFFICIAL_HISTORICAL_VALUATION_UNAVAILABLE,True,2026-05-25,OFFICIAL_DAILY_OBSERVATION_DATE_NO_INTRADAY_TIMESTAMP_CLAIM
2026-05-26,TECHNOLOGY,TECHNOLOGY_CHINEXT50,DOMAIN_COMPONENT,CHINEXT50,399673,4288.8853,4362.368,4278.978,4346.4975,0.7940133300000001,3098326402.0,288860975032.36,,,cnindex:official_market_daily,399673,OFFICIAL_HISTORICAL_VALUATION_UNAVAILABLE,True,2026-05-26,OFFICIAL_DAILY_OBSERVATION_DATE_NO_INTRADAY_TIMESTAMP_CLAIM
2026-05-27,TECHNOLOGY,TECHNOLOGY_CHINEXT50,DOMAIN_COMPONENT,CHINEXT50,399673,4361.8971,4475.9721,4329.3318,4365.1231,0.42851974000000004,3070809397.0,304868794019.41,,,cnindex:official_market_daily,399673,OFFICIAL_HISTORICAL_VALUATION_UNAVAILABLE,True,2026-05-27,OFFICIAL_DAILY_OBSERVATION_DATE_NO_INTRADAY_TIMESTAMP_CLAIM
2026-05-28,TECHNOLOGY,TECHNOLOGY_CHINEXT50,DOMAIN_COMPONENT,CHINEXT50,399673,4361.5868,4472.5848,4279.7234,4460.7229,2.19008257,2764869393.0,264249791968.53,,,cnindex:official_market_daily,399673,OFFICIAL_HISTORICAL_VALUATION_UNAVAILABLE,True,2026-05-28,OFFICIAL_DAILY_OBSERVATION_DATE_NO_INTRADAY_TIMESTAMP_CLAIM
2026-05-29,TECHNOLOGY,TECHNOLOGY_CHINEXT50,DOMAIN_COMPONENT,CHINEXT50,399673,4480.9659,4506.0596,4343.8761,4373.7427,-1.94991265,3217420736.0,299402390127.83,,,cnindex:official_market_daily,399673,OFFICIAL_HISTORICAL_VALUATION_UNAVAILABLE,True,2026-05-29,OFFICIAL_DAILY_OBSERVATION_DATE_NO_INTRADAY_TIMESTAMP_CLAIM
2026-06-01,TECHNOLOGY,TECHNOLOGY_CHINEXT50,DOMAIN_COMPONENT,CHINEXT50,399673,4399.8329,4424.8744,4262.6557,4271.9965,-2.32629597,2902951502.0,257186430211.34,,,cnindex:official_market_daily,399673,OFFICIAL_HISTORICAL_VALUATION_UNAVAILABLE,True,2026-06-01,OFFICIAL_DAILY_OBSERVATION_DATE_NO_INTRADAY_TIMESTAMP_CLAIM
2026-06-02,TECHNOLOGY,TECHNOLOGY_CHINEXT50,DOMAIN_COMPONENT,CHINEXT50,399673,4316.6108,4430.7889,4270.6521,4402.1958,3.04773892,2671327334.0,251212316032.99,,,cnindex:official_market_daily,399673,OFFICIAL_HISTORICAL_VALUATION_UNAVAILABLE,True,2026-06-02,OFFICIAL_DAILY_OBSERVATION_DATE_NO_INTRADAY_TIMESTAMP_CLAIM
2026-06-03,TECHNOLOGY,TECHNOLOGY_CHINEXT50,DOMAIN_COMPONENT,CHINEXT50,399673,4445.47,4601.2268,4419.4174,4487.5656,1.9392549500000003,2863641815.0,293884909076.01,,,cnindex:official_market_daily,399673,OFFICIAL_HISTORICAL_VALUATION_UNAVAILABLE,True,2026-06-03,OFFICIAL_DAILY_OBSERVATION_DATE_NO_INTRADAY_TIMESTAMP_CLAIM
2026-06-04,TECHNOLOGY,TECHNOLOGY_CHINEXT50,DOMAIN_COMPONENT,CHINEXT50,399673,4432.6688,4475.2576,4404.0611,4439.7711,-1.06504293,2305981170.0,229064832833.54,,,cnindex:official_market_daily,399673,OFFICIAL_HISTORICAL_VALUATION_UNAVAILABLE,True,2026-06-04,OFFICIAL_DAILY_OBSERVATION_DATE_NO_INTRADAY_TIMESTAMP_CLAIM
2026-06-05,TECHNOLOGY,TECHNOLOGY_CHINEXT50,DOMAIN_COMPONENT,CHINEXT50,399673,4432.3551,4465.8923,4255.1038,4283.4254,-3.5214811,2733533726.0,296727069320.8,,,cnindex:official_market_daily,399673,OFFICIAL_HISTORICAL_VALUATION_UNAVAILABLE,True,2026-06-05,OFFICIAL_DAILY_OBSERVATION_DATE_NO_INTRADAY_TIMESTAMP_CLAIM
2026-06-08,TECHNOLOGY,TECHNOLOGY_CHINEXT50,DOMAIN_COMPONENT,CHINEXT50,399673,4126.0014,4229.3912,4093.2356,4130.2648,-3.575657,2676577491.0,243578779456.0,,,cnindex:official_market_daily,399673,OFFICIAL_HISTORICAL_VALUATION_UNAVAILABLE,True,2026-06-08,OFFICIAL_DAILY_OBSERVATION_DATE_NO_INTRADAY_TIMESTAMP_CLAIM
2026-06-09,TECHNOLOGY,TECHNOLOGY_CHINEXT50,DOMAIN_COMPONENT,CHINEXT50,399673,4187.8015,4296.1232,4142.3364,4294.8731,3.9854175899999995,2432260253.0,246688607220.36,,,cnindex:official_market_daily,399673,OFFICIAL_HISTORICAL_VALUATION_UNAVAILABLE,True,2026-06-09,OFFICIAL_DAILY_OBSERVATION_DATE_NO_INTRADAY_TIMESTAMP_CLAIM
2026-06-10,TECHNOLOGY,TECHNOLOGY_CHINEXT50,DOMAIN_COMPONENT,CHINEXT50,399673,4219.36,4259.8099,4131.5305,4169.1084,-2.92825183,2260165444.0,205361687876.26,,,cnindex:official_market_daily,399673,OFFICIAL_HISTORICAL_VALUATION_UNAVAILABLE,True,2026-06-10,OFFICIAL_DAILY_OBSERVATION_DATE_NO_INTRADAY_TIMESTAMP_CLAIM
2026-06-11,TECHNOLOGY,TECHNOLOGY_CHINEXT50,DOMAIN_COMPONENT,CHINEXT50,399673,4150.4712,4229.9682,4038.1522,4104.1596,-1.5578582699999999,2314921246.0,215577866161.66,,,cnindex:official_market_daily,399673,OFFICIAL_HISTORICAL_VALUATION_UNAVAILABLE,True,2026-06-11,OFFICIAL_DAILY_OBSERVATION_DATE_NO_INTRADAY_TIMESTAMP_CLAIM
2026-06-12,TECHNOLOGY,TECHNOLOGY_CHINEXT50,DOMAIN_COMPONENT,CHINEXT50,399673,4220.8884,4224.3779,4117.3545,4123.7261,0.47674803,3077429577.0,274779324220.23,,,cnindex:official_market_daily,399673,OFFICIAL_HISTORICAL_VALUATION_UNAVAILABLE,True,2026-06-12,OFFICIAL_DAILY_OBSERVATION_DATE_NO_INTRADAY_TIMESTAMP_CLAIM
2026-06-15,TECHNOLOGY,TECHNOLOGY_CHINEXT50,DOMAIN_COMPONENT,CHINEXT50,399673,4196.9642,4339.5557,4133.6146,4339.5557,5.23384907,2950780327.0,294560531362.72,,,cnindex:official_market_daily,399673,OFFICIAL_HISTORICAL_VALUATION_UNAVAILABLE,True,2026-06-15,OFFICIAL_DAILY_OBSERVATION_DATE_NO_INTRADAY_TIMESTAMP_CLAIM
2026-06-16,TECHNOLOGY,TECHNOLOGY_CHINEXT50,DOMAIN_COMPONENT,CHINEXT50,399673,4377.4705,4467.5491,4362.1277,4417.3985,1.7937965399999998,2956547003.0,294075985077.44,,,cnindex:official_market_daily,399673,OFFICIAL_HISTORICAL_VALUATION_UNAVAILABLE,True,2026-06-16,OFFICIAL_DAILY_OBSERVATION_DATE_NO_INTRADAY_TIMESTAMP_CLAIM
2026-06-17,TECHNOLOGY,TECHNOLOGY_CHINEXT50,DOMAIN_COMPONENT,CHINEXT50,399673,4373.2166,4479.9479,4368.9973,4478.6856,1.38740256,2618110647.0,284703710892.82,,,cnindex:official_market_daily,399673,OFFICIAL_HISTORICAL_VALUATION_UNAVAILABLE,True,2026-06-17,OFFICIAL_DAILY_OBSERVATION_DATE_NO_INTRADAY_TIMESTAMP_CLAIM
2026-06-18,TECHNOLOGY,TECHNOLOGY_CHINEXT50,DOMAIN_COMPONENT,CHINEXT50,399673,4463.7763,4596.144,4463.7763,4575.5597,2.16300291,2954372219.0,316871698181.93,,,cnindex:official_market_daily,399673,OFFICIAL_HISTORICAL_VALUATION_UNAVAILABLE,True,2026-06-18,OFFICIAL_DAILY_OBSERVATION_DATE_NO_INTRADAY_TIMESTAMP_CLAIM
2026-06-22,TECHNOLOGY,TECHNOLOGY_CHINEXT50,DOMAIN_COMPONENT,CHINEXT50,399673,4595.9084,4695.6071,4557.0474,4695.6071,2.62366591,4279835588.0,393733604068.09,,,cnindex:official_market_daily,399673,OFFICIAL_HISTORICAL_VALUATION_UNAVAILABLE,True,2026-06-22,OFFICIAL_DAILY_OBSERVATION_DATE_NO_INTRADAY_TIMESTAMP_CLAIM
2026-06-23,TECHNOLOGY,TECHNOLOGY_CHINEXT50,DOMAIN_COMPONENT,CHINEXT50,399673,4684.0961,4687.4865,4472.5879,4508.8839,-3.97655076,3857036156.0,345934253352.7,,,cnindex:official_market_daily,399673,OFFICIAL_HISTORICAL_VALUATION_UNAVAILABLE,True,2026-06-23,OFFICIAL_DAILY_OBSERVATION_DATE_NO_INTRADAY_TIMESTAMP_CLAIM
2026-06-24,TECHNOLOGY,TECHNOLOGY_CHINEXT50,DOMAIN_COMPONENT,CHINEXT50,399673,4498.7713,4566.593,4467.4488,4560.8502,1.1525313400000001,3038379315.0,304098596108.94,,,cnindex:official_market_daily,399673,OFFICIAL_HISTORICAL_VALUATION_UNAVAILABLE,True,2026-06-24,OFFICIAL_DAILY_OBSERVATION_DATE_NO_INTRADAY_TIMESTAMP_CLAIM
2026-06-25,TECHNOLOGY,TECHNOLOGY_CHINEXT50,DOMAIN_COMPONENT,CHINEXT50,399673,4594.1817,4715.4256,4550.991,4704.4179,3.1478275700000005,3677273266.0,393292657746.63,,,cnindex:official_market_daily,399673,OFFICIAL_HISTORICAL_VALUATION_UNAVAILABLE,True,2026-06-25,OFFICIAL_DAILY_OBSERVATION_DATE_NO_INTRADAY_TIMESTAMP_CLAIM
2026-06-26,TECHNOLOGY,TECHNOLOGY_CHINEXT50,DOMAIN_COMPONENT,CHINEXT50,399673,4641.2859,4643.9626,4474.2297,4488.6429,-4.586646099999999,3309205170.0,362820525413.55,,,cnindex:official_market_daily,399673,OFFICIAL_HISTORICAL_VALUATION_UNAVAILABLE,True,2026-06-26,OFFICIAL_DAILY_OBSERVATION_DATE_NO_INTRADAY_TIMESTAMP_CLAIM
2026-06-29,TECHNOLOGY,TECHNOLOGY_CHINEXT50,DOMAIN_COMPONENT,CHINEXT50,399673,4486.7738,4560.8487,4380.9308,4496.2344,0.16912684,3140087832.0,338294516290.27,,,cnindex:official_market_daily,399673,OFFICIAL_HISTORICAL_VALUATION_UNAVAILABLE,True,2026-06-29,OFFICIAL_DAILY_OBSERVATION_DATE_NO_INTRADAY_TIMESTAMP_CLAIM
2026-06-30,TECHNOLOGY,TECHNOLOGY_CHINEXT50,DOMAIN_COMPONENT,CHINEXT50,399673,4503.4521,4660.2518,4497.6201,4644.9014,3.30647797,2760268459.0,309572940593.33,,,cnindex:official_market_daily,399673,OFFICIAL_HISTORICAL_VALUATION_UNAVAILABLE,True,2026-06-30,OFFICIAL_DAILY_OBSERVATION_DATE_NO_INTRADAY_TIMESTAMP_CLAIM
2026-07-01,TECHNOLOGY,TECHNOLOGY_CHINEXT50,DOMAIN_COMPONENT,CHINEXT50,399673,4634.3339,4657.2435,4488.5226,4530.337,-2.4664549399999998,3755278812.0,364019965913.67,,,cnindex:official_market_daily,399673,OFFICIAL_HISTORICAL_VALUATION_UNAVAILABLE,True,2026-07-01,OFFICIAL_DAILY_OBSERVATION_DATE_NO_INTRADAY_TIMESTAMP_CLAIM
2026-07-02,TECHNOLOGY,TECHNOLOGY_CHINEXT50,DOMAIN_COMPONENT,CHINEXT50,399673,4391.6108,4422.9496,4236.4461,4255.9038,-6.05767739,3550478586.0,330595780078.28,,,cnindex:official_market_daily,399673,OFFICIAL_HISTORICAL_VALUATION_UNAVAILABLE,True,2026-07-02,OFFICIAL_DAILY_OBSERVATION_DATE_NO_INTRADAY_TIMESTAMP_CLAIM
2026-07-03,TECHNOLOGY,TECHNOLOGY_CHINEXT50,DOMAIN_COMPONENT,CHINEXT50,399673,4243.5828,4370.3175,4219.4078,4258.0542,0.050527459999999996,2912468134.0,279330174451.47,,,cnindex:official_market_daily,399673,OFFICIAL_HISTORICAL_VALUATION_UNAVAILABLE,True,2026-07-03,OFFICIAL_DAILY_OBSERVATION_DATE_NO_INTRADAY_TIMESTAMP_CLAIM
2026-07-06,TECHNOLOGY,TECHNOLOGY_CHINEXT50,DOMAIN_COMPONENT,CHINEXT50,399673,4291.078,4301.9598,4128.7967,4176.7959,-1.90834349,2579674098.0,259752013159.47,,,cnindex:official_market_daily,399673,OFFICIAL_HISTORICAL_VALUATION_UNAVAILABLE,True,2026-07-06,OFFICIAL_DAILY_OBSERVATION_DATE_NO_INTRADAY_TIMESTAMP_CLAIM
2026-07-07,TECHNOLOGY,TECHNOLOGY_CHINEXT50,DOMAIN_COMPONENT,CHINEXT50,399673,4157.78,4209.0081,4081.84,4143.1473,-0.8056079500000001,2282893854.0,220945671616.42,,,cnindex:official_market_daily,399673,OFFICIAL_HISTORICAL_VALUATION_UNAVAILABLE,True,2026-07-07,OFFICIAL_DAILY_OBSERVATION_DATE_NO_INTRADAY_TIMESTAMP_CLAIM
2026-07-08,TECHNOLOGY,TECHNOLOGY_CHINEXT50,DOMAIN_COMPONENT,CHINEXT50,399673,4167.3239,4209.7891,4060.2374,4076.8331,-1.6005754899999998,2727717908.0,245823928426.45,,,cnindex:official_market_daily,399673,OFFICIAL_HISTORICAL_VALUATION_UNAVAILABLE,True,2026-07-08,OFFICIAL_DAILY_OBSERVATION_DATE_NO_INTRADAY_TIMESTAMP_CLAIM
2026-07-09,TECHNOLOGY,TECHNOLOGY_CHINEXT50,DOMAIN_COMPONENT,CHINEXT50,399673,4131.9531,4282.3728,4045.2675,4275.1801,4.86522247,3099548214.0,289820439470.35,,,cnindex:official_market_daily,399673,OFFICIAL_HISTORICAL_VALUATION_UNAVAILABLE,True,2026-07-09,OFFICIAL_DAILY_OBSERVATION_DATE_NO_INTRADAY_TIMESTAMP_CLAIM
2026-07-10,TECHNOLOGY,TECHNOLOGY_CHINEXT50,DOMAIN_COMPONENT,CHINEXT50,399673,4304.1343,4314.4326,4066.8389,4067.5383,-4.85691351,3568027948.0,331671021752.97,,,cnindex:official_market_daily,399673,OFFICIAL_HISTORICAL_VALUATION_UNAVAILABLE,True,2026-07-10,OFFICIAL_DAILY_OBSERVATION_DATE_NO_INTRADAY_TIMESTAMP_CLAIM
2026-07-13,TECHNOLOGY,TECHNOLOGY_CHINEXT50,DOMAIN_COMPONENT,CHINEXT50,399673,4032.5617,4091.1425,3914.3219,3952.4765,-2.82878221,2831758131.0,259534023664.7,,,cnindex:official_market_daily,399673,OFFICIAL_HISTORICAL_VALUATION_UNAVAILABLE,True,2026-07-13,OFFICIAL_DAILY_OBSERVATION_DATE_NO_INTRADAY_TIMESTAMP_CLAIM
2026-07-14,TECHNOLOGY,TECHNOLOGY_CHINEXT50,DOMAIN_COMPONENT,CHINEXT50,399673,3957.6285,4100.4464,3901.3881,4099.0241,3.70774121,2658766245.0,270245974453.54,,,cnindex:official_market_daily,399673,OFFICIAL_HISTORICAL_VALUATION_UNAVAILABLE,True,2026-07-14,OFFICIAL_DAILY_OBSERVATION_DATE_NO_INTRADAY_TIMESTAMP_CLAIM
2026-07-15,TECHNOLOGY,TECHNOLOGY_CHINEXT50,DOMAIN_COMPONENT,CHINEXT50,399673,4130.0526,4156.1773,4034.6104,4044.4359,-1.3317364999999999,2560327692.0,224208026131.04,,,cnindex:official_market_daily,399673,OFFICIAL_HISTORICAL_VALUATION_UNAVAILABLE,True,2026-07-15,OFFICIAL_DAILY_OBSERVATION_DATE_NO_INTRADAY_TIMESTAMP_CLAIM
2026-07-16,TECHNOLOGY,TECHNOLOGY_CHINEXT50,DOMAIN_COMPONENT,CHINEXT50,399673,3945.0989,4036.1774,3887.2654,3925.8312,-2.93253999,2677681345.0,210132690514.0,,,cnindex:official_market_daily,399673,OFFICIAL_HISTORICAL_VALUATION_UNAVAILABLE,True,2026-07-16,OFFICIAL_DAILY_OBSERVATION_DATE_NO_INTRADAY_TIMESTAMP_CLAIM
2026-07-17,TECHNOLOGY,TECHNOLOGY_CHINEXT50,DOMAIN_COMPONENT,CHINEXT50,399673,3865.628,3865.7141,3586.795,3633.4359,-7.44798452,3186075549.0,283498402836.26,,,cnindex:official_market_daily,399673,OFFICIAL_HISTORICAL_VALUATION_UNAVAILABLE,True,2026-07-17,OFFICIAL_DAILY_OBSERVATION_DATE_NO_INTRADAY_TIMESTAMP_CLAIM
2026-07-20,TECHNOLOGY,TECHNOLOGY_CHINEXT50,DOMAIN_COMPONENT,CHINEXT50,399673,3719.8432,3778.982,3553.8018,3668.7672,0.97239365,3051881317.0,264520601449.2,,,cnindex:official_market_daily,399673,OFFICIAL_HISTORICAL_VALUATION_UNAVAILABLE,True,2026-07-20,OFFICIAL_DAILY_OBSERVATION_DATE_NO_INTRADAY_TIMESTAMP_CLAIM
2026-07-21,TECHNOLOGY,TECHNOLOGY_CHINEXT50,DOMAIN_COMPONENT,CHINEXT50,399673,3700.9378,3932.9459,3595.0104,3931.5186,7.16184445,3331342840.0,301119037615.88,,,cnindex:official_market_daily,399673,OFFICIAL_HISTORICAL_VALUATION_UNAVAILABLE,True,2026-07-21,OFFICIAL_DAILY_OBSERVATION_DATE_NO_INTRADAY_TIMESTAMP_CLAIM
2026-07-22,TECHNOLOGY,TECHNOLOGY_CHINEXT50,DOMAIN_COMPONENT,CHINEXT50,399673,3887.6604,3938.1139,3776.2902,3789.4047,-3.61473299,2681441954.0,255040543008.06,,,cnindex:official_market_daily,399673,OFFICIAL_HISTORICAL_VALUATION_UNAVAILABLE,True,2026-07-22,OFFICIAL_DAILY_OBSERVATION_DATE_NO_INTRADAY_TIMESTAMP_CLAIM
2026-07-23,TECHNOLOGY,TECHNOLOGY_CHINEXT50,DOMAIN_COMPONENT,CHINEXT50,399673,3828.1222,3857.2912,3766.3771,3808.1644,0.49505665,2228564105.0,197436880577.11,,,cnindex:official_market_daily,399673,OFFICIAL_HISTORICAL_VALUATION_UNAVAILABLE,True,2026-07-23,OFFICIAL_DAILY_OBSERVATION_DATE_NO_INTRADAY_TIMESTAMP_CLAIM
2026-07-24,TECHNOLOGY,TECHNOLOGY_CHINEXT50,DOMAIN_COMPONENT,CHINEXT50,399673,3742.1011,3794.052,3703.9326,3703.9326,-2.73706146,2150670929.0,164569646535.55,,,cnindex:official_market_daily,399673,OFFICIAL_HISTORICAL_VALUATION_UNAVAILABLE,True,2026-07-24,OFFICIAL_DAILY_OBSERVATION_DATE_NO_INTRADAY_TIMESTAMP_CLAIM
2026-07-27,TECHNOLOGY,TECHNOLOGY_CHINEXT50,DOMAIN_COMPONENT,CHINEXT50,399673,3706.6959,3824.6326,3668.5699,3822.4767,3.2004929,2089905588.0,175867744093.49,,,cnindex:official_market_daily,399673,OFFICIAL_HISTORICAL_VALUATION_UNAVAILABLE,True,2026-07-27,OFFICIAL_DAILY_OBSERVATION_DATE_NO_INTRADAY_TIMESTAMP_CLAIM
2026-07-28,TECHNOLOGY,TECHNOLOGY_CHINEXT50,DOMAIN_COMPONENT,CHINEXT50,399673,3690.5731,3726.006,3494.9565,3510.0057,-8.17456912,2014985900.0,217726834308.2,,,cnindex:official_market_daily,399673,OFFICIAL_HISTORICAL_VALUATION_UNAVAILABLE,True,2026-07-28,OFFICIAL_DAILY_OBSERVATION_DATE_NO_INTRADAY_TIMESTAMP_CLAIM
2026-07-29,TECHNOLOGY,TECHNOLOGY_CHINEXT50,DOMAIN_COMPONENT,CHINEXT50,399673,3516.3849,3605.1061,3418.6952,3569.3596,1.6909915599999998,2535727129.0,227218708271.19,,,cnindex:official_market_daily,399673,OFFICIAL_HISTORICAL_VALUATION_UNAVAILABLE,True,2026-07-29,OFFICIAL_DAILY_OBSERVATION_DATE_NO_INTRADAY_TIMESTAMP_CLAIM
2026-07-30,TECHNOLOGY,TECHNOLOGY_CHINEXT50,DOMAIN_COMPONENT,CHINEXT50,399673,3512.1768,3536.516,3314.5388,3414.2624,-4.34523885,2755961257.0,260150056954.0,,,cnindex:official_market_daily,399673,OFFICIAL_HISTORICAL_VALUATION_UNAVAILABLE,True,2026-07-30,OFFICIAL_DAILY_OBSERVATION_DATE_NO_INTRADAY_TIMESTAMP_CLAIM
2026-07-31,TECHNOLOGY,TECHNOLOGY_CHINEXT50,DOMAIN_COMPONENT,CHINEXT50,399673,3604.6389,3656.1155,3520.1275,3520.1275,3.10067264,3354074582.0,274378782698.07,,,cnindex:official_market_daily,399673,OFFICIAL_HISTORICAL_VALUATION_UNAVAILABLE,True,2026-07-31,OFFICIAL_DAILY_OBSERVATION_DATE_NO_INTRADAY_TIMESTAMP_CLAIM
2026-08-03,TECHNOLOGY,TECHNOLOGY_CHINEXT50,DOMAIN_COMPONENT,CHINEXT50,399673,3493.1112,3536.4562,3457.524,3493.4166,-0.7588049,2608370623.0,177023086302.17,,,cnindex:official_market_daily,399673,OFFICIAL_HISTORICAL_VALUATION_UNAVAILABLE,True,2026-08-03,OFFICIAL_DAILY_OBSERVATION_DATE_NO_INTRADAY_TIMESTAMP_CLAIM
2026-08-04,TECHNOLOGY,TECHNOLOGY_CHINEXT50,DOMAIN_COMPONENT,CHINEXT50,399673,3552.4582,3729.7543,3541.8593,3705.4774,6.07029806,2886717978.0,238428357908.51,,,cnindex:official_market_daily,399673,OFFICIAL_HISTORICAL_VALUATION_UNAVAILABLE,True,2026-08-04,OFFICIAL_DAILY_OBSERVATION_DATE_NO_INTRADAY_TIMESTAMP_CLAIM
2026-08-05,TECHNOLOGY,TECHNOLOGY_CHINEXT50,DOMAIN_COMPONENT,CHINEXT50,399673,3560.1625,3791.4906,3560.052,3733.9229,0.76766087,3320568360.0,302342657232.27,,,cnindex:official_market_daily,399673,OFFICIAL_HISTORICAL_VALUATION_UNAVAILABLE,True,2026-08-05,OFFICIAL_DAILY_OBSERVATION_DATE_NO_INTRADAY_TIMESTAMP_CLAIM
2026-08-06,TECHNOLOGY,TECHNOLOGY_CHINEXT50,DOMAIN_COMPONENT,CHINEXT50,399673,3663.5875,3772.7716,3626.8285,3703.0434,-0.82699886,2835481278.0,244287242642.43,,,cnindex:official_market_daily,399673,OFFICIAL_HISTORICAL_VALUATION_UNAVAILABLE,True,2026-08-06,OFFICIAL_DAILY_OBSERVATION_DATE_NO_INTRADAY_TIMESTAMP_CLAIM
2026-08-07,TECHNOLOGY,TECHNOLOGY_CHINEXT50,DOMAIN_COMPONENT,CHINEXT50,399673,3730.1042,3802.4102,3695.8949,3737.0811,0.91918177,3203273778.0,276348428136.95,,,cnindex:official_market_daily,399673,OFFICIAL_HISTORICAL_VALUATION_UNAVAILABLE,True,2026-08-07,OFFICIAL_DAILY_OBSERVATION_DATE_NO_INTRADAY_TIMESTAMP_CLAIM
2026-08-10,TECHNOLOGY,TECHNOLOGY_CHINEXT50,DOMAIN_COMPONENT,CHINEXT50,399673,3735.3914,3744.6623,3621.662,3690.9073,-1.23555788,2668033746.0,235452492924.23,,,cnindex:official_market_daily,399673,OFFICIAL_HISTORICAL_VALUATION_UNAVAILABLE,True,2026-08-10,OFFICIAL_DAILY_OBSERVATION_DATE_NO_INTRADAY_TIMESTAMP_CLAIM
2026-08-11,TECHNOLOGY,TECHNOLOGY_CHINEXT50,DOMAIN_COMPONENT,CHINEXT50,399673,3692.6141,3759.9648,3669.4659,3708.5824,0.47888224999999995,2258912000.0,193983879336.55,,,cnindex:official_market_daily,399673,OFFICIAL_HISTORICAL_VALUATION_UNAVAILABLE,True,2026-08-11,OFFICIAL_DAILY_OBSERVATION_DATE_NO_INTRADAY_TIMESTAMP_CLAIM
2026-08-12,TECHNOLOGY,TECHNOLOGY_CHINEXT50,DOMAIN_COMPONENT,CHINEXT50,399673,3700.3436,3798.4159,3698.7738,3772.858,1.7331582,2205143863.0,190364240518.84,,,cnindex:official_market_daily,399673,OFFICIAL_HISTORICAL_VALUATION_UNAVAILABLE,True,2026-08-12,OFFICIAL_DAILY_OBSERVATION_DATE_NO_INTRADAY_TIMESTAMP_CLAIM
2026-08-13,TECHNOLOGY,TECHNOLOGY_CHINEXT50,DOMAIN_COMPONENT,CHINEXT50,399673,3837.583,3865.4915,3760.6596,3761.5559,-0.29956335,2855415271.0,227416540513.14,,,cnindex:official_market_daily,399673,OFFICIAL_HISTORICAL_VALUATION_UNAVAILABLE,True,2026-08-13,OFFICIAL_DAILY_OBSERVATION_DATE_NO_INTRADAY_TIMESTAMP_CLAIM
2026-08-14,TECHNOLOGY,TECHNOLOGY_CHINEXT50,DOMAIN_COMPONENT,CHINEXT50,399673,3788.7052,3816.4568,3757.2876,3807.9696,1.2338963200000002,2526832544.0,176170114675.96,,,cnindex:official_market_daily,399673,OFFICIAL_HISTORICAL_VALUATION_UNAVAILABLE,True,2026-08-14,OFFICIAL_DAILY_OBSERVATION_DATE_NO_INTRADAY_TIMESTAMP_CLAIM
2026-08-17,TECHNOLOGY,TECHNOLOGY_CHINEXT50,DOMAIN_COMPONENT,CHINEXT50,399673,3815.8317,3929.2945,3775.7051,3929.2945,3.18607848,2396034919.0,222691791126.92,,,cnindex:official_market_daily,399673,OFFICIAL_HISTORICAL_VALUATION_UNAVAILABLE,True,2026-08-17,OFFICIAL_DAILY_OBSERVATION_DATE_NO_INTRADAY_TIMESTAMP_CLAIM
2026-08-18,TECHNOLOGY,TECHNOLOGY_CHINEXT50,DOMAIN_COMPONENT,CHINEXT50,399673,3920.0858,3936.5405,3842.3079,3888.0883,-1.04869207,2307646098.0,194969353880.88,,,cnindex:official_market_daily,399673,OFFICIAL_HISTORICAL_VALUATION_UNAVAILABLE,True,2026-08-18,OFFICIAL_DAILY_OBSERVATION_DATE_NO_INTRADAY_TIMESTAMP_CLAIM
2026-08-19,TECHNOLOGY,TECHNOLOGY_CHINEXT50,DOMAIN_COMPONENT,CHINEXT50,399673,3778.318,3798.4163,3622.9316,3643.1325,-6.300160420000001,2421911038.0,219120378328.16,,,cnindex:official_market_daily,399673,OFFICIAL_HISTORICAL_VALUATION_UNAVAILABLE,True,2026-08-19,OFFICIAL_DAILY_OBSERVATION_DATE_NO_INTRADAY_TIMESTAMP_CLAIM
2026-08-20,TECHNOLOGY,TECHNOLOGY_CHINEXT50,DOMAIN_COMPONENT,CHINEXT50,399673,3685.2798,3695.925,3620.8362,3660.004,0.46310420999999996,1898309217.0,154365378944.25,,,cnindex:official_market_daily,399673,OFFICIAL_HISTORICAL_VALUATION_UNAVAILABLE,True,2026-08-20,OFFICIAL_DAILY_OBSERVATION_DATE_NO_INTRADAY_TIMESTAMP_CLAIM
2026-08-21,TECHNOLOGY,TECHNOLOGY_CHINEXT50,DOMAIN_COMPONENT,CHINEXT50,399673,3665.7187,3747.3287,3648.1272,3728.4769,1.8708422200000001,1658816367.0,157182801497.48,,,cnindex:official_market_daily,399673,OFFICIAL_HISTORICAL_VALUATION_UNAVAILABLE,True,2026-08-21,OFFICIAL_DAILY_OBSERVATION_DATE_NO_INTRADAY_TIMESTAMP_CLAIM
2026-08-24,TECHNOLOGY,TECHNOLOGY_CHINEXT50,DOMAIN_COMPONENT,CHINEXT50,399673,3734.8128,3735.096,3545.9783,3604.8574,-3.3155495700000004,1732548970.0,171538436137.41,,,cnindex:official_market_daily,399673,OFFICIAL_HISTORICAL_VALUATION_UNAVAILABLE,True,2026-08-24,OFFICIAL_DAILY_OBSERVATION_DATE_NO_INTRADAY_TIMESTAMP_CLAIM
2026-08-25,TECHNOLOGY,TECHNOLOGY_CHINEXT50,DOMAIN_COMPONENT,CHINEXT50,399673,3576.964,3610.7156,3532.693,3559.8431,-1.24871236,1540990255.0,140579928207.42,,,cnindex:official_market_daily,399673,OFFICIAL_HISTORICAL_VALUATION_UNAVAILABLE,True,2026-08-25,OFFICIAL_DAILY_OBSERVATION_DATE_NO_INTRADAY_TIMESTAMP_CLAIM
2026-08-26,TECHNOLOGY,TECHNOLOGY_CHINEXT50,DOMAIN_COMPONENT,CHINEXT50,399673,3575.1223,3629.2856,3541.3652,3584.24,0.68533638,1669649157.0,136182658057.01,,,cnindex:official_market_daily,399673,OFFICIAL_HISTORICAL_VALUATION_UNAVAILABLE,True,2026-08-26,OFFICIAL_DAILY_OBSERVATION_DATE_NO_INTRADAY_TIMESTAMP_CLAIM
2026-08-27,TECHNOLOGY,TECHNOLOGY_CHINEXT50,DOMAIN_COMPONENT,CHINEXT50,399673,3609.8576,3638.9688,3578.1802,3634.3361,1.39767705,2095024661.0,180523927762.62,,,cnindex:official_market_daily,399673,OFFICIAL_HISTORICAL_VALUATION_UNAVAILABLE,True,2026-08-27,OFFICIAL_DAILY_OBSERVATION_DATE_NO_INTRADAY_TIMESTAMP_CLAIM
2026-08-28,TECHNOLOGY,TECHNOLOGY_CHINEXT50,DOMAIN_COMPONENT,CHINEXT50,399673,3611.0524,3690.5793,3579.9803,3581.5315,-1.45293662,2175602480.0,181635007425.71,,,cnindex:official_market_daily,399673,OFFICIAL_HISTORICAL_VALUATION_UNAVAILABLE,True,2026-08-28,OFFICIAL_DAILY_OBSERVATION_DATE_NO_INTRADAY_TIMESTAMP_CLAIM
2026-08-31,TECHNOLOGY,TECHNOLOGY_CHINEXT50,DOMAIN_COMPONENT,CHINEXT50,399673,3518.2399,3588.1344,3508.8442,3588.1344,0.18435968,2414761969.0,166113336277.44,,,cnindex:official_market_daily,399673,OFFICIAL_HISTORICAL_VALUATION_UNAVAILABLE,True,2026-08-31,OFFICIAL_DAILY_OBSERVATION_DATE_NO_INTRADAY_TIMESTAMP_CLAIM
2026-09-01,TECHNOLOGY,TECHNOLOGY_CHINEXT50,DOMAIN_COMPONENT,CHINEXT50,399673,3581.8294,3600.8397,3520.5633,3545.6054,-1.18526775,2176630950.0,161014396570.3,,,cnindex:official_market_daily,399673,OFFICIAL_HISTORICAL_VALUATION_UNAVAILABLE,True,2026-09-01,OFFICIAL_DAILY_OBSERVATION_DATE_NO_INTRADAY_TIMESTAMP_CLAIM
2026-09-02,TECHNOLOGY,TECHNOLOGY_CHINEXT50,DOMAIN_COMPONENT,CHINEXT50,399673,3495.4616,3496.802,3432.6285,3453.6614,-2.5931819700000003,1676402359.0,141599973204.16,,,cnindex:official_market_daily,399673,OFFICIAL_HISTORICAL_VALUATION_UNAVAILABLE,True,2026-09-02,OFFICIAL_DAILY_OBSERVATION_DATE_NO_INTRADAY_TIMESTAMP_CLAIM
2026-09-03,TECHNOLOGY,TECHNOLOGY_CHINEXT50,DOMAIN_COMPONENT,CHINEXT50,399673,3484.9626,3502.159,3423.0834,3449.9192,-0.10835457,1542515610.0,124413359754.75,,,cnindex:official_market_daily,399673,OFFICIAL_HISTORICAL_VALUATION_UNAVAILABLE,True,2026-09-03,OFFICIAL_DAILY_OBSERVATION_DATE_NO_INTRADAY_TIMESTAMP_CLAIM
2026-09-04,TECHNOLOGY,TECHNOLOGY_CHINEXT50,DOMAIN_COMPONENT,CHINEXT50,399673,3485.7603,3516.0905,3410.0807,3430.1629,-0.57265979,2218285698.0,145788591554.75,,,cnindex:official_market_daily,399673,OFFICIAL_HISTORICAL_VALUATION_UNAVAILABLE,True,2026-09-04,OFFICIAL_DAILY_OBSERVATION_DATE_NO_INTRADAY_TIMESTAMP_CLAIM
2026-09-07,TECHNOLOGY,TECHNOLOGY_CHINEXT50,DOMAIN_COMPONENT,CHINEXT50,399673,3477.1311,3570.3582,3468.913,3559.1911,3.76157645,1850308873.0,180985802961.86,,,cnindex:official_market_daily,399673,OFFICIAL_HISTORICAL_VALUATION_UNAVAILABLE,True,2026-09-07,OFFICIAL_DAILY_OBSERVATION_DATE_NO_INTRADAY_TIMESTAMP_CLAIM
2026-09-08,TECHNOLOGY,TECHNOLOGY_CHINEXT50,DOMAIN_COMPONENT,CHINEXT50,399673,3553.64,3584.237,3501.3073,3514.8001,-1.24722159,1635776289.0,158719194640.0,,,cnindex:official_market_daily,399673,OFFICIAL_HISTORICAL_VALUATION_UNAVAILABLE,True,2026-09-08,OFFICIAL_DAILY_OBSERVATION_DATE_NO_INTRADAY_TIMESTAMP_CLAIM
2026-09-09,TECHNOLOGY,TECHNOLOGY_CHINEXT50,DOMAIN_COMPONENT,CHINEXT50,399673,3563.2048,3563.2048,3479.9491,3512.8506,-0.05546546,1443283966.0,131945525836.77,,,cnindex:official_market_daily,399673,OFFICIAL_HISTORICAL_VALUATION_UNAVAILABLE,True,2026-09-09,OFFICIAL_DAILY_OBSERVATION_DATE_NO_INTRADAY_TIMESTAMP_CLAIM
2026-09-10,TECHNOLOGY,TECHNOLOGY_CHINEXT50,DOMAIN_COMPONENT,CHINEXT50,399673,3477.5683,3529.8283,3460.96,3495.9298,-0.48168288,1248831804.0,114756066080.71,,,cnindex:official_market_daily,399673,OFFICIAL_HISTORICAL_VALUATION_UNAVAILABLE,True,2026-09-10,OFFICIAL_DAILY_OBSERVATION_DATE_NO_INTRADAY_TIMESTAMP_CLAIM
2026-09-11,TECHNOLOGY,TECHNOLOGY_CHINEXT50,DOMAIN_COMPONENT,CHINEXT50,399673,3466.9401,3496.0759,3421.8885,3481.755,-0.40546581,1704414104.0,157989502305.66,,,cnindex:official_market_daily,399673,OFFICIAL_HISTORICAL_VALUATION_UNAVAILABLE,True,2026-09-11,OFFICIAL_DAILY_OBSERVATION_DATE_NO_INTRADAY_TIMESTAMP_CLAIM
2026-09-14,TECHNOLOGY,TECHNOLOGY_CHINEXT50,DOMAIN_COMPONENT,CHINEXT50,399673,3432.5565,3481.5895,3411.753,3426.5618,-1.58521206,1221140351.0,121207838328.37,,,cnindex:official_market_daily,399673,OFFICIAL_HISTORICAL_VALUATION_UNAVAILABLE,True,2026-09-14,OFFICIAL_DAILY_OBSERVATION_DATE_NO_INTRADAY_TIMESTAMP_CLAIM
2026-09-15,TECHNOLOGY,TECHNOLOGY_CHINEXT50,DOMAIN_COMPONENT,CHINEXT50,399673,3421.7001,3453.2472,3371.7388,3374.3846,-1.52272753,1243397974.0,115118764801.34,,,cnindex:official_market_daily,399673,OFFICIAL_HISTORICAL_VALUATION_UNAVAILABLE,True,2026-09-15,OFFICIAL_DAILY_OBSERVATION_DATE_NO_INTRADAY_TIMESTAMP_CLAIM
2026-09-16,TECHNOLOGY,TECHNOLOGY_CHINEXT50,DOMAIN_COMPONENT,CHINEXT50,399673,3374.2801,3464.6902,3353.4587,3446.0185,2.1228730099999997,1590701971.0,157208305686.11,,,cnindex:official_market_daily,399673,OFFICIAL_HISTORICAL_VALUATION_UNAVAILABLE,True,2026-09-16,OFFICIAL_DAILY_OBSERVATION_DATE_NO_INTRADAY_TIMESTAMP_CLAIM
2026-09-17,TECHNOLOGY,TECHNOLOGY_CHINEXT50,DOMAIN_COMPONENT,CHINEXT50,399673,3429.488,3489.2087,3423.656,3429.2566,-0.48641352000000004,1455407966.0,135582074769.03,,,cnindex:official_market_daily,399673,OFFICIAL_HISTORICAL_VALUATION_UNAVAILABLE,True,2026-09-17,OFFICIAL_DAILY_OBSERVATION_DATE_NO_INTRADAY_TIMESTAMP_CLAIM
2026-09-18,TECHNOLOGY,TECHNOLOGY_CHINEXT50,DOMAIN_COMPONENT,CHINEXT50,399673,3489.2865,3538.0108,3440.8046,3507.8379,2.29149665,1725284400.0,170999778860.47,,,cnindex:official_market_daily,399673,OFFICIAL_HISTORICAL_VALUATION_UNAVAILABLE,True,2026-09-18,OFFICIAL_DAILY_OBSERVATION_DATE_NO_INTRADAY_TIMESTAMP_CLAIM
2026-09-21,TECHNOLOGY,TECHNOLOGY_CHINEXT50,DOMAIN_COMPONENT,CHINEXT50,399673,3544.0499,3573.5472,3509.3565,3538.467,0.8731617800000001,1704638497.0,166229280053.23,,,cnindex:official_market_daily,399673,OFFICIAL_HISTORICAL_VALUATION_UNAVAILABLE,True,2026-09-21,OFFICIAL_DAILY_OBSERVATION_DATE_NO_INTRADAY_TIMESTAMP_CLAIM
2026-09-22,TECHNOLOGY,TECHNOLOGY_CHINEXT50,DOMAIN_COMPONENT,CHINEXT50,399673,3591.7445,3623.345,3526.7449,3540.2716,0.05099949,2214312811.0,171276284144.12,,,cnindex:official_market_daily,399673,OFFICIAL_HISTORICAL_VALUATION_UNAVAILABLE,True,2026-09-22,OFFICIAL_DAILY_OBSERVATION_DATE_NO_INTRADAY_TIMESTAMP_CLAIM
2026-09-23,TECHNOLOGY,TECHNOLOGY_CHINEXT50,DOMAIN_COMPONENT,CHINEXT50,399673,3555.4038,3555.4168,3507.365,3513.4893,-0.7565041100000001,1418722914.0,110518208679.76,,,cnindex:official_market_daily,399673,OFFICIAL_HISTORICAL_VALUATION_UNAVAILABLE,True,2026-09-23,OFFICIAL_DAILY_OBSERVATION_DATE_NO_INTRADAY_TIMESTAMP_CLAIM
2026-09-24,TECHNOLOGY,TECHNOLOGY_CHINEXT50,DOMAIN_COMPONENT,CHINEXT50,399673,3498.0251,3505.9064,3415.1044,3415.1044,-2.8002049099999997,1316814103.0,111826449058.48,,,cnindex:official_market_daily,399673,OFFICIAL_HISTORICAL_VALUATION_UNAVAILABLE,True,2026-09-24,OFFICIAL_DAILY_OBSERVATION_DATE_NO_INTRADAY_TIMESTAMP_CLAIM
2026-09-28,TECHNOLOGY,TECHNOLOGY_CHINEXT50,DOMAIN_COMPONENT,CHINEXT50,399673,3387.192,3390.7457,3230.4858,3246.0318,-4.95073006,1478537076.0,134323167293.95,,,cnindex:official_market_daily,399673,OFFICIAL_HISTORICAL_VALUATION_UNAVAILABLE,True,2026-09-28,OFFICIAL_DAILY_OBSERVATION_DATE_NO_INTRADAY_TIMESTAMP_CLAIM
2026-09-29,TECHNOLOGY,TECHNOLOGY_CHINEXT50,DOMAIN_COMPONENT,CHINEXT50,399673,3244.1599,3265.675,3234.3275,3247.5107,0.04556024,1347267920.0,101158454323.8,,,cnindex:official_market_daily,399673,OFFICIAL_HISTORICAL_VALUATION_UNAVAILABLE,True,2026-09-29,OFFICIAL_DAILY_OBSERVATION_DATE_NO_INTRADAY_TIMESTAMP_CLAIM
2024-01-01,TECHNOLOGY,TECHNOLOGY_STAR50,DOMAIN_COMPONENT,STAR50,000688,850.97,850.97,839.8,839.8,-1.43,275595747.0,145.71,50.0,28.33,csindex:index_perf,000688,OFFICIAL_HISTORICAL_VALUATION_AVAILABLE,True,2024-01-01,OFFICIAL_DAILY_OBSERVATION_DATE_NO_INTRADAY_TIMESTAMP_CLAIM
2024-01-02,TECHNOLOGY,TECHNOLOGY_STAR50,DOMAIN_COMPONENT,STAR50,000688,850.97,850.97,839.8,839.8,-1.43,275595747.0,145.71,50.0,28.33,csindex:index_perf,000688,OFFICIAL_HISTORICAL_VALUATION_AVAILABLE,True,2024-01-02,OFFICIAL_DAILY_OBSERVATION_DATE_NO_INTRADAY_TIMESTAMP_CLAIM
2024-01-03,TECHNOLOGY,TECHNOLOGY_STAR50,DOMAIN_COMPONENT,STAR50,000688,838.3,842.2,827.18,829.77,-1.19,257018226.0,146.9,50.0,28.05,csindex:index_perf,000688,OFFICIAL_HISTORICAL_VALUATION_AVAILABLE,True,2024-01-03,OFFICIAL_DAILY_OBSERVATION_DATE_NO_INTRADAY_TIMESTAMP_CLAIM
2024-01-04,TECHNOLOGY,TECHNOLOGY_STAR50,DOMAIN_COMPONENT,STAR50,000688,831.23,831.55,817.75,823.85,-0.71,262662520.0,139.01,50.0,27.89,csindex:index_perf,000688,OFFICIAL_HISTORICAL_VALUATION_AVAILABLE,True,2024-01-04,OFFICIAL_DAILY_OBSERVATION_DATE_NO_INTRADAY_TIMESTAMP_CLAIM
2024-01-05,TECHNOLOGY,TECHNOLOGY_STAR50,DOMAIN_COMPONENT,STAR50,000688,820.4,825.94,803.4,807.73,-1.96,276040375.0,138.08,50.0,27.36,csindex:index_perf,000688,OFFICIAL_HISTORICAL_VALUATION_AVAILABLE,True,2024-01-05,OFFICIAL_DAILY_OBSERVATION_DATE_NO_INTRADAY_TIMESTAMP_CLAIM
2024-01-08,TECHNOLOGY,TECHNOLOGY_STAR50,DOMAIN_COMPONENT,STAR50,000688,802.9,804.6,783.74,784.43,-2.88,295239608.0,138.5,50.0,26.6,csindex:index_perf,000688,OFFICIAL_HISTORICAL_VALUATION_AVAILABLE,True,2024-01-08,OFFICIAL_DAILY_OBSERVATION_DATE_NO_INTRADAY_TIMESTAMP_CLAIM
2024-01-09,TECHNOLOGY,TECHNOLOGY_STAR50,DOMAIN_COMPONENT,STAR50,000688,786.48,793.6,777.56,782.93,-0.19,297549041.0,144.18,50.0,26.59,csindex:index_perf,000688,OFFICIAL_HISTORICAL_VALUATION_AVAILABLE,True,2024-01-09,OFFICIAL_DAILY_OBSERVATION_DATE_NO_INTRADAY_TIMESTAMP_CLAIM
2024-01-10,TECHNOLOGY,TECHNOLOGY_STAR50,DOMAIN_COMPONENT,STAR50,000688,779.08,790.36,771.58,777.15,-0.74,281445810.0,131.45,50.0,26.43,csindex:index_perf,000688,OFFICIAL_HISTORICAL_VALUATION_AVAILABLE,True,2024-01-10,OFFICIAL_DAILY_OBSERVATION_DATE_NO_INTRADAY_TIMESTAMP_CLAIM
2024-01-11,TECHNOLOGY,TECHNOLOGY_STAR50,DOMAIN_COMPONENT,STAR50,000688,775.37,793.14,775.18,789.86,1.64,283362427.0,140.46,50.0,26.88,csindex:index_perf,000688,OFFICIAL_HISTORICAL_VALUATION_AVAILABLE,True,2024-01-11,OFFICIAL_DAILY_OBSERVATION_DATE_NO_INTRADAY_TIMESTAMP_CLAIM
2024-01-12,TECHNOLOGY,TECHNOLOGY_STAR50,DOMAIN_COMPONENT,STAR50,000688,788.03,790.38,778.11,778.36,-1.46,299829400.0,131.9,50.0,26.59,csindex:index_perf,000688,OFFICIAL_HISTORICAL_VALUATION_AVAILABLE,True,2024-01-12,OFFICIAL_DAILY_OBSERVATION_DATE_NO_INTRADAY_TIMESTAMP_CLAIM
2024-01-15,TECHNOLOGY,TECHNOLOGY_STAR50,DOMAIN_COMPONENT,STAR50,000688,774.96,784.19,770.98,773.41,-0.64,260440086.0,139.19,50.0,26.39,csindex:index_perf,000688,OFFICIAL_HISTORICAL_VALUATION_AVAILABLE,True,2024-01-15,OFFICIAL_DAILY_OBSERVATION_DATE_NO_INTRADAY_TIMESTAMP_CLAIM
2024-01-16,TECHNOLOGY,TECHNOLOGY_STAR50,DOMAIN_COMPONENT,STAR50,000688,771.84,777.53,765.43,777.4,0.52,306515034.0,136.11,50.0,26.57,csindex:index_perf,000688,OFFICIAL_HISTORICAL_VALUATION_AVAILABLE,True,2024-01-16,OFFICIAL_DAILY_OBSERVATION_DATE_NO_INTRADAY_TIMESTAMP_CLAIM
2024-01-17,TECHNOLOGY,TECHNOLOGY_STAR50,DOMAIN_COMPONENT,STAR50,000688,775.86,776.23,757.04,757.04,-2.62,249674807.0,119.11,50.0,25.89,csindex:index_perf,000688,OFFICIAL_HISTORICAL_VALUATION_AVAILABLE,True,2024-01-17,OFFICIAL_DAILY_OBSERVATION_DATE_NO_INTRADAY_TIMESTAMP_CLAIM
2024-01-18,TECHNOLOGY,TECHNOLOGY_STAR50,DOMAIN_COMPONENT,STAR50,000688,752.29,769.12,741.34,768.28,1.48,410735921.0,171.67,50.0,26.27,csindex:index_perf,000688,OFFICIAL_HISTORICAL_VALUATION_AVAILABLE,True,2024-01-18,OFFICIAL_DAILY_OBSERVATION_DATE_NO_INTRADAY_TIMESTAMP_CLAIM
2024-01-19,TECHNOLOGY,TECHNOLOGY_STAR50,DOMAIN_COMPONENT,STAR50,000688,767.24,773.15,762.26,765.47,-0.37,316208954.0,139.75,50.0,26.16,csindex:index_perf,000688,OFFICIAL_HISTORICAL_VALUATION_AVAILABLE,True,2024-01-19,OFFICIAL_DAILY_OBSERVATION_DATE_NO_INTRADAY_TIMESTAMP_CLAIM
2024-01-22,TECHNOLOGY,TECHNOLOGY_STAR50,DOMAIN_COMPONENT,STAR50,000688,763.6,764.62,735.41,742.23,-3.04,358637823.0,158.07,50.0,25.38,csindex:index_perf,000688,OFFICIAL_HISTORICAL_VALUATION_AVAILABLE,True,2024-01-22,OFFICIAL_DAILY_OBSERVATION_DATE_NO_INTRADAY_TIMESTAMP_CLAIM
2024-01-23,TECHNOLOGY,TECHNOLOGY_STAR50,DOMAIN_COMPONENT,STAR50,000688,738.38,754.65,733.48,749.74,1.01,359488249.0,155.26,50.0,25.68,csindex:index_perf,000688,OFFICIAL_HISTORICAL_VALUATION_AVAILABLE,True,2024-01-23,OFFICIAL_DAILY_OBSERVATION_DATE_NO_INTRADAY_TIMESTAMP_CLAIM
2024-01-24,TECHNOLOGY,TECHNOLOGY_STAR50,DOMAIN_COMPONENT,STAR50,000688,753.01,754.22,728.37,750.27,0.07,359405675.0,155.92,50.0,25.74,csindex:index_perf,000688,OFFICIAL_HISTORICAL_VALUATION_AVAILABLE,True,2024-01-24,OFFICIAL_DAILY_OBSERVATION_DATE_NO_INTRADAY_TIMESTAMP_CLAIM
2024-01-25,TECHNOLOGY,TECHNOLOGY_STAR50,DOMAIN_COMPONENT,STAR50,000688,749.13,768.02,742.93,765.79,2.07,450804912.0,163.74,50.0,26.29,csindex:index_perf,000688,OFFICIAL_HISTORICAL_VALUATION_AVAILABLE,True,2024-01-25,OFFICIAL_DAILY_OBSERVATION_DATE_NO_INTRADAY_TIMESTAMP_CLAIM
2024-01-26,TECHNOLOGY,TECHNOLOGY_STAR50,DOMAIN_COMPONENT,STAR50,000688,759.94,762.18,742.93,746.1,-2.57,347279173.0,141.02,50.0,25.68,csindex:index_perf,000688,OFFICIAL_HISTORICAL_VALUATION_AVAILABLE,True,2024-01-26,OFFICIAL_DAILY_OBSERVATION_DATE_NO_INTRADAY_TIMESTAMP_CLAIM
2024-01-29,TECHNOLOGY,TECHNOLOGY_STAR50,DOMAIN_COMPONENT,STAR50,000688,748.26,754.59,725.31,725.31,-2.79,450582709.0,157.74,50.0,24.91,csindex:index_perf,000688,OFFICIAL_HISTORICAL_VALUATION_AVAILABLE,True,2024-01-29,OFFICIAL_DAILY_OBSERVATION_DATE_NO_INTRADAY_TIMESTAMP_CLAIM
2024-01-30,TECHNOLOGY,TECHNOLOGY_STAR50,DOMAIN_COMPONENT,STAR50,000688,720.19,722.63,696.56,697.85,-3.79,343237741.0,135.92,50.0,24.06,csindex:index_perf,000688,OFFICIAL_HISTORICAL_VALUATION_AVAILABLE,True,2024-01-30,OFFICIAL_DAILY_OBSERVATION_DATE_NO_INTRADAY_TIMESTAMP_CLAIM
2024-01-31,TECHNOLOGY,TECHNOLOGY_STAR50,DOMAIN_COMPONENT,STAR50,000688,693.85,699.67,681.38,684.85,-1.86,401058280.0,146.82,50.0,23.71,csindex:index_perf,000688,OFFICIAL_HISTORICAL_VALUATION_AVAILABLE,True,2024-01-31,OFFICIAL_DAILY_OBSERVATION_DATE_NO_INTRADAY_TIMESTAMP_CLAIM
2024-02-01,TECHNOLOGY,TECHNOLOGY_STAR50,DOMAIN_COMPONENT,STAR50,000688,680.72,704.66,678.97,690.01,0.75,353458757.0,146.64,50.0,23.84,csindex:index_perf,000688,OFFICIAL_HISTORICAL_VALUATION_AVAILABLE,True,2024-02-01,OFFICIAL_DAILY_OBSERVATION_DATE_NO_INTRADAY_TIMESTAMP_CLAIM
2024-02-02,TECHNOLOGY,TECHNOLOGY_STAR50,DOMAIN_COMPONENT,STAR50,000688,693.02,694.75,653.62,673.41,-2.41,421634629.0,158.75,50.0,23.38,csindex:index_perf,000688,OFFICIAL_HISTORICAL_VALUATION_AVAILABLE,True,2024-02-02,OFFICIAL_DAILY_OBSERVATION_DATE_NO_INTRADAY_TIMESTAMP_CLAIM
2024-02-05,TECHNOLOGY,TECHNOLOGY_STAR50,DOMAIN_COMPONENT,STAR50,000688,675.4,687.62,635.74,676.79,0.5,545344075.0,189.62,50.0,23.55,csindex:index_perf,000688,OFFICIAL_HISTORICAL_VALUATION_AVAILABLE,True,2024-02-05,OFFICIAL_DAILY_OBSERVATION_DATE_NO_INTRADAY_TIMESTAMP_CLAIM
2024-02-06,TECHNOLOGY,TECHNOLOGY_STAR50,DOMAIN_COMPONENT,STAR50,000688,675.45,721.38,665.63,720.8,6.5,519876110.0,199.51,50.0,25.08,csindex:index_perf,000688,OFFICIAL_HISTORICAL_VALUATION_AVAILABLE,True,2024-02-06,OFFICIAL_DAILY_OBSERVATION_DATE_NO_INTRADAY_TIMESTAMP_CLAIM
2024-02-07,TECHNOLOGY,TECHNOLOGY_STAR50,DOMAIN_COMPONENT,STAR50,000688,723.31,744.34,717.7,743.42,3.14,616634535.0,237.22,50.0,25.9,csindex:index_perf,000688,OFFICIAL_HISTORICAL_VALUATION_AVAILABLE,True,2024-02-07,OFFICIAL_DAILY_OBSERVATION_DATE_NO_INTRADAY_TIMESTAMP_CLAIM
2024-02-08,TECHNOLOGY,TECHNOLOGY_STAR50,DOMAIN_COMPONENT,STAR50,000688,749.64,767.86,745.24,751.5,1.09,554963682.0,221.23,50.0,26.08,csindex:index_perf,000688,OFFICIAL_HISTORICAL_VALUATION_AVAILABLE,True,2024-02-08,OFFICIAL_DAILY_OBSERVATION_DATE_NO_INTRADAY_TIMESTAMP_CLAIM
2024-02-19,TECHNOLOGY,TECHNOLOGY_STAR50,DOMAIN_COMPONENT,STAR50,000688,762.64,763.36,748.29,763.32,1.57,492867690.0,212.97,50.0,26.39,csindex:index_perf,000688,OFFICIAL_HISTORICAL_VALUATION_AVAILABLE,True,2024-02-19,OFFICIAL_DAILY_OBSERVATION_DATE_NO_INTRADAY_TIMESTAMP_CLAIM
2024-02-20,TECHNOLOGY,TECHNOLOGY_STAR50,DOMAIN_COMPONENT,STAR50,000688,756.08,758.06,748.6,754.7,-1.13,334294127.0,146.37,50.0,26.1,csindex:index_perf,000688,OFFICIAL_HISTORICAL_VALUATION_AVAILABLE,True,2024-02-20,OFFICIAL_DAILY_OBSERVATION_DATE_NO_INTRADAY_TIMESTAMP_CLAIM
2024-02-21,TECHNOLOGY,TECHNOLOGY_STAR50,DOMAIN_COMPONENT,STAR50,000688,747.25,769.15,744.26,755.16,0.06,404566780.0,164.4,50.0,26.13,csindex:index_perf,000688,OFFICIAL_HISTORICAL_VALUATION_AVAILABLE,True,2024-02-21,OFFICIAL_DAILY_OBSERVATION_DATE_NO_INTRADAY_TIMESTAMP_CLAIM
2024-02-22,TECHNOLOGY,TECHNOLOGY_STAR50,DOMAIN_COMPONENT,STAR50,000688,757.26,768.66,755.9,762.38,0.96,356074332.0,154.88,50.0,26.32,csindex:index_perf,000688,OFFICIAL_HISTORICAL_VALUATION_AVAILABLE,True,2024-02-22,OFFICIAL_DAILY_OBSERVATION_DATE_NO_INTRADAY_TIMESTAMP_CLAIM
2024-02-23,TECHNOLOGY,TECHNOLOGY_STAR50,DOMAIN_COMPONENT,STAR50,000688,768.51,769.81,754.35,764.48,0.28,370273008.0,162.36,50.0,26.38,csindex:index_perf,000688,OFFICIAL_HISTORICAL_VALUATION_AVAILABLE,True,2024-02-23,OFFICIAL_DAILY_OBSERVATION_DATE_NO_INTRADAY_TIMESTAMP_CLAIM
2024-02-26,TECHNOLOGY,TECHNOLOGY_STAR50,DOMAIN_COMPONENT,STAR50,000688,764.03,776.98,761.22,768.49,0.52,459637345.0,179.7,50.0,26.49,csindex:index_perf,000688,OFFICIAL_HISTORICAL_VALUATION_AVAILABLE,True,2024-02-26,OFFICIAL_DAILY_OBSERVATION_DATE_NO_INTRADAY_TIMESTAMP_CLAIM
2024-02-27,TECHNOLOGY,TECHNOLOGY_STAR50,DOMAIN_COMPONENT,STAR50,000688,763.66,797.15,761.26,796.91,3.7,480664264.0,233.73,50.0,27.29,csindex:index_perf,000688,OFFICIAL_HISTORICAL_VALUATION_AVAILABLE,True,2024-02-27,OFFICIAL_DAILY_OBSERVATION_DATE_NO_INTRADAY_TIMESTAMP_CLAIM
2024-02-28,TECHNOLOGY,TECHNOLOGY_STAR50,DOMAIN_COMPONENT,STAR50,000688,797.83,811.65,771.59,771.59,-3.18,602971687.0,269.76,50.0,26.52,csindex:index_perf,000688,OFFICIAL_HISTORICAL_VALUATION_AVAILABLE,True,2024-02-28,OFFICIAL_DAILY_OBSERVATION_DATE_NO_INTRADAY_TIMESTAMP_CLAIM
2024-02-29,TECHNOLOGY,TECHNOLOGY_STAR50,DOMAIN_COMPONENT,STAR50,000688,769.56,807.71,769.56,807.71,4.68,592730507.0,274.92,50.0,27.7,csindex:index_perf,000688,OFFICIAL_HISTORICAL_VALUATION_AVAILABLE,True,2024-02-29,OFFICIAL_DAILY_OBSERVATION_DATE_NO_INTRADAY_TIMESTAMP_CLAIM
2024-03-01,TECHNOLOGY,TECHNOLOGY_STAR50,DOMAIN_COMPONENT,STAR50,000688,809.4,818.11,803.53,815.49,0.96,525423115.0,246.66,50.0,28.01,csindex:index_perf,000688,OFFICIAL_HISTORICAL_VALUATION_AVAILABLE,True,2024-03-01,OFFICIAL_DAILY_OBSERVATION_DATE_NO_INTRADAY_TIMESTAMP_CLAIM
2024-03-04,TECHNOLOGY,TECHNOLOGY_STAR50,DOMAIN_COMPONENT,STAR50,000688,819.96,822.65,807.39,818.51,0.37,476915423.0,223.79,50.0,28.07,csindex:index_perf,000688,OFFICIAL_HISTORICAL_VALUATION_AVAILABLE,True,2024-03-04,OFFICIAL_DAILY_OBSERVATION_DATE_NO_INTRADAY_TIMESTAMP_CLAIM
2024-03-05,TECHNOLOGY,TECHNOLOGY_STAR50,DOMAIN_COMPONENT,STAR50,000688,812.62,824.12,810.32,817.77,-0.09,471673908.0,242.6,50.0,28.07,csindex:index_perf,000688,OFFICIAL_HISTORICAL_VALUATION_AVAILABLE,True,2024-03-05,OFFICIAL_DAILY_OBSERVATION_DATE_NO_INTRADAY_TIMESTAMP_CLAIM
2024-03-06,TECHNOLOGY,TECHNOLOGY_STAR50,DOMAIN_COMPONENT,STAR50,000688,816.14,822.79,803.99,811.9,-0.72,444813163.0,200.24,50.0,27.96,csindex:index_perf,000688,OFFICIAL_HISTORICAL_VALUATION_AVAILABLE,True,2024-03-06,OFFICIAL_DAILY_OBSERVATION_DATE_NO_INTRADAY_TIMESTAMP_CLAIM
2024-03-07,TECHNOLOGY,TECHNOLOGY_STAR50,DOMAIN_COMPONENT,STAR50,000688,814.17,817.78,793.59,794.24,-2.18,500957504.0,204.73,50.0,27.39,csindex:index_perf,000688,OFFICIAL_HISTORICAL_VALUATION_AVAILABLE,True,2024-03-07,OFFICIAL_DAILY_OBSERVATION_DATE_NO_INTRADAY_TIMESTAMP_CLAIM
2024-03-08,TECHNOLOGY,TECHNOLOGY_STAR50,DOMAIN_COMPONENT,STAR50,000688,795.32,805.57,791.73,803.2,1.13,481370502.0,193.48,50.0,27.66,csindex:index_perf,000688,OFFICIAL_HISTORICAL_VALUATION_AVAILABLE,True,2024-03-08,OFFICIAL_DAILY_OBSERVATION_DATE_NO_INTRADAY_TIMESTAMP_CLAIM
2024-03-11,TECHNOLOGY,TECHNOLOGY_STAR50,DOMAIN_COMPONENT,STAR50,000688,800.9,818.71,797.26,818.44,1.9,507397588.0,219.61,50.0,28.44,csindex:index_perf,000688,OFFICIAL_HISTORICAL_VALUATION_AVAILABLE,True,2024-03-11,OFFICIAL_DAILY_OBSERVATION_DATE_NO_INTRADAY_TIMESTAMP_CLAIM
2024-03-12,TECHNOLOGY,TECHNOLOGY_STAR50,DOMAIN_COMPONENT,STAR50,000688,818.52,827.63,813.05,817.75,-0.08,478020550.0,215.02,50.0,28.4,csindex:index_perf,000688,OFFICIAL_HISTORICAL_VALUATION_AVAILABLE,True,2024-03-12,OFFICIAL_DAILY_OBSERVATION_DATE_NO_INTRADAY_TIMESTAMP_CLAIM
2024-03-13,TECHNOLOGY,TECHNOLOGY_STAR50,DOMAIN_COMPONENT,STAR50,000688,821.32,824.81,813.09,814.93,-0.34,404983911.0,181.78,50.0,28.27,csindex:index_perf,000688,OFFICIAL_HISTORICAL_VALUATION_AVAILABLE,True,2024-03-13,OFFICIAL_DAILY_OBSERVATION_DATE_NO_INTRADAY_TIMESTAMP_CLAIM
2024-03-14,TECHNOLOGY,TECHNOLOGY_STAR50,DOMAIN_COMPONENT,STAR50,000688,811.51,815.55,797.78,804.86,-1.24,373920910.0,168.58,50.0,27.95,csindex:index_perf,000688,OFFICIAL_HISTORICAL_VALUATION_AVAILABLE,True,2024-03-14,OFFICIAL_DAILY_OBSERVATION_DATE_NO_INTRADAY_TIMESTAMP_CLAIM
2024-03-15,TECHNOLOGY,TECHNOLOGY_STAR50,DOMAIN_COMPONENT,STAR50,000688,802.91,809.4,794.75,808.67,0.47,367216774.0,160.73,50.0,28.13,csindex:index_perf,000688,OFFICIAL_HISTORICAL_VALUATION_AVAILABLE,True,2024-03-15,OFFICIAL_DAILY_OBSERVATION_DATE_NO_INTRADAY_TIMESTAMP_CLAIM
2024-03-18,TECHNOLOGY,TECHNOLOGY_STAR50,DOMAIN_COMPONENT,STAR50,000688,810.39,825.9,809.83,825.4,2.07,427764869.0,217.62,50.0,28.56,csindex:index_perf,000688,OFFICIAL_HISTORICAL_VALUATION_AVAILABLE,True,2024-03-18,OFFICIAL_DAILY_OBSERVATION_DATE_NO_INTRADAY_TIMESTAMP_CLAIM
2024-03-19,TECHNOLOGY,TECHNOLOGY_STAR50,DOMAIN_COMPONENT,STAR50,000688,822.18,823.9,811.77,811.77,-1.65,373021611.0,187.95,50.0,28.16,csindex:index_perf,000688,OFFICIAL_HISTORICAL_VALUATION_AVAILABLE,True,2024-03-19,OFFICIAL_DAILY_OBSERVATION_DATE_NO_INTRADAY_TIMESTAMP_CLAIM
2024-03-20,TECHNOLOGY,TECHNOLOGY_STAR50,DOMAIN_COMPONENT,STAR50,000688,810.69,815.73,806.58,814.03,0.28,317828599.0,160.87,50.0,28.25,csindex:index_perf,000688,OFFICIAL_HISTORICAL_VALUATION_AVAILABLE,True,2024-03-20,OFFICIAL_DAILY_OBSERVATION_DATE_NO_INTRADAY_TIMESTAMP_CLAIM
2024-03-21,TECHNOLOGY,TECHNOLOGY_STAR50,DOMAIN_COMPONENT,STAR50,000688,820.14,824.18,805.55,806.14,-0.97,378251587.0,204.37,50.0,27.97,csindex:index_perf,000688,OFFICIAL_HISTORICAL_VALUATION_AVAILABLE,True,2024-03-21,OFFICIAL_DAILY_OBSERVATION_DATE_NO_INTRADAY_TIMESTAMP_CLAIM
2024-03-22,TECHNOLOGY,TECHNOLOGY_STAR50,DOMAIN_COMPONENT,STAR50,000688,804.02,808.71,793.1,794.2,-1.48,393878064.0,191.71,50.0,27.6,csindex:index_perf,000688,OFFICIAL_HISTORICAL_VALUATION_AVAILABLE,True,2024-03-22,OFFICIAL_DAILY_OBSERVATION_DATE_NO_INTRADAY_TIMESTAMP_CLAIM
2024-03-25,TECHNOLOGY,TECHNOLOGY_STAR50,DOMAIN_COMPONENT,STAR50,000688,792.85,797.66,781.62,781.65,-1.58,350784710.0,179.96,50.0,27.2,csindex:index_perf,000688,OFFICIAL_HISTORICAL_VALUATION_AVAILABLE,True,2024-03-25,OFFICIAL_DAILY_OBSERVATION_DATE_NO_INTRADAY_TIMESTAMP_CLAIM
2024-03-26,TECHNOLOGY,TECHNOLOGY_STAR50,DOMAIN_COMPONENT,STAR50,000688,781.73,787.6,768.68,772.09,-1.22,332015981.0,162.81,50.0,26.95,csindex:index_perf,000688,OFFICIAL_HISTORICAL_VALUATION_AVAILABLE,True,2024-03-26,OFFICIAL_DAILY_OBSERVATION_DATE_NO_INTRADAY_TIMESTAMP_CLAIM
2024-03-27,TECHNOLOGY,TECHNOLOGY_STAR50,DOMAIN_COMPONENT,STAR50,000688,771.54,772.47,752.72,752.82,-2.5,338564839.0,138.57,50.0,26.34,csindex:index_perf,000688,OFFICIAL_HISTORICAL_VALUATION_AVAILABLE,True,2024-03-27,OFFICIAL_DAILY_OBSERVATION_DATE_NO_INTRADAY_TIMESTAMP_CLAIM
2024-03-28,TECHNOLOGY,TECHNOLOGY_STAR50,DOMAIN_COMPONENT,STAR50,000688,753.9,771.48,753.23,763.27,1.39,334929522.0,157.38,50.0,26.71,csindex:index_perf,000688,OFFICIAL_HISTORICAL_VALUATION_AVAILABLE,True,2024-03-28,OFFICIAL_DAILY_OBSERVATION_DATE_NO_INTRADAY_TIMESTAMP_CLAIM
2024-03-29,TECHNOLOGY,TECHNOLOGY_STAR50,DOMAIN_COMPONENT,STAR50,000688,761.65,763.56,751.24,762.74,-0.07,277378701.0,123.61,50.0,26.78,csindex:index_perf,000688,OFFICIAL_HISTORICAL_VALUATION_AVAILABLE,True,2024-03-29,OFFICIAL_DAILY_OBSERVATION_DATE_NO_INTRADAY_TIMESTAMP_CLAIM
2024-04-01,TECHNOLOGY,TECHNOLOGY_STAR50,DOMAIN_COMPONENT,STAR50,000688,765.63,776.74,765.63,775.53,1.68,336025180.0,156.5,50.0,27.24,csindex:index_perf,000688,OFFICIAL_HISTORICAL_VALUATION_AVAILABLE,True,2024-04-01,OFFICIAL_DAILY_OBSERVATION_DATE_NO_INTRADAY_TIMESTAMP_CLAIM
2024-04-02,TECHNOLOGY,TECHNOLOGY_STAR50,DOMAIN_COMPONENT,STAR50,000688,774.73,774.73,764.32,768.79,-0.87,294104333.0,135.12,50.0,27.03,csindex:index_perf,000688,OFFICIAL_HISTORICAL_VALUATION_AVAILABLE,True,2024-04-02,OFFICIAL_DAILY_OBSERVATION_DATE_NO_INTRADAY_TIMESTAMP_CLAIM
2024-04-03,TECHNOLOGY,TECHNOLOGY_STAR50,DOMAIN_COMPONENT,STAR50,000688,768.21,769.23,755.21,756.76,-1.56,325992467.0,156.06,50.0,26.52,csindex:index_perf,000688,OFFICIAL_HISTORICAL_VALUATION_AVAILABLE,True,2024-04-03,OFFICIAL_DAILY_OBSERVATION_DATE_NO_INTRADAY_TIMESTAMP_CLAIM
2024-04-08,TECHNOLOGY,TECHNOLOGY_STAR50,DOMAIN_COMPONENT,STAR50,000688,753.83,757.13,740.67,740.67,-2.13,338441180.0,131.33,50.0,25.99,csindex:index_perf,000688,OFFICIAL_HISTORICAL_VALUATION_AVAILABLE,True,2024-04-08,OFFICIAL_DAILY_OBSERVATION_DATE_NO_INTRADAY_TIMESTAMP_CLAIM
2024-04-09,TECHNOLOGY,TECHNOLOGY_STAR50,DOMAIN_COMPONENT,STAR50,000688,739.39,749.86,736.89,749.63,1.21,284971886.0,115.38,50.0,26.34,csindex:index_perf,000688,OFFICIAL_HISTORICAL_VALUATION_AVAILABLE,True,2024-04-09,OFFICIAL_DAILY_OBSERVATION_DATE_NO_INTRADAY_TIMESTAMP_CLAIM
2024-04-10,TECHNOLOGY,TECHNOLOGY_STAR50,DOMAIN_COMPONENT,STAR50,000688,749.22,749.58,732.47,735.73,-1.85,271684842.0,117.01,50.0,25.9,csindex:index_perf,000688,OFFICIAL_HISTORICAL_VALUATION_AVAILABLE,True,2024-04-10,OFFICIAL_DAILY_OBSERVATION_DATE_NO_INTRADAY_TIMESTAMP_CLAIM
2024-04-11,TECHNOLOGY,TECHNOLOGY_STAR50,DOMAIN_COMPONENT,STAR50,000688,735.67,746.91,735.67,738.67,0.4,348804118.0,154.03,50.0,26.01,csindex:index_perf,000688,OFFICIAL_HISTORICAL_VALUATION_AVAILABLE,True,2024-04-11,OFFICIAL_DAILY_OBSERVATION_DATE_NO_INTRADAY_TIMESTAMP_CLAIM
2024-04-12,TECHNOLOGY,TECHNOLOGY_STAR50,DOMAIN_COMPONENT,STAR50,000688,742.93,747.5,738.33,738.43,-0.03,377182435.0,153.92,50.0,25.98,csindex:index_perf,000688,OFFICIAL_HISTORICAL_VALUATION_AVAILABLE,True,2024-04-12,OFFICIAL_DAILY_OBSERVATION_DATE_NO_INTRADAY_TIMESTAMP_CLAIM
2024-04-15,TECHNOLOGY,TECHNOLOGY_STAR50,DOMAIN_COMPONENT,STAR50,000688,739.2,755.18,738.54,750.9,1.69,412498049.0,167.02,50.0,26.51,csindex:index_perf,000688,OFFICIAL_HISTORICAL_VALUATION_AVAILABLE,True,2024-04-15,OFFICIAL_DAILY_OBSERVATION_DATE_NO_INTRADAY_TIMESTAMP_CLAIM
2024-04-16,TECHNOLOGY,TECHNOLOGY_STAR50,DOMAIN_COMPONENT,STAR50,000688,746.88,749.12,732.89,733.15,-2.36,343406335.0,144.57,50.0,25.94,csindex:index_perf,000688,OFFICIAL_HISTORICAL_VALUATION_AVAILABLE,True,2024-04-16,OFFICIAL_DAILY_OBSERVATION_DATE_NO_INTRADAY_TIMESTAMP_CLAIM
2024-04-17,TECHNOLOGY,TECHNOLOGY_STAR50,DOMAIN_COMPONENT,STAR50,000688,737.66,751.2,735.21,750.89,2.42,363333117.0,158.29,50.0,26.55,csindex:index_perf,000688,OFFICIAL_HISTORICAL_VALUATION_AVAILABLE,True,2024-04-17,OFFICIAL_DAILY_OBSERVATION_DATE_NO_INTRADAY_TIMESTAMP_CLAIM
2024-04-18,TECHNOLOGY,TECHNOLOGY_STAR50,DOMAIN_COMPONENT,STAR50,000688,747.13,757.75,741.2,745.69,-0.69,338215519.0,147.84,50.0,26.4,csindex:index_perf,000688,OFFICIAL_HISTORICAL_VALUATION_AVAILABLE,True,2024-04-18,OFFICIAL_DAILY_OBSERVATION_DATE_NO_INTRADAY_TIMESTAMP_CLAIM
2024-04-19,TECHNOLOGY,TECHNOLOGY_STAR50,DOMAIN_COMPONENT,STAR50,000688,741.29,741.92,729.57,730.56,-2.03,338340711.0,139.94,50.0,25.93,csindex:index_perf,000688,OFFICIAL_HISTORICAL_VALUATION_AVAILABLE,True,2024-04-19,OFFICIAL_DAILY_OBSERVATION_DATE_NO_INTRADAY_TIMESTAMP_CLAIM
2024-04-22,TECHNOLOGY,TECHNOLOGY_STAR50,DOMAIN_COMPONENT,STAR50,000688,723.41,735.97,719.12,731.81,0.17,316577882.0,128.39,50.0,25.96,csindex:index_perf,000688,OFFICIAL_HISTORICAL_VALUATION_AVAILABLE,True,2024-04-22,OFFICIAL_DAILY_OBSERVATION_DATE_NO_INTRADAY_TIMESTAMP_CLAIM
2024-04-23,TECHNOLOGY,TECHNOLOGY_STAR50,DOMAIN_COMPONENT,STAR50,000688,732.87,736.36,724.9,727.85,-0.54,281268745.0,111.08,50.0,25.75,csindex:index_perf,000688,OFFICIAL_HISTORICAL_VALUATION_AVAILABLE,True,2024-04-23,OFFICIAL_DAILY_OBSERVATION_DATE_NO_INTRADAY_TIMESTAMP_CLAIM
2024-04-24,TECHNOLOGY,TECHNOLOGY_STAR50,DOMAIN_COMPONENT,STAR50,000688,731.71,739.01,728.38,738.63,1.48,305997194.0,137.0,50.0,26.05,csindex:index_perf,000688,OFFICIAL_HISTORICAL_VALUATION_AVAILABLE,True,2024-04-24,OFFICIAL_DAILY_OBSERVATION_DATE_NO_INTRADAY_TIMESTAMP_CLAIM
2024-04-25,TECHNOLOGY,TECHNOLOGY_STAR50,DOMAIN_COMPONENT,STAR50,000688,735.56,740.47,730.61,733.34,-0.72,293131054.0,127.65,50.0,25.81,csindex:index_perf,000688,OFFICIAL_HISTORICAL_VALUATION_AVAILABLE,True,2024-04-25,OFFICIAL_DAILY_OBSERVATION_DATE_NO_INTRADAY_TIMESTAMP_CLAIM
2024-04-26,TECHNOLOGY,TECHNOLOGY_STAR50,DOMAIN_COMPONENT,STAR50,000688,733.02,753.15,733.02,752.25,2.58,473126801.0,199.37,50.0,26.39,csindex:index_perf,000688,OFFICIAL_HISTORICAL_VALUATION_AVAILABLE,True,2024-04-26,OFFICIAL_DAILY_OBSERVATION_DATE_NO_INTRADAY_TIMESTAMP_CLAIM
2024-04-29,TECHNOLOGY,TECHNOLOGY_STAR50,DOMAIN_COMPONENT,STAR50,000688,752.92,780.2,752.62,776.15,3.18,615028995.0,246.56,50.0,27.01,csindex:index_perf,000688,OFFICIAL_HISTORICAL_VALUATION_AVAILABLE,True,2024-04-29,OFFICIAL_DAILY_OBSERVATION_DATE_NO_INTRADAY_TIMESTAMP_CLAIM
2024-04-30,TECHNOLOGY,TECHNOLOGY_STAR50,DOMAIN_COMPONENT,STAR50,000688,773.84,775.92,765.6,767.46,-1.12,439612911.0,174.91,50.0,26.66,csindex:index_perf,000688,OFFICIAL_HISTORICAL_VALUATION_AVAILABLE,True,2024-04-30,OFFICIAL_DAILY_OBSERVATION_DATE_NO_INTRADAY_TIMESTAMP_CLAIM
2024-05-06,TECHNOLOGY,TECHNOLOGY_STAR50,DOMAIN_COMPONENT,STAR50,000688,778.99,785.07,774.04,777.66,1.33,448559684.0,192.08,50.0,32.93,csindex:index_perf,000688,OFFICIAL_HISTORICAL_VALUATION_AVAILABLE,True,2024-05-06,OFFICIAL_DAILY_OBSERVATION_DATE_NO_INTRADAY_TIMESTAMP_CLAIM
2024-05-07,TECHNOLOGY,TECHNOLOGY_STAR50,DOMAIN_COMPONENT,STAR50,000688,776.82,779.59,768.4,769.79,-1.01,356765880.0,164.44,50.0,32.62,csindex:index_perf,000688,OFFICIAL_HISTORICAL_VALUATION_AVAILABLE,True,2024-05-07,OFFICIAL_DAILY_OBSERVATION_DATE_NO_INTRADAY_TIMESTAMP_CLAIM
2024-05-08,TECHNOLOGY,TECHNOLOGY_STAR50,DOMAIN_COMPONENT,STAR50,000688,769.69,769.7,760.57,761.66,-1.06,310783341.0,138.39,50.0,32.31,csindex:index_perf,000688,OFFICIAL_HISTORICAL_VALUATION_AVAILABLE,True,2024-05-08,OFFICIAL_DAILY_OBSERVATION_DATE_NO_INTRADAY_TIMESTAMP_CLAIM
2024-05-09,TECHNOLOGY,TECHNOLOGY_STAR50,DOMAIN_COMPONENT,STAR50,000688,762.4,779.48,762.4,778.87,2.26,473420000.0,199.38,50.0,32.91,csindex:index_perf,000688,OFFICIAL_HISTORICAL_VALUATION_AVAILABLE,True,2024-05-09,OFFICIAL_DAILY_OBSERVATION_DATE_NO_INTRADAY_TIMESTAMP_CLAIM
2024-05-10,TECHNOLOGY,TECHNOLOGY_STAR50,DOMAIN_COMPONENT,STAR50,000688,778.15,778.56,764.44,767.17,-1.5,363484971.0,164.7,50.0,32.54,csindex:index_perf,000688,OFFICIAL_HISTORICAL_VALUATION_AVAILABLE,True,2024-05-10,OFFICIAL_DAILY_OBSERVATION_DATE_NO_INTRADAY_TIMESTAMP_CLAIM
2024-05-13,TECHNOLOGY,TECHNOLOGY_STAR50,DOMAIN_COMPONENT,STAR50,000688,760.1,769.21,757.96,763.69,-0.45,350313005.0,156.64,50.0,32.42,csindex:index_perf,000688,OFFICIAL_HISTORICAL_VALUATION_AVAILABLE,True,2024-05-13,OFFICIAL_DAILY_OBSERVATION_DATE_NO_INTRADAY_TIMESTAMP_CLAIM
2024-05-14,TECHNOLOGY,TECHNOLOGY_STAR50,DOMAIN_COMPONENT,STAR50,000688,766.65,769.42,759.43,760.3,-0.44,265576651.0,135.24,50.0,32.21,csindex:index_perf,000688,OFFICIAL_HISTORICAL_VALUATION_AVAILABLE,True,2024-05-14,OFFICIAL_DAILY_OBSERVATION_DATE_NO_INTRADAY_TIMESTAMP_CLAIM
2024-05-15,TECHNOLOGY,TECHNOLOGY_STAR50,DOMAIN_COMPONENT,STAR50,000688,758.8,760.08,749.22,749.47,-1.42,263428038.0,117.81,50.0,31.79,csindex:index_perf,000688,OFFICIAL_HISTORICAL_VALUATION_AVAILABLE,True,2024-05-15,OFFICIAL_DAILY_OBSERVATION_DATE_NO_INTRADAY_TIMESTAMP_CLAIM
2024-05-16,TECHNOLOGY,TECHNOLOGY_STAR50,DOMAIN_COMPONENT,STAR50,000688,753.45,755.17,745.02,746.47,-0.4,288570133.0,142.18,50.0,31.56,csindex:index_perf,000688,OFFICIAL_HISTORICAL_VALUATION_AVAILABLE,True,2024-05-16,OFFICIAL_DAILY_OBSERVATION_DATE_NO_INTRADAY_TIMESTAMP_CLAIM
2024-05-17,TECHNOLOGY,TECHNOLOGY_STAR50,DOMAIN_COMPONENT,STAR50,000688,743.79,754.56,741.86,754.42,1.06,368112976.0,138.33,50.0,31.62,csindex:index_perf,000688,OFFICIAL_HISTORICAL_VALUATION_AVAILABLE,True,2024-05-17,OFFICIAL_DAILY_OBSERVATION_DATE_NO_INTRADAY_TIMESTAMP_CLAIM
2024-05-20,TECHNOLOGY,TECHNOLOGY_STAR50,DOMAIN_COMPONENT,STAR50,000688,752.2,761.17,749.81,753.54,-0.12,399579788.0,178.09,50.0,31.46,csindex:index_perf,000688,OFFICIAL_HISTORICAL_VALUATION_AVAILABLE,True,2024-05-20,OFFICIAL_DAILY_OBSERVATION_DATE_NO_INTRADAY_TIMESTAMP_CLAIM
2024-05-21,TECHNOLOGY,TECHNOLOGY_STAR50,DOMAIN_COMPONENT,STAR50,000688,752.29,755.46,747.31,748.24,-0.7,266632843.0,131.64,50.0,31.29,csindex:index_perf,000688,OFFICIAL_HISTORICAL_VALUATION_AVAILABLE,True,2024-05-21,OFFICIAL_DAILY_OBSERVATION_DATE_NO_INTRADAY_TIMESTAMP_CLAIM
2024-05-22,TECHNOLOGY,TECHNOLOGY_STAR50,DOMAIN_COMPONENT,STAR50,000688,749.91,756.7,743.68,754.97,0.9,529042026.0,155.25,50.0,31.65,csindex:index_perf,000688,OFFICIAL_HISTORICAL_VALUATION_AVAILABLE,True,2024-05-22,OFFICIAL_DAILY_OBSERVATION_DATE_NO_INTRADAY_TIMESTAMP_CLAIM
2024-05-23,TECHNOLOGY,TECHNOLOGY_STAR50,DOMAIN_COMPONENT,STAR50,000688,754.4,755.4,741.41,742.4,-1.67,385086687.0,138.74,50.0,31.15,csindex:index_perf,000688,OFFICIAL_HISTORICAL_VALUATION_AVAILABLE,True,2024-05-23,OFFICIAL_DAILY_OBSERVATION_DATE_NO_INTRADAY_TIMESTAMP_CLAIM
2024-05-24,TECHNOLOGY,TECHNOLOGY_STAR50,DOMAIN_COMPONENT,STAR50,000688,741.68,746.4,726.87,727.21,-2.05,382592764.0,141.85,50.0,30.57,csindex:index_perf,000688,OFFICIAL_HISTORICAL_VALUATION_AVAILABLE,True,2024-05-24,OFFICIAL_DAILY_OBSERVATION_DATE_NO_INTRADAY_TIMESTAMP_CLAIM
2024-05-27,TECHNOLOGY,TECHNOLOGY_STAR50,DOMAIN_COMPONENT,STAR50,000688,726.37,739.45,719.54,738.65,1.57,406238273.0,185.14,50.0,30.85,csindex:index_perf,000688,OFFICIAL_HISTORICAL_VALUATION_AVAILABLE,True,2024-05-27,OFFICIAL_DAILY_OBSERVATION_DATE_NO_INTRADAY_TIMESTAMP_CLAIM
2024-05-28,TECHNOLOGY,TECHNOLOGY_STAR50,DOMAIN_COMPONENT,STAR50,000688,736.7,746.3,734.58,734.85,-0.52,360148314.0,152.68,50.0,30.66,csindex:index_perf,000688,OFFICIAL_HISTORICAL_VALUATION_AVAILABLE,True,2024-05-28,OFFICIAL_DAILY_OBSERVATION_DATE_NO_INTRADAY_TIMESTAMP_CLAIM
2024-05-29,TECHNOLOGY,TECHNOLOGY_STAR50,DOMAIN_COMPONENT,STAR50,000688,734.29,741.34,731.53,734.33,-0.07,415551455.0,134.97,50.0,30.66,csindex:index_perf,000688,OFFICIAL_HISTORICAL_VALUATION_AVAILABLE,True,2024-05-29,OFFICIAL_DAILY_OBSERVATION_DATE_NO_INTRADAY_TIMESTAMP_CLAIM
2024-05-30,TECHNOLOGY,TECHNOLOGY_STAR50,DOMAIN_COMPONENT,STAR50,000688,733.55,746.26,730.34,742.7,1.14,410331189.0,153.68,50.0,30.92,csindex:index_perf,000688,OFFICIAL_HISTORICAL_VALUATION_AVAILABLE,True,2024-05-30,OFFICIAL_DAILY_OBSERVATION_DATE_NO_INTRADAY_TIMESTAMP_CLAIM
2024-05-31,TECHNOLOGY,TECHNOLOGY_STAR50,DOMAIN_COMPONENT,STAR50,000688,743.18,751.4,741.35,743.23,0.07,397393872.0,148.07,50.0,31.04,csindex:index_perf,000688,OFFICIAL_HISTORICAL_VALUATION_AVAILABLE,True,2024-05-31,OFFICIAL_DAILY_OBSERVATION_DATE_NO_INTRADAY_TIMESTAMP_CLAIM
2024-06-03,TECHNOLOGY,TECHNOLOGY_STAR50,DOMAIN_COMPONENT,STAR50,000688,743.61,754.65,742.2,750.43,0.97,625587297.0,203.09,50.0,31.23,csindex:index_perf,000688,OFFICIAL_HISTORICAL_VALUATION_AVAILABLE,True,2024-06-03,OFFICIAL_DAILY_OBSERVATION_DATE_NO_INTRADAY_TIMESTAMP_CLAIM
2024-06-04,TECHNOLOGY,TECHNOLOGY_STAR50,DOMAIN_COMPONENT,STAR50,000688,748.3,755.25,746.53,753.64,0.43,415315093.0,142.63,50.0,31.47,csindex:index_perf,000688,OFFICIAL_HISTORICAL_VALUATION_AVAILABLE,True,2024-06-04,OFFICIAL_DAILY_OBSERVATION_DATE_NO_INTRADAY_TIMESTAMP_CLAIM
2024-06-05,TECHNOLOGY,TECHNOLOGY_STAR50,DOMAIN_COMPONENT,STAR50,000688,752.05,762.26,751.35,752.04,-0.21,400623451.0,154.6,50.0,31.41,csindex:index_perf,000688,OFFICIAL_HISTORICAL_VALUATION_AVAILABLE,True,2024-06-05,OFFICIAL_DAILY_OBSERVATION_DATE_NO_INTRADAY_TIMESTAMP_CLAIM
2024-06-06,TECHNOLOGY,TECHNOLOGY_STAR50,DOMAIN_COMPONENT,STAR50,000688,756.79,759.24,741.68,743.23,-1.17,476992033.0,175.09,50.0,31.02,csindex:index_perf,000688,OFFICIAL_HISTORICAL_VALUATION_AVAILABLE,True,2024-06-06,OFFICIAL_DAILY_OBSERVATION_DATE_NO_INTRADAY_TIMESTAMP_CLAIM
2024-06-07,TECHNOLOGY,TECHNOLOGY_STAR50,DOMAIN_COMPONENT,STAR50,000688,744.39,749.42,731.52,737.93,-0.71,389314242.0,153.29,50.0,29.43,csindex:index_perf,000688,OFFICIAL_HISTORICAL_VALUATION_AVAILABLE,True,2024-06-07,OFFICIAL_DAILY_OBSERVATION_DATE_NO_INTRADAY_TIMESTAMP_CLAIM
2024-06-11,TECHNOLOGY,TECHNOLOGY_STAR50,DOMAIN_COMPONENT,STAR50,000688,735.84,756.53,734.76,755.83,2.43,512807489.0,204.29,50.0,29.75,csindex:index_perf,000688,OFFICIAL_HISTORICAL_VALUATION_AVAILABLE,True,2024-06-11,OFFICIAL_DAILY_OBSERVATION_DATE_NO_INTRADAY_TIMESTAMP_CLAIM
2024-06-12,TECHNOLOGY,TECHNOLOGY_STAR50,DOMAIN_COMPONENT,STAR50,000688,758.38,761.6,753.61,754.93,-0.12,482919539.0,185.01,50.0,29.62,csindex:index_perf,000688,OFFICIAL_HISTORICAL_VALUATION_AVAILABLE,True,2024-06-12,OFFICIAL_DAILY_OBSERVATION_DATE_NO_INTRADAY_TIMESTAMP_CLAIM
2024-06-13,TECHNOLOGY,TECHNOLOGY_STAR50,DOMAIN_COMPONENT,STAR50,000688,758.61,765.95,755.61,758.98,0.54,571928362.0,208.2,50.0,29.84,csindex:index_perf,000688,OFFICIAL_HISTORICAL_VALUATION_AVAILABLE,True,2024-06-13,OFFICIAL_DAILY_OBSERVATION_DATE_NO_INTRADAY_TIMESTAMP_CLAIM
2024-06-14,TECHNOLOGY,TECHNOLOGY_STAR50,DOMAIN_COMPONENT,STAR50,000688,756.41,756.53,750.49,754.26,-0.62,917422537.0,284.31,50.0,29.57,csindex:index_perf,000688,OFFICIAL_HISTORICAL_VALUATION_AVAILABLE,True,2024-06-14,OFFICIAL_DAILY_OBSERVATION_DATE_NO_INTRADAY_TIMESTAMP_CLAIM
2024-06-17,TECHNOLOGY,TECHNOLOGY_STAR50,DOMAIN_COMPONENT,STAR50,000688,749.94,759.93,748.7,757.11,0.38,643134846.0,219.14,50.0,29.33,csindex:index_perf,000688,OFFICIAL_HISTORICAL_VALUATION_AVAILABLE,True,2024-06-17,OFFICIAL_DAILY_OBSERVATION_DATE_NO_INTRADAY_TIMESTAMP_CLAIM
2024-06-18,TECHNOLOGY,TECHNOLOGY_STAR50,DOMAIN_COMPONENT,STAR50,000688,757.85,763.82,753.55,756.9,-0.03,499578285.0,179.8,50.0,29.29,csindex:index_perf,000688,OFFICIAL_HISTORICAL_VALUATION_AVAILABLE,True,2024-06-18,OFFICIAL_DAILY_OBSERVATION_DATE_NO_INTRADAY_TIMESTAMP_CLAIM
2024-06-19,TECHNOLOGY,TECHNOLOGY_STAR50,DOMAIN_COMPONENT,STAR50,000688,758.41,759.14,747.74,751.69,-0.69,488736063.0,196.65,50.0,28.95,csindex:index_perf,000688,OFFICIAL_HISTORICAL_VALUATION_AVAILABLE,True,2024-06-19,OFFICIAL_DAILY_OBSERVATION_DATE_NO_INTRADAY_TIMESTAMP_CLAIM
2024-06-20,TECHNOLOGY,TECHNOLOGY_STAR50,DOMAIN_COMPONENT,STAR50,000688,752.15,766.12,749.82,755.15,0.46,613119884.0,219.86,50.0,29.01,csindex:index_perf,000688,OFFICIAL_HISTORICAL_VALUATION_AVAILABLE,True,2024-06-20,OFFICIAL_DAILY_OBSERVATION_DATE_NO_INTRADAY_TIMESTAMP_CLAIM
2024-06-21,TECHNOLOGY,TECHNOLOGY_STAR50,DOMAIN_COMPONENT,STAR50,000688,749.73,758.67,744.5,758.37,0.43,448496740.0,165.74,50.0,29.11,csindex:index_perf,000688,OFFICIAL_HISTORICAL_VALUATION_AVAILABLE,True,2024-06-21,OFFICIAL_DAILY_OBSERVATION_DATE_NO_INTRADAY_TIMESTAMP_CLAIM
2024-06-24,TECHNOLOGY,TECHNOLOGY_STAR50,DOMAIN_COMPONENT,STAR50,000688,754.41,762.15,738.21,739.14,-2.54,603254344.0,196.63,50.0,28.35,csindex:index_perf,000688,OFFICIAL_HISTORICAL_VALUATION_AVAILABLE,True,2024-06-24,OFFICIAL_DAILY_OBSERVATION_DATE_NO_INTRADAY_TIMESTAMP_CLAIM
2024-06-25,TECHNOLOGY,TECHNOLOGY_STAR50,DOMAIN_COMPONENT,STAR50,000688,738.32,738.8,713.42,717.75,-2.89,539176136.0,185.48,50.0,27.64,csindex:index_perf,000688,OFFICIAL_HISTORICAL_VALUATION_AVAILABLE,True,2024-06-25,OFFICIAL_DAILY_OBSERVATION_DATE_NO_INTRADAY_TIMESTAMP_CLAIM
2024-06-26,TECHNOLOGY,TECHNOLOGY_STAR50,DOMAIN_COMPONENT,STAR50,000688,719.84,732.13,713.0,729.64,1.66,474964559.0,154.27,50.0,28.03,csindex:index_perf,000688,OFFICIAL_HISTORICAL_VALUATION_AVAILABLE,True,2024-06-26,OFFICIAL_DAILY_OBSERVATION_DATE_NO_INTRADAY_TIMESTAMP_CLAIM
2024-06-27,TECHNOLOGY,TECHNOLOGY_STAR50,DOMAIN_COMPONENT,STAR50,000688,725.52,727.39,715.17,715.36,-1.96,360983011.0,123.85,50.0,27.47,csindex:index_perf,000688,OFFICIAL_HISTORICAL_VALUATION_AVAILABLE,True,2024-06-27,OFFICIAL_DAILY_OBSERVATION_DATE_NO_INTRADAY_TIMESTAMP_CLAIM
2024-06-28,TECHNOLOGY,TECHNOLOGY_STAR50,DOMAIN_COMPONENT,STAR50,000688,713.36,724.9,710.54,712.08,-0.46,436386570.0,158.39,50.0,27.36,csindex:index_perf,000688,OFFICIAL_HISTORICAL_VALUATION_AVAILABLE,True,2024-06-28,OFFICIAL_DAILY_OBSERVATION_DATE_NO_INTRADAY_TIMESTAMP_CLAIM
2024-07-01,TECHNOLOGY,TECHNOLOGY_STAR50,DOMAIN_COMPONENT,STAR50,000688,711.65,714.13,699.42,709.6,-0.35,361606095.0,144.32,50.0,27.25,csindex:index_perf,000688,OFFICIAL_HISTORICAL_VALUATION_AVAILABLE,True,2024-07-01,OFFICIAL_DAILY_OBSERVATION_DATE_NO_INTRADAY_TIMESTAMP_CLAIM
2024-07-02,TECHNOLOGY,TECHNOLOGY_STAR50,DOMAIN_COMPONENT,STAR50,000688,709.15,709.17,697.54,699.12,-1.48,333730508.0,134.27,50.0,26.61,csindex:index_perf,000688,OFFICIAL_HISTORICAL_VALUATION_AVAILABLE,True,2024-07-02,OFFICIAL_DAILY_OBSERVATION_DATE_NO_INTRADAY_TIMESTAMP_CLAIM
2024-07-03,TECHNOLOGY,TECHNOLOGY_STAR50,DOMAIN_COMPONENT,STAR50,000688,698.96,707.36,692.81,701.78,0.38,365157494.0,138.16,50.0,26.6,csindex:index_perf,000688,OFFICIAL_HISTORICAL_VALUATION_AVAILABLE,True,2024-07-03,OFFICIAL_DAILY_OBSERVATION_DATE_NO_INTRADAY_TIMESTAMP_CLAIM
2024-07-04,TECHNOLOGY,TECHNOLOGY_STAR50,DOMAIN_COMPONENT,STAR50,000688,702.09,704.78,689.92,690.38,-1.63,321460085.0,112.87,50.0,26.17,csindex:index_perf,000688,OFFICIAL_HISTORICAL_VALUATION_AVAILABLE,True,2024-07-04,OFFICIAL_DAILY_OBSERVATION_DATE_NO_INTRADAY_TIMESTAMP_CLAIM
2024-07-05,TECHNOLOGY,TECHNOLOGY_STAR50,DOMAIN_COMPONENT,STAR50,000688,688.53,699.97,683.4,698.85,1.23,330948143.0,129.9,50.0,26.5,csindex:index_perf,000688,OFFICIAL_HISTORICAL_VALUATION_AVAILABLE,True,2024-07-05,OFFICIAL_DAILY_OBSERVATION_DATE_NO_INTRADAY_TIMESTAMP_CLAIM
2024-07-08,TECHNOLOGY,TECHNOLOGY_STAR50,DOMAIN_COMPONENT,STAR50,000688,700.02,703.63,689.85,692.49,-0.91,406966969.0,146.16,50.0,26.09,csindex:index_perf,000688,OFFICIAL_HISTORICAL_VALUATION_AVAILABLE,True,2024-07-08,OFFICIAL_DAILY_OBSERVATION_DATE_NO_INTRADAY_TIMESTAMP_CLAIM
2024-07-09,TECHNOLOGY,TECHNOLOGY_STAR50,DOMAIN_COMPONENT,STAR50,000688,689.79,712.19,689.42,709.89,2.51,516251730.0,184.57,50.0,26.61,csindex:index_perf,000688,OFFICIAL_HISTORICAL_VALUATION_AVAILABLE,True,2024-07-09,OFFICIAL_DAILY_OBSERVATION_DATE_NO_INTRADAY_TIMESTAMP_CLAIM
2024-07-10,TECHNOLOGY,TECHNOLOGY_STAR50,DOMAIN_COMPONENT,STAR50,000688,707.19,715.71,706.79,710.37,0.07,381961272.0,148.05,50.0,26.59,csindex:index_perf,000688,OFFICIAL_HISTORICAL_VALUATION_AVAILABLE,True,2024-07-10,OFFICIAL_DAILY_OBSERVATION_DATE_NO_INTRADAY_TIMESTAMP_CLAIM
2024-07-11,TECHNOLOGY,TECHNOLOGY_STAR50,DOMAIN_COMPONENT,STAR50,000688,722.04,725.02,712.0,718.04,1.08,462914072.0,185.98,50.0,26.93,csindex:index_perf,000688,OFFICIAL_HISTORICAL_VALUATION_AVAILABLE,True,2024-07-11,OFFICIAL_DAILY_OBSERVATION_DATE_NO_INTRADAY_TIMESTAMP_CLAIM
2024-07-12,TECHNOLOGY,TECHNOLOGY_STAR50,DOMAIN_COMPONENT,STAR50,000688,713.31,721.46,711.16,718.37,0.05,376064941.0,144.66,50.0,26.89,csindex:index_perf,000688,OFFICIAL_HISTORICAL_VALUATION_AVAILABLE,True,2024-07-12,OFFICIAL_DAILY_OBSERVATION_DATE_NO_INTRADAY_TIMESTAMP_CLAIM
2024-07-15,TECHNOLOGY,TECHNOLOGY_STAR50,DOMAIN_COMPONENT,STAR50,000688,716.48,720.42,712.79,715.86,-0.35,355811573.0,156.37,50.0,26.67,csindex:index_perf,000688,OFFICIAL_HISTORICAL_VALUATION_AVAILABLE,True,2024-07-15,OFFICIAL_DAILY_OBSERVATION_DATE_NO_INTRADAY_TIMESTAMP_CLAIM
2024-07-16,TECHNOLOGY,TECHNOLOGY_STAR50,DOMAIN_COMPONENT,STAR50,000688,712.76,732.69,711.71,732.06,2.26,450173820.0,223.89,50.0,27.03,csindex:index_perf,000688,OFFICIAL_HISTORICAL_VALUATION_AVAILABLE,True,2024-07-16,OFFICIAL_DAILY_OBSERVATION_DATE_NO_INTRADAY_TIMESTAMP_CLAIM
2024-07-17,TECHNOLOGY,TECHNOLOGY_STAR50,DOMAIN_COMPONENT,STAR50,000688,733.07,735.71,729.0,729.0,-0.42,448698856.0,198.71,50.0,26.94,csindex:index_perf,000688,OFFICIAL_HISTORICAL_VALUATION_AVAILABLE,True,2024-07-17,OFFICIAL_DAILY_OBSERVATION_DATE_NO_INTRADAY_TIMESTAMP_CLAIM
2024-07-18,TECHNOLOGY,TECHNOLOGY_STAR50,DOMAIN_COMPONENT,STAR50,000688,721.76,738.73,718.52,735.41,0.88,524333046.0,217.03,50.0,27.23,csindex:index_perf,000688,OFFICIAL_HISTORICAL_VALUATION_AVAILABLE,True,2024-07-18,OFFICIAL_DAILY_OBSERVATION_DATE_NO_INTRADAY_TIMESTAMP_CLAIM
2024-07-19,TECHNOLOGY,TECHNOLOGY_STAR50,DOMAIN_COMPONENT,STAR50,000688,731.41,751.2,731.4,749.47,1.91,579844364.0,249.48,50.0,27.66,csindex:index_perf,000688,OFFICIAL_HISTORICAL_VALUATION_AVAILABLE,True,2024-07-19,OFFICIAL_DAILY_OBSERVATION_DATE_NO_INTRADAY_TIMESTAMP_CLAIM
2024-07-22,TECHNOLOGY,TECHNOLOGY_STAR50,DOMAIN_COMPONENT,STAR50,000688,749.32,756.68,747.38,752.0,0.34,480597561.0,209.25,50.0,27.81,csindex:index_perf,000688,OFFICIAL_HISTORICAL_VALUATION_AVAILABLE,True,2024-07-22,OFFICIAL_DAILY_OBSERVATION_DATE_NO_INTRADAY_TIMESTAMP_CLAIM
2024-07-23,TECHNOLOGY,TECHNOLOGY_STAR50,DOMAIN_COMPONENT,STAR50,000688,750.13,750.13,720.88,721.11,-4.11,428081633.0,192.61,50.0,26.77,csindex:index_perf,000688,OFFICIAL_HISTORICAL_VALUATION_AVAILABLE,True,2024-07-23,OFFICIAL_DAILY_OBSERVATION_DATE_NO_INTRADAY_TIMESTAMP_CLAIM
2024-07-24,TECHNOLOGY,TECHNOLOGY_STAR50,DOMAIN_COMPONENT,STAR50,000688,720.47,726.31,712.33,713.32,-1.08,373510287.0,162.07,50.0,26.41,csindex:index_perf,000688,OFFICIAL_HISTORICAL_VALUATION_AVAILABLE,True,2024-07-24,OFFICIAL_DAILY_OBSERVATION_DATE_NO_INTRADAY_TIMESTAMP_CLAIM
2024-07-25,TECHNOLOGY,TECHNOLOGY_STAR50,DOMAIN_COMPONENT,STAR50,000688,708.94,722.6,708.94,713.88,0.08,382218573.0,139.51,50.0,26.53,csindex:index_perf,000688,OFFICIAL_HISTORICAL_VALUATION_AVAILABLE,True,2024-07-25,OFFICIAL_DAILY_OBSERVATION_DATE_NO_INTRADAY_TIMESTAMP_CLAIM
2024-07-26,TECHNOLOGY,TECHNOLOGY_STAR50,DOMAIN_COMPONENT,STAR50,000688,713.89,723.49,710.33,719.87,0.84,323530900.0,130.61,50.0,26.8,csindex:index_perf,000688,OFFICIAL_HISTORICAL_VALUATION_AVAILABLE,True,2024-07-26,OFFICIAL_DAILY_OBSERVATION_DATE_NO_INTRADAY_TIMESTAMP_CLAIM
2024-07-29,TECHNOLOGY,TECHNOLOGY_STAR50,DOMAIN_COMPONENT,STAR50,000688,719.55,721.22,707.6,707.6,-1.7,342202855.0,130.72,50.0,26.45,csindex:index_perf,000688,OFFICIAL_HISTORICAL_VALUATION_AVAILABLE,True,2024-07-29,OFFICIAL_DAILY_OBSERVATION_DATE_NO_INTRADAY_TIMESTAMP_CLAIM
2024-07-30,TECHNOLOGY,TECHNOLOGY_STAR50,DOMAIN_COMPONENT,STAR50,000688,706.86,712.15,699.9,710.01,0.34,324773241.0,123.48,50.0,26.41,csindex:index_perf,000688,OFFICIAL_HISTORICAL_VALUATION_AVAILABLE,True,2024-07-30,OFFICIAL_DAILY_OBSERVATION_DATE_NO_INTRADAY_TIMESTAMP_CLAIM
2024-07-31,TECHNOLOGY,TECHNOLOGY_STAR50,DOMAIN_COMPONENT,STAR50,000688,707.66,744.0,707.2,743.37,4.7,498492235.0,201.3,50.0,27.62,csindex:index_perf,000688,OFFICIAL_HISTORICAL_VALUATION_AVAILABLE,True,2024-07-31,OFFICIAL_DAILY_OBSERVATION_DATE_NO_INTRADAY_TIMESTAMP_CLAIM
2024-08-01,TECHNOLOGY,TECHNOLOGY_STAR50,DOMAIN_COMPONENT,STAR50,000688,745.96,748.77,735.58,738.87,-0.61,427619129.0,176.78,50.0,27.42,csindex:index_perf,000688,OFFICIAL_HISTORICAL_VALUATION_AVAILABLE,True,2024-08-01,OFFICIAL_DAILY_OBSERVATION_DATE_NO_INTRADAY_TIMESTAMP_CLAIM
2024-08-02,TECHNOLOGY,TECHNOLOGY_STAR50,DOMAIN_COMPONENT,STAR50,000688,730.65,742.23,723.56,725.66,-1.79,368161876.0,159.54,50.0,27.05,csindex:index_perf,000688,OFFICIAL_HISTORICAL_VALUATION_AVAILABLE,True,2024-08-02,OFFICIAL_DAILY_OBSERVATION_DATE_NO_INTRADAY_TIMESTAMP_CLAIM
2024-08-05,TECHNOLOGY,TECHNOLOGY_STAR50,DOMAIN_COMPONENT,STAR50,000688,719.16,730.29,704.26,704.3,-2.94,455944896.0,183.03,50.0,26.45,csindex:index_perf,000688,OFFICIAL_HISTORICAL_VALUATION_AVAILABLE,True,2024-08-05,OFFICIAL_DAILY_OBSERVATION_DATE_NO_INTRADAY_TIMESTAMP_CLAIM
2024-08-06,TECHNOLOGY,TECHNOLOGY_STAR50,DOMAIN_COMPONENT,STAR50,000688,714.49,717.19,705.02,713.86,1.36,380670597.0,136.86,50.0,26.83,csindex:index_perf,000688,OFFICIAL_HISTORICAL_VALUATION_AVAILABLE,True,2024-08-06,OFFICIAL_DAILY_OBSERVATION_DATE_NO_INTRADAY_TIMESTAMP_CLAIM
2024-08-07,TECHNOLOGY,TECHNOLOGY_STAR50,DOMAIN_COMPONENT,STAR50,000688,712.74,716.26,706.83,707.59,-0.88,272349975.0,109.94,50.0,26.65,csindex:index_perf,000688,OFFICIAL_HISTORICAL_VALUATION_AVAILABLE,True,2024-08-07,OFFICIAL_DAILY_OBSERVATION_DATE_NO_INTRADAY_TIMESTAMP_CLAIM
2024-08-08,TECHNOLOGY,TECHNOLOGY_STAR50,DOMAIN_COMPONENT,STAR50,000688,703.06,716.6,699.7,708.92,0.19,315469287.0,118.46,50.0,26.33,csindex:index_perf,000688,OFFICIAL_HISTORICAL_VALUATION_AVAILABLE,True,2024-08-08,OFFICIAL_DAILY_OBSERVATION_DATE_NO_INTRADAY_TIMESTAMP_CLAIM
2024-08-09,TECHNOLOGY,TECHNOLOGY_STAR50,DOMAIN_COMPONENT,STAR50,000688,717.14,719.43,705.55,705.55,-0.48,292571529.0,126.86,50.0,26.08,csindex:index_perf,000688,OFFICIAL_HISTORICAL_VALUATION_AVAILABLE,True,2024-08-09,OFFICIAL_DAILY_OBSERVATION_DATE_NO_INTRADAY_TIMESTAMP_CLAIM
2024-08-12,TECHNOLOGY,TECHNOLOGY_STAR50,DOMAIN_COMPONENT,STAR50,000688,704.37,709.21,702.95,707.33,0.25,268666617.0,100.72,50.0,26.2,csindex:index_perf,000688,OFFICIAL_HISTORICAL_VALUATION_AVAILABLE,True,2024-08-12,OFFICIAL_DAILY_OBSERVATION_DATE_NO_INTRADAY_TIMESTAMP_CLAIM
2024-08-13,TECHNOLOGY,TECHNOLOGY_STAR50,DOMAIN_COMPONENT,STAR50,000688,707.7,710.89,702.91,710.75,0.48,262761072.0,94.43,50.0,26.27,csindex:index_perf,000688,OFFICIAL_HISTORICAL_VALUATION_AVAILABLE,True,2024-08-13,OFFICIAL_DAILY_OBSERVATION_DATE_NO_INTRADAY_TIMESTAMP_CLAIM
2024-08-14,TECHNOLOGY,TECHNOLOGY_STAR50,DOMAIN_COMPONENT,STAR50,000688,711.66,711.94,700.85,700.93,-1.38,244018595.0,100.16,50.0,25.89,csindex:index_perf,000688,OFFICIAL_HISTORICAL_VALUATION_AVAILABLE,True,2024-08-14,OFFICIAL_DAILY_OBSERVATION_DATE_NO_INTRADAY_TIMESTAMP_CLAIM
2024-08-15,TECHNOLOGY,TECHNOLOGY_STAR50,DOMAIN_COMPONENT,STAR50,000688,699.09,714.46,697.86,707.55,0.94,343648840.0,122.03,50.0,26.15,csindex:index_perf,000688,OFFICIAL_HISTORICAL_VALUATION_AVAILABLE,True,2024-08-15,OFFICIAL_DAILY_OBSERVATION_DATE_NO_INTRADAY_TIMESTAMP_CLAIM
2024-08-16,TECHNOLOGY,TECHNOLOGY_STAR50,DOMAIN_COMPONENT,STAR50,000688,707.39,710.99,703.58,705.22,-0.33,270107800.0,104.05,50.0,26.06,csindex:index_perf,000688,OFFICIAL_HISTORICAL_VALUATION_AVAILABLE,True,2024-08-16,OFFICIAL_DAILY_OBSERVATION_DATE_NO_INTRADAY_TIMESTAMP_CLAIM
2024-08-19,TECHNOLOGY,TECHNOLOGY_STAR50,DOMAIN_COMPONENT,STAR50,000688,705.04,712.01,703.0,703.32,-0.27,273288747.0,114.21,50.0,25.95,csindex:index_perf,000688,OFFICIAL_HISTORICAL_VALUATION_AVAILABLE,True,2024-08-19,OFFICIAL_DAILY_OBSERVATION_DATE_NO_INTRADAY_TIMESTAMP_CLAIM
2024-08-20,TECHNOLOGY,TECHNOLOGY_STAR50,DOMAIN_COMPONENT,STAR50,000688,704.12,705.01,691.65,693.52,-1.39,251764630.0,100.89,50.0,25.65,csindex:index_perf,000688,OFFICIAL_HISTORICAL_VALUATION_AVAILABLE,True,2024-08-20,OFFICIAL_DAILY_OBSERVATION_DATE_NO_INTRADAY_TIMESTAMP_CLAIM
2024-08-21,TECHNOLOGY,TECHNOLOGY_STAR50,DOMAIN_COMPONENT,STAR50,000688,691.13,698.52,689.38,691.64,-0.27,227915781.0,106.96,50.0,25.53,csindex:index_perf,000688,OFFICIAL_HISTORICAL_VALUATION_AVAILABLE,True,2024-08-21,OFFICIAL_DAILY_OBSERVATION_DATE_NO_INTRADAY_TIMESTAMP_CLAIM
2024-08-22,TECHNOLOGY,TECHNOLOGY_STAR50,DOMAIN_COMPONENT,STAR50,000688,692.19,695.48,683.88,685.53,-0.88,281461016.0,107.55,50.0,25.39,csindex:index_perf,000688,OFFICIAL_HISTORICAL_VALUATION_AVAILABLE,True,2024-08-22,OFFICIAL_DAILY_OBSERVATION_DATE_NO_INTRADAY_TIMESTAMP_CLAIM
2024-08-23,TECHNOLOGY,TECHNOLOGY_STAR50,DOMAIN_COMPONENT,STAR50,000688,683.59,688.33,676.23,685.76,0.03,250224373.0,116.95,50.0,25.41,csindex:index_perf,000688,OFFICIAL_HISTORICAL_VALUATION_AVAILABLE,True,2024-08-23,OFFICIAL_DAILY_OBSERVATION_DATE_NO_INTRADAY_TIMESTAMP_CLAIM
2024-08-26,TECHNOLOGY,TECHNOLOGY_STAR50,DOMAIN_COMPONENT,STAR50,000688,684.77,688.92,679.61,682.5,-0.48,264956970.0,102.24,50.0,25.26,csindex:index_perf,000688,OFFICIAL_HISTORICAL_VALUATION_AVAILABLE,True,2024-08-26,OFFICIAL_DAILY_OBSERVATION_DATE_NO_INTRADAY_TIMESTAMP_CLAIM
2024-08-27,TECHNOLOGY,TECHNOLOGY_STAR50,DOMAIN_COMPONENT,STAR50,000688,679.75,679.75,672.46,674.35,-1.19,274112198.0,92.71,50.0,24.95,csindex:index_perf,000688,OFFICIAL_HISTORICAL_VALUATION_AVAILABLE,True,2024-08-27,OFFICIAL_DAILY_OBSERVATION_DATE_NO_INTRADAY_TIMESTAMP_CLAIM
2024-08-28,TECHNOLOGY,TECHNOLOGY_STAR50,DOMAIN_COMPONENT,STAR50,000688,672.97,675.11,669.13,671.22,-0.46,242983203.0,88.45,50.0,24.86,csindex:index_perf,000688,OFFICIAL_HISTORICAL_VALUATION_AVAILABLE,True,2024-08-28,OFFICIAL_DAILY_OBSERVATION_DATE_NO_INTRADAY_TIMESTAMP_CLAIM
2024-08-29,TECHNOLOGY,TECHNOLOGY_STAR50,DOMAIN_COMPONENT,STAR50,000688,667.88,683.33,666.41,679.59,1.25,296257423.0,100.95,50.0,25.2,csindex:index_perf,000688,OFFICIAL_HISTORICAL_VALUATION_AVAILABLE,True,2024-08-29,OFFICIAL_DAILY_OBSERVATION_DATE_NO_INTRADAY_TIMESTAMP_CLAIM
2024-08-30,TECHNOLOGY,TECHNOLOGY_STAR50,DOMAIN_COMPONENT,STAR50,000688,678.61,700.03,677.54,694.16,2.14,466204547.0,172.84,50.0,25.64,csindex:index_perf,000688,OFFICIAL_HISTORICAL_VALUATION_AVAILABLE,True,2024-08-30,OFFICIAL_DAILY_OBSERVATION_DATE_NO_INTRADAY_TIMESTAMP_CLAIM
2024-09-02,TECHNOLOGY,TECHNOLOGY_STAR50,DOMAIN_COMPONENT,STAR50,000688,693.67,694.42,670.01,670.01,-3.48,408179847.0,142.0,50.0,31.41,csindex:index_perf,000688,OFFICIAL_HISTORICAL_VALUATION_AVAILABLE,True,2024-09-02,OFFICIAL_DAILY_OBSERVATION_DATE_NO_INTRADAY_TIMESTAMP_CLAIM
2024-09-03,TECHNOLOGY,TECHNOLOGY_STAR50,DOMAIN_COMPONENT,STAR50,000688,670.06,681.48,670.06,674.96,0.74,306555868.0,115.17,50.0,31.69,csindex:index_perf,000688,OFFICIAL_HISTORICAL_VALUATION_AVAILABLE,True,2024-09-03,OFFICIAL_DAILY_OBSERVATION_DATE_NO_INTRADAY_TIMESTAMP_CLAIM
2024-09-04,TECHNOLOGY,TECHNOLOGY_STAR50,DOMAIN_COMPONENT,STAR50,000688,668.93,679.17,666.9,672.28,-0.4,241035793.0,90.81,50.0,31.6,csindex:index_perf,000688,OFFICIAL_HISTORICAL_VALUATION_AVAILABLE,True,2024-09-04,OFFICIAL_DAILY_OBSERVATION_DATE_NO_INTRADAY_TIMESTAMP_CLAIM
2024-09-05,TECHNOLOGY,TECHNOLOGY_STAR50,DOMAIN_COMPONENT,STAR50,000688,673.0,680.79,668.46,671.26,-0.15,242829293.0,111.49,50.0,31.77,csindex:index_perf,000688,OFFICIAL_HISTORICAL_VALUATION_AVAILABLE,True,2024-09-05,OFFICIAL_DAILY_OBSERVATION_DATE_NO_INTRADAY_TIMESTAMP_CLAIM
2024-09-06,TECHNOLOGY,TECHNOLOGY_STAR50,DOMAIN_COMPONENT,STAR50,000688,672.62,673.97,662.34,662.34,-1.33,246938906.0,96.05,50.0,31.3,csindex:index_perf,000688,OFFICIAL_HISTORICAL_VALUATION_AVAILABLE,True,2024-09-06,OFFICIAL_DAILY_OBSERVATION_DATE_NO_INTRADAY_TIMESTAMP_CLAIM
2024-09-09,TECHNOLOGY,TECHNOLOGY_STAR50,DOMAIN_COMPONENT,STAR50,000688,659.5,665.67,652.93,654.94,-1.12,249732704.0,95.61,50.0,30.94,csindex:index_perf,000688,OFFICIAL_HISTORICAL_VALUATION_AVAILABLE,True,2024-09-09,OFFICIAL_DAILY_OBSERVATION_DATE_NO_INTRADAY_TIMESTAMP_CLAIM
2024-09-10,TECHNOLOGY,TECHNOLOGY_STAR50,DOMAIN_COMPONENT,STAR50,000688,656.04,663.83,648.62,660.01,0.77,249426507.0,93.91,50.0,31.14,csindex:index_perf,000688,OFFICIAL_HISTORICAL_VALUATION_AVAILABLE,True,2024-09-10,OFFICIAL_DAILY_OBSERVATION_DATE_NO_INTRADAY_TIMESTAMP_CLAIM
2024-09-11,TECHNOLOGY,TECHNOLOGY_STAR50,DOMAIN_COMPONENT,STAR50,000688,657.39,665.77,656.82,664.33,0.65,292335092.0,104.75,50.0,31.46,csindex:index_perf,000688,OFFICIAL_HISTORICAL_VALUATION_AVAILABLE,True,2024-09-11,OFFICIAL_DAILY_OBSERVATION_DATE_NO_INTRADAY_TIMESTAMP_CLAIM
2024-09-12,TECHNOLOGY,TECHNOLOGY_STAR50,DOMAIN_COMPONENT,STAR50,000688,666.22,671.87,658.67,658.85,-0.82,300827653.0,96.91,50.0,31.21,csindex:index_perf,000688,OFFICIAL_HISTORICAL_VALUATION_AVAILABLE,True,2024-09-12,OFFICIAL_DAILY_OBSERVATION_DATE_NO_INTRADAY_TIMESTAMP_CLAIM
2024-09-13,TECHNOLOGY,TECHNOLOGY_STAR50,DOMAIN_COMPONENT,STAR50,000688,658.98,662.89,650.7,655.05,-0.58,346360491.0,117.87,50.0,31.08,csindex:index_perf,000688,OFFICIAL_HISTORICAL_VALUATION_AVAILABLE,True,2024-09-13,OFFICIAL_DAILY_OBSERVATION_DATE_NO_INTRADAY_TIMESTAMP_CLAIM
2024-09-18,TECHNOLOGY,TECHNOLOGY_STAR50,DOMAIN_COMPONENT,STAR50,000688,654.51,654.51,641.91,647.41,-1.17,299156433.0,105.72,50.0,30.84,csindex:index_perf,000688,OFFICIAL_HISTORICAL_VALUATION_AVAILABLE,True,2024-09-18,OFFICIAL_DAILY_OBSERVATION_DATE_NO_INTRADAY_TIMESTAMP_CLAIM
2024-09-19,TECHNOLOGY,TECHNOLOGY_STAR50,DOMAIN_COMPONENT,STAR50,000688,649.73,658.36,642.79,651.47,0.63,347059592.0,111.48,50.0,31.05,csindex:index_perf,000688,OFFICIAL_HISTORICAL_VALUATION_AVAILABLE,True,2024-09-19,OFFICIAL_DAILY_OBSERVATION_DATE_NO_INTRADAY_TIMESTAMP_CLAIM
2024-09-20,TECHNOLOGY,TECHNOLOGY_STAR50,DOMAIN_COMPONENT,STAR50,000688,651.82,654.16,642.6,648.36,-0.48,286888778.0,98.34,50.0,30.94,csindex:index_perf,000688,OFFICIAL_HISTORICAL_VALUATION_AVAILABLE,True,2024-09-20,OFFICIAL_DAILY_OBSERVATION_DATE_NO_INTRADAY_TIMESTAMP_CLAIM
2024-09-23,TECHNOLOGY,TECHNOLOGY_STAR50,DOMAIN_COMPONENT,STAR50,000688,649.0,654.24,643.04,643.04,-0.82,275770620.0,102.99,50.0,30.64,csindex:index_perf,000688,OFFICIAL_HISTORICAL_VALUATION_AVAILABLE,True,2024-09-23,OFFICIAL_DAILY_OBSERVATION_DATE_NO_INTRADAY_TIMESTAMP_CLAIM
2024-09-24,TECHNOLOGY,TECHNOLOGY_STAR50,DOMAIN_COMPONENT,STAR50,000688,648.13,667.27,640.35,667.05,3.73,511201020.0,174.92,50.0,31.71,csindex:index_perf,000688,OFFICIAL_HISTORICAL_VALUATION_AVAILABLE,True,2024-09-24,OFFICIAL_DAILY_OBSERVATION_DATE_NO_INTRADAY_TIMESTAMP_CLAIM
2024-09-25,TECHNOLOGY,TECHNOLOGY_STAR50,DOMAIN_COMPONENT,STAR50,000688,673.18,684.43,667.07,667.34,0.04,522622288.0,190.37,50.0,31.76,csindex:index_perf,000688,OFFICIAL_HISTORICAL_VALUATION_AVAILABLE,True,2024-09-25,OFFICIAL_DAILY_OBSERVATION_DATE_NO_INTRADAY_TIMESTAMP_CLAIM
2024-09-26,TECHNOLOGY,TECHNOLOGY_STAR50,DOMAIN_COMPONENT,STAR50,000688,667.55,693.46,663.16,693.15,3.87,536397129.0,192.6,50.0,32.98,csindex:index_perf,000688,OFFICIAL_HISTORICAL_VALUATION_AVAILABLE,True,2024-09-26,OFFICIAL_DAILY_OBSERVATION_DATE_NO_INTRADAY_TIMESTAMP_CLAIM
2024-09-27,TECHNOLOGY,TECHNOLOGY_STAR50,DOMAIN_COMPONENT,STAR50,000688,704.52,742.96,704.29,740.02,6.76,500850183.0,175.3,50.0,35.18,csindex:index_perf,000688,OFFICIAL_HISTORICAL_VALUATION_AVAILABLE,True,2024-09-27,OFFICIAL_DAILY_OBSERVATION_DATE_NO_INTRADAY_TIMESTAMP_CLAIM
2024-09-30,TECHNOLOGY,TECHNOLOGY_STAR50,DOMAIN_COMPONENT,STAR50,000688,782.31,872.37,776.45,872.37,17.88,1637527856.0,600.96,50.0,41.28,csindex:index_perf,000688,OFFICIAL_HISTORICAL_VALUATION_AVAILABLE,True,2024-09-30,OFFICIAL_DAILY_OBSERVATION_DATE_NO_INTRADAY_TIMESTAMP_CLAIM
2024-10-08,TECHNOLOGY,TECHNOLOGY_STAR50,DOMAIN_COMPONENT,STAR50,000688,1045.05,1045.05,972.34,1023.97,17.38,2291390563.0,905.65,50.0,48.09,csindex:index_perf,000688,OFFICIAL_HISTORICAL_VALUATION_AVAILABLE,True,2024-10-08,OFFICIAL_DAILY_OBSERVATION_DATE_NO_INTRADAY_TIMESTAMP_CLAIM
2024-10-09,TECHNOLOGY,TECHNOLOGY_STAR50,DOMAIN_COMPONENT,STAR50,000688,993.78,1084.68,958.46,997.85,-2.55,2367512512.0,1290.09,50.0,45.4,csindex:index_perf,000688,OFFICIAL_HISTORICAL_VALUATION_AVAILABLE,True,2024-10-09,OFFICIAL_DAILY_OBSERVATION_DATE_NO_INTRADAY_TIMESTAMP_CLAIM
2024-10-10,TECHNOLOGY,TECHNOLOGY_STAR50,DOMAIN_COMPONENT,STAR50,000688,1014.36,1016.57,940.09,954.17,-4.38,1541633947.0,781.43,50.0,44.27,csindex:index_perf,000688,OFFICIAL_HISTORICAL_VALUATION_AVAILABLE,True,2024-10-10,OFFICIAL_DAILY_OBSERVATION_DATE_NO_INTRADAY_TIMESTAMP_CLAIM
2024-10-11,TECHNOLOGY,TECHNOLOGY_STAR50,DOMAIN_COMPONENT,STAR50,000688,939.57,946.52,889.11,898.9,-5.79,1057682433.0,501.77,50.0,41.93,csindex:index_perf,000688,OFFICIAL_HISTORICAL_VALUATION_AVAILABLE,True,2024-10-11,OFFICIAL_DAILY_OBSERVATION_DATE_NO_INTRADAY_TIMESTAMP_CLAIM
2024-10-14,TECHNOLOGY,TECHNOLOGY_STAR50,DOMAIN_COMPONENT,STAR50,000688,904.14,931.81,873.52,925.96,3.01,1076626678.0,516.75,50.0,42.82,csindex:index_perf,000688,OFFICIAL_HISTORICAL_VALUATION_AVAILABLE,True,2024-10-14,OFFICIAL_DAILY_OBSERVATION_DATE_NO_INTRADAY_TIMESTAMP_CLAIM
2024-10-15,TECHNOLOGY,TECHNOLOGY_STAR50,DOMAIN_COMPONENT,STAR50,000688,920.99,942.25,898.83,898.83,-2.93,931997092.0,473.09,50.0,41.54,csindex:index_perf,000688,OFFICIAL_HISTORICAL_VALUATION_AVAILABLE,True,2024-10-15,OFFICIAL_DAILY_OBSERVATION_DATE_NO_INTRADAY_TIMESTAMP_CLAIM
2024-10-16,TECHNOLOGY,TECHNOLOGY_STAR50,DOMAIN_COMPONENT,STAR50,000688,874.27,896.31,872.16,875.69,-2.57,733104696.0,336.92,50.0,40.43,csindex:index_perf,000688,OFFICIAL_HISTORICAL_VALUATION_AVAILABLE,True,2024-10-16,OFFICIAL_DAILY_OBSERVATION_DATE_NO_INTRADAY_TIMESTAMP_CLAIM
2024-10-17,TECHNOLOGY,TECHNOLOGY_STAR50,DOMAIN_COMPONENT,STAR50,000688,897.2,901.12,878.74,879.1,0.39,746998568.0,381.81,50.0,40.35,csindex:index_perf,000688,OFFICIAL_HISTORICAL_VALUATION_AVAILABLE,True,2024-10-17,OFFICIAL_DAILY_OBSERVATION_DATE_NO_INTRADAY_TIMESTAMP_CLAIM
2024-10-18,TECHNOLOGY,TECHNOLOGY_STAR50,DOMAIN_COMPONENT,STAR50,000688,879.95,1008.07,876.68,978.66,11.33,1526347034.0,784.41,50.0,44.06,csindex:index_perf,000688,OFFICIAL_HISTORICAL_VALUATION_AVAILABLE,True,2024-10-18,OFFICIAL_DAILY_OBSERVATION_DATE_NO_INTRADAY_TIMESTAMP_CLAIM
2024-10-21,TECHNOLOGY,TECHNOLOGY_STAR50,DOMAIN_COMPONENT,STAR50,000688,999.54,1063.85,977.88,1000.37,2.22,1848234444.0,1037.39,50.0,44.84,csindex:index_perf,000688,OFFICIAL_HISTORICAL_VALUATION_AVAILABLE,True,2024-10-21,OFFICIAL_DAILY_OBSERVATION_DATE_NO_INTRADAY_TIMESTAMP_CLAIM
2024-10-22,TECHNOLOGY,TECHNOLOGY_STAR50,DOMAIN_COMPONENT,STAR50,000688,988.7,1002.96,969.86,985.83,-1.45,1299285299.0,667.89,50.0,44.4,csindex:index_perf,000688,OFFICIAL_HISTORICAL_VALUATION_AVAILABLE,True,2024-10-22,OFFICIAL_DAILY_OBSERVATION_DATE_NO_INTRADAY_TIMESTAMP_CLAIM
2024-10-23,TECHNOLOGY,TECHNOLOGY_STAR50,DOMAIN_COMPONENT,STAR50,000688,976.25,1003.96,971.69,979.15,-0.68,1261816218.0,573.86,50.0,44.51,csindex:index_perf,000688,OFFICIAL_HISTORICAL_VALUATION_AVAILABLE,True,2024-10-23,OFFICIAL_DAILY_OBSERVATION_DATE_NO_INTRADAY_TIMESTAMP_CLAIM
2024-10-24,TECHNOLOGY,TECHNOLOGY_STAR50,DOMAIN_COMPONENT,STAR50,000688,968.99,988.04,968.49,977.6,-0.16,868664719.0,434.25,50.0,44.1,csindex:index_perf,000688,OFFICIAL_HISTORICAL_VALUATION_AVAILABLE,True,2024-10-24,OFFICIAL_DAILY_OBSERVATION_DATE_NO_INTRADAY_TIMESTAMP_CLAIM
2024-10-25,TECHNOLOGY,TECHNOLOGY_STAR50,DOMAIN_COMPONENT,STAR50,000688,981.41,1016.08,974.48,991.22,1.39,1157389543.0,512.61,50.0,44.98,csindex:index_perf,000688,OFFICIAL_HISTORICAL_VALUATION_AVAILABLE,True,2024-10-25,OFFICIAL_DAILY_OBSERVATION_DATE_NO_INTRADAY_TIMESTAMP_CLAIM
2024-10-28,TECHNOLOGY,TECHNOLOGY_STAR50,DOMAIN_COMPONENT,STAR50,000688,988.43,991.13,976.52,986.56,-0.47,907848156.0,409.95,50.0,44.62,csindex:index_perf,000688,OFFICIAL_HISTORICAL_VALUATION_AVAILABLE,True,2024-10-28,OFFICIAL_DAILY_OBSERVATION_DATE_NO_INTRADAY_TIMESTAMP_CLAIM
2024-10-29,TECHNOLOGY,TECHNOLOGY_STAR50,DOMAIN_COMPONENT,STAR50,000688,988.5,1006.86,975.03,975.37,-1.13,1039213435.0,523.56,50.0,44.1,csindex:index_perf,000688,OFFICIAL_HISTORICAL_VALUATION_AVAILABLE,True,2024-10-29,OFFICIAL_DAILY_OBSERVATION_DATE_NO_INTRADAY_TIMESTAMP_CLAIM
2024-10-30,TECHNOLOGY,TECHNOLOGY_STAR50,DOMAIN_COMPONENT,STAR50,000688,967.84,976.4,949.33,958.82,-1.7,962893541.0,479.77,50.0,43.35,csindex:index_perf,000688,OFFICIAL_HISTORICAL_VALUATION_AVAILABLE,True,2024-10-30,OFFICIAL_DAILY_OBSERVATION_DATE_NO_INTRADAY_TIMESTAMP_CLAIM
2024-10-31,TECHNOLOGY,TECHNOLOGY_STAR50,DOMAIN_COMPONENT,STAR50,000688,960.68,978.18,947.58,969.45,1.11,1080036035.0,558.35,50.0,43.86,csindex:index_perf,000688,OFFICIAL_HISTORICAL_VALUATION_AVAILABLE,True,2024-10-31,OFFICIAL_DAILY_OBSERVATION_DATE_NO_INTRADAY_TIMESTAMP_CLAIM
2024-11-01,TECHNOLOGY,TECHNOLOGY_STAR50,DOMAIN_COMPONENT,STAR50,000688,960.21,967.84,939.76,939.76,-3.06,867759933.0,434.09,50.0,46.5,csindex:index_perf,000688,OFFICIAL_HISTORICAL_VALUATION_AVAILABLE,True,2024-11-01,OFFICIAL_DAILY_OBSERVATION_DATE_NO_INTRADAY_TIMESTAMP_CLAIM
2024-11-04,TECHNOLOGY,TECHNOLOGY_STAR50,DOMAIN_COMPONENT,STAR50,000688,938.19,955.9,937.97,954.67,1.59,622598493.0,321.24,50.0,47.31,csindex:index_perf,000688,OFFICIAL_HISTORICAL_VALUATION_AVAILABLE,True,2024-11-04,OFFICIAL_DAILY_OBSERVATION_DATE_NO_INTRADAY_TIMESTAMP_CLAIM
2024-11-05,TECHNOLOGY,TECHNOLOGY_STAR50,DOMAIN_COMPONENT,STAR50,000688,954.14,997.89,950.39,996.17,4.35,1167570210.0,582.42,50.0,49.08,csindex:index_perf,000688,OFFICIAL_HISTORICAL_VALUATION_AVAILABLE,True,2024-11-05,OFFICIAL_DAILY_OBSERVATION_DATE_NO_INTRADAY_TIMESTAMP_CLAIM
2024-11-06,TECHNOLOGY,TECHNOLOGY_STAR50,DOMAIN_COMPONENT,STAR50,000688,1002.06,1017.12,986.43,998.09,0.19,1265136478.0,612.12,50.0,49.05,csindex:index_perf,000688,OFFICIAL_HISTORICAL_VALUATION_AVAILABLE,True,2024-11-06,OFFICIAL_DAILY_OBSERVATION_DATE_NO_INTRADAY_TIMESTAMP_CLAIM
2024-11-07,TECHNOLOGY,TECHNOLOGY_STAR50,DOMAIN_COMPONENT,STAR50,000688,986.5,1038.03,984.56,1028.44,3.04,1284113836.0,579.41,50.0,50.43,csindex:index_perf,000688,OFFICIAL_HISTORICAL_VALUATION_AVAILABLE,True,2024-11-07,OFFICIAL_DAILY_OBSERVATION_DATE_NO_INTRADAY_TIMESTAMP_CLAIM
2024-11-08,TECHNOLOGY,TECHNOLOGY_STAR50,DOMAIN_COMPONENT,STAR50,000688,1053.45,1070.95,1025.43,1025.64,-0.27,1697143980.0,804.87,50.0,50.67,csindex:index_perf,000688,OFFICIAL_HISTORICAL_VALUATION_AVAILABLE,True,2024-11-08,OFFICIAL_DAILY_OBSERVATION_DATE_NO_INTRADAY_TIMESTAMP_CLAIM
2024-11-11,TECHNOLOGY,TECHNOLOGY_STAR50,DOMAIN_COMPONENT,STAR50,000688,1033.55,1074.52,1028.1,1073.84,4.7,1814167034.0,835.63,50.0,52.86,csindex:index_perf,000688,OFFICIAL_HISTORICAL_VALUATION_AVAILABLE,True,2024-11-11,OFFICIAL_DAILY_OBSERVATION_DATE_NO_INTRADAY_TIMESTAMP_CLAIM
2024-11-12,TECHNOLOGY,TECHNOLOGY_STAR50,DOMAIN_COMPONENT,STAR50,000688,1070.64,1080.57,1040.91,1050.54,-2.17,1514569984.0,707.94,50.0,51.65,csindex:index_perf,000688,OFFICIAL_HISTORICAL_VALUATION_AVAILABLE,True,2024-11-12,OFFICIAL_DAILY_OBSERVATION_DATE_NO_INTRADAY_TIMESTAMP_CLAIM
2024-11-13,TECHNOLOGY,TECHNOLOGY_STAR50,DOMAIN_COMPONENT,STAR50,000688,1042.2,1062.65,1039.58,1061.37,1.03,1091457243.0,562.33,50.0,51.95,csindex:index_perf,000688,OFFICIAL_HISTORICAL_VALUATION_AVAILABLE,True,2024-11-13,OFFICIAL_DAILY_OBSERVATION_DATE_NO_INTRADAY_TIMESTAMP_CLAIM
2024-11-14,TECHNOLOGY,TECHNOLOGY_STAR50,DOMAIN_COMPONENT,STAR50,000688,1056.21,1065.2,1024.55,1027.32,-3.21,951590028.0,486.73,50.0,50.35,csindex:index_perf,000688,OFFICIAL_HISTORICAL_VALUATION_AVAILABLE,True,2024-11-14,OFFICIAL_DAILY_OBSERVATION_DATE_NO_INTRADAY_TIMESTAMP_CLAIM
2024-11-15,TECHNOLOGY,TECHNOLOGY_STAR50,DOMAIN_COMPONENT,STAR50,000688,1024.6,1030.27,986.86,986.88,-3.94,968850259.0,473.16,50.0,48.48,csindex:index_perf,000688,OFFICIAL_HISTORICAL_VALUATION_AVAILABLE,True,2024-11-15,OFFICIAL_DAILY_OBSERVATION_DATE_NO_INTRADAY_TIMESTAMP_CLAIM
2024-11-18,TECHNOLOGY,TECHNOLOGY_STAR50,DOMAIN_COMPONENT,STAR50,000688,989.4,1001.99,962.83,968.71,-1.84,865925760.0,412.5,50.0,47.57,csindex:index_perf,000688,OFFICIAL_HISTORICAL_VALUATION_AVAILABLE,True,2024-11-18,OFFICIAL_DAILY_OBSERVATION_DATE_NO_INTRADAY_TIMESTAMP_CLAIM
2024-11-19,TECHNOLOGY,TECHNOLOGY_STAR50,DOMAIN_COMPONENT,STAR50,000688,974.0,999.96,960.01,998.01,3.02,758963630.0,377.74,50.0,48.96,csindex:index_perf,000688,OFFICIAL_HISTORICAL_VALUATION_AVAILABLE,True,2024-11-19,OFFICIAL_DAILY_OBSERVATION_DATE_NO_INTRADAY_TIMESTAMP_CLAIM
2024-11-20,TECHNOLOGY,TECHNOLOGY_STAR50,DOMAIN_COMPONENT,STAR50,000688,992.67,1008.56,988.26,1002.54,0.45,681479498.0,343.99,50.0,49.21,csindex:index_perf,000688,OFFICIAL_HISTORICAL_VALUATION_AVAILABLE,True,2024-11-20,OFFICIAL_DAILY_OBSERVATION_DATE_NO_INTRADAY_TIMESTAMP_CLAIM
2024-11-21,TECHNOLOGY,TECHNOLOGY_STAR50,DOMAIN_COMPONENT,STAR50,000688,1002.97,1020.0,999.56,1011.46,0.89,730221561.0,396.56,50.0,49.36,csindex:index_perf,000688,OFFICIAL_HISTORICAL_VALUATION_AVAILABLE,True,2024-11-21,OFFICIAL_DAILY_OBSERVATION_DATE_NO_INTRADAY_TIMESTAMP_CLAIM
2024-11-22,TECHNOLOGY,TECHNOLOGY_STAR50,DOMAIN_COMPONENT,STAR50,000688,1011.64,1018.51,968.96,969.35,-4.16,797046574.0,408.78,50.0,47.48,csindex:index_perf,000688,OFFICIAL_HISTORICAL_VALUATION_AVAILABLE,True,2024-11-22,OFFICIAL_DAILY_OBSERVATION_DATE_NO_INTRADAY_TIMESTAMP_CLAIM
2024-11-25,TECHNOLOGY,TECHNOLOGY_STAR50,DOMAIN_COMPONENT,STAR50,000688,970.82,974.29,941.21,957.92,-1.18,682298864.0,361.14,50.0,46.98,csindex:index_perf,000688,OFFICIAL_HISTORICAL_VALUATION_AVAILABLE,True,2024-11-25,OFFICIAL_DAILY_OBSERVATION_DATE_NO_INTRADAY_TIMESTAMP_CLAIM
2024-11-26,TECHNOLOGY,TECHNOLOGY_STAR50,DOMAIN_COMPONENT,STAR50,000688,955.58,967.92,950.51,951.59,-0.66,516596889.0,223.14,50.0,46.66,csindex:index_perf,000688,OFFICIAL_HISTORICAL_VALUATION_AVAILABLE,True,2024-11-26,OFFICIAL_DAILY_OBSERVATION_DATE_NO_INTRADAY_TIMESTAMP_CLAIM
2024-11-27,TECHNOLOGY,TECHNOLOGY_STAR50,DOMAIN_COMPONENT,STAR50,000688,947.95,987.98,940.87,985.97,3.61,732682282.0,374.6,50.0,48.11,csindex:index_perf,000688,OFFICIAL_HISTORICAL_VALUATION_AVAILABLE,True,2024-11-27,OFFICIAL_DAILY_OBSERVATION_DATE_NO_INTRADAY_TIMESTAMP_CLAIM
2024-11-28,TECHNOLOGY,TECHNOLOGY_STAR50,DOMAIN_COMPONENT,STAR50,000688,985.79,1003.42,981.37,983.68,-0.23,702852183.0,349.06,50.0,47.93,csindex:index_perf,000688,OFFICIAL_HISTORICAL_VALUATION_AVAILABLE,True,2024-11-28,OFFICIAL_DAILY_OBSERVATION_DATE_NO_INTRADAY_TIMESTAMP_CLAIM
2024-11-29,TECHNOLOGY,TECHNOLOGY_STAR50,DOMAIN_COMPONENT,STAR50,000688,980.43,1024.53,978.39,1007.39,2.41,880084499.0,426.39,50.0,48.93,csindex:index_perf,000688,OFFICIAL_HISTORICAL_VALUATION_AVAILABLE,True,2024-11-29,OFFICIAL_DAILY_OBSERVATION_DATE_NO_INTRADAY_TIMESTAMP_CLAIM
2024-12-02,TECHNOLOGY,TECHNOLOGY_STAR50,DOMAIN_COMPONENT,STAR50,000688,1008.71,1022.59,1002.06,1015.79,0.83,882093802.0,389.8,50.0,49.5,csindex:index_perf,000688,OFFICIAL_HISTORICAL_VALUATION_AVAILABLE,True,2024-12-02,OFFICIAL_DAILY_OBSERVATION_DATE_NO_INTRADAY_TIMESTAMP_CLAIM
2024-12-03,TECHNOLOGY,TECHNOLOGY_STAR50,DOMAIN_COMPONENT,STAR50,000688,1017.07,1021.7,997.11,1005.26,-1.04,772046020.0,330.91,50.0,49.06,csindex:index_perf,000688,OFFICIAL_HISTORICAL_VALUATION_AVAILABLE,True,2024-12-03,OFFICIAL_DAILY_OBSERVATION_DATE_NO_INTRADAY_TIMESTAMP_CLAIM
2024-12-04,TECHNOLOGY,TECHNOLOGY_STAR50,DOMAIN_COMPONENT,STAR50,000688,1020.08,1023.06,995.2,999.36,-0.59,885706863.0,383.09,50.0,48.91,csindex:index_perf,000688,OFFICIAL_HISTORICAL_VALUATION_AVAILABLE,True,2024-12-04,OFFICIAL_DAILY_OBSERVATION_DATE_NO_INTRADAY_TIMESTAMP_CLAIM
2024-12-05,TECHNOLOGY,TECHNOLOGY_STAR50,DOMAIN_COMPONENT,STAR50,000688,993.17,1006.57,992.89,1001.84,0.25,590800606.0,271.67,50.0,48.92,csindex:index_perf,000688,OFFICIAL_HISTORICAL_VALUATION_AVAILABLE,True,2024-12-05,OFFICIAL_DAILY_OBSERVATION_DATE_NO_INTRADAY_TIMESTAMP_CLAIM
2024-12-06,TECHNOLOGY,TECHNOLOGY_STAR50,DOMAIN_COMPONENT,STAR50,000688,1004.77,1024.84,994.63,1014.45,1.26,809886055.0,332.84,50.0,49.62,csindex:index_perf,000688,OFFICIAL_HISTORICAL_VALUATION_AVAILABLE,True,2024-12-06,OFFICIAL_DAILY_OBSERVATION_DATE_NO_INTRADAY_TIMESTAMP_CLAIM
2024-12-09,TECHNOLOGY,TECHNOLOGY_STAR50,DOMAIN_COMPONENT,STAR50,000688,1012.88,1016.94,995.41,1003.38,-1.09,674342315.0,294.64,50.0,49.32,csindex:index_perf,000688,OFFICIAL_HISTORICAL_VALUATION_AVAILABLE,True,2024-12-09,OFFICIAL_DAILY_OBSERVATION_DATE_NO_INTRADAY_TIMESTAMP_CLAIM
2024-12-10,TECHNOLOGY,TECHNOLOGY_STAR50,DOMAIN_COMPONENT,STAR50,000688,1051.53,1051.9,1008.5,1010.91,0.75,897720009.0,433.68,50.0,49.55,csindex:index_perf,000688,OFFICIAL_HISTORICAL_VALUATION_AVAILABLE,True,2024-12-10,OFFICIAL_DAILY_OBSERVATION_DATE_NO_INTRADAY_TIMESTAMP_CLAIM
2024-12-11,TECHNOLOGY,TECHNOLOGY_STAR50,DOMAIN_COMPONENT,STAR50,000688,1007.55,1016.83,1004.36,1007.19,-0.37,829932454.0,342.9,50.0,49.16,csindex:index_perf,000688,OFFICIAL_HISTORICAL_VALUATION_AVAILABLE,True,2024-12-11,OFFICIAL_DAILY_OBSERVATION_DATE_NO_INTRADAY_TIMESTAMP_CLAIM
2024-12-12,TECHNOLOGY,TECHNOLOGY_STAR50,DOMAIN_COMPONENT,STAR50,000688,1008.14,1014.56,999.06,1010.9,0.37,795871997.0,342.75,50.0,49.14,csindex:index_perf,000688,OFFICIAL_HISTORICAL_VALUATION_AVAILABLE,True,2024-12-12,OFFICIAL_DAILY_OBSERVATION_DATE_NO_INTRADAY_TIMESTAMP_CLAIM
2024-12-13,TECHNOLOGY,TECHNOLOGY_STAR50,DOMAIN_COMPONENT,STAR50,000688,1003.99,1009.35,988.73,989.78,-2.09,1493424530.0,564.6,50.0,48.06,csindex:index_perf,000688,OFFICIAL_HISTORICAL_VALUATION_AVAILABLE,True,2024-12-13,OFFICIAL_DAILY_OBSERVATION_DATE_NO_INTRADAY_TIMESTAMP_CLAIM
2024-12-16,TECHNOLOGY,TECHNOLOGY_STAR50,DOMAIN_COMPONENT,STAR50,000688,990.57,992.36,971.1,975.27,-1.47,834927456.0,368.55,50.0,47.26,csindex:index_perf,000688,OFFICIAL_HISTORICAL_VALUATION_AVAILABLE,True,2024-12-16,OFFICIAL_DAILY_OBSERVATION_DATE_NO_INTRADAY_TIMESTAMP_CLAIM
2024-12-17,TECHNOLOGY,TECHNOLOGY_STAR50,DOMAIN_COMPONENT,STAR50,000688,974.04,980.57,965.49,967.28,-0.82,540282605.0,251.79,50.0,46.95,csindex:index_perf,000688,OFFICIAL_HISTORICAL_VALUATION_AVAILABLE,True,2024-12-17,OFFICIAL_DAILY_OBSERVATION_DATE_NO_INTRADAY_TIMESTAMP_CLAIM
2024-12-18,TECHNOLOGY,TECHNOLOGY_STAR50,DOMAIN_COMPONENT,STAR50,000688,970.46,984.76,965.56,981.51,1.47,557128791.0,310.08,50.0,47.2,csindex:index_perf,000688,OFFICIAL_HISTORICAL_VALUATION_AVAILABLE,True,2024-12-18,OFFICIAL_DAILY_OBSERVATION_DATE_NO_INTRADAY_TIMESTAMP_CLAIM
2024-12-19,TECHNOLOGY,TECHNOLOGY_STAR50,DOMAIN_COMPONENT,STAR50,000688,969.38,997.8,967.86,993.0,1.17,659808529.0,381.95,50.0,47.61,csindex:index_perf,000688,OFFICIAL_HISTORICAL_VALUATION_AVAILABLE,True,2024-12-19,OFFICIAL_DAILY_OBSERVATION_DATE_NO_INTRADAY_TIMESTAMP_CLAIM
2024-12-20,TECHNOLOGY,TECHNOLOGY_STAR50,DOMAIN_COMPONENT,STAR50,000688,990.06,1024.72,989.41,1011.21,1.83,947624295.0,569.05,50.0,48.03,csindex:index_perf,000688,OFFICIAL_HISTORICAL_VALUATION_AVAILABLE,True,2024-12-20,OFFICIAL_DAILY_OBSERVATION_DATE_NO_INTRADAY_TIMESTAMP_CLAIM
2024-12-23,TECHNOLOGY,TECHNOLOGY_STAR50,DOMAIN_COMPONENT,STAR50,000688,1011.19,1025.81,996.89,998.61,-1.25,878762426.0,530.13,50.0,47.72,csindex:index_perf,000688,OFFICIAL_HISTORICAL_VALUATION_AVAILABLE,True,2024-12-23,OFFICIAL_DAILY_OBSERVATION_DATE_NO_INTRADAY_TIMESTAMP_CLAIM
2024-12-24,TECHNOLOGY,TECHNOLOGY_STAR50,DOMAIN_COMPONENT,STAR50,000688,1002.5,1015.87,991.3,1014.02,1.54,676624072.0,385.37,50.0,48.42,csindex:index_perf,000688,OFFICIAL_HISTORICAL_VALUATION_AVAILABLE,True,2024-12-24,OFFICIAL_DAILY_OBSERVATION_DATE_NO_INTRADAY_TIMESTAMP_CLAIM
2024-12-25,TECHNOLOGY,TECHNOLOGY_STAR50,DOMAIN_COMPONENT,STAR50,000688,1018.57,1024.95,1009.71,1017.36,0.33,696305801.0,426.8,50.0,48.82,csindex:index_perf,000688,OFFICIAL_HISTORICAL_VALUATION_AVAILABLE,True,2024-12-25,OFFICIAL_DAILY_OBSERVATION_DATE_NO_INTRADAY_TIMESTAMP_CLAIM
2024-12-26,TECHNOLOGY,TECHNOLOGY_STAR50,DOMAIN_COMPONENT,STAR50,000688,1014.07,1030.67,1010.94,1027.02,0.95,725416393.0,451.18,50.0,49.2,csindex:index_perf,000688,OFFICIAL_HISTORICAL_VALUATION_AVAILABLE,True,2024-12-26,OFFICIAL_DAILY_OBSERVATION_DATE_NO_INTRADAY_TIMESTAMP_CLAIM
2024-12-27,TECHNOLOGY,TECHNOLOGY_STAR50,DOMAIN_COMPONENT,STAR50,000688,1026.71,1044.15,1016.98,1018.58,-0.82,845229294.0,506.41,50.0,48.9,csindex:index_perf,000688,OFFICIAL_HISTORICAL_VALUATION_AVAILABLE,True,2024-12-27,OFFICIAL_DAILY_OBSERVATION_DATE_NO_INTRADAY_TIMESTAMP_CLAIM
2024-12-30,TECHNOLOGY,TECHNOLOGY_STAR50,DOMAIN_COMPONENT,STAR50,000688,1014.78,1031.46,1011.1,1020.63,0.2,687428291.0,421.39,50.0,48.84,csindex:index_perf,000688,OFFICIAL_HISTORICAL_VALUATION_AVAILABLE,True,2024-12-30,OFFICIAL_DAILY_OBSERVATION_DATE_NO_INTRADAY_TIMESTAMP_CLAIM
2024-12-31,TECHNOLOGY,TECHNOLOGY_STAR50,DOMAIN_COMPONENT,STAR50,000688,1020.52,1021.41,988.93,988.93,-3.11,729141242.0,387.41,50.0,47.63,csindex:index_perf,000688,OFFICIAL_HISTORICAL_VALUATION_AVAILABLE,True,2024-12-31,OFFICIAL_DAILY_OBSERVATION_DATE_NO_INTRADAY_TIMESTAMP_CLAIM
2025-01-02,TECHNOLOGY,TECHNOLOGY_STAR50,DOMAIN_COMPONENT,STAR50,000688,986.82,986.82,945.45,955.33,-3.4,746345556.0,407.85,50.0,45.88,csindex:index_perf,000688,OFFICIAL_HISTORICAL_VALUATION_AVAILABLE,True,2025-01-02,OFFICIAL_DAILY_OBSERVATION_DATE_NO_INTRADAY_TIMESTAMP_CLAIM
2025-01-03,TECHNOLOGY,TECHNOLOGY_STAR50,DOMAIN_COMPONENT,STAR50,000688,955.72,963.23,941.25,941.82,-1.41,602927367.0,307.58,50.0,45.33,csindex:index_perf,000688,OFFICIAL_HISTORICAL_VALUATION_AVAILABLE,True,2025-01-03,OFFICIAL_DAILY_OBSERVATION_DATE_NO_INTRADAY_TIMESTAMP_CLAIM
2025-01-06,TECHNOLOGY,TECHNOLOGY_STAR50,DOMAIN_COMPONENT,STAR50,000688,943.76,949.59,931.0,938.71,-0.33,494765389.0,264.31,50.0,44.93,csindex:index_perf,000688,OFFICIAL_HISTORICAL_VALUATION_AVAILABLE,True,2025-01-06,OFFICIAL_DAILY_OBSERVATION_DATE_NO_INTRADAY_TIMESTAMP_CLAIM
2025-01-07,TECHNOLOGY,TECHNOLOGY_STAR50,DOMAIN_COMPONENT,STAR50,000688,938.6,966.07,936.65,965.53,2.86,560780232.0,333.74,50.0,45.82,csindex:index_perf,000688,OFFICIAL_HISTORICAL_VALUATION_AVAILABLE,True,2025-01-07,OFFICIAL_DAILY_OBSERVATION_DATE_NO_INTRADAY_TIMESTAMP_CLAIM
2025-01-08,TECHNOLOGY,TECHNOLOGY_STAR50,DOMAIN_COMPONENT,STAR50,000688,956.71,976.62,937.82,965.12,-0.04,617672416.0,356.5,50.0,45.8,csindex:index_perf,000688,OFFICIAL_HISTORICAL_VALUATION_AVAILABLE,True,2025-01-08,OFFICIAL_DAILY_OBSERVATION_DATE_NO_INTRADAY_TIMESTAMP_CLAIM
2025-01-09,TECHNOLOGY,TECHNOLOGY_STAR50,DOMAIN_COMPONENT,STAR50,000688,962.23,972.47,960.54,961.44,-0.38,545885378.0,287.4,50.0,45.7,csindex:index_perf,000688,OFFICIAL_HISTORICAL_VALUATION_AVAILABLE,True,2025-01-09,OFFICIAL_DAILY_OBSERVATION_DATE_NO_INTRADAY_TIMESTAMP_CLAIM
2025-01-10,TECHNOLOGY,TECHNOLOGY_STAR50,DOMAIN_COMPONENT,STAR50,000688,962.22,980.75,950.59,950.59,-1.13,653186020.0,380.11,50.0,44.89,csindex:index_perf,000688,OFFICIAL_HISTORICAL_VALUATION_AVAILABLE,True,2025-01-10,OFFICIAL_DAILY_OBSERVATION_DATE_NO_INTRADAY_TIMESTAMP_CLAIM
2025-01-13,TECHNOLOGY,TECHNOLOGY_STAR50,DOMAIN_COMPONENT,STAR50,000688,938.38,955.08,936.78,952.19,0.17,518265363.0,297.04,50.0,45.08,csindex:index_perf,000688,OFFICIAL_HISTORICAL_VALUATION_AVAILABLE,True,2025-01-13,OFFICIAL_DAILY_OBSERVATION_DATE_NO_INTRADAY_TIMESTAMP_CLAIM
2025-01-14,TECHNOLOGY,TECHNOLOGY_STAR50,DOMAIN_COMPONENT,STAR50,000688,958.49,984.03,946.63,981.78,3.11,717669791.0,404.5,50.0,46.73,csindex:index_perf,000688,OFFICIAL_HISTORICAL_VALUATION_AVAILABLE,True,2025-01-14,OFFICIAL_DAILY_OBSERVATION_DATE_NO_INTRADAY_TIMESTAMP_CLAIM
2025-01-15,TECHNOLOGY,TECHNOLOGY_STAR50,DOMAIN_COMPONENT,STAR50,000688,976.13,988.86,970.82,977.66,-0.42,657254631.0,356.51,50.0,46.47,csindex:index_perf,000688,OFFICIAL_HISTORICAL_VALUATION_AVAILABLE,True,2025-01-15,OFFICIAL_DAILY_OBSERVATION_DATE_NO_INTRADAY_TIMESTAMP_CLAIM
2025-01-16,TECHNOLOGY,TECHNOLOGY_STAR50,DOMAIN_COMPONENT,STAR50,000688,982.09,991.9,954.15,956.4,-2.18,747426043.0,476.32,50.0,45.97,csindex:index_perf,000688,OFFICIAL_HISTORICAL_VALUATION_AVAILABLE,True,2025-01-16,OFFICIAL_DAILY_OBSERVATION_DATE_NO_INTRADAY_TIMESTAMP_CLAIM
2025-01-17,TECHNOLOGY,TECHNOLOGY_STAR50,DOMAIN_COMPONENT,STAR50,000688,949.84,977.81,947.84,965.9,0.99,664767047.0,395.5,50.0,46.41,csindex:index_perf,000688,OFFICIAL_HISTORICAL_VALUATION_AVAILABLE,True,2025-01-17,OFFICIAL_DAILY_OBSERVATION_DATE_NO_INTRADAY_TIMESTAMP_CLAIM
2025-01-20,TECHNOLOGY,TECHNOLOGY_STAR50,DOMAIN_COMPONENT,STAR50,000688,969.84,978.22,962.4,968.27,0.25,565571926.0,322.31,50.0,46.5,csindex:index_perf,000688,OFFICIAL_HISTORICAL_VALUATION_AVAILABLE,True,2025-01-20,OFFICIAL_DAILY_OBSERVATION_DATE_NO_INTRADAY_TIMESTAMP_CLAIM
2025-01-21,TECHNOLOGY,TECHNOLOGY_STAR50,DOMAIN_COMPONENT,STAR50,000688,973.91,980.15,964.86,976.3,0.83,641570762.0,375.8,50.0,46.75,csindex:index_perf,000688,OFFICIAL_HISTORICAL_VALUATION_AVAILABLE,True,2025-01-21,OFFICIAL_DAILY_OBSERVATION_DATE_NO_INTRADAY_TIMESTAMP_CLAIM
2025-01-22,TECHNOLOGY,TECHNOLOGY_STAR50,DOMAIN_COMPONENT,STAR50,000688,972.21,980.41,967.67,975.34,-0.1,547772168.0,321.19,50.0,46.59,csindex:index_perf,000688,OFFICIAL_HISTORICAL_VALUATION_AVAILABLE,True,2025-01-22,OFFICIAL_DAILY_OBSERVATION_DATE_NO_INTRADAY_TIMESTAMP_CLAIM
2025-01-23,TECHNOLOGY,TECHNOLOGY_STAR50,DOMAIN_COMPONENT,STAR50,000688,987.26,994.77,966.11,966.11,-0.95,662841822.0,369.1,50.0,46.37,csindex:index_perf,000688,OFFICIAL_HISTORICAL_VALUATION_AVAILABLE,True,2025-01-23,OFFICIAL_DAILY_OBSERVATION_DATE_NO_INTRADAY_TIMESTAMP_CLAIM
2025-01-24,TECHNOLOGY,TECHNOLOGY_STAR50,DOMAIN_COMPONENT,STAR50,000688,966.09,980.43,966.09,974.83,0.9,545581953.0,302.04,50.0,46.9,csindex:index_perf,000688,OFFICIAL_HISTORICAL_VALUATION_AVAILABLE,True,2025-01-24,OFFICIAL_DAILY_OBSERVATION_DATE_NO_INTRADAY_TIMESTAMP_CLAIM
2025-01-27,TECHNOLOGY,TECHNOLOGY_STAR50,DOMAIN_COMPONENT,STAR50,000688,972.19,975.96,954.9,955.09,-2.03,534105584.0,321.68,50.0,46.34,csindex:index_perf,000688,OFFICIAL_HISTORICAL_VALUATION_AVAILABLE,True,2025-01-27,OFFICIAL_DAILY_OBSERVATION_DATE_NO_INTRADAY_TIMESTAMP_CLAIM
2025-02-05,TECHNOLOGY,TECHNOLOGY_STAR50,DOMAIN_COMPONENT,STAR50,000688,989.12,989.53,974.99,982.83,2.9,787830014.0,528.04,50.0,47.69,csindex:index_perf,000688,OFFICIAL_HISTORICAL_VALUATION_AVAILABLE,True,2025-02-05,OFFICIAL_DAILY_OBSERVATION_DATE_NO_INTRADAY_TIMESTAMP_CLAIM
2025-02-06,TECHNOLOGY,TECHNOLOGY_STAR50,DOMAIN_COMPONENT,STAR50,000688,977.02,1012.88,975.37,1011.22,2.89,901897926.0,536.51,50.0,48.98,csindex:index_perf,000688,OFFICIAL_HISTORICAL_VALUATION_AVAILABLE,True,2025-02-06,OFFICIAL_DAILY_OBSERVATION_DATE_NO_INTRADAY_TIMESTAMP_CLAIM
2025-02-07,TECHNOLOGY,TECHNOLOGY_STAR50,DOMAIN_COMPONENT,STAR50,000688,1011.06,1035.17,1003.24,1018.8,0.75,1043693929.0,575.5,50.0,49.04,csindex:index_perf,000688,OFFICIAL_HISTORICAL_VALUATION_AVAILABLE,True,2025-02-07,OFFICIAL_DAILY_OBSERVATION_DATE_NO_INTRADAY_TIMESTAMP_CLAIM
2025-02-10,TECHNOLOGY,TECHNOLOGY_STAR50,DOMAIN_COMPONENT,STAR50,000688,1023.02,1038.02,1018.37,1036.77,1.76,821804821.0,488.07,50.0,49.51,csindex:index_perf,000688,OFFICIAL_HISTORICAL_VALUATION_AVAILABLE,True,2025-02-10,OFFICIAL_DAILY_OBSERVATION_DATE_NO_INTRADAY_TIMESTAMP_CLAIM
2025-02-11,TECHNOLOGY,TECHNOLOGY_STAR50,DOMAIN_COMPONENT,STAR50,000688,1034.95,1038.6,1018.39,1024.41,-1.19,722229778.0,406.95,50.0,48.83,csindex:index_perf,000688,OFFICIAL_HISTORICAL_VALUATION_AVAILABLE,True,2025-02-11,OFFICIAL_DAILY_OBSERVATION_DATE_NO_INTRADAY_TIMESTAMP_CLAIM
2025-02-12,TECHNOLOGY,TECHNOLOGY_STAR50,DOMAIN_COMPONENT,STAR50,000688,1026.87,1042.13,1021.57,1041.14,1.63,817007254.0,475.69,50.0,49.8,csindex:index_perf,000688,OFFICIAL_HISTORICAL_VALUATION_AVAILABLE,True,2025-02-12,OFFICIAL_DAILY_OBSERVATION_DATE_NO_INTRADAY_TIMESTAMP_CLAIM
2025-02-13,TECHNOLOGY,TECHNOLOGY_STAR50,DOMAIN_COMPONENT,STAR50,000688,1040.42,1041.98,1016.23,1017.09,-2.31,706633808.0,421.9,50.0,48.62,csindex:index_perf,000688,OFFICIAL_HISTORICAL_VALUATION_AVAILABLE,True,2025-02-13,OFFICIAL_DAILY_OBSERVATION_DATE_NO_INTRADAY_TIMESTAMP_CLAIM
2025-02-14,TECHNOLOGY,TECHNOLOGY_STAR50,DOMAIN_COMPONENT,STAR50,000688,1012.61,1024.96,1008.28,1022.46,0.53,730172173.0,429.56,50.0,49.02,csindex:index_perf,000688,OFFICIAL_HISTORICAL_VALUATION_AVAILABLE,True,2025-02-14,OFFICIAL_DAILY_OBSERVATION_DATE_NO_INTRADAY_TIMESTAMP_CLAIM
2025-02-17,TECHNOLOGY,TECHNOLOGY_STAR50,DOMAIN_COMPONENT,STAR50,000688,1030.86,1039.75,1026.89,1037.31,1.45,796916174.0,471.56,50.0,49.61,csindex:index_perf,000688,OFFICIAL_HISTORICAL_VALUATION_AVAILABLE,True,2025-02-17,OFFICIAL_DAILY_OBSERVATION_DATE_NO_INTRADAY_TIMESTAMP_CLAIM
2025-02-18,TECHNOLOGY,TECHNOLOGY_STAR50,DOMAIN_COMPONENT,STAR50,000688,1034.63,1036.5,1006.94,1011.17,-2.52,783746491.0,422.57,50.0,48.65,csindex:index_perf,000688,OFFICIAL_HISTORICAL_VALUATION_AVAILABLE,True,2025-02-18,OFFICIAL_DAILY_OBSERVATION_DATE_NO_INTRADAY_TIMESTAMP_CLAIM
2025-02-19,TECHNOLOGY,TECHNOLOGY_STAR50,DOMAIN_COMPONENT,STAR50,000688,1010.67,1035.06,1010.37,1034.57,2.31,960904689.0,479.71,50.0,49.58,csindex:index_perf,000688,OFFICIAL_HISTORICAL_VALUATION_AVAILABLE,True,2025-02-19,OFFICIAL_DAILY_OBSERVATION_DATE_NO_INTRADAY_TIMESTAMP_CLAIM
2025-02-20,TECHNOLOGY,TECHNOLOGY_STAR50,DOMAIN_COMPONENT,STAR50,000688,1034.79,1041.62,1025.92,1033.09,-0.14,831691895.0,411.04,50.0,49.63,csindex:index_perf,000688,OFFICIAL_HISTORICAL_VALUATION_AVAILABLE,True,2025-02-20,OFFICIAL_DAILY_OBSERVATION_DATE_NO_INTRADAY_TIMESTAMP_CLAIM
2025-02-21,TECHNOLOGY,TECHNOLOGY_STAR50,DOMAIN_COMPONENT,STAR50,000688,1042.4,1098.6,1038.85,1094.77,5.97,1263189168.0,812.44,50.0,52.09,csindex:index_perf,000688,OFFICIAL_HISTORICAL_VALUATION_AVAILABLE,True,2025-02-21,OFFICIAL_DAILY_OBSERVATION_DATE_NO_INTRADAY_TIMESTAMP_CLAIM
2025-02-24,TECHNOLOGY,TECHNOLOGY_STAR50,DOMAIN_COMPONENT,STAR50,000688,1093.03,1110.06,1084.57,1100.05,0.48,1007704669.0,616.14,50.0,51.91,csindex:index_perf,000688,OFFICIAL_HISTORICAL_VALUATION_AVAILABLE,True,2025-02-24,OFFICIAL_DAILY_OBSERVATION_DATE_NO_INTRADAY_TIMESTAMP_CLAIM
2025-02-25,TECHNOLOGY,TECHNOLOGY_STAR50,DOMAIN_COMPONENT,STAR50,000688,1083.94,1119.3,1079.49,1102.9,0.26,992674442.0,618.59,50.0,51.83,csindex:index_perf,000688,OFFICIAL_HISTORICAL_VALUATION_AVAILABLE,True,2025-02-25,OFFICIAL_DAILY_OBSERVATION_DATE_NO_INTRADAY_TIMESTAMP_CLAIM
2025-02-26,TECHNOLOGY,TECHNOLOGY_STAR50,DOMAIN_COMPONENT,STAR50,000688,1108.58,1129.63,1093.27,1126.82,2.17,1177727772.0,657.08,50.0,52.98,csindex:index_perf,000688,OFFICIAL_HISTORICAL_VALUATION_AVAILABLE,True,2025-02-26,OFFICIAL_DAILY_OBSERVATION_DATE_NO_INTRADAY_TIMESTAMP_CLAIM
2025-02-27,TECHNOLOGY,TECHNOLOGY_STAR50,DOMAIN_COMPONENT,STAR50,000688,1127.25,1140.37,1101.52,1126.29,-0.05,1059824213.0,639.18,50.0,52.88,csindex:index_perf,000688,OFFICIAL_HISTORICAL_VALUATION_AVAILABLE,True,2025-02-27,OFFICIAL_DAILY_OBSERVATION_DATE_NO_INTRADAY_TIMESTAMP_CLAIM
2025-02-28,TECHNOLOGY,TECHNOLOGY_STAR50,DOMAIN_COMPONENT,STAR50,000688,1118.52,1123.56,1076.01,1078.8,-4.22,1100278172.0,654.04,50.0,51.02,csindex:index_perf,000688,OFFICIAL_HISTORICAL_VALUATION_AVAILABLE,True,2025-02-28,OFFICIAL_DAILY_OBSERVATION_DATE_NO_INTRADAY_TIMESTAMP_CLAIM
2025-03-03,TECHNOLOGY,TECHNOLOGY_STAR50,DOMAIN_COMPONENT,STAR50,000688,1079.64,1087.72,1055.77,1062.35,-1.52,896283915.0,525.1,50.0,50.5,csindex:index_perf,000688,OFFICIAL_HISTORICAL_VALUATION_AVAILABLE,True,2025-03-03,OFFICIAL_DAILY_OBSERVATION_DATE_NO_INTRADAY_TIMESTAMP_CLAIM
2025-03-04,TECHNOLOGY,TECHNOLOGY_STAR50,DOMAIN_COMPONENT,STAR50,000688,1052.47,1088.53,1050.25,1080.66,1.72,810914621.0,480.22,50.0,50.99,csindex:index_perf,000688,OFFICIAL_HISTORICAL_VALUATION_AVAILABLE,True,2025-03-04,OFFICIAL_DAILY_OBSERVATION_DATE_NO_INTRADAY_TIMESTAMP_CLAIM
2025-03-05,TECHNOLOGY,TECHNOLOGY_STAR50,DOMAIN_COMPONENT,STAR50,000688,1081.1,1090.47,1072.06,1083.82,0.29,715338429.0,414.75,50.0,50.97,csindex:index_perf,000688,OFFICIAL_HISTORICAL_VALUATION_AVAILABLE,True,2025-03-05,OFFICIAL_DAILY_OBSERVATION_DATE_NO_INTRADAY_TIMESTAMP_CLAIM
2025-03-06,TECHNOLOGY,TECHNOLOGY_STAR50,DOMAIN_COMPONENT,STAR50,000688,1100.44,1125.64,1099.72,1121.58,3.48,956305494.0,623.25,50.0,52.72,csindex:index_perf,000688,OFFICIAL_HISTORICAL_VALUATION_AVAILABLE,True,2025-03-06,OFFICIAL_DAILY_OBSERVATION_DATE_NO_INTRADAY_TIMESTAMP_CLAIM
2025-03-07,TECHNOLOGY,TECHNOLOGY_STAR50,DOMAIN_COMPONENT,STAR50,000688,1113.84,1120.98,1102.61,1107.62,-1.24,807235865.0,459.82,50.0,52.24,csindex:index_perf,000688,OFFICIAL_HISTORICAL_VALUATION_AVAILABLE,True,2025-03-07,OFFICIAL_DAILY_OBSERVATION_DATE_NO_INTRADAY_TIMESTAMP_CLAIM
2025-03-10,TECHNOLOGY,TECHNOLOGY_STAR50,DOMAIN_COMPONENT,STAR50,000688,1107.31,1111.74,1088.34,1105.16,-0.22,740080048.0,428.49,50.0,52.01,csindex:index_perf,000688,OFFICIAL_HISTORICAL_VALUATION_AVAILABLE,True,2025-03-10,OFFICIAL_DAILY_OBSERVATION_DATE_NO_INTRADAY_TIMESTAMP_CLAIM
2025-03-11,TECHNOLOGY,TECHNOLOGY_STAR50,DOMAIN_COMPONENT,STAR50,000688,1086.38,1102.91,1085.46,1100.74,-0.4,688111474.0,379.54,50.0,51.55,csindex:index_perf,000688,OFFICIAL_HISTORICAL_VALUATION_AVAILABLE,True,2025-03-11,OFFICIAL_DAILY_OBSERVATION_DATE_NO_INTRADAY_TIMESTAMP_CLAIM
2025-03-12,TECHNOLOGY,TECHNOLOGY_STAR50,DOMAIN_COMPONENT,STAR50,000688,1107.96,1112.16,1092.67,1092.71,-0.73,658625820.0,397.1,50.0,51.35,csindex:index_perf,000688,OFFICIAL_HISTORICAL_VALUATION_AVAILABLE,True,2025-03-12,OFFICIAL_DAILY_OBSERVATION_DATE_NO_INTRADAY_TIMESTAMP_CLAIM
2025-03-13,TECHNOLOGY,TECHNOLOGY_STAR50,DOMAIN_COMPONENT,STAR50,000688,1093.59,1094.89,1064.25,1069.7,-2.11,723402721.0,383.4,50.0,50.42,csindex:index_perf,000688,OFFICIAL_HISTORICAL_VALUATION_AVAILABLE,True,2025-03-13,OFFICIAL_DAILY_OBSERVATION_DATE_NO_INTRADAY_TIMESTAMP_CLAIM
2025-03-14,TECHNOLOGY,TECHNOLOGY_STAR50,DOMAIN_COMPONENT,STAR50,000688,1070.8,1089.26,1069.01,1088.11,1.72,730353908.0,404.88,50.0,51.2,csindex:index_perf,000688,OFFICIAL_HISTORICAL_VALUATION_AVAILABLE,True,2025-03-14,OFFICIAL_DAILY_OBSERVATION_DATE_NO_INTRADAY_TIMESTAMP_CLAIM
2025-03-17,TECHNOLOGY,TECHNOLOGY_STAR50,DOMAIN_COMPONENT,STAR50,000688,1090.0,1090.11,1077.49,1083.21,-0.45,640170601.0,323.64,50.0,50.53,csindex:index_perf,000688,OFFICIAL_HISTORICAL_VALUATION_AVAILABLE,True,2025-03-17,OFFICIAL_DAILY_OBSERVATION_DATE_NO_INTRADAY_TIMESTAMP_CLAIM
2025-03-18,TECHNOLOGY,TECHNOLOGY_STAR50,DOMAIN_COMPONENT,STAR50,000688,1087.34,1103.49,1087.34,1089.83,0.61,647930605.0,332.82,50.0,50.82,csindex:index_perf,000688,OFFICIAL_HISTORICAL_VALUATION_AVAILABLE,True,2025-03-18,OFFICIAL_DAILY_OBSERVATION_DATE_NO_INTRADAY_TIMESTAMP_CLAIM
2025-03-19,TECHNOLOGY,TECHNOLOGY_STAR50,DOMAIN_COMPONENT,STAR50,000688,1084.9,1089.63,1075.1,1076.94,-1.18,541079408.0,303.28,50.0,50.49,csindex:index_perf,000688,OFFICIAL_HISTORICAL_VALUATION_AVAILABLE,True,2025-03-19,OFFICIAL_DAILY_OBSERVATION_DATE_NO_INTRADAY_TIMESTAMP_CLAIM
2025-03-20,TECHNOLOGY,TECHNOLOGY_STAR50,DOMAIN_COMPONENT,STAR50,000688,1075.13,1076.37,1064.25,1064.79,-1.13,509089878.0,287.49,50.0,49.88,csindex:index_perf,000688,OFFICIAL_HISTORICAL_VALUATION_AVAILABLE,True,2025-03-20,OFFICIAL_DAILY_OBSERVATION_DATE_NO_INTRADAY_TIMESTAMP_CLAIM
2025-03-21,TECHNOLOGY,TECHNOLOGY_STAR50,DOMAIN_COMPONENT,STAR50,000688,1063.33,1065.41,1036.37,1042.89,-2.06,621512087.0,356.52,50.0,48.89,csindex:index_perf,000688,OFFICIAL_HISTORICAL_VALUATION_AVAILABLE,True,2025-03-21,OFFICIAL_DAILY_OBSERVATION_DATE_NO_INTRADAY_TIMESTAMP_CLAIM
2025-03-24,TECHNOLOGY,TECHNOLOGY_STAR50,DOMAIN_COMPONENT,STAR50,000688,1042.33,1048.17,1029.91,1045.94,0.29,595845576.0,306.77,50.0,49.04,csindex:index_perf,000688,OFFICIAL_HISTORICAL_VALUATION_AVAILABLE,True,2025-03-24,OFFICIAL_DAILY_OBSERVATION_DATE_NO_INTRADAY_TIMESTAMP_CLAIM
2025-03-25,TECHNOLOGY,TECHNOLOGY_STAR50,DOMAIN_COMPONENT,STAR50,000688,1045.85,1049.31,1028.54,1031.7,-1.36,503432923.0,284.14,50.0,48.57,csindex:index_perf,000688,OFFICIAL_HISTORICAL_VALUATION_AVAILABLE,True,2025-03-25,OFFICIAL_DAILY_OBSERVATION_DATE_NO_INTRADAY_TIMESTAMP_CLAIM
2025-03-26,TECHNOLOGY,TECHNOLOGY_STAR50,DOMAIN_COMPONENT,STAR50,000688,1029.81,1040.22,1028.8,1029.05,-0.26,422890173.0,212.36,50.0,48.37,csindex:index_perf,000688,OFFICIAL_HISTORICAL_VALUATION_AVAILABLE,True,2025-03-26,OFFICIAL_DAILY_OBSERVATION_DATE_NO_INTRADAY_TIMESTAMP_CLAIM
2025-03-27,TECHNOLOGY,TECHNOLOGY_STAR50,DOMAIN_COMPONENT,STAR50,000688,1028.69,1053.22,1026.2,1040.57,1.12,531008510.0,311.49,50.0,48.89,csindex:index_perf,000688,OFFICIAL_HISTORICAL_VALUATION_AVAILABLE,True,2025-03-27,OFFICIAL_DAILY_OBSERVATION_DATE_NO_INTRADAY_TIMESTAMP_CLAIM
2025-03-28,TECHNOLOGY,TECHNOLOGY_STAR50,DOMAIN_COMPONENT,STAR50,000688,1037.76,1044.92,1029.46,1029.48,-1.07,425316968.0,243.71,50.0,48.5,csindex:index_perf,000688,OFFICIAL_HISTORICAL_VALUATION_AVAILABLE,True,2025-03-28,OFFICIAL_DAILY_OBSERVATION_DATE_NO_INTRADAY_TIMESTAMP_CLAIM
2025-03-31,TECHNOLOGY,TECHNOLOGY_STAR50,DOMAIN_COMPONENT,STAR50,000688,1024.26,1031.34,1011.97,1022.71,-0.66,510965440.0,266.11,50.0,48.11,csindex:index_perf,000688,OFFICIAL_HISTORICAL_VALUATION_AVAILABLE,True,2025-03-31,OFFICIAL_DAILY_OBSERVATION_DATE_NO_INTRADAY_TIMESTAMP_CLAIM
2025-04-01,TECHNOLOGY,TECHNOLOGY_STAR50,DOMAIN_COMPONENT,STAR50,000688,1027.96,1037.32,1022.78,1024.38,0.16,508244261.0,285.42,50.0,48.37,csindex:index_perf,000688,OFFICIAL_HISTORICAL_VALUATION_AVAILABLE,True,2025-04-01,OFFICIAL_DAILY_OBSERVATION_DATE_NO_INTRADAY_TIMESTAMP_CLAIM
2025-04-02,TECHNOLOGY,TECHNOLOGY_STAR50,DOMAIN_COMPONENT,STAR50,000688,1021.82,1030.91,1020.38,1022.75,-0.16,354801680.0,180.36,50.0,48.34,csindex:index_perf,000688,OFFICIAL_HISTORICAL_VALUATION_AVAILABLE,True,2025-04-02,OFFICIAL_DAILY_OBSERVATION_DATE_NO_INTRADAY_TIMESTAMP_CLAIM
2025-04-03,TECHNOLOGY,TECHNOLOGY_STAR50,DOMAIN_COMPONENT,STAR50,000688,1011.6,1030.55,1011.6,1018.07,-0.46,463622367.0,279.17,50.0,48.1,csindex:index_perf,000688,OFFICIAL_HISTORICAL_VALUATION_AVAILABLE,True,2025-04-03,OFFICIAL_DAILY_OBSERVATION_DATE_NO_INTRADAY_TIMESTAMP_CLAIM
2025-04-07,TECHNOLOGY,TECHNOLOGY_STAR50,DOMAIN_COMPONENT,STAR50,000688,960.49,982.77,877.71,924.17,-9.22,1168939792.0,554.45,50.0,43.87,csindex:index_perf,000688,OFFICIAL_HISTORICAL_VALUATION_AVAILABLE,True,2025-04-07,OFFICIAL_DAILY_OBSERVATION_DATE_NO_INTRADAY_TIMESTAMP_CLAIM
2025-04-08,TECHNOLOGY,TECHNOLOGY_STAR50,DOMAIN_COMPONENT,STAR50,000688,932.24,950.74,923.67,940.09,1.72,894676893.0,405.48,50.0,44.73,csindex:index_perf,000688,OFFICIAL_HISTORICAL_VALUATION_AVAILABLE,True,2025-04-08,OFFICIAL_DAILY_OBSERVATION_DATE_NO_INTRADAY_TIMESTAMP_CLAIM
2025-04-09,TECHNOLOGY,TECHNOLOGY_STAR50,DOMAIN_COMPONENT,STAR50,000688,922.86,992.34,917.35,980.57,4.31,925387597.0,503.19,50.0,46.46,csindex:index_perf,000688,OFFICIAL_HISTORICAL_VALUATION_AVAILABLE,True,2025-04-09,OFFICIAL_DAILY_OBSERVATION_DATE_NO_INTRADAY_TIMESTAMP_CLAIM
2025-04-10,TECHNOLOGY,TECHNOLOGY_STAR50,DOMAIN_COMPONENT,STAR50,000688,1003.68,1006.15,985.71,991.22,1.09,698586429.0,378.3,50.0,47.07,csindex:index_perf,000688,OFFICIAL_HISTORICAL_VALUATION_AVAILABLE,True,2025-04-10,OFFICIAL_DAILY_OBSERVATION_DATE_NO_INTRADAY_TIMESTAMP_CLAIM
2025-04-11,TECHNOLOGY,TECHNOLOGY_STAR50,DOMAIN_COMPONENT,STAR50,000688,990.83,1027.54,987.83,1011.71,2.07,756411666.0,436.08,50.0,47.89,csindex:index_perf,000688,OFFICIAL_HISTORICAL_VALUATION_AVAILABLE,True,2025-04-11,OFFICIAL_DAILY_OBSERVATION_DATE_NO_INTRADAY_TIMESTAMP_CLAIM
2025-04-14,TECHNOLOGY,TECHNOLOGY_STAR50,DOMAIN_COMPONENT,STAR50,000688,1018.26,1025.44,1006.17,1014.28,0.25,553808671.0,318.46,50.0,47.86,csindex:index_perf,000688,OFFICIAL_HISTORICAL_VALUATION_AVAILABLE,True,2025-04-14,OFFICIAL_DAILY_OBSERVATION_DATE_NO_INTRADAY_TIMESTAMP_CLAIM
2025-04-15,TECHNOLOGY,TECHNOLOGY_STAR50,DOMAIN_COMPONENT,STAR50,000688,1011.67,1012.02,995.82,1006.34,-0.78,410208546.0,224.37,50.0,47.77,csindex:index_perf,000688,OFFICIAL_HISTORICAL_VALUATION_AVAILABLE,True,2025-04-15,OFFICIAL_DAILY_OBSERVATION_DATE_NO_INTRADAY_TIMESTAMP_CLAIM
2025-04-16,TECHNOLOGY,TECHNOLOGY_STAR50,DOMAIN_COMPONENT,STAR50,000688,1016.76,1017.14,996.4,1014.51,0.81,461582074.0,280.46,50.0,48.16,csindex:index_perf,000688,OFFICIAL_HISTORICAL_VALUATION_AVAILABLE,True,2025-04-16,OFFICIAL_DAILY_OBSERVATION_DATE_NO_INTRADAY_TIMESTAMP_CLAIM
2025-04-17,TECHNOLOGY,TECHNOLOGY_STAR50,DOMAIN_COMPONENT,STAR50,000688,1007.63,1024.04,1006.77,1016.81,0.23,374853289.0,241.16,50.0,48.02,csindex:index_perf,000688,OFFICIAL_HISTORICAL_VALUATION_AVAILABLE,True,2025-04-17,OFFICIAL_DAILY_OBSERVATION_DATE_NO_INTRADAY_TIMESTAMP_CLAIM
2025-04-18,TECHNOLOGY,TECHNOLOGY_STAR50,DOMAIN_COMPONENT,STAR50,000688,1011.51,1012.93,1003.43,1008.6,-0.81,300095971.0,167.11,50.0,47.64,csindex:index_perf,000688,OFFICIAL_HISTORICAL_VALUATION_AVAILABLE,True,2025-04-18,OFFICIAL_DAILY_OBSERVATION_DATE_NO_INTRADAY_TIMESTAMP_CLAIM
2025-04-21,TECHNOLOGY,TECHNOLOGY_STAR50,DOMAIN_COMPONENT,STAR50,000688,1012.81,1021.38,1008.56,1019.41,1.07,339410900.0,229.51,50.0,48.13,csindex:index_perf,000688,OFFICIAL_HISTORICAL_VALUATION_AVAILABLE,True,2025-04-21,OFFICIAL_DAILY_OBSERVATION_DATE_NO_INTRADAY_TIMESTAMP_CLAIM
2025-04-22,TECHNOLOGY,TECHNOLOGY_STAR50,DOMAIN_COMPONENT,STAR50,000688,1018.42,1023.5,1012.6,1016.22,-0.31,427546700.0,235.89,50.0,48.16,csindex:index_perf,000688,OFFICIAL_HISTORICAL_VALUATION_AVAILABLE,True,2025-04-22,OFFICIAL_DAILY_OBSERVATION_DATE_NO_INTRADAY_TIMESTAMP_CLAIM
2025-04-23,TECHNOLOGY,TECHNOLOGY_STAR50,DOMAIN_COMPONENT,STAR50,000688,1019.02,1022.66,1010.09,1012.65,-0.35,405506800.0,230.97,50.0,47.92,csindex:index_perf,000688,OFFICIAL_HISTORICAL_VALUATION_AVAILABLE,True,2025-04-23,OFFICIAL_DAILY_OBSERVATION_DATE_NO_INTRADAY_TIMESTAMP_CLAIM
2025-04-24,TECHNOLOGY,TECHNOLOGY_STAR50,DOMAIN_COMPONENT,STAR50,000688,1012.33,1012.4,1000.46,1003.32,-0.92,360620600.0,200.51,50.0,47.49,csindex:index_perf,000688,OFFICIAL_HISTORICAL_VALUATION_AVAILABLE,True,2025-04-24,OFFICIAL_DAILY_OBSERVATION_DATE_NO_INTRADAY_TIMESTAMP_CLAIM
2025-04-25,TECHNOLOGY,TECHNOLOGY_STAR50,DOMAIN_COMPONENT,STAR50,000688,1003.87,1011.59,997.98,1004.57,0.13,388692700.0,202.74,50.0,47.54,csindex:index_perf,000688,OFFICIAL_HISTORICAL_VALUATION_AVAILABLE,True,2025-04-25,OFFICIAL_DAILY_OBSERVATION_DATE_NO_INTRADAY_TIMESTAMP_CLAIM
2025-04-28,TECHNOLOGY,TECHNOLOGY_STAR50,DOMAIN_COMPONENT,STAR50,000688,1004.05,1008.59,997.9,1002.83,-0.17,357234800.0,186.99,50.0,47.37,csindex:index_perf,000688,OFFICIAL_HISTORICAL_VALUATION_AVAILABLE,True,2025-04-28,OFFICIAL_DAILY_OBSERVATION_DATE_NO_INTRADAY_TIMESTAMP_CLAIM
2025-04-29,TECHNOLOGY,TECHNOLOGY_STAR50,DOMAIN_COMPONENT,STAR50,000688,996.97,1005.71,994.22,1003.87,0.1,400422200.0,187.14,50.0,47.41,csindex:index_perf,000688,OFFICIAL_HISTORICAL_VALUATION_AVAILABLE,True,2025-04-29,OFFICIAL_DAILY_OBSERVATION_DATE_NO_INTRADAY_TIMESTAMP_CLAIM
2025-04-30,TECHNOLOGY,TECHNOLOGY_STAR50,DOMAIN_COMPONENT,STAR50,000688,1000.65,1014.37,1000.65,1012.42,0.85,552138700.0,262.96,50.0,47.62,csindex:index_perf,000688,OFFICIAL_HISTORICAL_VALUATION_AVAILABLE,True,2025-04-30,OFFICIAL_DAILY_OBSERVATION_DATE_NO_INTRADAY_TIMESTAMP_CLAIM
2025-05-06,TECHNOLOGY,TECHNOLOGY_STAR50,DOMAIN_COMPONENT,STAR50,000688,1016.44,1027.02,1013.58,1026.52,1.39,539684100.0,275.21,50.0,57.16,csindex:index_perf,000688,OFFICIAL_HISTORICAL_VALUATION_AVAILABLE,True,2025-05-06,OFFICIAL_DAILY_OBSERVATION_DATE_NO_INTRADAY_TIMESTAMP_CLAIM
2025-05-07,TECHNOLOGY,TECHNOLOGY_STAR50,DOMAIN_COMPONENT,STAR50,000688,1044.17,1044.57,1021.79,1030.19,0.36,555616300.0,275.9,50.0,57.52,csindex:index_perf,000688,OFFICIAL_HISTORICAL_VALUATION_AVAILABLE,True,2025-05-07,OFFICIAL_DAILY_OBSERVATION_DATE_NO_INTRADAY_TIMESTAMP_CLAIM
2025-05-08,TECHNOLOGY,TECHNOLOGY_STAR50,DOMAIN_COMPONENT,STAR50,000688,1024.97,1030.09,1022.49,1026.44,-0.36,439933800.0,217.02,50.0,57.18,csindex:index_perf,000688,OFFICIAL_HISTORICAL_VALUATION_AVAILABLE,True,2025-05-08,OFFICIAL_DAILY_OBSERVATION_DATE_NO_INTRADAY_TIMESTAMP_CLAIM
2025-05-09,TECHNOLOGY,TECHNOLOGY_STAR50,DOMAIN_COMPONENT,STAR50,000688,1020.79,1020.79,1006.32,1006.32,-1.96,455958800.0,236.19,50.0,56.3,csindex:index_perf,000688,OFFICIAL_HISTORICAL_VALUATION_AVAILABLE,True,2025-05-09,OFFICIAL_DAILY_OBSERVATION_DATE_NO_INTRADAY_TIMESTAMP_CLAIM
2025-05-12,TECHNOLOGY,TECHNOLOGY_STAR50,DOMAIN_COMPONENT,STAR50,000688,1008.96,1016.73,1004.49,1011.23,0.49,512787100.0,265.24,50.0,56.47,csindex:index_perf,000688,OFFICIAL_HISTORICAL_VALUATION_AVAILABLE,True,2025-05-12,OFFICIAL_DAILY_OBSERVATION_DATE_NO_INTRADAY_TIMESTAMP_CLAIM
2025-05-13,TECHNOLOGY,TECHNOLOGY_STAR50,DOMAIN_COMPONENT,STAR50,000688,1020.34,1021.53,1009.63,1009.68,-0.15,585073400.0,227.52,50.0,56.23,csindex:index_perf,000688,OFFICIAL_HISTORICAL_VALUATION_AVAILABLE,True,2025-05-13,OFFICIAL_DAILY_OBSERVATION_DATE_NO_INTRADAY_TIMESTAMP_CLAIM
2025-05-14,TECHNOLOGY,TECHNOLOGY_STAR50,DOMAIN_COMPONENT,STAR50,000688,1014.1,1021.39,1006.51,1013.77,0.41,486794500.0,218.53,50.0,56.48,csindex:index_perf,000688,OFFICIAL_HISTORICAL_VALUATION_AVAILABLE,True,2025-05-14,OFFICIAL_DAILY_OBSERVATION_DATE_NO_INTRADAY_TIMESTAMP_CLAIM
2025-05-15,TECHNOLOGY,TECHNOLOGY_STAR50,DOMAIN_COMPONENT,STAR50,000688,1011.57,1011.69,999.26,1000.97,-1.26,380856400.0,182.53,50.0,55.82,csindex:index_perf,000688,OFFICIAL_HISTORICAL_VALUATION_AVAILABLE,True,2025-05-15,OFFICIAL_DAILY_OBSERVATION_DATE_NO_INTRADAY_TIMESTAMP_CLAIM
2025-05-16,TECHNOLOGY,TECHNOLOGY_STAR50,DOMAIN_COMPONENT,STAR50,000688,997.45,999.41,991.42,995.24,-0.57,363515700.0,171.84,50.0,55.42,csindex:index_perf,000688,OFFICIAL_HISTORICAL_VALUATION_AVAILABLE,True,2025-05-16,OFFICIAL_DAILY_OBSERVATION_DATE_NO_INTRADAY_TIMESTAMP_CLAIM
2025-05-19,TECHNOLOGY,TECHNOLOGY_STAR50,DOMAIN_COMPONENT,STAR50,000688,994.28,998.62,985.98,995.25,0.0,431333100.0,176.61,50.0,55.48,csindex:index_perf,000688,OFFICIAL_HISTORICAL_VALUATION_AVAILABLE,True,2025-05-19,OFFICIAL_DAILY_OBSERVATION_DATE_NO_INTRADAY_TIMESTAMP_CLAIM
2025-05-20,TECHNOLOGY,TECHNOLOGY_STAR50,DOMAIN_COMPONENT,STAR50,000688,995.75,1002.0,993.69,997.68,0.24,365994300.0,175.15,50.0,55.49,csindex:index_perf,000688,OFFICIAL_HISTORICAL_VALUATION_AVAILABLE,True,2025-05-20,OFFICIAL_DAILY_OBSERVATION_DATE_NO_INTRADAY_TIMESTAMP_CLAIM
2025-05-21,TECHNOLOGY,TECHNOLOGY_STAR50,DOMAIN_COMPONENT,STAR50,000688,996.66,999.96,993.74,995.49,-0.22,398585200.0,173.83,50.0,55.36,csindex:index_perf,000688,OFFICIAL_HISTORICAL_VALUATION_AVAILABLE,True,2025-05-21,OFFICIAL_DAILY_OBSERVATION_DATE_NO_INTRADAY_TIMESTAMP_CLAIM
2025-05-22,TECHNOLOGY,TECHNOLOGY_STAR50,DOMAIN_COMPONENT,STAR50,000688,994.08,1000.38,989.06,990.71,-0.48,348305900.0,164.4,50.0,55.01,csindex:index_perf,000688,OFFICIAL_HISTORICAL_VALUATION_AVAILABLE,True,2025-05-22,OFFICIAL_DAILY_OBSERVATION_DATE_NO_INTRADAY_TIMESTAMP_CLAIM
2025-05-23,TECHNOLOGY,TECHNOLOGY_STAR50,DOMAIN_COMPONENT,STAR50,000688,989.71,997.02,980.58,980.58,-1.02,396657000.0,186.96,50.0,54.57,csindex:index_perf,000688,OFFICIAL_HISTORICAL_VALUATION_AVAILABLE,True,2025-05-23,OFFICIAL_DAILY_OBSERVATION_DATE_NO_INTRADAY_TIMESTAMP_CLAIM
2025-05-26,TECHNOLOGY,TECHNOLOGY_STAR50,DOMAIN_COMPONENT,STAR50,000688,982.07,985.47,978.14,982.26,0.17,332997100.0,161.84,50.0,54.69,csindex:index_perf,000688,OFFICIAL_HISTORICAL_VALUATION_AVAILABLE,True,2025-05-26,OFFICIAL_DAILY_OBSERVATION_DATE_NO_INTRADAY_TIMESTAMP_CLAIM
2025-05-27,TECHNOLOGY,TECHNOLOGY_STAR50,DOMAIN_COMPONENT,STAR50,000688,982.02,983.43,972.67,972.92,-0.95,346266500.0,164.2,50.0,54.04,csindex:index_perf,000688,OFFICIAL_HISTORICAL_VALUATION_AVAILABLE,True,2025-05-27,OFFICIAL_DAILY_OBSERVATION_DATE_NO_INTRADAY_TIMESTAMP_CLAIM
2025-05-28,TECHNOLOGY,TECHNOLOGY_STAR50,DOMAIN_COMPONENT,STAR50,000688,973.9,975.86,969.68,970.64,-0.23,299887600.0,146.36,50.0,53.97,csindex:index_perf,000688,OFFICIAL_HISTORICAL_VALUATION_AVAILABLE,True,2025-05-28,OFFICIAL_DAILY_OBSERVATION_DATE_NO_INTRADAY_TIMESTAMP_CLAIM
2025-05-29,TECHNOLOGY,TECHNOLOGY_STAR50,DOMAIN_COMPONENT,STAR50,000688,972.26,986.45,970.69,986.3,1.61,358830400.0,178.68,50.0,54.67,csindex:index_perf,000688,OFFICIAL_HISTORICAL_VALUATION_AVAILABLE,True,2025-05-29,OFFICIAL_DAILY_OBSERVATION_DATE_NO_INTRADAY_TIMESTAMP_CLAIM
2025-05-30,TECHNOLOGY,TECHNOLOGY_STAR50,DOMAIN_COMPONENT,STAR50,000688,981.35,981.35,974.11,977.03,-0.94,349103400.0,176.33,50.0,54.09,csindex:index_perf,000688,OFFICIAL_HISTORICAL_VALUATION_AVAILABLE,True,2025-05-30,OFFICIAL_DAILY_OBSERVATION_DATE_NO_INTRADAY_TIMESTAMP_CLAIM
2025-06-03,TECHNOLOGY,TECHNOLOGY_STAR50,DOMAIN_COMPONENT,STAR50,000688,977.23,987.62,976.11,981.71,0.48,588520000.0,230.97,50.0,54.25,csindex:index_perf,000688,OFFICIAL_HISTORICAL_VALUATION_AVAILABLE,True,2025-06-03,OFFICIAL_DAILY_OBSERVATION_DATE_NO_INTRADAY_TIMESTAMP_CLAIM
2025-06-04,TECHNOLOGY,TECHNOLOGY_STAR50,DOMAIN_COMPONENT,STAR50,000688,982.36,988.16,981.62,986.11,0.45,388337900.0,182.82,50.0,54.46,csindex:index_perf,000688,OFFICIAL_HISTORICAL_VALUATION_AVAILABLE,True,2025-06-04,OFFICIAL_DAILY_OBSERVATION_DATE_NO_INTRADAY_TIMESTAMP_CLAIM
2025-06-05,TECHNOLOGY,TECHNOLOGY_STAR50,DOMAIN_COMPONENT,STAR50,000688,987.53,997.93,982.85,996.41,1.04,416000400.0,216.3,50.0,54.97,csindex:index_perf,000688,OFFICIAL_HISTORICAL_VALUATION_AVAILABLE,True,2025-06-05,OFFICIAL_DAILY_OBSERVATION_DATE_NO_INTRADAY_TIMESTAMP_CLAIM
2025-06-06,TECHNOLOGY,TECHNOLOGY_STAR50,DOMAIN_COMPONENT,STAR50,000688,995.31,995.7,989.15,991.64,-0.48,369298600.0,175.34,50.0,54.66,csindex:index_perf,000688,OFFICIAL_HISTORICAL_VALUATION_AVAILABLE,True,2025-06-06,OFFICIAL_DAILY_OBSERVATION_DATE_NO_INTRADAY_TIMESTAMP_CLAIM
2025-06-09,TECHNOLOGY,TECHNOLOGY_STAR50,DOMAIN_COMPONENT,STAR50,000688,991.31,1002.4,989.53,997.61,0.6,428859600.0,195.31,50.0,54.43,csindex:index_perf,000688,OFFICIAL_HISTORICAL_VALUATION_AVAILABLE,True,2025-06-09,OFFICIAL_DAILY_OBSERVATION_DATE_NO_INTRADAY_TIMESTAMP_CLAIM
2025-06-10,TECHNOLOGY,TECHNOLOGY_STAR50,DOMAIN_COMPONENT,STAR50,000688,1004.55,1004.78,978.79,982.9,-1.47,579086400.0,315.53,50.0,53.73,csindex:index_perf,000688,OFFICIAL_HISTORICAL_VALUATION_AVAILABLE,True,2025-06-10,OFFICIAL_DAILY_OBSERVATION_DATE_NO_INTRADAY_TIMESTAMP_CLAIM
2025-06-11,TECHNOLOGY,TECHNOLOGY_STAR50,DOMAIN_COMPONENT,STAR50,000688,982.6,990.14,980.29,980.93,-0.2,431685600.0,213.28,50.0,53.44,csindex:index_perf,000688,OFFICIAL_HISTORICAL_VALUATION_AVAILABLE,True,2025-06-11,OFFICIAL_DAILY_OBSERVATION_DATE_NO_INTRADAY_TIMESTAMP_CLAIM
2025-06-12,TECHNOLOGY,TECHNOLOGY_STAR50,DOMAIN_COMPONENT,STAR50,000688,978.69,982.12,974.63,977.97,-0.3,468891400.0,222.27,50.0,53.34,csindex:index_perf,000688,OFFICIAL_HISTORICAL_VALUATION_AVAILABLE,True,2025-06-12,OFFICIAL_DAILY_OBSERVATION_DATE_NO_INTRADAY_TIMESTAMP_CLAIM
2025-06-13,TECHNOLOGY,TECHNOLOGY_STAR50,DOMAIN_COMPONENT,STAR50,000688,971.69,978.42,966.87,972.94,-0.51,909895100.0,340.36,50.0,53.19,csindex:index_perf,000688,OFFICIAL_HISTORICAL_VALUATION_AVAILABLE,True,2025-06-13,OFFICIAL_DAILY_OBSERVATION_DATE_NO_INTRADAY_TIMESTAMP_CLAIM
2025-06-16,TECHNOLOGY,TECHNOLOGY_STAR50,DOMAIN_COMPONENT,STAR50,000688,968.19,975.54,968.19,970.89,-0.21,490835300.0,222.87,50.0,53.4,csindex:index_perf,000688,OFFICIAL_HISTORICAL_VALUATION_AVAILABLE,True,2025-06-16,OFFICIAL_DAILY_OBSERVATION_DATE_NO_INTRADAY_TIMESTAMP_CLAIM
2025-06-17,TECHNOLOGY,TECHNOLOGY_STAR50,DOMAIN_COMPONENT,STAR50,000688,971.53,972.2,960.64,963.08,-0.8,444514100.0,207.21,50.0,52.85,csindex:index_perf,000688,OFFICIAL_HISTORICAL_VALUATION_AVAILABLE,True,2025-06-17,OFFICIAL_DAILY_OBSERVATION_DATE_NO_INTRADAY_TIMESTAMP_CLAIM
2025-06-18,TECHNOLOGY,TECHNOLOGY_STAR50,DOMAIN_COMPONENT,STAR50,000688,962.24,971.8,960.02,968.18,0.53,418841400.0,204.43,50.0,53.19,csindex:index_perf,000688,OFFICIAL_HISTORICAL_VALUATION_AVAILABLE,True,2025-06-18,OFFICIAL_DAILY_OBSERVATION_DATE_NO_INTRADAY_TIMESTAMP_CLAIM
2025-06-19,TECHNOLOGY,TECHNOLOGY_STAR50,DOMAIN_COMPONENT,STAR50,000688,966.92,974.48,960.54,962.94,-0.54,405625300.0,196.32,50.0,52.56,csindex:index_perf,000688,OFFICIAL_HISTORICAL_VALUATION_AVAILABLE,True,2025-06-19,OFFICIAL_DAILY_OBSERVATION_DATE_NO_INTRADAY_TIMESTAMP_CLAIM
2025-06-20,TECHNOLOGY,TECHNOLOGY_STAR50,DOMAIN_COMPONENT,STAR50,000688,963.78,967.98,956.87,957.87,-0.53,437414200.0,181.33,50.0,52.22,csindex:index_perf,000688,OFFICIAL_HISTORICAL_VALUATION_AVAILABLE,True,2025-06-20,OFFICIAL_DAILY_OBSERVATION_DATE_NO_INTRADAY_TIMESTAMP_CLAIM
2025-06-23,TECHNOLOGY,TECHNOLOGY_STAR50,DOMAIN_COMPONENT,STAR50,000688,952.33,966.19,952.33,961.49,0.38,466469000.0,249.95,50.0,52.39,csindex:index_perf,000688,OFFICIAL_HISTORICAL_VALUATION_AVAILABLE,True,2025-06-23,OFFICIAL_DAILY_OBSERVATION_DATE_NO_INTRADAY_TIMESTAMP_CLAIM
2025-06-24,TECHNOLOGY,TECHNOLOGY_STAR50,DOMAIN_COMPONENT,STAR50,000688,963.79,980.52,963.79,978.71,1.79,495520200.0,269.8,50.0,52.56,csindex:index_perf,000688,OFFICIAL_HISTORICAL_VALUATION_AVAILABLE,True,2025-06-24,OFFICIAL_DAILY_OBSERVATION_DATE_NO_INTRADAY_TIMESTAMP_CLAIM
2025-06-25,TECHNOLOGY,TECHNOLOGY_STAR50,DOMAIN_COMPONENT,STAR50,000688,979.97,996.66,976.16,995.61,1.73,576087900.0,326.74,50.0,53.38,csindex:index_perf,000688,OFFICIAL_HISTORICAL_VALUATION_AVAILABLE,True,2025-06-25,OFFICIAL_DAILY_OBSERVATION_DATE_NO_INTRADAY_TIMESTAMP_CLAIM
2025-06-26,TECHNOLOGY,TECHNOLOGY_STAR50,DOMAIN_COMPONENT,STAR50,000688,995.57,1005.89,989.97,989.97,-0.57,525005600.0,307.35,50.0,53.22,csindex:index_perf,000688,OFFICIAL_HISTORICAL_VALUATION_AVAILABLE,True,2025-06-26,OFFICIAL_DAILY_OBSERVATION_DATE_NO_INTRADAY_TIMESTAMP_CLAIM
2025-06-27,TECHNOLOGY,TECHNOLOGY_STAR50,DOMAIN_COMPONENT,STAR50,000688,996.68,998.58,987.83,988.21,-0.18,497366800.0,279.08,50.0,52.83,csindex:index_perf,000688,OFFICIAL_HISTORICAL_VALUATION_AVAILABLE,True,2025-06-27,OFFICIAL_DAILY_OBSERVATION_DATE_NO_INTRADAY_TIMESTAMP_CLAIM
2025-06-30,TECHNOLOGY,TECHNOLOGY_STAR50,DOMAIN_COMPONENT,STAR50,000688,992.3,1004.47,992.3,1003.41,1.54,573673900.0,295.55,50.0,53.62,csindex:index_perf,000688,OFFICIAL_HISTORICAL_VALUATION_AVAILABLE,True,2025-06-30,OFFICIAL_DAILY_OBSERVATION_DATE_NO_INTRADAY_TIMESTAMP_CLAIM
2025-07-01,TECHNOLOGY,TECHNOLOGY_STAR50,DOMAIN_COMPONENT,STAR50,000688,1002.09,1002.09,992.55,994.8,-0.86,488084900.0,280.4,50.0,52.94,csindex:index_perf,000688,OFFICIAL_HISTORICAL_VALUATION_AVAILABLE,True,2025-07-01,OFFICIAL_DAILY_OBSERVATION_DATE_NO_INTRADAY_TIMESTAMP_CLAIM
2025-07-02,TECHNOLOGY,TECHNOLOGY_STAR50,DOMAIN_COMPONENT,STAR50,000688,992.38,992.47,981.22,982.64,-1.22,595127400.0,239.92,50.0,51.86,csindex:index_perf,000688,OFFICIAL_HISTORICAL_VALUATION_AVAILABLE,True,2025-07-02,OFFICIAL_DAILY_OBSERVATION_DATE_NO_INTRADAY_TIMESTAMP_CLAIM
2025-07-03,TECHNOLOGY,TECHNOLOGY_STAR50,DOMAIN_COMPONENT,STAR50,000688,984.34,987.09,980.81,984.95,0.24,461081000.0,197.04,50.0,51.41,csindex:index_perf,000688,OFFICIAL_HISTORICAL_VALUATION_AVAILABLE,True,2025-07-03,OFFICIAL_DAILY_OBSERVATION_DATE_NO_INTRADAY_TIMESTAMP_CLAIM
2025-07-04,TECHNOLOGY,TECHNOLOGY_STAR50,DOMAIN_COMPONENT,STAR50,000688,984.53,997.41,976.83,984.8,-0.01,530478700.0,245.24,50.0,51.32,csindex:index_perf,000688,OFFICIAL_HISTORICAL_VALUATION_AVAILABLE,True,2025-07-04,OFFICIAL_DAILY_OBSERVATION_DATE_NO_INTRADAY_TIMESTAMP_CLAIM
2025-07-07,TECHNOLOGY,TECHNOLOGY_STAR50,DOMAIN_COMPONENT,STAR50,000688,983.2,987.11,976.9,978.29,-0.66,379110700.0,175.19,50.0,51.08,csindex:index_perf,000688,OFFICIAL_HISTORICAL_VALUATION_AVAILABLE,True,2025-07-07,OFFICIAL_DAILY_OBSERVATION_DATE_NO_INTRADAY_TIMESTAMP_CLAIM
2025-07-08,TECHNOLOGY,TECHNOLOGY_STAR50,DOMAIN_COMPONENT,STAR50,000688,978.9,993.19,977.6,991.95,1.4,615751700.0,230.88,50.0,51.68,csindex:index_perf,000688,OFFICIAL_HISTORICAL_VALUATION_AVAILABLE,True,2025-07-08,OFFICIAL_DAILY_OBSERVATION_DATE_NO_INTRADAY_TIMESTAMP_CLAIM
2025-07-09,TECHNOLOGY,TECHNOLOGY_STAR50,DOMAIN_COMPONENT,STAR50,000688,991.34,993.61,981.5,983.11,-0.89,470230800.0,204.14,50.0,51.3,csindex:index_perf,000688,OFFICIAL_HISTORICAL_VALUATION_AVAILABLE,True,2025-07-09,OFFICIAL_DAILY_OBSERVATION_DATE_NO_INTRADAY_TIMESTAMP_CLAIM
2025-07-10,TECHNOLOGY,TECHNOLOGY_STAR50,DOMAIN_COMPONENT,STAR50,000688,981.74,986.31,978.89,979.99,-0.32,543718100.0,221.68,50.0,51.08,csindex:index_perf,000688,OFFICIAL_HISTORICAL_VALUATION_AVAILABLE,True,2025-07-10,OFFICIAL_DAILY_OBSERVATION_DATE_NO_INTRADAY_TIMESTAMP_CLAIM
2025-07-11,TECHNOLOGY,TECHNOLOGY_STAR50,DOMAIN_COMPONENT,STAR50,000688,980.38,1000.03,979.18,994.45,1.48,600255700.0,313.28,50.0,51.92,csindex:index_perf,000688,OFFICIAL_HISTORICAL_VALUATION_AVAILABLE,True,2025-07-11,OFFICIAL_DAILY_OBSERVATION_DATE_NO_INTRADAY_TIMESTAMP_CLAIM
2025-07-14,TECHNOLOGY,TECHNOLOGY_STAR50,DOMAIN_COMPONENT,STAR50,000688,995.29,998.97,992.39,992.39,-0.21,457645500.0,229.22,50.0,51.78,csindex:index_perf,000688,OFFICIAL_HISTORICAL_VALUATION_AVAILABLE,True,2025-07-14,OFFICIAL_DAILY_OBSERVATION_DATE_NO_INTRADAY_TIMESTAMP_CLAIM
2025-07-15,TECHNOLOGY,TECHNOLOGY_STAR50,DOMAIN_COMPONENT,STAR50,000688,990.73,998.08,986.5,996.25,0.39,516786900.0,266.59,50.0,51.99,csindex:index_perf,000688,OFFICIAL_HISTORICAL_VALUATION_AVAILABLE,True,2025-07-15,OFFICIAL_DAILY_OBSERVATION_DATE_NO_INTRADAY_TIMESTAMP_CLAIM
2025-07-16,TECHNOLOGY,TECHNOLOGY_STAR50,DOMAIN_COMPONENT,STAR50,000688,996.33,1008.47,994.38,997.63,0.14,426207800.0,268.93,50.0,52.07,csindex:index_perf,000688,OFFICIAL_HISTORICAL_VALUATION_AVAILABLE,True,2025-07-16,OFFICIAL_DAILY_OBSERVATION_DATE_NO_INTRADAY_TIMESTAMP_CLAIM
2025-07-17,TECHNOLOGY,TECHNOLOGY_STAR50,DOMAIN_COMPONENT,STAR50,000688,997.71,1005.67,992.56,1005.65,0.8,535346500.0,283.44,50.0,52.44,csindex:index_perf,000688,OFFICIAL_HISTORICAL_VALUATION_AVAILABLE,True,2025-07-17,OFFICIAL_DAILY_OBSERVATION_DATE_NO_INTRADAY_TIMESTAMP_CLAIM
2025-07-18,TECHNOLOGY,TECHNOLOGY_STAR50,DOMAIN_COMPONENT,STAR50,000688,1008.13,1013.12,1003.09,1007.53,0.19,497635100.0,269.46,50.0,52.58,csindex:index_perf,000688,OFFICIAL_HISTORICAL_VALUATION_AVAILABLE,True,2025-07-18,OFFICIAL_DAILY_OBSERVATION_DATE_NO_INTRADAY_TIMESTAMP_CLAIM
2025-07-21,TECHNOLOGY,TECHNOLOGY_STAR50,DOMAIN_COMPONENT,STAR50,000688,1007.58,1010.34,1005.03,1007.89,0.04,580870500.0,269.07,50.0,52.66,csindex:index_perf,000688,OFFICIAL_HISTORICAL_VALUATION_AVAILABLE,True,2025-07-21,OFFICIAL_DAILY_OBSERVATION_DATE_NO_INTRADAY_TIMESTAMP_CLAIM
2025-07-22,TECHNOLOGY,TECHNOLOGY_STAR50,DOMAIN_COMPONENT,STAR50,000688,1007.51,1019.03,1005.84,1016.27,0.83,697700700.0,315.05,50.0,53.12,csindex:index_perf,000688,OFFICIAL_HISTORICAL_VALUATION_AVAILABLE,True,2025-07-22,OFFICIAL_DAILY_OBSERVATION_DATE_NO_INTRADAY_TIMESTAMP_CLAIM
2025-07-23,TECHNOLOGY,TECHNOLOGY_STAR50,DOMAIN_COMPONENT,STAR50,000688,1016.58,1030.54,1014.84,1020.86,0.45,705393200.0,333.86,50.0,53.47,csindex:index_perf,000688,OFFICIAL_HISTORICAL_VALUATION_AVAILABLE,True,2025-07-23,OFFICIAL_DAILY_OBSERVATION_DATE_NO_INTRADAY_TIMESTAMP_CLAIM
2025-07-24,TECHNOLOGY,TECHNOLOGY_STAR50,DOMAIN_COMPONENT,STAR50,000688,1019.72,1032.84,1019.31,1032.84,1.17,721447800.0,326.34,50.0,54.04,csindex:index_perf,000688,OFFICIAL_HISTORICAL_VALUATION_AVAILABLE,True,2025-07-24,OFFICIAL_DAILY_OBSERVATION_DATE_NO_INTRADAY_TIMESTAMP_CLAIM
2025-07-25,TECHNOLOGY,TECHNOLOGY_STAR50,DOMAIN_COMPONENT,STAR50,000688,1032.45,1059.73,1028.79,1054.2,2.07,743388800.0,419.37,50.0,55.3,csindex:index_perf,000688,OFFICIAL_HISTORICAL_VALUATION_AVAILABLE,True,2025-07-25,OFFICIAL_DAILY_OBSERVATION_DATE_NO_INTRADAY_TIMESTAMP_CLAIM
2025-07-28,TECHNOLOGY,TECHNOLOGY_STAR50,DOMAIN_COMPONENT,STAR50,000688,1054.91,1059.05,1048.55,1055.11,0.09,631929800.0,350.94,50.0,55.27,csindex:index_perf,000688,OFFICIAL_HISTORICAL_VALUATION_AVAILABLE,True,2025-07-28,OFFICIAL_DAILY_OBSERVATION_DATE_NO_INTRADAY_TIMESTAMP_CLAIM
2025-07-29,TECHNOLOGY,TECHNOLOGY_STAR50,DOMAIN_COMPONENT,STAR50,000688,1053.12,1071.44,1051.55,1070.45,1.45,691330600.0,405.17,50.0,55.98,csindex:index_perf,000688,OFFICIAL_HISTORICAL_VALUATION_AVAILABLE,True,2025-07-29,OFFICIAL_DAILY_OBSERVATION_DATE_NO_INTRADAY_TIMESTAMP_CLAIM
2025-07-30,TECHNOLOGY,TECHNOLOGY_STAR50,DOMAIN_COMPONENT,STAR50,000688,1065.94,1073.82,1051.11,1058.57,-1.11,683250800.0,353.23,50.0,55.37,csindex:index_perf,000688,OFFICIAL_HISTORICAL_VALUATION_AVAILABLE,True,2025-07-30,OFFICIAL_DAILY_OBSERVATION_DATE_NO_INTRADAY_TIMESTAMP_CLAIM
2025-07-31,TECHNOLOGY,TECHNOLOGY_STAR50,DOMAIN_COMPONENT,STAR50,000688,1057.32,1070.76,1045.45,1047.87,-1.01,836001800.0,456.84,50.0,55.04,csindex:index_perf,000688,OFFICIAL_HISTORICAL_VALUATION_AVAILABLE,True,2025-07-31,OFFICIAL_DAILY_OBSERVATION_DATE_NO_INTRADAY_TIMESTAMP_CLAIM
2025-08-01,TECHNOLOGY,TECHNOLOGY_STAR50,DOMAIN_COMPONENT,STAR50,000688,1047.38,1056.42,1029.53,1036.77,-1.06,626311300.0,330.49,50.0,54.56,csindex:index_perf,000688,OFFICIAL_HISTORICAL_VALUATION_AVAILABLE,True,2025-08-01,OFFICIAL_DAILY_OBSERVATION_DATE_NO_INTRADAY_TIMESTAMP_CLAIM
2025-08-04,TECHNOLOGY,TECHNOLOGY_STAR50,DOMAIN_COMPONENT,STAR50,000688,1034.13,1049.46,1033.85,1049.41,1.22,592839200.0,332.22,50.0,55.24,csindex:index_perf,000688,OFFICIAL_HISTORICAL_VALUATION_AVAILABLE,True,2025-08-04,OFFICIAL_DAILY_OBSERVATION_DATE_NO_INTRADAY_TIMESTAMP_CLAIM
2025-08-05,TECHNOLOGY,TECHNOLOGY_STAR50,DOMAIN_COMPONENT,STAR50,000688,1048.71,1054.11,1046.53,1053.65,0.4,548712600.0,268.02,50.0,55.42,csindex:index_perf,000688,OFFICIAL_HISTORICAL_VALUATION_AVAILABLE,True,2025-08-05,OFFICIAL_DAILY_OBSERVATION_DATE_NO_INTRADAY_TIMESTAMP_CLAIM
2025-08-06,TECHNOLOGY,TECHNOLOGY_STAR50,DOMAIN_COMPONENT,STAR50,000688,1051.87,1060.4,1049.6,1059.76,0.58,607042900.0,347.61,50.0,55.47,csindex:index_perf,000688,OFFICIAL_HISTORICAL_VALUATION_AVAILABLE,True,2025-08-06,OFFICIAL_DAILY_OBSERVATION_DATE_NO_INTRADAY_TIMESTAMP_CLAIM
2025-08-07,TECHNOLOGY,TECHNOLOGY_STAR50,DOMAIN_COMPONENT,STAR50,000688,1059.84,1069.04,1053.73,1058.21,-0.15,618381800.0,384.36,50.0,55.32,csindex:index_perf,000688,OFFICIAL_HISTORICAL_VALUATION_AVAILABLE,True,2025-08-07,OFFICIAL_DAILY_OBSERVATION_DATE_NO_INTRADAY_TIMESTAMP_CLAIM
2025-08-08,TECHNOLOGY,TECHNOLOGY_STAR50,DOMAIN_COMPONENT,STAR50,000688,1052.46,1052.74,1042.84,1043.54,-1.39,679274200.0,333.81,50.0,54.68,csindex:index_perf,000688,OFFICIAL_HISTORICAL_VALUATION_AVAILABLE,True,2025-08-08,OFFICIAL_DAILY_OBSERVATION_DATE_NO_INTRADAY_TIMESTAMP_CLAIM
2025-08-11,TECHNOLOGY,TECHNOLOGY_STAR50,DOMAIN_COMPONENT,STAR50,000688,1043.23,1053.7,1043.08,1049.73,0.59,634311100.0,303.4,50.0,54.95,csindex:index_perf,000688,OFFICIAL_HISTORICAL_VALUATION_AVAILABLE,True,2025-08-11,OFFICIAL_DAILY_OBSERVATION_DATE_NO_INTRADAY_TIMESTAMP_CLAIM
2025-08-12,TECHNOLOGY,TECHNOLOGY_STAR50,DOMAIN_COMPONENT,STAR50,000688,1048.21,1077.88,1044.33,1069.81,1.91,774462600.0,531.8,50.0,56.34,csindex:index_perf,000688,OFFICIAL_HISTORICAL_VALUATION_AVAILABLE,True,2025-08-12,OFFICIAL_DAILY_OBSERVATION_DATE_NO_INTRADAY_TIMESTAMP_CLAIM
2025-08-13,TECHNOLOGY,TECHNOLOGY_STAR50,DOMAIN_COMPONENT,STAR50,000688,1069.52,1079.14,1067.5,1077.7,0.74,749692800.0,476.87,50.0,56.66,csindex:index_perf,000688,OFFICIAL_HISTORICAL_VALUATION_AVAILABLE,True,2025-08-13,OFFICIAL_DAILY_OBSERVATION_DATE_NO_INTRADAY_TIMESTAMP_CLAIM
2025-08-14,TECHNOLOGY,TECHNOLOGY_STAR50,DOMAIN_COMPONENT,STAR50,000688,1079.22,1109.85,1079.22,1085.74,0.75,963996000.0,656.52,50.0,57.65,csindex:index_perf,000688,OFFICIAL_HISTORICAL_VALUATION_AVAILABLE,True,2025-08-14,OFFICIAL_DAILY_OBSERVATION_DATE_NO_INTRADAY_TIMESTAMP_CLAIM
2025-08-15,TECHNOLOGY,TECHNOLOGY_STAR50,DOMAIN_COMPONENT,STAR50,000688,1079.16,1104.5,1077.0,1101.29,1.43,952712800.0,531.57,50.0,58.26,csindex:index_perf,000688,OFFICIAL_HISTORICAL_VALUATION_AVAILABLE,True,2025-08-15,OFFICIAL_DAILY_OBSERVATION_DATE_NO_INTRADAY_TIMESTAMP_CLAIM
2025-08-18,TECHNOLOGY,TECHNOLOGY_STAR50,DOMAIN_COMPONENT,STAR50,000688,1114.32,1138.42,1105.58,1124.82,2.14,1260547700.0,685.21,50.0,59.28,csindex:index_perf,000688,OFFICIAL_HISTORICAL_VALUATION_AVAILABLE,True,2025-08-18,OFFICIAL_DAILY_OBSERVATION_DATE_NO_INTRADAY_TIMESTAMP_CLAIM
2025-08-19,TECHNOLOGY,TECHNOLOGY_STAR50,DOMAIN_COMPONENT,STAR50,000688,1122.64,1133.63,1111.66,1112.27,-1.12,842576900.0,549.23,50.0,58.39,csindex:index_perf,000688,OFFICIAL_HISTORICAL_VALUATION_AVAILABLE,True,2025-08-19,OFFICIAL_DAILY_OBSERVATION_DATE_NO_INTRADAY_TIMESTAMP_CLAIM
2025-08-20,TECHNOLOGY,TECHNOLOGY_STAR50,DOMAIN_COMPONENT,STAR50,000688,1109.7,1148.74,1105.27,1148.15,3.23,1000487200.0,654.59,50.0,60.28,csindex:index_perf,000688,OFFICIAL_HISTORICAL_VALUATION_AVAILABLE,True,2025-08-20,OFFICIAL_DAILY_OBSERVATION_DATE_NO_INTRADAY_TIMESTAMP_CLAIM
2025-08-21,TECHNOLOGY,TECHNOLOGY_STAR50,DOMAIN_COMPONENT,STAR50,000688,1150.98,1173.28,1143.16,1149.15,0.09,981130200.0,657.18,50.0,60.47,csindex:index_perf,000688,OFFICIAL_HISTORICAL_VALUATION_AVAILABLE,True,2025-08-21,OFFICIAL_DAILY_OBSERVATION_DATE_NO_INTRADAY_TIMESTAMP_CLAIM
2025-08-22,TECHNOLOGY,TECHNOLOGY_STAR50,DOMAIN_COMPONENT,STAR50,000688,1162.29,1248.07,1162.29,1247.86,8.59,1624784100.0,1104.3,50.0,66.29,csindex:index_perf,000688,OFFICIAL_HISTORICAL_VALUATION_AVAILABLE,True,2025-08-22,OFFICIAL_DAILY_OBSERVATION_DATE_NO_INTRADAY_TIMESTAMP_CLAIM
2025-08-25,TECHNOLOGY,TECHNOLOGY_STAR50,DOMAIN_COMPONENT,STAR50,000688,1282.05,1320.72,1252.84,1287.73,3.2,1883804500.0,1345.4,50.0,69.1,csindex:index_perf,000688,OFFICIAL_HISTORICAL_VALUATION_AVAILABLE,True,2025-08-25,OFFICIAL_DAILY_OBSERVATION_DATE_NO_INTRADAY_TIMESTAMP_CLAIM
2025-08-26,TECHNOLOGY,TECHNOLOGY_STAR50,DOMAIN_COMPONENT,STAR50,000688,1266.59,1284.07,1257.44,1270.87,-1.31,1137635600.0,820.91,50.0,68.17,csindex:index_perf,000688,OFFICIAL_HISTORICAL_VALUATION_AVAILABLE,True,2025-08-26,OFFICIAL_DAILY_OBSERVATION_DATE_NO_INTRADAY_TIMESTAMP_CLAIM
2025-08-27,TECHNOLOGY,TECHNOLOGY_STAR50,DOMAIN_COMPONENT,STAR50,000688,1285.44,1332.82,1272.55,1272.56,0.13,1611894800.0,1210.89,50.0,68.31,csindex:index_perf,000688,OFFICIAL_HISTORICAL_VALUATION_AVAILABLE,True,2025-08-27,OFFICIAL_DAILY_OBSERVATION_DATE_NO_INTRADAY_TIMESTAMP_CLAIM
2025-08-28,TECHNOLOGY,TECHNOLOGY_STAR50,DOMAIN_COMPONENT,STAR50,000688,1280.24,1365.92,1275.5,1364.6,7.23,1900940100.0,1355.15,50.0,73.23,csindex:index_perf,000688,OFFICIAL_HISTORICAL_VALUATION_AVAILABLE,True,2025-08-28,OFFICIAL_DAILY_OBSERVATION_DATE_NO_INTRADAY_TIMESTAMP_CLAIM
2025-08-29,TECHNOLOGY,TECHNOLOGY_STAR50,DOMAIN_COMPONENT,STAR50,000688,1335.65,1346.76,1314.74,1341.31,-1.71,1561683000.0,1111.48,50.0,71.5,csindex:index_perf,000688,OFFICIAL_HISTORICAL_VALUATION_AVAILABLE,True,2025-08-29,OFFICIAL_DAILY_OBSERVATION_DATE_NO_INTRADAY_TIMESTAMP_CLAIM
2025-09-01,TECHNOLOGY,TECHNOLOGY_STAR50,DOMAIN_COMPONENT,STAR50,000688,1348.53,1366.92,1322.8,1357.15,1.18,1543817900.0,958.41,50.0,73.53,csindex:index_perf,000688,OFFICIAL_HISTORICAL_VALUATION_AVAILABLE,True,2025-09-01,OFFICIAL_DAILY_OBSERVATION_DATE_NO_INTRADAY_TIMESTAMP_CLAIM
2025-09-02,TECHNOLOGY,TECHNOLOGY_STAR50,DOMAIN_COMPONENT,STAR50,000688,1353.94,1364.2,1314.12,1328.28,-2.13,1339363800.0,900.62,50.0,71.95,csindex:index_perf,000688,OFFICIAL_HISTORICAL_VALUATION_AVAILABLE,True,2025-09-02,OFFICIAL_DAILY_OBSERVATION_DATE_NO_INTRADAY_TIMESTAMP_CLAIM
2025-09-03,TECHNOLOGY,TECHNOLOGY_STAR50,DOMAIN_COMPONENT,STAR50,000688,1318.51,1325.75,1296.71,1306.48,-1.64,1093792300.0,681.53,50.0,70.35,csindex:index_perf,000688,OFFICIAL_HISTORICAL_VALUATION_AVAILABLE,True,2025-09-03,OFFICIAL_DAILY_OBSERVATION_DATE_NO_INTRADAY_TIMESTAMP_CLAIM
2025-09-04,TECHNOLOGY,TECHNOLOGY_STAR50,DOMAIN_COMPONENT,STAR50,000688,1301.98,1304.05,1210.87,1226.98,-6.08,1529605300.0,904.77,50.0,65.36,csindex:index_perf,000688,OFFICIAL_HISTORICAL_VALUATION_AVAILABLE,True,2025-09-04,OFFICIAL_DAILY_OBSERVATION_DATE_NO_INTRADAY_TIMESTAMP_CLAIM
2025-09-05,TECHNOLOGY,TECHNOLOGY_STAR50,DOMAIN_COMPONENT,STAR50,000688,1232.21,1275.1,1220.78,1268.55,3.39,1365915700.0,747.41,50.0,67.68,csindex:index_perf,000688,OFFICIAL_HISTORICAL_VALUATION_AVAILABLE,True,2025-09-05,OFFICIAL_DAILY_OBSERVATION_DATE_NO_INTRADAY_TIMESTAMP_CLAIM
2025-09-08,TECHNOLOGY,TECHNOLOGY_STAR50,DOMAIN_COMPONENT,STAR50,000688,1266.47,1280.82,1253.73,1275.87,0.58,1295355100.0,702.66,50.0,68.1,csindex:index_perf,000688,OFFICIAL_HISTORICAL_VALUATION_AVAILABLE,True,2025-09-08,OFFICIAL_DAILY_OBSERVATION_DATE_NO_INTRADAY_TIMESTAMP_CLAIM
2025-09-09,TECHNOLOGY,TECHNOLOGY_STAR50,DOMAIN_COMPONENT,STAR50,000688,1250.96,1271.96,1239.94,1245.53,-2.38,1120618700.0,689.63,50.0,66.84,csindex:index_perf,000688,OFFICIAL_HISTORICAL_VALUATION_AVAILABLE,True,2025-09-09,OFFICIAL_DAILY_OBSERVATION_DATE_NO_INTRADAY_TIMESTAMP_CLAIM
2025-09-10,TECHNOLOGY,TECHNOLOGY_STAR50,DOMAIN_COMPONENT,STAR50,000688,1253.5,1272.91,1246.26,1259.1,1.09,989643700.0,711.42,50.0,67.89,csindex:index_perf,000688,OFFICIAL_HISTORICAL_VALUATION_AVAILABLE,True,2025-09-10,OFFICIAL_DAILY_OBSERVATION_DATE_NO_INTRADAY_TIMESTAMP_CLAIM
2025-09-11,TECHNOLOGY,TECHNOLOGY_STAR50,DOMAIN_COMPONENT,STAR50,000688,1254.19,1332.76,1244.14,1326.03,5.32,1354350400.0,1060.02,50.0,72.27,csindex:index_perf,000688,OFFICIAL_HISTORICAL_VALUATION_AVAILABLE,True,2025-09-11,OFFICIAL_DAILY_OBSERVATION_DATE_NO_INTRADAY_TIMESTAMP_CLAIM
2025-09-12,TECHNOLOGY,TECHNOLOGY_STAR50,DOMAIN_COMPONENT,STAR50,000688,1324.84,1360.07,1323.45,1338.02,0.9,1369601100.0,1158.08,50.0,72.57,csindex:index_perf,000688,OFFICIAL_HISTORICAL_VALUATION_AVAILABLE,True,2025-09-12,OFFICIAL_DAILY_OBSERVATION_DATE_NO_INTRADAY_TIMESTAMP_CLAIM
2025-09-15,TECHNOLOGY,TECHNOLOGY_STAR50,DOMAIN_COMPONENT,STAR50,000688,1362.85,1366.46,1332.43,1340.4,0.18,1424889500.0,976.45,50.0,73.31,csindex:index_perf,000688,OFFICIAL_HISTORICAL_VALUATION_AVAILABLE,True,2025-09-15,OFFICIAL_DAILY_OBSERVATION_DATE_NO_INTRADAY_TIMESTAMP_CLAIM
2025-09-16,TECHNOLOGY,TECHNOLOGY_STAR50,DOMAIN_COMPONENT,STAR50,000688,1347.2,1370.29,1347.2,1358.05,1.32,1158610900.0,947.73,50.0,74.33,csindex:index_perf,000688,OFFICIAL_HISTORICAL_VALUATION_AVAILABLE,True,2025-09-16,OFFICIAL_DAILY_OBSERVATION_DATE_NO_INTRADAY_TIMESTAMP_CLAIM
2025-09-17,TECHNOLOGY,TECHNOLOGY_STAR50,DOMAIN_COMPONENT,STAR50,000688,1351.64,1378.87,1338.95,1370.43,0.91,1256012000.0,922.29,50.0,74.86,csindex:index_perf,000688,OFFICIAL_HISTORICAL_VALUATION_AVAILABLE,True,2025-09-17,OFFICIAL_DAILY_OBSERVATION_DATE_NO_INTRADAY_TIMESTAMP_CLAIM
2025-09-18,TECHNOLOGY,TECHNOLOGY_STAR50,DOMAIN_COMPONENT,STAR50,000688,1385.5,1433.57,1351.14,1380.35,0.72,1742902500.0,1396.08,50.0,75.3,csindex:index_perf,000688,OFFICIAL_HISTORICAL_VALUATION_AVAILABLE,True,2025-09-18,OFFICIAL_DAILY_OBSERVATION_DATE_NO_INTRADAY_TIMESTAMP_CLAIM
2025-09-19,TECHNOLOGY,TECHNOLOGY_STAR50,DOMAIN_COMPONENT,STAR50,000688,1388.86,1400.69,1359.29,1362.65,-1.28,1213906200.0,1012.84,50.0,74.03,csindex:index_perf,000688,OFFICIAL_HISTORICAL_VALUATION_AVAILABLE,True,2025-09-19,OFFICIAL_DAILY_OBSERVATION_DATE_NO_INTRADAY_TIMESTAMP_CLAIM
2025-09-22,TECHNOLOGY,TECHNOLOGY_STAR50,DOMAIN_COMPONENT,STAR50,000688,1361.25,1422.74,1353.71,1408.64,3.38,1265197300.0,1142.42,50.0,76.53,csindex:index_perf,000688,OFFICIAL_HISTORICAL_VALUATION_AVAILABLE,True,2025-09-22,OFFICIAL_DAILY_OBSERVATION_DATE_NO_INTRADAY_TIMESTAMP_CLAIM
2025-09-23,TECHNOLOGY,TECHNOLOGY_STAR50,DOMAIN_COMPONENT,STAR50,000688,1406.61,1419.28,1364.44,1407.3,-0.1,1518367400.0,1154.57,50.0,76.12,csindex:index_perf,000688,OFFICIAL_HISTORICAL_VALUATION_AVAILABLE,True,2025-09-23,OFFICIAL_DAILY_OBSERVATION_DATE_NO_INTRADAY_TIMESTAMP_CLAIM
2025-09-24,TECHNOLOGY,TECHNOLOGY_STAR50,DOMAIN_COMPONENT,STAR50,000688,1395.37,1479.7,1394.68,1456.47,3.49,1978034100.0,1268.25,50.0,78.65,csindex:index_perf,000688,OFFICIAL_HISTORICAL_VALUATION_AVAILABLE,True,2025-09-24,OFFICIAL_DAILY_OBSERVATION_DATE_NO_INTRADAY_TIMESTAMP_CLAIM
2025-09-25,TECHNOLOGY,TECHNOLOGY_STAR50,DOMAIN_COMPONENT,STAR50,000688,1449.65,1486.43,1448.69,1474.49,1.24,1654722000.0,1029.49,50.0,79.7,csindex:index_perf,000688,OFFICIAL_HISTORICAL_VALUATION_AVAILABLE,True,2025-09-25,OFFICIAL_DAILY_OBSERVATION_DATE_NO_INTRADAY_TIMESTAMP_CLAIM
2025-09-26,TECHNOLOGY,TECHNOLOGY_STAR50,DOMAIN_COMPONENT,STAR50,000688,1461.95,1485.88,1448.96,1450.82,-1.6,1725102900.0,938.98,50.0,78.36,csindex:index_perf,000688,OFFICIAL_HISTORICAL_VALUATION_AVAILABLE,True,2025-09-26,OFFICIAL_DAILY_OBSERVATION_DATE_NO_INTRADAY_TIMESTAMP_CLAIM
2025-09-29,TECHNOLOGY,TECHNOLOGY_STAR50,DOMAIN_COMPONENT,STAR50,000688,1448.55,1470.41,1424.84,1470.41,1.35,1541410700.0,962.97,50.0,79.12,csindex:index_perf,000688,OFFICIAL_HISTORICAL_VALUATION_AVAILABLE,True,2025-09-29,OFFICIAL_DAILY_OBSERVATION_DATE_NO_INTRADAY_TIMESTAMP_CLAIM
2025-09-30,TECHNOLOGY,TECHNOLOGY_STAR50,DOMAIN_COMPONENT,STAR50,000688,1488.29,1505.91,1478.42,1495.29,1.69,1473150600.0,997.99,50.0,80.01,csindex:index_perf,000688,OFFICIAL_HISTORICAL_VALUATION_AVAILABLE,True,2025-09-30,OFFICIAL_DAILY_OBSERVATION_DATE_NO_INTRADAY_TIMESTAMP_CLAIM
2025-10-09,TECHNOLOGY,TECHNOLOGY_STAR50,DOMAIN_COMPONENT,STAR50,000688,1526.92,1588.83,1522.79,1539.08,2.93,2214971600.0,1460.61,50.0,82.06,csindex:index_perf,000688,OFFICIAL_HISTORICAL_VALUATION_AVAILABLE,True,2025-10-09,OFFICIAL_DAILY_OBSERVATION_DATE_NO_INTRADAY_TIMESTAMP_CLAIM
2025-10-10,TECHNOLOGY,TECHNOLOGY_STAR50,DOMAIN_COMPONENT,STAR50,000688,1511.16,1512.34,1444.99,1452.68,-5.61,1797651300.0,1194.86,50.0,77.55,csindex:index_perf,000688,OFFICIAL_HISTORICAL_VALUATION_AVAILABLE,True,2025-10-10,OFFICIAL_DAILY_OBSERVATION_DATE_NO_INTRADAY_TIMESTAMP_CLAIM
2025-10-13,TECHNOLOGY,TECHNOLOGY_STAR50,DOMAIN_COMPONENT,STAR50,000688,1409.68,1476.13,1409.68,1473.02,1.4,1677396600.0,1115.6,50.0,78.39,csindex:index_perf,000688,OFFICIAL_HISTORICAL_VALUATION_AVAILABLE,True,2025-10-13,OFFICIAL_DAILY_OBSERVATION_DATE_NO_INTRADAY_TIMESTAMP_CLAIM
2025-10-14,TECHNOLOGY,TECHNOLOGY_STAR50,DOMAIN_COMPONENT,STAR50,000688,1488.05,1489.17,1399.97,1410.3,-4.26,1846890800.0,1170.52,50.0,74.74,csindex:index_perf,000688,OFFICIAL_HISTORICAL_VALUATION_AVAILABLE,True,2025-10-14,OFFICIAL_DAILY_OBSERVATION_DATE_NO_INTRADAY_TIMESTAMP_CLAIM
2025-10-15,TECHNOLOGY,TECHNOLOGY_STAR50,DOMAIN_COMPONENT,STAR50,000688,1409.53,1430.28,1390.99,1430.0,1.4,1288930800.0,797.21,50.0,76.25,csindex:index_perf,000688,OFFICIAL_HISTORICAL_VALUATION_AVAILABLE,True,2025-10-15,OFFICIAL_DAILY_OBSERVATION_DATE_NO_INTRADAY_TIMESTAMP_CLAIM
2025-10-16,TECHNOLOGY,TECHNOLOGY_STAR50,DOMAIN_COMPONENT,STAR50,000688,1419.55,1444.23,1409.7,1416.58,-0.94,1089813700.0,741.72,50.0,75.45,csindex:index_perf,000688,OFFICIAL_HISTORICAL_VALUATION_AVAILABLE,True,2025-10-16,OFFICIAL_DAILY_OBSERVATION_DATE_NO_INTRADAY_TIMESTAMP_CLAIM
2025-10-17,TECHNOLOGY,TECHNOLOGY_STAR50,DOMAIN_COMPONENT,STAR50,000688,1411.74,1415.66,1360.45,1363.17,-3.77,1167923100.0,728.42,50.0,72.9,csindex:index_perf,000688,OFFICIAL_HISTORICAL_VALUATION_AVAILABLE,True,2025-10-17,OFFICIAL_DAILY_OBSERVATION_DATE_NO_INTRADAY_TIMESTAMP_CLAIM
2025-10-20,TECHNOLOGY,TECHNOLOGY_STAR50,DOMAIN_COMPONENT,STAR50,000688,1390.71,1397.73,1358.69,1367.9,0.35,936950300.0,689.35,50.0,73.35,csindex:index_perf,000688,OFFICIAL_HISTORICAL_VALUATION_AVAILABLE,True,2025-10-20,OFFICIAL_DAILY_OBSERVATION_DATE_NO_INTRADAY_TIMESTAMP_CLAIM
2025-10-21,TECHNOLOGY,TECHNOLOGY_STAR50,DOMAIN_COMPONENT,STAR50,000688,1374.98,1410.07,1368.01,1406.32,2.81,951331300.0,763.0,50.0,75.56,csindex:index_perf,000688,OFFICIAL_HISTORICAL_VALUATION_AVAILABLE,True,2025-10-21,OFFICIAL_DAILY_OBSERVATION_DATE_NO_INTRADAY_TIMESTAMP_CLAIM
2025-10-22,TECHNOLOGY,TECHNOLOGY_STAR50,DOMAIN_COMPONENT,STAR50,000688,1392.59,1424.23,1380.98,1405.41,-0.06,816675700.0,704.73,50.0,75.89,csindex:index_perf,000688,OFFICIAL_HISTORICAL_VALUATION_AVAILABLE,True,2025-10-22,OFFICIAL_DAILY_OBSERVATION_DATE_NO_INTRADAY_TIMESTAMP_CLAIM
2025-10-23,TECHNOLOGY,TECHNOLOGY_STAR50,DOMAIN_COMPONENT,STAR50,000688,1396.09,1403.94,1375.75,1401.26,-0.3,777447300.0,554.02,50.0,75.55,csindex:index_perf,000688,OFFICIAL_HISTORICAL_VALUATION_AVAILABLE,True,2025-10-23,OFFICIAL_DAILY_OBSERVATION_DATE_NO_INTRADAY_TIMESTAMP_CLAIM
2025-10-24,TECHNOLOGY,TECHNOLOGY_STAR50,DOMAIN_COMPONENT,STAR50,000688,1421.21,1466.85,1416.46,1462.22,4.35,1081786200.0,989.26,50.0,79.19,csindex:index_perf,000688,OFFICIAL_HISTORICAL_VALUATION_AVAILABLE,True,2025-10-24,OFFICIAL_DAILY_OBSERVATION_DATE_NO_INTRADAY_TIMESTAMP_CLAIM
2025-10-27,TECHNOLOGY,TECHNOLOGY_STAR50,DOMAIN_COMPONENT,STAR50,000688,1489.66,1491.11,1457.65,1484.21,1.5,1320700300.0,1070.29,50.0,80.29,csindex:index_perf,000688,OFFICIAL_HISTORICAL_VALUATION_AVAILABLE,True,2025-10-27,OFFICIAL_DAILY_OBSERVATION_DATE_NO_INTRADAY_TIMESTAMP_CLAIM
2025-10-28,TECHNOLOGY,TECHNOLOGY_STAR50,DOMAIN_COMPONENT,STAR50,000688,1470.48,1496.06,1463.46,1471.73,-0.84,1085480600.0,878.13,50.0,79.62,csindex:index_perf,000688,OFFICIAL_HISTORICAL_VALUATION_AVAILABLE,True,2025-10-28,OFFICIAL_DAILY_OBSERVATION_DATE_NO_INTRADAY_TIMESTAMP_CLAIM
2025-10-29,TECHNOLOGY,TECHNOLOGY_STAR50,DOMAIN_COMPONENT,STAR50,000688,1466.44,1495.38,1465.31,1489.12,1.18,1266585900.0,861.54,50.0,80.4,csindex:index_perf,000688,OFFICIAL_HISTORICAL_VALUATION_AVAILABLE,True,2025-10-29,OFFICIAL_DAILY_OBSERVATION_DATE_NO_INTRADAY_TIMESTAMP_CLAIM
2025-10-30,TECHNOLOGY,TECHNOLOGY_STAR50,DOMAIN_COMPONENT,STAR50,000688,1485.94,1494.4,1461.3,1461.3,-1.87,1358141800.0,988.12,50.0,78.92,csindex:index_perf,000688,OFFICIAL_HISTORICAL_VALUATION_AVAILABLE,True,2025-10-30,OFFICIAL_DAILY_OBSERVATION_DATE_NO_INTRADAY_TIMESTAMP_CLAIM
2025-10-31,TECHNOLOGY,TECHNOLOGY_STAR50,DOMAIN_COMPONENT,STAR50,000688,1451.06,1452.24,1415.53,1415.53,-3.13,1407525200.0,949.51,50.0,76.29,csindex:index_perf,000688,OFFICIAL_HISTORICAL_VALUATION_AVAILABLE,True,2025-10-31,OFFICIAL_DAILY_OBSERVATION_DATE_NO_INTRADAY_TIMESTAMP_CLAIM
2025-11-03,TECHNOLOGY,TECHNOLOGY_STAR50,DOMAIN_COMPONENT,STAR50,000688,1403.46,1406.01,1372.25,1400.86,-1.04,1343344200.0,775.16,50.0,75.3,csindex:index_perf,000688,OFFICIAL_HISTORICAL_VALUATION_AVAILABLE,True,2025-11-03,OFFICIAL_DAILY_OBSERVATION_DATE_NO_INTRADAY_TIMESTAMP_CLAIM
2025-11-04,TECHNOLOGY,TECHNOLOGY_STAR50,DOMAIN_COMPONENT,STAR50,000688,1406.86,1415.73,1378.64,1387.24,-0.97,1078230200.0,683.82,50.0,74.84,csindex:index_perf,000688,OFFICIAL_HISTORICAL_VALUATION_AVAILABLE,True,2025-11-04,OFFICIAL_DAILY_OBSERVATION_DATE_NO_INTRADAY_TIMESTAMP_CLAIM
2025-11-05,TECHNOLOGY,TECHNOLOGY_STAR50,DOMAIN_COMPONENT,STAR50,000688,1355.72,1398.37,1355.72,1390.39,0.23,1180566100.0,627.05,50.0,74.98,csindex:index_perf,000688,OFFICIAL_HISTORICAL_VALUATION_AVAILABLE,True,2025-11-05,OFFICIAL_DAILY_OBSERVATION_DATE_NO_INTRADAY_TIMESTAMP_CLAIM
2025-11-06,TECHNOLOGY,TECHNOLOGY_STAR50,DOMAIN_COMPONENT,STAR50,000688,1405.15,1442.81,1403.07,1436.86,3.34,1370438500.0,909.92,50.0,78.05,csindex:index_perf,000688,OFFICIAL_HISTORICAL_VALUATION_AVAILABLE,True,2025-11-06,OFFICIAL_DAILY_OBSERVATION_DATE_NO_INTRADAY_TIMESTAMP_CLAIM
2025-11-07,TECHNOLOGY,TECHNOLOGY_STAR50,DOMAIN_COMPONENT,STAR50,000688,1420.23,1434.39,1414.47,1415.69,-1.47,1319918500.0,647.51,50.0,76.72,csindex:index_perf,000688,OFFICIAL_HISTORICAL_VALUATION_AVAILABLE,True,2025-11-07,OFFICIAL_DAILY_OBSERVATION_DATE_NO_INTRADAY_TIMESTAMP_CLAIM
2025-11-10,TECHNOLOGY,TECHNOLOGY_STAR50,DOMAIN_COMPONENT,STAR50,000688,1422.32,1431.77,1389.77,1407.56,-0.57,1344762300.0,727.73,50.0,75.94,csindex:index_perf,000688,OFFICIAL_HISTORICAL_VALUATION_AVAILABLE,True,2025-11-10,OFFICIAL_DAILY_OBSERVATION_DATE_NO_INTRADAY_TIMESTAMP_CLAIM
2025-11-11,TECHNOLOGY,TECHNOLOGY_STAR50,DOMAIN_COMPONENT,STAR50,000688,1416.86,1423.68,1385.07,1387.53,-1.42,1175212700.0,648.48,50.0,74.7,csindex:index_perf,000688,OFFICIAL_HISTORICAL_VALUATION_AVAILABLE,True,2025-11-11,OFFICIAL_DAILY_OBSERVATION_DATE_NO_INTRADAY_TIMESTAMP_CLAIM
2025-11-12,TECHNOLOGY,TECHNOLOGY_STAR50,DOMAIN_COMPONENT,STAR50,000688,1377.15,1388.51,1362.38,1379.45,-0.58,1272404100.0,618.53,50.0,74.52,csindex:index_perf,000688,OFFICIAL_HISTORICAL_VALUATION_AVAILABLE,True,2025-11-12,OFFICIAL_DAILY_OBSERVATION_DATE_NO_INTRADAY_TIMESTAMP_CLAIM
2025-11-13,TECHNOLOGY,TECHNOLOGY_STAR50,DOMAIN_COMPONENT,STAR50,000688,1376.37,1404.63,1373.49,1399.29,1.44,1211163000.0,627.6,50.0,75.21,csindex:index_perf,000688,OFFICIAL_HISTORICAL_VALUATION_AVAILABLE,True,2025-11-13,OFFICIAL_DAILY_OBSERVATION_DATE_NO_INTRADAY_TIMESTAMP_CLAIM
2025-11-14,TECHNOLOGY,TECHNOLOGY_STAR50,DOMAIN_COMPONENT,STAR50,000688,1379.44,1390.62,1361.23,1361.23,-2.72,1152590000.0,612.92,50.0,73.1,csindex:index_perf,000688,OFFICIAL_HISTORICAL_VALUATION_AVAILABLE,True,2025-11-14,OFFICIAL_DAILY_OBSERVATION_DATE_NO_INTRADAY_TIMESTAMP_CLAIM
2025-11-17,TECHNOLOGY,TECHNOLOGY_STAR50,DOMAIN_COMPONENT,STAR50,000688,1363.48,1377.55,1344.91,1354.04,-0.53,1130595500.0,595.42,50.0,72.42,csindex:index_perf,000688,OFFICIAL_HISTORICAL_VALUATION_AVAILABLE,True,2025-11-17,OFFICIAL_DAILY_OBSERVATION_DATE_NO_INTRADAY_TIMESTAMP_CLAIM
2025-11-18,TECHNOLOGY,TECHNOLOGY_STAR50,DOMAIN_COMPONENT,STAR50,000688,1350.51,1374.03,1348.1,1357.93,0.29,1153598500.0,612.24,50.0,72.83,csindex:index_perf,000688,OFFICIAL_HISTORICAL_VALUATION_AVAILABLE,True,2025-11-18,OFFICIAL_DAILY_OBSERVATION_DATE_NO_INTRADAY_TIMESTAMP_CLAIM
2025-11-19,TECHNOLOGY,TECHNOLOGY_STAR50,DOMAIN_COMPONENT,STAR50,000688,1355.13,1363.86,1338.45,1344.8,-0.97,900613000.0,455.05,50.0,72.25,csindex:index_perf,000688,OFFICIAL_HISTORICAL_VALUATION_AVAILABLE,True,2025-11-19,OFFICIAL_DAILY_OBSERVATION_DATE_NO_INTRADAY_TIMESTAMP_CLAIM
2025-11-20,TECHNOLOGY,TECHNOLOGY_STAR50,DOMAIN_COMPONENT,STAR50,000688,1362.85,1364.48,1327.29,1328.19,-1.24,774703900.0,437.45,50.0,71.56,csindex:index_perf,000688,OFFICIAL_HISTORICAL_VALUATION_AVAILABLE,True,2025-11-20,OFFICIAL_DAILY_OBSERVATION_DATE_NO_INTRADAY_TIMESTAMP_CLAIM
2025-11-21,TECHNOLOGY,TECHNOLOGY_STAR50,DOMAIN_COMPONENT,STAR50,000688,1300.48,1311.32,1282.45,1285.83,-3.19,1007064900.0,560.3,50.0,69.26,csindex:index_perf,000688,OFFICIAL_HISTORICAL_VALUATION_AVAILABLE,True,2025-11-21,OFFICIAL_DAILY_OBSERVATION_DATE_NO_INTRADAY_TIMESTAMP_CLAIM
2025-11-24,TECHNOLOGY,TECHNOLOGY_STAR50,DOMAIN_COMPONENT,STAR50,000688,1295.88,1306.04,1273.49,1296.6,0.84,881365300.0,508.27,50.0,70.0,csindex:index_perf,000688,OFFICIAL_HISTORICAL_VALUATION_AVAILABLE,True,2025-11-24,OFFICIAL_DAILY_OBSERVATION_DATE_NO_INTRADAY_TIMESTAMP_CLAIM
2025-11-25,TECHNOLOGY,TECHNOLOGY_STAR50,DOMAIN_COMPONENT,STAR50,000688,1309.67,1323.21,1298.85,1302.17,0.43,827302300.0,527.35,50.0,70.14,csindex:index_perf,000688,OFFICIAL_HISTORICAL_VALUATION_AVAILABLE,True,2025-11-25,OFFICIAL_DAILY_OBSERVATION_DATE_NO_INTRADAY_TIMESTAMP_CLAIM
2025-11-26,TECHNOLOGY,TECHNOLOGY_STAR50,DOMAIN_COMPONENT,STAR50,000688,1296.46,1327.54,1293.18,1315.04,0.99,781582700.0,575.76,50.0,71.05,csindex:index_perf,000688,OFFICIAL_HISTORICAL_VALUATION_AVAILABLE,True,2025-11-26,OFFICIAL_DAILY_OBSERVATION_DATE_NO_INTRADAY_TIMESTAMP_CLAIM
2025-11-27,TECHNOLOGY,TECHNOLOGY_STAR50,DOMAIN_COMPONENT,STAR50,000688,1325.85,1351.44,1308.85,1310.7,-0.33,803048900.0,618.1,50.0,70.84,csindex:index_perf,000688,OFFICIAL_HISTORICAL_VALUATION_AVAILABLE,True,2025-11-27,OFFICIAL_DAILY_OBSERVATION_DATE_NO_INTRADAY_TIMESTAMP_CLAIM
2025-11-28,TECHNOLOGY,TECHNOLOGY_STAR50,DOMAIN_COMPONENT,STAR50,000688,1307.96,1329.33,1303.2,1327.15,1.25,882469200.0,495.77,50.0,71.65,csindex:index_perf,000688,OFFICIAL_HISTORICAL_VALUATION_AVAILABLE,True,2025-11-28,OFFICIAL_DAILY_OBSERVATION_DATE_NO_INTRADAY_TIMESTAMP_CLAIM
2025-12-01,TECHNOLOGY,TECHNOLOGY_STAR50,DOMAIN_COMPONENT,STAR50,000688,1329.42,1341.95,1310.42,1336.76,0.72,1119198600.0,654.93,50.0,72.29,csindex:index_perf,000688,OFFICIAL_HISTORICAL_VALUATION_AVAILABLE,True,2025-12-01,OFFICIAL_DAILY_OBSERVATION_DATE_NO_INTRADAY_TIMESTAMP_CLAIM
2025-12-02,TECHNOLOGY,TECHNOLOGY_STAR50,DOMAIN_COMPONENT,STAR50,000688,1334.0,1335.75,1315.46,1320.16,-1.24,762146400.0,470.79,50.0,71.43,csindex:index_perf,000688,OFFICIAL_HISTORICAL_VALUATION_AVAILABLE,True,2025-12-02,OFFICIAL_DAILY_OBSERVATION_DATE_NO_INTRADAY_TIMESTAMP_CLAIM
2025-12-03,TECHNOLOGY,TECHNOLOGY_STAR50,DOMAIN_COMPONENT,STAR50,000688,1317.58,1324.71,1303.34,1308.37,-0.89,702705800.0,432.55,50.0,70.92,csindex:index_perf,000688,OFFICIAL_HISTORICAL_VALUATION_AVAILABLE,True,2025-12-03,OFFICIAL_DAILY_OBSERVATION_DATE_NO_INTRADAY_TIMESTAMP_CLAIM
2025-12-04,TECHNOLOGY,TECHNOLOGY_STAR50,DOMAIN_COMPONENT,STAR50,000688,1303.99,1326.23,1294.76,1326.16,1.36,677877100.0,487.48,50.0,72.06,csindex:index_perf,000688,OFFICIAL_HISTORICAL_VALUATION_AVAILABLE,True,2025-12-04,OFFICIAL_DAILY_OBSERVATION_DATE_NO_INTRADAY_TIMESTAMP_CLAIM
2025-12-05,TECHNOLOGY,TECHNOLOGY_STAR50,DOMAIN_COMPONENT,STAR50,000688,1319.72,1330.59,1303.72,1326.1,0.0,709168600.0,498.21,50.0,72.05,csindex:index_perf,000688,OFFICIAL_HISTORICAL_VALUATION_AVAILABLE,True,2025-12-05,OFFICIAL_DAILY_OBSERVATION_DATE_NO_INTRADAY_TIMESTAMP_CLAIM
2025-12-08,TECHNOLOGY,TECHNOLOGY_STAR50,DOMAIN_COMPONENT,STAR50,000688,1325.97,1360.71,1325.74,1350.8,1.86,831105000.0,639.52,50.0,73.55,csindex:index_perf,000688,OFFICIAL_HISTORICAL_VALUATION_AVAILABLE,True,2025-12-08,OFFICIAL_DAILY_OBSERVATION_DATE_NO_INTRADAY_TIMESTAMP_CLAIM
2025-12-09,TECHNOLOGY,TECHNOLOGY_STAR50,DOMAIN_COMPONENT,STAR50,000688,1338.85,1358.9,1337.32,1347.11,-0.27,705705700.0,548.19,50.0,73.52,csindex:index_perf,000688,OFFICIAL_HISTORICAL_VALUATION_AVAILABLE,True,2025-12-09,OFFICIAL_DAILY_OBSERVATION_DATE_NO_INTRADAY_TIMESTAMP_CLAIM
2025-12-10,TECHNOLOGY,TECHNOLOGY_STAR50,DOMAIN_COMPONENT,STAR50,000688,1337.52,1350.65,1317.71,1346.7,-0.03,827364000.0,553.57,50.0,73.5,csindex:index_perf,000688,OFFICIAL_HISTORICAL_VALUATION_AVAILABLE,True,2025-12-10,OFFICIAL_DAILY_OBSERVATION_DATE_NO_INTRADAY_TIMESTAMP_CLAIM
2025-12-11,TECHNOLOGY,TECHNOLOGY_STAR50,DOMAIN_COMPONENT,STAR50,000688,1349.67,1350.87,1325.83,1325.83,-1.55,812499600.0,532.4,50.0,72.27,csindex:index_perf,000688,OFFICIAL_HISTORICAL_VALUATION_AVAILABLE,True,2025-12-11,OFFICIAL_DAILY_OBSERVATION_DATE_NO_INTRADAY_TIMESTAMP_CLAIM
2025-12-12,TECHNOLOGY,TECHNOLOGY_STAR50,DOMAIN_COMPONENT,STAR50,000688,1324.3,1351.56,1314.01,1348.88,1.74,1218971100.0,838.66,50.0,73.26,csindex:index_perf,000688,OFFICIAL_HISTORICAL_VALUATION_AVAILABLE,True,2025-12-12,OFFICIAL_DAILY_OBSERVATION_DATE_NO_INTRADAY_TIMESTAMP_CLAIM
2025-12-15,TECHNOLOGY,TECHNOLOGY_STAR50,DOMAIN_COMPONENT,STAR50,000688,1333.36,1343.78,1318.53,1318.91,-2.22,847012000.0,583.46,50.0,72.03,csindex:index_perf,000688,OFFICIAL_HISTORICAL_VALUATION_AVAILABLE,True,2025-12-15,OFFICIAL_DAILY_OBSERVATION_DATE_NO_INTRADAY_TIMESTAMP_CLAIM
2025-12-16,TECHNOLOGY,TECHNOLOGY_STAR50,DOMAIN_COMPONENT,STAR50,000688,1313.53,1317.15,1286.25,1293.38,-1.94,733072600.0,471.52,50.0,70.59,csindex:index_perf,000688,OFFICIAL_HISTORICAL_VALUATION_AVAILABLE,True,2025-12-16,OFFICIAL_DAILY_OBSERVATION_DATE_NO_INTRADAY_TIMESTAMP_CLAIM
2025-12-17,TECHNOLOGY,TECHNOLOGY_STAR50,DOMAIN_COMPONENT,STAR50,000688,1294.7,1327.76,1289.24,1325.33,2.47,773892100.0,501.78,50.0,72.64,csindex:index_perf,000688,OFFICIAL_HISTORICAL_VALUATION_AVAILABLE,True,2025-12-17,OFFICIAL_DAILY_OBSERVATION_DATE_NO_INTRADAY_TIMESTAMP_CLAIM
2025-12-18,TECHNOLOGY,TECHNOLOGY_STAR50,DOMAIN_COMPONENT,STAR50,000688,1314.67,1323.68,1305.97,1305.97,-1.46,627046500.0,387.19,50.0,68.52,csindex:index_perf,000688,OFFICIAL_HISTORICAL_VALUATION_AVAILABLE,True,2025-12-18,OFFICIAL_DAILY_OBSERVATION_DATE_NO_INTRADAY_TIMESTAMP_CLAIM
2025-12-19,TECHNOLOGY,TECHNOLOGY_STAR50,DOMAIN_COMPONENT,STAR50,000688,1314.75,1323.86,1306.8,1308.59,0.2,643658500.0,388.85,50.0,68.57,csindex:index_perf,000688,OFFICIAL_HISTORICAL_VALUATION_AVAILABLE,True,2025-12-19,OFFICIAL_DAILY_OBSERVATION_DATE_NO_INTRADAY_TIMESTAMP_CLAIM
2025-12-22,TECHNOLOGY,TECHNOLOGY_STAR50,DOMAIN_COMPONENT,STAR50,000688,1314.07,1338.14,1314.07,1335.25,2.04,801867000.0,551.39,50.0,70.13,csindex:index_perf,000688,OFFICIAL_HISTORICAL_VALUATION_AVAILABLE,True,2025-12-22,OFFICIAL_DAILY_OBSERVATION_DATE_NO_INTRADAY_TIMESTAMP_CLAIM
2025-12-23,TECHNOLOGY,TECHNOLOGY_STAR50,DOMAIN_COMPONENT,STAR50,000688,1333.54,1348.54,1331.39,1340.02,0.36,762758600.0,528.24,50.0,70.67,csindex:index_perf,000688,OFFICIAL_HISTORICAL_VALUATION_AVAILABLE,True,2025-12-23,OFFICIAL_DAILY_OBSERVATION_DATE_NO_INTRADAY_TIMESTAMP_CLAIM
2025-12-24,TECHNOLOGY,TECHNOLOGY_STAR50,DOMAIN_COMPONENT,STAR50,000688,1342.13,1352.74,1332.92,1352.13,0.9,733909000.0,510.88,50.0,71.08,csindex:index_perf,000688,OFFICIAL_HISTORICAL_VALUATION_AVAILABLE,True,2025-12-24,OFFICIAL_DAILY_OBSERVATION_DATE_NO_INTRADAY_TIMESTAMP_CLAIM
2025-12-25,TECHNOLOGY,TECHNOLOGY_STAR50,DOMAIN_COMPONENT,STAR50,000688,1347.78,1356.6,1339.97,1349.06,-0.23,726230500.0,448.28,50.0,71.02,csindex:index_perf,000688,OFFICIAL_HISTORICAL_VALUATION_AVAILABLE,True,2025-12-25,OFFICIAL_DAILY_OBSERVATION_DATE_NO_INTRADAY_TIMESTAMP_CLAIM
2025-12-26,TECHNOLOGY,TECHNOLOGY_STAR50,DOMAIN_COMPONENT,STAR50,000688,1346.11,1356.11,1339.14,1345.83,-0.24,852160100.0,451.9,50.0,70.73,csindex:index_perf,000688,OFFICIAL_HISTORICAL_VALUATION_AVAILABLE,True,2025-12-26,OFFICIAL_DAILY_OBSERVATION_DATE_NO_INTRADAY_TIMESTAMP_CLAIM
2025-12-29,TECHNOLOGY,TECHNOLOGY_STAR50,DOMAIN_COMPONENT,STAR50,000688,1345.98,1364.27,1341.94,1346.32,0.04,1039029700.0,584.89,50.0,70.91,csindex:index_perf,000688,OFFICIAL_HISTORICAL_VALUATION_AVAILABLE,True,2025-12-29,OFFICIAL_DAILY_OBSERVATION_DATE_NO_INTRADAY_TIMESTAMP_CLAIM
2025-12-30,TECHNOLOGY,TECHNOLOGY_STAR50,DOMAIN_COMPONENT,STAR50,000688,1346.13,1367.01,1346.03,1359.87,1.01,794150500.0,592.71,50.0,71.85,csindex:index_perf,000688,OFFICIAL_HISTORICAL_VALUATION_AVAILABLE,True,2025-12-30,OFFICIAL_DAILY_OBSERVATION_DATE_NO_INTRADAY_TIMESTAMP_CLAIM
2025-12-31,TECHNOLOGY,TECHNOLOGY_STAR50,DOMAIN_COMPONENT,STAR50,000688,1367.17,1368.48,1342.68,1344.2,-1.15,730691500.0,492.85,50.0,71.04,csindex:index_perf,000688,OFFICIAL_HISTORICAL_VALUATION_AVAILABLE,True,2025-12-31,OFFICIAL_DAILY_OBSERVATION_DATE_NO_INTRADAY_TIMESTAMP_CLAIM
2026-01-05,TECHNOLOGY,TECHNOLOGY_STAR50,DOMAIN_COMPONENT,STAR50,000688,1360.9,1403.53,1360.9,1403.41,4.41,1034546600.0,811.88,50.0,73.77,csindex:index_perf,000688,OFFICIAL_HISTORICAL_VALUATION_AVAILABLE,True,2026-01-05,OFFICIAL_DAILY_OBSERVATION_DATE_NO_INTRADAY_TIMESTAMP_CLAIM
2026-01-06,TECHNOLOGY,TECHNOLOGY_STAR50,DOMAIN_COMPONENT,STAR50,000688,1401.79,1442.1,1400.4,1429.3,1.84,1182033200.0,807.98,50.0,74.79,csindex:index_perf,000688,OFFICIAL_HISTORICAL_VALUATION_AVAILABLE,True,2026-01-06,OFFICIAL_DAILY_OBSERVATION_DATE_NO_INTRADAY_TIMESTAMP_CLAIM
2026-01-07,TECHNOLOGY,TECHNOLOGY_STAR50,DOMAIN_COMPONENT,STAR50,000688,1442.51,1452.04,1427.98,1443.39,0.99,1233854800.0,871.28,50.0,75.45,csindex:index_perf,000688,OFFICIAL_HISTORICAL_VALUATION_AVAILABLE,True,2026-01-07,OFFICIAL_DAILY_OBSERVATION_DATE_NO_INTRADAY_TIMESTAMP_CLAIM
2026-01-08,TECHNOLOGY,TECHNOLOGY_STAR50,DOMAIN_COMPONENT,STAR50,000688,1441.19,1483.23,1441.19,1455.17,0.82,1348228800.0,992.48,50.0,76.52,csindex:index_perf,000688,OFFICIAL_HISTORICAL_VALUATION_AVAILABLE,True,2026-01-08,OFFICIAL_DAILY_OBSERVATION_DATE_NO_INTRADAY_TIMESTAMP_CLAIM
2026-01-09,TECHNOLOGY,TECHNOLOGY_STAR50,DOMAIN_COMPONENT,STAR50,000688,1442.22,1477.24,1437.58,1475.97,1.43,1330640500.0,910.06,50.0,77.83,csindex:index_perf,000688,OFFICIAL_HISTORICAL_VALUATION_AVAILABLE,True,2026-01-09,OFFICIAL_DAILY_OBSERVATION_DATE_NO_INTRADAY_TIMESTAMP_CLAIM
2026-01-12,TECHNOLOGY,TECHNOLOGY_STAR50,DOMAIN_COMPONENT,STAR50,000688,1490.5,1515.11,1478.85,1511.84,2.43,1567591900.0,1066.4,50.0,79.53,csindex:index_perf,000688,OFFICIAL_HISTORICAL_VALUATION_AVAILABLE,True,2026-01-12,OFFICIAL_DAILY_OBSERVATION_DATE_NO_INTRADAY_TIMESTAMP_CLAIM
2026-01-13,TECHNOLOGY,TECHNOLOGY_STAR50,DOMAIN_COMPONENT,STAR50,000688,1508.18,1511.65,1460.41,1469.57,-2.8,1523474700.0,1044.49,50.0,76.96,csindex:index_perf,000688,OFFICIAL_HISTORICAL_VALUATION_AVAILABLE,True,2026-01-13,OFFICIAL_DAILY_OBSERVATION_DATE_NO_INTRADAY_TIMESTAMP_CLAIM
2026-01-14,TECHNOLOGY,TECHNOLOGY_STAR50,DOMAIN_COMPONENT,STAR50,000688,1479.3,1532.58,1479.3,1500.91,2.13,1777974500.0,1238.81,50.0,78.8,csindex:index_perf,000688,OFFICIAL_HISTORICAL_VALUATION_AVAILABLE,True,2026-01-14,OFFICIAL_DAILY_OBSERVATION_DATE_NO_INTRADAY_TIMESTAMP_CLAIM
2026-01-15,TECHNOLOGY,TECHNOLOGY_STAR50,DOMAIN_COMPONENT,STAR50,000688,1491.23,1504.84,1468.02,1493.95,-0.46,1408817300.0,958.46,50.0,78.27,csindex:index_perf,000688,OFFICIAL_HISTORICAL_VALUATION_AVAILABLE,True,2026-01-15,OFFICIAL_DAILY_OBSERVATION_DATE_NO_INTRADAY_TIMESTAMP_CLAIM
2026-01-16,TECHNOLOGY,TECHNOLOGY_STAR50,DOMAIN_COMPONENT,STAR50,000688,1509.7,1528.78,1495.68,1514.07,1.35,1676577600.0,1167.9,50.0,79.08,csindex:index_perf,000688,OFFICIAL_HISTORICAL_VALUATION_AVAILABLE,True,2026-01-16,OFFICIAL_DAILY_OBSERVATION_DATE_NO_INTRADAY_TIMESTAMP_CLAIM
2026-01-19,TECHNOLOGY,TECHNOLOGY_STAR50,DOMAIN_COMPONENT,STAR50,000688,1513.59,1525.12,1502.72,1506.86,-0.48,1287625700.0,933.07,50.0,79.17,csindex:index_perf,000688,OFFICIAL_HISTORICAL_VALUATION_AVAILABLE,True,2026-01-19,OFFICIAL_DAILY_OBSERVATION_DATE_NO_INTRADAY_TIMESTAMP_CLAIM
2026-01-20,TECHNOLOGY,TECHNOLOGY_STAR50,DOMAIN_COMPONENT,STAR50,000688,1508.37,1525.81,1473.19,1482.99,-1.58,1403065800.0,977.64,50.0,77.35,csindex:index_perf,000688,OFFICIAL_HISTORICAL_VALUATION_AVAILABLE,True,2026-01-20,OFFICIAL_DAILY_OBSERVATION_DATE_NO_INTRADAY_TIMESTAMP_CLAIM
2026-01-21,TECHNOLOGY,TECHNOLOGY_STAR50,DOMAIN_COMPONENT,STAR50,000688,1482.66,1546.05,1482.66,1535.39,3.53,1444741400.0,1173.11,50.0,80.24,csindex:index_perf,000688,OFFICIAL_HISTORICAL_VALUATION_AVAILABLE,True,2026-01-21,OFFICIAL_DAILY_OBSERVATION_DATE_NO_INTRADAY_TIMESTAMP_CLAIM
2026-01-22,TECHNOLOGY,TECHNOLOGY_STAR50,DOMAIN_COMPONENT,STAR50,000688,1563.38,1574.97,1530.25,1541.64,0.41,1521219400.0,1144.72,50.0,80.28,csindex:index_perf,000688,OFFICIAL_HISTORICAL_VALUATION_AVAILABLE,True,2026-01-22,OFFICIAL_DAILY_OBSERVATION_DATE_NO_INTRADAY_TIMESTAMP_CLAIM
2026-01-23,TECHNOLOGY,TECHNOLOGY_STAR50,DOMAIN_COMPONENT,STAR50,000688,1530.28,1553.71,1523.5,1553.71,0.78,2124468700.0,1107.67,50.0,80.29,csindex:index_perf,000688,OFFICIAL_HISTORICAL_VALUATION_AVAILABLE,True,2026-01-23,OFFICIAL_DAILY_OBSERVATION_DATE_NO_INTRADAY_TIMESTAMP_CLAIM
2026-01-26,TECHNOLOGY,TECHNOLOGY_STAR50,DOMAIN_COMPONENT,STAR50,000688,1556.57,1575.45,1529.32,1532.8,-1.35,2123161200.0,1089.17,50.0,78.88,csindex:index_perf,000688,OFFICIAL_HISTORICAL_VALUATION_AVAILABLE,True,2026-01-26,OFFICIAL_DAILY_OBSERVATION_DATE_NO_INTRADAY_TIMESTAMP_CLAIM
2026-01-27,TECHNOLOGY,TECHNOLOGY_STAR50,DOMAIN_COMPONENT,STAR50,000688,1530.07,1562.58,1507.41,1555.98,1.51,1978728100.0,1021.43,50.0,79.53,csindex:index_perf,000688,OFFICIAL_HISTORICAL_VALUATION_AVAILABLE,True,2026-01-27,OFFICIAL_DAILY_OBSERVATION_DATE_NO_INTRADAY_TIMESTAMP_CLAIM
2026-01-28,TECHNOLOGY,TECHNOLOGY_STAR50,DOMAIN_COMPONENT,STAR50,000688,1566.19,1569.44,1535.9,1554.8,-0.08,1554361000.0,1046.13,50.0,79.53,csindex:index_perf,000688,OFFICIAL_HISTORICAL_VALUATION_AVAILABLE,True,2026-01-28,OFFICIAL_DAILY_OBSERVATION_DATE_NO_INTRADAY_TIMESTAMP_CLAIM
2026-01-29,TECHNOLOGY,TECHNOLOGY_STAR50,DOMAIN_COMPONENT,STAR50,000688,1550.99,1560.64,1507.3,1507.64,-3.03,1640834400.0,985.86,50.0,77.26,csindex:index_perf,000688,OFFICIAL_HISTORICAL_VALUATION_AVAILABLE,True,2026-01-29,OFFICIAL_DAILY_OBSERVATION_DATE_NO_INTRADAY_TIMESTAMP_CLAIM
2026-01-30,TECHNOLOGY,TECHNOLOGY_STAR50,DOMAIN_COMPONENT,STAR50,000688,1501.51,1522.33,1465.32,1509.4,0.12,1486558300.0,929.95,50.0,77.22,csindex:index_perf,000688,OFFICIAL_HISTORICAL_VALUATION_AVAILABLE,True,2026-01-30,OFFICIAL_DAILY_OBSERVATION_DATE_NO_INTRADAY_TIMESTAMP_CLAIM
2026-02-02,TECHNOLOGY,TECHNOLOGY_STAR50,DOMAIN_COMPONENT,STAR50,000688,1492.81,1508.54,1450.1,1450.9,-3.88,1315396700.0,865.96,50.0,74.45,csindex:index_perf,000688,OFFICIAL_HISTORICAL_VALUATION_AVAILABLE,True,2026-02-02,OFFICIAL_DAILY_OBSERVATION_DATE_NO_INTRADAY_TIMESTAMP_CLAIM
2026-02-03,TECHNOLOGY,TECHNOLOGY_STAR50,DOMAIN_COMPONENT,STAR50,000688,1475.57,1478.05,1430.0,1471.07,1.39,1389145900.0,988.26,50.0,74.48,csindex:index_perf,000688,OFFICIAL_HISTORICAL_VALUATION_AVAILABLE,True,2026-02-03,OFFICIAL_DAILY_OBSERVATION_DATE_NO_INTRADAY_TIMESTAMP_CLAIM
2026-02-04,TECHNOLOGY,TECHNOLOGY_STAR50,DOMAIN_COMPONENT,STAR50,000688,1452.98,1455.12,1432.6,1453.48,-1.2,1563905000.0,765.93,50.0,73.24,csindex:index_perf,000688,OFFICIAL_HISTORICAL_VALUATION_AVAILABLE,True,2026-02-04,OFFICIAL_DAILY_OBSERVATION_DATE_NO_INTRADAY_TIMESTAMP_CLAIM
2026-02-05,TECHNOLOGY,TECHNOLOGY_STAR50,DOMAIN_COMPONENT,STAR50,000688,1423.66,1441.16,1416.26,1432.52,-1.44,1519927800.0,677.31,50.0,72.44,csindex:index_perf,000688,OFFICIAL_HISTORICAL_VALUATION_AVAILABLE,True,2026-02-05,OFFICIAL_DAILY_OBSERVATION_DATE_NO_INTRADAY_TIMESTAMP_CLAIM
2026-02-06,TECHNOLOGY,TECHNOLOGY_STAR50,DOMAIN_COMPONENT,STAR50,000688,1415.05,1440.81,1405.87,1422.41,-0.71,1303509900.0,622.58,50.0,72.05,csindex:index_perf,000688,OFFICIAL_HISTORICAL_VALUATION_AVAILABLE,True,2026-02-06,OFFICIAL_DAILY_OBSERVATION_DATE_NO_INTRADAY_TIMESTAMP_CLAIM
2026-02-09,TECHNOLOGY,TECHNOLOGY_STAR50,DOMAIN_COMPONENT,STAR50,000688,1453.54,1458.93,1441.9,1458.16,2.51,1574783900.0,729.1,50.0,73.62,csindex:index_perf,000688,OFFICIAL_HISTORICAL_VALUATION_AVAILABLE,True,2026-02-09,OFFICIAL_DAILY_OBSERVATION_DATE_NO_INTRADAY_TIMESTAMP_CLAIM
2026-02-10,TECHNOLOGY,TECHNOLOGY_STAR50,DOMAIN_COMPONENT,STAR50,000688,1463.35,1485.97,1463.35,1471.5,0.91,1177039100.0,684.1,50.0,74.38,csindex:index_perf,000688,OFFICIAL_HISTORICAL_VALUATION_AVAILABLE,True,2026-02-10,OFFICIAL_DAILY_OBSERVATION_DATE_NO_INTRADAY_TIMESTAMP_CLAIM
2026-02-11,TECHNOLOGY,TECHNOLOGY_STAR50,DOMAIN_COMPONENT,STAR50,000688,1462.0,1467.28,1453.01,1455.11,-1.11,897850900.0,486.45,50.0,73.51,csindex:index_perf,000688,OFFICIAL_HISTORICAL_VALUATION_AVAILABLE,True,2026-02-11,OFFICIAL_DAILY_OBSERVATION_DATE_NO_INTRADAY_TIMESTAMP_CLAIM
2026-02-12,TECHNOLOGY,TECHNOLOGY_STAR50,DOMAIN_COMPONENT,STAR50,000688,1463.61,1481.98,1454.63,1480.99,1.78,1001520900.0,693.29,50.0,74.57,csindex:index_perf,000688,OFFICIAL_HISTORICAL_VALUATION_AVAILABLE,True,2026-02-12,OFFICIAL_DAILY_OBSERVATION_DATE_NO_INTRADAY_TIMESTAMP_CLAIM
2026-02-13,TECHNOLOGY,TECHNOLOGY_STAR50,DOMAIN_COMPONENT,STAR50,000688,1470.26,1492.09,1466.71,1470.33,-0.72,989661600.0,615.93,50.0,74.09,csindex:index_perf,000688,OFFICIAL_HISTORICAL_VALUATION_AVAILABLE,True,2026-02-13,OFFICIAL_DAILY_OBSERVATION_DATE_NO_INTRADAY_TIMESTAMP_CLAIM
2026-02-24,TECHNOLOGY,TECHNOLOGY_STAR50,DOMAIN_COMPONENT,STAR50,000688,1493.45,1493.77,1453.55,1465.37,-0.34,1029596900.0,689.36,50.0,73.53,csindex:index_perf,000688,OFFICIAL_HISTORICAL_VALUATION_AVAILABLE,True,2026-02-24,OFFICIAL_DAILY_OBSERVATION_DATE_NO_INTRADAY_TIMESTAMP_CLAIM
2026-02-25,TECHNOLOGY,TECHNOLOGY_STAR50,DOMAIN_COMPONENT,STAR50,000688,1468.51,1481.29,1454.41,1473.28,0.54,1107588300.0,700.42,50.0,74.18,csindex:index_perf,000688,OFFICIAL_HISTORICAL_VALUATION_AVAILABLE,True,2026-02-25,OFFICIAL_DAILY_OBSERVATION_DATE_NO_INTRADAY_TIMESTAMP_CLAIM
2026-02-26,TECHNOLOGY,TECHNOLOGY_STAR50,DOMAIN_COMPONENT,STAR50,000688,1478.73,1494.75,1456.03,1485.86,0.85,1115413400.0,836.24,50.0,75.41,csindex:index_perf,000688,OFFICIAL_HISTORICAL_VALUATION_AVAILABLE,True,2026-02-26,OFFICIAL_DAILY_OBSERVATION_DATE_NO_INTRADAY_TIMESTAMP_CLAIM
2026-02-27,TECHNOLOGY,TECHNOLOGY_STAR50,DOMAIN_COMPONENT,STAR50,000688,1468.08,1493.52,1463.73,1488.02,0.15,999977200.0,783.95,50.0,75.38,csindex:index_perf,000688,OFFICIAL_HISTORICAL_VALUATION_AVAILABLE,True,2026-02-27,OFFICIAL_DAILY_OBSERVATION_DATE_NO_INTRADAY_TIMESTAMP_CLAIM
2026-03-02,TECHNOLOGY,TECHNOLOGY_STAR50,DOMAIN_COMPONENT,STAR50,000688,1459.78,1486.55,1459.51,1464.77,-1.56,1342734800.0,793.48,50.0,74.86,csindex:index_perf,000688,OFFICIAL_HISTORICAL_VALUATION_AVAILABLE,True,2026-03-02,OFFICIAL_DAILY_OBSERVATION_DATE_NO_INTRADAY_TIMESTAMP_CLAIM
2026-03-03,TECHNOLOGY,TECHNOLOGY_STAR50,DOMAIN_COMPONENT,STAR50,000688,1467.76,1469.6,1385.59,1388.41,-5.21,1430240300.0,881.82,50.0,71.16,csindex:index_perf,000688,OFFICIAL_HISTORICAL_VALUATION_AVAILABLE,True,2026-03-03,OFFICIAL_DAILY_OBSERVATION_DATE_NO_INTRADAY_TIMESTAMP_CLAIM
2026-03-04,TECHNOLOGY,TECHNOLOGY_STAR50,DOMAIN_COMPONENT,STAR50,000688,1380.13,1407.0,1376.11,1381.56,-0.49,1070558500.0,654.95,50.0,70.5,csindex:index_perf,000688,OFFICIAL_HISTORICAL_VALUATION_AVAILABLE,True,2026-03-04,OFFICIAL_DAILY_OBSERVATION_DATE_NO_INTRADAY_TIMESTAMP_CLAIM
2026-03-05,TECHNOLOGY,TECHNOLOGY_STAR50,DOMAIN_COMPONENT,STAR50,000688,1418.88,1423.61,1397.76,1405.35,1.72,1100698600.0,822.9,50.0,71.64,csindex:index_perf,000688,OFFICIAL_HISTORICAL_VALUATION_AVAILABLE,True,2026-03-05,OFFICIAL_DAILY_OBSERVATION_DATE_NO_INTRADAY_TIMESTAMP_CLAIM
2026-03-06,TECHNOLOGY,TECHNOLOGY_STAR50,DOMAIN_COMPONENT,STAR50,000688,1396.59,1422.0,1396.59,1414.39,0.64,969054900.0,601.18,50.0,71.75,csindex:index_perf,000688,OFFICIAL_HISTORICAL_VALUATION_AVAILABLE,True,2026-03-06,OFFICIAL_DAILY_OBSERVATION_DATE_NO_INTRADAY_TIMESTAMP_CLAIM
2026-03-09,TECHNOLOGY,TECHNOLOGY_STAR50,DOMAIN_COMPONENT,STAR50,000688,1373.82,1398.25,1351.88,1390.48,-1.69,1184009400.0,743.29,50.0,70.26,csindex:index_perf,000688,OFFICIAL_HISTORICAL_VALUATION_AVAILABLE,True,2026-03-09,OFFICIAL_DAILY_OBSERVATION_DATE_NO_INTRADAY_TIMESTAMP_CLAIM
2026-03-10,TECHNOLOGY,TECHNOLOGY_STAR50,DOMAIN_COMPONENT,STAR50,000688,1417.26,1424.72,1402.63,1420.54,2.16,1215340300.0,651.04,50.0,71.81,csindex:index_perf,000688,OFFICIAL_HISTORICAL_VALUATION_AVAILABLE,True,2026-03-10,OFFICIAL_DAILY_OBSERVATION_DATE_NO_INTRADAY_TIMESTAMP_CLAIM
2026-03-11,TECHNOLOGY,TECHNOLOGY_STAR50,DOMAIN_COMPONENT,STAR50,000688,1421.35,1427.1,1400.45,1401.08,-1.37,1297367900.0,654.94,50.0,70.97,csindex:index_perf,000688,OFFICIAL_HISTORICAL_VALUATION_AVAILABLE,True,2026-03-11,OFFICIAL_DAILY_OBSERVATION_DATE_NO_INTRADAY_TIMESTAMP_CLAIM
2026-03-12,TECHNOLOGY,TECHNOLOGY_STAR50,DOMAIN_COMPONENT,STAR50,000688,1397.78,1412.53,1372.97,1383.65,-1.24,1175919300.0,629.59,50.0,70.32,csindex:index_perf,000688,OFFICIAL_HISTORICAL_VALUATION_AVAILABLE,True,2026-03-12,OFFICIAL_DAILY_OBSERVATION_DATE_NO_INTRADAY_TIMESTAMP_CLAIM
2026-03-13,TECHNOLOGY,TECHNOLOGY_STAR50,DOMAIN_COMPONENT,STAR50,000688,1374.65,1392.43,1365.62,1373.64,-0.72,1200226300.0,667.81,50.0,69.77,csindex:index_perf,000688,OFFICIAL_HISTORICAL_VALUATION_AVAILABLE,True,2026-03-13,OFFICIAL_DAILY_OBSERVATION_DATE_NO_INTRADAY_TIMESTAMP_CLAIM
2026-03-16,TECHNOLOGY,TECHNOLOGY_STAR50,DOMAIN_COMPONENT,STAR50,000688,1370.7,1386.55,1349.27,1384.99,0.83,1095376200.0,738.16,50.0,73.62,csindex:index_perf,000688,OFFICIAL_HISTORICAL_VALUATION_AVAILABLE,True,2026-03-16,OFFICIAL_DAILY_OBSERVATION_DATE_NO_INTRADAY_TIMESTAMP_CLAIM
2026-03-17,TECHNOLOGY,TECHNOLOGY_STAR50,DOMAIN_COMPONENT,STAR50,000688,1386.26,1390.84,1354.15,1354.15,-2.23,918465500.0,584.19,50.0,71.89,csindex:index_perf,000688,OFFICIAL_HISTORICAL_VALUATION_AVAILABLE,True,2026-03-17,OFFICIAL_DAILY_OBSERVATION_DATE_NO_INTRADAY_TIMESTAMP_CLAIM
2026-03-18,TECHNOLOGY,TECHNOLOGY_STAR50,DOMAIN_COMPONENT,STAR50,000688,1363.54,1373.86,1348.23,1372.58,1.36,979986600.0,636.48,50.0,72.67,csindex:index_perf,000688,OFFICIAL_HISTORICAL_VALUATION_AVAILABLE,True,2026-03-18,OFFICIAL_DAILY_OBSERVATION_DATE_NO_INTRADAY_TIMESTAMP_CLAIM
2026-03-19,TECHNOLOGY,TECHNOLOGY_STAR50,DOMAIN_COMPONENT,STAR50,000688,1348.55,1354.72,1333.68,1339.03,-2.44,1105292300.0,620.07,50.0,70.85,csindex:index_perf,000688,OFFICIAL_HISTORICAL_VALUATION_AVAILABLE,True,2026-03-19,OFFICIAL_DAILY_OBSERVATION_DATE_NO_INTRADAY_TIMESTAMP_CLAIM
2026-03-20,TECHNOLOGY,TECHNOLOGY_STAR50,DOMAIN_COMPONENT,STAR50,000688,1344.93,1347.37,1317.4,1318.31,-1.55,1409109800.0,726.36,50.0,69.63,csindex:index_perf,000688,OFFICIAL_HISTORICAL_VALUATION_AVAILABLE,True,2026-03-20,OFFICIAL_DAILY_OBSERVATION_DATE_NO_INTRADAY_TIMESTAMP_CLAIM
2026-03-23,TECHNOLOGY,TECHNOLOGY_STAR50,DOMAIN_COMPONENT,STAR50,000688,1292.89,1305.79,1254.85,1261.44,-4.31,1424810100.0,737.43,50.0,66.71,csindex:index_perf,000688,OFFICIAL_HISTORICAL_VALUATION_AVAILABLE,True,2026-03-23,OFFICIAL_DAILY_OBSERVATION_DATE_NO_INTRADAY_TIMESTAMP_CLAIM
2026-03-24,TECHNOLOGY,TECHNOLOGY_STAR50,DOMAIN_COMPONENT,STAR50,000688,1281.58,1291.92,1249.01,1290.79,2.33,1171663000.0,673.32,50.0,68.33,csindex:index_perf,000688,OFFICIAL_HISTORICAL_VALUATION_AVAILABLE,True,2026-03-24,OFFICIAL_DAILY_OBSERVATION_DATE_NO_INTRADAY_TIMESTAMP_CLAIM
2026-03-25,TECHNOLOGY,TECHNOLOGY_STAR50,DOMAIN_COMPONENT,STAR50,000688,1299.63,1326.65,1299.63,1315.41,1.91,1100570500.0,715.81,50.0,69.42,csindex:index_perf,000688,OFFICIAL_HISTORICAL_VALUATION_AVAILABLE,True,2026-03-25,OFFICIAL_DAILY_OBSERVATION_DATE_NO_INTRADAY_TIMESTAMP_CLAIM
2026-03-26,TECHNOLOGY,TECHNOLOGY_STAR50,DOMAIN_COMPONENT,STAR50,000688,1313.97,1316.46,1285.38,1288.81,-2.02,863177000.0,555.19,50.0,68.33,csindex:index_perf,000688,OFFICIAL_HISTORICAL_VALUATION_AVAILABLE,True,2026-03-26,OFFICIAL_DAILY_OBSERVATION_DATE_NO_INTRADAY_TIMESTAMP_CLAIM
2026-03-27,TECHNOLOGY,TECHNOLOGY_STAR50,DOMAIN_COMPONENT,STAR50,000688,1265.53,1308.94,1265.53,1300.76,0.93,860307000.0,527.52,50.0,68.91,csindex:index_perf,000688,OFFICIAL_HISTORICAL_VALUATION_AVAILABLE,True,2026-03-27,OFFICIAL_DAILY_OBSERVATION_DATE_NO_INTRADAY_TIMESTAMP_CLAIM
2026-03-30,TECHNOLOGY,TECHNOLOGY_STAR50,DOMAIN_COMPONENT,STAR50,000688,1278.99,1294.54,1269.32,1289.78,-0.84,935720400.0,534.33,50.0,68.57,csindex:index_perf,000688,OFFICIAL_HISTORICAL_VALUATION_AVAILABLE,True,2026-03-30,OFFICIAL_DAILY_OBSERVATION_DATE_NO_INTRADAY_TIMESTAMP_CLAIM
2026-03-31,TECHNOLOGY,TECHNOLOGY_STAR50,DOMAIN_COMPONENT,STAR50,000688,1283.9,1296.03,1256.33,1256.33,-2.59,958319000.0,576.09,50.0,67.17,csindex:index_perf,000688,OFFICIAL_HISTORICAL_VALUATION_AVAILABLE,True,2026-03-31,OFFICIAL_DAILY_OBSERVATION_DATE_NO_INTRADAY_TIMESTAMP_CLAIM
2026-04-01,TECHNOLOGY,TECHNOLOGY_STAR50,DOMAIN_COMPONENT,STAR50,000688,1290.64,1302.87,1282.31,1298.2,3.33,982646100.0,677.77,50.0,69.31,csindex:index_perf,000688,OFFICIAL_HISTORICAL_VALUATION_AVAILABLE,True,2026-04-01,OFFICIAL_DAILY_OBSERVATION_DATE_NO_INTRADAY_TIMESTAMP_CLAIM
2026-04-02,TECHNOLOGY,TECHNOLOGY_STAR50,DOMAIN_COMPONENT,STAR50,000688,1294.63,1294.63,1254.62,1262.18,-2.77,758811400.0,526.28,50.0,67.21,csindex:index_perf,000688,OFFICIAL_HISTORICAL_VALUATION_AVAILABLE,True,2026-04-02,OFFICIAL_DAILY_OBSERVATION_DATE_NO_INTRADAY_TIMESTAMP_CLAIM
2026-04-03,TECHNOLOGY,TECHNOLOGY_STAR50,DOMAIN_COMPONENT,STAR50,000688,1270.94,1272.84,1254.76,1256.21,-0.47,670642100.0,432.38,50.0,67.08,csindex:index_perf,000688,OFFICIAL_HISTORICAL_VALUATION_AVAILABLE,True,2026-04-03,OFFICIAL_DAILY_OBSERVATION_DATE_NO_INTRADAY_TIMESTAMP_CLAIM
2026-04-07,TECHNOLOGY,TECHNOLOGY_STAR50,DOMAIN_COMPONENT,STAR50,000688,1261.71,1286.53,1261.71,1274.01,1.42,632234900.0,586.42,50.0,68.22,csindex:index_perf,000688,OFFICIAL_HISTORICAL_VALUATION_AVAILABLE,True,2026-04-07,OFFICIAL_DAILY_OBSERVATION_DATE_NO_INTRADAY_TIMESTAMP_CLAIM
2026-04-08,TECHNOLOGY,TECHNOLOGY_STAR50,DOMAIN_COMPONENT,STAR50,000688,1317.28,1352.69,1316.63,1352.69,6.18,1142256800.0,864.13,50.0,72.45,csindex:index_perf,000688,OFFICIAL_HISTORICAL_VALUATION_AVAILABLE,True,2026-04-08,OFFICIAL_DAILY_OBSERVATION_DATE_NO_INTRADAY_TIMESTAMP_CLAIM
2026-04-09,TECHNOLOGY,TECHNOLOGY_STAR50,DOMAIN_COMPONENT,STAR50,000688,1335.29,1362.91,1333.01,1343.95,-0.65,784651000.0,677.19,50.0,72.26,csindex:index_perf,000688,OFFICIAL_HISTORICAL_VALUATION_AVAILABLE,True,2026-04-09,OFFICIAL_DAILY_OBSERVATION_DATE_NO_INTRADAY_TIMESTAMP_CLAIM
2026-04-10,TECHNOLOGY,TECHNOLOGY_STAR50,DOMAIN_COMPONENT,STAR50,000688,1363.58,1382.94,1362.4,1364.49,1.53,847165900.0,755.99,50.0,73.19,csindex:index_perf,000688,OFFICIAL_HISTORICAL_VALUATION_AVAILABLE,True,2026-04-10,OFFICIAL_DAILY_OBSERVATION_DATE_NO_INTRADAY_TIMESTAMP_CLAIM
2026-04-13,TECHNOLOGY,TECHNOLOGY_STAR50,DOMAIN_COMPONENT,STAR50,000688,1358.46,1396.0,1358.46,1375.29,0.79,901889400.0,797.38,50.0,74.04,csindex:index_perf,000688,OFFICIAL_HISTORICAL_VALUATION_AVAILABLE,True,2026-04-13,OFFICIAL_DAILY_OBSERVATION_DATE_NO_INTRADAY_TIMESTAMP_CLAIM
2026-04-14,TECHNOLOGY,TECHNOLOGY_STAR50,DOMAIN_COMPONENT,STAR50,000688,1398.4,1409.85,1387.42,1405.07,2.17,930265900.0,913.4,50.0,75.44,csindex:index_perf,000688,OFFICIAL_HISTORICAL_VALUATION_AVAILABLE,True,2026-04-14,OFFICIAL_DAILY_OBSERVATION_DATE_NO_INTRADAY_TIMESTAMP_CLAIM
2026-04-15,TECHNOLOGY,TECHNOLOGY_STAR50,DOMAIN_COMPONENT,STAR50,000688,1415.39,1433.35,1399.75,1406.32,0.09,954766300.0,962.68,50.0,75.43,csindex:index_perf,000688,OFFICIAL_HISTORICAL_VALUATION_AVAILABLE,True,2026-04-15,OFFICIAL_DAILY_OBSERVATION_DATE_NO_INTRADAY_TIMESTAMP_CLAIM
2026-04-16,TECHNOLOGY,TECHNOLOGY_STAR50,DOMAIN_COMPONENT,STAR50,000688,1406.32,1424.17,1402.2,1422.23,1.13,1000577100.0,863.33,50.0,76.34,csindex:index_perf,000688,OFFICIAL_HISTORICAL_VALUATION_AVAILABLE,True,2026-04-16,OFFICIAL_DAILY_OBSERVATION_DATE_NO_INTRADAY_TIMESTAMP_CLAIM
2026-04-17,TECHNOLOGY,TECHNOLOGY_STAR50,DOMAIN_COMPONENT,STAR50,000688,1414.87,1433.8,1413.58,1423.35,0.08,963505300.0,882.52,50.0,77.02,csindex:index_perf,000688,OFFICIAL_HISTORICAL_VALUATION_AVAILABLE,True,2026-04-17,OFFICIAL_DAILY_OBSERVATION_DATE_NO_INTRADAY_TIMESTAMP_CLAIM
2026-04-20,TECHNOLOGY,TECHNOLOGY_STAR50,DOMAIN_COMPONENT,STAR50,000688,1426.89,1451.39,1426.03,1450.52,1.91,1127584600.0,884.29,50.0,78.24,csindex:index_perf,000688,OFFICIAL_HISTORICAL_VALUATION_AVAILABLE,True,2026-04-20,OFFICIAL_DAILY_OBSERVATION_DATE_NO_INTRADAY_TIMESTAMP_CLAIM
2026-04-21,TECHNOLOGY,TECHNOLOGY_STAR50,DOMAIN_COMPONENT,STAR50,000688,1445.2,1445.54,1415.6,1426.68,-1.64,965157000.0,802.19,50.0,76.95,csindex:index_perf,000688,OFFICIAL_HISTORICAL_VALUATION_AVAILABLE,True,2026-04-21,OFFICIAL_DAILY_OBSERVATION_DATE_NO_INTRADAY_TIMESTAMP_CLAIM
2026-04-22,TECHNOLOGY,TECHNOLOGY_STAR50,DOMAIN_COMPONENT,STAR50,000688,1420.78,1451.46,1420.24,1451.14,1.71,980596100.0,834.01,50.0,78.13,csindex:index_perf,000688,OFFICIAL_HISTORICAL_VALUATION_AVAILABLE,True,2026-04-22,OFFICIAL_DAILY_OBSERVATION_DATE_NO_INTRADAY_TIMESTAMP_CLAIM
2026-04-23,TECHNOLOGY,TECHNOLOGY_STAR50,DOMAIN_COMPONENT,STAR50,000688,1466.12,1467.7,1419.01,1432.59,-1.28,1144654000.0,963.66,50.0,77.68,csindex:index_perf,000688,OFFICIAL_HISTORICAL_VALUATION_AVAILABLE,True,2026-04-23,OFFICIAL_DAILY_OBSERVATION_DATE_NO_INTRADAY_TIMESTAMP_CLAIM
2026-04-24,TECHNOLOGY,TECHNOLOGY_STAR50,DOMAIN_COMPONENT,STAR50,000688,1443.04,1472.96,1417.21,1453.69,1.47,1141340600.0,1122.77,50.0,79.34,csindex:index_perf,000688,OFFICIAL_HISTORICAL_VALUATION_AVAILABLE,True,2026-04-24,OFFICIAL_DAILY_OBSERVATION_DATE_NO_INTRADAY_TIMESTAMP_CLAIM
2026-04-27,TECHNOLOGY,TECHNOLOGY_STAR50,DOMAIN_COMPONENT,STAR50,000688,1478.31,1515.28,1466.66,1508.38,3.76,1356053800.0,1235.36,50.0,82.3,csindex:index_perf,000688,OFFICIAL_HISTORICAL_VALUATION_AVAILABLE,True,2026-04-27,OFFICIAL_DAILY_OBSERVATION_DATE_NO_INTRADAY_TIMESTAMP_CLAIM
2026-04-28,TECHNOLOGY,TECHNOLOGY_STAR50,DOMAIN_COMPONENT,STAR50,000688,1497.32,1525.34,1479.67,1488.66,-1.31,1192550800.0,1019.3,50.0,81.32,csindex:index_perf,000688,OFFICIAL_HISTORICAL_VALUATION_AVAILABLE,True,2026-04-28,OFFICIAL_DAILY_OBSERVATION_DATE_NO_INTRADAY_TIMESTAMP_CLAIM
2026-04-29,TECHNOLOGY,TECHNOLOGY_STAR50,DOMAIN_COMPONENT,STAR50,000688,1474.12,1495.01,1451.71,1493.5,0.33,1145722100.0,962.65,50.0,81.6,csindex:index_perf,000688,OFFICIAL_HISTORICAL_VALUATION_AVAILABLE,True,2026-04-29,OFFICIAL_DAILY_OBSERVATION_DATE_NO_INTRADAY_TIMESTAMP_CLAIM
2026-04-30,TECHNOLOGY,TECHNOLOGY_STAR50,DOMAIN_COMPONENT,STAR50,000688,1511.39,1580.52,1511.39,1571.07,5.19,1510961200.0,1433.69,50.0,85.98,csindex:index_perf,000688,OFFICIAL_HISTORICAL_VALUATION_AVAILABLE,True,2026-04-30,OFFICIAL_DAILY_OBSERVATION_DATE_NO_INTRADAY_TIMESTAMP_CLAIM
2026-05-06,TECHNOLOGY,TECHNOLOGY_STAR50,DOMAIN_COMPONENT,STAR50,000688,1634.31,1715.08,1631.65,1656.95,5.47,1830104800.0,2022.64,50.0,77.56,csindex:index_perf,000688,OFFICIAL_HISTORICAL_VALUATION_AVAILABLE,True,2026-05-06,OFFICIAL_DAILY_OBSERVATION_DATE_NO_INTRADAY_TIMESTAMP_CLAIM
2026-05-07,TECHNOLOGY,TECHNOLOGY_STAR50,DOMAIN_COMPONENT,STAR50,000688,1663.16,1682.22,1646.94,1678.89,1.32,1393006300.0,1471.49,50.0,78.54,csindex:index_perf,000688,OFFICIAL_HISTORICAL_VALUATION_AVAILABLE,True,2026-05-07,OFFICIAL_DAILY_OBSERVATION_DATE_NO_INTRADAY_TIMESTAMP_CLAIM
2026-05-08,TECHNOLOGY,TECHNOLOGY_STAR50,DOMAIN_COMPONENT,STAR50,000688,1653.31,1655.57,1625.61,1640.46,-2.29,1500507400.0,1343.85,50.0,74.49,csindex:index_perf,000688,OFFICIAL_HISTORICAL_VALUATION_AVAILABLE,True,2026-05-08,OFFICIAL_DAILY_OBSERVATION_DATE_NO_INTRADAY_TIMESTAMP_CLAIM
2026-05-11,TECHNOLOGY,TECHNOLOGY_STAR50,DOMAIN_COMPONENT,STAR50,000688,1687.64,1727.3,1669.73,1716.69,4.65,1829405800.0,1830.92,50.0,77.8,csindex:index_perf,000688,OFFICIAL_HISTORICAL_VALUATION_AVAILABLE,True,2026-05-11,OFFICIAL_DAILY_OBSERVATION_DATE_NO_INTRADAY_TIMESTAMP_CLAIM
2026-05-12,TECHNOLOGY,TECHNOLOGY_STAR50,DOMAIN_COMPONENT,STAR50,000688,1708.21,1747.17,1687.96,1723.78,0.41,1692708900.0,1631.62,50.0,78.48,csindex:index_perf,000688,OFFICIAL_HISTORICAL_VALUATION_AVAILABLE,True,2026-05-12,OFFICIAL_DAILY_OBSERVATION_DATE_NO_INTRADAY_TIMESTAMP_CLAIM
2026-05-13,TECHNOLOGY,TECHNOLOGY_STAR50,DOMAIN_COMPONENT,STAR50,000688,1684.37,1771.49,1677.54,1770.15,2.69,1777324700.0,1586.89,50.0,80.37,csindex:index_perf,000688,OFFICIAL_HISTORICAL_VALUATION_AVAILABLE,True,2026-05-13,OFFICIAL_DAILY_OBSERVATION_DATE_NO_INTRADAY_TIMESTAMP_CLAIM
2026-05-14,TECHNOLOGY,TECHNOLOGY_STAR50,DOMAIN_COMPONENT,STAR50,000688,1792.34,1800.61,1723.7,1725.09,-2.55,2107102300.0,1709.25,50.0,77.74,csindex:index_perf,000688,OFFICIAL_HISTORICAL_VALUATION_AVAILABLE,True,2026-05-14,OFFICIAL_DAILY_OBSERVATION_DATE_NO_INTRADAY_TIMESTAMP_CLAIM
2026-05-15,TECHNOLOGY,TECHNOLOGY_STAR50,DOMAIN_COMPONENT,STAR50,000688,1724.36,1769.8,1669.99,1696.26,-1.67,2160121400.0,1911.46,50.0,76.34,csindex:index_perf,000688,OFFICIAL_HISTORICAL_VALUATION_AVAILABLE,True,2026-05-15,OFFICIAL_DAILY_OBSERVATION_DATE_NO_INTRADAY_TIMESTAMP_CLAIM
2026-05-18,TECHNOLOGY,TECHNOLOGY_STAR50,DOMAIN_COMPONENT,STAR50,000688,1690.38,1748.1,1684.9,1709.96,0.81,1591395600.0,1524.27,50.0,77.08,csindex:index_perf,000688,OFFICIAL_HISTORICAL_VALUATION_AVAILABLE,True,2026-05-18,OFFICIAL_DAILY_OBSERVATION_DATE_NO_INTRADAY_TIMESTAMP_CLAIM
2026-05-19,TECHNOLOGY,TECHNOLOGY_STAR50,DOMAIN_COMPONENT,STAR50,000688,1697.4,1776.26,1670.36,1775.13,3.81,1710436800.0,1693.25,50.0,79.8,csindex:index_perf,000688,OFFICIAL_HISTORICAL_VALUATION_AVAILABLE,True,2026-05-19,OFFICIAL_DAILY_OBSERVATION_DATE_NO_INTRADAY_TIMESTAMP_CLAIM
2026-05-20,TECHNOLOGY,TECHNOLOGY_STAR50,DOMAIN_COMPONENT,STAR50,000688,1764.21,1835.22,1764.21,1832.02,3.2,1845254200.0,1903.87,50.0,82.39,csindex:index_perf,000688,OFFICIAL_HISTORICAL_VALUATION_AVAILABLE,True,2026-05-20,OFFICIAL_DAILY_OBSERVATION_DATE_NO_INTRADAY_TIMESTAMP_CLAIM
2026-05-21,TECHNOLOGY,TECHNOLOGY_STAR50,DOMAIN_COMPONENT,STAR50,000688,1866.29,1892.6,1759.94,1764.17,-3.7,2127403800.0,2163.74,50.0,79.5,csindex:index_perf,000688,OFFICIAL_HISTORICAL_VALUATION_AVAILABLE,True,2026-05-21,OFFICIAL_DAILY_OBSERVATION_DATE_NO_INTRADAY_TIMESTAMP_CLAIM
2026-05-22,TECHNOLOGY,TECHNOLOGY_STAR50,DOMAIN_COMPONENT,STAR50,000688,1790.74,1797.65,1747.14,1790.77,1.51,1760391900.0,1620.25,50.0,80.58,csindex:index_perf,000688,OFFICIAL_HISTORICAL_VALUATION_AVAILABLE,True,2026-05-22,OFFICIAL_DAILY_OBSERVATION_DATE_NO_INTRADAY_TIMESTAMP_CLAIM
2026-05-25,TECHNOLOGY,TECHNOLOGY_STAR50,DOMAIN_COMPONENT,STAR50,000688,1791.67,1899.97,1774.19,1896.04,5.88,2149793700.0,2219.54,50.0,85.64,csindex:index_perf,000688,OFFICIAL_HISTORICAL_VALUATION_AVAILABLE,True,2026-05-25,OFFICIAL_DAILY_OBSERVATION_DATE_NO_INTRADAY_TIMESTAMP_CLAIM
2026-05-26,TECHNOLOGY,TECHNOLOGY_STAR50,DOMAIN_COMPONENT,STAR50,000688,1877.39,1880.65,1824.32,1867.71,-1.49,1940888500.0,1931.53,50.0,85.46,csindex:index_perf,000688,OFFICIAL_HISTORICAL_VALUATION_AVAILABLE,True,2026-05-26,OFFICIAL_DAILY_OBSERVATION_DATE_NO_INTRADAY_TIMESTAMP_CLAIM
2026-05-27,TECHNOLOGY,TECHNOLOGY_STAR50,DOMAIN_COMPONENT,STAR50,000688,1875.42,1901.97,1809.7,1815.45,-2.8,2160969900.0,1928.36,50.0,82.47,csindex:index_perf,000688,OFFICIAL_HISTORICAL_VALUATION_AVAILABLE,True,2026-05-27,OFFICIAL_DAILY_OBSERVATION_DATE_NO_INTRADAY_TIMESTAMP_CLAIM
2026-05-28,TECHNOLOGY,TECHNOLOGY_STAR50,DOMAIN_COMPONENT,STAR50,000688,1805.11,1854.52,1796.04,1844.25,1.59,2154008000.0,1770.51,50.0,83.57,csindex:index_perf,000688,OFFICIAL_HISTORICAL_VALUATION_AVAILABLE,True,2026-05-28,OFFICIAL_DAILY_OBSERVATION_DATE_NO_INTRADAY_TIMESTAMP_CLAIM
2026-05-29,TECHNOLOGY,TECHNOLOGY_STAR50,DOMAIN_COMPONENT,STAR50,000688,1850.27,1855.26,1727.62,1751.32,-5.04,2343137400.0,1821.4,50.0,77.7,csindex:index_perf,000688,OFFICIAL_HISTORICAL_VALUATION_AVAILABLE,True,2026-05-29,OFFICIAL_DAILY_OBSERVATION_DATE_NO_INTRADAY_TIMESTAMP_CLAIM
2026-06-01,TECHNOLOGY,TECHNOLOGY_STAR50,DOMAIN_COMPONENT,STAR50,000688,1751.23,1753.02,1662.82,1663.69,-5.0,1694183400.0,1499.01,50.0,73.94,csindex:index_perf,000688,OFFICIAL_HISTORICAL_VALUATION_AVAILABLE,True,2026-06-01,OFFICIAL_DAILY_OBSERVATION_DATE_NO_INTRADAY_TIMESTAMP_CLAIM
2026-06-02,TECHNOLOGY,TECHNOLOGY_STAR50,DOMAIN_COMPONENT,STAR50,000688,1676.31,1710.98,1641.17,1690.56,1.61,1557622000.0,1337.09,50.0,75.54,csindex:index_perf,000688,OFFICIAL_HISTORICAL_VALUATION_AVAILABLE,True,2026-06-02,OFFICIAL_DAILY_OBSERVATION_DATE_NO_INTRADAY_TIMESTAMP_CLAIM
2026-06-03,TECHNOLOGY,TECHNOLOGY_STAR50,DOMAIN_COMPONENT,STAR50,000688,1697.66,1776.2,1697.36,1726.18,2.11,1682555400.0,1663.11,50.0,77.32,csindex:index_perf,000688,OFFICIAL_HISTORICAL_VALUATION_AVAILABLE,True,2026-06-03,OFFICIAL_DAILY_OBSERVATION_DATE_NO_INTRADAY_TIMESTAMP_CLAIM
2026-06-04,TECHNOLOGY,TECHNOLOGY_STAR50,DOMAIN_COMPONENT,STAR50,000688,1700.31,1759.98,1697.22,1738.06,0.69,1496770100.0,1326.18,50.0,77.5,csindex:index_perf,000688,OFFICIAL_HISTORICAL_VALUATION_AVAILABLE,True,2026-06-04,OFFICIAL_DAILY_OBSERVATION_DATE_NO_INTRADAY_TIMESTAMP_CLAIM
2026-06-05,TECHNOLOGY,TECHNOLOGY_STAR50,DOMAIN_COMPONENT,STAR50,000688,1706.53,1735.08,1659.48,1668.33,-4.01,1683570900.0,1368.54,50.0,74.42,csindex:index_perf,000688,OFFICIAL_HISTORICAL_VALUATION_AVAILABLE,True,2026-06-05,OFFICIAL_DAILY_OBSERVATION_DATE_NO_INTRADAY_TIMESTAMP_CLAIM
2026-06-08,TECHNOLOGY,TECHNOLOGY_STAR50,DOMAIN_COMPONENT,STAR50,000688,1587.97,1634.03,1578.18,1596.57,-4.3,1570749900.0,1194.05,50.0,71.41,csindex:index_perf,000688,OFFICIAL_HISTORICAL_VALUATION_AVAILABLE,True,2026-06-08,OFFICIAL_DAILY_OBSERVATION_DATE_NO_INTRADAY_TIMESTAMP_CLAIM
2026-06-09,TECHNOLOGY,TECHNOLOGY_STAR50,DOMAIN_COMPONENT,STAR50,000688,1630.23,1666.48,1607.58,1663.11,4.17,1409895800.0,1123.66,50.0,74.01,csindex:index_perf,000688,OFFICIAL_HISTORICAL_VALUATION_AVAILABLE,True,2026-06-09,OFFICIAL_DAILY_OBSERVATION_DATE_NO_INTRADAY_TIMESTAMP_CLAIM
2026-06-10,TECHNOLOGY,TECHNOLOGY_STAR50,DOMAIN_COMPONENT,STAR50,000688,1662.85,1722.33,1632.33,1652.22,-0.65,1591172500.0,1390.89,50.0,73.01,csindex:index_perf,000688,OFFICIAL_HISTORICAL_VALUATION_AVAILABLE,True,2026-06-10,OFFICIAL_DAILY_OBSERVATION_DATE_NO_INTRADAY_TIMESTAMP_CLAIM
2026-06-11,TECHNOLOGY,TECHNOLOGY_STAR50,DOMAIN_COMPONENT,STAR50,000688,1644.6,1676.53,1631.94,1662.44,0.62,1422069400.0,1171.56,50.0,73.69,csindex:index_perf,000688,OFFICIAL_HISTORICAL_VALUATION_AVAILABLE,True,2026-06-11,OFFICIAL_DAILY_OBSERVATION_DATE_NO_INTRADAY_TIMESTAMP_CLAIM
2026-06-12,TECHNOLOGY,TECHNOLOGY_STAR50,DOMAIN_COMPONENT,STAR50,000688,1726.01,1730.89,1656.85,1663.22,0.05,2101856700.0,1758.2,50.0,74.01,csindex:index_perf,000688,OFFICIAL_HISTORICAL_VALUATION_AVAILABLE,True,2026-06-12,OFFICIAL_DAILY_OBSERVATION_DATE_NO_INTRADAY_TIMESTAMP_CLAIM
2026-06-15,TECHNOLOGY,TECHNOLOGY_STAR50,DOMAIN_COMPONENT,STAR50,000688,1687.67,1748.51,1658.32,1748.33,5.12,1614093800.0,1584.77,50.0,84.27,csindex:index_perf,000688,OFFICIAL_HISTORICAL_VALUATION_AVAILABLE,True,2026-06-15,OFFICIAL_DAILY_OBSERVATION_DATE_NO_INTRADAY_TIMESTAMP_CLAIM
2026-06-16,TECHNOLOGY,TECHNOLOGY_STAR50,DOMAIN_COMPONENT,STAR50,000688,1751.71,1766.14,1729.04,1758.42,0.58,1501821800.0,1426.43,50.0,84.12,csindex:index_perf,000688,OFFICIAL_HISTORICAL_VALUATION_AVAILABLE,True,2026-06-16,OFFICIAL_DAILY_OBSERVATION_DATE_NO_INTRADAY_TIMESTAMP_CLAIM
2026-06-17,TECHNOLOGY,TECHNOLOGY_STAR50,DOMAIN_COMPONENT,STAR50,000688,1729.23,1841.37,1725.9,1840.82,4.69,1801831300.0,1769.22,50.0,88.09,csindex:index_perf,000688,OFFICIAL_HISTORICAL_VALUATION_AVAILABLE,True,2026-06-17,OFFICIAL_DAILY_OBSERVATION_DATE_NO_INTRADAY_TIMESTAMP_CLAIM
2026-06-18,TECHNOLOGY,TECHNOLOGY_STAR50,DOMAIN_COMPONENT,STAR50,000688,1837.07,1937.3,1836.04,1911.51,3.84,1771099900.0,2095.35,50.0,92.31,csindex:index_perf,000688,OFFICIAL_HISTORICAL_VALUATION_AVAILABLE,True,2026-06-18,OFFICIAL_DAILY_OBSERVATION_DATE_NO_INTRADAY_TIMESTAMP_CLAIM
2026-06-22,TECHNOLOGY,TECHNOLOGY_STAR50,DOMAIN_COMPONENT,STAR50,000688,1922.47,1963.33,1879.59,1948.93,1.96,1919133400.0,2008.56,50.0,93.4,csindex:index_perf,000688,OFFICIAL_HISTORICAL_VALUATION_AVAILABLE,True,2026-06-22,OFFICIAL_DAILY_OBSERVATION_DATE_NO_INTRADAY_TIMESTAMP_CLAIM
2026-06-23,TECHNOLOGY,TECHNOLOGY_STAR50,DOMAIN_COMPONENT,STAR50,000688,1929.27,1982.91,1890.16,1916.21,-1.68,1813729500.0,1868.32,50.0,91.77,csindex:index_perf,000688,OFFICIAL_HISTORICAL_VALUATION_AVAILABLE,True,2026-06-23,OFFICIAL_DAILY_OBSERVATION_DATE_NO_INTRADAY_TIMESTAMP_CLAIM
2026-06-24,TECHNOLOGY,TECHNOLOGY_STAR50,DOMAIN_COMPONENT,STAR50,000688,1896.34,1997.9,1886.74,1989.43,3.82,1853252800.0,1945.75,50.0,95.3,csindex:index_perf,000688,OFFICIAL_HISTORICAL_VALUATION_AVAILABLE,True,2026-06-24,OFFICIAL_DAILY_OBSERVATION_DATE_NO_INTRADAY_TIMESTAMP_CLAIM
2026-06-25,TECHNOLOGY,TECHNOLOGY_STAR50,DOMAIN_COMPONENT,STAR50,000688,2004.77,2076.88,2000.8,2066.33,3.87,1851003200.0,2205.04,50.0,98.72,csindex:index_perf,000688,OFFICIAL_HISTORICAL_VALUATION_AVAILABLE,True,2026-06-25,OFFICIAL_DAILY_OBSERVATION_DATE_NO_INTRADAY_TIMESTAMP_CLAIM
2026-06-26,TECHNOLOGY,TECHNOLOGY_STAR50,DOMAIN_COMPONENT,STAR50,000688,2034.43,2076.47,1976.92,2032.28,-1.65,1969517000.0,2017.28,50.0,96.81,csindex:index_perf,000688,OFFICIAL_HISTORICAL_VALUATION_AVAILABLE,True,2026-06-26,OFFICIAL_DAILY_OBSERVATION_DATE_NO_INTRADAY_TIMESTAMP_CLAIM
2026-06-29,TECHNOLOGY,TECHNOLOGY_STAR50,DOMAIN_COMPONENT,STAR50,000688,2039.67,2127.8,2013.51,2126.01,4.61,2066148400.0,2300.72,50.0,99.79,csindex:index_perf,000688,OFFICIAL_HISTORICAL_VALUATION_AVAILABLE,True,2026-06-29,OFFICIAL_DAILY_OBSERVATION_DATE_NO_INTRADAY_TIMESTAMP_CLAIM
2026-06-30,TECHNOLOGY,TECHNOLOGY_STAR50,DOMAIN_COMPONENT,STAR50,000688,2132.88,2214.61,2113.95,2207.86,3.85,1961786100.0,2193.5,50.0,104.75,csindex:index_perf,000688,OFFICIAL_HISTORICAL_VALUATION_AVAILABLE,True,2026-06-30,OFFICIAL_DAILY_OBSERVATION_DATE_NO_INTRADAY_TIMESTAMP_CLAIM
2026-07-01,TECHNOLOGY,TECHNOLOGY_STAR50,DOMAIN_COMPONENT,STAR50,000688,2205.66,2255.25,2120.36,2153.04,-2.48,2258095400.0,2323.28,50.0,101.23,csindex:index_perf,000688,OFFICIAL_HISTORICAL_VALUATION_AVAILABLE,True,2026-07-01,OFFICIAL_DAILY_OBSERVATION_DATE_NO_INTRADAY_TIMESTAMP_CLAIM
2026-07-02,TECHNOLOGY,TECHNOLOGY_STAR50,DOMAIN_COMPONENT,STAR50,000688,2059.9,2105.29,1978.32,1987.29,-7.7,2091336300.0,2149.53,50.0,93.73,csindex:index_perf,000688,OFFICIAL_HISTORICAL_VALUATION_AVAILABLE,True,2026-07-02,OFFICIAL_DAILY_OBSERVATION_DATE_NO_INTRADAY_TIMESTAMP_CLAIM
2026-07-03,TECHNOLOGY,TECHNOLOGY_STAR50,DOMAIN_COMPONENT,STAR50,000688,1978.75,2039.31,1948.17,1975.6,-0.59,1758380800.0,1748.47,50.0,93.55,csindex:index_perf,000688,OFFICIAL_HISTORICAL_VALUATION_AVAILABLE,True,2026-07-03,OFFICIAL_DAILY_OBSERVATION_DATE_NO_INTRADAY_TIMESTAMP_CLAIM
2026-07-06,TECHNOLOGY,TECHNOLOGY_STAR50,DOMAIN_COMPONENT,STAR50,000688,2015.18,2022.91,1913.82,1996.1,1.04,1651199700.0,1735.37,50.0,94.76,csindex:index_perf,000688,OFFICIAL_HISTORICAL_VALUATION_AVAILABLE,True,2026-07-06,OFFICIAL_DAILY_OBSERVATION_DATE_NO_INTRADAY_TIMESTAMP_CLAIM
2026-07-07,TECHNOLOGY,TECHNOLOGY_STAR50,DOMAIN_COMPONENT,STAR50,000688,1965.8,2039.6,1950.98,2001.59,0.27,1397325000.0,1595.6,50.0,95.04,csindex:index_perf,000688,OFFICIAL_HISTORICAL_VALUATION_AVAILABLE,True,2026-07-07,OFFICIAL_DAILY_OBSERVATION_DATE_NO_INTRADAY_TIMESTAMP_CLAIM
2026-07-08,TECHNOLOGY,TECHNOLOGY_STAR50,DOMAIN_COMPONENT,STAR50,000688,2022.45,2078.64,1961.64,2016.23,0.73,1572058800.0,1693.5,50.0,95.85,csindex:index_perf,000688,OFFICIAL_HISTORICAL_VALUATION_AVAILABLE,True,2026-07-08,OFFICIAL_DAILY_OBSERVATION_DATE_NO_INTRADAY_TIMESTAMP_CLAIM
2026-07-09,TECHNOLOGY,TECHNOLOGY_STAR50,DOMAIN_COMPONENT,STAR50,000688,2047.24,2188.98,2023.54,2185.83,8.41,1858060500.0,2245.12,50.0,103.53,csindex:index_perf,000688,OFFICIAL_HISTORICAL_VALUATION_AVAILABLE,True,2026-07-09,OFFICIAL_DAILY_OBSERVATION_DATE_NO_INTRADAY_TIMESTAMP_CLAIM
2026-07-10,TECHNOLOGY,TECHNOLOGY_STAR50,DOMAIN_COMPONENT,STAR50,000688,2190.18,2233.54,2064.98,2064.98,-5.53,2307342900.0,2350.96,50.0,97.85,csindex:index_perf,000688,OFFICIAL_HISTORICAL_VALUATION_AVAILABLE,True,2026-07-10,OFFICIAL_DAILY_OBSERVATION_DATE_NO_INTRADAY_TIMESTAMP_CLAIM
2026-07-13,TECHNOLOGY,TECHNOLOGY_STAR50,DOMAIN_COMPONENT,STAR50,000688,2038.36,2110.18,1974.05,1994.32,-3.42,1833793700.0,2148.51,50.0,94.81,csindex:index_perf,000688,OFFICIAL_HISTORICAL_VALUATION_AVAILABLE,True,2026-07-13,OFFICIAL_DAILY_OBSERVATION_DATE_NO_INTRADAY_TIMESTAMP_CLAIM
2026-07-14,TECHNOLOGY,TECHNOLOGY_STAR50,DOMAIN_COMPONENT,STAR50,000688,1994.44,2026.47,1895.56,2009.73,0.77,1601395000.0,2020.6,50.0,95.49,csindex:index_perf,000688,OFFICIAL_HISTORICAL_VALUATION_AVAILABLE,True,2026-07-14,OFFICIAL_DAILY_OBSERVATION_DATE_NO_INTRADAY_TIMESTAMP_CLAIM
2026-07-15,TECHNOLOGY,TECHNOLOGY_STAR50,DOMAIN_COMPONENT,STAR50,000688,2021.58,2028.65,1908.18,1924.27,-4.25,1428193300.0,1696.45,50.0,91.51,csindex:index_perf,000688,OFFICIAL_HISTORICAL_VALUATION_AVAILABLE,True,2026-07-15,OFFICIAL_DAILY_OBSERVATION_DATE_NO_INTRADAY_TIMESTAMP_CLAIM
2026-07-16,TECHNOLOGY,TECHNOLOGY_STAR50,DOMAIN_COMPONENT,STAR50,000688,1869.94,1947.25,1828.57,1846.88,-4.02,1422678200.0,1748.21,50.0,87.91,csindex:index_perf,000688,OFFICIAL_HISTORICAL_VALUATION_AVAILABLE,True,2026-07-16,OFFICIAL_DAILY_OBSERVATION_DATE_NO_INTRADAY_TIMESTAMP_CLAIM
2026-07-17,TECHNOLOGY,TECHNOLOGY_STAR50,DOMAIN_COMPONENT,STAR50,000688,1829.98,1844.38,1698.32,1715.4,-7.12,1662902400.0,1914.74,50.0,81.99,csindex:index_perf,000688,OFFICIAL_HISTORICAL_VALUATION_AVAILABLE,True,2026-07-17,OFFICIAL_DAILY_OBSERVATION_DATE_NO_INTRADAY_TIMESTAMP_CLAIM
2026-07-20,TECHNOLOGY,TECHNOLOGY_STAR50,DOMAIN_COMPONENT,STAR50,000688,1764.59,1776.07,1646.39,1718.69,0.19,1798479300.0,1837.49,50.0,82.4,csindex:index_perf,000688,OFFICIAL_HISTORICAL_VALUATION_AVAILABLE,True,2026-07-20,OFFICIAL_DAILY_OBSERVATION_DATE_NO_INTRADAY_TIMESTAMP_CLAIM
2026-07-21,TECHNOLOGY,TECHNOLOGY_STAR50,DOMAIN_COMPONENT,STAR50,000688,1747.49,1904.86,1663.85,1903.16,10.73,1951274500.0,2130.55,50.0,91.1,csindex:index_perf,000688,OFFICIAL_HISTORICAL_VALUATION_AVAILABLE,True,2026-07-21,OFFICIAL_DAILY_OBSERVATION_DATE_NO_INTRADAY_TIMESTAMP_CLAIM
2026-07-22,TECHNOLOGY,TECHNOLOGY_STAR50,DOMAIN_COMPONENT,STAR50,000688,1874.78,1934.61,1836.11,1860.08,-2.26,1623861100.0,1929.17,50.0,88.6,csindex:index_perf,000688,OFFICIAL_HISTORICAL_VALUATION_AVAILABLE,True,2026-07-22,OFFICIAL_DAILY_OBSERVATION_DATE_NO_INTRADAY_TIMESTAMP_CLAIM
2026-07-23,TECHNOLOGY,TECHNOLOGY_STAR50,DOMAIN_COMPONENT,STAR50,000688,1876.61,1876.99,1770.53,1789.69,-3.78,1192426900.0,1391.87,50.0,85.18,csindex:index_perf,000688,OFFICIAL_HISTORICAL_VALUATION_AVAILABLE,True,2026-07-23,OFFICIAL_DAILY_OBSERVATION_DATE_NO_INTRADAY_TIMESTAMP_CLAIM
2026-07-24,TECHNOLOGY,TECHNOLOGY_STAR50,DOMAIN_COMPONENT,STAR50,000688,1766.26,1831.28,1748.8,1787.2,-0.14,1017752600.0,1205.45,50.0,85.02,csindex:index_perf,000688,OFFICIAL_HISTORICAL_VALUATION_AVAILABLE,True,2026-07-24,OFFICIAL_DAILY_OBSERVATION_DATE_NO_INTRADAY_TIMESTAMP_CLAIM
2026-07-27,TECHNOLOGY,TECHNOLOGY_STAR50,DOMAIN_COMPONENT,STAR50,000688,1780.72,1816.43,1724.47,1807.95,1.16,1034729700.0,1230.92,50.0,86.09,csindex:index_perf,000688,OFFICIAL_HISTORICAL_VALUATION_AVAILABLE,True,2026-07-27,OFFICIAL_DAILY_OBSERVATION_DATE_NO_INTRADAY_TIMESTAMP_CLAIM
2026-07-28,TECHNOLOGY,TECHNOLOGY_STAR50,DOMAIN_COMPONENT,STAR50,000688,1755.87,1797.58,1675.99,1693.48,-6.33,1088394400.0,1340.55,50.0,80.65,csindex:index_perf,000688,OFFICIAL_HISTORICAL_VALUATION_AVAILABLE,True,2026-07-28,OFFICIAL_DAILY_OBSERVATION_DATE_NO_INTRADAY_TIMESTAMP_CLAIM
2026-07-29,TECHNOLOGY,TECHNOLOGY_STAR50,DOMAIN_COMPONENT,STAR50,000688,1704.58,1711.58,1608.14,1678.74,-0.87,1421853500.0,1471.51,50.0,79.96,csindex:index_perf,000688,OFFICIAL_HISTORICAL_VALUATION_AVAILABLE,True,2026-07-29,OFFICIAL_DAILY_OBSERVATION_DATE_NO_INTRADAY_TIMESTAMP_CLAIM
2026-07-30,TECHNOLOGY,TECHNOLOGY_STAR50,DOMAIN_COMPONENT,STAR50,000688,1653.47,1671.51,1562.0,1588.41,-5.38,1469567500.0,1518.31,50.0,75.82,csindex:index_perf,000688,OFFICIAL_HISTORICAL_VALUATION_AVAILABLE,True,2026-07-30,OFFICIAL_DAILY_OBSERVATION_DATE_NO_INTRADAY_TIMESTAMP_CLAIM
2026-07-31,TECHNOLOGY,TECHNOLOGY_STAR50,DOMAIN_COMPONENT,STAR50,000688,1721.36,1731.21,1635.68,1635.96,2.99,1450741000.0,1629.75,50.0,77.94,csindex:index_perf,000688,OFFICIAL_HISTORICAL_VALUATION_AVAILABLE,True,2026-07-31,OFFICIAL_DAILY_OBSERVATION_DATE_NO_INTRADAY_TIMESTAMP_CLAIM
2026-08-03,TECHNOLOGY,TECHNOLOGY_STAR50,DOMAIN_COMPONENT,STAR50,000688,1619.29,1621.99,1549.74,1552.89,-5.08,1233498600.0,1245.11,50.0,73.72,csindex:index_perf,000688,OFFICIAL_HISTORICAL_VALUATION_AVAILABLE,True,2026-08-03,OFFICIAL_DAILY_OBSERVATION_DATE_NO_INTRADAY_TIMESTAMP_CLAIM
2026-08-04,TECHNOLOGY,TECHNOLOGY_STAR50,DOMAIN_COMPONENT,STAR50,000688,1569.62,1631.01,1556.11,1616.36,4.09,1134434300.0,1264.88,50.0,76.6,csindex:index_perf,000688,OFFICIAL_HISTORICAL_VALUATION_AVAILABLE,True,2026-08-04,OFFICIAL_DAILY_OBSERVATION_DATE_NO_INTRADAY_TIMESTAMP_CLAIM
2026-08-05,TECHNOLOGY,TECHNOLOGY_STAR50,DOMAIN_COMPONENT,STAR50,000688,1615.26,1715.28,1615.26,1693.67,4.78,1295646900.0,1543.09,50.0,80.4,csindex:index_perf,000688,OFFICIAL_HISTORICAL_VALUATION_AVAILABLE,True,2026-08-05,OFFICIAL_DAILY_OBSERVATION_DATE_NO_INTRADAY_TIMESTAMP_CLAIM
2026-08-06,TECHNOLOGY,TECHNOLOGY_STAR50,DOMAIN_COMPONENT,STAR50,000688,1651.11,1727.73,1651.11,1701.29,0.45,1201717800.0,1237.81,50.0,80.71,csindex:index_perf,000688,OFFICIAL_HISTORICAL_VALUATION_AVAILABLE,True,2026-08-06,OFFICIAL_DAILY_OBSERVATION_DATE_NO_INTRADAY_TIMESTAMP_CLAIM
2026-08-07,TECHNOLOGY,TECHNOLOGY_STAR50,DOMAIN_COMPONENT,STAR50,000688,1697.37,1747.74,1686.66,1744.02,2.51,1214141800.0,1362.69,50.0,82.63,csindex:index_perf,000688,OFFICIAL_HISTORICAL_VALUATION_AVAILABLE,True,2026-08-07,OFFICIAL_DAILY_OBSERVATION_DATE_NO_INTRADAY_TIMESTAMP_CLAIM
2026-08-10,TECHNOLOGY,TECHNOLOGY_STAR50,DOMAIN_COMPONENT,STAR50,000688,1740.14,1752.93,1704.08,1737.77,-0.36,1081717400.0,1284.71,50.0,82.26,csindex:index_perf,000688,OFFICIAL_HISTORICAL_VALUATION_AVAILABLE,True,2026-08-10,OFFICIAL_DAILY_OBSERVATION_DATE_NO_INTRADAY_TIMESTAMP_CLAIM
2026-08-11,TECHNOLOGY,TECHNOLOGY_STAR50,DOMAIN_COMPONENT,STAR50,000688,1713.26,1753.14,1699.92,1709.5,-1.63,1183017500.0,1104.06,50.0,80.69,csindex:index_perf,000688,OFFICIAL_HISTORICAL_VALUATION_AVAILABLE,True,2026-08-11,OFFICIAL_DAILY_OBSERVATION_DATE_NO_INTRADAY_TIMESTAMP_CLAIM
2026-08-12,TECHNOLOGY,TECHNOLOGY_STAR50,DOMAIN_COMPONENT,STAR50,000688,1720.36,1747.94,1709.16,1736.99,1.61,974254400.0,1032.81,50.0,81.89,csindex:index_perf,000688,OFFICIAL_HISTORICAL_VALUATION_AVAILABLE,True,2026-08-12,OFFICIAL_DAILY_OBSERVATION_DATE_NO_INTRADAY_TIMESTAMP_CLAIM
2026-08-13,TECHNOLOGY,TECHNOLOGY_STAR50,DOMAIN_COMPONENT,STAR50,000688,1763.46,1782.78,1715.34,1717.75,-1.11,1057752500.0,1256.77,50.0,81.01,csindex:index_perf,000688,OFFICIAL_HISTORICAL_VALUATION_AVAILABLE,True,2026-08-13,OFFICIAL_DAILY_OBSERVATION_DATE_NO_INTRADAY_TIMESTAMP_CLAIM
2026-08-14,TECHNOLOGY,TECHNOLOGY_STAR50,DOMAIN_COMPONENT,STAR50,000688,1738.82,1741.35,1690.68,1717.68,0.0,868513900.0,988.91,50.0,80.95,csindex:index_perf,000688,OFFICIAL_HISTORICAL_VALUATION_AVAILABLE,True,2026-08-14,OFFICIAL_DAILY_OBSERVATION_DATE_NO_INTRADAY_TIMESTAMP_CLAIM
2026-08-17,TECHNOLOGY,TECHNOLOGY_STAR50,DOMAIN_COMPONENT,STAR50,000688,1721.55,1788.85,1718.61,1788.85,4.14,1084756500.0,1271.96,50.0,84.14,csindex:index_perf,000688,OFFICIAL_HISTORICAL_VALUATION_AVAILABLE,True,2026-08-17,OFFICIAL_DAILY_OBSERVATION_DATE_NO_INTRADAY_TIMESTAMP_CLAIM
2026-08-18,TECHNOLOGY,TECHNOLOGY_STAR50,DOMAIN_COMPONENT,STAR50,000688,1786.37,1798.78,1753.97,1790.87,0.11,1117992100.0,1225.26,50.0,84.35,csindex:index_perf,000688,OFFICIAL_HISTORICAL_VALUATION_AVAILABLE,True,2026-08-18,OFFICIAL_DAILY_OBSERVATION_DATE_NO_INTRADAY_TIMESTAMP_CLAIM
2026-08-19,TECHNOLOGY,TECHNOLOGY_STAR50,DOMAIN_COMPONENT,STAR50,000688,1738.91,1748.52,1653.67,1667.52,-6.89,1222798500.0,1324.59,50.0,78.51,csindex:index_perf,000688,OFFICIAL_HISTORICAL_VALUATION_AVAILABLE,True,2026-08-19,OFFICIAL_DAILY_OBSERVATION_DATE_NO_INTRADAY_TIMESTAMP_CLAIM
2026-08-20,TECHNOLOGY,TECHNOLOGY_STAR50,DOMAIN_COMPONENT,STAR50,000688,1685.48,1694.36,1638.29,1652.97,-0.87,914402500.0,997.86,50.0,77.5,csindex:index_perf,000688,OFFICIAL_HISTORICAL_VALUATION_AVAILABLE,True,2026-08-20,OFFICIAL_DAILY_OBSERVATION_DATE_NO_INTRADAY_TIMESTAMP_CLAIM
2026-08-21,TECHNOLOGY,TECHNOLOGY_STAR50,DOMAIN_COMPONENT,STAR50,000688,1649.28,1675.82,1640.62,1653.56,0.04,697536500.0,775.73,50.0,77.72,csindex:index_perf,000688,OFFICIAL_HISTORICAL_VALUATION_AVAILABLE,True,2026-08-21,OFFICIAL_DAILY_OBSERVATION_DATE_NO_INTRADAY_TIMESTAMP_CLAIM
2026-08-24,TECHNOLOGY,TECHNOLOGY_STAR50,DOMAIN_COMPONENT,STAR50,000688,1651.88,1651.96,1575.28,1602.34,-3.1,860190900.0,938.33,50.0,75.13,csindex:index_perf,000688,OFFICIAL_HISTORICAL_VALUATION_AVAILABLE,True,2026-08-24,OFFICIAL_DAILY_OBSERVATION_DATE_NO_INTRADAY_TIMESTAMP_CLAIM
2026-08-25,TECHNOLOGY,TECHNOLOGY_STAR50,DOMAIN_COMPONENT,STAR50,000688,1584.52,1622.2,1564.77,1604.59,0.14,717135100.0,752.93,50.0,75.46,csindex:index_perf,000688,OFFICIAL_HISTORICAL_VALUATION_AVAILABLE,True,2026-08-25,OFFICIAL_DAILY_OBSERVATION_DATE_NO_INTRADAY_TIMESTAMP_CLAIM
2026-08-26,TECHNOLOGY,TECHNOLOGY_STAR50,DOMAIN_COMPONENT,STAR50,000688,1605.74,1644.72,1598.44,1632.02,1.71,743031500.0,793.57,50.0,76.4,csindex:index_perf,000688,OFFICIAL_HISTORICAL_VALUATION_AVAILABLE,True,2026-08-26,OFFICIAL_DAILY_OBSERVATION_DATE_NO_INTRADAY_TIMESTAMP_CLAIM
2026-08-27,TECHNOLOGY,TECHNOLOGY_STAR50,DOMAIN_COMPONENT,STAR50,000688,1646.84,1697.03,1637.33,1693.48,3.77,1010735900.0,1017.83,50.0,79.33,csindex:index_perf,000688,OFFICIAL_HISTORICAL_VALUATION_AVAILABLE,True,2026-08-27,OFFICIAL_DAILY_OBSERVATION_DATE_NO_INTRADAY_TIMESTAMP_CLAIM
2026-08-28,TECHNOLOGY,TECHNOLOGY_STAR50,DOMAIN_COMPONENT,STAR50,000688,1684.72,1711.99,1661.48,1662.15,-1.85,800500900.0,851.45,50.0,78.19,csindex:index_perf,000688,OFFICIAL_HISTORICAL_VALUATION_AVAILABLE,True,2026-08-28,OFFICIAL_DAILY_OBSERVATION_DATE_NO_INTRADAY_TIMESTAMP_CLAIM
2026-08-31,TECHNOLOGY,TECHNOLOGY_STAR50,DOMAIN_COMPONENT,STAR50,000688,1623.2,1684.39,1620.36,1684.39,1.34,969677500.0,907.63,50.0,79.44,csindex:index_perf,000688,OFFICIAL_HISTORICAL_VALUATION_AVAILABLE,True,2026-08-31,OFFICIAL_DAILY_OBSERVATION_DATE_NO_INTRADAY_TIMESTAMP_CLAIM
2026-09-01,TECHNOLOGY,TECHNOLOGY_STAR50,DOMAIN_COMPONENT,STAR50,000688,1679.89,1684.02,1646.64,1647.53,-2.19,753350200.0,710.82,50.0,73.95,csindex:index_perf,000688,OFFICIAL_HISTORICAL_VALUATION_AVAILABLE,True,2026-09-01,OFFICIAL_DAILY_OBSERVATION_DATE_NO_INTRADAY_TIMESTAMP_CLAIM
2026-09-02,TECHNOLOGY,TECHNOLOGY_STAR50,DOMAIN_COMPONENT,STAR50,000688,1623.53,1635.76,1607.19,1617.6,-1.82,708155700.0,643.42,50.0,72.82,csindex:index_perf,000688,OFFICIAL_HISTORICAL_VALUATION_AVAILABLE,True,2026-09-02,OFFICIAL_DAILY_OBSERVATION_DATE_NO_INTRADAY_TIMESTAMP_CLAIM
2026-09-03,TECHNOLOGY,TECHNOLOGY_STAR50,DOMAIN_COMPONENT,STAR50,000688,1634.52,1636.32,1596.62,1611.17,-0.4,604415200.0,566.35,50.0,72.66,csindex:index_perf,000688,OFFICIAL_HISTORICAL_VALUATION_AVAILABLE,True,2026-09-03,OFFICIAL_DAILY_OBSERVATION_DATE_NO_INTRADAY_TIMESTAMP_CLAIM
2026-09-04,TECHNOLOGY,TECHNOLOGY_STAR50,DOMAIN_COMPONENT,STAR50,000688,1627.95,1637.1,1566.87,1577.36,-2.1,753925100.0,741.9,50.0,71.28,csindex:index_perf,000688,OFFICIAL_HISTORICAL_VALUATION_AVAILABLE,True,2026-09-04,OFFICIAL_DAILY_OBSERVATION_DATE_NO_INTRADAY_TIMESTAMP_CLAIM
2026-09-07,TECHNOLOGY,TECHNOLOGY_STAR50,DOMAIN_COMPONENT,STAR50,000688,1596.58,1626.76,1579.02,1615.53,2.42,794538400.0,883.32,50.0,72.48,csindex:index_perf,000688,OFFICIAL_HISTORICAL_VALUATION_AVAILABLE,True,2026-09-07,OFFICIAL_DAILY_OBSERVATION_DATE_NO_INTRADAY_TIMESTAMP_CLAIM
2026-09-08,TECHNOLOGY,TECHNOLOGY_STAR50,DOMAIN_COMPONENT,STAR50,000688,1614.19,1624.69,1585.12,1591.0,-1.52,675919200.0,787.14,50.0,71.11,csindex:index_perf,000688,OFFICIAL_HISTORICAL_VALUATION_AVAILABLE,True,2026-09-08,OFFICIAL_DAILY_OBSERVATION_DATE_NO_INTRADAY_TIMESTAMP_CLAIM
2026-09-09,TECHNOLOGY,TECHNOLOGY_STAR50,DOMAIN_COMPONENT,STAR50,000688,1608.2,1609.7,1573.03,1580.06,-0.69,580633600.0,592.2,50.0,70.53,csindex:index_perf,000688,OFFICIAL_HISTORICAL_VALUATION_AVAILABLE,True,2026-09-09,OFFICIAL_DAILY_OBSERVATION_DATE_NO_INTRADAY_TIMESTAMP_CLAIM
2026-09-10,TECHNOLOGY,TECHNOLOGY_STAR50,DOMAIN_COMPONENT,STAR50,000688,1569.46,1588.0,1562.34,1569.22,-0.69,579964600.0,536.68,50.0,69.82,csindex:index_perf,000688,OFFICIAL_HISTORICAL_VALUATION_AVAILABLE,True,2026-09-10,OFFICIAL_DAILY_OBSERVATION_DATE_NO_INTRADAY_TIMESTAMP_CLAIM
2026-09-11,TECHNOLOGY,TECHNOLOGY_STAR50,DOMAIN_COMPONENT,STAR50,000688,1548.7,1556.68,1516.2,1553.39,-1.01,997399100.0,778.8,50.0,69.23,csindex:index_perf,000688,OFFICIAL_HISTORICAL_VALUATION_AVAILABLE,True,2026-09-11,OFFICIAL_DAILY_OBSERVATION_DATE_NO_INTRADAY_TIMESTAMP_CLAIM
2026-09-14,TECHNOLOGY,TECHNOLOGY_STAR50,DOMAIN_COMPONENT,STAR50,000688,1526.8,1542.25,1516.52,1528.27,-1.62,574318100.0,610.08,50.0,71.21,csindex:index_perf,000688,OFFICIAL_HISTORICAL_VALUATION_AVAILABLE,True,2026-09-14,OFFICIAL_DAILY_OBSERVATION_DATE_NO_INTRADAY_TIMESTAMP_CLAIM
2026-09-15,TECHNOLOGY,TECHNOLOGY_STAR50,DOMAIN_COMPONENT,STAR50,000688,1524.27,1578.43,1524.27,1551.96,1.55,602041300.0,725.0,50.0,73.03,csindex:index_perf,000688,OFFICIAL_HISTORICAL_VALUATION_AVAILABLE,True,2026-09-15,OFFICIAL_DAILY_OBSERVATION_DATE_NO_INTRADAY_TIMESTAMP_CLAIM
2026-09-16,TECHNOLOGY,TECHNOLOGY_STAR50,DOMAIN_COMPONENT,STAR50,000688,1558.38,1622.35,1552.24,1616.19,4.14,818491100.0,954.62,50.0,75.89,csindex:index_perf,000688,OFFICIAL_HISTORICAL_VALUATION_AVAILABLE,True,2026-09-16,OFFICIAL_DAILY_OBSERVATION_DATE_NO_INTRADAY_TIMESTAMP_CLAIM
2026-09-17,TECHNOLOGY,TECHNOLOGY_STAR50,DOMAIN_COMPONENT,STAR50,000688,1607.85,1631.02,1598.96,1606.29,-0.61,655579300.0,854.38,50.0,75.51,csindex:index_perf,000688,OFFICIAL_HISTORICAL_VALUATION_AVAILABLE,True,2026-09-17,OFFICIAL_DAILY_OBSERVATION_DATE_NO_INTRADAY_TIMESTAMP_CLAIM
2026-09-18,TECHNOLOGY,TECHNOLOGY_STAR50,DOMAIN_COMPONENT,STAR50,000688,1634.63,1671.01,1630.1,1652.63,2.89,956014900.0,1176.53,50.0,77.51,csindex:index_perf,000688,OFFICIAL_HISTORICAL_VALUATION_AVAILABLE,True,2026-09-18,OFFICIAL_DAILY_OBSERVATION_DATE_NO_INTRADAY_TIMESTAMP_CLAIM
2026-09-21,TECHNOLOGY,TECHNOLOGY_STAR50,DOMAIN_COMPONENT,STAR50,000688,1669.2,1678.59,1643.17,1657.48,0.29,760028500.0,892.51,50.0,77.7,csindex:index_perf,000688,OFFICIAL_HISTORICAL_VALUATION_AVAILABLE,True,2026-09-21,OFFICIAL_DAILY_OBSERVATION_DATE_NO_INTRADAY_TIMESTAMP_CLAIM
2026-09-22,TECHNOLOGY,TECHNOLOGY_STAR50,DOMAIN_COMPONENT,STAR50,000688,1699.05,1707.67,1657.22,1665.04,0.46,884774900.0,1134.96,50.0,78.15,csindex:index_perf,000688,OFFICIAL_HISTORICAL_VALUATION_AVAILABLE,True,2026-09-22,OFFICIAL_DAILY_OBSERVATION_DATE_NO_INTRADAY_TIMESTAMP_CLAIM
2026-09-23,TECHNOLOGY,TECHNOLOGY_STAR50,DOMAIN_COMPONENT,STAR50,000688,1671.77,1676.85,1656.98,1660.85,-0.25,615453800.0,751.75,50.0,77.68,csindex:index_perf,000688,OFFICIAL_HISTORICAL_VALUATION_AVAILABLE,True,2026-09-23,OFFICIAL_DAILY_OBSERVATION_DATE_NO_INTRADAY_TIMESTAMP_CLAIM
2026-09-24,TECHNOLOGY,TECHNOLOGY_STAR50,DOMAIN_COMPONENT,STAR50,000688,1652.69,1653.39,1621.87,1621.87,-2.35,614118100.0,699.88,50.0,75.95,csindex:index_perf,000688,OFFICIAL_HISTORICAL_VALUATION_AVAILABLE,True,2026-09-24,OFFICIAL_DAILY_OBSERVATION_DATE_NO_INTRADAY_TIMESTAMP_CLAIM
2026-09-28,TECHNOLOGY,TECHNOLOGY_STAR50,DOMAIN_COMPONENT,STAR50,000688,1610.92,1610.92,1548.95,1555.98,-4.06,740657700.0,805.86,50.0,72.63,csindex:index_perf,000688,OFFICIAL_HISTORICAL_VALUATION_AVAILABLE,True,2026-09-28,OFFICIAL_DAILY_OBSERVATION_DATE_NO_INTRADAY_TIMESTAMP_CLAIM
2026-09-29,TECHNOLOGY,TECHNOLOGY_STAR50,DOMAIN_COMPONENT,STAR50,000688,1558.66,1576.55,1548.74,1569.34,0.86,751695100.0,645.3,50.0,73.25,csindex:index_perf,000688,OFFICIAL_HISTORICAL_VALUATION_AVAILABLE,True,2026-09-29,OFFICIAL_DAILY_OBSERVATION_DATE_NO_INTRADAY_TIMESTAMP_CLAIM
